circuit,seed,normalization,model,microsteps,length,condition,epoch,teacher_mse
flywire_783_mb_left_kc512_s701,442,spectral,fly,1,50,supervised,1,0.01714131512960743
flywire_783_mb_left_kc512_s701,442,spectral,fly,1,50,supervised,2,0.016646984884221373
flywire_783_mb_left_kc512_s701,442,spectral,fly,1,50,supervised,3,0.016340938988938295
flywire_783_mb_left_kc512_s701,442,spectral,fly,1,50,supervised,4,0.016162895259308217
flywire_783_mb_left_kc512_s701,442,spectral,fly,1,50,supervised,5,0.01604850649535704
flywire_783_mb_left_kc512_s701,442,spectral,fly,1,50,supervised,6,0.01597180669612227
flywire_783_mb_left_kc512_s701,442,spectral,fly,1,50,supervised,7,0.015916692796139206
flywire_783_mb_left_kc512_s701,442,spectral,fly,1,50,supervised,8,0.01587570914353749
flywire_783_mb_left_kc512_s701,442,spectral,fly,1,50,supervised,9,0.015845069868570396
flywire_783_mb_left_kc512_s701,442,spectral,fly,1,50,supervised,10,0.015821459526214776
flywire_783_mb_left_kc512_s701,442,spectral,fly,1,50,supervised,11,0.01580299928471951
flywire_783_mb_left_kc512_s701,442,spectral,fly,1,50,supervised,12,0.015788113092542595
flywire_783_mb_left_kc512_s701,442,spectral,fly,1,50,supervised,13,0.015776159311111627
flywire_783_mb_left_kc512_s701,442,spectral,fly,1,50,supervised,14,0.015766422588267187
flywire_783_mb_left_kc512_s701,442,spectral,fly,1,50,supervised,15,0.01575791398175671
flywire_783_mb_left_kc512_s701,442,spectral,fly,1,50,supervised,16,0.01575057796491185
flywire_783_mb_left_kc512_s701,442,spectral,fly,1,50,supervised,17,0.015744144091286605
flywire_783_mb_left_kc512_s701,442,spectral,fly,1,50,supervised,18,0.01573858259178502
flywire_783_mb_left_kc512_s701,442,spectral,fly,1,50,supervised,19,0.015733726894637173
flywire_783_mb_left_kc512_s701,442,spectral,fly,1,50,supervised,20,0.015729536612198426
flywire_783_mb_left_kc512_s701,442,spectral,fly,1,50,supervised,21,0.015725818198034827
flywire_783_mb_left_kc512_s701,442,spectral,fly,1,50,supervised,22,0.015722633480466104
flywire_783_mb_left_kc512_s701,442,spectral,fly,1,50,supervised,23,0.01571983879977992
flywire_783_mb_left_kc512_s701,442,spectral,fly,1,50,supervised,24,0.015717319679089268
flywire_783_mb_left_kc512_s701,442,spectral,fly,1,50,supervised,25,0.015715086504252865
flywire_783_mb_left_kc512_s701,442,spectral,fly,1,50,supervised,26,0.015713091052012355
flywire_783_mb_left_kc512_s701,442,spectral,fly,1,50,supervised,27,0.015711310787181063
flywire_783_mb_left_kc512_s701,442,spectral,fly,1,50,supervised,28,0.01570974916394003
flywire_783_mb_left_kc512_s701,442,spectral,fly,1,50,supervised,29,0.01570833095701723
flywire_783_mb_left_kc512_s701,442,spectral,fly,1,50,supervised,30,0.015706954899859276
flywire_783_mb_left_kc512_s701,442,spectral,fly,1,50,permuted_teacher,1,0.01717144638731522
flywire_783_mb_left_kc512_s701,442,spectral,fly,1,50,permuted_teacher,2,0.016687647735386023
flywire_783_mb_left_kc512_s701,442,spectral,fly,1,50,permuted_teacher,3,0.01638916886636554
flywire_783_mb_left_kc512_s701,442,spectral,fly,1,50,permuted_teacher,4,0.01621745962096162
flywire_783_mb_left_kc512_s701,442,spectral,fly,1,50,permuted_teacher,5,0.01610980375820523
flywire_783_mb_left_kc512_s701,442,spectral,fly,1,50,permuted_teacher,6,0.01603803741762735
flywire_783_mb_left_kc512_s701,442,spectral,fly,1,50,permuted_teacher,7,0.015987377420811005
flywire_783_mb_left_kc512_s701,442,spectral,fly,1,50,permuted_teacher,8,0.015950185952887174
flywire_783_mb_left_kc512_s701,442,spectral,fly,1,50,permuted_teacher,9,0.015921986345433313
flywire_783_mb_left_kc512_s701,442,spectral,fly,1,50,permuted_teacher,10,0.015899916051468385
flywire_783_mb_left_kc512_s701,442,spectral,fly,1,50,permuted_teacher,11,0.01588236001964269
flywire_783_mb_left_kc512_s701,442,spectral,fly,1,50,permuted_teacher,12,0.015868352799496967
flywire_783_mb_left_kc512_s701,442,spectral,fly,1,50,permuted_teacher,13,0.015856555485100378
flywire_783_mb_left_kc512_s701,442,spectral,fly,1,50,permuted_teacher,14,0.015846734939240274
flywire_783_mb_left_kc512_s701,442,spectral,fly,1,50,permuted_teacher,15,0.01583851084957201
flywire_783_mb_left_kc512_s701,442,spectral,fly,1,50,permuted_teacher,16,0.01583151078141649
flywire_783_mb_left_kc512_s701,442,spectral,fly,1,50,permuted_teacher,17,0.015825365709029676
flywire_783_mb_left_kc512_s701,442,spectral,fly,1,50,permuted_teacher,18,0.015819975861738392
flywire_783_mb_left_kc512_s701,442,spectral,fly,1,50,permuted_teacher,19,0.015815249018683683
flywire_783_mb_left_kc512_s701,442,spectral,fly,1,50,permuted_teacher,20,0.015811001622087064
flywire_783_mb_left_kc512_s701,442,spectral,fly,1,50,permuted_teacher,21,0.015807249267810738
flywire_783_mb_left_kc512_s701,442,spectral,fly,1,50,permuted_teacher,22,0.015803884186090106
flywire_783_mb_left_kc512_s701,442,spectral,fly,1,50,permuted_teacher,23,0.015800834643716285
flywire_783_mb_left_kc512_s701,442,spectral,fly,1,50,permuted_teacher,24,0.015798150871421605
flywire_783_mb_left_kc512_s701,442,spectral,fly,1,50,permuted_teacher,25,0.01579562688165055
flywire_783_mb_left_kc512_s701,442,spectral,fly,1,50,permuted_teacher,26,0.01579331697868854
flywire_783_mb_left_kc512_s701,442,spectral,fly,1,50,permuted_teacher,27,0.015791285499007587
flywire_783_mb_left_kc512_s701,442,spectral,fly,1,50,permuted_teacher,28,0.015789439077569804
flywire_783_mb_left_kc512_s701,442,spectral,fly,1,50,permuted_teacher,29,0.01578782745579588
flywire_783_mb_left_kc512_s701,442,spectral,fly,1,50,permuted_teacher,30,0.015786320955536625
flywire_783_mb_left_kc512_s701,442,spectral,fly,1,200,supervised,1,0.01678751587226719
flywire_783_mb_left_kc512_s701,442,spectral,fly,1,200,supervised,2,0.016235389107488066
flywire_783_mb_left_kc512_s701,442,spectral,fly,1,200,supervised,3,0.016122495863591213
flywire_783_mb_left_kc512_s701,442,spectral,fly,1,200,supervised,4,0.01608586312038553
flywire_783_mb_left_kc512_s701,442,spectral,fly,1,200,supervised,5,0.01607017662639413
flywire_783_mb_left_kc512_s701,442,spectral,fly,1,200,supervised,6,0.016061655715159315
flywire_783_mb_left_kc512_s701,442,spectral,fly,1,200,supervised,7,0.0160560671724592
flywire_783_mb_left_kc512_s701,442,spectral,fly,1,200,supervised,8,0.01605214236742882
flywire_783_mb_left_kc512_s701,442,spectral,fly,1,200,supervised,9,0.01604929990008745
flywire_783_mb_left_kc512_s701,442,spectral,fly,1,200,supervised,10,0.016047085060507747
flywire_783_mb_left_kc512_s701,442,spectral,fly,1,200,supervised,11,0.016045524203816827
flywire_783_mb_left_kc512_s701,442,spectral,fly,1,200,supervised,12,0.016044245199056662
flywire_783_mb_left_kc512_s701,442,spectral,fly,1,200,supervised,13,0.01604327867437475
flywire_783_mb_left_kc512_s701,442,spectral,fly,1,200,supervised,14,0.016042532438855804
flywire_783_mb_left_kc512_s701,442,spectral,fly,1,200,supervised,15,0.016041957475616844
flywire_783_mb_left_kc512_s701,442,spectral,fly,1,200,supervised,16,0.016041493027090143
flywire_783_mb_left_kc512_s701,442,spectral,fly,1,200,supervised,17,0.0160411239237511
flywire_783_mb_left_kc512_s701,442,spectral,fly,1,200,supervised,18,0.01604082599890421
flywire_783_mb_left_kc512_s701,442,spectral,fly,1,200,supervised,19,0.01604056168441176
flywire_783_mb_left_kc512_s701,442,spectral,fly,1,200,supervised,20,0.016040326789350766
flywire_783_mb_left_kc512_s701,442,spectral,fly,1,200,supervised,21,0.016040116762673678
flywire_783_mb_left_kc512_s701,442,spectral,fly,1,200,supervised,22,0.01603991964523291
flywire_783_mb_left_kc512_s701,442,spectral,fly,1,200,supervised,23,0.016039737656853598
flywire_783_mb_left_kc512_s701,442,spectral,fly,1,200,supervised,24,0.016039570570858766
flywire_783_mb_left_kc512_s701,442,spectral,fly,1,200,supervised,25,0.016039420090324837
flywire_783_mb_left_kc512_s701,442,spectral,fly,1,200,supervised,26,0.016039282473891667
flywire_783_mb_left_kc512_s701,442,spectral,fly,1,200,supervised,27,0.016039154546080306
flywire_783_mb_left_kc512_s701,442,spectral,fly,1,200,supervised,28,0.016039035116271184
flywire_783_mb_left_kc512_s701,442,spectral,fly,1,200,supervised,29,0.016038955082118507
flywire_783_mb_left_kc512_s701,442,spectral,fly,1,200,supervised,30,0.016038892067057463
flywire_783_mb_left_kc512_s701,442,spectral,fly,1,200,permuted_teacher,1,0.016789432136169034
flywire_783_mb_left_kc512_s701,442,spectral,fly,1,200,permuted_teacher,2,0.016232223751494888
flywire_783_mb_left_kc512_s701,442,spectral,fly,1,200,permuted_teacher,3,0.016120053324822827
flywire_783_mb_left_kc512_s701,442,spectral,fly,1,200,permuted_teacher,4,0.016082410658677656
flywire_783_mb_left_kc512_s701,442,spectral,fly,1,200,permuted_teacher,5,0.016066433035034806
flywire_783_mb_left_kc512_s701,442,spectral,fly,1,200,permuted_teacher,6,0.01605773996948618
flywire_783_mb_left_kc512_s701,442,spectral,fly,1,200,permuted_teacher,7,0.016052133236231766
flywire_783_mb_left_kc512_s701,442,spectral,fly,1,200,permuted_teacher,8,0.01604851864022226
flywire_783_mb_left_kc512_s701,442,spectral,fly,1,200,permuted_teacher,9,0.016046045620338734
flywire_783_mb_left_kc512_s701,442,spectral,fly,1,200,permuted_teacher,10,0.01604407392299189
flywire_783_mb_left_kc512_s701,442,spectral,fly,1,200,permuted_teacher,11,0.016042610567979416
flywire_783_mb_left_kc512_s701,442,spectral,fly,1,200,permuted_teacher,12,0.016041529487905194
flywire_783_mb_left_kc512_s701,442,spectral,fly,1,200,permuted_teacher,13,0.016040814201595782
flywire_783_mb_left_kc512_s701,442,spectral,fly,1,200,permuted_teacher,14,0.016040304840305504
flywire_783_mb_left_kc512_s701,442,spectral,fly,1,200,permuted_teacher,15,0.01603990970556121
flywire_783_mb_left_kc512_s701,442,spectral,fly,1,200,permuted_teacher,16,0.01603961314360392
flywire_783_mb_left_kc512_s701,442,spectral,fly,1,200,permuted_teacher,17,0.016039386050009846
flywire_783_mb_left_kc512_s701,442,spectral,fly,1,200,permuted_teacher,18,0.016039226175694875
flywire_783_mb_left_kc512_s701,442,spectral,fly,1,200,permuted_teacher,19,0.01603909200090204
flywire_783_mb_left_kc512_s701,442,spectral,fly,1,200,permuted_teacher,20,0.01603900049669617
flywire_783_mb_left_kc512_s701,442,spectral,fly,1,200,permuted_teacher,21,0.01603892229085266
flywire_783_mb_left_kc512_s701,442,spectral,fly,1,200,permuted_teacher,22,0.016038860140022
flywire_783_mb_left_kc512_s701,442,spectral,fly,1,200,permuted_teacher,23,0.016038810698901777
flywire_783_mb_left_kc512_s701,442,spectral,fly,1,200,permuted_teacher,24,0.016038774430914796
flywire_783_mb_left_kc512_s701,442,spectral,fly,1,200,permuted_teacher,25,0.016038736559845498
flywire_783_mb_left_kc512_s701,442,spectral,fly,1,200,permuted_teacher,26,0.016038704719029254
flywire_783_mb_left_kc512_s701,442,spectral,fly,1,200,permuted_teacher,27,0.016038666440388816
flywire_783_mb_left_kc512_s701,442,spectral,fly,1,200,permuted_teacher,28,0.016038629073447896
flywire_783_mb_left_kc512_s701,442,spectral,fly,1,200,permuted_teacher,29,0.016038589798673723
flywire_783_mb_left_kc512_s701,442,spectral,fly,1,200,permuted_teacher,30,0.016038559352992626
flywire_783_mb_left_kc512_s701,442,spectral,fly,2,50,supervised,1,0.017185760571870535
flywire_783_mb_left_kc512_s701,442,spectral,fly,2,50,supervised,2,0.016672230634952982
flywire_783_mb_left_kc512_s701,442,spectral,fly,2,50,supervised,3,0.016356762159170986
flywire_783_mb_left_kc512_s701,442,spectral,fly,2,50,supervised,4,0.016174602018743378
flywire_783_mb_left_kc512_s701,442,spectral,fly,2,50,supervised,5,0.016057942702361813
flywire_783_mb_left_kc512_s701,442,spectral,fly,2,50,supervised,6,0.01597918385777916
flywire_783_mb_left_kc512_s701,442,spectral,fly,2,50,supervised,7,0.015922466986226184
flywire_783_mb_left_kc512_s701,442,spectral,fly,2,50,supervised,8,0.015880410163009374
flywire_783_mb_left_kc512_s701,442,spectral,fly,2,50,supervised,9,0.01584837791812042
flywire_783_mb_left_kc512_s701,442,spectral,fly,2,50,supervised,10,0.015822781036174863
flywire_783_mb_left_kc512_s701,442,spectral,fly,2,50,supervised,11,0.01580211489511236
flywire_783_mb_left_kc512_s701,442,spectral,fly,2,50,supervised,12,0.015785300081281744
flywire_783_mb_left_kc512_s701,442,spectral,fly,2,50,supervised,13,0.015771507872653
flywire_783_mb_left_kc512_s701,442,spectral,fly,2,50,supervised,14,0.015760091691620126
flywire_783_mb_left_kc512_s701,442,spectral,fly,2,50,supervised,15,0.01575068354106358
flywire_783_mb_left_kc512_s701,442,spectral,fly,2,50,supervised,16,0.015742765549295046
flywire_783_mb_left_kc512_s701,442,spectral,fly,2,50,supervised,17,0.01573586443574692
flywire_783_mb_left_kc512_s701,442,spectral,fly,2,50,supervised,18,0.015729757709091487
flywire_783_mb_left_kc512_s701,442,spectral,fly,2,50,supervised,19,0.01572445618335713
flywire_783_mb_left_kc512_s701,442,spectral,fly,2,50,supervised,20,0.015719561711471177
flywire_783_mb_left_kc512_s701,442,spectral,fly,2,50,supervised,21,0.01571527701369843
flywire_783_mb_left_kc512_s701,442,spectral,fly,2,50,supervised,22,0.015711674976516772
flywire_783_mb_left_kc512_s701,442,spectral,fly,2,50,supervised,23,0.01570853710888393
flywire_783_mb_left_kc512_s701,442,spectral,fly,2,50,supervised,24,0.015705788565458307
flywire_783_mb_left_kc512_s701,442,spectral,fly,2,50,supervised,25,0.01570330325510371
flywire_783_mb_left_kc512_s701,442,spectral,fly,2,50,supervised,26,0.015701064720944635
flywire_783_mb_left_kc512_s701,442,spectral,fly,2,50,supervised,27,0.015699079236986446
flywire_783_mb_left_kc512_s701,442,spectral,fly,2,50,supervised,28,0.015697291432181862
flywire_783_mb_left_kc512_s701,442,spectral,fly,2,50,supervised,29,0.015695645695970952
flywire_783_mb_left_kc512_s701,442,spectral,fly,2,50,supervised,30,0.015694141993814373
flywire_783_mb_left_kc512_s701,442,spectral,fly,2,50,permuted_teacher,1,0.017238330514832863
flywire_783_mb_left_kc512_s701,442,spectral,fly,2,50,permuted_teacher,2,0.016737528546676
flywire_783_mb_left_kc512_s701,442,spectral,fly,2,50,permuted_teacher,3,0.016428116714724467
flywire_783_mb_left_kc512_s701,442,spectral,fly,2,50,permuted_teacher,4,0.016248977750738754
flywire_783_mb_left_kc512_s701,442,spectral,fly,2,50,permuted_teacher,5,0.016135310105456165
flywire_783_mb_left_kc512_s701,442,spectral,fly,2,50,permuted_teacher,6,0.016058466383897376
flywire_783_mb_left_kc512_s701,442,spectral,fly,2,50,permuted_teacher,7,0.016003280447151186
flywire_783_mb_left_kc512_s701,442,spectral,fly,2,50,permuted_teacher,8,0.0159622763721992
flywire_783_mb_left_kc512_s701,442,spectral,fly,2,50,permuted_teacher,9,0.015931075519642957
flywire_783_mb_left_kc512_s701,442,spectral,fly,2,50,permuted_teacher,10,0.01590684754529582
flywire_783_mb_left_kc512_s701,442,spectral,fly,2,50,permuted_teacher,11,0.015887600335400594
flywire_783_mb_left_kc512_s701,442,spectral,fly,2,50,permuted_teacher,12,0.015871885386546943
flywire_783_mb_left_kc512_s701,442,spectral,fly,2,50,permuted_teacher,13,0.01585879557718802
flywire_783_mb_left_kc512_s701,442,spectral,fly,2,50,permuted_teacher,14,0.015848038832178783
flywire_783_mb_left_kc512_s701,442,spectral,fly,2,50,permuted_teacher,15,0.015838981589906674
flywire_783_mb_left_kc512_s701,442,spectral,fly,2,50,permuted_teacher,16,0.015831458318000906
flywire_783_mb_left_kc512_s701,442,spectral,fly,2,50,permuted_teacher,17,0.015824935777775127
flywire_783_mb_left_kc512_s701,442,spectral,fly,2,50,permuted_teacher,18,0.015819417153271533
flywire_783_mb_left_kc512_s701,442,spectral,fly,2,50,permuted_teacher,19,0.01581470916670437
flywire_783_mb_left_kc512_s701,442,spectral,fly,2,50,permuted_teacher,20,0.01581042204930089
flywire_783_mb_left_kc512_s701,442,spectral,fly,2,50,permuted_teacher,21,0.01580648300366879
flywire_783_mb_left_kc512_s701,442,spectral,fly,2,50,permuted_teacher,22,0.01580292084064976
flywire_783_mb_left_kc512_s701,442,spectral,fly,2,50,permuted_teacher,23,0.01579970637673068
flywire_783_mb_left_kc512_s701,442,spectral,fly,2,50,permuted_teacher,24,0.015796775990779822
flywire_783_mb_left_kc512_s701,442,spectral,fly,2,50,permuted_teacher,25,0.01579416620116994
flywire_783_mb_left_kc512_s701,442,spectral,fly,2,50,permuted_teacher,26,0.015791885729607092
flywire_783_mb_left_kc512_s701,442,spectral,fly,2,50,permuted_teacher,27,0.01578982534942127
flywire_783_mb_left_kc512_s701,442,spectral,fly,2,50,permuted_teacher,28,0.015787981405193406
flywire_783_mb_left_kc512_s701,442,spectral,fly,2,50,permuted_teacher,29,0.015786292147782263
flywire_783_mb_left_kc512_s701,442,spectral,fly,2,50,permuted_teacher,30,0.015784710351377653
flywire_783_mb_left_kc512_s701,442,spectral,fly,2,200,supervised,1,0.01679949912598567
flywire_783_mb_left_kc512_s701,442,spectral,fly,2,200,supervised,2,0.016228500076054482
flywire_783_mb_left_kc512_s701,442,spectral,fly,2,200,supervised,3,0.016106146761544992
flywire_783_mb_left_kc512_s701,442,spectral,fly,2,200,supervised,4,0.016064034776480784
flywire_783_mb_left_kc512_s701,442,spectral,fly,2,200,supervised,5,0.016046120735337392
flywire_783_mb_left_kc512_s701,442,spectral,fly,2,200,supervised,6,0.016036423669206386
flywire_783_mb_left_kc512_s701,442,spectral,fly,2,200,supervised,7,0.01603005937476719
flywire_783_mb_left_kc512_s701,442,spectral,fly,2,200,supervised,8,0.01602631755812013
flywire_783_mb_left_kc512_s701,442,spectral,fly,2,200,supervised,9,0.016023859381527738
flywire_783_mb_left_kc512_s701,442,spectral,fly,2,200,supervised,10,0.01602204875466208
flywire_783_mb_left_kc512_s701,442,spectral,fly,2,200,supervised,11,0.01602088614470592
flywire_783_mb_left_kc512_s701,442,spectral,fly,2,200,supervised,12,0.016020170208336435
flywire_783_mb_left_kc512_s701,442,spectral,fly,2,200,supervised,13,0.016019755787453842
flywire_783_mb_left_kc512_s701,442,spectral,fly,2,200,supervised,14,0.016019470157183725
flywire_783_mb_left_kc512_s701,442,spectral,fly,2,200,supervised,15,0.016019246305645798
flywire_783_mb_left_kc512_s701,442,spectral,fly,2,200,supervised,16,0.01601910748422909
flywire_783_mb_left_kc512_s701,442,spectral,fly,2,200,supervised,17,0.016018977518465805
flywire_783_mb_left_kc512_s701,442,spectral,fly,2,200,supervised,18,0.01601885478421099
flywire_783_mb_left_kc512_s701,442,spectral,fly,2,200,supervised,19,0.016018731724938756
flywire_783_mb_left_kc512_s701,442,spectral,fly,2,200,supervised,20,0.016018608610329138
flywire_783_mb_left_kc512_s701,442,spectral,fly,2,200,supervised,21,0.01601848828282275
flywire_783_mb_left_kc512_s701,442,spectral,fly,2,200,supervised,22,0.016018365063541137
flywire_783_mb_left_kc512_s701,442,spectral,fly,2,200,supervised,23,0.016018259733029578
flywire_783_mb_left_kc512_s701,442,spectral,fly,2,200,supervised,24,0.016018174198383316
flywire_783_mb_left_kc512_s701,442,spectral,fly,2,200,supervised,25,0.016018095092157535
flywire_783_mb_left_kc512_s701,442,spectral,fly,2,200,supervised,26,0.016018020299516086
flywire_783_mb_left_kc512_s701,442,spectral,fly,2,200,supervised,27,0.016017948385409864
flywire_783_mb_left_kc512_s701,442,spectral,fly,2,200,supervised,28,0.016017879074040838
flywire_783_mb_left_kc512_s701,442,spectral,fly,2,200,supervised,29,0.016017814286982353
flywire_783_mb_left_kc512_s701,442,spectral,fly,2,200,supervised,30,0.016017763881143347
flywire_783_mb_left_kc512_s701,442,spectral,fly,2,200,permuted_teacher,1,0.016790954362560336
flywire_783_mb_left_kc512_s701,442,spectral,fly,2,200,permuted_teacher,2,0.01622122940074332
flywire_783_mb_left_kc512_s701,442,spectral,fly,2,200,permuted_teacher,3,0.01610342259135811
flywire_783_mb_left_kc512_s701,442,spectral,fly,2,200,permuted_teacher,4,0.0160636099729339
flywire_783_mb_left_kc512_s701,442,spectral,fly,2,200,permuted_teacher,5,0.0160466730344842
flywire_783_mb_left_kc512_s701,442,spectral,fly,2,200,permuted_teacher,6,0.01603763455394303
flywire_783_mb_left_kc512_s701,442,spectral,fly,2,200,permuted_teacher,7,0.016032025285437918
flywire_783_mb_left_kc512_s701,442,spectral,fly,2,200,permuted_teacher,8,0.01602822473405252
flywire_783_mb_left_kc512_s701,442,spectral,fly,2,200,permuted_teacher,9,0.016025572795544892
flywire_783_mb_left_kc512_s701,442,spectral,fly,2,200,permuted_teacher,10,0.016023401386831983
flywire_783_mb_left_kc512_s701,442,spectral,fly,2,200,permuted_teacher,11,0.01602159795810138
flywire_783_mb_left_kc512_s701,442,spectral,fly,2,200,permuted_teacher,12,0.01602008248749696
flywire_783_mb_left_kc512_s701,442,spectral,fly,2,200,permuted_teacher,13,0.01601891093901829
flywire_783_mb_left_kc512_s701,442,spectral,fly,2,200,permuted_teacher,14,0.01601800134141284
flywire_783_mb_left_kc512_s701,442,spectral,fly,2,200,permuted_teacher,15,0.016017298321183687
flywire_783_mb_left_kc512_s701,442,spectral,fly,2,200,permuted_teacher,16,0.01601674204088276
flywire_783_mb_left_kc512_s701,442,spectral,fly,2,200,permuted_teacher,17,0.016016272552857837
flywire_783_mb_left_kc512_s701,442,spectral,fly,2,200,permuted_teacher,18,0.016015887422179475
flywire_783_mb_left_kc512_s701,442,spectral,fly,2,200,permuted_teacher,19,0.016015580097344113
flywire_783_mb_left_kc512_s701,442,spectral,fly,2,200,permuted_teacher,20,0.016015318040637088
flywire_783_mb_left_kc512_s701,442,spectral,fly,2,200,permuted_teacher,21,0.016015121681186642
flywire_783_mb_left_kc512_s701,442,spectral,fly,2,200,permuted_teacher,22,0.016014952435691777
flywire_783_mb_left_kc512_s701,442,spectral,fly,2,200,permuted_teacher,23,0.016014798695546926
flywire_783_mb_left_kc512_s701,442,spectral,fly,2,200,permuted_teacher,24,0.01601468520337762
flywire_783_mb_left_kc512_s701,442,spectral,fly,2,200,permuted_teacher,25,0.016014578283562873
flywire_783_mb_left_kc512_s701,442,spectral,fly,2,200,permuted_teacher,26,0.01601447740489177
flywire_783_mb_left_kc512_s701,442,spectral,fly,2,200,permuted_teacher,27,0.016014384142062667
flywire_783_mb_left_kc512_s701,442,spectral,fly,2,200,permuted_teacher,28,0.016014298228142872
flywire_783_mb_left_kc512_s701,442,spectral,fly,2,200,permuted_teacher,29,0.016014218434632594
flywire_783_mb_left_kc512_s701,442,spectral,fly,2,200,permuted_teacher,30,0.016014144193069863
flywire_783_mb_left_kc512_s701,442,spectral,role_shuffled,1,50,supervised,1,0.016909015424660792
flywire_783_mb_left_kc512_s701,442,spectral,role_shuffled,1,50,supervised,2,0.01643798711607323
flywire_783_mb_left_kc512_s701,442,spectral,role_shuffled,1,50,supervised,3,0.016139309743279248
flywire_783_mb_left_kc512_s701,442,spectral,role_shuffled,1,50,supervised,4,0.01595421103730786
flywire_783_mb_left_kc512_s701,442,spectral,role_shuffled,1,50,supervised,5,0.01583928761961132
flywire_783_mb_left_kc512_s701,442,spectral,role_shuffled,1,50,supervised,6,0.015762943318786544
flywire_783_mb_left_kc512_s701,442,spectral,role_shuffled,1,50,supervised,7,0.015709031047599166
flywire_783_mb_left_kc512_s701,442,spectral,role_shuffled,1,50,supervised,8,0.015670097497777827
flywire_783_mb_left_kc512_s701,442,spectral,role_shuffled,1,50,supervised,9,0.01564300115951831
flywire_783_mb_left_kc512_s701,442,spectral,role_shuffled,1,50,supervised,10,0.015623342584512884
flywire_783_mb_left_kc512_s701,442,spectral,role_shuffled,1,50,supervised,11,0.01560831210847734
flywire_783_mb_left_kc512_s701,442,spectral,role_shuffled,1,50,supervised,12,0.015596625593537111
flywire_783_mb_left_kc512_s701,442,spectral,role_shuffled,1,50,supervised,13,0.01558699457876464
flywire_783_mb_left_kc512_s701,442,spectral,role_shuffled,1,50,supervised,14,0.01557893551889714
flywire_783_mb_left_kc512_s701,442,spectral,role_shuffled,1,50,supervised,15,0.015572093475719527
flywire_783_mb_left_kc512_s701,442,spectral,role_shuffled,1,50,supervised,16,0.015566234754988507
flywire_783_mb_left_kc512_s701,442,spectral,role_shuffled,1,50,supervised,17,0.015561159111681471
flywire_783_mb_left_kc512_s701,442,spectral,role_shuffled,1,50,supervised,18,0.015556751039879297
flywire_783_mb_left_kc512_s701,442,spectral,role_shuffled,1,50,supervised,19,0.015552711833337795
flywire_783_mb_left_kc512_s701,442,spectral,role_shuffled,1,50,supervised,20,0.015549125743172555
flywire_783_mb_left_kc512_s701,442,spectral,role_shuffled,1,50,supervised,21,0.015545848294737893
flywire_783_mb_left_kc512_s701,442,spectral,role_shuffled,1,50,supervised,22,0.015542933320744525
flywire_783_mb_left_kc512_s701,442,spectral,role_shuffled,1,50,supervised,23,0.015540334261661702
flywire_783_mb_left_kc512_s701,442,spectral,role_shuffled,1,50,supervised,24,0.015538017778011032
flywire_783_mb_left_kc512_s701,442,spectral,role_shuffled,1,50,supervised,25,0.015535924188767272
flywire_783_mb_left_kc512_s701,442,spectral,role_shuffled,1,50,supervised,26,0.015534006818165788
flywire_783_mb_left_kc512_s701,442,spectral,role_shuffled,1,50,supervised,27,0.0155322124493312
flywire_783_mb_left_kc512_s701,442,spectral,role_shuffled,1,50,supervised,28,0.015530564289389578
flywire_783_mb_left_kc512_s701,442,spectral,role_shuffled,1,50,supervised,29,0.015529035871507335
flywire_783_mb_left_kc512_s701,442,spectral,role_shuffled,1,50,supervised,30,0.015527592277094838
flywire_783_mb_left_kc512_s701,442,spectral,role_shuffled,1,50,permuted_teacher,1,0.016928780356938254
flywire_783_mb_left_kc512_s701,442,spectral,role_shuffled,1,50,permuted_teacher,2,0.01645146785210941
flywire_783_mb_left_kc512_s701,442,spectral,role_shuffled,1,50,permuted_teacher,3,0.016147492930974585
flywire_783_mb_left_kc512_s701,442,spectral,role_shuffled,1,50,permuted_teacher,4,0.01595947277119207
flywire_783_mb_left_kc512_s701,442,spectral,role_shuffled,1,50,permuted_teacher,5,0.015843343772990834
flywire_783_mb_left_kc512_s701,442,spectral,role_shuffled,1,50,permuted_teacher,6,0.01576659516627078
flywire_783_mb_left_kc512_s701,442,spectral,role_shuffled,1,50,permuted_teacher,7,0.015711886085887056
flywire_783_mb_left_kc512_s701,442,spectral,role_shuffled,1,50,permuted_teacher,8,0.01567360482467237
flywire_783_mb_left_kc512_s701,442,spectral,role_shuffled,1,50,permuted_teacher,9,0.01564613838057676
flywire_783_mb_left_kc512_s701,442,spectral,role_shuffled,1,50,permuted_teacher,10,0.015625494231154762
flywire_783_mb_left_kc512_s701,442,spectral,role_shuffled,1,50,permuted_teacher,11,0.01560966201107429
flywire_783_mb_left_kc512_s701,442,spectral,role_shuffled,1,50,permuted_teacher,12,0.015596718848848026
flywire_783_mb_left_kc512_s701,442,spectral,role_shuffled,1,50,permuted_teacher,13,0.015586248863493794
flywire_783_mb_left_kc512_s701,442,spectral,role_shuffled,1,50,permuted_teacher,14,0.015577331110737171
flywire_783_mb_left_kc512_s701,442,spectral,role_shuffled,1,50,permuted_teacher,15,0.015569605593024817
flywire_783_mb_left_kc512_s701,442,spectral,role_shuffled,1,50,permuted_teacher,16,0.015562835150760491
flywire_783_mb_left_kc512_s701,442,spectral,role_shuffled,1,50,permuted_teacher,17,0.015556948529319844
flywire_783_mb_left_kc512_s701,442,spectral,role_shuffled,1,50,permuted_teacher,18,0.015551871161628919
flywire_783_mb_left_kc512_s701,442,spectral,role_shuffled,1,50,permuted_teacher,19,0.015547309622095688
flywire_783_mb_left_kc512_s701,442,spectral,role_shuffled,1,50,permuted_teacher,20,0.015543172089312657
flywire_783_mb_left_kc512_s701,442,spectral,role_shuffled,1,50,permuted_teacher,21,0.01553946200097521
flywire_783_mb_left_kc512_s701,442,spectral,role_shuffled,1,50,permuted_teacher,22,0.015536081927900496
flywire_783_mb_left_kc512_s701,442,spectral,role_shuffled,1,50,permuted_teacher,23,0.015533046704245898
flywire_783_mb_left_kc512_s701,442,spectral,role_shuffled,1,50,permuted_teacher,24,0.015530303831343274
flywire_783_mb_left_kc512_s701,442,spectral,role_shuffled,1,50,permuted_teacher,25,0.015527761861165912
flywire_783_mb_left_kc512_s701,442,spectral,role_shuffled,1,50,permuted_teacher,26,0.01552539096540085
flywire_783_mb_left_kc512_s701,442,spectral,role_shuffled,1,50,permuted_teacher,27,0.015523212998038242
flywire_783_mb_left_kc512_s701,442,spectral,role_shuffled,1,50,permuted_teacher,28,0.015521248277392393
flywire_783_mb_left_kc512_s701,442,spectral,role_shuffled,1,50,permuted_teacher,29,0.015519496203325458
flywire_783_mb_left_kc512_s701,442,spectral,role_shuffled,1,50,permuted_teacher,30,0.015517901166012576
flywire_783_mb_left_kc512_s701,442,spectral,role_shuffled,1,200,supervised,1,0.016538718370688203
flywire_783_mb_left_kc512_s701,442,spectral,role_shuffled,1,200,supervised,2,0.015994270049436387
flywire_783_mb_left_kc512_s701,442,spectral,role_shuffled,1,200,supervised,3,0.01589838225493602
flywire_783_mb_left_kc512_s701,442,spectral,role_shuffled,1,200,supervised,4,0.0158720997186155
flywire_783_mb_left_kc512_s701,442,spectral,role_shuffled,1,200,supervised,5,0.015860321778993755
flywire_783_mb_left_kc512_s701,442,spectral,role_shuffled,1,200,supervised,6,0.015853721777893758
flywire_783_mb_left_kc512_s701,442,spectral,role_shuffled,1,200,supervised,7,0.015849472204326677
flywire_783_mb_left_kc512_s701,442,spectral,role_shuffled,1,200,supervised,8,0.015846845572857555
flywire_783_mb_left_kc512_s701,442,spectral,role_shuffled,1,200,supervised,9,0.015844871460411053
flywire_783_mb_left_kc512_s701,442,spectral,role_shuffled,1,200,supervised,10,0.01584352938174536
flywire_783_mb_left_kc512_s701,442,spectral,role_shuffled,1,200,supervised,11,0.01584258228732635
flywire_783_mb_left_kc512_s701,442,spectral,role_shuffled,1,200,supervised,12,0.01584189597092863
flywire_783_mb_left_kc512_s701,442,spectral,role_shuffled,1,200,supervised,13,0.015841426043728
flywire_783_mb_left_kc512_s701,442,spectral,role_shuffled,1,200,supervised,14,0.015841117597259532
flywire_783_mb_left_kc512_s701,442,spectral,role_shuffled,1,200,supervised,15,0.015840894415703435
flywire_783_mb_left_kc512_s701,442,spectral,role_shuffled,1,200,supervised,16,0.01584072088464661
flywire_783_mb_left_kc512_s701,442,spectral,role_shuffled,1,200,supervised,17,0.01584058724204981
flywire_783_mb_left_kc512_s701,442,spectral,role_shuffled,1,200,supervised,18,0.015840521694191347
flywire_783_mb_left_kc512_s701,442,spectral,role_shuffled,1,200,supervised,19,0.01584048190400853
flywire_783_mb_left_kc512_s701,442,spectral,role_shuffled,1,200,supervised,20,0.01584045234054227
flywire_783_mb_left_kc512_s701,442,spectral,role_shuffled,1,200,supervised,21,0.015840420426967525
flywire_783_mb_left_kc512_s701,442,spectral,role_shuffled,1,200,supervised,22,0.015840392117891622
flywire_783_mb_left_kc512_s701,442,spectral,role_shuffled,1,200,supervised,23,0.015840375276312463
flywire_783_mb_left_kc512_s701,442,spectral,role_shuffled,1,200,supervised,24,0.015840359891127125
flywire_783_mb_left_kc512_s701,442,spectral,role_shuffled,1,200,supervised,25,0.015840338470180876
flywire_783_mb_left_kc512_s701,442,spectral,role_shuffled,1,200,supervised,26,0.01584031573459808
flywire_783_mb_left_kc512_s701,442,spectral,role_shuffled,1,200,supervised,27,0.015840293933340348
flywire_783_mb_left_kc512_s701,442,spectral,role_shuffled,1,200,supervised,28,0.015840274241595544
flywire_783_mb_left_kc512_s701,442,spectral,role_shuffled,1,200,supervised,29,0.015840251719052782
flywire_783_mb_left_kc512_s701,442,spectral,role_shuffled,1,200,supervised,30,0.015840227771706916
flywire_783_mb_left_kc512_s701,442,spectral,role_shuffled,1,200,permuted_teacher,1,0.016573834455191023
flywire_783_mb_left_kc512_s701,442,spectral,role_shuffled,1,200,permuted_teacher,2,0.016029616539743215
flywire_783_mb_left_kc512_s701,442,spectral,role_shuffled,1,200,permuted_teacher,3,0.015930007039234518
flywire_783_mb_left_kc512_s701,442,spectral,role_shuffled,1,200,permuted_teacher,4,0.015901277815040634
flywire_783_mb_left_kc512_s701,442,spectral,role_shuffled,1,200,permuted_teacher,5,0.01588886839342237
flywire_783_mb_left_kc512_s701,442,spectral,role_shuffled,1,200,permuted_teacher,6,0.015882470677310103
flywire_783_mb_left_kc512_s701,442,spectral,role_shuffled,1,200,permuted_teacher,7,0.015878656415649693
flywire_783_mb_left_kc512_s701,442,spectral,role_shuffled,1,200,permuted_teacher,8,0.01587656557288604
flywire_783_mb_left_kc512_s701,442,spectral,role_shuffled,1,200,permuted_teacher,9,0.015875254150770554
flywire_783_mb_left_kc512_s701,442,spectral,role_shuffled,1,200,permuted_teacher,10,0.015874645949357332
flywire_783_mb_left_kc512_s701,442,spectral,role_shuffled,1,200,permuted_teacher,11,0.01587437843792753
flywire_783_mb_left_kc512_s701,442,spectral,role_shuffled,1,200,permuted_teacher,12,0.015874335954974325
flywire_783_mb_left_kc512_s701,442,spectral,role_shuffled,1,200,permuted_teacher,13,0.01587441880479413
flywire_783_mb_left_kc512_s701,442,spectral,role_shuffled,1,200,permuted_teacher,14,0.015874573270718697
flywire_783_mb_left_kc512_s701,442,spectral,role_shuffled,1,200,permuted_teacher,15,0.015874747968829008
flywire_783_mb_left_kc512_s701,442,spectral,role_shuffled,1,200,permuted_teacher,16,0.01587492778409097
flywire_783_mb_left_kc512_s701,442,spectral,role_shuffled,1,200,permuted_teacher,17,0.015875111024557364
flywire_783_mb_left_kc512_s701,442,spectral,role_shuffled,1,200,permuted_teacher,18,0.015875289013282803
flywire_783_mb_left_kc512_s701,442,spectral,role_shuffled,1,200,permuted_teacher,19,0.01587546770561262
flywire_783_mb_left_kc512_s701,442,spectral,role_shuffled,1,200,permuted_teacher,20,0.015875635120204106
flywire_783_mb_left_kc512_s701,442,spectral,role_shuffled,1,200,permuted_teacher,21,0.01587577678839131
flywire_783_mb_left_kc512_s701,442,spectral,role_shuffled,1,200,permuted_teacher,22,0.015875905111598542
flywire_783_mb_left_kc512_s701,442,spectral,role_shuffled,1,200,permuted_teacher,23,0.015876042468224397
flywire_783_mb_left_kc512_s701,442,spectral,role_shuffled,1,200,permuted_teacher,24,0.01587617341293237
flywire_783_mb_left_kc512_s701,442,spectral,role_shuffled,1,200,permuted_teacher,25,0.015876295240951122
flywire_783_mb_left_kc512_s701,442,spectral,role_shuffled,1,200,permuted_teacher,26,0.01587640867886299
flywire_783_mb_left_kc512_s701,442,spectral,role_shuffled,1,200,permuted_teacher,27,0.015876508635084285
flywire_783_mb_left_kc512_s701,442,spectral,role_shuffled,1,200,permuted_teacher,28,0.015876599567828054
flywire_783_mb_left_kc512_s701,442,spectral,role_shuffled,1,200,permuted_teacher,29,0.015876685680647748
flywire_783_mb_left_kc512_s701,442,spectral,role_shuffled,1,200,permuted_teacher,30,0.015876766098876862
flywire_783_mb_left_kc512_s701,442,spectral,role_shuffled,2,50,supervised,1,0.01696209874307064
flywire_783_mb_left_kc512_s701,442,spectral,role_shuffled,2,50,supervised,2,0.016476779890776075
flywire_783_mb_left_kc512_s701,442,spectral,role_shuffled,2,50,supervised,3,0.01616812785491992
flywire_783_mb_left_kc512_s701,442,spectral,role_shuffled,2,50,supervised,4,0.01597555325283564
flywire_783_mb_left_kc512_s701,442,spectral,role_shuffled,2,50,supervised,5,0.01585350371816262
flywire_783_mb_left_kc512_s701,442,spectral,role_shuffled,2,50,supervised,6,0.015771212346251135
flywire_783_mb_left_kc512_s701,442,spectral,role_shuffled,2,50,supervised,7,0.01571255831782582
flywire_783_mb_left_kc512_s701,442,spectral,role_shuffled,2,50,supervised,8,0.01567037073601523
flywire_783_mb_left_kc512_s701,442,spectral,role_shuffled,2,50,supervised,9,0.015639314554634826
flywire_783_mb_left_kc512_s701,442,spectral,role_shuffled,2,50,supervised,10,0.015616105811439764
flywire_783_mb_left_kc512_s701,442,spectral,role_shuffled,2,50,supervised,11,0.015597630284173054
flywire_783_mb_left_kc512_s701,442,spectral,role_shuffled,2,50,supervised,12,0.015582328063285661
flywire_783_mb_left_kc512_s701,442,spectral,role_shuffled,2,50,supervised,13,0.015569567535011191
flywire_783_mb_left_kc512_s701,442,spectral,role_shuffled,2,50,supervised,14,0.015558701417709203
flywire_783_mb_left_kc512_s701,442,spectral,role_shuffled,2,50,supervised,15,0.015549331828938426
flywire_783_mb_left_kc512_s701,442,spectral,role_shuffled,2,50,supervised,16,0.01554123557312468
flywire_783_mb_left_kc512_s701,442,spectral,role_shuffled,2,50,supervised,17,0.015534131355459115
flywire_783_mb_left_kc512_s701,442,spectral,role_shuffled,2,50,supervised,18,0.015527774388801317
flywire_783_mb_left_kc512_s701,442,spectral,role_shuffled,2,50,supervised,19,0.01552210760115497
flywire_783_mb_left_kc512_s701,442,spectral,role_shuffled,2,50,supervised,20,0.015517123030700417
flywire_783_mb_left_kc512_s701,442,spectral,role_shuffled,2,50,supervised,21,0.015512721196870995
flywire_783_mb_left_kc512_s701,442,spectral,role_shuffled,2,50,supervised,22,0.015508822297561314
flywire_783_mb_left_kc512_s701,442,spectral,role_shuffled,2,50,supervised,23,0.015505285344929239
flywire_783_mb_left_kc512_s701,442,spectral,role_shuffled,2,50,supervised,24,0.015502150502614514
flywire_783_mb_left_kc512_s701,442,spectral,role_shuffled,2,50,supervised,25,0.015499326012901871
flywire_783_mb_left_kc512_s701,442,spectral,role_shuffled,2,50,supervised,26,0.015496802336298464
flywire_783_mb_left_kc512_s701,442,spectral,role_shuffled,2,50,supervised,27,0.015494512784030584
flywire_783_mb_left_kc512_s701,442,spectral,role_shuffled,2,50,supervised,28,0.015492423215460724
flywire_783_mb_left_kc512_s701,442,spectral,role_shuffled,2,50,supervised,29,0.015490517252783356
flywire_783_mb_left_kc512_s701,442,spectral,role_shuffled,2,50,supervised,30,0.015488805155748088
flywire_783_mb_left_kc512_s701,442,spectral,role_shuffled,2,50,permuted_teacher,1,0.01696615138175737
flywire_783_mb_left_kc512_s701,442,spectral,role_shuffled,2,50,permuted_teacher,2,0.016469846452711222
flywire_783_mb_left_kc512_s701,442,spectral,role_shuffled,2,50,permuted_teacher,3,0.01615504870909878
flywire_783_mb_left_kc512_s701,442,spectral,role_shuffled,2,50,permuted_teacher,4,0.0159623668038146
flywire_783_mb_left_kc512_s701,442,spectral,role_shuffled,2,50,permuted_teacher,5,0.015843602139303015
flywire_783_mb_left_kc512_s701,442,spectral,role_shuffled,2,50,permuted_teacher,6,0.015764009632461776
flywire_783_mb_left_kc512_s701,442,spectral,role_shuffled,2,50,permuted_teacher,7,0.015708494935323985
flywire_783_mb_left_kc512_s701,442,spectral,role_shuffled,2,50,permuted_teacher,8,0.015669294381265464
flywire_783_mb_left_kc512_s701,442,spectral,role_shuffled,2,50,permuted_teacher,9,0.015640745202139573
flywire_783_mb_left_kc512_s701,442,spectral,role_shuffled,2,50,permuted_teacher,10,0.015619552484274572
flywire_783_mb_left_kc512_s701,442,spectral,role_shuffled,2,50,permuted_teacher,11,0.015603368945783994
flywire_783_mb_left_kc512_s701,442,spectral,role_shuffled,2,50,permuted_teacher,12,0.015590687401700404
flywire_783_mb_left_kc512_s701,442,spectral,role_shuffled,2,50,permuted_teacher,13,0.015580707447517021
flywire_783_mb_left_kc512_s701,442,spectral,role_shuffled,2,50,permuted_teacher,14,0.015572262899058073
flywire_783_mb_left_kc512_s701,442,spectral,role_shuffled,2,50,permuted_teacher,15,0.01556493097240769
flywire_783_mb_left_kc512_s701,442,spectral,role_shuffled,2,50,permuted_teacher,16,0.015558681417968477
flywire_783_mb_left_kc512_s701,442,spectral,role_shuffled,2,50,permuted_teacher,17,0.015553340103877723
flywire_783_mb_left_kc512_s701,442,spectral,role_shuffled,2,50,permuted_teacher,18,0.015548723827582198
flywire_783_mb_left_kc512_s701,442,spectral,role_shuffled,2,50,permuted_teacher,19,0.015544596659963918
flywire_783_mb_left_kc512_s701,442,spectral,role_shuffled,2,50,permuted_teacher,20,0.015540866091237702
flywire_783_mb_left_kc512_s701,442,spectral,role_shuffled,2,50,permuted_teacher,21,0.015537517525562228
flywire_783_mb_left_kc512_s701,442,spectral,role_shuffled,2,50,permuted_teacher,22,0.015534579808853177
flywire_783_mb_left_kc512_s701,442,spectral,role_shuffled,2,50,permuted_teacher,23,0.0155320206829073
flywire_783_mb_left_kc512_s701,442,spectral,role_shuffled,2,50,permuted_teacher,24,0.015529757329611439
flywire_783_mb_left_kc512_s701,442,spectral,role_shuffled,2,50,permuted_teacher,25,0.015527725951869175
flywire_783_mb_left_kc512_s701,442,spectral,role_shuffled,2,50,permuted_teacher,26,0.015525832742964754
flywire_783_mb_left_kc512_s701,442,spectral,role_shuffled,2,50,permuted_teacher,27,0.015524133035231926
flywire_783_mb_left_kc512_s701,442,spectral,role_shuffled,2,50,permuted_teacher,28,0.015522567756061192
flywire_783_mb_left_kc512_s701,442,spectral,role_shuffled,2,50,permuted_teacher,29,0.0155211464109873
flywire_783_mb_left_kc512_s701,442,spectral,role_shuffled,2,50,permuted_teacher,30,0.015519843082470154
flywire_783_mb_left_kc512_s701,442,spectral,role_shuffled,2,200,supervised,1,0.01656649688204714
flywire_783_mb_left_kc512_s701,442,spectral,role_shuffled,2,200,supervised,2,0.01601436282709625
flywire_783_mb_left_kc512_s701,442,spectral,role_shuffled,2,200,supervised,3,0.015909534149548515
flywire_783_mb_left_kc512_s701,442,spectral,role_shuffled,2,200,supervised,4,0.01587890252502262
flywire_783_mb_left_kc512_s701,442,spectral,role_shuffled,2,200,supervised,5,0.015864949516315435
flywire_783_mb_left_kc512_s701,442,spectral,role_shuffled,2,200,supervised,6,0.015857001880240962
flywire_783_mb_left_kc512_s701,442,spectral,role_shuffled,2,200,supervised,7,0.01585187301492861
flywire_783_mb_left_kc512_s701,442,spectral,role_shuffled,2,200,supervised,8,0.015848676220441418
flywire_783_mb_left_kc512_s701,442,spectral,role_shuffled,2,200,supervised,9,0.01584645038469159
flywire_783_mb_left_kc512_s701,442,spectral,role_shuffled,2,200,supervised,10,0.015845021630343736
flywire_783_mb_left_kc512_s701,442,spectral,role_shuffled,2,200,supervised,11,0.015844055560198453
flywire_783_mb_left_kc512_s701,442,spectral,role_shuffled,2,200,supervised,12,0.015843416212123203
flywire_783_mb_left_kc512_s701,442,spectral,role_shuffled,2,200,supervised,13,0.01584294097726962
flywire_783_mb_left_kc512_s701,442,spectral,role_shuffled,2,200,supervised,14,0.015842565791529754
flywire_783_mb_left_kc512_s701,442,spectral,role_shuffled,2,200,supervised,15,0.015842330106870115
flywire_783_mb_left_kc512_s701,442,spectral,role_shuffled,2,200,supervised,16,0.015842134510606454
flywire_783_mb_left_kc512_s701,442,spectral,role_shuffled,2,200,supervised,17,0.015841980856670393
flywire_783_mb_left_kc512_s701,442,spectral,role_shuffled,2,200,supervised,18,0.015841847008096474
flywire_783_mb_left_kc512_s701,442,spectral,role_shuffled,2,200,supervised,19,0.01584174997373196
flywire_783_mb_left_kc512_s701,442,spectral,role_shuffled,2,200,supervised,20,0.01584166401010056
flywire_783_mb_left_kc512_s701,442,spectral,role_shuffled,2,200,supervised,21,0.015841601714655852
flywire_783_mb_left_kc512_s701,442,spectral,role_shuffled,2,200,supervised,22,0.015841550552365122
flywire_783_mb_left_kc512_s701,442,spectral,role_shuffled,2,200,supervised,23,0.01584149404698409
flywire_783_mb_left_kc512_s701,442,spectral,role_shuffled,2,200,supervised,24,0.015841463785491526
flywire_783_mb_left_kc512_s701,442,spectral,role_shuffled,2,200,supervised,25,0.01584144389789312
flywire_783_mb_left_kc512_s701,442,spectral,role_shuffled,2,200,supervised,26,0.015841442422732332
flywire_783_mb_left_kc512_s701,442,spectral,role_shuffled,2,200,supervised,27,0.015841445505461675
flywire_783_mb_left_kc512_s701,442,spectral,role_shuffled,2,200,supervised,28,0.01584144922109116
flywire_783_mb_left_kc512_s701,442,spectral,role_shuffled,2,200,supervised,29,0.01584145634793822
flywire_783_mb_left_kc512_s701,442,spectral,role_shuffled,2,200,supervised,30,0.015841463824782017
flywire_783_mb_left_kc512_s701,442,spectral,role_shuffled,2,200,permuted_teacher,1,0.01658337728437826
flywire_783_mb_left_kc512_s701,442,spectral,role_shuffled,2,200,permuted_teacher,2,0.01603302288287763
flywire_783_mb_left_kc512_s701,442,spectral,role_shuffled,2,200,permuted_teacher,3,0.01593163258229908
flywire_783_mb_left_kc512_s701,442,spectral,role_shuffled,2,200,permuted_teacher,4,0.015903227782959776
flywire_783_mb_left_kc512_s701,442,spectral,role_shuffled,2,200,permuted_teacher,5,0.015891358527406793
flywire_783_mb_left_kc512_s701,442,spectral,role_shuffled,2,200,permuted_teacher,6,0.015885397957771493
flywire_783_mb_left_kc512_s701,442,spectral,role_shuffled,2,200,permuted_teacher,7,0.015882000289021692
flywire_783_mb_left_kc512_s701,442,spectral,role_shuffled,2,200,permuted_teacher,8,0.01588032115608642
flywire_783_mb_left_kc512_s701,442,spectral,role_shuffled,2,200,permuted_teacher,9,0.015879156828155463
flywire_783_mb_left_kc512_s701,442,spectral,role_shuffled,2,200,permuted_teacher,10,0.01587851201931656
flywire_783_mb_left_kc512_s701,442,spectral,role_shuffled,2,200,permuted_teacher,11,0.015878185287036158
flywire_783_mb_left_kc512_s701,442,spectral,role_shuffled,2,200,permuted_teacher,12,0.01587803425353409
flywire_783_mb_left_kc512_s701,442,spectral,role_shuffled,2,200,permuted_teacher,13,0.01587797485235362
flywire_783_mb_left_kc512_s701,442,spectral,role_shuffled,2,200,permuted_teacher,14,0.01587801770692329
flywire_783_mb_left_kc512_s701,442,spectral,role_shuffled,2,200,permuted_teacher,15,0.0158781205549249
flywire_783_mb_left_kc512_s701,442,spectral,role_shuffled,2,200,permuted_teacher,16,0.0158782345457651
flywire_783_mb_left_kc512_s701,442,spectral,role_shuffled,2,200,permuted_teacher,17,0.015878379473374844
flywire_783_mb_left_kc512_s701,442,spectral,role_shuffled,2,200,permuted_teacher,18,0.015878537486822795
flywire_783_mb_left_kc512_s701,442,spectral,role_shuffled,2,200,permuted_teacher,19,0.015878690464028147
flywire_783_mb_left_kc512_s701,442,spectral,role_shuffled,2,200,permuted_teacher,20,0.015878840483688803
flywire_783_mb_left_kc512_s701,442,spectral,role_shuffled,2,200,permuted_teacher,21,0.01587897159813497
flywire_783_mb_left_kc512_s701,442,spectral,role_shuffled,2,200,permuted_teacher,22,0.015879096185535197
flywire_783_mb_left_kc512_s701,442,spectral,role_shuffled,2,200,permuted_teacher,23,0.015879222256872903
flywire_783_mb_left_kc512_s701,442,spectral,role_shuffled,2,200,permuted_teacher,24,0.015879341462400897
flywire_783_mb_left_kc512_s701,442,spectral,role_shuffled,2,200,permuted_teacher,25,0.01587944910421319
flywire_783_mb_left_kc512_s701,442,spectral,role_shuffled,2,200,permuted_teacher,26,0.015879547553945907
flywire_783_mb_left_kc512_s701,442,spectral,role_shuffled,2,200,permuted_teacher,27,0.01587964646452835
flywire_783_mb_left_kc512_s701,442,spectral,role_shuffled,2,200,permuted_teacher,28,0.01587974396938273
flywire_783_mb_left_kc512_s701,442,spectral,role_shuffled,2,200,permuted_teacher,29,0.015879828368673313
flywire_783_mb_left_kc512_s701,442,spectral,role_shuffled,2,200,permuted_teacher,30,0.015879908668971557
flywire_783_mb_left_kc512_s701,442,spectral,role_random,1,50,supervised,1,0.01774586927292508
flywire_783_mb_left_kc512_s701,442,spectral,role_random,1,50,supervised,2,0.017067380625927813
flywire_783_mb_left_kc512_s701,442,spectral,role_random,1,50,supervised,3,0.016628528974195693
flywire_783_mb_left_kc512_s701,442,spectral,role_random,1,50,supervised,4,0.01632985295385188
flywire_783_mb_left_kc512_s701,442,spectral,role_random,1,50,supervised,5,0.016127908178969804
flywire_783_mb_left_kc512_s701,442,spectral,role_random,1,50,supervised,6,0.015993730813257015
flywire_783_mb_left_kc512_s701,442,spectral,role_random,1,50,supervised,7,0.015903742671783055
flywire_783_mb_left_kc512_s701,442,spectral,role_random,1,50,supervised,8,0.015839391585763998
flywire_783_mb_left_kc512_s701,442,spectral,role_random,1,50,supervised,9,0.015792592525070395
flywire_783_mb_left_kc512_s701,442,spectral,role_random,1,50,supervised,10,0.015757538293323162
flywire_783_mb_left_kc512_s701,442,spectral,role_random,1,50,supervised,11,0.01573008715180494
flywire_783_mb_left_kc512_s701,442,spectral,role_random,1,50,supervised,12,0.015707744534454306
flywire_783_mb_left_kc512_s701,442,spectral,role_random,1,50,supervised,13,0.015689093017580164
flywire_783_mb_left_kc512_s701,442,spectral,role_random,1,50,supervised,14,0.015673516905173664
flywire_783_mb_left_kc512_s701,442,spectral,role_random,1,50,supervised,15,0.015660605221821985
flywire_783_mb_left_kc512_s701,442,spectral,role_random,1,50,supervised,16,0.015649928165280446
flywire_783_mb_left_kc512_s701,442,spectral,role_random,1,50,supervised,17,0.01564100087986857
flywire_783_mb_left_kc512_s701,442,spectral,role_random,1,50,supervised,18,0.015633445626391407
flywire_783_mb_left_kc512_s701,442,spectral,role_random,1,50,supervised,19,0.015626954419156503
flywire_783_mb_left_kc512_s701,442,spectral,role_random,1,50,supervised,20,0.015621355587472331
flywire_783_mb_left_kc512_s701,442,spectral,role_random,1,50,supervised,21,0.015616582151021177
flywire_783_mb_left_kc512_s701,442,spectral,role_random,1,50,supervised,22,0.015612425120422364
flywire_783_mb_left_kc512_s701,442,spectral,role_random,1,50,supervised,23,0.01560882421633733
flywire_783_mb_left_kc512_s701,442,spectral,role_random,1,50,supervised,24,0.015605707479369357
flywire_783_mb_left_kc512_s701,442,spectral,role_random,1,50,supervised,25,0.015603017737725901
flywire_783_mb_left_kc512_s701,442,spectral,role_random,1,50,supervised,26,0.015600633828554967
flywire_783_mb_left_kc512_s701,442,spectral,role_random,1,50,supervised,27,0.01559851546657825
flywire_783_mb_left_kc512_s701,442,spectral,role_random,1,50,supervised,28,0.01559659328152275
flywire_783_mb_left_kc512_s701,442,spectral,role_random,1,50,supervised,29,0.015594895355885059
flywire_783_mb_left_kc512_s701,442,spectral,role_random,1,50,supervised,30,0.015593384645025105
flywire_783_mb_left_kc512_s701,442,spectral,role_random,1,50,permuted_teacher,1,0.017668165793244255
flywire_783_mb_left_kc512_s701,442,spectral,role_random,1,50,permuted_teacher,2,0.016976749523994247
flywire_783_mb_left_kc512_s701,442,spectral,role_random,1,50,permuted_teacher,3,0.016529715286069703
flywire_783_mb_left_kc512_s701,442,spectral,role_random,1,50,permuted_teacher,4,0.01622644440629664
flywire_783_mb_left_kc512_s701,442,spectral,role_random,1,50,permuted_teacher,5,0.01602370262300516
flywire_783_mb_left_kc512_s701,442,spectral,role_random,1,50,permuted_teacher,6,0.01589238191657178
flywire_783_mb_left_kc512_s701,442,spectral,role_random,1,50,permuted_teacher,7,0.01580344894990841
flywire_783_mb_left_kc512_s701,442,spectral,role_random,1,50,permuted_teacher,8,0.01573951906320412
flywire_783_mb_left_kc512_s701,442,spectral,role_random,1,50,permuted_teacher,9,0.01569283026245543
flywire_783_mb_left_kc512_s701,442,spectral,role_random,1,50,permuted_teacher,10,0.01565710024779035
flywire_783_mb_left_kc512_s701,442,spectral,role_random,1,50,permuted_teacher,11,0.01562968760691014
flywire_783_mb_left_kc512_s701,442,spectral,role_random,1,50,permuted_teacher,12,0.015607807678300232
flywire_783_mb_left_kc512_s701,442,spectral,role_random,1,50,permuted_teacher,13,0.015589896314184186
flywire_783_mb_left_kc512_s701,442,spectral,role_random,1,50,permuted_teacher,14,0.015575024023700318
flywire_783_mb_left_kc512_s701,442,spectral,role_random,1,50,permuted_teacher,15,0.015562578421318437
flywire_783_mb_left_kc512_s701,442,spectral,role_random,1,50,permuted_teacher,16,0.01555194059880099
flywire_783_mb_left_kc512_s701,442,spectral,role_random,1,50,permuted_teacher,17,0.015542917293854945
flywire_783_mb_left_kc512_s701,442,spectral,role_random,1,50,permuted_teacher,18,0.01553524128276702
flywire_783_mb_left_kc512_s701,442,spectral,role_random,1,50,permuted_teacher,19,0.015528641928458844
flywire_783_mb_left_kc512_s701,442,spectral,role_random,1,50,permuted_teacher,20,0.015522913468371856
flywire_783_mb_left_kc512_s701,442,spectral,role_random,1,50,permuted_teacher,21,0.015517899948952895
flywire_783_mb_left_kc512_s701,442,spectral,role_random,1,50,permuted_teacher,22,0.015513463896913828
flywire_783_mb_left_kc512_s701,442,spectral,role_random,1,50,permuted_teacher,23,0.01550958854527593
flywire_783_mb_left_kc512_s701,442,spectral,role_random,1,50,permuted_teacher,24,0.015506171050868024
flywire_783_mb_left_kc512_s701,442,spectral,role_random,1,50,permuted_teacher,25,0.015503187865725597
flywire_783_mb_left_kc512_s701,442,spectral,role_random,1,50,permuted_teacher,26,0.015500571084630979
flywire_783_mb_left_kc512_s701,442,spectral,role_random,1,50,permuted_teacher,27,0.015498212272243574
flywire_783_mb_left_kc512_s701,442,spectral,role_random,1,50,permuted_teacher,28,0.015496069422305426
flywire_783_mb_left_kc512_s701,442,spectral,role_random,1,50,permuted_teacher,29,0.015494137274596965
flywire_783_mb_left_kc512_s701,442,spectral,role_random,1,50,permuted_teacher,30,0.015492408926254943
flywire_783_mb_left_kc512_s701,442,spectral,role_random,1,200,supervised,1,0.017262086599594554
flywire_783_mb_left_kc512_s701,442,spectral,role_random,1,200,supervised,2,0.0164514403757998
flywire_783_mb_left_kc512_s701,442,spectral,role_random,1,200,supervised,3,0.016275835081422562
flywire_783_mb_left_kc512_s701,442,spectral,role_random,1,200,supervised,4,0.016214065026350224
flywire_783_mb_left_kc512_s701,442,spectral,role_random,1,200,supervised,5,0.016186432299802687
flywire_783_mb_left_kc512_s701,442,spectral,role_random,1,200,supervised,6,0.01617226145269848
flywire_783_mb_left_kc512_s701,442,spectral,role_random,1,200,supervised,7,0.01616431540181521
flywire_783_mb_left_kc512_s701,442,spectral,role_random,1,200,supervised,8,0.016159530030157493
flywire_783_mb_left_kc512_s701,442,spectral,role_random,1,200,supervised,9,0.016156588370278044
flywire_783_mb_left_kc512_s701,442,spectral,role_random,1,200,supervised,10,0.016154587341137224
flywire_783_mb_left_kc512_s701,442,spectral,role_random,1,200,supervised,11,0.016153110939069307
flywire_783_mb_left_kc512_s701,442,spectral,role_random,1,200,supervised,12,0.016151988695830295
flywire_783_mb_left_kc512_s701,442,spectral,role_random,1,200,supervised,13,0.01615108547537082
flywire_783_mb_left_kc512_s701,442,spectral,role_random,1,200,supervised,14,0.016150344477672336
flywire_783_mb_left_kc512_s701,442,spectral,role_random,1,200,supervised,15,0.01614970150669988
flywire_783_mb_left_kc512_s701,442,spectral,role_random,1,200,supervised,16,0.016149157329470823
flywire_783_mb_left_kc512_s701,442,spectral,role_random,1,200,supervised,17,0.016148705749261544
flywire_783_mb_left_kc512_s701,442,spectral,role_random,1,200,supervised,18,0.016148357801886323
flywire_783_mb_left_kc512_s701,442,spectral,role_random,1,200,supervised,19,0.016148091534183413
flywire_783_mb_left_kc512_s701,442,spectral,role_random,1,200,supervised,20,0.01614787330265765
flywire_783_mb_left_kc512_s701,442,spectral,role_random,1,200,supervised,21,0.016147694548366384
flywire_783_mb_left_kc512_s701,442,spectral,role_random,1,200,supervised,22,0.016147542550894817
flywire_783_mb_left_kc512_s701,442,spectral,role_random,1,200,supervised,23,0.01614741848429278
flywire_783_mb_left_kc512_s701,442,spectral,role_random,1,200,supervised,24,0.016147292177401625
flywire_783_mb_left_kc512_s701,442,spectral,role_random,1,200,supervised,25,0.01614717413899135
flywire_783_mb_left_kc512_s701,442,spectral,role_random,1,200,supervised,26,0.016147075769583876
flywire_783_mb_left_kc512_s701,442,spectral,role_random,1,200,supervised,27,0.01614700149817152
flywire_783_mb_left_kc512_s701,442,spectral,role_random,1,200,supervised,28,0.01614693488647773
flywire_783_mb_left_kc512_s701,442,spectral,role_random,1,200,supervised,29,0.016146876510979957
flywire_783_mb_left_kc512_s701,442,spectral,role_random,1,200,supervised,30,0.016146826344635976
flywire_783_mb_left_kc512_s701,442,spectral,role_random,1,200,permuted_teacher,1,0.017243076363580866
flywire_783_mb_left_kc512_s701,442,spectral,role_random,1,200,permuted_teacher,2,0.016419106929943826
flywire_783_mb_left_kc512_s701,442,spectral,role_random,1,200,permuted_teacher,3,0.016240557965288862
flywire_783_mb_left_kc512_s701,442,spectral,role_random,1,200,permuted_teacher,4,0.016177763469833264
flywire_783_mb_left_kc512_s701,442,spectral,role_random,1,200,permuted_teacher,5,0.016149777807601885
flywire_783_mb_left_kc512_s701,442,spectral,role_random,1,200,permuted_teacher,6,0.01613538261227657
flywire_783_mb_left_kc512_s701,442,spectral,role_random,1,200,permuted_teacher,7,0.016126802251966586
flywire_783_mb_left_kc512_s701,442,spectral,role_random,1,200,permuted_teacher,8,0.01612135976324433
flywire_783_mb_left_kc512_s701,442,spectral,role_random,1,200,permuted_teacher,9,0.016117851528412636
flywire_783_mb_left_kc512_s701,442,spectral,role_random,1,200,permuted_teacher,10,0.016115648669395806
flywire_783_mb_left_kc512_s701,442,spectral,role_random,1,200,permuted_teacher,11,0.016114169926601942
flywire_783_mb_left_kc512_s701,442,spectral,role_random,1,200,permuted_teacher,12,0.016113030102420628
flywire_783_mb_left_kc512_s701,442,spectral,role_random,1,200,permuted_teacher,13,0.01611213576661543
flywire_783_mb_left_kc512_s701,442,spectral,role_random,1,200,permuted_teacher,14,0.01611142809400534
flywire_783_mb_left_kc512_s701,442,spectral,role_random,1,200,permuted_teacher,15,0.016110835611020717
flywire_783_mb_left_kc512_s701,442,spectral,role_random,1,200,permuted_teacher,16,0.016110343465532934
flywire_783_mb_left_kc512_s701,442,spectral,role_random,1,200,permuted_teacher,17,0.01610992829425617
flywire_783_mb_left_kc512_s701,442,spectral,role_random,1,200,permuted_teacher,18,0.0161095652855457
flywire_783_mb_left_kc512_s701,442,spectral,role_random,1,200,permuted_teacher,19,0.016109236872148953
flywire_783_mb_left_kc512_s701,442,spectral,role_random,1,200,permuted_teacher,20,0.016108931081937453
flywire_783_mb_left_kc512_s701,442,spectral,role_random,1,200,permuted_teacher,21,0.016108656218994703
flywire_783_mb_left_kc512_s701,442,spectral,role_random,1,200,permuted_teacher,22,0.016108408968988172
flywire_783_mb_left_kc512_s701,442,spectral,role_random,1,200,permuted_teacher,23,0.016108184746374293
flywire_783_mb_left_kc512_s701,442,spectral,role_random,1,200,permuted_teacher,24,0.016107974134728822
flywire_783_mb_left_kc512_s701,442,spectral,role_random,1,200,permuted_teacher,25,0.0161077808430525
flywire_783_mb_left_kc512_s701,442,spectral,role_random,1,200,permuted_teacher,26,0.016107609639635995
flywire_783_mb_left_kc512_s701,442,spectral,role_random,1,200,permuted_teacher,27,0.01610745934066379
flywire_783_mb_left_kc512_s701,442,spectral,role_random,1,200,permuted_teacher,28,0.016107319469348336
flywire_783_mb_left_kc512_s701,442,spectral,role_random,1,200,permuted_teacher,29,0.016107192469248
flywire_783_mb_left_kc512_s701,442,spectral,role_random,1,200,permuted_teacher,30,0.01610709530637359
flywire_783_mb_left_kc512_s701,442,spectral,role_random,2,50,supervised,1,0.017834851439082037
flywire_783_mb_left_kc512_s701,442,spectral,role_random,2,50,supervised,2,0.017132129938421184
flywire_783_mb_left_kc512_s701,442,spectral,role_random,2,50,supervised,3,0.01668184929287357
flywire_783_mb_left_kc512_s701,442,spectral,role_random,2,50,supervised,4,0.01637915395242685
flywire_783_mb_left_kc512_s701,442,spectral,role_random,2,50,supervised,5,0.016177663895474568
flywire_783_mb_left_kc512_s701,442,spectral,role_random,2,50,supervised,6,0.01604928237203273
flywire_783_mb_left_kc512_s701,442,spectral,role_random,2,50,supervised,7,0.015962655454639443
flywire_783_mb_left_kc512_s701,442,spectral,role_random,2,50,supervised,8,0.015900640424397074
flywire_783_mb_left_kc512_s701,442,spectral,role_random,2,50,supervised,9,0.015853957240678375
flywire_783_mb_left_kc512_s701,442,spectral,role_random,2,50,supervised,10,0.015818280626440445
flywire_783_mb_left_kc512_s701,442,spectral,role_random,2,50,supervised,11,0.015790254902711888
flywire_783_mb_left_kc512_s701,442,spectral,role_random,2,50,supervised,12,0.015767570497416065
flywire_783_mb_left_kc512_s701,442,spectral,role_random,2,50,supervised,13,0.01574874447224533
flywire_783_mb_left_kc512_s701,442,spectral,role_random,2,50,supervised,14,0.01573318314403073
flywire_783_mb_left_kc512_s701,442,spectral,role_random,2,50,supervised,15,0.015720202296065435
flywire_783_mb_left_kc512_s701,442,spectral,role_random,2,50,supervised,16,0.015709249565706563
flywire_783_mb_left_kc512_s701,442,spectral,role_random,2,50,supervised,17,0.015699974362653996
flywire_783_mb_left_kc512_s701,442,spectral,role_random,2,50,supervised,18,0.015692136128329183
flywire_783_mb_left_kc512_s701,442,spectral,role_random,2,50,supervised,19,0.01568541293850037
flywire_783_mb_left_kc512_s701,442,spectral,role_random,2,50,supervised,20,0.01567961095993259
flywire_783_mb_left_kc512_s701,442,spectral,role_random,2,50,supervised,21,0.015674590734305625
flywire_783_mb_left_kc512_s701,442,spectral,role_random,2,50,supervised,22,0.01567020717881101
flywire_783_mb_left_kc512_s701,442,spectral,role_random,2,50,supervised,23,0.015666403841925483
flywire_783_mb_left_kc512_s701,442,spectral,role_random,2,50,supervised,24,0.015663001050334618
flywire_783_mb_left_kc512_s701,442,spectral,role_random,2,50,supervised,25,0.015659908164663963
flywire_783_mb_left_kc512_s701,442,spectral,role_random,2,50,supervised,26,0.01565715540938187
flywire_783_mb_left_kc512_s701,442,spectral,role_random,2,50,supervised,27,0.015654685458866592
flywire_783_mb_left_kc512_s701,442,spectral,role_random,2,50,supervised,28,0.015652411244072524
flywire_783_mb_left_kc512_s701,442,spectral,role_random,2,50,supervised,29,0.015650387810548373
flywire_783_mb_left_kc512_s701,442,spectral,role_random,2,50,supervised,30,0.015648644471546763
flywire_783_mb_left_kc512_s701,442,spectral,role_random,2,50,permuted_teacher,1,0.017766597579828767
flywire_783_mb_left_kc512_s701,442,spectral,role_random,2,50,permuted_teacher,2,0.017047167215216822
flywire_783_mb_left_kc512_s701,442,spectral,role_random,2,50,permuted_teacher,3,0.01658415143079044
flywire_783_mb_left_kc512_s701,442,spectral,role_random,2,50,permuted_teacher,4,0.016269790140097377
flywire_783_mb_left_kc512_s701,442,spectral,role_random,2,50,permuted_teacher,5,0.016059893584766352
flywire_783_mb_left_kc512_s701,442,spectral,role_random,2,50,permuted_teacher,6,0.015924985422611258
flywire_783_mb_left_kc512_s701,442,spectral,role_random,2,50,permuted_teacher,7,0.01583373688847354
flywire_783_mb_left_kc512_s701,442,spectral,role_random,2,50,permuted_teacher,8,0.015767982523193176
flywire_783_mb_left_kc512_s701,442,spectral,role_random,2,50,permuted_teacher,9,0.01572021592080125
flywire_783_mb_left_kc512_s701,442,spectral,role_random,2,50,permuted_teacher,10,0.015684006511828656
flywire_783_mb_left_kc512_s701,442,spectral,role_random,2,50,permuted_teacher,11,0.015655854674412162
flywire_783_mb_left_kc512_s701,442,spectral,role_random,2,50,permuted_teacher,12,0.01563335220889173
flywire_783_mb_left_kc512_s701,442,spectral,role_random,2,50,permuted_teacher,13,0.015615287472895884
flywire_783_mb_left_kc512_s701,442,spectral,role_random,2,50,permuted_teacher,14,0.015600595083700413
flywire_783_mb_left_kc512_s701,442,spectral,role_random,2,50,permuted_teacher,15,0.015588290765776985
flywire_783_mb_left_kc512_s701,442,spectral,role_random,2,50,permuted_teacher,16,0.015577950506071575
flywire_783_mb_left_kc512_s701,442,spectral,role_random,2,50,permuted_teacher,17,0.015569260148222864
flywire_783_mb_left_kc512_s701,442,spectral,role_random,2,50,permuted_teacher,18,0.015562044886925346
flywire_783_mb_left_kc512_s701,442,spectral,role_random,2,50,permuted_teacher,19,0.015556041766888752
flywire_783_mb_left_kc512_s701,442,spectral,role_random,2,50,permuted_teacher,20,0.015551156001415996
flywire_783_mb_left_kc512_s701,442,spectral,role_random,2,50,permuted_teacher,21,0.015547038598961865
flywire_783_mb_left_kc512_s701,442,spectral,role_random,2,50,permuted_teacher,22,0.015543455874118338
flywire_783_mb_left_kc512_s701,442,spectral,role_random,2,50,permuted_teacher,23,0.015540343329060244
flywire_783_mb_left_kc512_s701,442,spectral,role_random,2,50,permuted_teacher,24,0.01553774841950494
flywire_783_mb_left_kc512_s701,442,spectral,role_random,2,50,permuted_teacher,25,0.015535524979420286
flywire_783_mb_left_kc512_s701,442,spectral,role_random,2,50,permuted_teacher,26,0.015533569292235322
flywire_783_mb_left_kc512_s701,442,spectral,role_random,2,50,permuted_teacher,27,0.015531887903768055
flywire_783_mb_left_kc512_s701,442,spectral,role_random,2,50,permuted_teacher,28,0.015530399108750946
flywire_783_mb_left_kc512_s701,442,spectral,role_random,2,50,permuted_teacher,29,0.015529090472034095
flywire_783_mb_left_kc512_s701,442,spectral,role_random,2,50,permuted_teacher,30,0.015527929788335287
flywire_783_mb_left_kc512_s701,442,spectral,role_random,2,200,supervised,1,0.01727261179464083
flywire_783_mb_left_kc512_s701,442,spectral,role_random,2,200,supervised,2,0.016431384629930837
flywire_783_mb_left_kc512_s701,442,spectral,role_random,2,200,supervised,3,0.016242391302410047
flywire_783_mb_left_kc512_s701,442,spectral,role_random,2,200,supervised,4,0.016174411262116883
flywire_783_mb_left_kc512_s701,442,spectral,role_random,2,200,supervised,5,0.016142558095269377
flywire_783_mb_left_kc512_s701,442,spectral,role_random,2,200,supervised,6,0.016125501679383553
flywire_783_mb_left_kc512_s701,442,spectral,role_random,2,200,supervised,7,0.01611538151104476
flywire_783_mb_left_kc512_s701,442,spectral,role_random,2,200,supervised,8,0.01610864856819431
flywire_783_mb_left_kc512_s701,442,spectral,role_random,2,200,supervised,9,0.016104089474567717
flywire_783_mb_left_kc512_s701,442,spectral,role_random,2,200,supervised,10,0.016100844033156095
flywire_783_mb_left_kc512_s701,442,spectral,role_random,2,200,supervised,11,0.01609842858030424
flywire_783_mb_left_kc512_s701,442,spectral,role_random,2,200,supervised,12,0.016096539089146097
flywire_783_mb_left_kc512_s701,442,spectral,role_random,2,200,supervised,13,0.016095108515153805
flywire_783_mb_left_kc512_s701,442,spectral,role_random,2,200,supervised,14,0.016094037409551107
flywire_783_mb_left_kc512_s701,442,spectral,role_random,2,200,supervised,15,0.016093176850676166
flywire_783_mb_left_kc512_s701,442,spectral,role_random,2,200,supervised,16,0.016092416334618408
flywire_783_mb_left_kc512_s701,442,spectral,role_random,2,200,supervised,17,0.016091803975666487
flywire_783_mb_left_kc512_s701,442,spectral,role_random,2,200,supervised,18,0.01609129007486667
flywire_783_mb_left_kc512_s701,442,spectral,role_random,2,200,supervised,19,0.01609085854625784
flywire_783_mb_left_kc512_s701,442,spectral,role_random,2,200,supervised,20,0.016090475353841723
flywire_783_mb_left_kc512_s701,442,spectral,role_random,2,200,supervised,21,0.016090132076933356
flywire_783_mb_left_kc512_s701,442,spectral,role_random,2,200,supervised,22,0.016089814935374692
flywire_783_mb_left_kc512_s701,442,spectral,role_random,2,200,supervised,23,0.016089527345691627
flywire_783_mb_left_kc512_s701,442,spectral,role_random,2,200,supervised,24,0.016089280282973465
flywire_783_mb_left_kc512_s701,442,spectral,role_random,2,200,supervised,25,0.016089066383220697
flywire_783_mb_left_kc512_s701,442,spectral,role_random,2,200,supervised,26,0.016088884235633587
flywire_783_mb_left_kc512_s701,442,spectral,role_random,2,200,supervised,27,0.016088720923111397
flywire_783_mb_left_kc512_s701,442,spectral,role_random,2,200,supervised,28,0.016088575536916894
flywire_783_mb_left_kc512_s701,442,spectral,role_random,2,200,supervised,29,0.016088451597222466
flywire_783_mb_left_kc512_s701,442,spectral,role_random,2,200,supervised,30,0.01608834306501223
flywire_783_mb_left_kc512_s701,442,spectral,role_random,2,200,permuted_teacher,1,0.017288446603115792
flywire_783_mb_left_kc512_s701,442,spectral,role_random,2,200,permuted_teacher,2,0.01646332098562509
flywire_783_mb_left_kc512_s701,442,spectral,role_random,2,200,permuted_teacher,3,0.01628149598277396
flywire_783_mb_left_kc512_s701,442,spectral,role_random,2,200,permuted_teacher,4,0.016217639219991718
flywire_783_mb_left_kc512_s701,442,spectral,role_random,2,200,permuted_teacher,5,0.01618994059549393
flywire_783_mb_left_kc512_s701,442,spectral,role_random,2,200,permuted_teacher,6,0.01617583245352805
flywire_783_mb_left_kc512_s701,442,spectral,role_random,2,200,permuted_teacher,7,0.016167626553997932
flywire_783_mb_left_kc512_s701,442,spectral,role_random,2,200,permuted_teacher,8,0.016162595165503647
flywire_783_mb_left_kc512_s701,442,spectral,role_random,2,200,permuted_teacher,9,0.016159578617439545
flywire_783_mb_left_kc512_s701,442,spectral,role_random,2,200,permuted_teacher,10,0.016157555657960135
flywire_783_mb_left_kc512_s701,442,spectral,role_random,2,200,permuted_teacher,11,0.016156108142816747
flywire_783_mb_left_kc512_s701,442,spectral,role_random,2,200,permuted_teacher,12,0.01615499295272865
flywire_783_mb_left_kc512_s701,442,spectral,role_random,2,200,permuted_teacher,13,0.016154153486026602
flywire_783_mb_left_kc512_s701,442,spectral,role_random,2,200,permuted_teacher,14,0.016153514946458267
flywire_783_mb_left_kc512_s701,442,spectral,role_random,2,200,permuted_teacher,15,0.016153057811255058
flywire_783_mb_left_kc512_s701,442,spectral,role_random,2,200,permuted_teacher,16,0.016152721097238826
flywire_783_mb_left_kc512_s701,442,spectral,role_random,2,200,permuted_teacher,17,0.01615244495535012
flywire_783_mb_left_kc512_s701,442,spectral,role_random,2,200,permuted_teacher,18,0.016152203807102812
flywire_783_mb_left_kc512_s701,442,spectral,role_random,2,200,permuted_teacher,19,0.016152000472324478
flywire_783_mb_left_kc512_s701,442,spectral,role_random,2,200,permuted_teacher,20,0.016151822605982837
flywire_783_mb_left_kc512_s701,442,spectral,role_random,2,200,permuted_teacher,21,0.016151650361718353
flywire_783_mb_left_kc512_s701,442,spectral,role_random,2,200,permuted_teacher,22,0.016151492155766483
flywire_783_mb_left_kc512_s701,442,spectral,role_random,2,200,permuted_teacher,23,0.016151359908534082
flywire_783_mb_left_kc512_s701,442,spectral,role_random,2,200,permuted_teacher,24,0.01615123510025584
flywire_783_mb_left_kc512_s701,442,spectral,role_random,2,200,permuted_teacher,25,0.016151145377185913
flywire_783_mb_left_kc512_s701,442,spectral,role_random,2,200,permuted_teacher,26,0.016151063787973954
flywire_783_mb_left_kc512_s701,442,spectral,role_random,2,200,permuted_teacher,27,0.016150988194812654
flywire_783_mb_left_kc512_s701,442,spectral,role_random,2,200,permuted_teacher,28,0.01615091367930052
flywire_783_mb_left_kc512_s701,442,spectral,role_random,2,200,permuted_teacher,29,0.01615084469384959
flywire_783_mb_left_kc512_s701,442,spectral,role_random,2,200,permuted_teacher,30,0.016150780837339607
flywire_783_mb_left_kc512_s701,442,incoming_l1,fly,1,50,supervised,1,0.01424563533581206
flywire_783_mb_left_kc512_s701,442,incoming_l1,fly,1,50,supervised,2,0.013994660191595544
flywire_783_mb_left_kc512_s701,442,incoming_l1,fly,1,50,supervised,3,0.013816391280653081
flywire_783_mb_left_kc512_s701,442,incoming_l1,fly,1,50,supervised,4,0.013684157033070495
flywire_783_mb_left_kc512_s701,442,incoming_l1,fly,1,50,supervised,5,0.013583685752700664
flywire_783_mb_left_kc512_s701,442,incoming_l1,fly,1,50,supervised,6,0.013505677837170087
flywire_783_mb_left_kc512_s701,442,incoming_l1,fly,1,50,supervised,7,0.013445592995481708
flywire_783_mb_left_kc512_s701,442,incoming_l1,fly,1,50,supervised,8,0.013401052667815943
flywire_783_mb_left_kc512_s701,442,incoming_l1,fly,1,50,supervised,9,0.013367275844404704
flywire_783_mb_left_kc512_s701,442,incoming_l1,fly,1,50,supervised,10,0.013341895086971846
flywire_783_mb_left_kc512_s701,442,incoming_l1,fly,1,50,supervised,11,0.01332195378514028
flywire_783_mb_left_kc512_s701,442,incoming_l1,fly,1,50,supervised,12,0.013305761533914339
flywire_783_mb_left_kc512_s701,442,incoming_l1,fly,1,50,supervised,13,0.013292625191037468
flywire_783_mb_left_kc512_s701,442,incoming_l1,fly,1,50,supervised,14,0.013281556109745048
flywire_783_mb_left_kc512_s701,442,incoming_l1,fly,1,50,supervised,15,0.013272130993770477
flywire_783_mb_left_kc512_s701,442,incoming_l1,fly,1,50,supervised,16,0.013263939008432125
flywire_783_mb_left_kc512_s701,442,incoming_l1,fly,1,50,supervised,17,0.013256808632749239
flywire_783_mb_left_kc512_s701,442,incoming_l1,fly,1,50,supervised,18,0.013251007120135144
flywire_783_mb_left_kc512_s701,442,incoming_l1,fly,1,50,supervised,19,0.013246256446107493
flywire_783_mb_left_kc512_s701,442,incoming_l1,fly,1,50,supervised,20,0.013242432357747375
flywire_783_mb_left_kc512_s701,442,incoming_l1,fly,1,50,supervised,21,0.013239012475139469
flywire_783_mb_left_kc512_s701,442,incoming_l1,fly,1,50,supervised,22,0.013235828013172976
flywire_783_mb_left_kc512_s701,442,incoming_l1,fly,1,50,supervised,23,0.013232930966689465
flywire_783_mb_left_kc512_s701,442,incoming_l1,fly,1,50,supervised,24,0.013230600643919612
flywire_783_mb_left_kc512_s701,442,incoming_l1,fly,1,50,supervised,25,0.013228587109904308
flywire_783_mb_left_kc512_s701,442,incoming_l1,fly,1,50,supervised,26,0.013226753163748568
flywire_783_mb_left_kc512_s701,442,incoming_l1,fly,1,50,supervised,27,0.013225084937927083
flywire_783_mb_left_kc512_s701,442,incoming_l1,fly,1,50,supervised,28,0.013223537198666356
flywire_783_mb_left_kc512_s701,442,incoming_l1,fly,1,50,supervised,29,0.013222093780690747
flywire_783_mb_left_kc512_s701,442,incoming_l1,fly,1,50,supervised,30,0.013220735748389802
flywire_783_mb_left_kc512_s701,442,incoming_l1,fly,1,50,permuted_teacher,1,0.01437091478284535
flywire_783_mb_left_kc512_s701,442,incoming_l1,fly,1,50,permuted_teacher,2,0.014129533019278497
flywire_783_mb_left_kc512_s701,442,incoming_l1,fly,1,50,permuted_teacher,3,0.013957886763286844
flywire_783_mb_left_kc512_s701,442,incoming_l1,fly,1,50,permuted_teacher,4,0.013830953619788235
flywire_783_mb_left_kc512_s701,442,incoming_l1,fly,1,50,permuted_teacher,5,0.013735450948175727
flywire_783_mb_left_kc512_s701,442,incoming_l1,fly,1,50,permuted_teacher,6,0.013662268464732117
flywire_783_mb_left_kc512_s701,442,incoming_l1,fly,1,50,permuted_teacher,7,0.013607336920304284
flywire_783_mb_left_kc512_s701,442,incoming_l1,fly,1,50,permuted_teacher,8,0.013566010223329442
flywire_783_mb_left_kc512_s701,442,incoming_l1,fly,1,50,permuted_teacher,9,0.013533478366154057
flywire_783_mb_left_kc512_s701,442,incoming_l1,fly,1,50,permuted_teacher,10,0.013508018918105106
flywire_783_mb_left_kc512_s701,442,incoming_l1,fly,1,50,permuted_teacher,11,0.013487436517927881
flywire_783_mb_left_kc512_s701,442,incoming_l1,fly,1,50,permuted_teacher,12,0.013470539969353353
flywire_783_mb_left_kc512_s701,442,incoming_l1,fly,1,50,permuted_teacher,13,0.013456469510141891
flywire_783_mb_left_kc512_s701,442,incoming_l1,fly,1,50,permuted_teacher,14,0.01344490988435164
flywire_783_mb_left_kc512_s701,442,incoming_l1,fly,1,50,permuted_teacher,15,0.013434863922145792
flywire_783_mb_left_kc512_s701,442,incoming_l1,fly,1,50,permuted_teacher,16,0.013426369092398872
flywire_783_mb_left_kc512_s701,442,incoming_l1,fly,1,50,permuted_teacher,17,0.01341911150211233
flywire_783_mb_left_kc512_s701,442,incoming_l1,fly,1,50,permuted_teacher,18,0.013413382887643594
flywire_783_mb_left_kc512_s701,442,incoming_l1,fly,1,50,permuted_teacher,19,0.013408507003935411
flywire_783_mb_left_kc512_s701,442,incoming_l1,fly,1,50,permuted_teacher,20,0.013404159175317308
flywire_783_mb_left_kc512_s701,442,incoming_l1,fly,1,50,permuted_teacher,21,0.013400343294650762
flywire_783_mb_left_kc512_s701,442,incoming_l1,fly,1,50,permuted_teacher,22,0.013396911428087627
flywire_783_mb_left_kc512_s701,442,incoming_l1,fly,1,50,permuted_teacher,23,0.013393755975057616
flywire_783_mb_left_kc512_s701,442,incoming_l1,fly,1,50,permuted_teacher,24,0.013390916019573214
flywire_783_mb_left_kc512_s701,442,incoming_l1,fly,1,50,permuted_teacher,25,0.013388401503452406
flywire_783_mb_left_kc512_s701,442,incoming_l1,fly,1,50,permuted_teacher,26,0.013386261665690628
flywire_783_mb_left_kc512_s701,442,incoming_l1,fly,1,50,permuted_teacher,27,0.013384604867981384
flywire_783_mb_left_kc512_s701,442,incoming_l1,fly,1,50,permuted_teacher,28,0.013383104135112525
flywire_783_mb_left_kc512_s701,442,incoming_l1,fly,1,50,permuted_teacher,29,0.013381707908597168
flywire_783_mb_left_kc512_s701,442,incoming_l1,fly,1,50,permuted_teacher,30,0.013380459924241231
flywire_783_mb_left_kc512_s701,442,incoming_l1,fly,1,200,supervised,1,0.01396566500203471
flywire_783_mb_left_kc512_s701,442,incoming_l1,fly,1,200,supervised,2,0.01357213253288836
flywire_783_mb_left_kc512_s701,442,incoming_l1,fly,1,200,supervised,3,0.013446422267363084
flywire_783_mb_left_kc512_s701,442,incoming_l1,fly,1,200,supervised,4,0.013397645129701726
flywire_783_mb_left_kc512_s701,442,incoming_l1,fly,1,200,supervised,5,0.013374646399767022
flywire_783_mb_left_kc512_s701,442,incoming_l1,fly,1,200,supervised,6,0.013360492737338588
flywire_783_mb_left_kc512_s701,442,incoming_l1,fly,1,200,supervised,7,0.013351324741683424
flywire_783_mb_left_kc512_s701,442,incoming_l1,fly,1,200,supervised,8,0.013345202622909972
flywire_783_mb_left_kc512_s701,442,incoming_l1,fly,1,200,supervised,9,0.013340789112722127
flywire_783_mb_left_kc512_s701,442,incoming_l1,fly,1,200,supervised,10,0.013337584985193178
flywire_783_mb_left_kc512_s701,442,incoming_l1,fly,1,200,supervised,11,0.01333514563422321
flywire_783_mb_left_kc512_s701,442,incoming_l1,fly,1,200,supervised,12,0.013333454203542958
flywire_783_mb_left_kc512_s701,442,incoming_l1,fly,1,200,supervised,13,0.013332164760086146
flywire_783_mb_left_kc512_s701,442,incoming_l1,fly,1,200,supervised,14,0.013331178575845802
flywire_783_mb_left_kc512_s701,442,incoming_l1,fly,1,200,supervised,15,0.013330365277083336
flywire_783_mb_left_kc512_s701,442,incoming_l1,fly,1,200,supervised,16,0.013329685997035533
flywire_783_mb_left_kc512_s701,442,incoming_l1,fly,1,200,supervised,17,0.013329110401854432
flywire_783_mb_left_kc512_s701,442,incoming_l1,fly,1,200,supervised,18,0.013328601941203864
flywire_783_mb_left_kc512_s701,442,incoming_l1,fly,1,200,supervised,19,0.013328213223422139
flywire_783_mb_left_kc512_s701,442,incoming_l1,fly,1,200,supervised,20,0.013327929520128966
flywire_783_mb_left_kc512_s701,442,incoming_l1,fly,1,200,supervised,21,0.013327698611565677
flywire_783_mb_left_kc512_s701,442,incoming_l1,fly,1,200,supervised,22,0.013327526621871772
flywire_783_mb_left_kc512_s701,442,incoming_l1,fly,1,200,supervised,23,0.013327369711095587
flywire_783_mb_left_kc512_s701,442,incoming_l1,fly,1,200,supervised,24,0.013327225958374858
flywire_783_mb_left_kc512_s701,442,incoming_l1,fly,1,200,supervised,25,0.013327104852599123
flywire_783_mb_left_kc512_s701,442,incoming_l1,fly,1,200,supervised,26,0.013326998337103341
flywire_783_mb_left_kc512_s701,442,incoming_l1,fly,1,200,supervised,27,0.013326912705585002
flywire_783_mb_left_kc512_s701,442,incoming_l1,fly,1,200,supervised,28,0.01332683055782304
flywire_783_mb_left_kc512_s701,442,incoming_l1,fly,1,200,supervised,29,0.01332674664853704
flywire_783_mb_left_kc512_s701,442,incoming_l1,fly,1,200,supervised,30,0.013326664321950376
flywire_783_mb_left_kc512_s701,442,incoming_l1,fly,1,200,permuted_teacher,1,0.013987631481929937
flywire_783_mb_left_kc512_s701,442,incoming_l1,fly,1,200,permuted_teacher,2,0.013590744981029988
flywire_783_mb_left_kc512_s701,442,incoming_l1,fly,1,200,permuted_teacher,3,0.013461302948704347
flywire_783_mb_left_kc512_s701,442,incoming_l1,fly,1,200,permuted_teacher,4,0.0134078638503762
flywire_783_mb_left_kc512_s701,442,incoming_l1,fly,1,200,permuted_teacher,5,0.013381038580146064
flywire_783_mb_left_kc512_s701,442,incoming_l1,fly,1,200,permuted_teacher,6,0.013364044118613722
flywire_783_mb_left_kc512_s701,442,incoming_l1,fly,1,200,permuted_teacher,7,0.013352589592389738
flywire_783_mb_left_kc512_s701,442,incoming_l1,fly,1,200,permuted_teacher,8,0.013345004265779968
flywire_783_mb_left_kc512_s701,442,incoming_l1,fly,1,200,permuted_teacher,9,0.013339482821298236
flywire_783_mb_left_kc512_s701,442,incoming_l1,fly,1,200,permuted_teacher,10,0.013335746922098157
flywire_783_mb_left_kc512_s701,442,incoming_l1,fly,1,200,permuted_teacher,11,0.013332919928058996
flywire_783_mb_left_kc512_s701,442,incoming_l1,fly,1,200,permuted_teacher,12,0.013330683005272943
flywire_783_mb_left_kc512_s701,442,incoming_l1,fly,1,200,permuted_teacher,13,0.013328863196006865
flywire_783_mb_left_kc512_s701,442,incoming_l1,fly,1,200,permuted_teacher,14,0.013327404922958594
flywire_783_mb_left_kc512_s701,442,incoming_l1,fly,1,200,permuted_teacher,15,0.013326240238120471
flywire_783_mb_left_kc512_s701,442,incoming_l1,fly,1,200,permuted_teacher,16,0.013325262257858588
flywire_783_mb_left_kc512_s701,442,incoming_l1,fly,1,200,permuted_teacher,17,0.013324423293874932
flywire_783_mb_left_kc512_s701,442,incoming_l1,fly,1,200,permuted_teacher,18,0.01332371992386722
flywire_783_mb_left_kc512_s701,442,incoming_l1,fly,1,200,permuted_teacher,19,0.013323112901786184
flywire_783_mb_left_kc512_s701,442,incoming_l1,fly,1,200,permuted_teacher,20,0.013322571684469478
flywire_783_mb_left_kc512_s701,442,incoming_l1,fly,1,200,permuted_teacher,21,0.013322088922891344
flywire_783_mb_left_kc512_s701,442,incoming_l1,fly,1,200,permuted_teacher,22,0.013321651699465108
flywire_783_mb_left_kc512_s701,442,incoming_l1,fly,1,200,permuted_teacher,23,0.01332125987390089
flywire_783_mb_left_kc512_s701,442,incoming_l1,fly,1,200,permuted_teacher,24,0.013320874298320535
flywire_783_mb_left_kc512_s701,442,incoming_l1,fly,1,200,permuted_teacher,25,0.013320495999152455
flywire_783_mb_left_kc512_s701,442,incoming_l1,fly,1,200,permuted_teacher,26,0.013320152012386531
flywire_783_mb_left_kc512_s701,442,incoming_l1,fly,1,200,permuted_teacher,27,0.013319837687737772
flywire_783_mb_left_kc512_s701,442,incoming_l1,fly,1,200,permuted_teacher,28,0.013319496423414153
flywire_783_mb_left_kc512_s701,442,incoming_l1,fly,1,200,permuted_teacher,29,0.013319198920195284
flywire_783_mb_left_kc512_s701,442,incoming_l1,fly,1,200,permuted_teacher,30,0.013318939003287022
flywire_783_mb_left_kc512_s701,442,incoming_l1,fly,2,50,supervised,1,0.014198342340350554
flywire_783_mb_left_kc512_s701,442,incoming_l1,fly,2,50,supervised,2,0.013938018385637664
flywire_783_mb_left_kc512_s701,442,incoming_l1,fly,2,50,supervised,3,0.013756598418890632
flywire_783_mb_left_kc512_s701,442,incoming_l1,fly,2,50,supervised,4,0.01362558281120621
flywire_783_mb_left_kc512_s701,442,incoming_l1,fly,2,50,supervised,5,0.013529187744651592
flywire_783_mb_left_kc512_s701,442,incoming_l1,fly,2,50,supervised,6,0.013456591123439473
flywire_783_mb_left_kc512_s701,442,incoming_l1,fly,2,50,supervised,7,0.013401579400643125
flywire_783_mb_left_kc512_s701,442,incoming_l1,fly,2,50,supervised,8,0.013360596918059893
flywire_783_mb_left_kc512_s701,442,incoming_l1,fly,2,50,supervised,9,0.013328740951977593
flywire_783_mb_left_kc512_s701,442,incoming_l1,fly,2,50,supervised,10,0.013304656731933638
flywire_783_mb_left_kc512_s701,442,incoming_l1,fly,2,50,supervised,11,0.013285451476218622
flywire_783_mb_left_kc512_s701,442,incoming_l1,fly,2,50,supervised,12,0.013269552454444842
flywire_783_mb_left_kc512_s701,442,incoming_l1,fly,2,50,supervised,13,0.013256735298266728
flywire_783_mb_left_kc512_s701,442,incoming_l1,fly,2,50,supervised,14,0.013246214784910768
flywire_783_mb_left_kc512_s701,442,incoming_l1,fly,2,50,supervised,15,0.013237104550924255
flywire_783_mb_left_kc512_s701,442,incoming_l1,fly,2,50,supervised,16,0.013229422160817949
flywire_783_mb_left_kc512_s701,442,incoming_l1,fly,2,50,supervised,17,0.013223304170801396
flywire_783_mb_left_kc512_s701,442,incoming_l1,fly,2,50,supervised,18,0.013218401704312795
flywire_783_mb_left_kc512_s701,442,incoming_l1,fly,2,50,supervised,19,0.013213969056391875
flywire_783_mb_left_kc512_s701,442,incoming_l1,fly,2,50,supervised,20,0.013209957390624052
flywire_783_mb_left_kc512_s701,442,incoming_l1,fly,2,50,supervised,21,0.01320641942769781
flywire_783_mb_left_kc512_s701,442,incoming_l1,fly,2,50,supervised,22,0.01320328621841099
flywire_783_mb_left_kc512_s701,442,incoming_l1,fly,2,50,supervised,23,0.01320040100966901
flywire_783_mb_left_kc512_s701,442,incoming_l1,fly,2,50,supervised,24,0.013198192885741191
flywire_783_mb_left_kc512_s701,442,incoming_l1,fly,2,50,supervised,25,0.013196144292793375
flywire_783_mb_left_kc512_s701,442,incoming_l1,fly,2,50,supervised,26,0.01319437034242005
flywire_783_mb_left_kc512_s701,442,incoming_l1,fly,2,50,supervised,27,0.01319274119056639
flywire_783_mb_left_kc512_s701,442,incoming_l1,fly,2,50,supervised,28,0.013191286219224017
flywire_783_mb_left_kc512_s701,442,incoming_l1,fly,2,50,supervised,29,0.013189972418568075
flywire_783_mb_left_kc512_s701,442,incoming_l1,fly,2,50,supervised,30,0.013188776642397777
flywire_783_mb_left_kc512_s701,442,incoming_l1,fly,2,50,permuted_teacher,1,0.014347166152790894
flywire_783_mb_left_kc512_s701,442,incoming_l1,fly,2,50,permuted_teacher,2,0.014094595460783992
flywire_783_mb_left_kc512_s701,442,incoming_l1,fly,2,50,permuted_teacher,3,0.01391639147198132
flywire_783_mb_left_kc512_s701,442,incoming_l1,fly,2,50,permuted_teacher,4,0.013786779693896646
flywire_783_mb_left_kc512_s701,442,incoming_l1,fly,2,50,permuted_teacher,5,0.013691094583617345
flywire_783_mb_left_kc512_s701,442,incoming_l1,fly,2,50,permuted_teacher,6,0.013619215565713393
flywire_783_mb_left_kc512_s701,442,incoming_l1,fly,2,50,permuted_teacher,7,0.013565782082201858
flywire_783_mb_left_kc512_s701,442,incoming_l1,fly,2,50,permuted_teacher,8,0.013525825720682609
flywire_783_mb_left_kc512_s701,442,incoming_l1,fly,2,50,permuted_teacher,9,0.013494357426028744
flywire_783_mb_left_kc512_s701,442,incoming_l1,fly,2,50,permuted_teacher,10,0.013469438336616903
flywire_783_mb_left_kc512_s701,442,incoming_l1,fly,2,50,permuted_teacher,11,0.013449116866724984
flywire_783_mb_left_kc512_s701,442,incoming_l1,fly,2,50,permuted_teacher,12,0.013432595129900133
flywire_783_mb_left_kc512_s701,442,incoming_l1,fly,2,50,permuted_teacher,13,0.013418870238288822
flywire_783_mb_left_kc512_s701,442,incoming_l1,fly,2,50,permuted_teacher,14,0.013407413138861998
flywire_783_mb_left_kc512_s701,442,incoming_l1,fly,2,50,permuted_teacher,15,0.013397735358141741
flywire_783_mb_left_kc512_s701,442,incoming_l1,fly,2,50,permuted_teacher,16,0.013389763350765478
flywire_783_mb_left_kc512_s701,442,incoming_l1,fly,2,50,permuted_teacher,17,0.01338293298005786
flywire_783_mb_left_kc512_s701,442,incoming_l1,fly,2,50,permuted_teacher,18,0.013377314384642352
flywire_783_mb_left_kc512_s701,442,incoming_l1,fly,2,50,permuted_teacher,19,0.013372607675479814
flywire_783_mb_left_kc512_s701,442,incoming_l1,fly,2,50,permuted_teacher,20,0.013368437671912292
flywire_783_mb_left_kc512_s701,442,incoming_l1,fly,2,50,permuted_teacher,21,0.013364747672013387
flywire_783_mb_left_kc512_s701,442,incoming_l1,fly,2,50,permuted_teacher,22,0.013361354159666564
flywire_783_mb_left_kc512_s701,442,incoming_l1,fly,2,50,permuted_teacher,23,0.013358269297277667
flywire_783_mb_left_kc512_s701,442,incoming_l1,fly,2,50,permuted_teacher,24,0.013355485042718216
flywire_783_mb_left_kc512_s701,442,incoming_l1,fly,2,50,permuted_teacher,25,0.013352949298770287
flywire_783_mb_left_kc512_s701,442,incoming_l1,fly,2,50,permuted_teacher,26,0.013350608635762616
flywire_783_mb_left_kc512_s701,442,incoming_l1,fly,2,50,permuted_teacher,27,0.01334841252613109
flywire_783_mb_left_kc512_s701,442,incoming_l1,fly,2,50,permuted_teacher,28,0.013346524415516564
flywire_783_mb_left_kc512_s701,442,incoming_l1,fly,2,50,permuted_teacher,29,0.013344875713655993
flywire_783_mb_left_kc512_s701,442,incoming_l1,fly,2,50,permuted_teacher,30,0.013343364004603484
flywire_783_mb_left_kc512_s701,442,incoming_l1,fly,2,200,supervised,1,0.013963277645181219
flywire_783_mb_left_kc512_s701,442,incoming_l1,fly,2,200,supervised,2,0.01355751434382218
flywire_783_mb_left_kc512_s701,442,incoming_l1,fly,2,200,supervised,3,0.013424408626130353
flywire_783_mb_left_kc512_s701,442,incoming_l1,fly,2,200,supervised,4,0.01337157984055855
flywire_783_mb_left_kc512_s701,442,incoming_l1,fly,2,200,supervised,5,0.013346596644098707
flywire_783_mb_left_kc512_s701,442,incoming_l1,fly,2,200,supervised,6,0.013332499727516626
flywire_783_mb_left_kc512_s701,442,incoming_l1,fly,2,200,supervised,7,0.013323787478239205
flywire_783_mb_left_kc512_s701,442,incoming_l1,fly,2,200,supervised,8,0.013318191045710755
flywire_783_mb_left_kc512_s701,442,incoming_l1,fly,2,200,supervised,9,0.013314216854660917
flywire_783_mb_left_kc512_s701,442,incoming_l1,fly,2,200,supervised,10,0.013311381552819489
flywire_783_mb_left_kc512_s701,442,incoming_l1,fly,2,200,supervised,11,0.01330946847694197
flywire_783_mb_left_kc512_s701,442,incoming_l1,fly,2,200,supervised,12,0.013308146859371697
flywire_783_mb_left_kc512_s701,442,incoming_l1,fly,2,200,supervised,13,0.013307077283405128
flywire_783_mb_left_kc512_s701,442,incoming_l1,fly,2,200,supervised,14,0.013306233929837433
flywire_783_mb_left_kc512_s701,442,incoming_l1,fly,2,200,supervised,15,0.013305574004902418
flywire_783_mb_left_kc512_s701,442,incoming_l1,fly,2,200,supervised,16,0.013305043002579797
flywire_783_mb_left_kc512_s701,442,incoming_l1,fly,2,200,supervised,17,0.013304620397221762
flywire_783_mb_left_kc512_s701,442,incoming_l1,fly,2,200,supervised,18,0.013304258954041687
flywire_783_mb_left_kc512_s701,442,incoming_l1,fly,2,200,supervised,19,0.013303918204481902
flywire_783_mb_left_kc512_s701,442,incoming_l1,fly,2,200,supervised,20,0.013303620724699114
flywire_783_mb_left_kc512_s701,442,incoming_l1,fly,2,200,supervised,21,0.013303363791750749
flywire_783_mb_left_kc512_s701,442,incoming_l1,fly,2,200,supervised,22,0.013303150125003636
flywire_783_mb_left_kc512_s701,442,incoming_l1,fly,2,200,supervised,23,0.013302980247351413
flywire_783_mb_left_kc512_s701,442,incoming_l1,fly,2,200,supervised,24,0.013302834889314266
flywire_783_mb_left_kc512_s701,442,incoming_l1,fly,2,200,supervised,25,0.013302712875279501
flywire_783_mb_left_kc512_s701,442,incoming_l1,fly,2,200,supervised,26,0.013302603460460121
flywire_783_mb_left_kc512_s701,442,incoming_l1,fly,2,200,supervised,27,0.013302502671120589
flywire_783_mb_left_kc512_s701,442,incoming_l1,fly,2,200,supervised,28,0.013302410351289543
flywire_783_mb_left_kc512_s701,442,incoming_l1,fly,2,200,supervised,29,0.013302325317059067
flywire_783_mb_left_kc512_s701,442,incoming_l1,fly,2,200,supervised,30,0.013302253474853375
flywire_783_mb_left_kc512_s701,442,incoming_l1,fly,2,200,permuted_teacher,1,0.013979011395063915
flywire_783_mb_left_kc512_s701,442,incoming_l1,fly,2,200,permuted_teacher,2,0.013581852656141797
flywire_783_mb_left_kc512_s701,442,incoming_l1,fly,2,200,permuted_teacher,3,0.013453254353560158
flywire_783_mb_left_kc512_s701,442,incoming_l1,fly,2,200,permuted_teacher,4,0.01340261047155521
flywire_783_mb_left_kc512_s701,442,incoming_l1,fly,2,200,permuted_teacher,5,0.013378950001151765
flywire_783_mb_left_kc512_s701,442,incoming_l1,fly,2,200,permuted_teacher,6,0.013364677261008264
flywire_783_mb_left_kc512_s701,442,incoming_l1,fly,2,200,permuted_teacher,7,0.013355323235921451
flywire_783_mb_left_kc512_s701,442,incoming_l1,fly,2,200,permuted_teacher,8,0.013349329169959965
flywire_783_mb_left_kc512_s701,442,incoming_l1,fly,2,200,permuted_teacher,9,0.013344818288211784
flywire_783_mb_left_kc512_s701,442,incoming_l1,fly,2,200,permuted_teacher,10,0.013341573281736562
flywire_783_mb_left_kc512_s701,442,incoming_l1,fly,2,200,permuted_teacher,11,0.013339370030131572
flywire_783_mb_left_kc512_s701,442,incoming_l1,fly,2,200,permuted_teacher,12,0.01333761851354369
flywire_783_mb_left_kc512_s701,442,incoming_l1,fly,2,200,permuted_teacher,13,0.01333615700499148
flywire_783_mb_left_kc512_s701,442,incoming_l1,fly,2,200,permuted_teacher,14,0.013334970337966006
flywire_783_mb_left_kc512_s701,442,incoming_l1,fly,2,200,permuted_teacher,15,0.01333398262315654
flywire_783_mb_left_kc512_s701,442,incoming_l1,fly,2,200,permuted_teacher,16,0.013333132108102004
flywire_783_mb_left_kc512_s701,442,incoming_l1,fly,2,200,permuted_teacher,17,0.013332405309371092
flywire_783_mb_left_kc512_s701,442,incoming_l1,fly,2,200,permuted_teacher,18,0.013331793104668293
flywire_783_mb_left_kc512_s701,442,incoming_l1,fly,2,200,permuted_teacher,19,0.013331266153957955
flywire_783_mb_left_kc512_s701,442,incoming_l1,fly,2,200,permuted_teacher,20,0.013330806502028808
flywire_783_mb_left_kc512_s701,442,incoming_l1,fly,2,200,permuted_teacher,21,0.013330406828793863
flywire_783_mb_left_kc512_s701,442,incoming_l1,fly,2,200,permuted_teacher,22,0.013330096423191282
flywire_783_mb_left_kc512_s701,442,incoming_l1,fly,2,200,permuted_teacher,23,0.013329850135367024
flywire_783_mb_left_kc512_s701,442,incoming_l1,fly,2,200,permuted_teacher,24,0.013329630122680021
flywire_783_mb_left_kc512_s701,442,incoming_l1,fly,2,200,permuted_teacher,25,0.013329427134038731
flywire_783_mb_left_kc512_s701,442,incoming_l1,fly,2,200,permuted_teacher,26,0.013329253277474048
flywire_783_mb_left_kc512_s701,442,incoming_l1,fly,2,200,permuted_teacher,27,0.013329111095702478
flywire_783_mb_left_kc512_s701,442,incoming_l1,fly,2,200,permuted_teacher,28,0.013328931192115336
flywire_783_mb_left_kc512_s701,442,incoming_l1,fly,2,200,permuted_teacher,29,0.013328762062495983
flywire_783_mb_left_kc512_s701,442,incoming_l1,fly,2,200,permuted_teacher,30,0.013328613679935092
flywire_783_mb_left_kc512_s701,442,incoming_l1,role_shuffled,1,50,supervised,1,0.014956104310943151
flywire_783_mb_left_kc512_s701,442,incoming_l1,role_shuffled,1,50,supervised,2,0.01485767023574255
flywire_783_mb_left_kc512_s701,442,incoming_l1,role_shuffled,1,50,supervised,3,0.014788206496370132
flywire_783_mb_left_kc512_s701,442,incoming_l1,role_shuffled,1,50,supervised,4,0.014725521976167328
flywire_783_mb_left_kc512_s701,442,incoming_l1,role_shuffled,1,50,supervised,5,0.014664507823392198
flywire_783_mb_left_kc512_s701,442,incoming_l1,role_shuffled,1,50,supervised,6,0.014615630404062161
flywire_783_mb_left_kc512_s701,442,incoming_l1,role_shuffled,1,50,supervised,7,0.01457924400350735
flywire_783_mb_left_kc512_s701,442,incoming_l1,role_shuffled,1,50,supervised,8,0.014550466921015597
flywire_783_mb_left_kc512_s701,442,incoming_l1,role_shuffled,1,50,supervised,9,0.014525696596562252
flywire_783_mb_left_kc512_s701,442,incoming_l1,role_shuffled,1,50,supervised,10,0.014504278517677905
flywire_783_mb_left_kc512_s701,442,incoming_l1,role_shuffled,1,50,supervised,11,0.014486127951768225
flywire_783_mb_left_kc512_s701,442,incoming_l1,role_shuffled,1,50,supervised,12,0.014470941189419296
flywire_783_mb_left_kc512_s701,442,incoming_l1,role_shuffled,1,50,supervised,13,0.014458051563986853
flywire_783_mb_left_kc512_s701,442,incoming_l1,role_shuffled,1,50,supervised,14,0.014446258368080535
flywire_783_mb_left_kc512_s701,442,incoming_l1,role_shuffled,1,50,supervised,15,0.014436545610691439
flywire_783_mb_left_kc512_s701,442,incoming_l1,role_shuffled,1,50,supervised,16,0.014428281281706753
flywire_783_mb_left_kc512_s701,442,incoming_l1,role_shuffled,1,50,supervised,17,0.014420680778420234
flywire_783_mb_left_kc512_s701,442,incoming_l1,role_shuffled,1,50,supervised,18,0.014414364345024083
flywire_783_mb_left_kc512_s701,442,incoming_l1,role_shuffled,1,50,supervised,19,0.014408556690682979
flywire_783_mb_left_kc512_s701,442,incoming_l1,role_shuffled,1,50,supervised,20,0.014403191317942057
flywire_783_mb_left_kc512_s701,442,incoming_l1,role_shuffled,1,50,supervised,21,0.014398312664141568
flywire_783_mb_left_kc512_s701,442,incoming_l1,role_shuffled,1,50,supervised,22,0.014394196139233423
flywire_783_mb_left_kc512_s701,442,incoming_l1,role_shuffled,1,50,supervised,23,0.014390561638076928
flywire_783_mb_left_kc512_s701,442,incoming_l1,role_shuffled,1,50,supervised,24,0.014387225516392356
flywire_783_mb_left_kc512_s701,442,incoming_l1,role_shuffled,1,50,supervised,25,0.014384259743507294
flywire_783_mb_left_kc512_s701,442,incoming_l1,role_shuffled,1,50,supervised,26,0.014381543045362748
flywire_783_mb_left_kc512_s701,442,incoming_l1,role_shuffled,1,50,supervised,27,0.014379135913378957
flywire_783_mb_left_kc512_s701,442,incoming_l1,role_shuffled,1,50,supervised,28,0.01437705006389108
flywire_783_mb_left_kc512_s701,442,incoming_l1,role_shuffled,1,50,supervised,29,0.01437512771591233
flywire_783_mb_left_kc512_s701,442,incoming_l1,role_shuffled,1,50,supervised,30,0.014373368035857273
flywire_783_mb_left_kc512_s701,442,incoming_l1,role_shuffled,1,50,permuted_teacher,1,0.014967100165978629
flywire_783_mb_left_kc512_s701,442,incoming_l1,role_shuffled,1,50,permuted_teacher,2,0.014856198741819477
flywire_783_mb_left_kc512_s701,442,incoming_l1,role_shuffled,1,50,permuted_teacher,3,0.014775857816684489
flywire_783_mb_left_kc512_s701,442,incoming_l1,role_shuffled,1,50,permuted_teacher,4,0.014702097363585055
flywire_783_mb_left_kc512_s701,442,incoming_l1,role_shuffled,1,50,permuted_teacher,5,0.014635365625308627
flywire_783_mb_left_kc512_s701,442,incoming_l1,role_shuffled,1,50,permuted_teacher,6,0.014582864573309724
flywire_783_mb_left_kc512_s701,442,incoming_l1,role_shuffled,1,50,permuted_teacher,7,0.01454379016365659
flywire_783_mb_left_kc512_s701,442,incoming_l1,role_shuffled,1,50,permuted_teacher,8,0.014511660934362012
flywire_783_mb_left_kc512_s701,442,incoming_l1,role_shuffled,1,50,permuted_teacher,9,0.01448456947288741
flywire_783_mb_left_kc512_s701,442,incoming_l1,role_shuffled,1,50,permuted_teacher,10,0.01446115922050918
flywire_783_mb_left_kc512_s701,442,incoming_l1,role_shuffled,1,50,permuted_teacher,11,0.01444187016540656
flywire_783_mb_left_kc512_s701,442,incoming_l1,role_shuffled,1,50,permuted_teacher,12,0.014426247664422296
flywire_783_mb_left_kc512_s701,442,incoming_l1,role_shuffled,1,50,permuted_teacher,13,0.014413279099380184
flywire_783_mb_left_kc512_s701,442,incoming_l1,role_shuffled,1,50,permuted_teacher,14,0.014402246974090574
flywire_783_mb_left_kc512_s701,442,incoming_l1,role_shuffled,1,50,permuted_teacher,15,0.01439250012731476
flywire_783_mb_left_kc512_s701,442,incoming_l1,role_shuffled,1,50,permuted_teacher,16,0.014383919724399875
flywire_783_mb_left_kc512_s701,442,incoming_l1,role_shuffled,1,50,permuted_teacher,17,0.014376539594632424
flywire_783_mb_left_kc512_s701,442,incoming_l1,role_shuffled,1,50,permuted_teacher,18,0.014369930370260553
flywire_783_mb_left_kc512_s701,442,incoming_l1,role_shuffled,1,50,permuted_teacher,19,0.01436395677566682
flywire_783_mb_left_kc512_s701,442,incoming_l1,role_shuffled,1,50,permuted_teacher,20,0.014358407179157793
flywire_783_mb_left_kc512_s701,442,incoming_l1,role_shuffled,1,50,permuted_teacher,21,0.014353380386828703
flywire_783_mb_left_kc512_s701,442,incoming_l1,role_shuffled,1,50,permuted_teacher,22,0.014349127745749516
flywire_783_mb_left_kc512_s701,442,incoming_l1,role_shuffled,1,50,permuted_teacher,23,0.014345437507323384
flywire_783_mb_left_kc512_s701,442,incoming_l1,role_shuffled,1,50,permuted_teacher,24,0.014342011433207095
flywire_783_mb_left_kc512_s701,442,incoming_l1,role_shuffled,1,50,permuted_teacher,25,0.014338733733827862
flywire_783_mb_left_kc512_s701,442,incoming_l1,role_shuffled,1,50,permuted_teacher,26,0.014335658203151068
flywire_783_mb_left_kc512_s701,442,incoming_l1,role_shuffled,1,50,permuted_teacher,27,0.014332654110049983
flywire_783_mb_left_kc512_s701,442,incoming_l1,role_shuffled,1,50,permuted_teacher,28,0.014330068364568722
flywire_783_mb_left_kc512_s701,442,incoming_l1,role_shuffled,1,50,permuted_teacher,29,0.014327910025541292
flywire_783_mb_left_kc512_s701,442,incoming_l1,role_shuffled,1,50,permuted_teacher,30,0.01432578140223792
flywire_783_mb_left_kc512_s701,442,incoming_l1,role_shuffled,1,200,supervised,1,0.014749969588099656
flywire_783_mb_left_kc512_s701,442,incoming_l1,role_shuffled,1,200,supervised,2,0.014544071654473252
flywire_783_mb_left_kc512_s701,442,incoming_l1,role_shuffled,1,200,supervised,3,0.014472053399263904
flywire_783_mb_left_kc512_s701,442,incoming_l1,role_shuffled,1,200,supervised,4,0.014437537196101491
flywire_783_mb_left_kc512_s701,442,incoming_l1,role_shuffled,1,200,supervised,5,0.014414322465863086
flywire_783_mb_left_kc512_s701,442,incoming_l1,role_shuffled,1,200,supervised,6,0.014398689668251672
flywire_783_mb_left_kc512_s701,442,incoming_l1,role_shuffled,1,200,supervised,7,0.014388374575723593
flywire_783_mb_left_kc512_s701,442,incoming_l1,role_shuffled,1,200,supervised,8,0.014382174146199155
flywire_783_mb_left_kc512_s701,442,incoming_l1,role_shuffled,1,200,supervised,9,0.014378003457918107
flywire_783_mb_left_kc512_s701,442,incoming_l1,role_shuffled,1,200,supervised,10,0.01437486702979682
flywire_783_mb_left_kc512_s701,442,incoming_l1,role_shuffled,1,200,supervised,11,0.014372438049847521
flywire_783_mb_left_kc512_s701,442,incoming_l1,role_shuffled,1,200,supervised,12,0.014370434192583173
flywire_783_mb_left_kc512_s701,442,incoming_l1,role_shuffled,1,200,supervised,13,0.014368696022673247
flywire_783_mb_left_kc512_s701,442,incoming_l1,role_shuffled,1,200,supervised,14,0.014367188025221179
flywire_783_mb_left_kc512_s701,442,incoming_l1,role_shuffled,1,200,supervised,15,0.014365990912259468
flywire_783_mb_left_kc512_s701,442,incoming_l1,role_shuffled,1,200,supervised,16,0.014365212992344766
flywire_783_mb_left_kc512_s701,442,incoming_l1,role_shuffled,1,200,supervised,17,0.014364526096672974
flywire_783_mb_left_kc512_s701,442,incoming_l1,role_shuffled,1,200,supervised,18,0.014363925313956645
flywire_783_mb_left_kc512_s701,442,incoming_l1,role_shuffled,1,200,supervised,19,0.014363480913500004
flywire_783_mb_left_kc512_s701,442,incoming_l1,role_shuffled,1,200,supervised,20,0.014363161068168767
flywire_783_mb_left_kc512_s701,442,incoming_l1,role_shuffled,1,200,supervised,21,0.014362877857030538
flywire_783_mb_left_kc512_s701,442,incoming_l1,role_shuffled,1,200,supervised,22,0.014362614344966614
flywire_783_mb_left_kc512_s701,442,incoming_l1,role_shuffled,1,200,supervised,23,0.014362365696601643
flywire_783_mb_left_kc512_s701,442,incoming_l1,role_shuffled,1,200,supervised,24,0.014362132331096584
flywire_783_mb_left_kc512_s701,442,incoming_l1,role_shuffled,1,200,supervised,25,0.014361933795710852
flywire_783_mb_left_kc512_s701,442,incoming_l1,role_shuffled,1,200,supervised,26,0.014361798128024121
flywire_783_mb_left_kc512_s701,442,incoming_l1,role_shuffled,1,200,supervised,27,0.014361680307622396
flywire_783_mb_left_kc512_s701,442,incoming_l1,role_shuffled,1,200,supervised,28,0.01436159109144806
flywire_783_mb_left_kc512_s701,442,incoming_l1,role_shuffled,1,200,supervised,29,0.014361529125267116
flywire_783_mb_left_kc512_s701,442,incoming_l1,role_shuffled,1,200,supervised,30,0.014361485409157255
flywire_783_mb_left_kc512_s701,442,incoming_l1,role_shuffled,1,200,permuted_teacher,1,0.014788224138910584
flywire_783_mb_left_kc512_s701,442,incoming_l1,role_shuffled,1,200,permuted_teacher,2,0.014578082641210691
flywire_783_mb_left_kc512_s701,442,incoming_l1,role_shuffled,1,200,permuted_teacher,3,0.01451102292415916
flywire_783_mb_left_kc512_s701,442,incoming_l1,role_shuffled,1,200,permuted_teacher,4,0.014479337280714181
flywire_783_mb_left_kc512_s701,442,incoming_l1,role_shuffled,1,200,permuted_teacher,5,0.014458467567096666
flywire_783_mb_left_kc512_s701,442,incoming_l1,role_shuffled,1,200,permuted_teacher,6,0.014443393030768524
flywire_783_mb_left_kc512_s701,442,incoming_l1,role_shuffled,1,200,permuted_teacher,7,0.014433779119982785
flywire_783_mb_left_kc512_s701,442,incoming_l1,role_shuffled,1,200,permuted_teacher,8,0.014428002248369771
flywire_783_mb_left_kc512_s701,442,incoming_l1,role_shuffled,1,200,permuted_teacher,9,0.014424648050322722
flywire_783_mb_left_kc512_s701,442,incoming_l1,role_shuffled,1,200,permuted_teacher,10,0.01442233348487679
flywire_783_mb_left_kc512_s701,442,incoming_l1,role_shuffled,1,200,permuted_teacher,11,0.014420359487544037
flywire_783_mb_left_kc512_s701,442,incoming_l1,role_shuffled,1,200,permuted_teacher,12,0.014418774434636983
flywire_783_mb_left_kc512_s701,442,incoming_l1,role_shuffled,1,200,permuted_teacher,13,0.01441759218340259
flywire_783_mb_left_kc512_s701,442,incoming_l1,role_shuffled,1,200,permuted_teacher,14,0.014416611274852305
flywire_783_mb_left_kc512_s701,442,incoming_l1,role_shuffled,1,200,permuted_teacher,15,0.01441575277197443
flywire_783_mb_left_kc512_s701,442,incoming_l1,role_shuffled,1,200,permuted_teacher,16,0.0144151050865991
flywire_783_mb_left_kc512_s701,442,incoming_l1,role_shuffled,1,200,permuted_teacher,17,0.01441459426867754
flywire_783_mb_left_kc512_s701,442,incoming_l1,role_shuffled,1,200,permuted_teacher,18,0.014414112062420933
flywire_783_mb_left_kc512_s701,442,incoming_l1,role_shuffled,1,200,permuted_teacher,19,0.014413632422959817
flywire_783_mb_left_kc512_s701,442,incoming_l1,role_shuffled,1,200,permuted_teacher,20,0.014413178241566843
flywire_783_mb_left_kc512_s701,442,incoming_l1,role_shuffled,1,200,permuted_teacher,21,0.014412785579102113
flywire_783_mb_left_kc512_s701,442,incoming_l1,role_shuffled,1,200,permuted_teacher,22,0.014412427830961994
flywire_783_mb_left_kc512_s701,442,incoming_l1,role_shuffled,1,200,permuted_teacher,23,0.01441209731907739
flywire_783_mb_left_kc512_s701,442,incoming_l1,role_shuffled,1,200,permuted_teacher,24,0.014411825828659358
flywire_783_mb_left_kc512_s701,442,incoming_l1,role_shuffled,1,200,permuted_teacher,25,0.01441163477687994
flywire_783_mb_left_kc512_s701,442,incoming_l1,role_shuffled,1,200,permuted_teacher,26,0.014411483746759374
flywire_783_mb_left_kc512_s701,442,incoming_l1,role_shuffled,1,200,permuted_teacher,27,0.014411371698715975
flywire_783_mb_left_kc512_s701,442,incoming_l1,role_shuffled,1,200,permuted_teacher,28,0.014411288331400008
flywire_783_mb_left_kc512_s701,442,incoming_l1,role_shuffled,1,200,permuted_teacher,29,0.014411250550679726
flywire_783_mb_left_kc512_s701,442,incoming_l1,role_shuffled,1,200,permuted_teacher,30,0.014411199946762467
flywire_783_mb_left_kc512_s701,442,incoming_l1,role_shuffled,2,50,supervised,1,0.01498532549388575
flywire_783_mb_left_kc512_s701,442,incoming_l1,role_shuffled,2,50,supervised,2,0.014883718036090496
flywire_783_mb_left_kc512_s701,442,incoming_l1,role_shuffled,2,50,supervised,3,0.01481328002898853
flywire_783_mb_left_kc512_s701,442,incoming_l1,role_shuffled,2,50,supervised,4,0.014746177868981256
flywire_783_mb_left_kc512_s701,442,incoming_l1,role_shuffled,2,50,supervised,5,0.014685040228189639
flywire_783_mb_left_kc512_s701,442,incoming_l1,role_shuffled,2,50,supervised,6,0.01463922872468552
flywire_783_mb_left_kc512_s701,442,incoming_l1,role_shuffled,2,50,supervised,7,0.014605840564457878
flywire_783_mb_left_kc512_s701,442,incoming_l1,role_shuffled,2,50,supervised,8,0.014580093207434836
flywire_783_mb_left_kc512_s701,442,incoming_l1,role_shuffled,2,50,supervised,9,0.014558227177296329
flywire_783_mb_left_kc512_s701,442,incoming_l1,role_shuffled,2,50,supervised,10,0.014538976264037235
flywire_783_mb_left_kc512_s701,442,incoming_l1,role_shuffled,2,50,supervised,11,0.01452221188059169
flywire_783_mb_left_kc512_s701,442,incoming_l1,role_shuffled,2,50,supervised,12,0.014508321076975507
flywire_783_mb_left_kc512_s701,442,incoming_l1,role_shuffled,2,50,supervised,13,0.014496585555976401
flywire_783_mb_left_kc512_s701,442,incoming_l1,role_shuffled,2,50,supervised,14,0.014485428762107382
flywire_783_mb_left_kc512_s701,442,incoming_l1,role_shuffled,2,50,supervised,15,0.014475442797145487
flywire_783_mb_left_kc512_s701,442,incoming_l1,role_shuffled,2,50,supervised,16,0.0144669340238122
flywire_783_mb_left_kc512_s701,442,incoming_l1,role_shuffled,2,50,supervised,17,0.014458557027457266
flywire_783_mb_left_kc512_s701,442,incoming_l1,role_shuffled,2,50,supervised,18,0.014450956180461522
flywire_783_mb_left_kc512_s701,442,incoming_l1,role_shuffled,2,50,supervised,19,0.014444238644117325
flywire_783_mb_left_kc512_s701,442,incoming_l1,role_shuffled,2,50,supervised,20,0.01443829026094545
flywire_783_mb_left_kc512_s701,442,incoming_l1,role_shuffled,2,50,supervised,21,0.01443262654074666
flywire_783_mb_left_kc512_s701,442,incoming_l1,role_shuffled,2,50,supervised,22,0.014427547130669575
flywire_783_mb_left_kc512_s701,442,incoming_l1,role_shuffled,2,50,supervised,23,0.014422985506879706
flywire_783_mb_left_kc512_s701,442,incoming_l1,role_shuffled,2,50,supervised,24,0.014418536208932619
flywire_783_mb_left_kc512_s701,442,incoming_l1,role_shuffled,2,50,supervised,25,0.014414334166259974
flywire_783_mb_left_kc512_s701,442,incoming_l1,role_shuffled,2,50,supervised,26,0.014410582145512918
flywire_783_mb_left_kc512_s701,442,incoming_l1,role_shuffled,2,50,supervised,27,0.014407325045806265
flywire_783_mb_left_kc512_s701,442,incoming_l1,role_shuffled,2,50,supervised,28,0.014404737370180413
flywire_783_mb_left_kc512_s701,442,incoming_l1,role_shuffled,2,50,supervised,29,0.0144024411103556
flywire_783_mb_left_kc512_s701,442,incoming_l1,role_shuffled,2,50,supervised,30,0.01440034293328602
flywire_783_mb_left_kc512_s701,442,incoming_l1,role_shuffled,2,50,permuted_teacher,1,0.014951096552507785
flywire_783_mb_left_kc512_s701,442,incoming_l1,role_shuffled,2,50,permuted_teacher,2,0.01483367012393634
flywire_783_mb_left_kc512_s701,442,incoming_l1,role_shuffled,2,50,permuted_teacher,3,0.014750454061490541
flywire_783_mb_left_kc512_s701,442,incoming_l1,role_shuffled,2,50,permuted_teacher,4,0.014677237440370186
flywire_783_mb_left_kc512_s701,442,incoming_l1,role_shuffled,2,50,permuted_teacher,5,0.014613036657501285
flywire_783_mb_left_kc512_s701,442,incoming_l1,role_shuffled,2,50,permuted_teacher,6,0.014563737822593365
flywire_783_mb_left_kc512_s701,442,incoming_l1,role_shuffled,2,50,permuted_teacher,7,0.014527560372368803
flywire_783_mb_left_kc512_s701,442,incoming_l1,role_shuffled,2,50,permuted_teacher,8,0.014498444619818938
flywire_783_mb_left_kc512_s701,442,incoming_l1,role_shuffled,2,50,permuted_teacher,9,0.014472565224065202
flywire_783_mb_left_kc512_s701,442,incoming_l1,role_shuffled,2,50,permuted_teacher,10,0.014449205119122215
flywire_783_mb_left_kc512_s701,442,incoming_l1,role_shuffled,2,50,permuted_teacher,11,0.0144292898582537
flywire_783_mb_left_kc512_s701,442,incoming_l1,role_shuffled,2,50,permuted_teacher,12,0.014413725121944061
flywire_783_mb_left_kc512_s701,442,incoming_l1,role_shuffled,2,50,permuted_teacher,13,0.014400590806022821
flywire_783_mb_left_kc512_s701,442,incoming_l1,role_shuffled,2,50,permuted_teacher,14,0.014388407532373365
flywire_783_mb_left_kc512_s701,442,incoming_l1,role_shuffled,2,50,permuted_teacher,15,0.01437717625996721
flywire_783_mb_left_kc512_s701,442,incoming_l1,role_shuffled,2,50,permuted_teacher,16,0.014367347621861627
flywire_783_mb_left_kc512_s701,442,incoming_l1,role_shuffled,2,50,permuted_teacher,17,0.014358915034102956
flywire_783_mb_left_kc512_s701,442,incoming_l1,role_shuffled,2,50,permuted_teacher,18,0.014351907822248482
flywire_783_mb_left_kc512_s701,442,incoming_l1,role_shuffled,2,50,permuted_teacher,19,0.014345723499622367
flywire_783_mb_left_kc512_s701,442,incoming_l1,role_shuffled,2,50,permuted_teacher,20,0.014340034800858516
flywire_783_mb_left_kc512_s701,442,incoming_l1,role_shuffled,2,50,permuted_teacher,21,0.014334748137072974
flywire_783_mb_left_kc512_s701,442,incoming_l1,role_shuffled,2,50,permuted_teacher,22,0.014329845071883531
flywire_783_mb_left_kc512_s701,442,incoming_l1,role_shuffled,2,50,permuted_teacher,23,0.014325555832057376
flywire_783_mb_left_kc512_s701,442,incoming_l1,role_shuffled,2,50,permuted_teacher,24,0.014322011910451274
flywire_783_mb_left_kc512_s701,442,incoming_l1,role_shuffled,2,50,permuted_teacher,25,0.014318975531550584
flywire_783_mb_left_kc512_s701,442,incoming_l1,role_shuffled,2,50,permuted_teacher,26,0.014316015759832282
flywire_783_mb_left_kc512_s701,442,incoming_l1,role_shuffled,2,50,permuted_teacher,27,0.0143133222494156
flywire_783_mb_left_kc512_s701,442,incoming_l1,role_shuffled,2,50,permuted_teacher,28,0.014310827167417798
flywire_783_mb_left_kc512_s701,442,incoming_l1,role_shuffled,2,50,permuted_teacher,29,0.01430849031938098
flywire_783_mb_left_kc512_s701,442,incoming_l1,role_shuffled,2,50,permuted_teacher,30,0.014306415018494728
flywire_783_mb_left_kc512_s701,442,incoming_l1,role_shuffled,2,200,supervised,1,0.014797393162880429
flywire_783_mb_left_kc512_s701,442,incoming_l1,role_shuffled,2,200,supervised,2,0.014599353241559455
flywire_783_mb_left_kc512_s701,442,incoming_l1,role_shuffled,2,200,supervised,3,0.014534971185411433
flywire_783_mb_left_kc512_s701,442,incoming_l1,role_shuffled,2,200,supervised,4,0.014504649011154173
flywire_783_mb_left_kc512_s701,442,incoming_l1,role_shuffled,2,200,supervised,5,0.014483274441031981
flywire_783_mb_left_kc512_s701,442,incoming_l1,role_shuffled,2,200,supervised,6,0.014467049203151328
flywire_783_mb_left_kc512_s701,442,incoming_l1,role_shuffled,2,200,supervised,7,0.014456334085394505
flywire_783_mb_left_kc512_s701,442,incoming_l1,role_shuffled,2,200,supervised,8,0.014449294417493416
flywire_783_mb_left_kc512_s701,442,incoming_l1,role_shuffled,2,200,supervised,9,0.014444298398175376
flywire_783_mb_left_kc512_s701,442,incoming_l1,role_shuffled,2,200,supervised,10,0.014441473633465393
flywire_783_mb_left_kc512_s701,442,incoming_l1,role_shuffled,2,200,supervised,11,0.014439456654367381
flywire_783_mb_left_kc512_s701,442,incoming_l1,role_shuffled,2,200,supervised,12,0.014437560158400267
flywire_783_mb_left_kc512_s701,442,incoming_l1,role_shuffled,2,200,supervised,13,0.01443594729839898
flywire_783_mb_left_kc512_s701,442,incoming_l1,role_shuffled,2,200,supervised,14,0.014434612836281608
flywire_783_mb_left_kc512_s701,442,incoming_l1,role_shuffled,2,200,supervised,15,0.014433582830062242
flywire_783_mb_left_kc512_s701,442,incoming_l1,role_shuffled,2,200,supervised,16,0.014432697249172963
flywire_783_mb_left_kc512_s701,442,incoming_l1,role_shuffled,2,200,supervised,17,0.0144318974200141
flywire_783_mb_left_kc512_s701,442,incoming_l1,role_shuffled,2,200,supervised,18,0.014431205233136329
flywire_783_mb_left_kc512_s701,442,incoming_l1,role_shuffled,2,200,supervised,19,0.014430659475800498
flywire_783_mb_left_kc512_s701,442,incoming_l1,role_shuffled,2,200,supervised,20,0.014430154013964762
flywire_783_mb_left_kc512_s701,442,incoming_l1,role_shuffled,2,200,supervised,21,0.014429691681472541
flywire_783_mb_left_kc512_s701,442,incoming_l1,role_shuffled,2,200,supervised,22,0.014429300138603137
flywire_783_mb_left_kc512_s701,442,incoming_l1,role_shuffled,2,200,supervised,23,0.014428942120033931
flywire_783_mb_left_kc512_s701,442,incoming_l1,role_shuffled,2,200,supervised,24,0.01442879473521023
flywire_783_mb_left_kc512_s701,442,incoming_l1,role_shuffled,2,200,supervised,25,0.014428716291807215
flywire_783_mb_left_kc512_s701,442,incoming_l1,role_shuffled,2,200,supervised,26,0.01442863245171527
flywire_783_mb_left_kc512_s701,442,incoming_l1,role_shuffled,2,200,supervised,27,0.014428556771605405
flywire_783_mb_left_kc512_s701,442,incoming_l1,role_shuffled,2,200,supervised,28,0.014428494471943108
flywire_783_mb_left_kc512_s701,442,incoming_l1,role_shuffled,2,200,supervised,29,0.014428442364260401
flywire_783_mb_left_kc512_s701,442,incoming_l1,role_shuffled,2,200,supervised,30,0.0144283981511233
flywire_783_mb_left_kc512_s701,442,incoming_l1,role_shuffled,2,200,permuted_teacher,1,0.014804963617545007
flywire_783_mb_left_kc512_s701,442,incoming_l1,role_shuffled,2,200,permuted_teacher,2,0.014605526462134902
flywire_783_mb_left_kc512_s701,442,incoming_l1,role_shuffled,2,200,permuted_teacher,3,0.014544136193168234
flywire_783_mb_left_kc512_s701,442,incoming_l1,role_shuffled,2,200,permuted_teacher,4,0.014518400881706105
flywire_783_mb_left_kc512_s701,442,incoming_l1,role_shuffled,2,200,permuted_teacher,5,0.014503220952447774
flywire_783_mb_left_kc512_s701,442,incoming_l1,role_shuffled,2,200,permuted_teacher,6,0.014493648367690222
flywire_783_mb_left_kc512_s701,442,incoming_l1,role_shuffled,2,200,permuted_teacher,7,0.014487454056993634
flywire_783_mb_left_kc512_s701,442,incoming_l1,role_shuffled,2,200,permuted_teacher,8,0.014485312307078703
flywire_783_mb_left_kc512_s701,442,incoming_l1,role_shuffled,2,200,permuted_teacher,9,0.014484070424862478
flywire_783_mb_left_kc512_s701,442,incoming_l1,role_shuffled,2,200,permuted_teacher,10,0.014483276918038537
flywire_783_mb_left_kc512_s701,442,incoming_l1,role_shuffled,2,200,permuted_teacher,11,0.014482622992031291
flywire_783_mb_left_kc512_s701,442,incoming_l1,role_shuffled,2,200,permuted_teacher,12,0.01448210437245022
flywire_783_mb_left_kc512_s701,442,incoming_l1,role_shuffled,2,200,permuted_teacher,13,0.014481688750702748
flywire_783_mb_left_kc512_s701,442,incoming_l1,role_shuffled,2,200,permuted_teacher,14,0.014481415483181851
flywire_783_mb_left_kc512_s701,442,incoming_l1,role_shuffled,2,200,permuted_teacher,15,0.014481170437447882
flywire_783_mb_left_kc512_s701,442,incoming_l1,role_shuffled,2,200,permuted_teacher,16,0.014480935615335777
flywire_783_mb_left_kc512_s701,442,incoming_l1,role_shuffled,2,200,permuted_teacher,17,0.014480743124003194
flywire_783_mb_left_kc512_s701,442,incoming_l1,role_shuffled,2,200,permuted_teacher,18,0.014480684864887646
flywire_783_mb_left_kc512_s701,442,incoming_l1,role_shuffled,2,200,permuted_teacher,19,0.014480622928987854
flywire_783_mb_left_kc512_s701,442,incoming_l1,role_shuffled,2,200,permuted_teacher,20,0.014480523316683865
flywire_783_mb_left_kc512_s701,442,incoming_l1,role_shuffled,2,200,permuted_teacher,21,0.014480439730583952
flywire_783_mb_left_kc512_s701,442,incoming_l1,role_shuffled,2,200,permuted_teacher,22,0.014480381179255028
flywire_783_mb_left_kc512_s701,442,incoming_l1,role_shuffled,2,200,permuted_teacher,23,0.01448033678327435
flywire_783_mb_left_kc512_s701,442,incoming_l1,role_shuffled,2,200,permuted_teacher,24,0.014480293975295357
flywire_783_mb_left_kc512_s701,442,incoming_l1,role_shuffled,2,200,permuted_teacher,25,0.014480250837731568
flywire_783_mb_left_kc512_s701,442,incoming_l1,role_shuffled,2,200,permuted_teacher,26,0.014480212769435261
flywire_783_mb_left_kc512_s701,442,incoming_l1,role_shuffled,2,200,permuted_teacher,27,0.014480188478044139
flywire_783_mb_left_kc512_s701,442,incoming_l1,role_shuffled,2,200,permuted_teacher,28,0.014480172741264442
flywire_783_mb_left_kc512_s701,442,incoming_l1,role_shuffled,2,200,permuted_teacher,29,0.014480160853287133
flywire_783_mb_left_kc512_s701,442,incoming_l1,role_shuffled,2,200,permuted_teacher,30,0.014480154929442473
flywire_783_mb_left_kc512_s701,442,incoming_l1,role_random,1,50,supervised,1,0.013921586716827996
flywire_783_mb_left_kc512_s701,442,incoming_l1,role_random,1,50,supervised,2,0.013548664060755479
flywire_783_mb_left_kc512_s701,442,incoming_l1,role_random,1,50,supervised,3,0.013256566890262979
flywire_783_mb_left_kc512_s701,442,incoming_l1,role_random,1,50,supervised,4,0.01302268698549946
flywire_783_mb_left_kc512_s701,442,incoming_l1,role_random,1,50,supervised,5,0.012835538088655124
flywire_783_mb_left_kc512_s701,442,incoming_l1,role_random,1,50,supervised,6,0.012688634633092118
flywire_783_mb_left_kc512_s701,442,incoming_l1,role_random,1,50,supervised,7,0.012575150498117964
flywire_783_mb_left_kc512_s701,442,incoming_l1,role_random,1,50,supervised,8,0.012487101964574395
flywire_783_mb_left_kc512_s701,442,incoming_l1,role_random,1,50,supervised,9,0.012417169260873637
flywire_783_mb_left_kc512_s701,442,incoming_l1,role_random,1,50,supervised,10,0.01236085492711132
flywire_783_mb_left_kc512_s701,442,incoming_l1,role_random,1,50,supervised,11,0.012314424618548266
flywire_783_mb_left_kc512_s701,442,incoming_l1,role_random,1,50,supervised,12,0.01227608441198606
flywire_783_mb_left_kc512_s701,442,incoming_l1,role_random,1,50,supervised,13,0.012244470721681947
flywire_783_mb_left_kc512_s701,442,incoming_l1,role_random,1,50,supervised,14,0.012218251539095606
flywire_783_mb_left_kc512_s701,442,incoming_l1,role_random,1,50,supervised,15,0.012195464080891864
flywire_783_mb_left_kc512_s701,442,incoming_l1,role_random,1,50,supervised,16,0.01217536756107632
flywire_783_mb_left_kc512_s701,442,incoming_l1,role_random,1,50,supervised,17,0.012157943309249455
flywire_783_mb_left_kc512_s701,442,incoming_l1,role_random,1,50,supervised,18,0.012142896259798946
flywire_783_mb_left_kc512_s701,442,incoming_l1,role_random,1,50,supervised,19,0.012129872250781916
flywire_783_mb_left_kc512_s701,442,incoming_l1,role_random,1,50,supervised,20,0.01211831359935343
flywire_783_mb_left_kc512_s701,442,incoming_l1,role_random,1,50,supervised,21,0.01210797216964367
flywire_783_mb_left_kc512_s701,442,incoming_l1,role_random,1,50,supervised,22,0.012098567616211243
flywire_783_mb_left_kc512_s701,442,incoming_l1,role_random,1,50,supervised,23,0.012090114462268493
flywire_783_mb_left_kc512_s701,442,incoming_l1,role_random,1,50,supervised,24,0.012082434259557618
flywire_783_mb_left_kc512_s701,442,incoming_l1,role_random,1,50,supervised,25,0.012075417382223385
flywire_783_mb_left_kc512_s701,442,incoming_l1,role_random,1,50,supervised,26,0.012069094812496966
flywire_783_mb_left_kc512_s701,442,incoming_l1,role_random,1,50,supervised,27,0.012063391307902373
flywire_783_mb_left_kc512_s701,442,incoming_l1,role_random,1,50,supervised,28,0.012058310916753877
flywire_783_mb_left_kc512_s701,442,incoming_l1,role_random,1,50,supervised,29,0.01205372815848955
flywire_783_mb_left_kc512_s701,442,incoming_l1,role_random,1,50,supervised,30,0.01204958604578667
flywire_783_mb_left_kc512_s701,442,incoming_l1,role_random,1,50,permuted_teacher,1,0.01388090696903148
flywire_783_mb_left_kc512_s701,442,incoming_l1,role_random,1,50,permuted_teacher,2,0.013496193438311804
flywire_783_mb_left_kc512_s701,442,incoming_l1,role_random,1,50,permuted_teacher,3,0.013195650505912117
flywire_783_mb_left_kc512_s701,442,incoming_l1,role_random,1,50,permuted_teacher,4,0.012955544269185326
flywire_783_mb_left_kc512_s701,442,incoming_l1,role_random,1,50,permuted_teacher,5,0.012763068897511947
flywire_783_mb_left_kc512_s701,442,incoming_l1,role_random,1,50,permuted_teacher,6,0.012612791262089954
flywire_783_mb_left_kc512_s701,442,incoming_l1,role_random,1,50,permuted_teacher,7,0.012496228775591879
flywire_783_mb_left_kc512_s701,442,incoming_l1,role_random,1,50,permuted_teacher,8,0.012407079525466313
flywire_783_mb_left_kc512_s701,442,incoming_l1,role_random,1,50,permuted_teacher,9,0.01233678651369438
flywire_783_mb_left_kc512_s701,442,incoming_l1,role_random,1,50,permuted_teacher,10,0.012280083935007197
flywire_783_mb_left_kc512_s701,442,incoming_l1,role_random,1,50,permuted_teacher,11,0.01223434003911982
flywire_783_mb_left_kc512_s701,442,incoming_l1,role_random,1,50,permuted_teacher,12,0.012196759206799307
flywire_783_mb_left_kc512_s701,442,incoming_l1,role_random,1,50,permuted_teacher,13,0.012165697117281705
flywire_783_mb_left_kc512_s701,442,incoming_l1,role_random,1,50,permuted_teacher,14,0.012139324349746907
flywire_783_mb_left_kc512_s701,442,incoming_l1,role_random,1,50,permuted_teacher,15,0.012116617350444638
flywire_783_mb_left_kc512_s701,442,incoming_l1,role_random,1,50,permuted_teacher,16,0.01209697048479117
flywire_783_mb_left_kc512_s701,442,incoming_l1,role_random,1,50,permuted_teacher,17,0.012080294697381868
flywire_783_mb_left_kc512_s701,442,incoming_l1,role_random,1,50,permuted_teacher,18,0.012065726047849301
flywire_783_mb_left_kc512_s701,442,incoming_l1,role_random,1,50,permuted_teacher,19,0.01205330789044269
flywire_783_mb_left_kc512_s701,442,incoming_l1,role_random,1,50,permuted_teacher,20,0.012042493643061418
flywire_783_mb_left_kc512_s701,442,incoming_l1,role_random,1,50,permuted_teacher,21,0.012032627641943891
flywire_783_mb_left_kc512_s701,442,incoming_l1,role_random,1,50,permuted_teacher,22,0.012023870235071765
flywire_783_mb_left_kc512_s701,442,incoming_l1,role_random,1,50,permuted_teacher,23,0.012016081602240604
flywire_783_mb_left_kc512_s701,442,incoming_l1,role_random,1,50,permuted_teacher,24,0.01200905390015122
flywire_783_mb_left_kc512_s701,442,incoming_l1,role_random,1,50,permuted_teacher,25,0.01200256836464273
flywire_783_mb_left_kc512_s701,442,incoming_l1,role_random,1,50,permuted_teacher,26,0.01199654735591688
flywire_783_mb_left_kc512_s701,442,incoming_l1,role_random,1,50,permuted_teacher,27,0.011991092386889128
flywire_783_mb_left_kc512_s701,442,incoming_l1,role_random,1,50,permuted_teacher,28,0.011986105705397071
flywire_783_mb_left_kc512_s701,442,incoming_l1,role_random,1,50,permuted_teacher,29,0.011981680813010055
flywire_783_mb_left_kc512_s701,442,incoming_l1,role_random,1,50,permuted_teacher,30,0.011977698840590955
flywire_783_mb_left_kc512_s701,442,incoming_l1,role_random,1,200,supervised,1,0.013577813437465907
flywire_783_mb_left_kc512_s701,442,incoming_l1,role_random,1,200,supervised,2,0.012972064921087116
flywire_783_mb_left_kc512_s701,442,incoming_l1,role_random,1,200,supervised,3,0.012735786094625962
flywire_783_mb_left_kc512_s701,442,incoming_l1,role_random,1,200,supervised,4,0.012632355865144627
flywire_783_mb_left_kc512_s701,442,incoming_l1,role_random,1,200,supervised,5,0.01257544849339431
flywire_783_mb_left_kc512_s701,442,incoming_l1,role_random,1,200,supervised,6,0.01254063521388015
flywire_783_mb_left_kc512_s701,442,incoming_l1,role_random,1,200,supervised,7,0.012518206284583177
flywire_783_mb_left_kc512_s701,442,incoming_l1,role_random,1,200,supervised,8,0.012502365316625293
flywire_783_mb_left_kc512_s701,442,incoming_l1,role_random,1,200,supervised,9,0.012490850388119748
flywire_783_mb_left_kc512_s701,442,incoming_l1,role_random,1,200,supervised,10,0.012482129356480211
flywire_783_mb_left_kc512_s701,442,incoming_l1,role_random,1,200,supervised,11,0.012475586555335098
flywire_783_mb_left_kc512_s701,442,incoming_l1,role_random,1,200,supervised,12,0.01247048082934955
flywire_783_mb_left_kc512_s701,442,incoming_l1,role_random,1,200,supervised,13,0.012466475775548734
flywire_783_mb_left_kc512_s701,442,incoming_l1,role_random,1,200,supervised,14,0.012463191591081668
flywire_783_mb_left_kc512_s701,442,incoming_l1,role_random,1,200,supervised,15,0.012460500704835098
flywire_783_mb_left_kc512_s701,442,incoming_l1,role_random,1,200,supervised,16,0.012458233493862946
flywire_783_mb_left_kc512_s701,442,incoming_l1,role_random,1,200,supervised,17,0.01245635742800404
flywire_783_mb_left_kc512_s701,442,incoming_l1,role_random,1,200,supervised,18,0.012454843666748955
flywire_783_mb_left_kc512_s701,442,incoming_l1,role_random,1,200,supervised,19,0.012453592775417986
flywire_783_mb_left_kc512_s701,442,incoming_l1,role_random,1,200,supervised,20,0.0124525460833143
flywire_783_mb_left_kc512_s701,442,incoming_l1,role_random,1,200,supervised,21,0.012451645489190664
flywire_783_mb_left_kc512_s701,442,incoming_l1,role_random,1,200,supervised,22,0.012450853096660641
flywire_783_mb_left_kc512_s701,442,incoming_l1,role_random,1,200,supervised,23,0.012450149098503586
flywire_783_mb_left_kc512_s701,442,incoming_l1,role_random,1,200,supervised,24,0.012449528579145646
flywire_783_mb_left_kc512_s701,442,incoming_l1,role_random,1,200,supervised,25,0.012448974635759606
flywire_783_mb_left_kc512_s701,442,incoming_l1,role_random,1,200,supervised,26,0.012448498389916657
flywire_783_mb_left_kc512_s701,442,incoming_l1,role_random,1,200,supervised,27,0.012448080554865248
flywire_783_mb_left_kc512_s701,442,incoming_l1,role_random,1,200,supervised,28,0.012447702583215736
flywire_783_mb_left_kc512_s701,442,incoming_l1,role_random,1,200,supervised,29,0.012447376359273852
flywire_783_mb_left_kc512_s701,442,incoming_l1,role_random,1,200,supervised,30,0.012447081600085284
flywire_783_mb_left_kc512_s701,442,incoming_l1,role_random,1,200,permuted_teacher,1,0.013569267741506475
flywire_783_mb_left_kc512_s701,442,incoming_l1,role_random,1,200,permuted_teacher,2,0.012952346184905414
flywire_783_mb_left_kc512_s701,442,incoming_l1,role_random,1,200,permuted_teacher,3,0.012712314304727476
flywire_783_mb_left_kc512_s701,442,incoming_l1,role_random,1,200,permuted_teacher,4,0.012606460608213063
flywire_783_mb_left_kc512_s701,442,incoming_l1,role_random,1,200,permuted_teacher,5,0.01254902066810748
flywire_783_mb_left_kc512_s701,442,incoming_l1,role_random,1,200,permuted_teacher,6,0.012514196011095876
flywire_783_mb_left_kc512_s701,442,incoming_l1,role_random,1,200,permuted_teacher,7,0.012491828769110098
flywire_783_mb_left_kc512_s701,442,incoming_l1,role_random,1,200,permuted_teacher,8,0.012475971613566382
flywire_783_mb_left_kc512_s701,442,incoming_l1,role_random,1,200,permuted_teacher,9,0.012464606983945392
flywire_783_mb_left_kc512_s701,442,incoming_l1,role_random,1,200,permuted_teacher,10,0.012456243539201784
flywire_783_mb_left_kc512_s701,442,incoming_l1,role_random,1,200,permuted_teacher,11,0.012449715123808013
flywire_783_mb_left_kc512_s701,442,incoming_l1,role_random,1,200,permuted_teacher,12,0.012444611396929508
flywire_783_mb_left_kc512_s701,442,incoming_l1,role_random,1,200,permuted_teacher,13,0.012440769159706681
flywire_783_mb_left_kc512_s701,442,incoming_l1,role_random,1,200,permuted_teacher,14,0.01243766948599154
flywire_783_mb_left_kc512_s701,442,incoming_l1,role_random,1,200,permuted_teacher,15,0.012434984469926367
flywire_783_mb_left_kc512_s701,442,incoming_l1,role_random,1,200,permuted_teacher,16,0.012432672035458387
flywire_783_mb_left_kc512_s701,442,incoming_l1,role_random,1,200,permuted_teacher,17,0.01243061905844985
flywire_783_mb_left_kc512_s701,442,incoming_l1,role_random,1,200,permuted_teacher,18,0.012428845010457271
flywire_783_mb_left_kc512_s701,442,incoming_l1,role_random,1,200,permuted_teacher,19,0.012427297792920327
flywire_783_mb_left_kc512_s701,442,incoming_l1,role_random,1,200,permuted_teacher,20,0.0124259309560009
flywire_783_mb_left_kc512_s701,442,incoming_l1,role_random,1,200,permuted_teacher,21,0.012424718647685752
flywire_783_mb_left_kc512_s701,442,incoming_l1,role_random,1,200,permuted_teacher,22,0.01242365364263171
flywire_783_mb_left_kc512_s701,442,incoming_l1,role_random,1,200,permuted_teacher,23,0.012422706838273654
flywire_783_mb_left_kc512_s701,442,incoming_l1,role_random,1,200,permuted_teacher,24,0.012421840294172834
flywire_783_mb_left_kc512_s701,442,incoming_l1,role_random,1,200,permuted_teacher,25,0.01242105500438265
flywire_783_mb_left_kc512_s701,442,incoming_l1,role_random,1,200,permuted_teacher,26,0.012420349244623315
flywire_783_mb_left_kc512_s701,442,incoming_l1,role_random,1,200,permuted_teacher,27,0.012419701887606965
flywire_783_mb_left_kc512_s701,442,incoming_l1,role_random,1,200,permuted_teacher,28,0.012419102353359922
flywire_783_mb_left_kc512_s701,442,incoming_l1,role_random,1,200,permuted_teacher,29,0.012418549173846738
flywire_783_mb_left_kc512_s701,442,incoming_l1,role_random,1,200,permuted_teacher,30,0.012418037877702105
flywire_783_mb_left_kc512_s701,442,incoming_l1,role_random,2,50,supervised,1,0.013892544080268038
flywire_783_mb_left_kc512_s701,442,incoming_l1,role_random,2,50,supervised,2,0.013512730078343001
flywire_783_mb_left_kc512_s701,442,incoming_l1,role_random,2,50,supervised,3,0.01321694360666972
flywire_783_mb_left_kc512_s701,442,incoming_l1,role_random,2,50,supervised,4,0.012981348318056626
flywire_783_mb_left_kc512_s701,442,incoming_l1,role_random,2,50,supervised,5,0.01279482781835485
flywire_783_mb_left_kc512_s701,442,incoming_l1,role_random,2,50,supervised,6,0.012650845417485746
flywire_783_mb_left_kc512_s701,442,incoming_l1,role_random,2,50,supervised,7,0.012540420229156688
flywire_783_mb_left_kc512_s701,442,incoming_l1,role_random,2,50,supervised,8,0.012455780525950312
flywire_783_mb_left_kc512_s701,442,incoming_l1,role_random,2,50,supervised,9,0.012389166560130315
flywire_783_mb_left_kc512_s701,442,incoming_l1,role_random,2,50,supervised,10,0.012334651987914304
flywire_783_mb_left_kc512_s701,442,incoming_l1,role_random,2,50,supervised,11,0.012289559545277587
flywire_783_mb_left_kc512_s701,442,incoming_l1,role_random,2,50,supervised,12,0.01225196576461621
flywire_783_mb_left_kc512_s701,442,incoming_l1,role_random,2,50,supervised,13,0.012221308269088977
flywire_783_mb_left_kc512_s701,442,incoming_l1,role_random,2,50,supervised,14,0.012195627911022498
flywire_783_mb_left_kc512_s701,442,incoming_l1,role_random,2,50,supervised,15,0.012173191838841758
flywire_783_mb_left_kc512_s701,442,incoming_l1,role_random,2,50,supervised,16,0.012154116711492831
flywire_783_mb_left_kc512_s701,442,incoming_l1,role_random,2,50,supervised,17,0.012137559475972342
flywire_783_mb_left_kc512_s701,442,incoming_l1,role_random,2,50,supervised,18,0.012122908913329542
flywire_783_mb_left_kc512_s701,442,incoming_l1,role_random,2,50,supervised,19,0.012110084397633369
flywire_783_mb_left_kc512_s701,442,incoming_l1,role_random,2,50,supervised,20,0.012098762296205798
flywire_783_mb_left_kc512_s701,442,incoming_l1,role_random,2,50,supervised,21,0.012088787299960917
flywire_783_mb_left_kc512_s701,442,incoming_l1,role_random,2,50,supervised,22,0.012079990333036897
flywire_783_mb_left_kc512_s701,442,incoming_l1,role_random,2,50,supervised,23,0.012072033722328788
flywire_783_mb_left_kc512_s701,442,incoming_l1,role_random,2,50,supervised,24,0.012064684565606129
flywire_783_mb_left_kc512_s701,442,incoming_l1,role_random,2,50,supervised,25,0.012058058948877105
flywire_783_mb_left_kc512_s701,442,incoming_l1,role_random,2,50,supervised,26,0.012052032595574353
flywire_783_mb_left_kc512_s701,442,incoming_l1,role_random,2,50,supervised,27,0.012046565123938823
flywire_783_mb_left_kc512_s701,442,incoming_l1,role_random,2,50,supervised,28,0.012041696643956882
flywire_783_mb_left_kc512_s701,442,incoming_l1,role_random,2,50,supervised,29,0.012037294535966941
flywire_783_mb_left_kc512_s701,442,incoming_l1,role_random,2,50,supervised,30,0.012033201285629382
flywire_783_mb_left_kc512_s701,442,incoming_l1,role_random,2,50,permuted_teacher,1,0.013820715641867034
flywire_783_mb_left_kc512_s701,442,incoming_l1,role_random,2,50,permuted_teacher,2,0.013423541601289403
flywire_783_mb_left_kc512_s701,442,incoming_l1,role_random,2,50,permuted_teacher,3,0.013113209659587358
flywire_783_mb_left_kc512_s701,442,incoming_l1,role_random,2,50,permuted_teacher,4,0.012865059255309971
flywire_783_mb_left_kc512_s701,442,incoming_l1,role_random,2,50,permuted_teacher,5,0.012667176300363882
flywire_783_mb_left_kc512_s701,442,incoming_l1,role_random,2,50,permuted_teacher,6,0.01251287843589699
flywire_783_mb_left_kc512_s701,442,incoming_l1,role_random,2,50,permuted_teacher,7,0.012393250895023935
flywire_783_mb_left_kc512_s701,442,incoming_l1,role_random,2,50,permuted_teacher,8,0.012301068246869759
flywire_783_mb_left_kc512_s701,442,incoming_l1,role_random,2,50,permuted_teacher,9,0.012228453158384764
flywire_783_mb_left_kc512_s701,442,incoming_l1,role_random,2,50,permuted_teacher,10,0.01216901218938519
flywire_783_mb_left_kc512_s701,442,incoming_l1,role_random,2,50,permuted_teacher,11,0.012120409241379413
flywire_783_mb_left_kc512_s701,442,incoming_l1,role_random,2,50,permuted_teacher,12,0.012080461168404827
flywire_783_mb_left_kc512_s701,442,incoming_l1,role_random,2,50,permuted_teacher,13,0.01204738739619073
flywire_783_mb_left_kc512_s701,442,incoming_l1,role_random,2,50,permuted_teacher,14,0.012019970599708872
flywire_783_mb_left_kc512_s701,442,incoming_l1,role_random,2,50,permuted_teacher,15,0.011997209095037098
flywire_783_mb_left_kc512_s701,442,incoming_l1,role_random,2,50,permuted_teacher,16,0.011978037309661545
flywire_783_mb_left_kc512_s701,442,incoming_l1,role_random,2,50,permuted_teacher,17,0.01196161282753566
flywire_783_mb_left_kc512_s701,442,incoming_l1,role_random,2,50,permuted_teacher,18,0.011947623897773516
flywire_783_mb_left_kc512_s701,442,incoming_l1,role_random,2,50,permuted_teacher,19,0.011935458834842162
flywire_783_mb_left_kc512_s701,442,incoming_l1,role_random,2,50,permuted_teacher,20,0.011924839460758787
flywire_783_mb_left_kc512_s701,442,incoming_l1,role_random,2,50,permuted_teacher,21,0.011915539450191642
flywire_783_mb_left_kc512_s701,442,incoming_l1,role_random,2,50,permuted_teacher,22,0.011907255517242202
flywire_783_mb_left_kc512_s701,442,incoming_l1,role_random,2,50,permuted_teacher,23,0.011899979627791503
flywire_783_mb_left_kc512_s701,442,incoming_l1,role_random,2,50,permuted_teacher,24,0.011893340117341066
flywire_783_mb_left_kc512_s701,442,incoming_l1,role_random,2,50,permuted_teacher,25,0.011887285710301784
flywire_783_mb_left_kc512_s701,442,incoming_l1,role_random,2,50,permuted_teacher,26,0.011881769228702922
flywire_783_mb_left_kc512_s701,442,incoming_l1,role_random,2,50,permuted_teacher,27,0.011876743327184172
flywire_783_mb_left_kc512_s701,442,incoming_l1,role_random,2,50,permuted_teacher,28,0.01187230448762946
flywire_783_mb_left_kc512_s701,442,incoming_l1,role_random,2,50,permuted_teacher,29,0.011868238770062772
flywire_783_mb_left_kc512_s701,442,incoming_l1,role_random,2,50,permuted_teacher,30,0.011864497601018271
flywire_783_mb_left_kc512_s701,442,incoming_l1,role_random,2,200,supervised,1,0.013589772763418351
flywire_783_mb_left_kc512_s701,442,incoming_l1,role_random,2,200,supervised,2,0.012952428145939745
flywire_783_mb_left_kc512_s701,442,incoming_l1,role_random,2,200,supervised,3,0.012697255645352819
flywire_783_mb_left_kc512_s701,442,incoming_l1,role_random,2,200,supervised,4,0.012583720516854977
flywire_783_mb_left_kc512_s701,442,incoming_l1,role_random,2,200,supervised,5,0.012521786810227531
flywire_783_mb_left_kc512_s701,442,incoming_l1,role_random,2,200,supervised,6,0.012484718109816422
flywire_783_mb_left_kc512_s701,442,incoming_l1,role_random,2,200,supervised,7,0.012460568958995671
flywire_783_mb_left_kc512_s701,442,incoming_l1,role_random,2,200,supervised,8,0.012443702533738258
flywire_783_mb_left_kc512_s701,442,incoming_l1,role_random,2,200,supervised,9,0.012431390868100889
flywire_783_mb_left_kc512_s701,442,incoming_l1,role_random,2,200,supervised,10,0.012422032433700155
flywire_783_mb_left_kc512_s701,442,incoming_l1,role_random,2,200,supervised,11,0.012414891180722497
flywire_783_mb_left_kc512_s701,442,incoming_l1,role_random,2,200,supervised,12,0.012409505649148446
flywire_783_mb_left_kc512_s701,442,incoming_l1,role_random,2,200,supervised,13,0.012405487535685746
flywire_783_mb_left_kc512_s701,442,incoming_l1,role_random,2,200,supervised,14,0.012402301657385184
flywire_783_mb_left_kc512_s701,442,incoming_l1,role_random,2,200,supervised,15,0.012399763234991963
flywire_783_mb_left_kc512_s701,442,incoming_l1,role_random,2,200,supervised,16,0.0123977216576256
flywire_783_mb_left_kc512_s701,442,incoming_l1,role_random,2,200,supervised,17,0.012396052880968789
flywire_783_mb_left_kc512_s701,442,incoming_l1,role_random,2,200,supervised,18,0.012394594873607749
flywire_783_mb_left_kc512_s701,442,incoming_l1,role_random,2,200,supervised,19,0.01239332782602547
flywire_783_mb_left_kc512_s701,442,incoming_l1,role_random,2,200,supervised,20,0.012392245601912906
flywire_783_mb_left_kc512_s701,442,incoming_l1,role_random,2,200,supervised,21,0.012391286508180766
flywire_783_mb_left_kc512_s701,442,incoming_l1,role_random,2,200,supervised,22,0.012390427377182362
flywire_783_mb_left_kc512_s701,442,incoming_l1,role_random,2,200,supervised,23,0.012389666196525246
flywire_783_mb_left_kc512_s701,442,incoming_l1,role_random,2,200,supervised,24,0.012388997026835278
flywire_783_mb_left_kc512_s701,442,incoming_l1,role_random,2,200,supervised,25,0.012388415783691972
flywire_783_mb_left_kc512_s701,442,incoming_l1,role_random,2,200,supervised,26,0.012387899580191038
flywire_783_mb_left_kc512_s701,442,incoming_l1,role_random,2,200,supervised,27,0.012387431536570293
flywire_783_mb_left_kc512_s701,442,incoming_l1,role_random,2,200,supervised,28,0.01238702319618261
flywire_783_mb_left_kc512_s701,442,incoming_l1,role_random,2,200,supervised,29,0.01238661733754113
flywire_783_mb_left_kc512_s701,442,incoming_l1,role_random,2,200,supervised,30,0.012386271575701066
flywire_783_mb_left_kc512_s701,442,incoming_l1,role_random,2,200,permuted_teacher,1,0.013614600214432917
flywire_783_mb_left_kc512_s701,442,incoming_l1,role_random,2,200,permuted_teacher,2,0.012998787760660836
flywire_783_mb_left_kc512_s701,442,incoming_l1,role_random,2,200,permuted_teacher,3,0.012756118106126941
flywire_783_mb_left_kc512_s701,442,incoming_l1,role_random,2,200,permuted_teacher,4,0.012648737364030186
flywire_783_mb_left_kc512_s701,442,incoming_l1,role_random,2,200,permuted_teacher,5,0.012590743239604478
flywire_783_mb_left_kc512_s701,442,incoming_l1,role_random,2,200,permuted_teacher,6,0.012556164164819592
flywire_783_mb_left_kc512_s701,442,incoming_l1,role_random,2,200,permuted_teacher,7,0.012534209625212527
flywire_783_mb_left_kc512_s701,442,incoming_l1,role_random,2,200,permuted_teacher,8,0.01251963571805204
flywire_783_mb_left_kc512_s701,442,incoming_l1,role_random,2,200,permuted_teacher,9,0.012509702144863499
flywire_783_mb_left_kc512_s701,442,incoming_l1,role_random,2,200,permuted_teacher,10,0.012502780509238315
flywire_783_mb_left_kc512_s701,442,incoming_l1,role_random,2,200,permuted_teacher,11,0.012497728618581125
flywire_783_mb_left_kc512_s701,442,incoming_l1,role_random,2,200,permuted_teacher,12,0.012493987336592927
flywire_783_mb_left_kc512_s701,442,incoming_l1,role_random,2,200,permuted_teacher,13,0.012491197573242045
flywire_783_mb_left_kc512_s701,442,incoming_l1,role_random,2,200,permuted_teacher,14,0.012489020147269105
flywire_783_mb_left_kc512_s701,442,incoming_l1,role_random,2,200,permuted_teacher,15,0.012487227228812176
flywire_783_mb_left_kc512_s701,442,incoming_l1,role_random,2,200,permuted_teacher,16,0.012485853913450444
flywire_783_mb_left_kc512_s701,442,incoming_l1,role_random,2,200,permuted_teacher,17,0.01248469920933512
flywire_783_mb_left_kc512_s701,442,incoming_l1,role_random,2,200,permuted_teacher,18,0.0124837047972577
flywire_783_mb_left_kc512_s701,442,incoming_l1,role_random,2,200,permuted_teacher,19,0.0124828769001649
flywire_783_mb_left_kc512_s701,442,incoming_l1,role_random,2,200,permuted_teacher,20,0.012482164961067015
flywire_783_mb_left_kc512_s701,442,incoming_l1,role_random,2,200,permuted_teacher,21,0.012481526813365899
flywire_783_mb_left_kc512_s701,442,incoming_l1,role_random,2,200,permuted_teacher,22,0.012480972844727045
flywire_783_mb_left_kc512_s701,442,incoming_l1,role_random,2,200,permuted_teacher,23,0.01248049179061902
flywire_783_mb_left_kc512_s701,442,incoming_l1,role_random,2,200,permuted_teacher,24,0.012480075112669159
flywire_783_mb_left_kc512_s701,442,incoming_l1,role_random,2,200,permuted_teacher,25,0.012479711600401512
flywire_783_mb_left_kc512_s701,442,incoming_l1,role_random,2,200,permuted_teacher,26,0.012479360641619315
flywire_783_mb_left_kc512_s701,442,incoming_l1,role_random,2,200,permuted_teacher,27,0.01247905153648753
flywire_783_mb_left_kc512_s701,442,incoming_l1,role_random,2,200,permuted_teacher,28,0.012478782177937813
flywire_783_mb_left_kc512_s701,442,incoming_l1,role_random,2,200,permuted_teacher,29,0.012478546450308903
flywire_783_mb_left_kc512_s701,442,incoming_l1,role_random,2,200,permuted_teacher,30,0.012478333232683832
flywire_783_mb_left_kc512_s701,443,spectral,fly,1,50,supervised,1,0.01673481526050196
flywire_783_mb_left_kc512_s701,443,spectral,fly,1,50,supervised,2,0.016315329538257393
flywire_783_mb_left_kc512_s701,443,spectral,fly,1,50,supervised,3,0.016052078126157644
flywire_783_mb_left_kc512_s701,443,spectral,fly,1,50,supervised,4,0.015901219487692714
flywire_783_mb_left_kc512_s701,443,spectral,fly,1,50,supervised,5,0.015809489326025175
flywire_783_mb_left_kc512_s701,443,spectral,fly,1,50,supervised,6,0.01574513059311045
flywire_783_mb_left_kc512_s701,443,spectral,fly,1,50,supervised,7,0.015697596910474808
flywire_783_mb_left_kc512_s701,443,spectral,fly,1,50,supervised,8,0.015661168579277896
flywire_783_mb_left_kc512_s701,443,spectral,fly,1,50,supervised,9,0.015633010443623703
flywire_783_mb_left_kc512_s701,443,spectral,fly,1,50,supervised,10,0.015610364423378344
flywire_783_mb_left_kc512_s701,443,spectral,fly,1,50,supervised,11,0.015592017958759906
flywire_783_mb_left_kc512_s701,443,spectral,fly,1,50,supervised,12,0.01557731210410797
flywire_783_mb_left_kc512_s701,443,spectral,fly,1,50,supervised,13,0.015565146227138485
flywire_783_mb_left_kc512_s701,443,spectral,fly,1,50,supervised,14,0.015554865294466097
flywire_783_mb_left_kc512_s701,443,spectral,fly,1,50,supervised,15,0.015546146241117036
flywire_783_mb_left_kc512_s701,443,spectral,fly,1,50,supervised,16,0.015538746500607603
flywire_783_mb_left_kc512_s701,443,spectral,fly,1,50,supervised,17,0.015532309106593006
flywire_783_mb_left_kc512_s701,443,spectral,fly,1,50,supervised,18,0.015526717828049442
flywire_783_mb_left_kc512_s701,443,spectral,fly,1,50,supervised,19,0.015521981270771541
flywire_783_mb_left_kc512_s701,443,spectral,fly,1,50,supervised,20,0.015517961357581553
flywire_783_mb_left_kc512_s701,443,spectral,fly,1,50,supervised,21,0.015514517599730326
flywire_783_mb_left_kc512_s701,443,spectral,fly,1,50,supervised,22,0.015511485162741947
flywire_783_mb_left_kc512_s701,443,spectral,fly,1,50,supervised,23,0.015508729083176739
flywire_783_mb_left_kc512_s701,443,spectral,fly,1,50,supervised,24,0.015506251648304057
flywire_783_mb_left_kc512_s701,443,spectral,fly,1,50,supervised,25,0.015504033055417348
flywire_783_mb_left_kc512_s701,443,spectral,fly,1,50,supervised,26,0.015502009392659367
flywire_783_mb_left_kc512_s701,443,spectral,fly,1,50,supervised,27,0.015500133589193287
flywire_783_mb_left_kc512_s701,443,spectral,fly,1,50,supervised,28,0.015498441649470927
flywire_783_mb_left_kc512_s701,443,spectral,fly,1,50,supervised,29,0.01549688552950211
flywire_783_mb_left_kc512_s701,443,spectral,fly,1,50,supervised,30,0.015495437090364644
flywire_783_mb_left_kc512_s701,443,spectral,fly,1,50,permuted_teacher,1,0.016723182126547505
flywire_783_mb_left_kc512_s701,443,spectral,fly,1,50,permuted_teacher,2,0.01629881311808972
flywire_783_mb_left_kc512_s701,443,spectral,fly,1,50,permuted_teacher,3,0.016032109793919364
flywire_783_mb_left_kc512_s701,443,spectral,fly,1,50,permuted_teacher,4,0.015878296594485183
flywire_783_mb_left_kc512_s701,443,spectral,fly,1,50,permuted_teacher,5,0.015784655411101862
flywire_783_mb_left_kc512_s701,443,spectral,fly,1,50,permuted_teacher,6,0.015719157883499063
flywire_783_mb_left_kc512_s701,443,spectral,fly,1,50,permuted_teacher,7,0.015670463892814856
flywire_783_mb_left_kc512_s701,443,spectral,fly,1,50,permuted_teacher,8,0.015633595711128986
flywire_783_mb_left_kc512_s701,443,spectral,fly,1,50,permuted_teacher,9,0.015605253829705524
flywire_783_mb_left_kc512_s701,443,spectral,fly,1,50,permuted_teacher,10,0.015583173679366265
flywire_783_mb_left_kc512_s701,443,spectral,fly,1,50,permuted_teacher,11,0.015565604903806146
flywire_783_mb_left_kc512_s701,443,spectral,fly,1,50,permuted_teacher,12,0.015551187680231655
flywire_783_mb_left_kc512_s701,443,spectral,fly,1,50,permuted_teacher,13,0.015539253412894022
flywire_783_mb_left_kc512_s701,443,spectral,fly,1,50,permuted_teacher,14,0.015529564604085465
flywire_783_mb_left_kc512_s701,443,spectral,fly,1,50,permuted_teacher,15,0.015521594477316566
flywire_783_mb_left_kc512_s701,443,spectral,fly,1,50,permuted_teacher,16,0.015514796977881787
flywire_783_mb_left_kc512_s701,443,spectral,fly,1,50,permuted_teacher,17,0.015509059895455314
flywire_783_mb_left_kc512_s701,443,spectral,fly,1,50,permuted_teacher,18,0.0155040124093852
flywire_783_mb_left_kc512_s701,443,spectral,fly,1,50,permuted_teacher,19,0.01549963542282852
flywire_783_mb_left_kc512_s701,443,spectral,fly,1,50,permuted_teacher,20,0.015495833934700637
flywire_783_mb_left_kc512_s701,443,spectral,fly,1,50,permuted_teacher,21,0.015492487745147875
flywire_783_mb_left_kc512_s701,443,spectral,fly,1,50,permuted_teacher,22,0.015489603790901538
flywire_783_mb_left_kc512_s701,443,spectral,fly,1,50,permuted_teacher,23,0.015487012924585562
flywire_783_mb_left_kc512_s701,443,spectral,fly,1,50,permuted_teacher,24,0.015484751689365969
flywire_783_mb_left_kc512_s701,443,spectral,fly,1,50,permuted_teacher,25,0.015482734743123778
flywire_783_mb_left_kc512_s701,443,spectral,fly,1,50,permuted_teacher,26,0.015480892969038961
flywire_783_mb_left_kc512_s701,443,spectral,fly,1,50,permuted_teacher,27,0.015479204942495942
flywire_783_mb_left_kc512_s701,443,spectral,fly,1,50,permuted_teacher,28,0.015477623997031668
flywire_783_mb_left_kc512_s701,443,spectral,fly,1,50,permuted_teacher,29,0.015476149183196003
flywire_783_mb_left_kc512_s701,443,spectral,fly,1,50,permuted_teacher,30,0.015474842879981979
flywire_783_mb_left_kc512_s701,443,spectral,fly,1,200,supervised,1,0.016186938543225938
flywire_783_mb_left_kc512_s701,443,spectral,fly,1,200,supervised,2,0.015686644113771235
flywire_783_mb_left_kc512_s701,443,spectral,fly,1,200,supervised,3,0.015586078281920223
flywire_783_mb_left_kc512_s701,443,spectral,fly,1,200,supervised,4,0.015549174102291579
flywire_783_mb_left_kc512_s701,443,spectral,fly,1,200,supervised,5,0.015531441900295014
flywire_783_mb_left_kc512_s701,443,spectral,fly,1,200,supervised,6,0.015521340438023872
flywire_783_mb_left_kc512_s701,443,spectral,fly,1,200,supervised,7,0.015515369140151867
flywire_783_mb_left_kc512_s701,443,spectral,fly,1,200,supervised,8,0.015511613832816436
flywire_783_mb_left_kc512_s701,443,spectral,fly,1,200,supervised,9,0.015508848587227151
flywire_783_mb_left_kc512_s701,443,spectral,fly,1,200,supervised,10,0.015506685913751667
flywire_783_mb_left_kc512_s701,443,spectral,fly,1,200,supervised,11,0.015505055321740988
flywire_783_mb_left_kc512_s701,443,spectral,fly,1,200,supervised,12,0.015503766893195582
flywire_783_mb_left_kc512_s701,443,spectral,fly,1,200,supervised,13,0.015502798649997512
flywire_783_mb_left_kc512_s701,443,spectral,fly,1,200,supervised,14,0.015502060513655214
flywire_783_mb_left_kc512_s701,443,spectral,fly,1,200,supervised,15,0.015501451635145033
flywire_783_mb_left_kc512_s701,443,spectral,fly,1,200,supervised,16,0.015500988081956763
flywire_783_mb_left_kc512_s701,443,spectral,fly,1,200,supervised,17,0.01550065001277825
flywire_783_mb_left_kc512_s701,443,spectral,fly,1,200,supervised,18,0.01550034477280701
flywire_783_mb_left_kc512_s701,443,spectral,fly,1,200,supervised,19,0.015500083632955294
flywire_783_mb_left_kc512_s701,443,spectral,fly,1,200,supervised,20,0.015499864664917953
flywire_783_mb_left_kc512_s701,443,spectral,fly,1,200,supervised,21,0.015499671323335849
flywire_783_mb_left_kc512_s701,443,spectral,fly,1,200,supervised,22,0.015499503286583513
flywire_783_mb_left_kc512_s701,443,spectral,fly,1,200,supervised,23,0.015499346467864555
flywire_783_mb_left_kc512_s701,443,spectral,fly,1,200,supervised,24,0.015499220424338279
flywire_783_mb_left_kc512_s701,443,spectral,fly,1,200,supervised,25,0.01549912412415455
flywire_783_mb_left_kc512_s701,443,spectral,fly,1,200,supervised,26,0.015499034029495677
flywire_783_mb_left_kc512_s701,443,spectral,fly,1,200,supervised,27,0.01549898371283658
flywire_783_mb_left_kc512_s701,443,spectral,fly,1,200,supervised,28,0.01549893695360531
flywire_783_mb_left_kc512_s701,443,spectral,fly,1,200,supervised,29,0.015498910919459024
flywire_783_mb_left_kc512_s701,443,spectral,fly,1,200,supervised,30,0.015498895717932669
flywire_783_mb_left_kc512_s701,443,spectral,fly,1,200,permuted_teacher,1,0.016175778708332117
flywire_783_mb_left_kc512_s701,443,spectral,fly,1,200,permuted_teacher,2,0.015673799358371116
flywire_783_mb_left_kc512_s701,443,spectral,fly,1,200,permuted_teacher,3,0.015573160019253325
flywire_783_mb_left_kc512_s701,443,spectral,fly,1,200,permuted_teacher,4,0.015536419551168325
flywire_783_mb_left_kc512_s701,443,spectral,fly,1,200,permuted_teacher,5,0.015518766646319859
flywire_783_mb_left_kc512_s701,443,spectral,fly,1,200,permuted_teacher,6,0.015508672176723207
flywire_783_mb_left_kc512_s701,443,spectral,fly,1,200,permuted_teacher,7,0.01550260777387079
flywire_783_mb_left_kc512_s701,443,spectral,fly,1,200,permuted_teacher,8,0.015498640448524885
flywire_783_mb_left_kc512_s701,443,spectral,fly,1,200,permuted_teacher,9,0.015495780728336841
flywire_783_mb_left_kc512_s701,443,spectral,fly,1,200,permuted_teacher,10,0.015493709982098187
flywire_783_mb_left_kc512_s701,443,spectral,fly,1,200,permuted_teacher,11,0.015492236992869536
flywire_783_mb_left_kc512_s701,443,spectral,fly,1,200,permuted_teacher,12,0.015491153036813083
flywire_783_mb_left_kc512_s701,443,spectral,fly,1,200,permuted_teacher,13,0.015490299191553113
flywire_783_mb_left_kc512_s701,443,spectral,fly,1,200,permuted_teacher,14,0.015489656233533279
flywire_783_mb_left_kc512_s701,443,spectral,fly,1,200,permuted_teacher,15,0.015489138279489778
flywire_783_mb_left_kc512_s701,443,spectral,fly,1,200,permuted_teacher,16,0.01548870425421048
flywire_783_mb_left_kc512_s701,443,spectral,fly,1,200,permuted_teacher,17,0.01548832552814045
flywire_783_mb_left_kc512_s701,443,spectral,fly,1,200,permuted_teacher,18,0.015487986022556246
flywire_783_mb_left_kc512_s701,443,spectral,fly,1,200,permuted_teacher,19,0.01548768399116145
flywire_783_mb_left_kc512_s701,443,spectral,fly,1,200,permuted_teacher,20,0.015487412002119212
flywire_783_mb_left_kc512_s701,443,spectral,fly,1,200,permuted_teacher,21,0.015487167770458016
flywire_783_mb_left_kc512_s701,443,spectral,fly,1,200,permuted_teacher,22,0.015486947431567883
flywire_783_mb_left_kc512_s701,443,spectral,fly,1,200,permuted_teacher,23,0.015486757953096661
flywire_783_mb_left_kc512_s701,443,spectral,fly,1,200,permuted_teacher,24,0.015486581384796815
flywire_783_mb_left_kc512_s701,443,spectral,fly,1,200,permuted_teacher,25,0.015486413279157066
flywire_783_mb_left_kc512_s701,443,spectral,fly,1,200,permuted_teacher,26,0.015486261768916107
flywire_783_mb_left_kc512_s701,443,spectral,fly,1,200,permuted_teacher,27,0.015486125807013843
flywire_783_mb_left_kc512_s701,443,spectral,fly,1,200,permuted_teacher,28,0.015485999388794667
flywire_783_mb_left_kc512_s701,443,spectral,fly,1,200,permuted_teacher,29,0.015485886356622899
flywire_783_mb_left_kc512_s701,443,spectral,fly,1,200,permuted_teacher,30,0.01548582826971915
flywire_783_mb_left_kc512_s701,443,spectral,fly,2,50,supervised,1,0.01676314713389409
flywire_783_mb_left_kc512_s701,443,spectral,fly,2,50,supervised,2,0.016331838507723757
flywire_783_mb_left_kc512_s701,443,spectral,fly,2,50,supervised,3,0.016061623819573788
flywire_783_mb_left_kc512_s701,443,spectral,fly,2,50,supervised,4,0.015907150880029402
flywire_783_mb_left_kc512_s701,443,spectral,fly,2,50,supervised,5,0.015813265838514518
flywire_783_mb_left_kc512_s701,443,spectral,fly,2,50,supervised,6,0.01574735899937997
flywire_783_mb_left_kc512_s701,443,spectral,fly,2,50,supervised,7,0.015699076287369475
flywire_783_mb_left_kc512_s701,443,spectral,fly,2,50,supervised,8,0.01566322603026336
flywire_783_mb_left_kc512_s701,443,spectral,fly,2,50,supervised,9,0.015635376199404312
flywire_783_mb_left_kc512_s701,443,spectral,fly,2,50,supervised,10,0.015613623584154763
flywire_783_mb_left_kc512_s701,443,spectral,fly,2,50,supervised,11,0.015596511929841395
flywire_783_mb_left_kc512_s701,443,spectral,fly,2,50,supervised,12,0.01558282235994961
flywire_783_mb_left_kc512_s701,443,spectral,fly,2,50,supervised,13,0.015571653653679029
flywire_783_mb_left_kc512_s701,443,spectral,fly,2,50,supervised,14,0.015562535704933017
flywire_783_mb_left_kc512_s701,443,spectral,fly,2,50,supervised,15,0.01555516918098642
flywire_783_mb_left_kc512_s701,443,spectral,fly,2,50,supervised,16,0.015549000911825197
flywire_783_mb_left_kc512_s701,443,spectral,fly,2,50,supervised,17,0.015543815578724201
flywire_783_mb_left_kc512_s701,443,spectral,fly,2,50,supervised,18,0.015539478001876288
flywire_783_mb_left_kc512_s701,443,spectral,fly,2,50,supervised,19,0.015535774131646349
flywire_783_mb_left_kc512_s701,443,spectral,fly,2,50,supervised,20,0.015532581252289955
flywire_783_mb_left_kc512_s701,443,spectral,fly,2,50,supervised,21,0.015529958711026236
flywire_783_mb_left_kc512_s701,443,spectral,fly,2,50,supervised,22,0.015527767205364099
flywire_783_mb_left_kc512_s701,443,spectral,fly,2,50,supervised,23,0.015525890932292908
flywire_783_mb_left_kc512_s701,443,spectral,fly,2,50,supervised,24,0.015524190776993749
flywire_783_mb_left_kc512_s701,443,spectral,fly,2,50,supervised,25,0.015522669922023044
flywire_783_mb_left_kc512_s701,443,spectral,fly,2,50,supervised,26,0.015521290539080447
flywire_783_mb_left_kc512_s701,443,spectral,fly,2,50,supervised,27,0.015519971459966222
flywire_783_mb_left_kc512_s701,443,spectral,fly,2,50,supervised,28,0.015518794533366931
flywire_783_mb_left_kc512_s701,443,spectral,fly,2,50,supervised,29,0.015517669920952668
flywire_783_mb_left_kc512_s701,443,spectral,fly,2,50,supervised,30,0.015516621710323536
flywire_783_mb_left_kc512_s701,443,spectral,fly,2,50,permuted_teacher,1,0.016809971467642154
flywire_783_mb_left_kc512_s701,443,spectral,fly,2,50,permuted_teacher,2,0.0163707429176153
flywire_783_mb_left_kc512_s701,443,spectral,fly,2,50,permuted_teacher,3,0.016095672346523246
flywire_783_mb_left_kc512_s701,443,spectral,fly,2,50,permuted_teacher,4,0.015938346632932723
flywire_783_mb_left_kc512_s701,443,spectral,fly,2,50,permuted_teacher,5,0.015842896489143783
flywire_783_mb_left_kc512_s701,443,spectral,fly,2,50,permuted_teacher,6,0.01577547282584187
flywire_783_mb_left_kc512_s701,443,spectral,fly,2,50,permuted_teacher,7,0.01572539640689115
flywire_783_mb_left_kc512_s701,443,spectral,fly,2,50,permuted_teacher,8,0.015687919839997812
flywire_783_mb_left_kc512_s701,443,spectral,fly,2,50,permuted_teacher,9,0.015658659431524988
flywire_783_mb_left_kc512_s701,443,spectral,fly,2,50,permuted_teacher,10,0.015635667880112506
flywire_783_mb_left_kc512_s701,443,spectral,fly,2,50,permuted_teacher,11,0.015617474762109661
flywire_783_mb_left_kc512_s701,443,spectral,fly,2,50,permuted_teacher,12,0.015602846704797758
flywire_783_mb_left_kc512_s701,443,spectral,fly,2,50,permuted_teacher,13,0.015590890172592
flywire_783_mb_left_kc512_s701,443,spectral,fly,2,50,permuted_teacher,14,0.015581365149033499
flywire_783_mb_left_kc512_s701,443,spectral,fly,2,50,permuted_teacher,15,0.015573932998194347
flywire_783_mb_left_kc512_s701,443,spectral,fly,2,50,permuted_teacher,16,0.015567992530624044
flywire_783_mb_left_kc512_s701,443,spectral,fly,2,50,permuted_teacher,17,0.015563189727235477
flywire_783_mb_left_kc512_s701,443,spectral,fly,2,50,permuted_teacher,18,0.015559229304465532
flywire_783_mb_left_kc512_s701,443,spectral,fly,2,50,permuted_teacher,19,0.015556056546247227
flywire_783_mb_left_kc512_s701,443,spectral,fly,2,50,permuted_teacher,20,0.015553486795350619
flywire_783_mb_left_kc512_s701,443,spectral,fly,2,50,permuted_teacher,21,0.015551350744933787
flywire_783_mb_left_kc512_s701,443,spectral,fly,2,50,permuted_teacher,22,0.01554958057636801
flywire_783_mb_left_kc512_s701,443,spectral,fly,2,50,permuted_teacher,23,0.015548099544982125
flywire_783_mb_left_kc512_s701,443,spectral,fly,2,50,permuted_teacher,24,0.015546806550609485
flywire_783_mb_left_kc512_s701,443,spectral,fly,2,50,permuted_teacher,25,0.01554570239079603
flywire_783_mb_left_kc512_s701,443,spectral,fly,2,50,permuted_teacher,26,0.01554475766159707
flywire_783_mb_left_kc512_s701,443,spectral,fly,2,50,permuted_teacher,27,0.015543947793014004
flywire_783_mb_left_kc512_s701,443,spectral,fly,2,50,permuted_teacher,28,0.015543240268924117
flywire_783_mb_left_kc512_s701,443,spectral,fly,2,50,permuted_teacher,29,0.01554259538478493
flywire_783_mb_left_kc512_s701,443,spectral,fly,2,50,permuted_teacher,30,0.015542008070795126
flywire_783_mb_left_kc512_s701,443,spectral,fly,2,200,supervised,1,0.016201373481372915
flywire_783_mb_left_kc512_s701,443,spectral,fly,2,200,supervised,2,0.01567927381092336
flywire_783_mb_left_kc512_s701,443,spectral,fly,2,200,supervised,3,0.015568180292859274
flywire_783_mb_left_kc512_s701,443,spectral,fly,2,200,supervised,4,0.015526388354507007
flywire_783_mb_left_kc512_s701,443,spectral,fly,2,200,supervised,5,0.015506452180229122
flywire_783_mb_left_kc512_s701,443,spectral,fly,2,200,supervised,6,0.015494905690605675
flywire_783_mb_left_kc512_s701,443,spectral,fly,2,200,supervised,7,0.015487833718154017
flywire_783_mb_left_kc512_s701,443,spectral,fly,2,200,supervised,8,0.015483124067366624
flywire_783_mb_left_kc512_s701,443,spectral,fly,2,200,supervised,9,0.01547963761107474
flywire_783_mb_left_kc512_s701,443,spectral,fly,2,200,supervised,10,0.015476987903726902
flywire_783_mb_left_kc512_s701,443,spectral,fly,2,200,supervised,11,0.015475028958486861
flywire_783_mb_left_kc512_s701,443,spectral,fly,2,200,supervised,12,0.01547364761174161
flywire_783_mb_left_kc512_s701,443,spectral,fly,2,200,supervised,13,0.015472658855156335
flywire_783_mb_left_kc512_s701,443,spectral,fly,2,200,supervised,14,0.015471937097142185
flywire_783_mb_left_kc512_s701,443,spectral,fly,2,200,supervised,15,0.015471335889895313
flywire_783_mb_left_kc512_s701,443,spectral,fly,2,200,supervised,16,0.01547079986172305
flywire_783_mb_left_kc512_s701,443,spectral,fly,2,200,supervised,17,0.015470391531033394
flywire_783_mb_left_kc512_s701,443,spectral,fly,2,200,supervised,18,0.015470094397353827
flywire_783_mb_left_kc512_s701,443,spectral,fly,2,200,supervised,19,0.015469864261227057
flywire_783_mb_left_kc512_s701,443,spectral,fly,2,200,supervised,20,0.015469680363087128
flywire_783_mb_left_kc512_s701,443,spectral,fly,2,200,supervised,21,0.015469529653751198
flywire_783_mb_left_kc512_s701,443,spectral,fly,2,200,supervised,22,0.015469423869662633
flywire_783_mb_left_kc512_s701,443,spectral,fly,2,200,supervised,23,0.015469349560430121
flywire_783_mb_left_kc512_s701,443,spectral,fly,2,200,supervised,24,0.015469276245041524
flywire_783_mb_left_kc512_s701,443,spectral,fly,2,200,supervised,25,0.015469214837588067
flywire_783_mb_left_kc512_s701,443,spectral,fly,2,200,supervised,26,0.015469159999040165
flywire_783_mb_left_kc512_s701,443,spectral,fly,2,200,supervised,27,0.01546911002344144
flywire_783_mb_left_kc512_s701,443,spectral,fly,2,200,supervised,28,0.01546909144360781
flywire_783_mb_left_kc512_s701,443,spectral,fly,2,200,supervised,29,0.015469116254449725
flywire_783_mb_left_kc512_s701,443,spectral,fly,2,200,supervised,30,0.01546913776555746
flywire_783_mb_left_kc512_s701,443,spectral,fly,2,200,permuted_teacher,1,0.016197928015104234
flywire_783_mb_left_kc512_s701,443,spectral,fly,2,200,permuted_teacher,2,0.0156886317977517
flywire_783_mb_left_kc512_s701,443,spectral,fly,2,200,permuted_teacher,3,0.015585277327678539
flywire_783_mb_left_kc512_s701,443,spectral,fly,2,200,permuted_teacher,4,0.015548545214698188
flywire_783_mb_left_kc512_s701,443,spectral,fly,2,200,permuted_teacher,5,0.015532025683240911
flywire_783_mb_left_kc512_s701,443,spectral,fly,2,200,permuted_teacher,6,0.015523323377148573
flywire_783_mb_left_kc512_s701,443,spectral,fly,2,200,permuted_teacher,7,0.01551824459746143
flywire_783_mb_left_kc512_s701,443,spectral,fly,2,200,permuted_teacher,8,0.015515124903923365
flywire_783_mb_left_kc512_s701,443,spectral,fly,2,200,permuted_teacher,9,0.015513109975915262
flywire_783_mb_left_kc512_s701,443,spectral,fly,2,200,permuted_teacher,10,0.01551165958598967
flywire_783_mb_left_kc512_s701,443,spectral,fly,2,200,permuted_teacher,11,0.015510595541928084
flywire_783_mb_left_kc512_s701,443,spectral,fly,2,200,permuted_teacher,12,0.015509723183952544
flywire_783_mb_left_kc512_s701,443,spectral,fly,2,200,permuted_teacher,13,0.015509016781281602
flywire_783_mb_left_kc512_s701,443,spectral,fly,2,200,permuted_teacher,14,0.015508401692135524
flywire_783_mb_left_kc512_s701,443,spectral,fly,2,200,permuted_teacher,15,0.015507881532631997
flywire_783_mb_left_kc512_s701,443,spectral,fly,2,200,permuted_teacher,16,0.015507456498187789
flywire_783_mb_left_kc512_s701,443,spectral,fly,2,200,permuted_teacher,17,0.015507075799618653
flywire_783_mb_left_kc512_s701,443,spectral,fly,2,200,permuted_teacher,18,0.015506745032264202
flywire_783_mb_left_kc512_s701,443,spectral,fly,2,200,permuted_teacher,19,0.015506464431581424
flywire_783_mb_left_kc512_s701,443,spectral,fly,2,200,permuted_teacher,20,0.015506216586562772
flywire_783_mb_left_kc512_s701,443,spectral,fly,2,200,permuted_teacher,21,0.015505997915071785
flywire_783_mb_left_kc512_s701,443,spectral,fly,2,200,permuted_teacher,22,0.015505800129880265
flywire_783_mb_left_kc512_s701,443,spectral,fly,2,200,permuted_teacher,23,0.015505619902557855
flywire_783_mb_left_kc512_s701,443,spectral,fly,2,200,permuted_teacher,24,0.015505455548641033
flywire_783_mb_left_kc512_s701,443,spectral,fly,2,200,permuted_teacher,25,0.015505306384353436
flywire_783_mb_left_kc512_s701,443,spectral,fly,2,200,permuted_teacher,26,0.015505224806081734
flywire_783_mb_left_kc512_s701,443,spectral,fly,2,200,permuted_teacher,27,0.015505136713366873
flywire_783_mb_left_kc512_s701,443,spectral,fly,2,200,permuted_teacher,28,0.015505030719287155
flywire_783_mb_left_kc512_s701,443,spectral,fly,2,200,permuted_teacher,29,0.015504930129333815
flywire_783_mb_left_kc512_s701,443,spectral,fly,2,200,permuted_teacher,30,0.015504840686211415
flywire_783_mb_left_kc512_s701,443,spectral,role_shuffled,1,50,supervised,1,0.016741638715515178
flywire_783_mb_left_kc512_s701,443,spectral,role_shuffled,1,50,supervised,2,0.01630755322416155
flywire_783_mb_left_kc512_s701,443,spectral,role_shuffled,1,50,supervised,3,0.01602737717450511
flywire_783_mb_left_kc512_s701,443,spectral,role_shuffled,1,50,supervised,4,0.015852373855547917
flywire_783_mb_left_kc512_s701,443,spectral,role_shuffled,1,50,supervised,5,0.015741497205407663
flywire_783_mb_left_kc512_s701,443,spectral,role_shuffled,1,50,supervised,6,0.01566666358121563
flywire_783_mb_left_kc512_s701,443,spectral,role_shuffled,1,50,supervised,7,0.01561241695017295
flywire_783_mb_left_kc512_s701,443,spectral,role_shuffled,1,50,supervised,8,0.01557169525592847
flywire_783_mb_left_kc512_s701,443,spectral,role_shuffled,1,50,supervised,9,0.015540147713590333
flywire_783_mb_left_kc512_s701,443,spectral,role_shuffled,1,50,supervised,10,0.015515708238198232
flywire_783_mb_left_kc512_s701,443,spectral,role_shuffled,1,50,supervised,11,0.015496876622735231
flywire_783_mb_left_kc512_s701,443,spectral,role_shuffled,1,50,supervised,12,0.015481893388530092
flywire_783_mb_left_kc512_s701,443,spectral,role_shuffled,1,50,supervised,13,0.015469722423995363
flywire_783_mb_left_kc512_s701,443,spectral,role_shuffled,1,50,supervised,14,0.015459634919176088
flywire_783_mb_left_kc512_s701,443,spectral,role_shuffled,1,50,supervised,15,0.015451208337382102
flywire_783_mb_left_kc512_s701,443,spectral,role_shuffled,1,50,supervised,16,0.015444257516906977
flywire_783_mb_left_kc512_s701,443,spectral,role_shuffled,1,50,supervised,17,0.015438434703562796
flywire_783_mb_left_kc512_s701,443,spectral,role_shuffled,1,50,supervised,18,0.015433465340994932
flywire_783_mb_left_kc512_s701,443,spectral,role_shuffled,1,50,supervised,19,0.01542920049889452
flywire_783_mb_left_kc512_s701,443,spectral,role_shuffled,1,50,supervised,20,0.015425546302447525
flywire_783_mb_left_kc512_s701,443,spectral,role_shuffled,1,50,supervised,21,0.015422329037597616
flywire_783_mb_left_kc512_s701,443,spectral,role_shuffled,1,50,supervised,22,0.015419492698984225
flywire_783_mb_left_kc512_s701,443,spectral,role_shuffled,1,50,supervised,23,0.015416980447636144
flywire_783_mb_left_kc512_s701,443,spectral,role_shuffled,1,50,supervised,24,0.015414772969750667
flywire_783_mb_left_kc512_s701,443,spectral,role_shuffled,1,50,supervised,25,0.015412852776990213
flywire_783_mb_left_kc512_s701,443,spectral,role_shuffled,1,50,supervised,26,0.015411129998069439
flywire_783_mb_left_kc512_s701,443,spectral,role_shuffled,1,50,supervised,27,0.01540955089253589
flywire_783_mb_left_kc512_s701,443,spectral,role_shuffled,1,50,supervised,28,0.015408085810529788
flywire_783_mb_left_kc512_s701,443,spectral,role_shuffled,1,50,supervised,29,0.015406732100197582
flywire_783_mb_left_kc512_s701,443,spectral,role_shuffled,1,50,supervised,30,0.015405460336011784
flywire_783_mb_left_kc512_s701,443,spectral,role_shuffled,1,50,permuted_teacher,1,0.016713874405437038
flywire_783_mb_left_kc512_s701,443,spectral,role_shuffled,1,50,permuted_teacher,2,0.016268656302054967
flywire_783_mb_left_kc512_s701,443,spectral,role_shuffled,1,50,permuted_teacher,3,0.015980658151138003
flywire_783_mb_left_kc512_s701,443,spectral,role_shuffled,1,50,permuted_teacher,4,0.0157989151931852
flywire_783_mb_left_kc512_s701,443,spectral,role_shuffled,1,50,permuted_teacher,5,0.015682622852073697
flywire_783_mb_left_kc512_s701,443,spectral,role_shuffled,1,50,permuted_teacher,6,0.015603066171811493
flywire_783_mb_left_kc512_s701,443,spectral,role_shuffled,1,50,permuted_teacher,7,0.015544980559140656
flywire_783_mb_left_kc512_s701,443,spectral,role_shuffled,1,50,permuted_teacher,8,0.01550181794615475
flywire_783_mb_left_kc512_s701,443,spectral,role_shuffled,1,50,permuted_teacher,9,0.01546952062126101
flywire_783_mb_left_kc512_s701,443,spectral,role_shuffled,1,50,permuted_teacher,10,0.015444331538815494
flywire_783_mb_left_kc512_s701,443,spectral,role_shuffled,1,50,permuted_teacher,11,0.015424862677411182
flywire_783_mb_left_kc512_s701,443,spectral,role_shuffled,1,50,permuted_teacher,12,0.015409474935168544
flywire_783_mb_left_kc512_s701,443,spectral,role_shuffled,1,50,permuted_teacher,13,0.015397128914737818
flywire_783_mb_left_kc512_s701,443,spectral,role_shuffled,1,50,permuted_teacher,14,0.01538685597953955
flywire_783_mb_left_kc512_s701,443,spectral,role_shuffled,1,50,permuted_teacher,15,0.015378276462188964
flywire_783_mb_left_kc512_s701,443,spectral,role_shuffled,1,50,permuted_teacher,16,0.01537093331252383
flywire_783_mb_left_kc512_s701,443,spectral,role_shuffled,1,50,permuted_teacher,17,0.015364600279751004
flywire_783_mb_left_kc512_s701,443,spectral,role_shuffled,1,50,permuted_teacher,18,0.015359227602113666
flywire_783_mb_left_kc512_s701,443,spectral,role_shuffled,1,50,permuted_teacher,19,0.015354536696197072
flywire_783_mb_left_kc512_s701,443,spectral,role_shuffled,1,50,permuted_teacher,20,0.015350384038941886
flywire_783_mb_left_kc512_s701,443,spectral,role_shuffled,1,50,permuted_teacher,21,0.015346745049296113
flywire_783_mb_left_kc512_s701,443,spectral,role_shuffled,1,50,permuted_teacher,22,0.015343558178426595
flywire_783_mb_left_kc512_s701,443,spectral,role_shuffled,1,50,permuted_teacher,23,0.01534079046536984
flywire_783_mb_left_kc512_s701,443,spectral,role_shuffled,1,50,permuted_teacher,24,0.015338390854054076
flywire_783_mb_left_kc512_s701,443,spectral,role_shuffled,1,50,permuted_teacher,25,0.015336338277315844
flywire_783_mb_left_kc512_s701,443,spectral,role_shuffled,1,50,permuted_teacher,26,0.0153345909996679
flywire_783_mb_left_kc512_s701,443,spectral,role_shuffled,1,50,permuted_teacher,27,0.015333066970359055
flywire_783_mb_left_kc512_s701,443,spectral,role_shuffled,1,50,permuted_teacher,28,0.015331710338419145
flywire_783_mb_left_kc512_s701,443,spectral,role_shuffled,1,50,permuted_teacher,29,0.015330490409154175
flywire_783_mb_left_kc512_s701,443,spectral,role_shuffled,1,50,permuted_teacher,30,0.015329403737546538
flywire_783_mb_left_kc512_s701,443,spectral,role_shuffled,1,200,supervised,1,0.016174771240609807
flywire_783_mb_left_kc512_s701,443,spectral,role_shuffled,1,200,supervised,2,0.015606782047452113
flywire_783_mb_left_kc512_s701,443,spectral,role_shuffled,1,200,supervised,3,0.015485711072164978
flywire_783_mb_left_kc512_s701,443,spectral,role_shuffled,1,200,supervised,4,0.01544313878492893
flywire_783_mb_left_kc512_s701,443,spectral,role_shuffled,1,200,supervised,5,0.015423176517355256
flywire_783_mb_left_kc512_s701,443,spectral,role_shuffled,1,200,supervised,6,0.015412250798432465
flywire_783_mb_left_kc512_s701,443,spectral,role_shuffled,1,200,supervised,7,0.015405708950467467
flywire_783_mb_left_kc512_s701,443,spectral,role_shuffled,1,200,supervised,8,0.015401576725340996
flywire_783_mb_left_kc512_s701,443,spectral,role_shuffled,1,200,supervised,9,0.015398870222647387
flywire_783_mb_left_kc512_s701,443,spectral,role_shuffled,1,200,supervised,10,0.015396961185120746
flywire_783_mb_left_kc512_s701,443,spectral,role_shuffled,1,200,supervised,11,0.015395475137928868
flywire_783_mb_left_kc512_s701,443,spectral,role_shuffled,1,200,supervised,12,0.015394317644896419
flywire_783_mb_left_kc512_s701,443,spectral,role_shuffled,1,200,supervised,13,0.015393422071722621
flywire_783_mb_left_kc512_s701,443,spectral,role_shuffled,1,200,supervised,14,0.015392680852374245
flywire_783_mb_left_kc512_s701,443,spectral,role_shuffled,1,200,supervised,15,0.015392052976275621
flywire_783_mb_left_kc512_s701,443,spectral,role_shuffled,1,200,supervised,16,0.015391546500878603
flywire_783_mb_left_kc512_s701,443,spectral,role_shuffled,1,200,supervised,17,0.01539111464643033
flywire_783_mb_left_kc512_s701,443,spectral,role_shuffled,1,200,supervised,18,0.01539081366856442
flywire_783_mb_left_kc512_s701,443,spectral,role_shuffled,1,200,supervised,19,0.015390555775237054
flywire_783_mb_left_kc512_s701,443,spectral,role_shuffled,1,200,supervised,20,0.015390319191728589
flywire_783_mb_left_kc512_s701,443,spectral,role_shuffled,1,200,supervised,21,0.01539011665828097
flywire_783_mb_left_kc512_s701,443,spectral,role_shuffled,1,200,supervised,22,0.015389957267101566
flywire_783_mb_left_kc512_s701,443,spectral,role_shuffled,1,200,supervised,23,0.01538983476913121
flywire_783_mb_left_kc512_s701,443,spectral,role_shuffled,1,200,supervised,24,0.015389712612524808
flywire_783_mb_left_kc512_s701,443,spectral,role_shuffled,1,200,supervised,25,0.015389627681795656
flywire_783_mb_left_kc512_s701,443,spectral,role_shuffled,1,200,supervised,26,0.01538956628774553
flywire_783_mb_left_kc512_s701,443,spectral,role_shuffled,1,200,supervised,27,0.015389517917924377
flywire_783_mb_left_kc512_s701,443,spectral,role_shuffled,1,200,supervised,28,0.015389486167730079
flywire_783_mb_left_kc512_s701,443,spectral,role_shuffled,1,200,supervised,29,0.015389443679930694
flywire_783_mb_left_kc512_s701,443,spectral,role_shuffled,1,200,supervised,30,0.015389399548144885
flywire_783_mb_left_kc512_s701,443,spectral,role_shuffled,1,200,permuted_teacher,1,0.016172957369956116
flywire_783_mb_left_kc512_s701,443,spectral,role_shuffled,1,200,permuted_teacher,2,0.015601135192087764
flywire_783_mb_left_kc512_s701,443,spectral,role_shuffled,1,200,permuted_teacher,3,0.015476666777234643
flywire_783_mb_left_kc512_s701,443,spectral,role_shuffled,1,200,permuted_teacher,4,0.0154321152674841
flywire_783_mb_left_kc512_s701,443,spectral,role_shuffled,1,200,permuted_teacher,5,0.01541128997067289
flywire_783_mb_left_kc512_s701,443,spectral,role_shuffled,1,200,permuted_teacher,6,0.015399808634886065
flywire_783_mb_left_kc512_s701,443,spectral,role_shuffled,1,200,permuted_teacher,7,0.01539263409195746
flywire_783_mb_left_kc512_s701,443,spectral,role_shuffled,1,200,permuted_teacher,8,0.015387881128220954
flywire_783_mb_left_kc512_s701,443,spectral,role_shuffled,1,200,permuted_teacher,9,0.015384832097548292
flywire_783_mb_left_kc512_s701,443,spectral,role_shuffled,1,200,permuted_teacher,10,0.015382593743726641
flywire_783_mb_left_kc512_s701,443,spectral,role_shuffled,1,200,permuted_teacher,11,0.01538094751444713
flywire_783_mb_left_kc512_s701,443,spectral,role_shuffled,1,200,permuted_teacher,12,0.01537974039494162
flywire_783_mb_left_kc512_s701,443,spectral,role_shuffled,1,200,permuted_teacher,13,0.015378790861062704
flywire_783_mb_left_kc512_s701,443,spectral,role_shuffled,1,200,permuted_teacher,14,0.015378087842778353
flywire_783_mb_left_kc512_s701,443,spectral,role_shuffled,1,200,permuted_teacher,15,0.015377555246212258
flywire_783_mb_left_kc512_s701,443,spectral,role_shuffled,1,200,permuted_teacher,16,0.015377119448542849
flywire_783_mb_left_kc512_s701,443,spectral,role_shuffled,1,200,permuted_teacher,17,0.015376713773029467
flywire_783_mb_left_kc512_s701,443,spectral,role_shuffled,1,200,permuted_teacher,18,0.015376357390051694
flywire_783_mb_left_kc512_s701,443,spectral,role_shuffled,1,200,permuted_teacher,19,0.015376030862658912
flywire_783_mb_left_kc512_s701,443,spectral,role_shuffled,1,200,permuted_teacher,20,0.015375772341596549
flywire_783_mb_left_kc512_s701,443,spectral,role_shuffled,1,200,permuted_teacher,21,0.015375546065898842
flywire_783_mb_left_kc512_s701,443,spectral,role_shuffled,1,200,permuted_teacher,22,0.015375342582072037
flywire_783_mb_left_kc512_s701,443,spectral,role_shuffled,1,200,permuted_teacher,23,0.01537517475520795
flywire_783_mb_left_kc512_s701,443,spectral,role_shuffled,1,200,permuted_teacher,24,0.015375042506120422
flywire_783_mb_left_kc512_s701,443,spectral,role_shuffled,1,200,permuted_teacher,25,0.015374920719167615
flywire_783_mb_left_kc512_s701,443,spectral,role_shuffled,1,200,permuted_teacher,26,0.015374807434089602
flywire_783_mb_left_kc512_s701,443,spectral,role_shuffled,1,200,permuted_teacher,27,0.015374700207074222
flywire_783_mb_left_kc512_s701,443,spectral,role_shuffled,1,200,permuted_teacher,28,0.015374602132328488
flywire_783_mb_left_kc512_s701,443,spectral,role_shuffled,1,200,permuted_teacher,29,0.01537451172291413
flywire_783_mb_left_kc512_s701,443,spectral,role_shuffled,1,200,permuted_teacher,30,0.015374437990201863
flywire_783_mb_left_kc512_s701,443,spectral,role_shuffled,2,50,supervised,1,0.016769473241802512
flywire_783_mb_left_kc512_s701,443,spectral,role_shuffled,2,50,supervised,2,0.01633520928071283
flywire_783_mb_left_kc512_s701,443,spectral,role_shuffled,2,50,supervised,3,0.01605541969404779
flywire_783_mb_left_kc512_s701,443,spectral,role_shuffled,2,50,supervised,4,0.015881615497749066
flywire_783_mb_left_kc512_s701,443,spectral,role_shuffled,2,50,supervised,5,0.01577236512240808
flywire_783_mb_left_kc512_s701,443,spectral,role_shuffled,2,50,supervised,6,0.015699038931604566
flywire_783_mb_left_kc512_s701,443,spectral,role_shuffled,2,50,supervised,7,0.01564575366595608
flywire_783_mb_left_kc512_s701,443,spectral,role_shuffled,2,50,supervised,8,0.015606220415496627
flywire_783_mb_left_kc512_s701,443,spectral,role_shuffled,2,50,supervised,9,0.015576230667855287
flywire_783_mb_left_kc512_s701,443,spectral,role_shuffled,2,50,supervised,10,0.015553320187040469
flywire_783_mb_left_kc512_s701,443,spectral,role_shuffled,2,50,supervised,11,0.015535679485193136
flywire_783_mb_left_kc512_s701,443,spectral,role_shuffled,2,50,supervised,12,0.015522042930955639
flywire_783_mb_left_kc512_s701,443,spectral,role_shuffled,2,50,supervised,13,0.015511045502650098
flywire_783_mb_left_kc512_s701,443,spectral,role_shuffled,2,50,supervised,14,0.015502103855008312
flywire_783_mb_left_kc512_s701,443,spectral,role_shuffled,2,50,supervised,15,0.015494586486724084
flywire_783_mb_left_kc512_s701,443,spectral,role_shuffled,2,50,supervised,16,0.015488181099738138
flywire_783_mb_left_kc512_s701,443,spectral,role_shuffled,2,50,supervised,17,0.015482732886415149
flywire_783_mb_left_kc512_s701,443,spectral,role_shuffled,2,50,supervised,18,0.015478149311478482
flywire_783_mb_left_kc512_s701,443,spectral,role_shuffled,2,50,supervised,19,0.015474359794733956
flywire_783_mb_left_kc512_s701,443,spectral,role_shuffled,2,50,supervised,20,0.015471131255192144
flywire_783_mb_left_kc512_s701,443,spectral,role_shuffled,2,50,supervised,21,0.01546832498110775
flywire_783_mb_left_kc512_s701,443,spectral,role_shuffled,2,50,supervised,22,0.015465934085915043
flywire_783_mb_left_kc512_s701,443,spectral,role_shuffled,2,50,supervised,23,0.01546391494993975
flywire_783_mb_left_kc512_s701,443,spectral,role_shuffled,2,50,supervised,24,0.015462144608217068
flywire_783_mb_left_kc512_s701,443,spectral,role_shuffled,2,50,supervised,25,0.015460644553206993
flywire_783_mb_left_kc512_s701,443,spectral,role_shuffled,2,50,supervised,26,0.015459306516336127
flywire_783_mb_left_kc512_s701,443,spectral,role_shuffled,2,50,supervised,27,0.015458118936500509
flywire_783_mb_left_kc512_s701,443,spectral,role_shuffled,2,50,supervised,28,0.015457048418549382
flywire_783_mb_left_kc512_s701,443,spectral,role_shuffled,2,50,supervised,29,0.015456098128431581
flywire_783_mb_left_kc512_s701,443,spectral,role_shuffled,2,50,supervised,30,0.01545523719685596
flywire_783_mb_left_kc512_s701,443,spectral,role_shuffled,2,50,permuted_teacher,1,0.016792203914057696
flywire_783_mb_left_kc512_s701,443,spectral,role_shuffled,2,50,permuted_teacher,2,0.01634154923785824
flywire_783_mb_left_kc512_s701,443,spectral,role_shuffled,2,50,permuted_teacher,3,0.016049443264383057
flywire_783_mb_left_kc512_s701,443,spectral,role_shuffled,2,50,permuted_teacher,4,0.015865940094460705
flywire_783_mb_left_kc512_s701,443,spectral,role_shuffled,2,50,permuted_teacher,5,0.015749440088136883
flywire_783_mb_left_kc512_s701,443,spectral,role_shuffled,2,50,permuted_teacher,6,0.015670871655986372
flywire_783_mb_left_kc512_s701,443,spectral,role_shuffled,2,50,permuted_teacher,7,0.01561428457879077
flywire_783_mb_left_kc512_s701,443,spectral,role_shuffled,2,50,permuted_teacher,8,0.015572810354154157
flywire_783_mb_left_kc512_s701,443,spectral,role_shuffled,2,50,permuted_teacher,9,0.01554134371780961
flywire_783_mb_left_kc512_s701,443,spectral,role_shuffled,2,50,permuted_teacher,10,0.015517228172593267
flywire_783_mb_left_kc512_s701,443,spectral,role_shuffled,2,50,permuted_teacher,11,0.015498472175942862
flywire_783_mb_left_kc512_s701,443,spectral,role_shuffled,2,50,permuted_teacher,12,0.015483565109037605
flywire_783_mb_left_kc512_s701,443,spectral,role_shuffled,2,50,permuted_teacher,13,0.015471600495703647
flywire_783_mb_left_kc512_s701,443,spectral,role_shuffled,2,50,permuted_teacher,14,0.015461840781091599
flywire_783_mb_left_kc512_s701,443,spectral,role_shuffled,2,50,permuted_teacher,15,0.01545391922458862
flywire_783_mb_left_kc512_s701,443,spectral,role_shuffled,2,50,permuted_teacher,16,0.015447422726768365
flywire_783_mb_left_kc512_s701,443,spectral,role_shuffled,2,50,permuted_teacher,17,0.015442009952155658
flywire_783_mb_left_kc512_s701,443,spectral,role_shuffled,2,50,permuted_teacher,18,0.015437511538211822
flywire_783_mb_left_kc512_s701,443,spectral,role_shuffled,2,50,permuted_teacher,19,0.015433829514795806
flywire_783_mb_left_kc512_s701,443,spectral,role_shuffled,2,50,permuted_teacher,20,0.015430782333515294
flywire_783_mb_left_kc512_s701,443,spectral,role_shuffled,2,50,permuted_teacher,21,0.01542822504631108
flywire_783_mb_left_kc512_s701,443,spectral,role_shuffled,2,50,permuted_teacher,22,0.015426029288583703
flywire_783_mb_left_kc512_s701,443,spectral,role_shuffled,2,50,permuted_teacher,23,0.015424067905966857
flywire_783_mb_left_kc512_s701,443,spectral,role_shuffled,2,50,permuted_teacher,24,0.01542234853958212
flywire_783_mb_left_kc512_s701,443,spectral,role_shuffled,2,50,permuted_teacher,25,0.015420835427521493
flywire_783_mb_left_kc512_s701,443,spectral,role_shuffled,2,50,permuted_teacher,26,0.015419511079177542
flywire_783_mb_left_kc512_s701,443,spectral,role_shuffled,2,50,permuted_teacher,27,0.015418371158909025
flywire_783_mb_left_kc512_s701,443,spectral,role_shuffled,2,50,permuted_teacher,28,0.015417430316120069
flywire_783_mb_left_kc512_s701,443,spectral,role_shuffled,2,50,permuted_teacher,29,0.015416596566526854
flywire_783_mb_left_kc512_s701,443,spectral,role_shuffled,2,50,permuted_teacher,30,0.01541587325742533
flywire_783_mb_left_kc512_s701,443,spectral,role_shuffled,2,200,supervised,1,0.01617439015098798
flywire_783_mb_left_kc512_s701,443,spectral,role_shuffled,2,200,supervised,2,0.015600524695839597
flywire_783_mb_left_kc512_s701,443,spectral,role_shuffled,2,200,supervised,3,0.015474861426582635
flywire_783_mb_left_kc512_s701,443,spectral,role_shuffled,2,200,supervised,4,0.015430065437089973
flywire_783_mb_left_kc512_s701,443,spectral,role_shuffled,2,200,supervised,5,0.01540913198159796
flywire_783_mb_left_kc512_s701,443,spectral,role_shuffled,2,200,supervised,6,0.015397687347554699
flywire_783_mb_left_kc512_s701,443,spectral,role_shuffled,2,200,supervised,7,0.015391019474858223
flywire_783_mb_left_kc512_s701,443,spectral,role_shuffled,2,200,supervised,8,0.015386758486173742
flywire_783_mb_left_kc512_s701,443,spectral,role_shuffled,2,200,supervised,9,0.015383766052469454
flywire_783_mb_left_kc512_s701,443,spectral,role_shuffled,2,200,supervised,10,0.015381546379463885
flywire_783_mb_left_kc512_s701,443,spectral,role_shuffled,2,200,supervised,11,0.015379812906690842
flywire_783_mb_left_kc512_s701,443,spectral,role_shuffled,2,200,supervised,12,0.015378516914265604
flywire_783_mb_left_kc512_s701,443,spectral,role_shuffled,2,200,supervised,13,0.015377517812185307
flywire_783_mb_left_kc512_s701,443,spectral,role_shuffled,2,200,supervised,14,0.015376752683164744
flywire_783_mb_left_kc512_s701,443,spectral,role_shuffled,2,200,supervised,15,0.015376169824171185
flywire_783_mb_left_kc512_s701,443,spectral,role_shuffled,2,200,supervised,16,0.015375657473548533
flywire_783_mb_left_kc512_s701,443,spectral,role_shuffled,2,200,supervised,17,0.01537520544579259
flywire_783_mb_left_kc512_s701,443,spectral,role_shuffled,2,200,supervised,18,0.015374814407170147
flywire_783_mb_left_kc512_s701,443,spectral,role_shuffled,2,200,supervised,19,0.01537447716728993
flywire_783_mb_left_kc512_s701,443,spectral,role_shuffled,2,200,supervised,20,0.015374183315385008
flywire_783_mb_left_kc512_s701,443,spectral,role_shuffled,2,200,supervised,21,0.0153739322353022
flywire_783_mb_left_kc512_s701,443,spectral,role_shuffled,2,200,supervised,22,0.015373704208845037
flywire_783_mb_left_kc512_s701,443,spectral,role_shuffled,2,200,supervised,23,0.015373504184648367
flywire_783_mb_left_kc512_s701,443,spectral,role_shuffled,2,200,supervised,24,0.015373339576270632
flywire_783_mb_left_kc512_s701,443,spectral,role_shuffled,2,200,supervised,25,0.015373200222936225
flywire_783_mb_left_kc512_s701,443,spectral,role_shuffled,2,200,supervised,26,0.015373082761319943
flywire_783_mb_left_kc512_s701,443,spectral,role_shuffled,2,200,supervised,27,0.015372982484368013
flywire_783_mb_left_kc512_s701,443,spectral,role_shuffled,2,200,supervised,28,0.015372921324793157
flywire_783_mb_left_kc512_s701,443,spectral,role_shuffled,2,200,supervised,29,0.01537290875532488
flywire_783_mb_left_kc512_s701,443,spectral,role_shuffled,2,200,supervised,30,0.015372905104064806
flywire_783_mb_left_kc512_s701,443,spectral,role_shuffled,2,200,permuted_teacher,1,0.016207804381584236
flywire_783_mb_left_kc512_s701,443,spectral,role_shuffled,2,200,permuted_teacher,2,0.015634479027163122
flywire_783_mb_left_kc512_s701,443,spectral,role_shuffled,2,200,permuted_teacher,3,0.015504813153569462
flywire_783_mb_left_kc512_s701,443,spectral,role_shuffled,2,200,permuted_teacher,4,0.015456926482381164
flywire_783_mb_left_kc512_s701,443,spectral,role_shuffled,2,200,permuted_teacher,5,0.015434239856162869
flywire_783_mb_left_kc512_s701,443,spectral,role_shuffled,2,200,permuted_teacher,6,0.015422279822033398
flywire_783_mb_left_kc512_s701,443,spectral,role_shuffled,2,200,permuted_teacher,7,0.015415285064481024
flywire_783_mb_left_kc512_s701,443,spectral,role_shuffled,2,200,permuted_teacher,8,0.015410872309545862
flywire_783_mb_left_kc512_s701,443,spectral,role_shuffled,2,200,permuted_teacher,9,0.015408008859533502
flywire_783_mb_left_kc512_s701,443,spectral,role_shuffled,2,200,permuted_teacher,10,0.015406048679626217
flywire_783_mb_left_kc512_s701,443,spectral,role_shuffled,2,200,permuted_teacher,11,0.015404657466241587
flywire_783_mb_left_kc512_s701,443,spectral,role_shuffled,2,200,permuted_teacher,12,0.015403709833826705
flywire_783_mb_left_kc512_s701,443,spectral,role_shuffled,2,200,permuted_teacher,13,0.015403023770786074
flywire_783_mb_left_kc512_s701,443,spectral,role_shuffled,2,200,permuted_teacher,14,0.015402490175702969
flywire_783_mb_left_kc512_s701,443,spectral,role_shuffled,2,200,permuted_teacher,15,0.015402096533099647
flywire_783_mb_left_kc512_s701,443,spectral,role_shuffled,2,200,permuted_teacher,16,0.01540178652197615
flywire_783_mb_left_kc512_s701,443,spectral,role_shuffled,2,200,permuted_teacher,17,0.015401555298943178
flywire_783_mb_left_kc512_s701,443,spectral,role_shuffled,2,200,permuted_teacher,18,0.015401348953573205
flywire_783_mb_left_kc512_s701,443,spectral,role_shuffled,2,200,permuted_teacher,19,0.015401173463868875
flywire_783_mb_left_kc512_s701,443,spectral,role_shuffled,2,200,permuted_teacher,20,0.015401021440118222
flywire_783_mb_left_kc512_s701,443,spectral,role_shuffled,2,200,permuted_teacher,21,0.015400897147992428
flywire_783_mb_left_kc512_s701,443,spectral,role_shuffled,2,200,permuted_teacher,22,0.015400794343062352
flywire_783_mb_left_kc512_s701,443,spectral,role_shuffled,2,200,permuted_teacher,23,0.015400704038743355
flywire_783_mb_left_kc512_s701,443,spectral,role_shuffled,2,200,permuted_teacher,24,0.01540062802316207
flywire_783_mb_left_kc512_s701,443,spectral,role_shuffled,2,200,permuted_teacher,25,0.015400581079991286
flywire_783_mb_left_kc512_s701,443,spectral,role_shuffled,2,200,permuted_teacher,26,0.015400551859121937
flywire_783_mb_left_kc512_s701,443,spectral,role_shuffled,2,200,permuted_teacher,27,0.01540052680394569
flywire_783_mb_left_kc512_s701,443,spectral,role_shuffled,2,200,permuted_teacher,28,0.015400506489211754
flywire_783_mb_left_kc512_s701,443,spectral,role_shuffled,2,200,permuted_teacher,29,0.015400493259763498
flywire_783_mb_left_kc512_s701,443,spectral,role_shuffled,2,200,permuted_teacher,30,0.015400484803403624
flywire_783_mb_left_kc512_s701,443,spectral,role_random,1,50,supervised,1,0.018279723006408736
flywire_783_mb_left_kc512_s701,443,spectral,role_random,1,50,supervised,2,0.017462988317842803
flywire_783_mb_left_kc512_s701,443,spectral,role_random,1,50,supervised,3,0.016976833966513175
flywire_783_mb_left_kc512_s701,443,spectral,role_random,1,50,supervised,4,0.01666916742336392
flywire_783_mb_left_kc512_s701,443,spectral,role_random,1,50,supervised,5,0.016474599928321145
flywire_783_mb_left_kc512_s701,443,spectral,role_random,1,50,supervised,6,0.01634677076869436
flywire_783_mb_left_kc512_s701,443,spectral,role_random,1,50,supervised,7,0.016258736325355252
flywire_783_mb_left_kc512_s701,443,spectral,role_random,1,50,supervised,8,0.016196595848148622
flywire_783_mb_left_kc512_s701,443,spectral,role_random,1,50,supervised,9,0.016152190623891144
flywire_783_mb_left_kc512_s701,443,spectral,role_random,1,50,supervised,10,0.016119230376484345
flywire_783_mb_left_kc512_s701,443,spectral,role_random,1,50,supervised,11,0.016093798601881905
flywire_783_mb_left_kc512_s701,443,spectral,role_random,1,50,supervised,12,0.016073916435736166
flywire_783_mb_left_kc512_s701,443,spectral,role_random,1,50,supervised,13,0.016058108242925234
flywire_783_mb_left_kc512_s701,443,spectral,role_random,1,50,supervised,14,0.016045183276487508
flywire_783_mb_left_kc512_s701,443,spectral,role_random,1,50,supervised,15,0.01603456841468347
flywire_783_mb_left_kc512_s701,443,spectral,role_random,1,50,supervised,16,0.016025711485669013
flywire_783_mb_left_kc512_s701,443,spectral,role_random,1,50,supervised,17,0.016018363620821353
flywire_783_mb_left_kc512_s701,443,spectral,role_random,1,50,supervised,18,0.01601218549409612
flywire_783_mb_left_kc512_s701,443,spectral,role_random,1,50,supervised,19,0.016006775969039443
flywire_783_mb_left_kc512_s701,443,spectral,role_random,1,50,supervised,20,0.01600222279683738
flywire_783_mb_left_kc512_s701,443,spectral,role_random,1,50,supervised,21,0.015998366351659316
flywire_783_mb_left_kc512_s701,443,spectral,role_random,1,50,supervised,22,0.015995039796115443
flywire_783_mb_left_kc512_s701,443,spectral,role_random,1,50,supervised,23,0.015992127589019155
flywire_783_mb_left_kc512_s701,443,spectral,role_random,1,50,supervised,24,0.015989533357802115
flywire_783_mb_left_kc512_s701,443,spectral,role_random,1,50,supervised,25,0.015987278380540284
flywire_783_mb_left_kc512_s701,443,spectral,role_random,1,50,supervised,26,0.01598531988568193
flywire_783_mb_left_kc512_s701,443,spectral,role_random,1,50,supervised,27,0.015983688839882878
flywire_783_mb_left_kc512_s701,443,spectral,role_random,1,50,supervised,28,0.015982285531838048
flywire_783_mb_left_kc512_s701,443,spectral,role_random,1,50,supervised,29,0.015981018162081147
flywire_783_mb_left_kc512_s701,443,spectral,role_random,1,50,supervised,30,0.015979869593046224
flywire_783_mb_left_kc512_s701,443,spectral,role_random,1,50,permuted_teacher,1,0.01830801613612073
flywire_783_mb_left_kc512_s701,443,spectral,role_random,1,50,permuted_teacher,2,0.017475657233264195
flywire_783_mb_left_kc512_s701,443,spectral,role_random,1,50,permuted_teacher,3,0.016980411474894323
flywire_783_mb_left_kc512_s701,443,spectral,role_random,1,50,permuted_teacher,4,0.01666549784488221
flywire_783_mb_left_kc512_s701,443,spectral,role_random,1,50,permuted_teacher,5,0.016460390367905527
flywire_783_mb_left_kc512_s701,443,spectral,role_random,1,50,permuted_teacher,6,0.016321111053471015
flywire_783_mb_left_kc512_s701,443,spectral,role_random,1,50,permuted_teacher,7,0.01622355624585086
flywire_783_mb_left_kc512_s701,443,spectral,role_random,1,50,permuted_teacher,8,0.016154518641800977
flywire_783_mb_left_kc512_s701,443,spectral,role_random,1,50,permuted_teacher,9,0.016103854809617752
flywire_783_mb_left_kc512_s701,443,spectral,role_random,1,50,permuted_teacher,10,0.01606508033808489
flywire_783_mb_left_kc512_s701,443,spectral,role_random,1,50,permuted_teacher,11,0.016034974751001276
flywire_783_mb_left_kc512_s701,443,spectral,role_random,1,50,permuted_teacher,12,0.016011634407554633
flywire_783_mb_left_kc512_s701,443,spectral,role_random,1,50,permuted_teacher,13,0.015992903193859796
flywire_783_mb_left_kc512_s701,443,spectral,role_random,1,50,permuted_teacher,14,0.015977503900509355
flywire_783_mb_left_kc512_s701,443,spectral,role_random,1,50,permuted_teacher,15,0.015964837166358842
flywire_783_mb_left_kc512_s701,443,spectral,role_random,1,50,permuted_teacher,16,0.015954386165640048
flywire_783_mb_left_kc512_s701,443,spectral,role_random,1,50,permuted_teacher,17,0.015945541475863443
flywire_783_mb_left_kc512_s701,443,spectral,role_random,1,50,permuted_teacher,18,0.015938050241437133
flywire_783_mb_left_kc512_s701,443,spectral,role_random,1,50,permuted_teacher,19,0.015931625602383967
flywire_783_mb_left_kc512_s701,443,spectral,role_random,1,50,permuted_teacher,20,0.015926109981025515
flywire_783_mb_left_kc512_s701,443,spectral,role_random,1,50,permuted_teacher,21,0.015921375510519652
flywire_783_mb_left_kc512_s701,443,spectral,role_random,1,50,permuted_teacher,22,0.015917453470009547
flywire_783_mb_left_kc512_s701,443,spectral,role_random,1,50,permuted_teacher,23,0.01591399900543444
flywire_783_mb_left_kc512_s701,443,spectral,role_random,1,50,permuted_teacher,24,0.0159108934897615
flywire_783_mb_left_kc512_s701,443,spectral,role_random,1,50,permuted_teacher,25,0.015908087238746368
flywire_783_mb_left_kc512_s701,443,spectral,role_random,1,50,permuted_teacher,26,0.015905638352368807
flywire_783_mb_left_kc512_s701,443,spectral,role_random,1,50,permuted_teacher,27,0.01590351183940362
flywire_783_mb_left_kc512_s701,443,spectral,role_random,1,50,permuted_teacher,28,0.01590159941280216
flywire_783_mb_left_kc512_s701,443,spectral,role_random,1,50,permuted_teacher,29,0.015899856844173554
flywire_783_mb_left_kc512_s701,443,spectral,role_random,1,50,permuted_teacher,30,0.015898272583761596
flywire_783_mb_left_kc512_s701,443,spectral,role_random,1,200,supervised,1,0.01762922657018287
flywire_783_mb_left_kc512_s701,443,spectral,role_random,1,200,supervised,2,0.016688007086434024
flywire_783_mb_left_kc512_s701,443,spectral,role_random,1,200,supervised,3,0.016507653730524728
flywire_783_mb_left_kc512_s701,443,spectral,role_random,1,200,supervised,4,0.016447325103037567
flywire_783_mb_left_kc512_s701,443,spectral,role_random,1,200,supervised,5,0.016420388229587548
flywire_783_mb_left_kc512_s701,443,spectral,role_random,1,200,supervised,6,0.01640630137596652
flywire_783_mb_left_kc512_s701,443,spectral,role_random,1,200,supervised,7,0.01639819357352651
flywire_783_mb_left_kc512_s701,443,spectral,role_random,1,200,supervised,8,0.016393356745088402
flywire_783_mb_left_kc512_s701,443,spectral,role_random,1,200,supervised,9,0.016390149231675533
flywire_783_mb_left_kc512_s701,443,spectral,role_random,1,200,supervised,10,0.01638771221371067
flywire_783_mb_left_kc512_s701,443,spectral,role_random,1,200,supervised,11,0.016386060353971277
flywire_783_mb_left_kc512_s701,443,spectral,role_random,1,200,supervised,12,0.016384855234586358
flywire_783_mb_left_kc512_s701,443,spectral,role_random,1,200,supervised,13,0.016383899377237308
flywire_783_mb_left_kc512_s701,443,spectral,role_random,1,200,supervised,14,0.01638316566520361
flywire_783_mb_left_kc512_s701,443,spectral,role_random,1,200,supervised,15,0.016382579578757113
flywire_783_mb_left_kc512_s701,443,spectral,role_random,1,200,supervised,16,0.016382126348451504
flywire_783_mb_left_kc512_s701,443,spectral,role_random,1,200,supervised,17,0.016381779608988078
flywire_783_mb_left_kc512_s701,443,spectral,role_random,1,200,supervised,18,0.016381494192985322
flywire_783_mb_left_kc512_s701,443,spectral,role_random,1,200,supervised,19,0.016381251434002684
flywire_783_mb_left_kc512_s701,443,spectral,role_random,1,200,supervised,20,0.016381051615144707
flywire_783_mb_left_kc512_s701,443,spectral,role_random,1,200,supervised,21,0.016380888733418177
flywire_783_mb_left_kc512_s701,443,spectral,role_random,1,200,supervised,22,0.01638076035416146
flywire_783_mb_left_kc512_s701,443,spectral,role_random,1,200,supervised,23,0.016380642770720655
flywire_783_mb_left_kc512_s701,443,spectral,role_random,1,200,supervised,24,0.016380535965399897
flywire_783_mb_left_kc512_s701,443,spectral,role_random,1,200,supervised,25,0.016380442843651994
flywire_783_mb_left_kc512_s701,443,spectral,role_random,1,200,supervised,26,0.016380366678119658
flywire_783_mb_left_kc512_s701,443,spectral,role_random,1,200,supervised,27,0.016380302051185278
flywire_783_mb_left_kc512_s701,443,spectral,role_random,1,200,supervised,28,0.016380250506404327
flywire_783_mb_left_kc512_s701,443,spectral,role_random,1,200,supervised,29,0.01638022851138283
flywire_783_mb_left_kc512_s701,443,spectral,role_random,1,200,supervised,30,0.01638022101390388
flywire_783_mb_left_kc512_s701,443,spectral,role_random,1,200,permuted_teacher,1,0.017626209345757503
flywire_783_mb_left_kc512_s701,443,spectral,role_random,1,200,permuted_teacher,2,0.016675152617727337
flywire_783_mb_left_kc512_s701,443,spectral,role_random,1,200,permuted_teacher,3,0.0164911948598987
flywire_783_mb_left_kc512_s701,443,spectral,role_random,1,200,permuted_teacher,4,0.016430298233076606
flywire_783_mb_left_kc512_s701,443,spectral,role_random,1,200,permuted_teacher,5,0.016402713622504273
flywire_783_mb_left_kc512_s701,443,spectral,role_random,1,200,permuted_teacher,6,0.016388278580936624
flywire_783_mb_left_kc512_s701,443,spectral,role_random,1,200,permuted_teacher,7,0.01637974944871902
flywire_783_mb_left_kc512_s701,443,spectral,role_random,1,200,permuted_teacher,8,0.016374590618510387
flywire_783_mb_left_kc512_s701,443,spectral,role_random,1,200,permuted_teacher,9,0.016371163668535693
flywire_783_mb_left_kc512_s701,443,spectral,role_random,1,200,permuted_teacher,10,0.01636862389512533
flywire_783_mb_left_kc512_s701,443,spectral,role_random,1,200,permuted_teacher,11,0.016366756364260587
flywire_783_mb_left_kc512_s701,443,spectral,role_random,1,200,permuted_teacher,12,0.016365411574027388
flywire_783_mb_left_kc512_s701,443,spectral,role_random,1,200,permuted_teacher,13,0.0163643936563857
flywire_783_mb_left_kc512_s701,443,spectral,role_random,1,200,permuted_teacher,14,0.016363593738284252
flywire_783_mb_left_kc512_s701,443,spectral,role_random,1,200,permuted_teacher,15,0.016362962113827928
flywire_783_mb_left_kc512_s701,443,spectral,role_random,1,200,permuted_teacher,16,0.01636243963774426
flywire_783_mb_left_kc512_s701,443,spectral,role_random,1,200,permuted_teacher,17,0.01636199257446234
flywire_783_mb_left_kc512_s701,443,spectral,role_random,1,200,permuted_teacher,18,0.016361608421572606
flywire_783_mb_left_kc512_s701,443,spectral,role_random,1,200,permuted_teacher,19,0.016361306158091712
flywire_783_mb_left_kc512_s701,443,spectral,role_random,1,200,permuted_teacher,20,0.01636105881582553
flywire_783_mb_left_kc512_s701,443,spectral,role_random,1,200,permuted_teacher,21,0.01636085775467134
flywire_783_mb_left_kc512_s701,443,spectral,role_random,1,200,permuted_teacher,22,0.01636067241444047
flywire_783_mb_left_kc512_s701,443,spectral,role_random,1,200,permuted_teacher,23,0.016360502220690493
flywire_783_mb_left_kc512_s701,443,spectral,role_random,1,200,permuted_teacher,24,0.016360347401460956
flywire_783_mb_left_kc512_s701,443,spectral,role_random,1,200,permuted_teacher,25,0.016360206430794864
flywire_783_mb_left_kc512_s701,443,spectral,role_random,1,200,permuted_teacher,26,0.0163600807581074
flywire_783_mb_left_kc512_s701,443,spectral,role_random,1,200,permuted_teacher,27,0.016359972883677642
flywire_783_mb_left_kc512_s701,443,spectral,role_random,1,200,permuted_teacher,28,0.01635987588859912
flywire_783_mb_left_kc512_s701,443,spectral,role_random,1,200,permuted_teacher,29,0.016359795381118654
flywire_783_mb_left_kc512_s701,443,spectral,role_random,1,200,permuted_teacher,30,0.016359720500535926
flywire_783_mb_left_kc512_s701,443,spectral,role_random,2,50,supervised,1,0.018437535058397018
flywire_783_mb_left_kc512_s701,443,spectral,role_random,2,50,supervised,2,0.017597608408827986
flywire_783_mb_left_kc512_s701,443,spectral,role_random,2,50,supervised,3,0.017101345599908682
flywire_783_mb_left_kc512_s701,443,spectral,role_random,2,50,supervised,4,0.01679142208354608
flywire_783_mb_left_kc512_s701,443,spectral,role_random,2,50,supervised,5,0.0165942250580362
flywire_783_mb_left_kc512_s701,443,spectral,role_random,2,50,supervised,6,0.01646337780926427
flywire_783_mb_left_kc512_s701,443,spectral,role_random,2,50,supervised,7,0.016373291063416683
flywire_783_mb_left_kc512_s701,443,spectral,role_random,2,50,supervised,8,0.016309887833914134
flywire_783_mb_left_kc512_s701,443,spectral,role_random,2,50,supervised,9,0.01626349605216352
flywire_783_mb_left_kc512_s701,443,spectral,role_random,2,50,supervised,10,0.016228469728966473
flywire_783_mb_left_kc512_s701,443,spectral,role_random,2,50,supervised,11,0.016200909761962982
flywire_783_mb_left_kc512_s701,443,spectral,role_random,2,50,supervised,12,0.016178954265069222
flywire_783_mb_left_kc512_s701,443,spectral,role_random,2,50,supervised,13,0.01616120319488612
flywire_783_mb_left_kc512_s701,443,spectral,role_random,2,50,supervised,14,0.016146648576219662
flywire_783_mb_left_kc512_s701,443,spectral,role_random,2,50,supervised,15,0.01613454402640314
flywire_783_mb_left_kc512_s701,443,spectral,role_random,2,50,supervised,16,0.01612427624230614
flywire_783_mb_left_kc512_s701,443,spectral,role_random,2,50,supervised,17,0.016115525363513326
flywire_783_mb_left_kc512_s701,443,spectral,role_random,2,50,supervised,18,0.01610799512326084
flywire_783_mb_left_kc512_s701,443,spectral,role_random,2,50,supervised,19,0.01610154555166123
flywire_783_mb_left_kc512_s701,443,spectral,role_random,2,50,supervised,20,0.01609623065771867
flywire_783_mb_left_kc512_s701,443,spectral,role_random,2,50,supervised,21,0.016091660333963705
flywire_783_mb_left_kc512_s701,443,spectral,role_random,2,50,supervised,22,0.016087648543221766
flywire_783_mb_left_kc512_s701,443,spectral,role_random,2,50,supervised,23,0.016084128861163192
flywire_783_mb_left_kc512_s701,443,spectral,role_random,2,50,supervised,24,0.01608106016967359
flywire_783_mb_left_kc512_s701,443,spectral,role_random,2,50,supervised,25,0.016078381558562324
flywire_783_mb_left_kc512_s701,443,spectral,role_random,2,50,supervised,26,0.01607599721468519
flywire_783_mb_left_kc512_s701,443,spectral,role_random,2,50,supervised,27,0.01607383773341505
flywire_783_mb_left_kc512_s701,443,spectral,role_random,2,50,supervised,28,0.016071897951953188
flywire_783_mb_left_kc512_s701,443,spectral,role_random,2,50,supervised,29,0.016070164521149895
flywire_783_mb_left_kc512_s701,443,spectral,role_random,2,50,supervised,30,0.01606857963054895
flywire_783_mb_left_kc512_s701,443,spectral,role_random,2,50,permuted_teacher,1,0.018503796286682042
flywire_783_mb_left_kc512_s701,443,spectral,role_random,2,50,permuted_teacher,2,0.017664898757620468
flywire_783_mb_left_kc512_s701,443,spectral,role_random,2,50,permuted_teacher,3,0.017168068613583366
flywire_783_mb_left_kc512_s701,443,spectral,role_random,2,50,permuted_teacher,4,0.016855618238345825
flywire_783_mb_left_kc512_s701,443,spectral,role_random,2,50,permuted_teacher,5,0.016655025481076006
flywire_783_mb_left_kc512_s701,443,spectral,role_random,2,50,permuted_teacher,6,0.01652016442075125
flywire_783_mb_left_kc512_s701,443,spectral,role_random,2,50,permuted_teacher,7,0.016427891924355613
flywire_783_mb_left_kc512_s701,443,spectral,role_random,2,50,permuted_teacher,8,0.01636278302465364
flywire_783_mb_left_kc512_s701,443,spectral,role_random,2,50,permuted_teacher,9,0.016315628774377894
flywire_783_mb_left_kc512_s701,443,spectral,role_random,2,50,permuted_teacher,10,0.01628004312243133
flywire_783_mb_left_kc512_s701,443,spectral,role_random,2,50,permuted_teacher,11,0.016252526777545465
flywire_783_mb_left_kc512_s701,443,spectral,role_random,2,50,permuted_teacher,12,0.01623071177160315
flywire_783_mb_left_kc512_s701,443,spectral,role_random,2,50,permuted_teacher,13,0.016213309461195174
flywire_783_mb_left_kc512_s701,443,spectral,role_random,2,50,permuted_teacher,14,0.01619900148028322
flywire_783_mb_left_kc512_s701,443,spectral,role_random,2,50,permuted_teacher,15,0.01618727597407252
flywire_783_mb_left_kc512_s701,443,spectral,role_random,2,50,permuted_teacher,16,0.016177603893934606
flywire_783_mb_left_kc512_s701,443,spectral,role_random,2,50,permuted_teacher,17,0.01616926477170198
flywire_783_mb_left_kc512_s701,443,spectral,role_random,2,50,permuted_teacher,18,0.01616204583120657
flywire_783_mb_left_kc512_s701,443,spectral,role_random,2,50,permuted_teacher,19,0.016156100067087495
flywire_783_mb_left_kc512_s701,443,spectral,role_random,2,50,permuted_teacher,20,0.016151137011767076
flywire_783_mb_left_kc512_s701,443,spectral,role_random,2,50,permuted_teacher,21,0.01614688465645119
flywire_783_mb_left_kc512_s701,443,spectral,role_random,2,50,permuted_teacher,22,0.01614312021803854
flywire_783_mb_left_kc512_s701,443,spectral,role_random,2,50,permuted_teacher,23,0.01613980027863705
flywire_783_mb_left_kc512_s701,443,spectral,role_random,2,50,permuted_teacher,24,0.016136963519121555
flywire_783_mb_left_kc512_s701,443,spectral,role_random,2,50,permuted_teacher,25,0.016134590261271963
flywire_783_mb_left_kc512_s701,443,spectral,role_random,2,50,permuted_teacher,26,0.016132675255602406
flywire_783_mb_left_kc512_s701,443,spectral,role_random,2,50,permuted_teacher,27,0.01613107968831419
flywire_783_mb_left_kc512_s701,443,spectral,role_random,2,50,permuted_teacher,28,0.016129684866502254
flywire_783_mb_left_kc512_s701,443,spectral,role_random,2,50,permuted_teacher,29,0.0161284866494769
flywire_783_mb_left_kc512_s701,443,spectral,role_random,2,50,permuted_teacher,30,0.01612747950483164
flywire_783_mb_left_kc512_s701,443,spectral,role_random,2,200,supervised,1,0.017652878347757115
flywire_783_mb_left_kc512_s701,443,spectral,role_random,2,200,supervised,2,0.016695889800281465
flywire_783_mb_left_kc512_s701,443,spectral,role_random,2,200,supervised,3,0.016504730168944333
flywire_783_mb_left_kc512_s701,443,spectral,role_random,2,200,supervised,4,0.01643695863772125
flywire_783_mb_left_kc512_s701,443,spectral,role_random,2,200,supervised,5,0.016405502061753757
flywire_783_mb_left_kc512_s701,443,spectral,role_random,2,200,supervised,6,0.01638845806134074
flywire_783_mb_left_kc512_s701,443,spectral,role_random,2,200,supervised,7,0.016378432410817694
flywire_783_mb_left_kc512_s701,443,spectral,role_random,2,200,supervised,8,0.01637216194019532
flywire_783_mb_left_kc512_s701,443,spectral,role_random,2,200,supervised,9,0.016368041956186092
flywire_783_mb_left_kc512_s701,443,spectral,role_random,2,200,supervised,10,0.016365047647727237
flywire_783_mb_left_kc512_s701,443,spectral,role_random,2,200,supervised,11,0.016362715810030896
flywire_783_mb_left_kc512_s701,443,spectral,role_random,2,200,supervised,12,0.016360927505462444
flywire_783_mb_left_kc512_s701,443,spectral,role_random,2,200,supervised,13,0.01635966060421916
flywire_783_mb_left_kc512_s701,443,spectral,role_random,2,200,supervised,14,0.01635863716374803
flywire_783_mb_left_kc512_s701,443,spectral,role_random,2,200,supervised,15,0.016357774201350234
flywire_783_mb_left_kc512_s701,443,spectral,role_random,2,200,supervised,16,0.016357035925700297
flywire_783_mb_left_kc512_s701,443,spectral,role_random,2,200,supervised,17,0.0163564554449124
flywire_783_mb_left_kc512_s701,443,spectral,role_random,2,200,supervised,18,0.016355981061534994
flywire_783_mb_left_kc512_s701,443,spectral,role_random,2,200,supervised,19,0.01635560339512988
flywire_783_mb_left_kc512_s701,443,spectral,role_random,2,200,supervised,20,0.01635527295071156
flywire_783_mb_left_kc512_s701,443,spectral,role_random,2,200,supervised,21,0.01635498561284167
flywire_783_mb_left_kc512_s701,443,spectral,role_random,2,200,supervised,22,0.016354745368954846
flywire_783_mb_left_kc512_s701,443,spectral,role_random,2,200,supervised,23,0.016354550114822876
flywire_783_mb_left_kc512_s701,443,spectral,role_random,2,200,supervised,24,0.016354382791504137
flywire_783_mb_left_kc512_s701,443,spectral,role_random,2,200,supervised,25,0.01635425089727627
flywire_783_mb_left_kc512_s701,443,spectral,role_random,2,200,supervised,26,0.016354147304716404
flywire_783_mb_left_kc512_s701,443,spectral,role_random,2,200,supervised,27,0.016354058430721345
flywire_783_mb_left_kc512_s701,443,spectral,role_random,2,200,supervised,28,0.016353975660045157
flywire_783_mb_left_kc512_s701,443,spectral,role_random,2,200,supervised,29,0.01635389942787276
flywire_783_mb_left_kc512_s701,443,spectral,role_random,2,200,supervised,30,0.016353834274281817
flywire_783_mb_left_kc512_s701,443,spectral,role_random,2,200,permuted_teacher,1,0.01765048540353612
flywire_783_mb_left_kc512_s701,443,spectral,role_random,2,200,permuted_teacher,2,0.016700441938343878
flywire_783_mb_left_kc512_s701,443,spectral,role_random,2,200,permuted_teacher,3,0.016513953848591258
flywire_783_mb_left_kc512_s701,443,spectral,role_random,2,200,permuted_teacher,4,0.01645123624642811
flywire_783_mb_left_kc512_s701,443,spectral,role_random,2,200,permuted_teacher,5,0.016423358085604075
flywire_783_mb_left_kc512_s701,443,spectral,role_random,2,200,permuted_teacher,6,0.01640881862511604
flywire_783_mb_left_kc512_s701,443,spectral,role_random,2,200,permuted_teacher,7,0.016400381536005367
flywire_783_mb_left_kc512_s701,443,spectral,role_random,2,200,permuted_teacher,8,0.01639509791931102
flywire_783_mb_left_kc512_s701,443,spectral,role_random,2,200,permuted_teacher,9,0.01639179030705912
flywire_783_mb_left_kc512_s701,443,spectral,role_random,2,200,permuted_teacher,10,0.016389498486881593
flywire_783_mb_left_kc512_s701,443,spectral,role_random,2,200,permuted_teacher,11,0.016387709513241925
flywire_783_mb_left_kc512_s701,443,spectral,role_random,2,200,permuted_teacher,12,0.01638634354185165
flywire_783_mb_left_kc512_s701,443,spectral,role_random,2,200,permuted_teacher,13,0.016385335570860252
flywire_783_mb_left_kc512_s701,443,spectral,role_random,2,200,permuted_teacher,14,0.01638445277883104
flywire_783_mb_left_kc512_s701,443,spectral,role_random,2,200,permuted_teacher,15,0.016383732339361173
flywire_783_mb_left_kc512_s701,443,spectral,role_random,2,200,permuted_teacher,16,0.01638314637268171
flywire_783_mb_left_kc512_s701,443,spectral,role_random,2,200,permuted_teacher,17,0.016382693104341713
flywire_783_mb_left_kc512_s701,443,spectral,role_random,2,200,permuted_teacher,18,0.016382352991564
flywire_783_mb_left_kc512_s701,443,spectral,role_random,2,200,permuted_teacher,19,0.01638208518281158
flywire_783_mb_left_kc512_s701,443,spectral,role_random,2,200,permuted_teacher,20,0.01638185802891014
flywire_783_mb_left_kc512_s701,443,spectral,role_random,2,200,permuted_teacher,21,0.016381637660353027
flywire_783_mb_left_kc512_s701,443,spectral,role_random,2,200,permuted_teacher,22,0.016381452137048873
flywire_783_mb_left_kc512_s701,443,spectral,role_random,2,200,permuted_teacher,23,0.016381290213599787
flywire_783_mb_left_kc512_s701,443,spectral,role_random,2,200,permuted_teacher,24,0.016381136547858215
flywire_783_mb_left_kc512_s701,443,spectral,role_random,2,200,permuted_teacher,25,0.0163809956117016
flywire_783_mb_left_kc512_s701,443,spectral,role_random,2,200,permuted_teacher,26,0.016380872125673338
flywire_783_mb_left_kc512_s701,443,spectral,role_random,2,200,permuted_teacher,27,0.016380755760545165
flywire_783_mb_left_kc512_s701,443,spectral,role_random,2,200,permuted_teacher,28,0.016380653878865732
flywire_783_mb_left_kc512_s701,443,spectral,role_random,2,200,permuted_teacher,29,0.016380571596850527
flywire_783_mb_left_kc512_s701,443,spectral,role_random,2,200,permuted_teacher,30,0.016380502597115595
flywire_783_mb_left_kc512_s701,443,incoming_l1,fly,1,50,supervised,1,0.014189002917709158
flywire_783_mb_left_kc512_s701,443,incoming_l1,fly,1,50,supervised,2,0.01393297781737325
flywire_783_mb_left_kc512_s701,443,incoming_l1,fly,1,50,supervised,3,0.013741579914742695
flywire_783_mb_left_kc512_s701,443,incoming_l1,fly,1,50,supervised,4,0.013593392986037987
flywire_783_mb_left_kc512_s701,443,incoming_l1,fly,1,50,supervised,5,0.01347674755174017
flywire_783_mb_left_kc512_s701,443,incoming_l1,fly,1,50,supervised,6,0.013385706122666824
flywire_783_mb_left_kc512_s701,443,incoming_l1,fly,1,50,supervised,7,0.013315283810655639
flywire_783_mb_left_kc512_s701,443,incoming_l1,fly,1,50,supervised,8,0.01326235817264446
flywire_783_mb_left_kc512_s701,443,incoming_l1,fly,1,50,supervised,9,0.013220901482689479
flywire_783_mb_left_kc512_s701,443,incoming_l1,fly,1,50,supervised,10,0.013189759984160068
flywire_783_mb_left_kc512_s701,443,incoming_l1,fly,1,50,supervised,11,0.013165307211584397
flywire_783_mb_left_kc512_s701,443,incoming_l1,fly,1,50,supervised,12,0.013145578587616292
flywire_783_mb_left_kc512_s701,443,incoming_l1,fly,1,50,supervised,13,0.01312959195933927
flywire_783_mb_left_kc512_s701,443,incoming_l1,fly,1,50,supervised,14,0.01311698773619035
flywire_783_mb_left_kc512_s701,443,incoming_l1,fly,1,50,supervised,15,0.013106386155413416
flywire_783_mb_left_kc512_s701,443,incoming_l1,fly,1,50,supervised,16,0.013097612345162362
flywire_783_mb_left_kc512_s701,443,incoming_l1,fly,1,50,supervised,17,0.01308987306815653
flywire_783_mb_left_kc512_s701,443,incoming_l1,fly,1,50,supervised,18,0.013082954709733209
flywire_783_mb_left_kc512_s701,443,incoming_l1,fly,1,50,supervised,19,0.013077021684067146
flywire_783_mb_left_kc512_s701,443,incoming_l1,fly,1,50,supervised,20,0.013071588550836998
flywire_783_mb_left_kc512_s701,443,incoming_l1,fly,1,50,supervised,21,0.013066753130528054
flywire_783_mb_left_kc512_s701,443,incoming_l1,fly,1,50,supervised,22,0.013062328135827748
flywire_783_mb_left_kc512_s701,443,incoming_l1,fly,1,50,supervised,23,0.013058295373789932
flywire_783_mb_left_kc512_s701,443,incoming_l1,fly,1,50,supervised,24,0.013054533385778957
flywire_783_mb_left_kc512_s701,443,incoming_l1,fly,1,50,supervised,25,0.013051061183224778
flywire_783_mb_left_kc512_s701,443,incoming_l1,fly,1,50,supervised,26,0.013047958089152906
flywire_783_mb_left_kc512_s701,443,incoming_l1,fly,1,50,supervised,27,0.013045153382516286
flywire_783_mb_left_kc512_s701,443,incoming_l1,fly,1,50,supervised,28,0.013042521275677888
flywire_783_mb_left_kc512_s701,443,incoming_l1,fly,1,50,supervised,29,0.013040018380254157
flywire_783_mb_left_kc512_s701,443,incoming_l1,fly,1,50,supervised,30,0.013037628348775797
flywire_783_mb_left_kc512_s701,443,incoming_l1,fly,1,50,permuted_teacher,1,0.014178162703432433
flywire_783_mb_left_kc512_s701,443,incoming_l1,fly,1,50,permuted_teacher,2,0.013919779152550521
flywire_783_mb_left_kc512_s701,443,incoming_l1,fly,1,50,permuted_teacher,3,0.013726270164558817
flywire_783_mb_left_kc512_s701,443,incoming_l1,fly,1,50,permuted_teacher,4,0.01357595272047414
flywire_783_mb_left_kc512_s701,443,incoming_l1,fly,1,50,permuted_teacher,5,0.013456156869990337
flywire_783_mb_left_kc512_s701,443,incoming_l1,fly,1,50,permuted_teacher,6,0.013362065523299653
flywire_783_mb_left_kc512_s701,443,incoming_l1,fly,1,50,permuted_teacher,7,0.013289760080585446
flywire_783_mb_left_kc512_s701,443,incoming_l1,fly,1,50,permuted_teacher,8,0.013235018589975124
flywire_783_mb_left_kc512_s701,443,incoming_l1,fly,1,50,permuted_teacher,9,0.013191881591764973
flywire_783_mb_left_kc512_s701,443,incoming_l1,fly,1,50,permuted_teacher,10,0.013158817609668978
flywire_783_mb_left_kc512_s701,443,incoming_l1,fly,1,50,permuted_teacher,11,0.013133470155286903
flywire_783_mb_left_kc512_s701,443,incoming_l1,fly,1,50,permuted_teacher,12,0.013113150176391053
flywire_783_mb_left_kc512_s701,443,incoming_l1,fly,1,50,permuted_teacher,13,0.013096576091557972
flywire_783_mb_left_kc512_s701,443,incoming_l1,fly,1,50,permuted_teacher,14,0.013082946627761336
flywire_783_mb_left_kc512_s701,443,incoming_l1,fly,1,50,permuted_teacher,15,0.013071333317550853
flywire_783_mb_left_kc512_s701,443,incoming_l1,fly,1,50,permuted_teacher,16,0.013061388247365538
flywire_783_mb_left_kc512_s701,443,incoming_l1,fly,1,50,permuted_teacher,17,0.013052866173277899
flywire_783_mb_left_kc512_s701,443,incoming_l1,fly,1,50,permuted_teacher,18,0.01304566963696021
flywire_783_mb_left_kc512_s701,443,incoming_l1,fly,1,50,permuted_teacher,19,0.013039353293589911
flywire_783_mb_left_kc512_s701,443,incoming_l1,fly,1,50,permuted_teacher,20,0.013033635361209425
flywire_783_mb_left_kc512_s701,443,incoming_l1,fly,1,50,permuted_teacher,21,0.013028498591126121
flywire_783_mb_left_kc512_s701,443,incoming_l1,fly,1,50,permuted_teacher,22,0.013023943176060607
flywire_783_mb_left_kc512_s701,443,incoming_l1,fly,1,50,permuted_teacher,23,0.013019812260107864
flywire_783_mb_left_kc512_s701,443,incoming_l1,fly,1,50,permuted_teacher,24,0.013016028960106436
flywire_783_mb_left_kc512_s701,443,incoming_l1,fly,1,50,permuted_teacher,25,0.013012524474709743
flywire_783_mb_left_kc512_s701,443,incoming_l1,fly,1,50,permuted_teacher,26,0.013009315209549116
flywire_783_mb_left_kc512_s701,443,incoming_l1,fly,1,50,permuted_teacher,27,0.013006405326549382
flywire_783_mb_left_kc512_s701,443,incoming_l1,fly,1,50,permuted_teacher,28,0.013003699356563524
flywire_783_mb_left_kc512_s701,443,incoming_l1,fly,1,50,permuted_teacher,29,0.013001144493350072
flywire_783_mb_left_kc512_s701,443,incoming_l1,fly,1,50,permuted_teacher,30,0.012998721619229894
flywire_783_mb_left_kc512_s701,443,incoming_l1,fly,1,200,supervised,1,0.013693918107331822
flywire_783_mb_left_kc512_s701,443,incoming_l1,fly,1,200,supervised,2,0.01323226476227641
flywire_783_mb_left_kc512_s701,443,incoming_l1,fly,1,200,supervised,3,0.013094561057203398
flywire_783_mb_left_kc512_s701,443,incoming_l1,fly,1,200,supervised,4,0.013037341922564446
flywire_783_mb_left_kc512_s701,443,incoming_l1,fly,1,200,supervised,5,0.013005978194242387
flywire_783_mb_left_kc512_s701,443,incoming_l1,fly,1,200,supervised,6,0.012987607693606726
flywire_783_mb_left_kc512_s701,443,incoming_l1,fly,1,200,supervised,7,0.012976333624628317
flywire_783_mb_left_kc512_s701,443,incoming_l1,fly,1,200,supervised,8,0.012968704543699163
flywire_783_mb_left_kc512_s701,443,incoming_l1,fly,1,200,supervised,9,0.01296295217753132
flywire_783_mb_left_kc512_s701,443,incoming_l1,fly,1,200,supervised,10,0.012958620382507105
flywire_783_mb_left_kc512_s701,443,incoming_l1,fly,1,200,supervised,11,0.012955131305511633
flywire_783_mb_left_kc512_s701,443,incoming_l1,fly,1,200,supervised,12,0.012952146610847618
flywire_783_mb_left_kc512_s701,443,incoming_l1,fly,1,200,supervised,13,0.012949497121414922
flywire_783_mb_left_kc512_s701,443,incoming_l1,fly,1,200,supervised,14,0.012947022844164168
flywire_783_mb_left_kc512_s701,443,incoming_l1,fly,1,200,supervised,15,0.012945249652530496
flywire_783_mb_left_kc512_s701,443,incoming_l1,fly,1,200,supervised,16,0.012944117338700364
flywire_783_mb_left_kc512_s701,443,incoming_l1,fly,1,200,supervised,17,0.012943112358690534
flywire_783_mb_left_kc512_s701,443,incoming_l1,fly,1,200,supervised,18,0.012942230239713139
flywire_783_mb_left_kc512_s701,443,incoming_l1,fly,1,200,supervised,19,0.012941429023894713
flywire_783_mb_left_kc512_s701,443,incoming_l1,fly,1,200,supervised,20,0.012940680760284273
flywire_783_mb_left_kc512_s701,443,incoming_l1,fly,1,200,supervised,21,0.012940034468356364
flywire_783_mb_left_kc512_s701,443,incoming_l1,fly,1,200,supervised,22,0.012939442444948464
flywire_783_mb_left_kc512_s701,443,incoming_l1,fly,1,200,supervised,23,0.012938899575725046
flywire_783_mb_left_kc512_s701,443,incoming_l1,fly,1,200,supervised,24,0.012938397342303145
flywire_783_mb_left_kc512_s701,443,incoming_l1,fly,1,200,supervised,25,0.01293792529196894
flywire_783_mb_left_kc512_s701,443,incoming_l1,fly,1,200,supervised,26,0.012937483799972168
flywire_783_mb_left_kc512_s701,443,incoming_l1,fly,1,200,supervised,27,0.01293707326698463
flywire_783_mb_left_kc512_s701,443,incoming_l1,fly,1,200,supervised,28,0.01293668772671036
flywire_783_mb_left_kc512_s701,443,incoming_l1,fly,1,200,supervised,29,0.012936324103274105
flywire_783_mb_left_kc512_s701,443,incoming_l1,fly,1,200,supervised,30,0.012935978777914156
flywire_783_mb_left_kc512_s701,443,incoming_l1,fly,1,200,permuted_teacher,1,0.013663167541178812
flywire_783_mb_left_kc512_s701,443,incoming_l1,fly,1,200,permuted_teacher,2,0.013196841530882691
flywire_783_mb_left_kc512_s701,443,incoming_l1,fly,1,200,permuted_teacher,3,0.013054362987891472
flywire_783_mb_left_kc512_s701,443,incoming_l1,fly,1,200,permuted_teacher,4,0.012992561129128688
flywire_783_mb_left_kc512_s701,443,incoming_l1,fly,1,200,permuted_teacher,5,0.012957097045721703
flywire_783_mb_left_kc512_s701,443,incoming_l1,fly,1,200,permuted_teacher,6,0.012935926309098329
flywire_783_mb_left_kc512_s701,443,incoming_l1,fly,1,200,permuted_teacher,7,0.012922675098457476
flywire_783_mb_left_kc512_s701,443,incoming_l1,fly,1,200,permuted_teacher,8,0.012913571041195317
flywire_783_mb_left_kc512_s701,443,incoming_l1,fly,1,200,permuted_teacher,9,0.012906521697160698
flywire_783_mb_left_kc512_s701,443,incoming_l1,fly,1,200,permuted_teacher,10,0.012900692999328675
flywire_783_mb_left_kc512_s701,443,incoming_l1,fly,1,200,permuted_teacher,11,0.012896012420830357
flywire_783_mb_left_kc512_s701,443,incoming_l1,fly,1,200,permuted_teacher,12,0.012891950071211468
flywire_783_mb_left_kc512_s701,443,incoming_l1,fly,1,200,permuted_teacher,13,0.012888458978428751
flywire_783_mb_left_kc512_s701,443,incoming_l1,fly,1,200,permuted_teacher,14,0.012885594573089047
flywire_783_mb_left_kc512_s701,443,incoming_l1,fly,1,200,permuted_teacher,15,0.012883739121814185
flywire_783_mb_left_kc512_s701,443,incoming_l1,fly,1,200,permuted_teacher,16,0.012882181354561092
flywire_783_mb_left_kc512_s701,443,incoming_l1,fly,1,200,permuted_teacher,17,0.012880899325122538
flywire_783_mb_left_kc512_s701,443,incoming_l1,fly,1,200,permuted_teacher,18,0.012879761413011608
flywire_783_mb_left_kc512_s701,443,incoming_l1,fly,1,200,permuted_teacher,19,0.012878738753748915
flywire_783_mb_left_kc512_s701,443,incoming_l1,fly,1,200,permuted_teacher,20,0.012877805843790653
flywire_783_mb_left_kc512_s701,443,incoming_l1,fly,1,200,permuted_teacher,21,0.012876951534315062
flywire_783_mb_left_kc512_s701,443,incoming_l1,fly,1,200,permuted_teacher,22,0.01287619189466287
flywire_783_mb_left_kc512_s701,443,incoming_l1,fly,1,200,permuted_teacher,23,0.012875522768368815
flywire_783_mb_left_kc512_s701,443,incoming_l1,fly,1,200,permuted_teacher,24,0.012874906774309155
flywire_783_mb_left_kc512_s701,443,incoming_l1,fly,1,200,permuted_teacher,25,0.012874335966993096
flywire_783_mb_left_kc512_s701,443,incoming_l1,fly,1,200,permuted_teacher,26,0.012873841415696355
flywire_783_mb_left_kc512_s701,443,incoming_l1,fly,1,200,permuted_teacher,27,0.012873531843916233
flywire_783_mb_left_kc512_s701,443,incoming_l1,fly,1,200,permuted_teacher,28,0.012873259329830543
flywire_783_mb_left_kc512_s701,443,incoming_l1,fly,1,200,permuted_teacher,29,0.012873034070657883
flywire_783_mb_left_kc512_s701,443,incoming_l1,fly,1,200,permuted_teacher,30,0.012872831088253975
flywire_783_mb_left_kc512_s701,443,incoming_l1,fly,2,50,supervised,1,0.014163740616141106
flywire_783_mb_left_kc512_s701,443,incoming_l1,fly,2,50,supervised,2,0.013898139385021362
flywire_783_mb_left_kc512_s701,443,incoming_l1,fly,2,50,supervised,3,0.01369892553380696
flywire_783_mb_left_kc512_s701,443,incoming_l1,fly,2,50,supervised,4,0.01354417538550002
flywire_783_mb_left_kc512_s701,443,incoming_l1,fly,2,50,supervised,5,0.01342157892704508
flywire_783_mb_left_kc512_s701,443,incoming_l1,fly,2,50,supervised,6,0.013325859027423457
flywire_783_mb_left_kc512_s701,443,incoming_l1,fly,2,50,supervised,7,0.013252179458648634
flywire_783_mb_left_kc512_s701,443,incoming_l1,fly,2,50,supervised,8,0.01319511405200656
flywire_783_mb_left_kc512_s701,443,incoming_l1,fly,2,50,supervised,9,0.013150070775545626
flywire_783_mb_left_kc512_s701,443,incoming_l1,fly,2,50,supervised,10,0.013115072968913472
flywire_783_mb_left_kc512_s701,443,incoming_l1,fly,2,50,supervised,11,0.013087795639474362
flywire_783_mb_left_kc512_s701,443,incoming_l1,fly,2,50,supervised,12,0.013065430567673546
flywire_783_mb_left_kc512_s701,443,incoming_l1,fly,2,50,supervised,13,0.013047043613397544
flywire_783_mb_left_kc512_s701,443,incoming_l1,fly,2,50,supervised,14,0.01303174622976715
flywire_783_mb_left_kc512_s701,443,incoming_l1,fly,2,50,supervised,15,0.01301903448562476
flywire_783_mb_left_kc512_s701,443,incoming_l1,fly,2,50,supervised,16,0.013008240232844281
flywire_783_mb_left_kc512_s701,443,incoming_l1,fly,2,50,supervised,17,0.012998742081510127
flywire_783_mb_left_kc512_s701,443,incoming_l1,fly,2,50,supervised,18,0.012990710019611208
flywire_783_mb_left_kc512_s701,443,incoming_l1,fly,2,50,supervised,19,0.01298389863684697
flywire_783_mb_left_kc512_s701,443,incoming_l1,fly,2,50,supervised,20,0.012977873715054714
flywire_783_mb_left_kc512_s701,443,incoming_l1,fly,2,50,supervised,21,0.012972414995012182
flywire_783_mb_left_kc512_s701,443,incoming_l1,fly,2,50,supervised,22,0.012967491721522775
flywire_783_mb_left_kc512_s701,443,incoming_l1,fly,2,50,supervised,23,0.012963065935984569
flywire_783_mb_left_kc512_s701,443,incoming_l1,fly,2,50,supervised,24,0.012959125749465833
flywire_783_mb_left_kc512_s701,443,incoming_l1,fly,2,50,supervised,25,0.012955524766640756
flywire_783_mb_left_kc512_s701,443,incoming_l1,fly,2,50,supervised,26,0.012952184505695982
flywire_783_mb_left_kc512_s701,443,incoming_l1,fly,2,50,supervised,27,0.012949153122180175
flywire_783_mb_left_kc512_s701,443,incoming_l1,fly,2,50,supervised,28,0.012946325952448658
flywire_783_mb_left_kc512_s701,443,incoming_l1,fly,2,50,supervised,29,0.012943666813989797
flywire_783_mb_left_kc512_s701,443,incoming_l1,fly,2,50,supervised,30,0.012941158656590823
flywire_783_mb_left_kc512_s701,443,incoming_l1,fly,2,50,permuted_teacher,1,0.014147948940294468
flywire_783_mb_left_kc512_s701,443,incoming_l1,fly,2,50,permuted_teacher,2,0.013870323285460945
flywire_783_mb_left_kc512_s701,443,incoming_l1,fly,2,50,permuted_teacher,3,0.013661942570693683
flywire_783_mb_left_kc512_s701,443,incoming_l1,fly,2,50,permuted_teacher,4,0.01350016608304076
flywire_783_mb_left_kc512_s701,443,incoming_l1,fly,2,50,permuted_teacher,5,0.013371933684447158
flywire_783_mb_left_kc512_s701,443,incoming_l1,fly,2,50,permuted_teacher,6,0.013271967503464275
flywire_783_mb_left_kc512_s701,443,incoming_l1,fly,2,50,permuted_teacher,7,0.01319649390601363
flywire_783_mb_left_kc512_s701,443,incoming_l1,fly,2,50,permuted_teacher,8,0.013137508605844318
flywire_783_mb_left_kc512_s701,443,incoming_l1,fly,2,50,permuted_teacher,9,0.01309044069383603
flywire_783_mb_left_kc512_s701,443,incoming_l1,fly,2,50,permuted_teacher,10,0.013054514587321847
flywire_783_mb_left_kc512_s701,443,incoming_l1,fly,2,50,permuted_teacher,11,0.013025458187905715
flywire_783_mb_left_kc512_s701,443,incoming_l1,fly,2,50,permuted_teacher,12,0.01300111703841956
flywire_783_mb_left_kc512_s701,443,incoming_l1,fly,2,50,permuted_teacher,13,0.0129802810944562
flywire_783_mb_left_kc512_s701,443,incoming_l1,fly,2,50,permuted_teacher,14,0.012962405101596788
flywire_783_mb_left_kc512_s701,443,incoming_l1,fly,2,50,permuted_teacher,15,0.012947368965812552
flywire_783_mb_left_kc512_s701,443,incoming_l1,fly,2,50,permuted_teacher,16,0.012934769799742197
flywire_783_mb_left_kc512_s701,443,incoming_l1,fly,2,50,permuted_teacher,17,0.012923687328354284
flywire_783_mb_left_kc512_s701,443,incoming_l1,fly,2,50,permuted_teacher,18,0.012914035923636632
flywire_783_mb_left_kc512_s701,443,incoming_l1,fly,2,50,permuted_teacher,19,0.012905613511134815
flywire_783_mb_left_kc512_s701,443,incoming_l1,fly,2,50,permuted_teacher,20,0.012898138030949614
flywire_783_mb_left_kc512_s701,443,incoming_l1,fly,2,50,permuted_teacher,21,0.012891431697947375
flywire_783_mb_left_kc512_s701,443,incoming_l1,fly,2,50,permuted_teacher,22,0.012885240610888495
flywire_783_mb_left_kc512_s701,443,incoming_l1,fly,2,50,permuted_teacher,23,0.012879662725921073
flywire_783_mb_left_kc512_s701,443,incoming_l1,fly,2,50,permuted_teacher,24,0.012874667249799764
flywire_783_mb_left_kc512_s701,443,incoming_l1,fly,2,50,permuted_teacher,25,0.012870093698940826
flywire_783_mb_left_kc512_s701,443,incoming_l1,fly,2,50,permuted_teacher,26,0.01286583541724597
flywire_783_mb_left_kc512_s701,443,incoming_l1,fly,2,50,permuted_teacher,27,0.012861829498103581
flywire_783_mb_left_kc512_s701,443,incoming_l1,fly,2,50,permuted_teacher,28,0.012858076425020938
flywire_783_mb_left_kc512_s701,443,incoming_l1,fly,2,50,permuted_teacher,29,0.012854711721396782
flywire_783_mb_left_kc512_s701,443,incoming_l1,fly,2,50,permuted_teacher,30,0.012851878762441088
flywire_783_mb_left_kc512_s701,443,incoming_l1,fly,2,200,supervised,1,0.013696992797638485
flywire_783_mb_left_kc512_s701,443,incoming_l1,fly,2,200,supervised,2,0.01322632355040201
flywire_783_mb_left_kc512_s701,443,incoming_l1,fly,2,200,supervised,3,0.013078849753081356
flywire_783_mb_left_kc512_s701,443,incoming_l1,fly,2,200,supervised,4,0.013014408270943833
flywire_783_mb_left_kc512_s701,443,incoming_l1,fly,2,200,supervised,5,0.012978001539603044
flywire_783_mb_left_kc512_s701,443,incoming_l1,fly,2,200,supervised,6,0.012956327578147872
flywire_783_mb_left_kc512_s701,443,incoming_l1,fly,2,200,supervised,7,0.01294265846051627
flywire_783_mb_left_kc512_s701,443,incoming_l1,fly,2,200,supervised,8,0.012933335199069728
flywire_783_mb_left_kc512_s701,443,incoming_l1,fly,2,200,supervised,9,0.012926463271531992
flywire_783_mb_left_kc512_s701,443,incoming_l1,fly,2,200,supervised,10,0.012921165388382325
flywire_783_mb_left_kc512_s701,443,incoming_l1,fly,2,200,supervised,11,0.012916925359874772
flywire_783_mb_left_kc512_s701,443,incoming_l1,fly,2,200,supervised,12,0.0129133981611679
flywire_783_mb_left_kc512_s701,443,incoming_l1,fly,2,200,supervised,13,0.012910384089979118
flywire_783_mb_left_kc512_s701,443,incoming_l1,fly,2,200,supervised,14,0.012907838668627767
flywire_783_mb_left_kc512_s701,443,incoming_l1,fly,2,200,supervised,15,0.012905648468622404
flywire_783_mb_left_kc512_s701,443,incoming_l1,fly,2,200,supervised,16,0.012903653239455306
flywire_783_mb_left_kc512_s701,443,incoming_l1,fly,2,200,supervised,17,0.012902019804823745
flywire_783_mb_left_kc512_s701,443,incoming_l1,fly,2,200,supervised,18,0.012900880003434251
flywire_783_mb_left_kc512_s701,443,incoming_l1,fly,2,200,supervised,19,0.0129000873525445
flywire_783_mb_left_kc512_s701,443,incoming_l1,fly,2,200,supervised,20,0.01289952967516806
flywire_783_mb_left_kc512_s701,443,incoming_l1,fly,2,200,supervised,21,0.012899034022187658
flywire_783_mb_left_kc512_s701,443,incoming_l1,fly,2,200,supervised,22,0.01289859488443332
flywire_783_mb_left_kc512_s701,443,incoming_l1,fly,2,200,supervised,23,0.012898198141234574
flywire_783_mb_left_kc512_s701,443,incoming_l1,fly,2,200,supervised,24,0.012897819296378375
flywire_783_mb_left_kc512_s701,443,incoming_l1,fly,2,200,supervised,25,0.01289746783916595
flywire_783_mb_left_kc512_s701,443,incoming_l1,fly,2,200,supervised,26,0.012897191405170282
flywire_783_mb_left_kc512_s701,443,incoming_l1,fly,2,200,supervised,27,0.01289695107950668
flywire_783_mb_left_kc512_s701,443,incoming_l1,fly,2,200,supervised,28,0.012896727294661622
flywire_783_mb_left_kc512_s701,443,incoming_l1,fly,2,200,supervised,29,0.01289651490816454
flywire_783_mb_left_kc512_s701,443,incoming_l1,fly,2,200,supervised,30,0.012896316346087674
flywire_783_mb_left_kc512_s701,443,incoming_l1,fly,2,200,permuted_teacher,1,0.013673306250322386
flywire_783_mb_left_kc512_s701,443,incoming_l1,fly,2,200,permuted_teacher,2,0.013212332563267933
flywire_783_mb_left_kc512_s701,443,incoming_l1,fly,2,200,permuted_teacher,3,0.013071880480808776
flywire_783_mb_left_kc512_s701,443,incoming_l1,fly,2,200,permuted_teacher,4,0.01301326540705154
flywire_783_mb_left_kc512_s701,443,incoming_l1,fly,2,200,permuted_teacher,5,0.012981110585202765
flywire_783_mb_left_kc512_s701,443,incoming_l1,fly,2,200,permuted_teacher,6,0.01296258522018842
flywire_783_mb_left_kc512_s701,443,incoming_l1,fly,2,200,permuted_teacher,7,0.012951609262891428
flywire_783_mb_left_kc512_s701,443,incoming_l1,fly,2,200,permuted_teacher,8,0.012944177748966147
flywire_783_mb_left_kc512_s701,443,incoming_l1,fly,2,200,permuted_teacher,9,0.01293864077581307
flywire_783_mb_left_kc512_s701,443,incoming_l1,fly,2,200,permuted_teacher,10,0.012934228321474919
flywire_783_mb_left_kc512_s701,443,incoming_l1,fly,2,200,permuted_teacher,11,0.012930661150691011
flywire_783_mb_left_kc512_s701,443,incoming_l1,fly,2,200,permuted_teacher,12,0.012927758015296827
flywire_783_mb_left_kc512_s701,443,incoming_l1,fly,2,200,permuted_teacher,13,0.012925170194052432
flywire_783_mb_left_kc512_s701,443,incoming_l1,fly,2,200,permuted_teacher,14,0.012922897550247767
flywire_783_mb_left_kc512_s701,443,incoming_l1,fly,2,200,permuted_teacher,15,0.01292116664925286
flywire_783_mb_left_kc512_s701,443,incoming_l1,fly,2,200,permuted_teacher,16,0.012920001030766222
flywire_783_mb_left_kc512_s701,443,incoming_l1,fly,2,200,permuted_teacher,17,0.012919044316979768
flywire_783_mb_left_kc512_s701,443,incoming_l1,fly,2,200,permuted_teacher,18,0.012918237235254803
flywire_783_mb_left_kc512_s701,443,incoming_l1,fly,2,200,permuted_teacher,19,0.012917511892112503
flywire_783_mb_left_kc512_s701,443,incoming_l1,fly,2,200,permuted_teacher,20,0.012916875927703663
flywire_783_mb_left_kc512_s701,443,incoming_l1,fly,2,200,permuted_teacher,21,0.012916370268254696
flywire_783_mb_left_kc512_s701,443,incoming_l1,fly,2,200,permuted_teacher,22,0.012915929776324645
flywire_783_mb_left_kc512_s701,443,incoming_l1,fly,2,200,permuted_teacher,23,0.012915542857284898
flywire_783_mb_left_kc512_s701,443,incoming_l1,fly,2,200,permuted_teacher,24,0.012915206632117026
flywire_783_mb_left_kc512_s701,443,incoming_l1,fly,2,200,permuted_teacher,25,0.012914902768303857
flywire_783_mb_left_kc512_s701,443,incoming_l1,fly,2,200,permuted_teacher,26,0.012914629972436023
flywire_783_mb_left_kc512_s701,443,incoming_l1,fly,2,200,permuted_teacher,27,0.012914376926773937
flywire_783_mb_left_kc512_s701,443,incoming_l1,fly,2,200,permuted_teacher,28,0.012914268488149113
flywire_783_mb_left_kc512_s701,443,incoming_l1,fly,2,200,permuted_teacher,29,0.012914176355362473
flywire_783_mb_left_kc512_s701,443,incoming_l1,fly,2,200,permuted_teacher,30,0.012914090170541624
flywire_783_mb_left_kc512_s701,443,incoming_l1,role_shuffled,1,50,supervised,1,0.014604205582967125
flywire_783_mb_left_kc512_s701,443,incoming_l1,role_shuffled,1,50,supervised,2,0.01441203549243037
flywire_783_mb_left_kc512_s701,443,incoming_l1,role_shuffled,1,50,supervised,3,0.014272177418078794
flywire_783_mb_left_kc512_s701,443,incoming_l1,role_shuffled,1,50,supervised,4,0.014167583618455633
flywire_783_mb_left_kc512_s701,443,incoming_l1,role_shuffled,1,50,supervised,5,0.014091423932563686
flywire_783_mb_left_kc512_s701,443,incoming_l1,role_shuffled,1,50,supervised,6,0.014032423424109583
flywire_783_mb_left_kc512_s701,443,incoming_l1,role_shuffled,1,50,supervised,7,0.013985080244840584
flywire_783_mb_left_kc512_s701,443,incoming_l1,role_shuffled,1,50,supervised,8,0.013948452728803296
flywire_783_mb_left_kc512_s701,443,incoming_l1,role_shuffled,1,50,supervised,9,0.013919224945686134
flywire_783_mb_left_kc512_s701,443,incoming_l1,role_shuffled,1,50,supervised,10,0.013895803592911093
flywire_783_mb_left_kc512_s701,443,incoming_l1,role_shuffled,1,50,supervised,11,0.013878161829843885
flywire_783_mb_left_kc512_s701,443,incoming_l1,role_shuffled,1,50,supervised,12,0.013863373936601418
flywire_783_mb_left_kc512_s701,443,incoming_l1,role_shuffled,1,50,supervised,13,0.013850568721022855
flywire_783_mb_left_kc512_s701,443,incoming_l1,role_shuffled,1,50,supervised,14,0.013839487846234505
flywire_783_mb_left_kc512_s701,443,incoming_l1,role_shuffled,1,50,supervised,15,0.01382951962419444
flywire_783_mb_left_kc512_s701,443,incoming_l1,role_shuffled,1,50,supervised,16,0.013820360451354766
flywire_783_mb_left_kc512_s701,443,incoming_l1,role_shuffled,1,50,supervised,17,0.013812503094797677
flywire_783_mb_left_kc512_s701,443,incoming_l1,role_shuffled,1,50,supervised,18,0.013805432797551566
flywire_783_mb_left_kc512_s701,443,incoming_l1,role_shuffled,1,50,supervised,19,0.013798845914398386
flywire_783_mb_left_kc512_s701,443,incoming_l1,role_shuffled,1,50,supervised,20,0.013792645606352662
flywire_783_mb_left_kc512_s701,443,incoming_l1,role_shuffled,1,50,supervised,21,0.01378703002190927
flywire_783_mb_left_kc512_s701,443,incoming_l1,role_shuffled,1,50,supervised,22,0.013781976661726616
flywire_783_mb_left_kc512_s701,443,incoming_l1,role_shuffled,1,50,supervised,23,0.01377744438832351
flywire_783_mb_left_kc512_s701,443,incoming_l1,role_shuffled,1,50,supervised,24,0.013773345542377555
flywire_783_mb_left_kc512_s701,443,incoming_l1,role_shuffled,1,50,supervised,25,0.013769541364094204
flywire_783_mb_left_kc512_s701,443,incoming_l1,role_shuffled,1,50,supervised,26,0.01376599809446834
flywire_783_mb_left_kc512_s701,443,incoming_l1,role_shuffled,1,50,supervised,27,0.013762710851779898
flywire_783_mb_left_kc512_s701,443,incoming_l1,role_shuffled,1,50,supervised,28,0.013759762893055022
flywire_783_mb_left_kc512_s701,443,incoming_l1,role_shuffled,1,50,supervised,29,0.013757049268864719
flywire_783_mb_left_kc512_s701,443,incoming_l1,role_shuffled,1,50,supervised,30,0.013754577761811245
flywire_783_mb_left_kc512_s701,443,incoming_l1,role_shuffled,1,50,permuted_teacher,1,0.014627949811386312
flywire_783_mb_left_kc512_s701,443,incoming_l1,role_shuffled,1,50,permuted_teacher,2,0.014415113790408645
flywire_783_mb_left_kc512_s701,443,incoming_l1,role_shuffled,1,50,permuted_teacher,3,0.014261772932596251
flywire_783_mb_left_kc512_s701,443,incoming_l1,role_shuffled,1,50,permuted_teacher,4,0.014147934419795732
flywire_783_mb_left_kc512_s701,443,incoming_l1,role_shuffled,1,50,permuted_teacher,5,0.01406606989206598
flywire_783_mb_left_kc512_s701,443,incoming_l1,role_shuffled,1,50,permuted_teacher,6,0.014002831560610454
flywire_783_mb_left_kc512_s701,443,incoming_l1,role_shuffled,1,50,permuted_teacher,7,0.013951043900946022
flywire_783_mb_left_kc512_s701,443,incoming_l1,role_shuffled,1,50,permuted_teacher,8,0.013909598011831439
flywire_783_mb_left_kc512_s701,443,incoming_l1,role_shuffled,1,50,permuted_teacher,9,0.013875606275471205
flywire_783_mb_left_kc512_s701,443,incoming_l1,role_shuffled,1,50,permuted_teacher,10,0.013846829342042117
flywire_783_mb_left_kc512_s701,443,incoming_l1,role_shuffled,1,50,permuted_teacher,11,0.013824364386103793
flywire_783_mb_left_kc512_s701,443,incoming_l1,role_shuffled,1,50,permuted_teacher,12,0.01380631982772727
flywire_783_mb_left_kc512_s701,443,incoming_l1,role_shuffled,1,50,permuted_teacher,13,0.013790986432350036
flywire_783_mb_left_kc512_s701,443,incoming_l1,role_shuffled,1,50,permuted_teacher,14,0.013777297596261048
flywire_783_mb_left_kc512_s701,443,incoming_l1,role_shuffled,1,50,permuted_teacher,15,0.013764961401312354
flywire_783_mb_left_kc512_s701,443,incoming_l1,role_shuffled,1,50,permuted_teacher,16,0.013753961319702199
flywire_783_mb_left_kc512_s701,443,incoming_l1,role_shuffled,1,50,permuted_teacher,17,0.013744027985340714
flywire_783_mb_left_kc512_s701,443,incoming_l1,role_shuffled,1,50,permuted_teacher,18,0.013734716968183156
flywire_783_mb_left_kc512_s701,443,incoming_l1,role_shuffled,1,50,permuted_teacher,19,0.013726402655356762
flywire_783_mb_left_kc512_s701,443,incoming_l1,role_shuffled,1,50,permuted_teacher,20,0.013719020303921468
flywire_783_mb_left_kc512_s701,443,incoming_l1,role_shuffled,1,50,permuted_teacher,21,0.013712301873342953
flywire_783_mb_left_kc512_s701,443,incoming_l1,role_shuffled,1,50,permuted_teacher,22,0.013706029001941494
flywire_783_mb_left_kc512_s701,443,incoming_l1,role_shuffled,1,50,permuted_teacher,23,0.013700198508387879
flywire_783_mb_left_kc512_s701,443,incoming_l1,role_shuffled,1,50,permuted_teacher,24,0.013694941524294884
flywire_783_mb_left_kc512_s701,443,incoming_l1,role_shuffled,1,50,permuted_teacher,25,0.013690085895184606
flywire_783_mb_left_kc512_s701,443,incoming_l1,role_shuffled,1,50,permuted_teacher,26,0.013685575560744706
flywire_783_mb_left_kc512_s701,443,incoming_l1,role_shuffled,1,50,permuted_teacher,27,0.013681431497448583
flywire_783_mb_left_kc512_s701,443,incoming_l1,role_shuffled,1,50,permuted_teacher,28,0.01367767770926681
flywire_783_mb_left_kc512_s701,443,incoming_l1,role_shuffled,1,50,permuted_teacher,29,0.013674264018663163
flywire_783_mb_left_kc512_s701,443,incoming_l1,role_shuffled,1,50,permuted_teacher,30,0.013671115825475243
flywire_783_mb_left_kc512_s701,443,incoming_l1,role_shuffled,1,200,supervised,1,0.014363284390480078
flywire_783_mb_left_kc512_s701,443,incoming_l1,role_shuffled,1,200,supervised,2,0.01405263368427865
flywire_783_mb_left_kc512_s701,443,incoming_l1,role_shuffled,1,200,supervised,3,0.013943891851520656
flywire_783_mb_left_kc512_s701,443,incoming_l1,role_shuffled,1,200,supervised,4,0.013892215298313398
flywire_783_mb_left_kc512_s701,443,incoming_l1,role_shuffled,1,200,supervised,5,0.013860566915839832
flywire_783_mb_left_kc512_s701,443,incoming_l1,role_shuffled,1,200,supervised,6,0.013839261263718046
flywire_783_mb_left_kc512_s701,443,incoming_l1,role_shuffled,1,200,supervised,7,0.013824224977093203
flywire_783_mb_left_kc512_s701,443,incoming_l1,role_shuffled,1,200,supervised,8,0.013813594220029209
flywire_783_mb_left_kc512_s701,443,incoming_l1,role_shuffled,1,200,supervised,9,0.013805414018184518
flywire_783_mb_left_kc512_s701,443,incoming_l1,role_shuffled,1,200,supervised,10,0.013799148638459217
flywire_783_mb_left_kc512_s701,443,incoming_l1,role_shuffled,1,200,supervised,11,0.013794364523229036
flywire_783_mb_left_kc512_s701,443,incoming_l1,role_shuffled,1,200,supervised,12,0.013790662291252781
flywire_783_mb_left_kc512_s701,443,incoming_l1,role_shuffled,1,200,supervised,13,0.013787522073461102
flywire_783_mb_left_kc512_s701,443,incoming_l1,role_shuffled,1,200,supervised,14,0.013784999813626029
flywire_783_mb_left_kc512_s701,443,incoming_l1,role_shuffled,1,200,supervised,15,0.013782973562956597
flywire_783_mb_left_kc512_s701,443,incoming_l1,role_shuffled,1,200,supervised,16,0.013781375791566006
flywire_783_mb_left_kc512_s701,443,incoming_l1,role_shuffled,1,200,supervised,17,0.01378033085691196
flywire_783_mb_left_kc512_s701,443,incoming_l1,role_shuffled,1,200,supervised,18,0.013779639362951113
flywire_783_mb_left_kc512_s701,443,incoming_l1,role_shuffled,1,200,supervised,19,0.013779083689092112
flywire_783_mb_left_kc512_s701,443,incoming_l1,role_shuffled,1,200,supervised,20,0.013778614899542928
flywire_783_mb_left_kc512_s701,443,incoming_l1,role_shuffled,1,200,supervised,21,0.013778221994189559
flywire_783_mb_left_kc512_s701,443,incoming_l1,role_shuffled,1,200,supervised,22,0.013777872959676127
flywire_783_mb_left_kc512_s701,443,incoming_l1,role_shuffled,1,200,supervised,23,0.013777596339288212
flywire_783_mb_left_kc512_s701,443,incoming_l1,role_shuffled,1,200,supervised,24,0.013777351583246198
flywire_783_mb_left_kc512_s701,443,incoming_l1,role_shuffled,1,200,supervised,25,0.013777141241213813
flywire_783_mb_left_kc512_s701,443,incoming_l1,role_shuffled,1,200,supervised,26,0.013776971275410272
flywire_783_mb_left_kc512_s701,443,incoming_l1,role_shuffled,1,200,supervised,27,0.013776830901601476
flywire_783_mb_left_kc512_s701,443,incoming_l1,role_shuffled,1,200,supervised,28,0.013776711009978748
flywire_783_mb_left_kc512_s701,443,incoming_l1,role_shuffled,1,200,supervised,29,0.013776602769676651
flywire_783_mb_left_kc512_s701,443,incoming_l1,role_shuffled,1,200,supervised,30,0.01377650423050851
flywire_783_mb_left_kc512_s701,443,incoming_l1,role_shuffled,1,200,permuted_teacher,1,0.014348384944034806
flywire_783_mb_left_kc512_s701,443,incoming_l1,role_shuffled,1,200,permuted_teacher,2,0.014054068867228285
flywire_783_mb_left_kc512_s701,443,incoming_l1,role_shuffled,1,200,permuted_teacher,3,0.013955171367110582
flywire_783_mb_left_kc512_s701,443,incoming_l1,role_shuffled,1,200,permuted_teacher,4,0.013910003917653034
flywire_783_mb_left_kc512_s701,443,incoming_l1,role_shuffled,1,200,permuted_teacher,5,0.013880727434414817
flywire_783_mb_left_kc512_s701,443,incoming_l1,role_shuffled,1,200,permuted_teacher,6,0.013861359306974555
flywire_783_mb_left_kc512_s701,443,incoming_l1,role_shuffled,1,200,permuted_teacher,7,0.013848180154284705
flywire_783_mb_left_kc512_s701,443,incoming_l1,role_shuffled,1,200,permuted_teacher,8,0.013839395283796825
flywire_783_mb_left_kc512_s701,443,incoming_l1,role_shuffled,1,200,permuted_teacher,9,0.013833155835509205
flywire_783_mb_left_kc512_s701,443,incoming_l1,role_shuffled,1,200,permuted_teacher,10,0.013828184087721152
flywire_783_mb_left_kc512_s701,443,incoming_l1,role_shuffled,1,200,permuted_teacher,11,0.01382427821517247
flywire_783_mb_left_kc512_s701,443,incoming_l1,role_shuffled,1,200,permuted_teacher,12,0.013821248190799412
flywire_783_mb_left_kc512_s701,443,incoming_l1,role_shuffled,1,200,permuted_teacher,13,0.013818833662588301
flywire_783_mb_left_kc512_s701,443,incoming_l1,role_shuffled,1,200,permuted_teacher,14,0.013816795902781278
flywire_783_mb_left_kc512_s701,443,incoming_l1,role_shuffled,1,200,permuted_teacher,15,0.013815066364208834
flywire_783_mb_left_kc512_s701,443,incoming_l1,role_shuffled,1,200,permuted_teacher,16,0.013813709409943338
flywire_783_mb_left_kc512_s701,443,incoming_l1,role_shuffled,1,200,permuted_teacher,17,0.013812663836275173
flywire_783_mb_left_kc512_s701,443,incoming_l1,role_shuffled,1,200,permuted_teacher,18,0.013811821141047394
flywire_783_mb_left_kc512_s701,443,incoming_l1,role_shuffled,1,200,permuted_teacher,19,0.013811064064924907
flywire_783_mb_left_kc512_s701,443,incoming_l1,role_shuffled,1,200,permuted_teacher,20,0.013810416487425401
flywire_783_mb_left_kc512_s701,443,incoming_l1,role_shuffled,1,200,permuted_teacher,21,0.013809869795824497
flywire_783_mb_left_kc512_s701,443,incoming_l1,role_shuffled,1,200,permuted_teacher,22,0.013809409493536578
flywire_783_mb_left_kc512_s701,443,incoming_l1,role_shuffled,1,200,permuted_teacher,23,0.013809050396130864
flywire_783_mb_left_kc512_s701,443,incoming_l1,role_shuffled,1,200,permuted_teacher,24,0.01380877008442259
flywire_783_mb_left_kc512_s701,443,incoming_l1,role_shuffled,1,200,permuted_teacher,25,0.01380852398904658
flywire_783_mb_left_kc512_s701,443,incoming_l1,role_shuffled,1,200,permuted_teacher,26,0.013808303323872098
flywire_783_mb_left_kc512_s701,443,incoming_l1,role_shuffled,1,200,permuted_teacher,27,0.013808106135390887
flywire_783_mb_left_kc512_s701,443,incoming_l1,role_shuffled,1,200,permuted_teacher,28,0.013807929121331261
flywire_783_mb_left_kc512_s701,443,incoming_l1,role_shuffled,1,200,permuted_teacher,29,0.013807760219459335
flywire_783_mb_left_kc512_s701,443,incoming_l1,role_shuffled,1,200,permuted_teacher,30,0.013807606674356744
flywire_783_mb_left_kc512_s701,443,incoming_l1,role_shuffled,2,50,supervised,1,0.014602415896851089
flywire_783_mb_left_kc512_s701,443,incoming_l1,role_shuffled,2,50,supervised,2,0.01441185267530338
flywire_783_mb_left_kc512_s701,443,incoming_l1,role_shuffled,2,50,supervised,3,0.014273918007701518
flywire_783_mb_left_kc512_s701,443,incoming_l1,role_shuffled,2,50,supervised,4,0.014172155813225968
flywire_783_mb_left_kc512_s701,443,incoming_l1,role_shuffled,2,50,supervised,5,0.014099057363538633
flywire_783_mb_left_kc512_s701,443,incoming_l1,role_shuffled,2,50,supervised,6,0.014042060295181623
flywire_783_mb_left_kc512_s701,443,incoming_l1,role_shuffled,2,50,supervised,7,0.013995998897336033
flywire_783_mb_left_kc512_s701,443,incoming_l1,role_shuffled,2,50,supervised,8,0.013959854441780124
flywire_783_mb_left_kc512_s701,443,incoming_l1,role_shuffled,2,50,supervised,9,0.013930570690687729
flywire_783_mb_left_kc512_s701,443,incoming_l1,role_shuffled,2,50,supervised,10,0.013906254745987376
flywire_783_mb_left_kc512_s701,443,incoming_l1,role_shuffled,2,50,supervised,11,0.013887201907361495
flywire_783_mb_left_kc512_s701,443,incoming_l1,role_shuffled,2,50,supervised,12,0.013871974576541678
flywire_783_mb_left_kc512_s701,443,incoming_l1,role_shuffled,2,50,supervised,13,0.013858899890962962
flywire_783_mb_left_kc512_s701,443,incoming_l1,role_shuffled,2,50,supervised,14,0.013847090818419245
flywire_783_mb_left_kc512_s701,443,incoming_l1,role_shuffled,2,50,supervised,15,0.013836136002463658
flywire_783_mb_left_kc512_s701,443,incoming_l1,role_shuffled,2,50,supervised,16,0.013826572721708522
flywire_783_mb_left_kc512_s701,443,incoming_l1,role_shuffled,2,50,supervised,17,0.01381804344196642
flywire_783_mb_left_kc512_s701,443,incoming_l1,role_shuffled,2,50,supervised,18,0.013810338228763673
flywire_783_mb_left_kc512_s701,443,incoming_l1,role_shuffled,2,50,supervised,19,0.013803228058887488
flywire_783_mb_left_kc512_s701,443,incoming_l1,role_shuffled,2,50,supervised,20,0.013796793130906959
flywire_783_mb_left_kc512_s701,443,incoming_l1,role_shuffled,2,50,supervised,21,0.013790880357232978
flywire_783_mb_left_kc512_s701,443,incoming_l1,role_shuffled,2,50,supervised,22,0.013785491608388703
flywire_783_mb_left_kc512_s701,443,incoming_l1,role_shuffled,2,50,supervised,23,0.01378043868980517
flywire_783_mb_left_kc512_s701,443,incoming_l1,role_shuffled,2,50,supervised,24,0.013775805416722603
flywire_783_mb_left_kc512_s701,443,incoming_l1,role_shuffled,2,50,supervised,25,0.013771565242533219
flywire_783_mb_left_kc512_s701,443,incoming_l1,role_shuffled,2,50,supervised,26,0.013767658749135363
flywire_783_mb_left_kc512_s701,443,incoming_l1,role_shuffled,2,50,supervised,27,0.013764109314082324
flywire_783_mb_left_kc512_s701,443,incoming_l1,role_shuffled,2,50,supervised,28,0.013760956741945217
flywire_783_mb_left_kc512_s701,443,incoming_l1,role_shuffled,2,50,supervised,29,0.01375808428176769
flywire_783_mb_left_kc512_s701,443,incoming_l1,role_shuffled,2,50,supervised,30,0.013755358100142768
flywire_783_mb_left_kc512_s701,443,incoming_l1,role_shuffled,2,50,permuted_teacher,1,0.014624810141339938
flywire_783_mb_left_kc512_s701,443,incoming_l1,role_shuffled,2,50,permuted_teacher,2,0.014423605101740983
flywire_783_mb_left_kc512_s701,443,incoming_l1,role_shuffled,2,50,permuted_teacher,3,0.014278386683627188
flywire_783_mb_left_kc512_s701,443,incoming_l1,role_shuffled,2,50,permuted_teacher,4,0.014171600921032371
flywire_783_mb_left_kc512_s701,443,incoming_l1,role_shuffled,2,50,permuted_teacher,5,0.014095773984297948
flywire_783_mb_left_kc512_s701,443,incoming_l1,role_shuffled,2,50,permuted_teacher,6,0.01403686536707996
flywire_783_mb_left_kc512_s701,443,incoming_l1,role_shuffled,2,50,permuted_teacher,7,0.013989165939253175
flywire_783_mb_left_kc512_s701,443,incoming_l1,role_shuffled,2,50,permuted_teacher,8,0.013951713746049746
flywire_783_mb_left_kc512_s701,443,incoming_l1,role_shuffled,2,50,permuted_teacher,9,0.013921710139505347
flywire_783_mb_left_kc512_s701,443,incoming_l1,role_shuffled,2,50,permuted_teacher,10,0.013897161347320084
flywire_783_mb_left_kc512_s701,443,incoming_l1,role_shuffled,2,50,permuted_teacher,11,0.013877655807961966
flywire_783_mb_left_kc512_s701,443,incoming_l1,role_shuffled,2,50,permuted_teacher,12,0.013862643143567612
flywire_783_mb_left_kc512_s701,443,incoming_l1,role_shuffled,2,50,permuted_teacher,13,0.01385007580688334
flywire_783_mb_left_kc512_s701,443,incoming_l1,role_shuffled,2,50,permuted_teacher,14,0.013839219163775831
flywire_783_mb_left_kc512_s701,443,incoming_l1,role_shuffled,2,50,permuted_teacher,15,0.013829575489538158
flywire_783_mb_left_kc512_s701,443,incoming_l1,role_shuffled,2,50,permuted_teacher,16,0.013820692150679206
flywire_783_mb_left_kc512_s701,443,incoming_l1,role_shuffled,2,50,permuted_teacher,17,0.013812870781521972
flywire_783_mb_left_kc512_s701,443,incoming_l1,role_shuffled,2,50,permuted_teacher,18,0.013805706770760207
flywire_783_mb_left_kc512_s701,443,incoming_l1,role_shuffled,2,50,permuted_teacher,19,0.013799225552937283
flywire_783_mb_left_kc512_s701,443,incoming_l1,role_shuffled,2,50,permuted_teacher,20,0.013793239114896326
flywire_783_mb_left_kc512_s701,443,incoming_l1,role_shuffled,2,50,permuted_teacher,21,0.013787754201405582
flywire_783_mb_left_kc512_s701,443,incoming_l1,role_shuffled,2,50,permuted_teacher,22,0.01378279710388346
flywire_783_mb_left_kc512_s701,443,incoming_l1,role_shuffled,2,50,permuted_teacher,23,0.013778226041502821
flywire_783_mb_left_kc512_s701,443,incoming_l1,role_shuffled,2,50,permuted_teacher,24,0.013774078565654532
flywire_783_mb_left_kc512_s701,443,incoming_l1,role_shuffled,2,50,permuted_teacher,25,0.013770204924904978
flywire_783_mb_left_kc512_s701,443,incoming_l1,role_shuffled,2,50,permuted_teacher,26,0.013766481757590572
flywire_783_mb_left_kc512_s701,443,incoming_l1,role_shuffled,2,50,permuted_teacher,27,0.013763015933553469
flywire_783_mb_left_kc512_s701,443,incoming_l1,role_shuffled,2,50,permuted_teacher,28,0.013759925244503209
flywire_783_mb_left_kc512_s701,443,incoming_l1,role_shuffled,2,50,permuted_teacher,29,0.01375722536543736
flywire_783_mb_left_kc512_s701,443,incoming_l1,role_shuffled,2,50,permuted_teacher,30,0.01375481271473359
flywire_783_mb_left_kc512_s701,443,incoming_l1,role_shuffled,2,200,supervised,1,0.014356044142947232
flywire_783_mb_left_kc512_s701,443,incoming_l1,role_shuffled,2,200,supervised,2,0.01404607195234019
flywire_783_mb_left_kc512_s701,443,incoming_l1,role_shuffled,2,200,supervised,3,0.013941606794326305
flywire_783_mb_left_kc512_s701,443,incoming_l1,role_shuffled,2,200,supervised,4,0.01389596090160016
flywire_783_mb_left_kc512_s701,443,incoming_l1,role_shuffled,2,200,supervised,5,0.01386841433176006
flywire_783_mb_left_kc512_s701,443,incoming_l1,role_shuffled,2,200,supervised,6,0.013851238671382127
flywire_783_mb_left_kc512_s701,443,incoming_l1,role_shuffled,2,200,supervised,7,0.013839953963260708
flywire_783_mb_left_kc512_s701,443,incoming_l1,role_shuffled,2,200,supervised,8,0.013832196161666926
flywire_783_mb_left_kc512_s701,443,incoming_l1,role_shuffled,2,200,supervised,9,0.013826475802689751
flywire_783_mb_left_kc512_s701,443,incoming_l1,role_shuffled,2,200,supervised,10,0.01382229820190481
flywire_783_mb_left_kc512_s701,443,incoming_l1,role_shuffled,2,200,supervised,11,0.013819172136429162
flywire_783_mb_left_kc512_s701,443,incoming_l1,role_shuffled,2,200,supervised,12,0.013816845439835693
flywire_783_mb_left_kc512_s701,443,incoming_l1,role_shuffled,2,200,supervised,13,0.013815265218261819
flywire_783_mb_left_kc512_s701,443,incoming_l1,role_shuffled,2,200,supervised,14,0.01381405833260454
flywire_783_mb_left_kc512_s701,443,incoming_l1,role_shuffled,2,200,supervised,15,0.013813112928909733
flywire_783_mb_left_kc512_s701,443,incoming_l1,role_shuffled,2,200,supervised,16,0.013812339285283545
flywire_783_mb_left_kc512_s701,443,incoming_l1,role_shuffled,2,200,supervised,17,0.01381172378670548
flywire_783_mb_left_kc512_s701,443,incoming_l1,role_shuffled,2,200,supervised,18,0.01381130467972904
flywire_783_mb_left_kc512_s701,443,incoming_l1,role_shuffled,2,200,supervised,19,0.013811079210167158
flywire_783_mb_left_kc512_s701,443,incoming_l1,role_shuffled,2,200,supervised,20,0.013811122661439856
flywire_783_mb_left_kc512_s701,443,incoming_l1,role_shuffled,2,200,supervised,21,0.013811226635447284
flywire_783_mb_left_kc512_s701,443,incoming_l1,role_shuffled,2,200,supervised,22,0.01381133422836275
flywire_783_mb_left_kc512_s701,443,incoming_l1,role_shuffled,2,200,supervised,23,0.013811433302485335
flywire_783_mb_left_kc512_s701,443,incoming_l1,role_shuffled,2,200,supervised,24,0.013811522732812477
flywire_783_mb_left_kc512_s701,443,incoming_l1,role_shuffled,2,200,supervised,25,0.013811600225570356
flywire_783_mb_left_kc512_s701,443,incoming_l1,role_shuffled,2,200,supervised,26,0.013811670449082438
flywire_783_mb_left_kc512_s701,443,incoming_l1,role_shuffled,2,200,supervised,27,0.013811715556825312
flywire_783_mb_left_kc512_s701,443,incoming_l1,role_shuffled,2,200,supervised,28,0.013811750255795074
flywire_783_mb_left_kc512_s701,443,incoming_l1,role_shuffled,2,200,supervised,29,0.013811765477797515
flywire_783_mb_left_kc512_s701,443,incoming_l1,role_shuffled,2,200,supervised,30,0.013811758811356887
flywire_783_mb_left_kc512_s701,443,incoming_l1,role_shuffled,2,200,permuted_teacher,1,0.014389247219529288
flywire_783_mb_left_kc512_s701,443,incoming_l1,role_shuffled,2,200,permuted_teacher,2,0.014103434286912499
flywire_783_mb_left_kc512_s701,443,incoming_l1,role_shuffled,2,200,permuted_teacher,3,0.0140050459265736
flywire_783_mb_left_kc512_s701,443,incoming_l1,role_shuffled,2,200,permuted_teacher,4,0.01395950269605265
flywire_783_mb_left_kc512_s701,443,incoming_l1,role_shuffled,2,200,permuted_teacher,5,0.013930805354676846
flywire_783_mb_left_kc512_s701,443,incoming_l1,role_shuffled,2,200,permuted_teacher,6,0.013912996526916596
flywire_783_mb_left_kc512_s701,443,incoming_l1,role_shuffled,2,200,permuted_teacher,7,0.013901316548071061
flywire_783_mb_left_kc512_s701,443,incoming_l1,role_shuffled,2,200,permuted_teacher,8,0.013893499961540816
flywire_783_mb_left_kc512_s701,443,incoming_l1,role_shuffled,2,200,permuted_teacher,9,0.013887995721339483
flywire_783_mb_left_kc512_s701,443,incoming_l1,role_shuffled,2,200,permuted_teacher,10,0.013883908082492983
flywire_783_mb_left_kc512_s701,443,incoming_l1,role_shuffled,2,200,permuted_teacher,11,0.0138807144615203
flywire_783_mb_left_kc512_s701,443,incoming_l1,role_shuffled,2,200,permuted_teacher,12,0.01387839496264047
flywire_783_mb_left_kc512_s701,443,incoming_l1,role_shuffled,2,200,permuted_teacher,13,0.013876870871859822
flywire_783_mb_left_kc512_s701,443,incoming_l1,role_shuffled,2,200,permuted_teacher,14,0.013875743346097919
flywire_783_mb_left_kc512_s701,443,incoming_l1,role_shuffled,2,200,permuted_teacher,15,0.013874854674932689
flywire_783_mb_left_kc512_s701,443,incoming_l1,role_shuffled,2,200,permuted_teacher,16,0.01387426342072598
flywire_783_mb_left_kc512_s701,443,incoming_l1,role_shuffled,2,200,permuted_teacher,17,0.013873784620376082
flywire_783_mb_left_kc512_s701,443,incoming_l1,role_shuffled,2,200,permuted_teacher,18,0.0138733879485032
flywire_783_mb_left_kc512_s701,443,incoming_l1,role_shuffled,2,200,permuted_teacher,19,0.01387303968540522
flywire_783_mb_left_kc512_s701,443,incoming_l1,role_shuffled,2,200,permuted_teacher,20,0.013872714412138155
flywire_783_mb_left_kc512_s701,443,incoming_l1,role_shuffled,2,200,permuted_teacher,21,0.013872408112096692
flywire_783_mb_left_kc512_s701,443,incoming_l1,role_shuffled,2,200,permuted_teacher,22,0.013872132797294906
flywire_783_mb_left_kc512_s701,443,incoming_l1,role_shuffled,2,200,permuted_teacher,23,0.0138719281149068
flywire_783_mb_left_kc512_s701,443,incoming_l1,role_shuffled,2,200,permuted_teacher,24,0.013871814132390812
flywire_783_mb_left_kc512_s701,443,incoming_l1,role_shuffled,2,200,permuted_teacher,25,0.013871705114577412
flywire_783_mb_left_kc512_s701,443,incoming_l1,role_shuffled,2,200,permuted_teacher,26,0.013871604035476163
flywire_783_mb_left_kc512_s701,443,incoming_l1,role_shuffled,2,200,permuted_teacher,27,0.013871509798625965
flywire_783_mb_left_kc512_s701,443,incoming_l1,role_shuffled,2,200,permuted_teacher,28,0.013871418163348444
flywire_783_mb_left_kc512_s701,443,incoming_l1,role_shuffled,2,200,permuted_teacher,29,0.013871335251792708
flywire_783_mb_left_kc512_s701,443,incoming_l1,role_shuffled,2,200,permuted_teacher,30,0.013871255167357025
flywire_783_mb_left_kc512_s701,443,incoming_l1,role_random,1,50,supervised,1,0.013945121774132568
flywire_783_mb_left_kc512_s701,443,incoming_l1,role_random,1,50,supervised,2,0.013514851696149334
flywire_783_mb_left_kc512_s701,443,incoming_l1,role_random,1,50,supervised,3,0.013185824522655116
flywire_783_mb_left_kc512_s701,443,incoming_l1,role_random,1,50,supervised,4,0.012933136790722005
flywire_783_mb_left_kc512_s701,443,incoming_l1,role_random,1,50,supervised,5,0.012747968452571734
flywire_783_mb_left_kc512_s701,443,incoming_l1,role_random,1,50,supervised,6,0.012610372709398963
flywire_783_mb_left_kc512_s701,443,incoming_l1,role_random,1,50,supervised,7,0.012507966626639024
flywire_783_mb_left_kc512_s701,443,incoming_l1,role_random,1,50,supervised,8,0.012428208609429251
flywire_783_mb_left_kc512_s701,443,incoming_l1,role_random,1,50,supervised,9,0.0123637949895581
flywire_783_mb_left_kc512_s701,443,incoming_l1,role_random,1,50,supervised,10,0.012310878207202194
flywire_783_mb_left_kc512_s701,443,incoming_l1,role_random,1,50,supervised,11,0.012267890611884512
flywire_783_mb_left_kc512_s701,443,incoming_l1,role_random,1,50,supervised,12,0.01223275847406252
flywire_783_mb_left_kc512_s701,443,incoming_l1,role_random,1,50,supervised,13,0.012203440265330243
flywire_783_mb_left_kc512_s701,443,incoming_l1,role_random,1,50,supervised,14,0.01217883782603649
flywire_783_mb_left_kc512_s701,443,incoming_l1,role_random,1,50,supervised,15,0.012157820325762035
flywire_783_mb_left_kc512_s701,443,incoming_l1,role_random,1,50,supervised,16,0.012140158990075967
flywire_783_mb_left_kc512_s701,443,incoming_l1,role_random,1,50,supervised,17,0.01212545726971198
flywire_783_mb_left_kc512_s701,443,incoming_l1,role_random,1,50,supervised,18,0.01211269677651322
flywire_783_mb_left_kc512_s701,443,incoming_l1,role_random,1,50,supervised,19,0.012101433195773047
flywire_783_mb_left_kc512_s701,443,incoming_l1,role_random,1,50,supervised,20,0.01209145336845537
flywire_783_mb_left_kc512_s701,443,incoming_l1,role_random,1,50,supervised,21,0.012082523721032211
flywire_783_mb_left_kc512_s701,443,incoming_l1,role_random,1,50,supervised,22,0.01207451177873197
flywire_783_mb_left_kc512_s701,443,incoming_l1,role_random,1,50,supervised,23,0.012067241715187822
flywire_783_mb_left_kc512_s701,443,incoming_l1,role_random,1,50,supervised,24,0.012060874832353605
flywire_783_mb_left_kc512_s701,443,incoming_l1,role_random,1,50,supervised,25,0.012055312224218483
flywire_783_mb_left_kc512_s701,443,incoming_l1,role_random,1,50,supervised,26,0.012050336158431178
flywire_783_mb_left_kc512_s701,443,incoming_l1,role_random,1,50,supervised,27,0.01204574988074895
flywire_783_mb_left_kc512_s701,443,incoming_l1,role_random,1,50,supervised,28,0.012041584124903184
flywire_783_mb_left_kc512_s701,443,incoming_l1,role_random,1,50,supervised,29,0.012037794450701175
flywire_783_mb_left_kc512_s701,443,incoming_l1,role_random,1,50,supervised,30,0.01203429903527775
flywire_783_mb_left_kc512_s701,443,incoming_l1,role_random,1,50,permuted_teacher,1,0.014003186303850881
flywire_783_mb_left_kc512_s701,443,incoming_l1,role_random,1,50,permuted_teacher,2,0.013556118525157859
flywire_783_mb_left_kc512_s701,443,incoming_l1,role_random,1,50,permuted_teacher,3,0.013214890818987132
flywire_783_mb_left_kc512_s701,443,incoming_l1,role_random,1,50,permuted_teacher,4,0.012952101844918648
flywire_783_mb_left_kc512_s701,443,incoming_l1,role_random,1,50,permuted_teacher,5,0.012757766260786601
flywire_783_mb_left_kc512_s701,443,incoming_l1,role_random,1,50,permuted_teacher,6,0.012612405657089093
flywire_783_mb_left_kc512_s701,443,incoming_l1,role_random,1,50,permuted_teacher,7,0.012502709274653051
flywire_783_mb_left_kc512_s701,443,incoming_l1,role_random,1,50,permuted_teacher,8,0.012416662598610963
flywire_783_mb_left_kc512_s701,443,incoming_l1,role_random,1,50,permuted_teacher,9,0.012347635560841426
flywire_783_mb_left_kc512_s701,443,incoming_l1,role_random,1,50,permuted_teacher,10,0.012291469469557061
flywire_783_mb_left_kc512_s701,443,incoming_l1,role_random,1,50,permuted_teacher,11,0.012246174183392505
flywire_783_mb_left_kc512_s701,443,incoming_l1,role_random,1,50,permuted_teacher,12,0.012208688649199922
flywire_783_mb_left_kc512_s701,443,incoming_l1,role_random,1,50,permuted_teacher,13,0.012177037098172496
flywire_783_mb_left_kc512_s701,443,incoming_l1,role_random,1,50,permuted_teacher,14,0.01215016770533895
flywire_783_mb_left_kc512_s701,443,incoming_l1,role_random,1,50,permuted_teacher,15,0.01212692559464045
flywire_783_mb_left_kc512_s701,443,incoming_l1,role_random,1,50,permuted_teacher,16,0.012106902673113509
flywire_783_mb_left_kc512_s701,443,incoming_l1,role_random,1,50,permuted_teacher,17,0.01208985049312739
flywire_783_mb_left_kc512_s701,443,incoming_l1,role_random,1,50,permuted_teacher,18,0.012074765736459379
flywire_783_mb_left_kc512_s701,443,incoming_l1,role_random,1,50,permuted_teacher,19,0.012061257890001424
flywire_783_mb_left_kc512_s701,443,incoming_l1,role_random,1,50,permuted_teacher,20,0.012049123568821447
flywire_783_mb_left_kc512_s701,443,incoming_l1,role_random,1,50,permuted_teacher,21,0.012038265279849567
flywire_783_mb_left_kc512_s701,443,incoming_l1,role_random,1,50,permuted_teacher,22,0.012028723945765603
flywire_783_mb_left_kc512_s701,443,incoming_l1,role_random,1,50,permuted_teacher,23,0.01202019980987356
flywire_783_mb_left_kc512_s701,443,incoming_l1,role_random,1,50,permuted_teacher,24,0.012012376688260057
flywire_783_mb_left_kc512_s701,443,incoming_l1,role_random,1,50,permuted_teacher,25,0.012005288871178138
flywire_783_mb_left_kc512_s701,443,incoming_l1,role_random,1,50,permuted_teacher,26,0.011998890244341115
flywire_783_mb_left_kc512_s701,443,incoming_l1,role_random,1,50,permuted_teacher,27,0.011993071091895048
flywire_783_mb_left_kc512_s701,443,incoming_l1,role_random,1,50,permuted_teacher,28,0.011987849183147273
flywire_783_mb_left_kc512_s701,443,incoming_l1,role_random,1,50,permuted_teacher,29,0.011983076417837149
flywire_783_mb_left_kc512_s701,443,incoming_l1,role_random,1,50,permuted_teacher,30,0.011978702594520949
flywire_783_mb_left_kc512_s701,443,incoming_l1,role_random,1,200,supervised,1,0.013539121930462304
flywire_783_mb_left_kc512_s701,443,incoming_l1,role_random,1,200,supervised,2,0.012801842613805297
flywire_783_mb_left_kc512_s701,443,incoming_l1,role_random,1,200,supervised,3,0.012575254718984736
flywire_783_mb_left_kc512_s701,443,incoming_l1,role_random,1,200,supervised,4,0.012486569130488021
flywire_783_mb_left_kc512_s701,443,incoming_l1,role_random,1,200,supervised,5,0.012441813116896537
flywire_783_mb_left_kc512_s701,443,incoming_l1,role_random,1,200,supervised,6,0.0124161906249548
flywire_783_mb_left_kc512_s701,443,incoming_l1,role_random,1,200,supervised,7,0.012400176545783435
flywire_783_mb_left_kc512_s701,443,incoming_l1,role_random,1,200,supervised,8,0.012389065181867012
flywire_783_mb_left_kc512_s701,443,incoming_l1,role_random,1,200,supervised,9,0.012380884731232384
flywire_783_mb_left_kc512_s701,443,incoming_l1,role_random,1,200,supervised,10,0.012374470415165503
flywire_783_mb_left_kc512_s701,443,incoming_l1,role_random,1,200,supervised,11,0.012369646538972537
flywire_783_mb_left_kc512_s701,443,incoming_l1,role_random,1,200,supervised,12,0.01236576791324341
flywire_783_mb_left_kc512_s701,443,incoming_l1,role_random,1,200,supervised,13,0.012362702097428796
flywire_783_mb_left_kc512_s701,443,incoming_l1,role_random,1,200,supervised,14,0.01236027111927355
flywire_783_mb_left_kc512_s701,443,incoming_l1,role_random,1,200,supervised,15,0.012358254377191702
flywire_783_mb_left_kc512_s701,443,incoming_l1,role_random,1,200,supervised,16,0.01235658150356768
flywire_783_mb_left_kc512_s701,443,incoming_l1,role_random,1,200,supervised,17,0.012355172637453225
flywire_783_mb_left_kc512_s701,443,incoming_l1,role_random,1,200,supervised,18,0.012353971240541495
flywire_783_mb_left_kc512_s701,443,incoming_l1,role_random,1,200,supervised,19,0.012352933633401987
flywire_783_mb_left_kc512_s701,443,incoming_l1,role_random,1,200,supervised,20,0.012352035217710623
flywire_783_mb_left_kc512_s701,443,incoming_l1,role_random,1,200,supervised,21,0.012351267152031395
flywire_783_mb_left_kc512_s701,443,incoming_l1,role_random,1,200,supervised,22,0.012350579924202647
flywire_783_mb_left_kc512_s701,443,incoming_l1,role_random,1,200,supervised,23,0.012350019405016953
flywire_783_mb_left_kc512_s701,443,incoming_l1,role_random,1,200,supervised,24,0.0123495409362155
flywire_783_mb_left_kc512_s701,443,incoming_l1,role_random,1,200,supervised,25,0.012349121300085555
flywire_783_mb_left_kc512_s701,443,incoming_l1,role_random,1,200,supervised,26,0.012348737219170972
flywire_783_mb_left_kc512_s701,443,incoming_l1,role_random,1,200,supervised,27,0.012348399747371019
flywire_783_mb_left_kc512_s701,443,incoming_l1,role_random,1,200,supervised,28,0.012348104270539204
flywire_783_mb_left_kc512_s701,443,incoming_l1,role_random,1,200,supervised,29,0.012347847146190208
flywire_783_mb_left_kc512_s701,443,incoming_l1,role_random,1,200,supervised,30,0.012347612436040743
flywire_783_mb_left_kc512_s701,443,incoming_l1,role_random,1,200,permuted_teacher,1,0.013539923870012946
flywire_783_mb_left_kc512_s701,443,incoming_l1,role_random,1,200,permuted_teacher,2,0.012798250176319397
flywire_783_mb_left_kc512_s701,443,incoming_l1,role_random,1,200,permuted_teacher,3,0.012565477367994897
flywire_783_mb_left_kc512_s701,443,incoming_l1,role_random,1,200,permuted_teacher,4,0.012471538747351829
flywire_783_mb_left_kc512_s701,443,incoming_l1,role_random,1,200,permuted_teacher,5,0.01242325282970008
flywire_783_mb_left_kc512_s701,443,incoming_l1,role_random,1,200,permuted_teacher,6,0.01239528160604184
flywire_783_mb_left_kc512_s701,443,incoming_l1,role_random,1,200,permuted_teacher,7,0.01237732067550667
flywire_783_mb_left_kc512_s701,443,incoming_l1,role_random,1,200,permuted_teacher,8,0.012364982856989018
flywire_783_mb_left_kc512_s701,443,incoming_l1,role_random,1,200,permuted_teacher,9,0.012356321688593333
flywire_783_mb_left_kc512_s701,443,incoming_l1,role_random,1,200,permuted_teacher,10,0.012349775474500124
flywire_783_mb_left_kc512_s701,443,incoming_l1,role_random,1,200,permuted_teacher,11,0.01234466561157791
flywire_783_mb_left_kc512_s701,443,incoming_l1,role_random,1,200,permuted_teacher,12,0.012340658147826717
flywire_783_mb_left_kc512_s701,443,incoming_l1,role_random,1,200,permuted_teacher,13,0.012337489103608157
flywire_783_mb_left_kc512_s701,443,incoming_l1,role_random,1,200,permuted_teacher,14,0.012334956665293181
flywire_783_mb_left_kc512_s701,443,incoming_l1,role_random,1,200,permuted_teacher,15,0.012332882672442673
flywire_783_mb_left_kc512_s701,443,incoming_l1,role_random,1,200,permuted_teacher,16,0.012331092751536227
flywire_783_mb_left_kc512_s701,443,incoming_l1,role_random,1,200,permuted_teacher,17,0.012329522384713106
flywire_783_mb_left_kc512_s701,443,incoming_l1,role_random,1,200,permuted_teacher,18,0.012328193797103232
flywire_783_mb_left_kc512_s701,443,incoming_l1,role_random,1,200,permuted_teacher,19,0.012327039935791482
flywire_783_mb_left_kc512_s701,443,incoming_l1,role_random,1,200,permuted_teacher,20,0.012326025355010706
flywire_783_mb_left_kc512_s701,443,incoming_l1,role_random,1,200,permuted_teacher,21,0.012325171136070935
flywire_783_mb_left_kc512_s701,443,incoming_l1,role_random,1,200,permuted_teacher,22,0.012324461227985613
flywire_783_mb_left_kc512_s701,443,incoming_l1,role_random,1,200,permuted_teacher,23,0.012323840179267586
flywire_783_mb_left_kc512_s701,443,incoming_l1,role_random,1,200,permuted_teacher,24,0.012323241309705668
flywire_783_mb_left_kc512_s701,443,incoming_l1,role_random,1,200,permuted_teacher,25,0.01232270888490621
flywire_783_mb_left_kc512_s701,443,incoming_l1,role_random,1,200,permuted_teacher,26,0.012322245836065181
flywire_783_mb_left_kc512_s701,443,incoming_l1,role_random,1,200,permuted_teacher,27,0.012321828482549452
flywire_783_mb_left_kc512_s701,443,incoming_l1,role_random,1,200,permuted_teacher,28,0.012321439850100873
flywire_783_mb_left_kc512_s701,443,incoming_l1,role_random,1,200,permuted_teacher,29,0.012321098132012345
flywire_783_mb_left_kc512_s701,443,incoming_l1,role_random,1,200,permuted_teacher,30,0.012320787430691059
flywire_783_mb_left_kc512_s701,443,incoming_l1,role_random,2,50,supervised,1,0.013938033295392265
flywire_783_mb_left_kc512_s701,443,incoming_l1,role_random,2,50,supervised,2,0.013490717991552915
flywire_783_mb_left_kc512_s701,443,incoming_l1,role_random,2,50,supervised,3,0.013150263394687656
flywire_783_mb_left_kc512_s701,443,incoming_l1,role_random,2,50,supervised,4,0.012890482207257735
flywire_783_mb_left_kc512_s701,443,incoming_l1,role_random,2,50,supervised,5,0.012701058076815566
flywire_783_mb_left_kc512_s701,443,incoming_l1,role_random,2,50,supervised,6,0.012563081794808625
flywire_783_mb_left_kc512_s701,443,incoming_l1,role_random,2,50,supervised,7,0.01246079440725545
flywire_783_mb_left_kc512_s701,443,incoming_l1,role_random,2,50,supervised,8,0.012380130587190081
flywire_783_mb_left_kc512_s701,443,incoming_l1,role_random,2,50,supervised,9,0.012314820743430738
flywire_783_mb_left_kc512_s701,443,incoming_l1,role_random,2,50,supervised,10,0.012261743492395522
flywire_783_mb_left_kc512_s701,443,incoming_l1,role_random,2,50,supervised,11,0.012218437219200623
flywire_783_mb_left_kc512_s701,443,incoming_l1,role_random,2,50,supervised,12,0.0121825231290541
flywire_783_mb_left_kc512_s701,443,incoming_l1,role_random,2,50,supervised,13,0.012152448359615917
flywire_783_mb_left_kc512_s701,443,incoming_l1,role_random,2,50,supervised,14,0.012127181858579703
flywire_783_mb_left_kc512_s701,443,incoming_l1,role_random,2,50,supervised,15,0.012105360865038814
flywire_783_mb_left_kc512_s701,443,incoming_l1,role_random,2,50,supervised,16,0.012086429253564838
flywire_783_mb_left_kc512_s701,443,incoming_l1,role_random,2,50,supervised,17,0.012069883483943875
flywire_783_mb_left_kc512_s701,443,incoming_l1,role_random,2,50,supervised,18,0.01205557525255394
flywire_783_mb_left_kc512_s701,443,incoming_l1,role_random,2,50,supervised,19,0.012042843854222829
flywire_783_mb_left_kc512_s701,443,incoming_l1,role_random,2,50,supervised,20,0.01203147165700452
flywire_783_mb_left_kc512_s701,443,incoming_l1,role_random,2,50,supervised,21,0.012021454248307738
flywire_783_mb_left_kc512_s701,443,incoming_l1,role_random,2,50,supervised,22,0.012012490899698462
flywire_783_mb_left_kc512_s701,443,incoming_l1,role_random,2,50,supervised,23,0.01200435077821264
flywire_783_mb_left_kc512_s701,443,incoming_l1,role_random,2,50,supervised,24,0.011997048012082328
flywire_783_mb_left_kc512_s701,443,incoming_l1,role_random,2,50,supervised,25,0.011990483964079736
flywire_783_mb_left_kc512_s701,443,incoming_l1,role_random,2,50,supervised,26,0.01198438391589048
flywire_783_mb_left_kc512_s701,443,incoming_l1,role_random,2,50,supervised,27,0.011978719496169885
flywire_783_mb_left_kc512_s701,443,incoming_l1,role_random,2,50,supervised,28,0.011973630410708144
flywire_783_mb_left_kc512_s701,443,incoming_l1,role_random,2,50,supervised,29,0.01196916845422167
flywire_783_mb_left_kc512_s701,443,incoming_l1,role_random,2,50,supervised,30,0.011965039532350551
flywire_783_mb_left_kc512_s701,443,incoming_l1,role_random,2,50,permuted_teacher,1,0.014032718257715408
flywire_783_mb_left_kc512_s701,443,incoming_l1,role_random,2,50,permuted_teacher,2,0.013594167822313912
flywire_783_mb_left_kc512_s701,443,incoming_l1,role_random,2,50,permuted_teacher,3,0.013259191790643218
flywire_783_mb_left_kc512_s701,443,incoming_l1,role_random,2,50,permuted_teacher,4,0.013001938683283218
flywire_783_mb_left_kc512_s701,443,incoming_l1,role_random,2,50,permuted_teacher,5,0.01281302696585953
flywire_783_mb_left_kc512_s701,443,incoming_l1,role_random,2,50,permuted_teacher,6,0.012673292351262244
flywire_783_mb_left_kc512_s701,443,incoming_l1,role_random,2,50,permuted_teacher,7,0.012570182322680494
flywire_783_mb_left_kc512_s701,443,incoming_l1,role_random,2,50,permuted_teacher,8,0.012489476701050401
flywire_783_mb_left_kc512_s701,443,incoming_l1,role_random,2,50,permuted_teacher,9,0.012424821161975318
flywire_783_mb_left_kc512_s701,443,incoming_l1,role_random,2,50,permuted_teacher,10,0.012372863768889901
flywire_783_mb_left_kc512_s701,443,incoming_l1,role_random,2,50,permuted_teacher,11,0.012330693293412603
flywire_783_mb_left_kc512_s701,443,incoming_l1,role_random,2,50,permuted_teacher,12,0.012296081217739353
flywire_783_mb_left_kc512_s701,443,incoming_l1,role_random,2,50,permuted_teacher,13,0.01226680435715759
flywire_783_mb_left_kc512_s701,443,incoming_l1,role_random,2,50,permuted_teacher,14,0.012242263018551683
flywire_783_mb_left_kc512_s701,443,incoming_l1,role_random,2,50,permuted_teacher,15,0.012222006166024726
flywire_783_mb_left_kc512_s701,443,incoming_l1,role_random,2,50,permuted_teacher,16,0.012204699544939544
flywire_783_mb_left_kc512_s701,443,incoming_l1,role_random,2,50,permuted_teacher,17,0.012189645496615525
flywire_783_mb_left_kc512_s701,443,incoming_l1,role_random,2,50,permuted_teacher,18,0.012176535515216563
flywire_783_mb_left_kc512_s701,443,incoming_l1,role_random,2,50,permuted_teacher,19,0.012165047595056825
flywire_783_mb_left_kc512_s701,443,incoming_l1,role_random,2,50,permuted_teacher,20,0.01215495309996976
flywire_783_mb_left_kc512_s701,443,incoming_l1,role_random,2,50,permuted_teacher,21,0.012145911205860468
flywire_783_mb_left_kc512_s701,443,incoming_l1,role_random,2,50,permuted_teacher,22,0.012137849033015373
flywire_783_mb_left_kc512_s701,443,incoming_l1,role_random,2,50,permuted_teacher,23,0.012130785130493558
flywire_783_mb_left_kc512_s701,443,incoming_l1,role_random,2,50,permuted_teacher,24,0.01212449428307655
flywire_783_mb_left_kc512_s701,443,incoming_l1,role_random,2,50,permuted_teacher,25,0.012118857139215285
flywire_783_mb_left_kc512_s701,443,incoming_l1,role_random,2,50,permuted_teacher,26,0.012113735643127583
flywire_783_mb_left_kc512_s701,443,incoming_l1,role_random,2,50,permuted_teacher,27,0.012109104737518216
flywire_783_mb_left_kc512_s701,443,incoming_l1,role_random,2,50,permuted_teacher,28,0.012104944477536822
flywire_783_mb_left_kc512_s701,443,incoming_l1,role_random,2,50,permuted_teacher,29,0.012101110122172257
flywire_783_mb_left_kc512_s701,443,incoming_l1,role_random,2,50,permuted_teacher,30,0.012097503119151807
flywire_783_mb_left_kc512_s701,443,incoming_l1,role_random,2,200,supervised,1,0.013537945989886049
flywire_783_mb_left_kc512_s701,443,incoming_l1,role_random,2,200,supervised,2,0.01278673362991204
flywire_783_mb_left_kc512_s701,443,incoming_l1,role_random,2,200,supervised,3,0.01255133004796968
flywire_783_mb_left_kc512_s701,443,incoming_l1,role_random,2,200,supervised,4,0.01245639444514049
flywire_783_mb_left_kc512_s701,443,incoming_l1,role_random,2,200,supervised,5,0.012406486383848553
flywire_783_mb_left_kc512_s701,443,incoming_l1,role_random,2,200,supervised,6,0.01237652220429711
flywire_783_mb_left_kc512_s701,443,incoming_l1,role_random,2,200,supervised,7,0.012356789720661093
flywire_783_mb_left_kc512_s701,443,incoming_l1,role_random,2,200,supervised,8,0.012343156001739223
flywire_783_mb_left_kc512_s701,443,incoming_l1,role_random,2,200,supervised,9,0.012333303260404783
flywire_783_mb_left_kc512_s701,443,incoming_l1,role_random,2,200,supervised,10,0.012325712380853452
flywire_783_mb_left_kc512_s701,443,incoming_l1,role_random,2,200,supervised,11,0.012319665027895834
flywire_783_mb_left_kc512_s701,443,incoming_l1,role_random,2,200,supervised,12,0.01231478072494899
flywire_783_mb_left_kc512_s701,443,incoming_l1,role_random,2,200,supervised,13,0.012310952917037675
flywire_783_mb_left_kc512_s701,443,incoming_l1,role_random,2,200,supervised,14,0.012307811182305334
flywire_783_mb_left_kc512_s701,443,incoming_l1,role_random,2,200,supervised,15,0.012305162530059695
flywire_783_mb_left_kc512_s701,443,incoming_l1,role_random,2,200,supervised,16,0.012302884607001682
flywire_783_mb_left_kc512_s701,443,incoming_l1,role_random,2,200,supervised,17,0.012300928798693905
flywire_783_mb_left_kc512_s701,443,incoming_l1,role_random,2,200,supervised,18,0.012299281036588228
flywire_783_mb_left_kc512_s701,443,incoming_l1,role_random,2,200,supervised,19,0.012297829832659894
flywire_783_mb_left_kc512_s701,443,incoming_l1,role_random,2,200,supervised,20,0.012296522619993831
flywire_783_mb_left_kc512_s701,443,incoming_l1,role_random,2,200,supervised,21,0.012295387687021197
flywire_783_mb_left_kc512_s701,443,incoming_l1,role_random,2,200,supervised,22,0.012294368749024686
flywire_783_mb_left_kc512_s701,443,incoming_l1,role_random,2,200,supervised,23,0.012293448457001057
flywire_783_mb_left_kc512_s701,443,incoming_l1,role_random,2,200,supervised,24,0.012292626028013842
flywire_783_mb_left_kc512_s701,443,incoming_l1,role_random,2,200,supervised,25,0.012291889904158488
flywire_783_mb_left_kc512_s701,443,incoming_l1,role_random,2,200,supervised,26,0.012291254607834645
flywire_783_mb_left_kc512_s701,443,incoming_l1,role_random,2,200,supervised,27,0.012290692727369034
flywire_783_mb_left_kc512_s701,443,incoming_l1,role_random,2,200,supervised,28,0.01229019869791986
flywire_783_mb_left_kc512_s701,443,incoming_l1,role_random,2,200,supervised,29,0.012289757198561423
flywire_783_mb_left_kc512_s701,443,incoming_l1,role_random,2,200,supervised,30,0.01228935949862227
flywire_783_mb_left_kc512_s701,443,incoming_l1,role_random,2,200,permuted_teacher,1,0.013555021237788904
flywire_783_mb_left_kc512_s701,443,incoming_l1,role_random,2,200,permuted_teacher,2,0.012805004437419514
flywire_783_mb_left_kc512_s701,443,incoming_l1,role_random,2,200,permuted_teacher,3,0.012570022386785132
flywire_783_mb_left_kc512_s701,443,incoming_l1,role_random,2,200,permuted_teacher,4,0.012475131553478772
flywire_783_mb_left_kc512_s701,443,incoming_l1,role_random,2,200,permuted_teacher,5,0.01242560660415529
flywire_783_mb_left_kc512_s701,443,incoming_l1,role_random,2,200,permuted_teacher,6,0.012396662473273447
flywire_783_mb_left_kc512_s701,443,incoming_l1,role_random,2,200,permuted_teacher,7,0.01237823987709002
flywire_783_mb_left_kc512_s701,443,incoming_l1,role_random,2,200,permuted_teacher,8,0.012365569537978018
flywire_783_mb_left_kc512_s701,443,incoming_l1,role_random,2,200,permuted_teacher,9,0.012356106346512503
flywire_783_mb_left_kc512_s701,443,incoming_l1,role_random,2,200,permuted_teacher,10,0.012348896306710098
flywire_783_mb_left_kc512_s701,443,incoming_l1,role_random,2,200,permuted_teacher,11,0.012343129450401604
flywire_783_mb_left_kc512_s701,443,incoming_l1,role_random,2,200,permuted_teacher,12,0.012338578722465817
flywire_783_mb_left_kc512_s701,443,incoming_l1,role_random,2,200,permuted_teacher,13,0.012334911896117282
flywire_783_mb_left_kc512_s701,443,incoming_l1,role_random,2,200,permuted_teacher,14,0.012331913894866708
flywire_783_mb_left_kc512_s701,443,incoming_l1,role_random,2,200,permuted_teacher,15,0.012329479398890337
flywire_783_mb_left_kc512_s701,443,incoming_l1,role_random,2,200,permuted_teacher,16,0.012327456261550695
flywire_783_mb_left_kc512_s701,443,incoming_l1,role_random,2,200,permuted_teacher,17,0.01232572792018915
flywire_783_mb_left_kc512_s701,443,incoming_l1,role_random,2,200,permuted_teacher,18,0.012324211389005146
flywire_783_mb_left_kc512_s701,443,incoming_l1,role_random,2,200,permuted_teacher,19,0.01232296496145551
flywire_783_mb_left_kc512_s701,443,incoming_l1,role_random,2,200,permuted_teacher,20,0.01232187888579802
flywire_783_mb_left_kc512_s701,443,incoming_l1,role_random,2,200,permuted_teacher,21,0.012320950025887921
flywire_783_mb_left_kc512_s701,443,incoming_l1,role_random,2,200,permuted_teacher,22,0.012320123148911627
flywire_783_mb_left_kc512_s701,443,incoming_l1,role_random,2,200,permuted_teacher,23,0.012319398215132229
flywire_783_mb_left_kc512_s701,443,incoming_l1,role_random,2,200,permuted_teacher,24,0.012318755058400946
flywire_783_mb_left_kc512_s701,443,incoming_l1,role_random,2,200,permuted_teacher,25,0.012318173737691597
flywire_783_mb_left_kc512_s701,443,incoming_l1,role_random,2,200,permuted_teacher,26,0.012317656573011697
flywire_783_mb_left_kc512_s701,443,incoming_l1,role_random,2,200,permuted_teacher,27,0.012317191099947363
flywire_783_mb_left_kc512_s701,443,incoming_l1,role_random,2,200,permuted_teacher,28,0.012316739004078755
flywire_783_mb_left_kc512_s701,443,incoming_l1,role_random,2,200,permuted_teacher,29,0.012316334974104786
flywire_783_mb_left_kc512_s701,443,incoming_l1,role_random,2,200,permuted_teacher,30,0.012315983799985032
flywire_783_mb_left_kc512_s701,444,spectral,fly,1,50,supervised,1,0.016862448163931763
flywire_783_mb_left_kc512_s701,444,spectral,fly,1,50,supervised,2,0.016281701784520587
flywire_783_mb_left_kc512_s701,444,spectral,fly,1,50,supervised,3,0.015901449465117182
flywire_783_mb_left_kc512_s701,444,spectral,fly,1,50,supervised,4,0.015657638960568904
flywire_783_mb_left_kc512_s701,444,spectral,fly,1,50,supervised,5,0.015502905982983371
flywire_783_mb_left_kc512_s701,444,spectral,fly,1,50,supervised,6,0.015402354021392834
flywire_783_mb_left_kc512_s701,444,spectral,fly,1,50,supervised,7,0.015331889833586453
flywire_783_mb_left_kc512_s701,444,spectral,fly,1,50,supervised,8,0.01527989532601142
flywire_783_mb_left_kc512_s701,444,spectral,fly,1,50,supervised,9,0.015240894834287144
flywire_783_mb_left_kc512_s701,444,spectral,fly,1,50,supervised,10,0.015210774323230397
flywire_783_mb_left_kc512_s701,444,spectral,fly,1,50,supervised,11,0.015186498625569898
flywire_783_mb_left_kc512_s701,444,spectral,fly,1,50,supervised,12,0.015166674409399212
flywire_783_mb_left_kc512_s701,444,spectral,fly,1,50,supervised,13,0.015150298384160857
flywire_783_mb_left_kc512_s701,444,spectral,fly,1,50,supervised,14,0.015136520290864446
flywire_783_mb_left_kc512_s701,444,spectral,fly,1,50,supervised,15,0.015125011816461443
flywire_783_mb_left_kc512_s701,444,spectral,fly,1,50,supervised,16,0.015115700755029847
flywire_783_mb_left_kc512_s701,444,spectral,fly,1,50,supervised,17,0.015107691986932053
flywire_783_mb_left_kc512_s701,444,spectral,fly,1,50,supervised,18,0.015100585029115257
flywire_783_mb_left_kc512_s701,444,spectral,fly,1,50,supervised,19,0.01509425453065978
flywire_783_mb_left_kc512_s701,444,spectral,fly,1,50,supervised,20,0.015088680519090002
flywire_783_mb_left_kc512_s701,444,spectral,fly,1,50,supervised,21,0.01508365297447282
flywire_783_mb_left_kc512_s701,444,spectral,fly,1,50,supervised,22,0.015078985193660964
flywire_783_mb_left_kc512_s701,444,spectral,fly,1,50,supervised,23,0.01507464904415102
flywire_783_mb_left_kc512_s701,444,spectral,fly,1,50,supervised,24,0.015070725284148656
flywire_783_mb_left_kc512_s701,444,spectral,fly,1,50,supervised,25,0.015067151816605976
flywire_783_mb_left_kc512_s701,444,spectral,fly,1,50,supervised,26,0.015063922866199567
flywire_783_mb_left_kc512_s701,444,spectral,fly,1,50,supervised,27,0.015060930995960928
flywire_783_mb_left_kc512_s701,444,spectral,fly,1,50,supervised,28,0.015058163305912513
flywire_783_mb_left_kc512_s701,444,spectral,fly,1,50,supervised,29,0.015055638948913121
flywire_783_mb_left_kc512_s701,444,spectral,fly,1,50,supervised,30,0.015053345002473881
flywire_783_mb_left_kc512_s701,444,spectral,fly,1,50,permuted_teacher,1,0.016878072814510498
flywire_783_mb_left_kc512_s701,444,spectral,fly,1,50,permuted_teacher,2,0.01633388469934196
flywire_783_mb_left_kc512_s701,444,spectral,fly,1,50,permuted_teacher,3,0.015982689828585597
flywire_783_mb_left_kc512_s701,444,spectral,fly,1,50,permuted_teacher,4,0.015761268348320465
flywire_783_mb_left_kc512_s701,444,spectral,fly,1,50,permuted_teacher,5,0.01562048263820413
flywire_783_mb_left_kc512_s701,444,spectral,fly,1,50,permuted_teacher,6,0.015529268214981405
flywire_783_mb_left_kc512_s701,444,spectral,fly,1,50,permuted_teacher,7,0.015466523850656656
flywire_783_mb_left_kc512_s701,444,spectral,fly,1,50,permuted_teacher,8,0.015420088486389353
flywire_783_mb_left_kc512_s701,444,spectral,fly,1,50,permuted_teacher,9,0.015384855795849087
flywire_783_mb_left_kc512_s701,444,spectral,fly,1,50,permuted_teacher,10,0.01535676528285051
flywire_783_mb_left_kc512_s701,444,spectral,fly,1,50,permuted_teacher,11,0.015333911169398012
flywire_783_mb_left_kc512_s701,444,spectral,fly,1,50,permuted_teacher,12,0.015315503067761735
flywire_783_mb_left_kc512_s701,444,spectral,fly,1,50,permuted_teacher,13,0.015300224291288286
flywire_783_mb_left_kc512_s701,444,spectral,fly,1,50,permuted_teacher,14,0.015287540549664911
flywire_783_mb_left_kc512_s701,444,spectral,fly,1,50,permuted_teacher,15,0.015276700004818422
flywire_783_mb_left_kc512_s701,444,spectral,fly,1,50,permuted_teacher,16,0.015267223973692814
flywire_783_mb_left_kc512_s701,444,spectral,fly,1,50,permuted_teacher,17,0.01525882275761857
flywire_783_mb_left_kc512_s701,444,spectral,fly,1,50,permuted_teacher,18,0.015251501600459596
flywire_783_mb_left_kc512_s701,444,spectral,fly,1,50,permuted_teacher,19,0.015245039280758725
flywire_783_mb_left_kc512_s701,444,spectral,fly,1,50,permuted_teacher,20,0.015239074639644567
flywire_783_mb_left_kc512_s701,444,spectral,fly,1,50,permuted_teacher,21,0.015233646653167073
flywire_783_mb_left_kc512_s701,444,spectral,fly,1,50,permuted_teacher,22,0.015228846689295479
flywire_783_mb_left_kc512_s701,444,spectral,fly,1,50,permuted_teacher,23,0.015224509753334656
flywire_783_mb_left_kc512_s701,444,spectral,fly,1,50,permuted_teacher,24,0.015220575503269157
flywire_783_mb_left_kc512_s701,444,spectral,fly,1,50,permuted_teacher,25,0.015216954037282761
flywire_783_mb_left_kc512_s701,444,spectral,fly,1,50,permuted_teacher,26,0.015213620804236754
flywire_783_mb_left_kc512_s701,444,spectral,fly,1,50,permuted_teacher,27,0.015210599096919259
flywire_783_mb_left_kc512_s701,444,spectral,fly,1,50,permuted_teacher,28,0.015207797272950015
flywire_783_mb_left_kc512_s701,444,spectral,fly,1,50,permuted_teacher,29,0.015205191431854819
flywire_783_mb_left_kc512_s701,444,spectral,fly,1,50,permuted_teacher,30,0.015202870902758023
flywire_783_mb_left_kc512_s701,444,spectral,fly,1,200,supervised,1,0.016605851005161876
flywire_783_mb_left_kc512_s701,444,spectral,fly,1,200,supervised,2,0.01601863434901914
flywire_783_mb_left_kc512_s701,444,spectral,fly,1,200,supervised,3,0.015914055481225424
flywire_783_mb_left_kc512_s701,444,spectral,fly,1,200,supervised,4,0.01588393229776946
flywire_783_mb_left_kc512_s701,444,spectral,fly,1,200,supervised,5,0.015874188209470733
flywire_783_mb_left_kc512_s701,444,spectral,fly,1,200,supervised,6,0.01586975160532626
flywire_783_mb_left_kc512_s701,444,spectral,fly,1,200,supervised,7,0.015867265402382407
flywire_783_mb_left_kc512_s701,444,spectral,fly,1,200,supervised,8,0.015865082709300985
flywire_783_mb_left_kc512_s701,444,spectral,fly,1,200,supervised,9,0.015863048230726758
flywire_783_mb_left_kc512_s701,444,spectral,fly,1,200,supervised,10,0.015861413180634415
flywire_783_mb_left_kc512_s701,444,spectral,fly,1,200,supervised,11,0.015859952986588065
flywire_783_mb_left_kc512_s701,444,spectral,fly,1,200,supervised,12,0.015858715331178996
flywire_783_mb_left_kc512_s701,444,spectral,fly,1,200,supervised,13,0.01585783969784562
flywire_783_mb_left_kc512_s701,444,spectral,fly,1,200,supervised,14,0.015857120587692904
flywire_783_mb_left_kc512_s701,444,spectral,fly,1,200,supervised,15,0.015856628386588714
flywire_783_mb_left_kc512_s701,444,spectral,fly,1,200,supervised,16,0.015856318821898033
flywire_783_mb_left_kc512_s701,444,spectral,fly,1,200,supervised,17,0.015856100904503668
flywire_783_mb_left_kc512_s701,444,spectral,fly,1,200,supervised,18,0.01585591698327087
flywire_783_mb_left_kc512_s701,444,spectral,fly,1,200,supervised,19,0.015855805680017817
flywire_783_mb_left_kc512_s701,444,spectral,fly,1,200,supervised,20,0.01585574862540294
flywire_783_mb_left_kc512_s701,444,spectral,fly,1,200,supervised,21,0.01585571994764005
flywire_783_mb_left_kc512_s701,444,spectral,fly,1,200,supervised,22,0.01585570701160819
flywire_783_mb_left_kc512_s701,444,spectral,fly,1,200,supervised,23,0.015855710630003083
flywire_783_mb_left_kc512_s701,444,spectral,fly,1,200,supervised,24,0.015855709432336183
flywire_783_mb_left_kc512_s701,444,spectral,fly,1,200,supervised,25,0.015855717221407075
flywire_783_mb_left_kc512_s701,444,spectral,fly,1,200,supervised,26,0.015855724171091823
flywire_783_mb_left_kc512_s701,444,spectral,fly,1,200,supervised,27,0.0158557150944903
flywire_783_mb_left_kc512_s701,444,spectral,fly,1,200,supervised,28,0.015855691091283715
flywire_783_mb_left_kc512_s701,444,spectral,fly,1,200,supervised,29,0.015855675685361344
flywire_783_mb_left_kc512_s701,444,spectral,fly,1,200,supervised,30,0.015855667908370823
flywire_783_mb_left_kc512_s701,444,spectral,fly,1,200,permuted_teacher,1,0.016581435807717152
flywire_783_mb_left_kc512_s701,444,spectral,fly,1,200,permuted_teacher,2,0.01597968479124282
flywire_783_mb_left_kc512_s701,444,spectral,fly,1,200,permuted_teacher,3,0.015870928288015708
flywire_783_mb_left_kc512_s701,444,spectral,fly,1,200,permuted_teacher,4,0.01584067425471638
flywire_783_mb_left_kc512_s701,444,spectral,fly,1,200,permuted_teacher,5,0.015831259262412866
flywire_783_mb_left_kc512_s701,444,spectral,fly,1,200,permuted_teacher,6,0.015827064241168646
flywire_783_mb_left_kc512_s701,444,spectral,fly,1,200,permuted_teacher,7,0.015824592707778987
flywire_783_mb_left_kc512_s701,444,spectral,fly,1,200,permuted_teacher,8,0.015822277292761998
flywire_783_mb_left_kc512_s701,444,spectral,fly,1,200,permuted_teacher,9,0.015819963567417772
flywire_783_mb_left_kc512_s701,444,spectral,fly,1,200,permuted_teacher,10,0.015817729744385597
flywire_783_mb_left_kc512_s701,444,spectral,fly,1,200,permuted_teacher,11,0.015816052693274078
flywire_783_mb_left_kc512_s701,444,spectral,fly,1,200,permuted_teacher,12,0.015814904487738854
flywire_783_mb_left_kc512_s701,444,spectral,fly,1,200,permuted_teacher,13,0.015814145143089178
flywire_783_mb_left_kc512_s701,444,spectral,fly,1,200,permuted_teacher,14,0.015813464305840557
flywire_783_mb_left_kc512_s701,444,spectral,fly,1,200,permuted_teacher,15,0.01581295203833114
flywire_783_mb_left_kc512_s701,444,spectral,fly,1,200,permuted_teacher,16,0.01581256150619646
flywire_783_mb_left_kc512_s701,444,spectral,fly,1,200,permuted_teacher,17,0.015812302184754892
flywire_783_mb_left_kc512_s701,444,spectral,fly,1,200,permuted_teacher,18,0.015812143975264478
flywire_783_mb_left_kc512_s701,444,spectral,fly,1,200,permuted_teacher,19,0.01581201904668242
flywire_783_mb_left_kc512_s701,444,spectral,fly,1,200,permuted_teacher,20,0.015811955001823023
flywire_783_mb_left_kc512_s701,444,spectral,fly,1,200,permuted_teacher,21,0.015811940542421674
flywire_783_mb_left_kc512_s701,444,spectral,fly,1,200,permuted_teacher,22,0.015811973543535383
flywire_783_mb_left_kc512_s701,444,spectral,fly,1,200,permuted_teacher,23,0.015811964712725744
flywire_783_mb_left_kc512_s701,444,spectral,fly,1,200,permuted_teacher,24,0.015811952157266537
flywire_783_mb_left_kc512_s701,444,spectral,fly,1,200,permuted_teacher,25,0.015811973634457733
flywire_783_mb_left_kc512_s701,444,spectral,fly,1,200,permuted_teacher,26,0.015812016492266778
flywire_783_mb_left_kc512_s701,444,spectral,fly,1,200,permuted_teacher,27,0.015812065189237758
flywire_783_mb_left_kc512_s701,444,spectral,fly,1,200,permuted_teacher,28,0.015812111011096683
flywire_783_mb_left_kc512_s701,444,spectral,fly,1,200,permuted_teacher,29,0.01581217598425468
flywire_783_mb_left_kc512_s701,444,spectral,fly,1,200,permuted_teacher,30,0.015812238012833362
flywire_783_mb_left_kc512_s701,444,spectral,fly,2,50,supervised,1,0.016970409483507278
flywire_783_mb_left_kc512_s701,444,spectral,fly,2,50,supervised,2,0.016379170030197863
flywire_783_mb_left_kc512_s701,444,spectral,fly,2,50,supervised,3,0.01599565218443565
flywire_783_mb_left_kc512_s701,444,spectral,fly,2,50,supervised,4,0.0157515752940652
flywire_783_mb_left_kc512_s701,444,spectral,fly,2,50,supervised,5,0.015596493200612002
flywire_783_mb_left_kc512_s701,444,spectral,fly,2,50,supervised,6,0.015495528818016656
flywire_783_mb_left_kc512_s701,444,spectral,fly,2,50,supervised,7,0.0154247768067735
flywire_783_mb_left_kc512_s701,444,spectral,fly,2,50,supervised,8,0.015372974469635845
flywire_783_mb_left_kc512_s701,444,spectral,fly,2,50,supervised,9,0.01533458714556757
flywire_783_mb_left_kc512_s701,444,spectral,fly,2,50,supervised,10,0.015305176265016374
flywire_783_mb_left_kc512_s701,444,spectral,fly,2,50,supervised,11,0.015281947761684291
flywire_783_mb_left_kc512_s701,444,spectral,fly,2,50,supervised,12,0.015263876102093595
flywire_783_mb_left_kc512_s701,444,spectral,fly,2,50,supervised,13,0.015249562004239667
flywire_783_mb_left_kc512_s701,444,spectral,fly,2,50,supervised,14,0.01523781584880813
flywire_783_mb_left_kc512_s701,444,spectral,fly,2,50,supervised,15,0.01522801129501506
flywire_783_mb_left_kc512_s701,444,spectral,fly,2,50,supervised,16,0.01522003486549868
flywire_783_mb_left_kc512_s701,444,spectral,fly,2,50,supervised,17,0.015213470939124233
flywire_783_mb_left_kc512_s701,444,spectral,fly,2,50,supervised,18,0.015207807580422766
flywire_783_mb_left_kc512_s701,444,spectral,fly,2,50,supervised,19,0.015202935316231186
flywire_783_mb_left_kc512_s701,444,spectral,fly,2,50,supervised,20,0.015198630447466365
flywire_783_mb_left_kc512_s701,444,spectral,fly,2,50,supervised,21,0.015194966684311827
flywire_783_mb_left_kc512_s701,444,spectral,fly,2,50,supervised,22,0.015191760201016164
flywire_783_mb_left_kc512_s701,444,spectral,fly,2,50,supervised,23,0.015188929598798475
flywire_783_mb_left_kc512_s701,444,spectral,fly,2,50,supervised,24,0.015186351659947802
flywire_783_mb_left_kc512_s701,444,spectral,fly,2,50,supervised,25,0.015183964456833735
flywire_783_mb_left_kc512_s701,444,spectral,fly,2,50,supervised,26,0.015181712099624694
flywire_783_mb_left_kc512_s701,444,spectral,fly,2,50,supervised,27,0.015179620915008712
flywire_783_mb_left_kc512_s701,444,spectral,fly,2,50,supervised,28,0.015177751506898056
flywire_783_mb_left_kc512_s701,444,spectral,fly,2,50,supervised,29,0.01517603584398141
flywire_783_mb_left_kc512_s701,444,spectral,fly,2,50,supervised,30,0.015174471607288827
flywire_783_mb_left_kc512_s701,444,spectral,fly,2,50,permuted_teacher,1,0.016977355339420012
flywire_783_mb_left_kc512_s701,444,spectral,fly,2,50,permuted_teacher,2,0.016413221844754945
flywire_783_mb_left_kc512_s701,444,spectral,fly,2,50,permuted_teacher,3,0.01604650232696364
flywire_783_mb_left_kc512_s701,444,spectral,fly,2,50,permuted_teacher,4,0.01581450462633019
flywire_783_mb_left_kc512_s701,444,spectral,fly,2,50,permuted_teacher,5,0.015666803689274807
flywire_783_mb_left_kc512_s701,444,spectral,fly,2,50,permuted_teacher,6,0.015570582700866828
flywire_783_mb_left_kc512_s701,444,spectral,fly,2,50,permuted_teacher,7,0.015504006181325804
flywire_783_mb_left_kc512_s701,444,spectral,fly,2,50,permuted_teacher,8,0.015455127022084852
flywire_783_mb_left_kc512_s701,444,spectral,fly,2,50,permuted_teacher,9,0.01541804996369131
flywire_783_mb_left_kc512_s701,444,spectral,fly,2,50,permuted_teacher,10,0.015389289922391955
flywire_783_mb_left_kc512_s701,444,spectral,fly,2,50,permuted_teacher,11,0.015366251144591517
flywire_783_mb_left_kc512_s701,444,spectral,fly,2,50,permuted_teacher,12,0.015347974805024435
flywire_783_mb_left_kc512_s701,444,spectral,fly,2,50,permuted_teacher,13,0.015333499686288008
flywire_783_mb_left_kc512_s701,444,spectral,fly,2,50,permuted_teacher,14,0.015321835058862837
flywire_783_mb_left_kc512_s701,444,spectral,fly,2,50,permuted_teacher,15,0.015312300809081398
flywire_783_mb_left_kc512_s701,444,spectral,fly,2,50,permuted_teacher,16,0.015304161778726897
flywire_783_mb_left_kc512_s701,444,spectral,fly,2,50,permuted_teacher,17,0.015297429219495557
flywire_783_mb_left_kc512_s701,444,spectral,fly,2,50,permuted_teacher,18,0.01529195963473757
flywire_783_mb_left_kc512_s701,444,spectral,fly,2,50,permuted_teacher,19,0.015287536617031522
flywire_783_mb_left_kc512_s701,444,spectral,fly,2,50,permuted_teacher,20,0.01528362992369578
flywire_783_mb_left_kc512_s701,444,spectral,fly,2,50,permuted_teacher,21,0.01528002802621191
flywire_783_mb_left_kc512_s701,444,spectral,fly,2,50,permuted_teacher,22,0.015276685926584209
flywire_783_mb_left_kc512_s701,444,spectral,fly,2,50,permuted_teacher,23,0.015273776580842353
flywire_783_mb_left_kc512_s701,444,spectral,fly,2,50,permuted_teacher,24,0.015271149974091593
flywire_783_mb_left_kc512_s701,444,spectral,fly,2,50,permuted_teacher,25,0.015268851321558788
flywire_783_mb_left_kc512_s701,444,spectral,fly,2,50,permuted_teacher,26,0.01526681621792816
flywire_783_mb_left_kc512_s701,444,spectral,fly,2,50,permuted_teacher,27,0.015264872863411104
flywire_783_mb_left_kc512_s701,444,spectral,fly,2,50,permuted_teacher,28,0.01526304329898083
flywire_783_mb_left_kc512_s701,444,spectral,fly,2,50,permuted_teacher,29,0.015261358608547626
flywire_783_mb_left_kc512_s701,444,spectral,fly,2,50,permuted_teacher,30,0.015259806452650886
flywire_783_mb_left_kc512_s701,444,spectral,fly,2,200,supervised,1,0.0166423803913431
flywire_783_mb_left_kc512_s701,444,spectral,fly,2,200,supervised,2,0.01604657956342668
flywire_783_mb_left_kc512_s701,444,spectral,fly,2,200,supervised,3,0.01593423523338556
flywire_783_mb_left_kc512_s701,444,spectral,fly,2,200,supervised,4,0.01590069563290248
flywire_783_mb_left_kc512_s701,444,spectral,fly,2,200,supervised,5,0.015890058927575963
flywire_783_mb_left_kc512_s701,444,spectral,fly,2,200,supervised,6,0.015885629540432246
flywire_783_mb_left_kc512_s701,444,spectral,fly,2,200,supervised,7,0.015883693502319492
flywire_783_mb_left_kc512_s701,444,spectral,fly,2,200,supervised,8,0.01588251522115294
flywire_783_mb_left_kc512_s701,444,spectral,fly,2,200,supervised,9,0.015881334927464033
flywire_783_mb_left_kc512_s701,444,spectral,fly,2,200,supervised,10,0.015880431804278426
flywire_783_mb_left_kc512_s701,444,spectral,fly,2,200,supervised,11,0.01587976121237188
flywire_783_mb_left_kc512_s701,444,spectral,fly,2,200,supervised,12,0.015879173223968972
flywire_783_mb_left_kc512_s701,444,spectral,fly,2,200,supervised,13,0.015878591938358007
flywire_783_mb_left_kc512_s701,444,spectral,fly,2,200,supervised,14,0.015878119282761463
flywire_783_mb_left_kc512_s701,444,spectral,fly,2,200,supervised,15,0.01587780213710527
flywire_783_mb_left_kc512_s701,444,spectral,fly,2,200,supervised,16,0.01587760047231178
flywire_783_mb_left_kc512_s701,444,spectral,fly,2,200,supervised,17,0.015877517737897886
flywire_783_mb_left_kc512_s701,444,spectral,fly,2,200,supervised,18,0.01587748765349299
flywire_783_mb_left_kc512_s701,444,spectral,fly,2,200,supervised,19,0.015877528572734986
flywire_783_mb_left_kc512_s701,444,spectral,fly,2,200,supervised,20,0.01587754146630117
flywire_783_mb_left_kc512_s701,444,spectral,fly,2,200,supervised,21,0.015877516467639935
flywire_783_mb_left_kc512_s701,444,spectral,fly,2,200,supervised,22,0.01587754539643569
flywire_783_mb_left_kc512_s701,444,spectral,fly,2,200,supervised,23,0.01587759707717996
flywire_783_mb_left_kc512_s701,444,spectral,fly,2,200,supervised,24,0.015877686636436118
flywire_783_mb_left_kc512_s701,444,spectral,fly,2,200,supervised,25,0.015877821485261068
flywire_783_mb_left_kc512_s701,444,spectral,fly,2,200,supervised,26,0.015877981920651173
flywire_783_mb_left_kc512_s701,444,spectral,fly,2,200,supervised,27,0.015878117085658054
flywire_783_mb_left_kc512_s701,444,spectral,fly,2,200,supervised,28,0.01587826024842968
flywire_783_mb_left_kc512_s701,444,spectral,fly,2,200,supervised,29,0.015878406044334128
flywire_783_mb_left_kc512_s701,444,spectral,fly,2,200,supervised,30,0.015878541855939756
flywire_783_mb_left_kc512_s701,444,spectral,fly,2,200,permuted_teacher,1,0.016631379242988683
flywire_783_mb_left_kc512_s701,444,spectral,fly,2,200,permuted_teacher,2,0.016021719956652566
flywire_783_mb_left_kc512_s701,444,spectral,fly,2,200,permuted_teacher,3,0.015905987146092797
flywire_783_mb_left_kc512_s701,444,spectral,fly,2,200,permuted_teacher,4,0.015871917504393266
flywire_783_mb_left_kc512_s701,444,spectral,fly,2,200,permuted_teacher,5,0.015861449325483664
flywire_783_mb_left_kc512_s701,444,spectral,fly,2,200,permuted_teacher,6,0.0158584137330786
flywire_783_mb_left_kc512_s701,444,spectral,fly,2,200,permuted_teacher,7,0.015857758983300083
flywire_783_mb_left_kc512_s701,444,spectral,fly,2,200,permuted_teacher,8,0.01585746448113193
flywire_783_mb_left_kc512_s701,444,spectral,fly,2,200,permuted_teacher,9,0.015857289676426144
flywire_783_mb_left_kc512_s701,444,spectral,fly,2,200,permuted_teacher,10,0.015857435748477568
flywire_783_mb_left_kc512_s701,444,spectral,fly,2,200,permuted_teacher,11,0.015857616271332302
flywire_783_mb_left_kc512_s701,444,spectral,fly,2,200,permuted_teacher,12,0.015857712193017348
flywire_783_mb_left_kc512_s701,444,spectral,fly,2,200,permuted_teacher,13,0.01585769285575882
flywire_783_mb_left_kc512_s701,444,spectral,fly,2,200,permuted_teacher,14,0.015857737761310848
flywire_783_mb_left_kc512_s701,444,spectral,fly,2,200,permuted_teacher,15,0.015857773218808702
flywire_783_mb_left_kc512_s701,444,spectral,fly,2,200,permuted_teacher,16,0.015857825076438382
flywire_783_mb_left_kc512_s701,444,spectral,fly,2,200,permuted_teacher,17,0.015857953374994797
flywire_783_mb_left_kc512_s701,444,spectral,fly,2,200,permuted_teacher,18,0.01585804769769404
flywire_783_mb_left_kc512_s701,444,spectral,fly,2,200,permuted_teacher,19,0.01585816839560904
flywire_783_mb_left_kc512_s701,444,spectral,fly,2,200,permuted_teacher,20,0.015858313679525178
flywire_783_mb_left_kc512_s701,444,spectral,fly,2,200,permuted_teacher,21,0.015858423231003248
flywire_783_mb_left_kc512_s701,444,spectral,fly,2,200,permuted_teacher,22,0.015858547412529827
flywire_783_mb_left_kc512_s701,444,spectral,fly,2,200,permuted_teacher,23,0.015858711645169974
flywire_783_mb_left_kc512_s701,444,spectral,fly,2,200,permuted_teacher,24,0.01585887124593365
flywire_783_mb_left_kc512_s701,444,spectral,fly,2,200,permuted_teacher,25,0.015859059341794733
flywire_783_mb_left_kc512_s701,444,spectral,fly,2,200,permuted_teacher,26,0.015859264977747624
flywire_783_mb_left_kc512_s701,444,spectral,fly,2,200,permuted_teacher,27,0.015859445158989276
flywire_783_mb_left_kc512_s701,444,spectral,fly,2,200,permuted_teacher,28,0.015859615002704736
flywire_783_mb_left_kc512_s701,444,spectral,fly,2,200,permuted_teacher,29,0.015859769004201097
flywire_783_mb_left_kc512_s701,444,spectral,fly,2,200,permuted_teacher,30,0.015859932123698208
flywire_783_mb_left_kc512_s701,444,spectral,role_shuffled,1,50,supervised,1,0.016553389220687362
flywire_783_mb_left_kc512_s701,444,spectral,role_shuffled,1,50,supervised,2,0.01604756580498341
flywire_783_mb_left_kc512_s701,444,spectral,role_shuffled,1,50,supervised,3,0.015721847573124264
flywire_783_mb_left_kc512_s701,444,spectral,role_shuffled,1,50,supervised,4,0.015511981042160835
flywire_783_mb_left_kc512_s701,444,spectral,role_shuffled,1,50,supervised,5,0.015372995186945529
flywire_783_mb_left_kc512_s701,444,spectral,role_shuffled,1,50,supervised,6,0.015279649635363317
flywire_783_mb_left_kc512_s701,444,spectral,role_shuffled,1,50,supervised,7,0.015213777949656141
flywire_783_mb_left_kc512_s701,444,spectral,role_shuffled,1,50,supervised,8,0.015165786651845157
flywire_783_mb_left_kc512_s701,444,spectral,role_shuffled,1,50,supervised,9,0.015129731424366372
flywire_783_mb_left_kc512_s701,444,spectral,role_shuffled,1,50,supervised,10,0.01510203845800681
flywire_783_mb_left_kc512_s701,444,spectral,role_shuffled,1,50,supervised,11,0.015080759464243781
flywire_783_mb_left_kc512_s701,444,spectral,role_shuffled,1,50,supervised,12,0.015063958934559236
flywire_783_mb_left_kc512_s701,444,spectral,role_shuffled,1,50,supervised,13,0.015050565571772046
flywire_783_mb_left_kc512_s701,444,spectral,role_shuffled,1,50,supervised,14,0.015039791164774373
flywire_783_mb_left_kc512_s701,444,spectral,role_shuffled,1,50,supervised,15,0.015030826913142737
flywire_783_mb_left_kc512_s701,444,spectral,role_shuffled,1,50,supervised,16,0.015023312499732077
flywire_783_mb_left_kc512_s701,444,spectral,role_shuffled,1,50,supervised,17,0.015016913525477862
flywire_783_mb_left_kc512_s701,444,spectral,role_shuffled,1,50,supervised,18,0.015011601643146768
flywire_783_mb_left_kc512_s701,444,spectral,role_shuffled,1,50,supervised,19,0.015007179230214633
flywire_783_mb_left_kc512_s701,444,spectral,role_shuffled,1,50,supervised,20,0.015003362935902485
flywire_783_mb_left_kc512_s701,444,spectral,role_shuffled,1,50,supervised,21,0.015000018273386886
flywire_783_mb_left_kc512_s701,444,spectral,role_shuffled,1,50,supervised,22,0.014996978582895294
flywire_783_mb_left_kc512_s701,444,spectral,role_shuffled,1,50,supervised,23,0.014994266193747184
flywire_783_mb_left_kc512_s701,444,spectral,role_shuffled,1,50,supervised,24,0.014991773117902703
flywire_783_mb_left_kc512_s701,444,spectral,role_shuffled,1,50,supervised,25,0.014989549541579411
flywire_783_mb_left_kc512_s701,444,spectral,role_shuffled,1,50,supervised,26,0.014987557108227354
flywire_783_mb_left_kc512_s701,444,spectral,role_shuffled,1,50,supervised,27,0.01498572265123661
flywire_783_mb_left_kc512_s701,444,spectral,role_shuffled,1,50,supervised,28,0.014983986216759006
flywire_783_mb_left_kc512_s701,444,spectral,role_shuffled,1,50,supervised,29,0.0149823677502657
flywire_783_mb_left_kc512_s701,444,spectral,role_shuffled,1,50,supervised,30,0.014980851436901014
flywire_783_mb_left_kc512_s701,444,spectral,role_shuffled,1,50,permuted_teacher,1,0.01657580184286533
flywire_783_mb_left_kc512_s701,444,spectral,role_shuffled,1,50,permuted_teacher,2,0.016086498761572712
flywire_783_mb_left_kc512_s701,444,spectral,role_shuffled,1,50,permuted_teacher,3,0.01577307674780752
flywire_783_mb_left_kc512_s701,444,spectral,role_shuffled,1,50,permuted_teacher,4,0.015572818224044814
flywire_783_mb_left_kc512_s701,444,spectral,role_shuffled,1,50,permuted_teacher,5,0.015442088465625834
flywire_783_mb_left_kc512_s701,444,spectral,role_shuffled,1,50,permuted_teacher,6,0.015354883638861408
flywire_783_mb_left_kc512_s701,444,spectral,role_shuffled,1,50,permuted_teacher,7,0.015295012588018953
flywire_783_mb_left_kc512_s701,444,spectral,role_shuffled,1,50,permuted_teacher,8,0.015251780019200047
flywire_783_mb_left_kc512_s701,444,spectral,role_shuffled,1,50,permuted_teacher,9,0.015219326723737247
flywire_783_mb_left_kc512_s701,444,spectral,role_shuffled,1,50,permuted_teacher,10,0.015195607179447198
flywire_783_mb_left_kc512_s701,444,spectral,role_shuffled,1,50,permuted_teacher,11,0.015177561453833845
flywire_783_mb_left_kc512_s701,444,spectral,role_shuffled,1,50,permuted_teacher,12,0.015163248900723285
flywire_783_mb_left_kc512_s701,444,spectral,role_shuffled,1,50,permuted_teacher,13,0.015151319643888186
flywire_783_mb_left_kc512_s701,444,spectral,role_shuffled,1,50,permuted_teacher,14,0.015141329150009932
flywire_783_mb_left_kc512_s701,444,spectral,role_shuffled,1,50,permuted_teacher,15,0.01513288728959248
flywire_783_mb_left_kc512_s701,444,spectral,role_shuffled,1,50,permuted_teacher,16,0.015125549851593832
flywire_783_mb_left_kc512_s701,444,spectral,role_shuffled,1,50,permuted_teacher,17,0.01511914535034855
flywire_783_mb_left_kc512_s701,444,spectral,role_shuffled,1,50,permuted_teacher,18,0.015113572152716429
flywire_783_mb_left_kc512_s701,444,spectral,role_shuffled,1,50,permuted_teacher,19,0.015108694780079597
flywire_783_mb_left_kc512_s701,444,spectral,role_shuffled,1,50,permuted_teacher,20,0.015104351398863354
flywire_783_mb_left_kc512_s701,444,spectral,role_shuffled,1,50,permuted_teacher,21,0.015100421852942005
flywire_783_mb_left_kc512_s701,444,spectral,role_shuffled,1,50,permuted_teacher,22,0.015096885835544133
flywire_783_mb_left_kc512_s701,444,spectral,role_shuffled,1,50,permuted_teacher,23,0.015093578674272015
flywire_783_mb_left_kc512_s701,444,spectral,role_shuffled,1,50,permuted_teacher,24,0.015090441227859946
flywire_783_mb_left_kc512_s701,444,spectral,role_shuffled,1,50,permuted_teacher,25,0.015087465352613813
flywire_783_mb_left_kc512_s701,444,spectral,role_shuffled,1,50,permuted_teacher,26,0.01508470705156768
flywire_783_mb_left_kc512_s701,444,spectral,role_shuffled,1,50,permuted_teacher,27,0.01508224694708624
flywire_783_mb_left_kc512_s701,444,spectral,role_shuffled,1,50,permuted_teacher,28,0.015079905708697251
flywire_783_mb_left_kc512_s701,444,spectral,role_shuffled,1,50,permuted_teacher,29,0.015077771325615438
flywire_783_mb_left_kc512_s701,444,spectral,role_shuffled,1,50,permuted_teacher,30,0.015075724778788303
flywire_783_mb_left_kc512_s701,444,spectral,role_shuffled,1,200,supervised,1,0.01637937728374022
flywire_783_mb_left_kc512_s701,444,spectral,role_shuffled,1,200,supervised,2,0.01584066940179572
flywire_783_mb_left_kc512_s701,444,spectral,role_shuffled,1,200,supervised,3,0.015750338386928305
flywire_783_mb_left_kc512_s701,444,spectral,role_shuffled,1,200,supervised,4,0.01572837101089158
flywire_783_mb_left_kc512_s701,444,spectral,role_shuffled,1,200,supervised,5,0.015722098500853873
flywire_783_mb_left_kc512_s701,444,spectral,role_shuffled,1,200,supervised,6,0.015719408073096543
flywire_783_mb_left_kc512_s701,444,spectral,role_shuffled,1,200,supervised,7,0.015717800287184436
flywire_783_mb_left_kc512_s701,444,spectral,role_shuffled,1,200,supervised,8,0.01571657619265558
flywire_783_mb_left_kc512_s701,444,spectral,role_shuffled,1,200,supervised,9,0.015715586521395222
flywire_783_mb_left_kc512_s701,444,spectral,role_shuffled,1,200,supervised,10,0.015714763284647593
flywire_783_mb_left_kc512_s701,444,spectral,role_shuffled,1,200,supervised,11,0.015714103984810827
flywire_783_mb_left_kc512_s701,444,spectral,role_shuffled,1,200,supervised,12,0.01571353538706727
flywire_783_mb_left_kc512_s701,444,spectral,role_shuffled,1,200,supervised,13,0.015713088771555774
flywire_783_mb_left_kc512_s701,444,spectral,role_shuffled,1,200,supervised,14,0.015712812036192635
flywire_783_mb_left_kc512_s701,444,spectral,role_shuffled,1,200,supervised,15,0.015712471111719
flywire_783_mb_left_kc512_s701,444,spectral,role_shuffled,1,200,supervised,16,0.0157121497668611
flywire_783_mb_left_kc512_s701,444,spectral,role_shuffled,1,200,supervised,17,0.015711891795231553
flywire_783_mb_left_kc512_s701,444,spectral,role_shuffled,1,200,supervised,18,0.015711627151060482
flywire_783_mb_left_kc512_s701,444,spectral,role_shuffled,1,200,supervised,19,0.015711437116547152
flywire_783_mb_left_kc512_s701,444,spectral,role_shuffled,1,200,supervised,20,0.015711274793851142
flywire_783_mb_left_kc512_s701,444,spectral,role_shuffled,1,200,supervised,21,0.015711136327892453
flywire_783_mb_left_kc512_s701,444,spectral,role_shuffled,1,200,supervised,22,0.015711033253773182
flywire_783_mb_left_kc512_s701,444,spectral,role_shuffled,1,200,supervised,23,0.01571095978426031
flywire_783_mb_left_kc512_s701,444,spectral,role_shuffled,1,200,supervised,24,0.01571091511245588
flywire_783_mb_left_kc512_s701,444,spectral,role_shuffled,1,200,supervised,25,0.01571088866302072
flywire_783_mb_left_kc512_s701,444,spectral,role_shuffled,1,200,supervised,26,0.015710888516583185
flywire_783_mb_left_kc512_s701,444,spectral,role_shuffled,1,200,supervised,27,0.015710905236250256
flywire_783_mb_left_kc512_s701,444,spectral,role_shuffled,1,200,supervised,28,0.01571093640647462
flywire_783_mb_left_kc512_s701,444,spectral,role_shuffled,1,200,supervised,29,0.01571098236521858
flywire_783_mb_left_kc512_s701,444,spectral,role_shuffled,1,200,supervised,30,0.0157110369890642
flywire_783_mb_left_kc512_s701,444,spectral,role_shuffled,1,200,permuted_teacher,1,0.016394451338262485
flywire_783_mb_left_kc512_s701,444,spectral,role_shuffled,1,200,permuted_teacher,2,0.015853435625739303
flywire_783_mb_left_kc512_s701,444,spectral,role_shuffled,1,200,permuted_teacher,3,0.01576646856925285
flywire_783_mb_left_kc512_s701,444,spectral,role_shuffled,1,200,permuted_teacher,4,0.015745270606199933
flywire_783_mb_left_kc512_s701,444,spectral,role_shuffled,1,200,permuted_teacher,5,0.01573933014647694
flywire_783_mb_left_kc512_s701,444,spectral,role_shuffled,1,200,permuted_teacher,6,0.015737498056076948
flywire_783_mb_left_kc512_s701,444,spectral,role_shuffled,1,200,permuted_teacher,7,0.015736499349429476
flywire_783_mb_left_kc512_s701,444,spectral,role_shuffled,1,200,permuted_teacher,8,0.015735443933783302
flywire_783_mb_left_kc512_s701,444,spectral,role_shuffled,1,200,permuted_teacher,9,0.015734617863506318
flywire_783_mb_left_kc512_s701,444,spectral,role_shuffled,1,200,permuted_teacher,10,0.015733909986703553
flywire_783_mb_left_kc512_s701,444,spectral,role_shuffled,1,200,permuted_teacher,11,0.015733218786157722
flywire_783_mb_left_kc512_s701,444,spectral,role_shuffled,1,200,permuted_teacher,12,0.015732546983753287
flywire_783_mb_left_kc512_s701,444,spectral,role_shuffled,1,200,permuted_teacher,13,0.015732038949913447
flywire_783_mb_left_kc512_s701,444,spectral,role_shuffled,1,200,permuted_teacher,14,0.01573162962836143
flywire_783_mb_left_kc512_s701,444,spectral,role_shuffled,1,200,permuted_teacher,15,0.015731324586447493
flywire_783_mb_left_kc512_s701,444,spectral,role_shuffled,1,200,permuted_teacher,16,0.01573106138638317
flywire_783_mb_left_kc512_s701,444,spectral,role_shuffled,1,200,permuted_teacher,17,0.015730784814303424
flywire_783_mb_left_kc512_s701,444,spectral,role_shuffled,1,200,permuted_teacher,18,0.01573046776008774
flywire_783_mb_left_kc512_s701,444,spectral,role_shuffled,1,200,permuted_teacher,19,0.015730163968860993
flywire_783_mb_left_kc512_s701,444,spectral,role_shuffled,1,200,permuted_teacher,20,0.01572988143147659
flywire_783_mb_left_kc512_s701,444,spectral,role_shuffled,1,200,permuted_teacher,21,0.015729658075136974
flywire_783_mb_left_kc512_s701,444,spectral,role_shuffled,1,200,permuted_teacher,22,0.01572945366820125
flywire_783_mb_left_kc512_s701,444,spectral,role_shuffled,1,200,permuted_teacher,23,0.01572926498785174
flywire_783_mb_left_kc512_s701,444,spectral,role_shuffled,1,200,permuted_teacher,24,0.015729132970617413
flywire_783_mb_left_kc512_s701,444,spectral,role_shuffled,1,200,permuted_teacher,25,0.015729023111909914
flywire_783_mb_left_kc512_s701,444,spectral,role_shuffled,1,200,permuted_teacher,26,0.01572894619698137
flywire_783_mb_left_kc512_s701,444,spectral,role_shuffled,1,200,permuted_teacher,27,0.015728908357211673
flywire_783_mb_left_kc512_s701,444,spectral,role_shuffled,1,200,permuted_teacher,28,0.015728898549821596
flywire_783_mb_left_kc512_s701,444,spectral,role_shuffled,1,200,permuted_teacher,29,0.015728893764716926
flywire_783_mb_left_kc512_s701,444,spectral,role_shuffled,1,200,permuted_teacher,30,0.015728896996258335
flywire_783_mb_left_kc512_s701,444,spectral,role_shuffled,2,50,supervised,1,0.01662538989522168
flywire_783_mb_left_kc512_s701,444,spectral,role_shuffled,2,50,supervised,2,0.01611800840710573
flywire_783_mb_left_kc512_s701,444,spectral,role_shuffled,2,50,supervised,3,0.01579566754426648
flywire_783_mb_left_kc512_s701,444,spectral,role_shuffled,2,50,supervised,4,0.015591613323896929
flywire_783_mb_left_kc512_s701,444,spectral,role_shuffled,2,50,supervised,5,0.01545906501589893
flywire_783_mb_left_kc512_s701,444,spectral,role_shuffled,2,50,supervised,6,0.01537122601169747
flywire_783_mb_left_kc512_s701,444,spectral,role_shuffled,2,50,supervised,7,0.015311277882718282
flywire_783_mb_left_kc512_s701,444,spectral,role_shuffled,2,50,supervised,8,0.015268545606962483
flywire_783_mb_left_kc512_s701,444,spectral,role_shuffled,2,50,supervised,9,0.015237675329658088
flywire_783_mb_left_kc512_s701,444,spectral,role_shuffled,2,50,supervised,10,0.01521464644499908
flywire_783_mb_left_kc512_s701,444,spectral,role_shuffled,2,50,supervised,11,0.015197410594757753
flywire_783_mb_left_kc512_s701,444,spectral,role_shuffled,2,50,supervised,12,0.015183911676068841
flywire_783_mb_left_kc512_s701,444,spectral,role_shuffled,2,50,supervised,13,0.015173120157821463
flywire_783_mb_left_kc512_s701,444,spectral,role_shuffled,2,50,supervised,14,0.015164562201973352
flywire_783_mb_left_kc512_s701,444,spectral,role_shuffled,2,50,supervised,15,0.015157822281489229
flywire_783_mb_left_kc512_s701,444,spectral,role_shuffled,2,50,supervised,16,0.015152480071808203
flywire_783_mb_left_kc512_s701,444,spectral,role_shuffled,2,50,supervised,17,0.015148062053864784
flywire_783_mb_left_kc512_s701,444,spectral,role_shuffled,2,50,supervised,18,0.015144301462614059
flywire_783_mb_left_kc512_s701,444,spectral,role_shuffled,2,50,supervised,19,0.015141165598228305
flywire_783_mb_left_kc512_s701,444,spectral,role_shuffled,2,50,supervised,20,0.015138434222024382
flywire_783_mb_left_kc512_s701,444,spectral,role_shuffled,2,50,supervised,21,0.015136077810024682
flywire_783_mb_left_kc512_s701,444,spectral,role_shuffled,2,50,supervised,22,0.015133895844021162
flywire_783_mb_left_kc512_s701,444,spectral,role_shuffled,2,50,supervised,23,0.015131903192369357
flywire_783_mb_left_kc512_s701,444,spectral,role_shuffled,2,50,supervised,24,0.015130087340014085
flywire_783_mb_left_kc512_s701,444,spectral,role_shuffled,2,50,supervised,25,0.015128459454955787
flywire_783_mb_left_kc512_s701,444,spectral,role_shuffled,2,50,supervised,26,0.015127012010497414
flywire_783_mb_left_kc512_s701,444,spectral,role_shuffled,2,50,supervised,27,0.01512573448559571
flywire_783_mb_left_kc512_s701,444,spectral,role_shuffled,2,50,supervised,28,0.0151245907055357
flywire_783_mb_left_kc512_s701,444,spectral,role_shuffled,2,50,supervised,29,0.01512353871398653
flywire_783_mb_left_kc512_s701,444,spectral,role_shuffled,2,50,supervised,30,0.015122571570430435
flywire_783_mb_left_kc512_s701,444,spectral,role_shuffled,2,50,permuted_teacher,1,0.016653725066326078
flywire_783_mb_left_kc512_s701,444,spectral,role_shuffled,2,50,permuted_teacher,2,0.016154051622013856
flywire_783_mb_left_kc512_s701,444,spectral,role_shuffled,2,50,permuted_teacher,3,0.015832858352143996
flywire_783_mb_left_kc512_s701,444,spectral,role_shuffled,2,50,permuted_teacher,4,0.01562720637229906
flywire_783_mb_left_kc512_s701,444,spectral,role_shuffled,2,50,permuted_teacher,5,0.015492528885420964
flywire_783_mb_left_kc512_s701,444,spectral,role_shuffled,2,50,permuted_teacher,6,0.01540348070031361
flywire_783_mb_left_kc512_s701,444,spectral,role_shuffled,2,50,permuted_teacher,7,0.01534178293034217
flywire_783_mb_left_kc512_s701,444,spectral,role_shuffled,2,50,permuted_teacher,8,0.015297123002100732
flywire_783_mb_left_kc512_s701,444,spectral,role_shuffled,2,50,permuted_teacher,9,0.015264702407928227
flywire_783_mb_left_kc512_s701,444,spectral,role_shuffled,2,50,permuted_teacher,10,0.015241191942055924
flywire_783_mb_left_kc512_s701,444,spectral,role_shuffled,2,50,permuted_teacher,11,0.015223578474582309
flywire_783_mb_left_kc512_s701,444,spectral,role_shuffled,2,50,permuted_teacher,12,0.015209837428024574
flywire_783_mb_left_kc512_s701,444,spectral,role_shuffled,2,50,permuted_teacher,13,0.015198917286243264
flywire_783_mb_left_kc512_s701,444,spectral,role_shuffled,2,50,permuted_teacher,14,0.015190244235989631
flywire_783_mb_left_kc512_s701,444,spectral,role_shuffled,2,50,permuted_teacher,15,0.015183146103155727
flywire_783_mb_left_kc512_s701,444,spectral,role_shuffled,2,50,permuted_teacher,16,0.015177274822488401
flywire_783_mb_left_kc512_s701,444,spectral,role_shuffled,2,50,permuted_teacher,17,0.015172421433656418
flywire_783_mb_left_kc512_s701,444,spectral,role_shuffled,2,50,permuted_teacher,18,0.015168328073538979
flywire_783_mb_left_kc512_s701,444,spectral,role_shuffled,2,50,permuted_teacher,19,0.015164741027277145
flywire_783_mb_left_kc512_s701,444,spectral,role_shuffled,2,50,permuted_teacher,20,0.015161561637529063
flywire_783_mb_left_kc512_s701,444,spectral,role_shuffled,2,50,permuted_teacher,21,0.015158754977654471
flywire_783_mb_left_kc512_s701,444,spectral,role_shuffled,2,50,permuted_teacher,22,0.015156316427265398
flywire_783_mb_left_kc512_s701,444,spectral,role_shuffled,2,50,permuted_teacher,23,0.015154226441120295
flywire_783_mb_left_kc512_s701,444,spectral,role_shuffled,2,50,permuted_teacher,24,0.015152388835848546
flywire_783_mb_left_kc512_s701,444,spectral,role_shuffled,2,50,permuted_teacher,25,0.015150710114145862
flywire_783_mb_left_kc512_s701,444,spectral,role_shuffled,2,50,permuted_teacher,26,0.015149202090011367
flywire_783_mb_left_kc512_s701,444,spectral,role_shuffled,2,50,permuted_teacher,27,0.015147828794323083
flywire_783_mb_left_kc512_s701,444,spectral,role_shuffled,2,50,permuted_teacher,28,0.015146646679900119
flywire_783_mb_left_kc512_s701,444,spectral,role_shuffled,2,50,permuted_teacher,29,0.015145563276462005
flywire_783_mb_left_kc512_s701,444,spectral,role_shuffled,2,50,permuted_teacher,30,0.015144531301404763
flywire_783_mb_left_kc512_s701,444,spectral,role_shuffled,2,200,supervised,1,0.01640615537945132
flywire_783_mb_left_kc512_s701,444,spectral,role_shuffled,2,200,supervised,2,0.01585395291670053
flywire_783_mb_left_kc512_s701,444,spectral,role_shuffled,2,200,supervised,3,0.015754962204454843
flywire_783_mb_left_kc512_s701,444,spectral,role_shuffled,2,200,supervised,4,0.015728200922151544
flywire_783_mb_left_kc512_s701,444,spectral,role_shuffled,2,200,supervised,5,0.01571976740392514
flywire_783_mb_left_kc512_s701,444,spectral,role_shuffled,2,200,supervised,6,0.015716293680883855
flywire_783_mb_left_kc512_s701,444,spectral,role_shuffled,2,200,supervised,7,0.01571478735433809
flywire_783_mb_left_kc512_s701,444,spectral,role_shuffled,2,200,supervised,8,0.015713954049695302
flywire_783_mb_left_kc512_s701,444,spectral,role_shuffled,2,200,supervised,9,0.015713197771755873
flywire_783_mb_left_kc512_s701,444,spectral,role_shuffled,2,200,supervised,10,0.015712661043521148
flywire_783_mb_left_kc512_s701,444,spectral,role_shuffled,2,200,supervised,11,0.015712383989528247
flywire_783_mb_left_kc512_s701,444,spectral,role_shuffled,2,200,supervised,12,0.015712218084749464
flywire_783_mb_left_kc512_s701,444,spectral,role_shuffled,2,200,supervised,13,0.01571210088320282
flywire_783_mb_left_kc512_s701,444,spectral,role_shuffled,2,200,supervised,14,0.015712109077215677
flywire_783_mb_left_kc512_s701,444,spectral,role_shuffled,2,200,supervised,15,0.01571216860603004
flywire_783_mb_left_kc512_s701,444,spectral,role_shuffled,2,200,supervised,16,0.015712202152107446
flywire_783_mb_left_kc512_s701,444,spectral,role_shuffled,2,200,supervised,17,0.015712250244315953
flywire_783_mb_left_kc512_s701,444,spectral,role_shuffled,2,200,supervised,18,0.01571235243431637
flywire_783_mb_left_kc512_s701,444,spectral,role_shuffled,2,200,supervised,19,0.015712514593408448
flywire_783_mb_left_kc512_s701,444,spectral,role_shuffled,2,200,supervised,20,0.015712659999064398
flywire_783_mb_left_kc512_s701,444,spectral,role_shuffled,2,200,supervised,21,0.015712809838537685
flywire_783_mb_left_kc512_s701,444,spectral,role_shuffled,2,200,supervised,22,0.01571296795025016
flywire_783_mb_left_kc512_s701,444,spectral,role_shuffled,2,200,supervised,23,0.01571314629994103
flywire_783_mb_left_kc512_s701,444,spectral,role_shuffled,2,200,supervised,24,0.01571334264904352
flywire_783_mb_left_kc512_s701,444,spectral,role_shuffled,2,200,supervised,25,0.015713500744597465
flywire_783_mb_left_kc512_s701,444,spectral,role_shuffled,2,200,supervised,26,0.015713643479294156
flywire_783_mb_left_kc512_s701,444,spectral,role_shuffled,2,200,supervised,27,0.015713797354823034
flywire_783_mb_left_kc512_s701,444,spectral,role_shuffled,2,200,supervised,28,0.01571395866898057
flywire_783_mb_left_kc512_s701,444,spectral,role_shuffled,2,200,supervised,29,0.0157141212707849
flywire_783_mb_left_kc512_s701,444,spectral,role_shuffled,2,200,supervised,30,0.015714276874495635
flywire_783_mb_left_kc512_s701,444,spectral,role_shuffled,2,200,permuted_teacher,1,0.016427576791131885
flywire_783_mb_left_kc512_s701,444,spectral,role_shuffled,2,200,permuted_teacher,2,0.01588148640206998
flywire_783_mb_left_kc512_s701,444,spectral,role_shuffled,2,200,permuted_teacher,3,0.015786955228064833
flywire_783_mb_left_kc512_s701,444,spectral,role_shuffled,2,200,permuted_teacher,4,0.015762255799431215
flywire_783_mb_left_kc512_s701,444,spectral,role_shuffled,2,200,permuted_teacher,5,0.015755217724220102
flywire_783_mb_left_kc512_s701,444,spectral,role_shuffled,2,200,permuted_teacher,6,0.01575320057653115
flywire_783_mb_left_kc512_s701,444,spectral,role_shuffled,2,200,permuted_teacher,7,0.015752563912174677
flywire_783_mb_left_kc512_s701,444,spectral,role_shuffled,2,200,permuted_teacher,8,0.015752239074852913
flywire_783_mb_left_kc512_s701,444,spectral,role_shuffled,2,200,permuted_teacher,9,0.015752158144066317
flywire_783_mb_left_kc512_s701,444,spectral,role_shuffled,2,200,permuted_teacher,10,0.01575230523426294
flywire_783_mb_left_kc512_s701,444,spectral,role_shuffled,2,200,permuted_teacher,11,0.015752557718052975
flywire_783_mb_left_kc512_s701,444,spectral,role_shuffled,2,200,permuted_teacher,12,0.015752828040281767
flywire_783_mb_left_kc512_s701,444,spectral,role_shuffled,2,200,permuted_teacher,13,0.015753173368907355
flywire_783_mb_left_kc512_s701,444,spectral,role_shuffled,2,200,permuted_teacher,14,0.015753532371267174
flywire_783_mb_left_kc512_s701,444,spectral,role_shuffled,2,200,permuted_teacher,15,0.015753958998563102
flywire_783_mb_left_kc512_s701,444,spectral,role_shuffled,2,200,permuted_teacher,16,0.015754404654623126
flywire_783_mb_left_kc512_s701,444,spectral,role_shuffled,2,200,permuted_teacher,17,0.015754836616222286
flywire_783_mb_left_kc512_s701,444,spectral,role_shuffled,2,200,permuted_teacher,18,0.01575528157712506
flywire_783_mb_left_kc512_s701,444,spectral,role_shuffled,2,200,permuted_teacher,19,0.015755716902025565
flywire_783_mb_left_kc512_s701,444,spectral,role_shuffled,2,200,permuted_teacher,20,0.0157561596621045
flywire_783_mb_left_kc512_s701,444,spectral,role_shuffled,2,200,permuted_teacher,21,0.015756627398412108
flywire_783_mb_left_kc512_s701,444,spectral,role_shuffled,2,200,permuted_teacher,22,0.01575710849941798
flywire_783_mb_left_kc512_s701,444,spectral,role_shuffled,2,200,permuted_teacher,23,0.01575759988339617
flywire_783_mb_left_kc512_s701,444,spectral,role_shuffled,2,200,permuted_teacher,24,0.015758052207851186
flywire_783_mb_left_kc512_s701,444,spectral,role_shuffled,2,200,permuted_teacher,25,0.015758481252311853
flywire_783_mb_left_kc512_s701,444,spectral,role_shuffled,2,200,permuted_teacher,26,0.015758906231819005
flywire_783_mb_left_kc512_s701,444,spectral,role_shuffled,2,200,permuted_teacher,27,0.015759295262936204
flywire_783_mb_left_kc512_s701,444,spectral,role_shuffled,2,200,permuted_teacher,28,0.01575964532318642
flywire_783_mb_left_kc512_s701,444,spectral,role_shuffled,2,200,permuted_teacher,29,0.01575995681278434
flywire_783_mb_left_kc512_s701,444,spectral,role_shuffled,2,200,permuted_teacher,30,0.015760257490221103
flywire_783_mb_left_kc512_s701,444,spectral,role_random,1,50,supervised,1,0.018739737735503633
flywire_783_mb_left_kc512_s701,444,spectral,role_random,1,50,supervised,2,0.0179487053027187
flywire_783_mb_left_kc512_s701,444,spectral,role_random,1,50,supervised,3,0.01747520332432445
flywire_783_mb_left_kc512_s701,444,spectral,role_random,1,50,supervised,4,0.01715097801662045
flywire_783_mb_left_kc512_s701,444,spectral,role_random,1,50,supervised,5,0.016936902389396272
flywire_783_mb_left_kc512_s701,444,spectral,role_random,1,50,supervised,6,0.01679592145697424
flywire_783_mb_left_kc512_s701,444,spectral,role_random,1,50,supervised,7,0.016699734437416923
flywire_783_mb_left_kc512_s701,444,spectral,role_random,1,50,supervised,8,0.016630797464772407
flywire_783_mb_left_kc512_s701,444,spectral,role_random,1,50,supervised,9,0.01658121801262378
flywire_783_mb_left_kc512_s701,444,spectral,role_random,1,50,supervised,10,0.01654364463037872
flywire_783_mb_left_kc512_s701,444,spectral,role_random,1,50,supervised,11,0.016514353358228973
flywire_783_mb_left_kc512_s701,444,spectral,role_random,1,50,supervised,12,0.016491579081410926
flywire_783_mb_left_kc512_s701,444,spectral,role_random,1,50,supervised,13,0.01647324127235048
flywire_783_mb_left_kc512_s701,444,spectral,role_random,1,50,supervised,14,0.016458380223599862
flywire_783_mb_left_kc512_s701,444,spectral,role_random,1,50,supervised,15,0.016446195925471876
flywire_783_mb_left_kc512_s701,444,spectral,role_random,1,50,supervised,16,0.01643601299640443
flywire_783_mb_left_kc512_s701,444,spectral,role_random,1,50,supervised,17,0.01642752974204818
flywire_783_mb_left_kc512_s701,444,spectral,role_random,1,50,supervised,18,0.016420337160796446
flywire_783_mb_left_kc512_s701,444,spectral,role_random,1,50,supervised,19,0.016414383790273195
flywire_783_mb_left_kc512_s701,444,spectral,role_random,1,50,supervised,20,0.016409244987284192
flywire_783_mb_left_kc512_s701,444,spectral,role_random,1,50,supervised,21,0.01640475981089236
flywire_783_mb_left_kc512_s701,444,spectral,role_random,1,50,supervised,22,0.016400862241017913
flywire_783_mb_left_kc512_s701,444,spectral,role_random,1,50,supervised,23,0.016397453391412783
flywire_783_mb_left_kc512_s701,444,spectral,role_random,1,50,supervised,24,0.016394466055188118
flywire_783_mb_left_kc512_s701,444,spectral,role_random,1,50,supervised,25,0.016391815797004983
flywire_783_mb_left_kc512_s701,444,spectral,role_random,1,50,supervised,26,0.01638945092970805
flywire_783_mb_left_kc512_s701,444,spectral,role_random,1,50,supervised,27,0.01638736088634563
flywire_783_mb_left_kc512_s701,444,spectral,role_random,1,50,supervised,28,0.016385535780380434
flywire_783_mb_left_kc512_s701,444,spectral,role_random,1,50,supervised,29,0.016383925230267264
flywire_783_mb_left_kc512_s701,444,spectral,role_random,1,50,supervised,30,0.01638249247046171
flywire_783_mb_left_kc512_s701,444,spectral,role_random,1,50,permuted_teacher,1,0.018851677045112435
flywire_783_mb_left_kc512_s701,444,spectral,role_random,1,50,permuted_teacher,2,0.018075125327041537
flywire_783_mb_left_kc512_s701,444,spectral,role_random,1,50,permuted_teacher,3,0.017612969631387573
flywire_783_mb_left_kc512_s701,444,spectral,role_random,1,50,permuted_teacher,4,0.01729482269647083
flywire_783_mb_left_kc512_s701,444,spectral,role_random,1,50,permuted_teacher,5,0.017085603364221012
flywire_783_mb_left_kc512_s701,444,spectral,role_random,1,50,permuted_teacher,6,0.01694963746090027
flywire_783_mb_left_kc512_s701,444,spectral,role_random,1,50,permuted_teacher,7,0.016857146708989024
flywire_783_mb_left_kc512_s701,444,spectral,role_random,1,50,permuted_teacher,8,0.01679038912526136
flywire_783_mb_left_kc512_s701,444,spectral,role_random,1,50,permuted_teacher,9,0.01674169847337958
flywire_783_mb_left_kc512_s701,444,spectral,role_random,1,50,permuted_teacher,10,0.016705811389318873
flywire_783_mb_left_kc512_s701,444,spectral,role_random,1,50,permuted_teacher,11,0.016677685383697693
flywire_783_mb_left_kc512_s701,444,spectral,role_random,1,50,permuted_teacher,12,0.016655248410321642
flywire_783_mb_left_kc512_s701,444,spectral,role_random,1,50,permuted_teacher,13,0.016637234280762525
flywire_783_mb_left_kc512_s701,444,spectral,role_random,1,50,permuted_teacher,14,0.016622826397811593
flywire_783_mb_left_kc512_s701,444,spectral,role_random,1,50,permuted_teacher,15,0.01661084765858964
flywire_783_mb_left_kc512_s701,444,spectral,role_random,1,50,permuted_teacher,16,0.016600795068466994
flywire_783_mb_left_kc512_s701,444,spectral,role_random,1,50,permuted_teacher,17,0.016592587785859036
flywire_783_mb_left_kc512_s701,444,spectral,role_random,1,50,permuted_teacher,18,0.01658576581413365
flywire_783_mb_left_kc512_s701,444,spectral,role_random,1,50,permuted_teacher,19,0.016579947307831137
flywire_783_mb_left_kc512_s701,444,spectral,role_random,1,50,permuted_teacher,20,0.016574828771719213
flywire_783_mb_left_kc512_s701,444,spectral,role_random,1,50,permuted_teacher,21,0.016570297863359323
flywire_783_mb_left_kc512_s701,444,spectral,role_random,1,50,permuted_teacher,22,0.016566241925274325
flywire_783_mb_left_kc512_s701,444,spectral,role_random,1,50,permuted_teacher,23,0.016562575034887683
flywire_783_mb_left_kc512_s701,444,spectral,role_random,1,50,permuted_teacher,24,0.016559270871245348
flywire_783_mb_left_kc512_s701,444,spectral,role_random,1,50,permuted_teacher,25,0.016556281754567168
flywire_783_mb_left_kc512_s701,444,spectral,role_random,1,50,permuted_teacher,26,0.01655360183479659
flywire_783_mb_left_kc512_s701,444,spectral,role_random,1,50,permuted_teacher,27,0.01655120318252535
flywire_783_mb_left_kc512_s701,444,spectral,role_random,1,50,permuted_teacher,28,0.016549062450514015
flywire_783_mb_left_kc512_s701,444,spectral,role_random,1,50,permuted_teacher,29,0.01654716042172538
flywire_783_mb_left_kc512_s701,444,spectral,role_random,1,50,permuted_teacher,30,0.01654546252162127
flywire_783_mb_left_kc512_s701,444,spectral,role_random,1,200,supervised,1,0.018181832881229865
flywire_783_mb_left_kc512_s701,444,spectral,role_random,1,200,supervised,2,0.017288824784928165
flywire_783_mb_left_kc512_s701,444,spectral,role_random,1,200,supervised,3,0.017098997400937965
flywire_783_mb_left_kc512_s701,444,spectral,role_random,1,200,supervised,4,0.017032341789141602
flywire_783_mb_left_kc512_s701,444,spectral,role_random,1,200,supervised,5,0.01700247971303883
flywire_783_mb_left_kc512_s701,444,spectral,role_random,1,200,supervised,6,0.016986895908626606
flywire_783_mb_left_kc512_s701,444,spectral,role_random,1,200,supervised,7,0.016977977653714723
flywire_783_mb_left_kc512_s701,444,spectral,role_random,1,200,supervised,8,0.016972514026725782
flywire_783_mb_left_kc512_s701,444,spectral,role_random,1,200,supervised,9,0.016968834849420782
flywire_783_mb_left_kc512_s701,444,spectral,role_random,1,200,supervised,10,0.01696620234314478
flywire_783_mb_left_kc512_s701,444,spectral,role_random,1,200,supervised,11,0.016964350867147666
flywire_783_mb_left_kc512_s701,444,spectral,role_random,1,200,supervised,12,0.016962964914028097
flywire_783_mb_left_kc512_s701,444,spectral,role_random,1,200,supervised,13,0.016961894686744722
flywire_783_mb_left_kc512_s701,444,spectral,role_random,1,200,supervised,14,0.01696109321924905
flywire_783_mb_left_kc512_s701,444,spectral,role_random,1,200,supervised,15,0.016960524372846404
flywire_783_mb_left_kc512_s701,444,spectral,role_random,1,200,supervised,16,0.01696006058015461
flywire_783_mb_left_kc512_s701,444,spectral,role_random,1,200,supervised,17,0.016959674100512016
flywire_783_mb_left_kc512_s701,444,spectral,role_random,1,200,supervised,18,0.016959373377040565
flywire_783_mb_left_kc512_s701,444,spectral,role_random,1,200,supervised,19,0.016959118400938847
flywire_783_mb_left_kc512_s701,444,spectral,role_random,1,200,supervised,20,0.016958899135051303
flywire_783_mb_left_kc512_s701,444,spectral,role_random,1,200,supervised,21,0.01695871183526468
flywire_783_mb_left_kc512_s701,444,spectral,role_random,1,200,supervised,22,0.016958551348743463
flywire_783_mb_left_kc512_s701,444,spectral,role_random,1,200,supervised,23,0.016958411521655455
flywire_783_mb_left_kc512_s701,444,spectral,role_random,1,200,supervised,24,0.016958292509611214
flywire_783_mb_left_kc512_s701,444,spectral,role_random,1,200,supervised,25,0.016958188002901775
flywire_783_mb_left_kc512_s701,444,spectral,role_random,1,200,supervised,26,0.01695809551372053
flywire_783_mb_left_kc512_s701,444,spectral,role_random,1,200,supervised,27,0.01695801376700765
flywire_783_mb_left_kc512_s701,444,spectral,role_random,1,200,supervised,28,0.0169579409721206
flywire_783_mb_left_kc512_s701,444,spectral,role_random,1,200,supervised,29,0.01695787571023007
flywire_783_mb_left_kc512_s701,444,spectral,role_random,1,200,supervised,30,0.01695781681966219
flywire_783_mb_left_kc512_s701,444,spectral,role_random,1,200,permuted_teacher,1,0.018232861174343706
flywire_783_mb_left_kc512_s701,444,spectral,role_random,1,200,permuted_teacher,2,0.017342372729793724
flywire_783_mb_left_kc512_s701,444,spectral,role_random,1,200,permuted_teacher,3,0.017151237974816283
flywire_783_mb_left_kc512_s701,444,spectral,role_random,1,200,permuted_teacher,4,0.017083717142413513
flywire_783_mb_left_kc512_s701,444,spectral,role_random,1,200,permuted_teacher,5,0.017052841598855707
flywire_783_mb_left_kc512_s701,444,spectral,role_random,1,200,permuted_teacher,6,0.01703612926920368
flywire_783_mb_left_kc512_s701,444,spectral,role_random,1,200,permuted_teacher,7,0.017026440519960995
flywire_783_mb_left_kc512_s701,444,spectral,role_random,1,200,permuted_teacher,8,0.017020384225781178
flywire_783_mb_left_kc512_s701,444,spectral,role_random,1,200,permuted_teacher,9,0.017016484203476685
flywire_783_mb_left_kc512_s701,444,spectral,role_random,1,200,permuted_teacher,10,0.017013690142181792
flywire_783_mb_left_kc512_s701,444,spectral,role_random,1,200,permuted_teacher,11,0.017011677085451343
flywire_783_mb_left_kc512_s701,444,spectral,role_random,1,200,permuted_teacher,12,0.017010168889706963
flywire_783_mb_left_kc512_s701,444,spectral,role_random,1,200,permuted_teacher,13,0.017009006181113343
flywire_783_mb_left_kc512_s701,444,spectral,role_random,1,200,permuted_teacher,14,0.01700814980449828
flywire_783_mb_left_kc512_s701,444,spectral,role_random,1,200,permuted_teacher,15,0.017007510014730734
flywire_783_mb_left_kc512_s701,444,spectral,role_random,1,200,permuted_teacher,16,0.017006975406633394
flywire_783_mb_left_kc512_s701,444,spectral,role_random,1,200,permuted_teacher,17,0.01700652132768337
flywire_783_mb_left_kc512_s701,444,spectral,role_random,1,200,permuted_teacher,18,0.017006138195769092
flywire_783_mb_left_kc512_s701,444,spectral,role_random,1,200,permuted_teacher,19,0.017005816696783065
flywire_783_mb_left_kc512_s701,444,spectral,role_random,1,200,permuted_teacher,20,0.01700555090222376
flywire_783_mb_left_kc512_s701,444,spectral,role_random,1,200,permuted_teacher,21,0.01700532495569999
flywire_783_mb_left_kc512_s701,444,spectral,role_random,1,200,permuted_teacher,22,0.01700512236136548
flywire_783_mb_left_kc512_s701,444,spectral,role_random,1,200,permuted_teacher,23,0.01700494499426404
flywire_783_mb_left_kc512_s701,444,spectral,role_random,1,200,permuted_teacher,24,0.0170047884636656
flywire_783_mb_left_kc512_s701,444,spectral,role_random,1,200,permuted_teacher,25,0.017004653722406247
flywire_783_mb_left_kc512_s701,444,spectral,role_random,1,200,permuted_teacher,26,0.017004538449572545
flywire_783_mb_left_kc512_s701,444,spectral,role_random,1,200,permuted_teacher,27,0.0170044449844771
flywire_783_mb_left_kc512_s701,444,spectral,role_random,1,200,permuted_teacher,28,0.01700435789421319
flywire_783_mb_left_kc512_s701,444,spectral,role_random,1,200,permuted_teacher,29,0.017004278056793446
flywire_783_mb_left_kc512_s701,444,spectral,role_random,1,200,permuted_teacher,30,0.017004204900820677
flywire_783_mb_left_kc512_s701,444,spectral,role_random,2,50,supervised,1,0.018891065912489097
flywire_783_mb_left_kc512_s701,444,spectral,role_random,2,50,supervised,2,0.018079514821883858
flywire_783_mb_left_kc512_s701,444,spectral,role_random,2,50,supervised,3,0.017597565361084606
flywire_783_mb_left_kc512_s701,444,spectral,role_random,2,50,supervised,4,0.017271285996478286
flywire_783_mb_left_kc512_s701,444,spectral,role_random,2,50,supervised,5,0.017059314820865125
flywire_783_mb_left_kc512_s701,444,spectral,role_random,2,50,supervised,6,0.016921607146515485
flywire_783_mb_left_kc512_s701,444,spectral,role_random,2,50,supervised,7,0.016826945275198738
flywire_783_mb_left_kc512_s701,444,spectral,role_random,2,50,supervised,8,0.016759324765169305
flywire_783_mb_left_kc512_s701,444,spectral,role_random,2,50,supervised,9,0.01671035153987802
flywire_783_mb_left_kc512_s701,444,spectral,role_random,2,50,supervised,10,0.016672807656542277
flywire_783_mb_left_kc512_s701,444,spectral,role_random,2,50,supervised,11,0.016642648889832294
flywire_783_mb_left_kc512_s701,444,spectral,role_random,2,50,supervised,12,0.016618703627050705
flywire_783_mb_left_kc512_s701,444,spectral,role_random,2,50,supervised,13,0.01659951037372525
flywire_783_mb_left_kc512_s701,444,spectral,role_random,2,50,supervised,14,0.01658403373386499
flywire_783_mb_left_kc512_s701,444,spectral,role_random,2,50,supervised,15,0.016571183044989574
flywire_783_mb_left_kc512_s701,444,spectral,role_random,2,50,supervised,16,0.016560570010853214
flywire_783_mb_left_kc512_s701,444,spectral,role_random,2,50,supervised,17,0.016551828431958945
flywire_783_mb_left_kc512_s701,444,spectral,role_random,2,50,supervised,18,0.016544386274008727
flywire_783_mb_left_kc512_s701,444,spectral,role_random,2,50,supervised,19,0.01653803834765362
flywire_783_mb_left_kc512_s701,444,spectral,role_random,2,50,supervised,20,0.01653256023404377
flywire_783_mb_left_kc512_s701,444,spectral,role_random,2,50,supervised,21,0.01652775399191465
flywire_783_mb_left_kc512_s701,444,spectral,role_random,2,50,supervised,22,0.01652350846531954
flywire_783_mb_left_kc512_s701,444,spectral,role_random,2,50,supervised,23,0.016519797666530462
flywire_783_mb_left_kc512_s701,444,spectral,role_random,2,50,supervised,24,0.016516584556443354
flywire_783_mb_left_kc512_s701,444,spectral,role_random,2,50,supervised,25,0.016513797219598534
flywire_783_mb_left_kc512_s701,444,spectral,role_random,2,50,supervised,26,0.016511343524348288
flywire_783_mb_left_kc512_s701,444,spectral,role_random,2,50,supervised,27,0.016509145402529075
flywire_783_mb_left_kc512_s701,444,spectral,role_random,2,50,supervised,28,0.01650718261972538
flywire_783_mb_left_kc512_s701,444,spectral,role_random,2,50,supervised,29,0.01650544866724787
flywire_783_mb_left_kc512_s701,444,spectral,role_random,2,50,supervised,30,0.016503916992448315
flywire_783_mb_left_kc512_s701,444,spectral,role_random,2,50,permuted_teacher,1,0.018967832478235726
flywire_783_mb_left_kc512_s701,444,spectral,role_random,2,50,permuted_teacher,2,0.018155649745773467
flywire_783_mb_left_kc512_s701,444,spectral,role_random,2,50,permuted_teacher,3,0.017672208527033877
flywire_783_mb_left_kc512_s701,444,spectral,role_random,2,50,permuted_teacher,4,0.017342994452286827
flywire_783_mb_left_kc512_s701,444,spectral,role_random,2,50,permuted_teacher,5,0.0171293955638907
flywire_783_mb_left_kc512_s701,444,spectral,role_random,2,50,permuted_teacher,6,0.016991683117571346
flywire_783_mb_left_kc512_s701,444,spectral,role_random,2,50,permuted_teacher,7,0.016896374230283596
flywire_783_mb_left_kc512_s701,444,spectral,role_random,2,50,permuted_teacher,8,0.016827499822114386
flywire_783_mb_left_kc512_s701,444,spectral,role_random,2,50,permuted_teacher,9,0.016777599172439237
flywire_783_mb_left_kc512_s701,444,spectral,role_random,2,50,permuted_teacher,10,0.01674014669362092
flywire_783_mb_left_kc512_s701,444,spectral,role_random,2,50,permuted_teacher,11,0.016710885396649004
flywire_783_mb_left_kc512_s701,444,spectral,role_random,2,50,permuted_teacher,12,0.016687448211832472
flywire_783_mb_left_kc512_s701,444,spectral,role_random,2,50,permuted_teacher,13,0.01666853113225236
flywire_783_mb_left_kc512_s701,444,spectral,role_random,2,50,permuted_teacher,14,0.016653261635627074
flywire_783_mb_left_kc512_s701,444,spectral,role_random,2,50,permuted_teacher,15,0.016640605350052958
flywire_783_mb_left_kc512_s701,444,spectral,role_random,2,50,permuted_teacher,16,0.01662985023031226
flywire_783_mb_left_kc512_s701,444,spectral,role_random,2,50,permuted_teacher,17,0.016620836987646534
flywire_783_mb_left_kc512_s701,444,spectral,role_random,2,50,permuted_teacher,18,0.016613262324167436
flywire_783_mb_left_kc512_s701,444,spectral,role_random,2,50,permuted_teacher,19,0.0166067137544627
flywire_783_mb_left_kc512_s701,444,spectral,role_random,2,50,permuted_teacher,20,0.01660094461212938
flywire_783_mb_left_kc512_s701,444,spectral,role_random,2,50,permuted_teacher,21,0.016595813711996726
flywire_783_mb_left_kc512_s701,444,spectral,role_random,2,50,permuted_teacher,22,0.016591298144822613
flywire_783_mb_left_kc512_s701,444,spectral,role_random,2,50,permuted_teacher,23,0.01658725578849683
flywire_783_mb_left_kc512_s701,444,spectral,role_random,2,50,permuted_teacher,24,0.016583611085486945
flywire_783_mb_left_kc512_s701,444,spectral,role_random,2,50,permuted_teacher,25,0.016580291264936993
flywire_783_mb_left_kc512_s701,444,spectral,role_random,2,50,permuted_teacher,26,0.016577302012401728
flywire_783_mb_left_kc512_s701,444,spectral,role_random,2,50,permuted_teacher,27,0.01657459570782903
flywire_783_mb_left_kc512_s701,444,spectral,role_random,2,50,permuted_teacher,28,0.016572206192410344
flywire_783_mb_left_kc512_s701,444,spectral,role_random,2,50,permuted_teacher,29,0.01657006056534953
flywire_783_mb_left_kc512_s701,444,spectral,role_random,2,50,permuted_teacher,30,0.01656812357846846
flywire_783_mb_left_kc512_s701,444,spectral,role_random,2,200,supervised,1,0.018227186708451224
flywire_783_mb_left_kc512_s701,444,spectral,role_random,2,200,supervised,2,0.017331547471367396
flywire_783_mb_left_kc512_s701,444,spectral,role_random,2,200,supervised,3,0.017133882109778287
flywire_783_mb_left_kc512_s701,444,spectral,role_random,2,200,supervised,4,0.017061570887644265
flywire_783_mb_left_kc512_s701,444,spectral,role_random,2,200,supervised,5,0.017028451788118678
flywire_783_mb_left_kc512_s701,444,spectral,role_random,2,200,supervised,6,0.017010561443808195
flywire_783_mb_left_kc512_s701,444,spectral,role_random,2,200,supervised,7,0.017000098481295176
flywire_783_mb_left_kc512_s701,444,spectral,role_random,2,200,supervised,8,0.016993404714123087
flywire_783_mb_left_kc512_s701,444,spectral,role_random,2,200,supervised,9,0.016988912021764075
flywire_783_mb_left_kc512_s701,444,spectral,role_random,2,200,supervised,10,0.01698574105665425
flywire_783_mb_left_kc512_s701,444,spectral,role_random,2,200,supervised,11,0.01698337311098402
flywire_783_mb_left_kc512_s701,444,spectral,role_random,2,200,supervised,12,0.01698155321713055
flywire_783_mb_left_kc512_s701,444,spectral,role_random,2,200,supervised,13,0.016980148523587528
flywire_783_mb_left_kc512_s701,444,spectral,role_random,2,200,supervised,14,0.01697903897554089
flywire_783_mb_left_kc512_s701,444,spectral,role_random,2,200,supervised,15,0.0169781698046434
flywire_783_mb_left_kc512_s701,444,spectral,role_random,2,200,supervised,16,0.016977488260053523
flywire_783_mb_left_kc512_s701,444,spectral,role_random,2,200,supervised,17,0.016976918923141696
flywire_783_mb_left_kc512_s701,444,spectral,role_random,2,200,supervised,18,0.016976491948849644
flywire_783_mb_left_kc512_s701,444,spectral,role_random,2,200,supervised,19,0.016976155499749044
flywire_783_mb_left_kc512_s701,444,spectral,role_random,2,200,supervised,20,0.016975875281387772
flywire_783_mb_left_kc512_s701,444,spectral,role_random,2,200,supervised,21,0.016975639831553972
flywire_783_mb_left_kc512_s701,444,spectral,role_random,2,200,supervised,22,0.016975438200792475
flywire_783_mb_left_kc512_s701,444,spectral,role_random,2,200,supervised,23,0.016975274063975813
flywire_783_mb_left_kc512_s701,444,spectral,role_random,2,200,supervised,24,0.016975137301461163
flywire_783_mb_left_kc512_s701,444,spectral,role_random,2,200,supervised,25,0.016975018417859193
flywire_783_mb_left_kc512_s701,444,spectral,role_random,2,200,supervised,26,0.01697491472133138
flywire_783_mb_left_kc512_s701,444,spectral,role_random,2,200,supervised,27,0.016974826258772564
flywire_783_mb_left_kc512_s701,444,spectral,role_random,2,200,supervised,28,0.0169747455452971
flywire_783_mb_left_kc512_s701,444,spectral,role_random,2,200,supervised,29,0.01697467049385983
flywire_783_mb_left_kc512_s701,444,spectral,role_random,2,200,supervised,30,0.016974604020704685
flywire_783_mb_left_kc512_s701,444,spectral,role_random,2,200,permuted_teacher,1,0.018269131855198465
flywire_783_mb_left_kc512_s701,444,spectral,role_random,2,200,permuted_teacher,2,0.0173911276558295
flywire_783_mb_left_kc512_s701,444,spectral,role_random,2,200,permuted_teacher,3,0.017202387983554324
flywire_783_mb_left_kc512_s701,444,spectral,role_random,2,200,permuted_teacher,4,0.01713633317707738
flywire_783_mb_left_kc512_s701,444,spectral,role_random,2,200,permuted_teacher,5,0.01710659003493804
flywire_783_mb_left_kc512_s701,444,spectral,role_random,2,200,permuted_teacher,6,0.017090796650232977
flywire_783_mb_left_kc512_s701,444,spectral,role_random,2,200,permuted_teacher,7,0.01708149378243827
flywire_783_mb_left_kc512_s701,444,spectral,role_random,2,200,permuted_teacher,8,0.017075712035658865
flywire_783_mb_left_kc512_s701,444,spectral,role_random,2,200,permuted_teacher,9,0.017071936807539167
flywire_783_mb_left_kc512_s701,444,spectral,role_random,2,200,permuted_teacher,10,0.01706932765315065
flywire_783_mb_left_kc512_s701,444,spectral,role_random,2,200,permuted_teacher,11,0.017067499075208648
flywire_783_mb_left_kc512_s701,444,spectral,role_random,2,200,permuted_teacher,12,0.017066185481534796
flywire_783_mb_left_kc512_s701,444,spectral,role_random,2,200,permuted_teacher,13,0.01706521313087463
flywire_783_mb_left_kc512_s701,444,spectral,role_random,2,200,permuted_teacher,14,0.01706447554005333
flywire_783_mb_left_kc512_s701,444,spectral,role_random,2,200,permuted_teacher,15,0.017063910782517937
flywire_783_mb_left_kc512_s701,444,spectral,role_random,2,200,permuted_teacher,16,0.017063472834724203
flywire_783_mb_left_kc512_s701,444,spectral,role_random,2,200,permuted_teacher,17,0.01706309588116855
flywire_783_mb_left_kc512_s701,444,spectral,role_random,2,200,permuted_teacher,18,0.017062811597554267
flywire_783_mb_left_kc512_s701,444,spectral,role_random,2,200,permuted_teacher,19,0.017062589895407817
flywire_783_mb_left_kc512_s701,444,spectral,role_random,2,200,permuted_teacher,20,0.01706241085706003
flywire_783_mb_left_kc512_s701,444,spectral,role_random,2,200,permuted_teacher,21,0.017062263810462094
flywire_783_mb_left_kc512_s701,444,spectral,role_random,2,200,permuted_teacher,22,0.017062144578081747
flywire_783_mb_left_kc512_s701,444,spectral,role_random,2,200,permuted_teacher,23,0.017062048210868166
flywire_783_mb_left_kc512_s701,444,spectral,role_random,2,200,permuted_teacher,24,0.017061969999279447
flywire_783_mb_left_kc512_s701,444,spectral,role_random,2,200,permuted_teacher,25,0.01706190603823161
flywire_783_mb_left_kc512_s701,444,spectral,role_random,2,200,permuted_teacher,26,0.01706184922225423
flywire_783_mb_left_kc512_s701,444,spectral,role_random,2,200,permuted_teacher,27,0.01706180205927275
flywire_783_mb_left_kc512_s701,444,spectral,role_random,2,200,permuted_teacher,28,0.01706176228182049
flywire_783_mb_left_kc512_s701,444,spectral,role_random,2,200,permuted_teacher,29,0.017061730830940383
flywire_783_mb_left_kc512_s701,444,spectral,role_random,2,200,permuted_teacher,30,0.017061705526699077
flywire_783_mb_left_kc512_s701,444,incoming_l1,fly,1,50,supervised,1,0.014634675310950968
flywire_783_mb_left_kc512_s701,444,incoming_l1,fly,1,50,supervised,2,0.014310628381416227
flywire_783_mb_left_kc512_s701,444,incoming_l1,fly,1,50,supervised,3,0.01408172250792526
flywire_783_mb_left_kc512_s701,444,incoming_l1,fly,1,50,supervised,4,0.013918662877695047
flywire_783_mb_left_kc512_s701,444,incoming_l1,fly,1,50,supervised,5,0.013796798938874658
flywire_783_mb_left_kc512_s701,444,incoming_l1,fly,1,50,supervised,6,0.013701497386653315
flywire_783_mb_left_kc512_s701,444,incoming_l1,fly,1,50,supervised,7,0.013627216001267341
flywire_783_mb_left_kc512_s701,444,incoming_l1,fly,1,50,supervised,8,0.013570570260367327
flywire_783_mb_left_kc512_s701,444,incoming_l1,fly,1,50,supervised,9,0.01352570279548395
flywire_783_mb_left_kc512_s701,444,incoming_l1,fly,1,50,supervised,10,0.013490139994916085
flywire_783_mb_left_kc512_s701,444,incoming_l1,fly,1,50,supervised,11,0.013461832497859053
flywire_783_mb_left_kc512_s701,444,incoming_l1,fly,1,50,supervised,12,0.013438529227699164
flywire_783_mb_left_kc512_s701,444,incoming_l1,fly,1,50,supervised,13,0.013419425157576135
flywire_783_mb_left_kc512_s701,444,incoming_l1,fly,1,50,supervised,14,0.01340403485489671
flywire_783_mb_left_kc512_s701,444,incoming_l1,fly,1,50,supervised,15,0.01339094392579644
flywire_783_mb_left_kc512_s701,444,incoming_l1,fly,1,50,supervised,16,0.013379374920131882
flywire_783_mb_left_kc512_s701,444,incoming_l1,fly,1,50,supervised,17,0.013369182603798685
flywire_783_mb_left_kc512_s701,444,incoming_l1,fly,1,50,supervised,18,0.013360417372301191
flywire_783_mb_left_kc512_s701,444,incoming_l1,fly,1,50,supervised,19,0.013352431345535695
flywire_783_mb_left_kc512_s701,444,incoming_l1,fly,1,50,supervised,20,0.013345122797041335
flywire_783_mb_left_kc512_s701,444,incoming_l1,fly,1,50,supervised,21,0.013338808068807865
flywire_783_mb_left_kc512_s701,444,incoming_l1,fly,1,50,supervised,22,0.013333296971633619
flywire_783_mb_left_kc512_s701,444,incoming_l1,fly,1,50,supervised,23,0.013328219069285632
flywire_783_mb_left_kc512_s701,444,incoming_l1,fly,1,50,supervised,24,0.013323531804245805
flywire_783_mb_left_kc512_s701,444,incoming_l1,fly,1,50,supervised,25,0.01331964031053332
flywire_783_mb_left_kc512_s701,444,incoming_l1,fly,1,50,supervised,26,0.013316083859077905
flywire_783_mb_left_kc512_s701,444,incoming_l1,fly,1,50,supervised,27,0.013312759606703152
flywire_783_mb_left_kc512_s701,444,incoming_l1,fly,1,50,supervised,28,0.013309732820355235
flywire_783_mb_left_kc512_s701,444,incoming_l1,fly,1,50,supervised,29,0.013306981949654885
flywire_783_mb_left_kc512_s701,444,incoming_l1,fly,1,50,supervised,30,0.013304355556760409
flywire_783_mb_left_kc512_s701,444,incoming_l1,fly,1,50,permuted_teacher,1,0.014649557207298347
flywire_783_mb_left_kc512_s701,444,incoming_l1,fly,1,50,permuted_teacher,2,0.014355628579556938
flywire_783_mb_left_kc512_s701,444,incoming_l1,fly,1,50,permuted_teacher,3,0.014150542905746324
flywire_783_mb_left_kc512_s701,444,incoming_l1,fly,1,50,permuted_teacher,4,0.014006896445401075
flywire_783_mb_left_kc512_s701,444,incoming_l1,fly,1,50,permuted_teacher,5,0.013901314266683824
flywire_783_mb_left_kc512_s701,444,incoming_l1,fly,1,50,permuted_teacher,6,0.013818812056231995
flywire_783_mb_left_kc512_s701,444,incoming_l1,fly,1,50,permuted_teacher,7,0.013753424346547902
flywire_783_mb_left_kc512_s701,444,incoming_l1,fly,1,50,permuted_teacher,8,0.013701688922197036
flywire_783_mb_left_kc512_s701,444,incoming_l1,fly,1,50,permuted_teacher,9,0.013660670694535441
flywire_783_mb_left_kc512_s701,444,incoming_l1,fly,1,50,permuted_teacher,10,0.013627302826001988
flywire_783_mb_left_kc512_s701,444,incoming_l1,fly,1,50,permuted_teacher,11,0.01360041288772338
flywire_783_mb_left_kc512_s701,444,incoming_l1,fly,1,50,permuted_teacher,12,0.013578217518161358
flywire_783_mb_left_kc512_s701,444,incoming_l1,fly,1,50,permuted_teacher,13,0.013559457232347414
flywire_783_mb_left_kc512_s701,444,incoming_l1,fly,1,50,permuted_teacher,14,0.013543432178802411
flywire_783_mb_left_kc512_s701,444,incoming_l1,fly,1,50,permuted_teacher,15,0.013529939490356937
flywire_783_mb_left_kc512_s701,444,incoming_l1,fly,1,50,permuted_teacher,16,0.013518409974258298
flywire_783_mb_left_kc512_s701,444,incoming_l1,fly,1,50,permuted_teacher,17,0.013508138373206118
flywire_783_mb_left_kc512_s701,444,incoming_l1,fly,1,50,permuted_teacher,18,0.013499008096497024
flywire_783_mb_left_kc512_s701,444,incoming_l1,fly,1,50,permuted_teacher,19,0.013490745017874338
flywire_783_mb_left_kc512_s701,444,incoming_l1,fly,1,50,permuted_teacher,20,0.013483268157247132
flywire_783_mb_left_kc512_s701,444,incoming_l1,fly,1,50,permuted_teacher,21,0.013476822885209275
flywire_783_mb_left_kc512_s701,444,incoming_l1,fly,1,50,permuted_teacher,22,0.013471111475543841
flywire_783_mb_left_kc512_s701,444,incoming_l1,fly,1,50,permuted_teacher,23,0.013465760712180152
flywire_783_mb_left_kc512_s701,444,incoming_l1,fly,1,50,permuted_teacher,24,0.013460909500581719
flywire_783_mb_left_kc512_s701,444,incoming_l1,fly,1,50,permuted_teacher,25,0.013456559456091158
flywire_783_mb_left_kc512_s701,444,incoming_l1,fly,1,50,permuted_teacher,26,0.013452759477884548
flywire_783_mb_left_kc512_s701,444,incoming_l1,fly,1,50,permuted_teacher,27,0.013449282410260957
flywire_783_mb_left_kc512_s701,444,incoming_l1,fly,1,50,permuted_teacher,28,0.0134459673177143
flywire_783_mb_left_kc512_s701,444,incoming_l1,fly,1,50,permuted_teacher,29,0.013442834220147507
flywire_783_mb_left_kc512_s701,444,incoming_l1,fly,1,50,permuted_teacher,30,0.01343987151769579
flywire_783_mb_left_kc512_s701,444,incoming_l1,fly,1,200,supervised,1,0.014356663939461108
flywire_783_mb_left_kc512_s701,444,incoming_l1,fly,1,200,supervised,2,0.013910177635695761
flywire_783_mb_left_kc512_s701,444,incoming_l1,fly,1,200,supervised,3,0.013721756391476174
flywire_783_mb_left_kc512_s701,444,incoming_l1,fly,1,200,supervised,4,0.013627730597703605
flywire_783_mb_left_kc512_s701,444,incoming_l1,fly,1,200,supervised,5,0.013578840151145131
flywire_783_mb_left_kc512_s701,444,incoming_l1,fly,1,200,supervised,6,0.013549843384173579
flywire_783_mb_left_kc512_s701,444,incoming_l1,fly,1,200,supervised,7,0.013530354288486661
flywire_783_mb_left_kc512_s701,444,incoming_l1,fly,1,200,supervised,8,0.013516909269359344
flywire_783_mb_left_kc512_s701,444,incoming_l1,fly,1,200,supervised,9,0.013507531480177073
flywire_783_mb_left_kc512_s701,444,incoming_l1,fly,1,200,supervised,10,0.013500288047144803
flywire_783_mb_left_kc512_s701,444,incoming_l1,fly,1,200,supervised,11,0.013494463592821299
flywire_783_mb_left_kc512_s701,444,incoming_l1,fly,1,200,supervised,12,0.013490166751382886
flywire_783_mb_left_kc512_s701,444,incoming_l1,fly,1,200,supervised,13,0.013486445398061117
flywire_783_mb_left_kc512_s701,444,incoming_l1,fly,1,200,supervised,14,0.013483164077340222
flywire_783_mb_left_kc512_s701,444,incoming_l1,fly,1,200,supervised,15,0.013480331630419973
flywire_783_mb_left_kc512_s701,444,incoming_l1,fly,1,200,supervised,16,0.013477909369600681
flywire_783_mb_left_kc512_s701,444,incoming_l1,fly,1,200,supervised,17,0.013476217878141098
flywire_783_mb_left_kc512_s701,444,incoming_l1,fly,1,200,supervised,18,0.0134748344787427
flywire_783_mb_left_kc512_s701,444,incoming_l1,fly,1,200,supervised,19,0.013473554563856578
flywire_783_mb_left_kc512_s701,444,incoming_l1,fly,1,200,supervised,20,0.013472461051038909
flywire_783_mb_left_kc512_s701,444,incoming_l1,fly,1,200,supervised,21,0.013471587094816554
flywire_783_mb_left_kc512_s701,444,incoming_l1,fly,1,200,supervised,22,0.01347099689271147
flywire_783_mb_left_kc512_s701,444,incoming_l1,fly,1,200,supervised,23,0.013470456836360757
flywire_783_mb_left_kc512_s701,444,incoming_l1,fly,1,200,supervised,24,0.013469975788677372
flywire_783_mb_left_kc512_s701,444,incoming_l1,fly,1,200,supervised,25,0.013469593449216808
flywire_783_mb_left_kc512_s701,444,incoming_l1,fly,1,200,supervised,26,0.013469287194129197
flywire_783_mb_left_kc512_s701,444,incoming_l1,fly,1,200,supervised,27,0.013469037959926879
flywire_783_mb_left_kc512_s701,444,incoming_l1,fly,1,200,supervised,28,0.013468797412419615
flywire_783_mb_left_kc512_s701,444,incoming_l1,fly,1,200,supervised,29,0.013468560991029468
flywire_783_mb_left_kc512_s701,444,incoming_l1,fly,1,200,supervised,30,0.013468333011897654
flywire_783_mb_left_kc512_s701,444,incoming_l1,fly,1,200,permuted_teacher,1,0.014340074744979992
flywire_783_mb_left_kc512_s701,444,incoming_l1,fly,1,200,permuted_teacher,2,0.013866377575296754
flywire_783_mb_left_kc512_s701,444,incoming_l1,fly,1,200,permuted_teacher,3,0.013667068918180484
flywire_783_mb_left_kc512_s701,444,incoming_l1,fly,1,200,permuted_teacher,4,0.01356573923752297
flywire_783_mb_left_kc512_s701,444,incoming_l1,fly,1,200,permuted_teacher,5,0.013512185176662798
flywire_783_mb_left_kc512_s701,444,incoming_l1,fly,1,200,permuted_teacher,6,0.013480242178142924
flywire_783_mb_left_kc512_s701,444,incoming_l1,fly,1,200,permuted_teacher,7,0.013458463940301871
flywire_783_mb_left_kc512_s701,444,incoming_l1,fly,1,200,permuted_teacher,8,0.013443042893659643
flywire_783_mb_left_kc512_s701,444,incoming_l1,fly,1,200,permuted_teacher,9,0.013432378264847288
flywire_783_mb_left_kc512_s701,444,incoming_l1,fly,1,200,permuted_teacher,10,0.013424102269157773
flywire_783_mb_left_kc512_s701,444,incoming_l1,fly,1,200,permuted_teacher,11,0.013417786683071378
flywire_783_mb_left_kc512_s701,444,incoming_l1,fly,1,200,permuted_teacher,12,0.013413001860996619
flywire_783_mb_left_kc512_s701,444,incoming_l1,fly,1,200,permuted_teacher,13,0.013408990668296254
flywire_783_mb_left_kc512_s701,444,incoming_l1,fly,1,200,permuted_teacher,14,0.013405504782686376
flywire_783_mb_left_kc512_s701,444,incoming_l1,fly,1,200,permuted_teacher,15,0.013402418087782728
flywire_783_mb_left_kc512_s701,444,incoming_l1,fly,1,200,permuted_teacher,16,0.013399792436710013
flywire_783_mb_left_kc512_s701,444,incoming_l1,fly,1,200,permuted_teacher,17,0.013398116898608434
flywire_783_mb_left_kc512_s701,444,incoming_l1,fly,1,200,permuted_teacher,18,0.013397202875599017
flywire_783_mb_left_kc512_s701,444,incoming_l1,fly,1,200,permuted_teacher,19,0.01339640716351879
flywire_783_mb_left_kc512_s701,444,incoming_l1,fly,1,200,permuted_teacher,20,0.013395720631344867
flywire_783_mb_left_kc512_s701,444,incoming_l1,fly,1,200,permuted_teacher,21,0.013395205878739188
flywire_783_mb_left_kc512_s701,444,incoming_l1,fly,1,200,permuted_teacher,22,0.013394852179501157
flywire_783_mb_left_kc512_s701,444,incoming_l1,fly,1,200,permuted_teacher,23,0.01339461083701314
flywire_783_mb_left_kc512_s701,444,incoming_l1,fly,1,200,permuted_teacher,24,0.013394434293496025
flywire_783_mb_left_kc512_s701,444,incoming_l1,fly,1,200,permuted_teacher,25,0.013394294183810666
flywire_783_mb_left_kc512_s701,444,incoming_l1,fly,1,200,permuted_teacher,26,0.013394163224181084
flywire_783_mb_left_kc512_s701,444,incoming_l1,fly,1,200,permuted_teacher,27,0.01339404521754366
flywire_783_mb_left_kc512_s701,444,incoming_l1,fly,1,200,permuted_teacher,28,0.013393924778268677
flywire_783_mb_left_kc512_s701,444,incoming_l1,fly,1,200,permuted_teacher,29,0.013393823881017529
flywire_783_mb_left_kc512_s701,444,incoming_l1,fly,1,200,permuted_teacher,30,0.013393742406650646
flywire_783_mb_left_kc512_s701,444,incoming_l1,fly,2,50,supervised,1,0.014650224477969036
flywire_783_mb_left_kc512_s701,444,incoming_l1,fly,2,50,supervised,2,0.014319892317669896
flywire_783_mb_left_kc512_s701,444,incoming_l1,fly,2,50,supervised,3,0.014089663470299562
flywire_783_mb_left_kc512_s701,444,incoming_l1,fly,2,50,supervised,4,0.013927751884690438
flywire_783_mb_left_kc512_s701,444,incoming_l1,fly,2,50,supervised,5,0.013807025192295617
flywire_783_mb_left_kc512_s701,444,incoming_l1,fly,2,50,supervised,6,0.013712533855185784
flywire_783_mb_left_kc512_s701,444,incoming_l1,fly,2,50,supervised,7,0.013638181364998342
flywire_783_mb_left_kc512_s701,444,incoming_l1,fly,2,50,supervised,8,0.013579649215495359
flywire_783_mb_left_kc512_s701,444,incoming_l1,fly,2,50,supervised,9,0.013533734376359746
flywire_783_mb_left_kc512_s701,444,incoming_l1,fly,2,50,supervised,10,0.013496913612518322
flywire_783_mb_left_kc512_s701,444,incoming_l1,fly,2,50,supervised,11,0.013467565246662259
flywire_783_mb_left_kc512_s701,444,incoming_l1,fly,2,50,supervised,12,0.013443609830820257
flywire_783_mb_left_kc512_s701,444,incoming_l1,fly,2,50,supervised,13,0.013423928666626212
flywire_783_mb_left_kc512_s701,444,incoming_l1,fly,2,50,supervised,14,0.013408090447843156
flywire_783_mb_left_kc512_s701,444,incoming_l1,fly,2,50,supervised,15,0.013394688538585954
flywire_783_mb_left_kc512_s701,444,incoming_l1,fly,2,50,supervised,16,0.013383019726487916
flywire_783_mb_left_kc512_s701,444,incoming_l1,fly,2,50,supervised,17,0.013373002785914481
flywire_783_mb_left_kc512_s701,444,incoming_l1,fly,2,50,supervised,18,0.013364105831483014
flywire_783_mb_left_kc512_s701,444,incoming_l1,fly,2,50,supervised,19,0.013356588271600455
flywire_783_mb_left_kc512_s701,444,incoming_l1,fly,2,50,supervised,20,0.013350039473674117
flywire_783_mb_left_kc512_s701,444,incoming_l1,fly,2,50,supervised,21,0.013344226744956488
flywire_783_mb_left_kc512_s701,444,incoming_l1,fly,2,50,supervised,22,0.013339310017700057
flywire_783_mb_left_kc512_s701,444,incoming_l1,fly,2,50,supervised,23,0.013334898168817057
flywire_783_mb_left_kc512_s701,444,incoming_l1,fly,2,50,supervised,24,0.01333085519319286
flywire_783_mb_left_kc512_s701,444,incoming_l1,fly,2,50,supervised,25,0.013327285400495305
flywire_783_mb_left_kc512_s701,444,incoming_l1,fly,2,50,supervised,26,0.013324088166561963
flywire_783_mb_left_kc512_s701,444,incoming_l1,fly,2,50,supervised,27,0.01332110201140133
flywire_783_mb_left_kc512_s701,444,incoming_l1,fly,2,50,supervised,28,0.013318256098936228
flywire_783_mb_left_kc512_s701,444,incoming_l1,fly,2,50,supervised,29,0.013315588750622893
flywire_783_mb_left_kc512_s701,444,incoming_l1,fly,2,50,supervised,30,0.013313170670280218
flywire_783_mb_left_kc512_s701,444,incoming_l1,fly,2,50,permuted_teacher,1,0.014637652385920647
flywire_783_mb_left_kc512_s701,444,incoming_l1,fly,2,50,permuted_teacher,2,0.01432957329057656
flywire_783_mb_left_kc512_s701,444,incoming_l1,fly,2,50,permuted_teacher,3,0.014110949819302278
flywire_783_mb_left_kc512_s701,444,incoming_l1,fly,2,50,permuted_teacher,4,0.013955234108575215
flywire_783_mb_left_kc512_s701,444,incoming_l1,fly,2,50,permuted_teacher,5,0.013839548424613508
flywire_783_mb_left_kc512_s701,444,incoming_l1,fly,2,50,permuted_teacher,6,0.013748522687654587
flywire_783_mb_left_kc512_s701,444,incoming_l1,fly,2,50,permuted_teacher,7,0.013675801848962952
flywire_783_mb_left_kc512_s701,444,incoming_l1,fly,2,50,permuted_teacher,8,0.013618168560217313
flywire_783_mb_left_kc512_s701,444,incoming_l1,fly,2,50,permuted_teacher,9,0.01357254883036671
flywire_783_mb_left_kc512_s701,444,incoming_l1,fly,2,50,permuted_teacher,10,0.013535489059450819
flywire_783_mb_left_kc512_s701,444,incoming_l1,fly,2,50,permuted_teacher,11,0.013505151508715414
flywire_783_mb_left_kc512_s701,444,incoming_l1,fly,2,50,permuted_teacher,12,0.013480371333106946
flywire_783_mb_left_kc512_s701,444,incoming_l1,fly,2,50,permuted_teacher,13,0.013459891890815319
flywire_783_mb_left_kc512_s701,444,incoming_l1,fly,2,50,permuted_teacher,14,0.013442962577365979
flywire_783_mb_left_kc512_s701,444,incoming_l1,fly,2,50,permuted_teacher,15,0.013428232650782381
flywire_783_mb_left_kc512_s701,444,incoming_l1,fly,2,50,permuted_teacher,16,0.013415552498697346
flywire_783_mb_left_kc512_s701,444,incoming_l1,fly,2,50,permuted_teacher,17,0.013404788472145915
flywire_783_mb_left_kc512_s701,444,incoming_l1,fly,2,50,permuted_teacher,18,0.013395304649411667
flywire_783_mb_left_kc512_s701,444,incoming_l1,fly,2,50,permuted_teacher,19,0.013386683126080174
flywire_783_mb_left_kc512_s701,444,incoming_l1,fly,2,50,permuted_teacher,20,0.013379277333154761
flywire_783_mb_left_kc512_s701,444,incoming_l1,fly,2,50,permuted_teacher,21,0.013372700616502654
flywire_783_mb_left_kc512_s701,444,incoming_l1,fly,2,50,permuted_teacher,22,0.01336677232737773
flywire_783_mb_left_kc512_s701,444,incoming_l1,fly,2,50,permuted_teacher,23,0.013361385459090875
flywire_783_mb_left_kc512_s701,444,incoming_l1,fly,2,50,permuted_teacher,24,0.013356676313969874
flywire_783_mb_left_kc512_s701,444,incoming_l1,fly,2,50,permuted_teacher,25,0.01335246715262437
flywire_783_mb_left_kc512_s701,444,incoming_l1,fly,2,50,permuted_teacher,26,0.013348656552263732
flywire_783_mb_left_kc512_s701,444,incoming_l1,fly,2,50,permuted_teacher,27,0.013345071794644984
flywire_783_mb_left_kc512_s701,444,incoming_l1,fly,2,50,permuted_teacher,28,0.01334169706357872
flywire_783_mb_left_kc512_s701,444,incoming_l1,fly,2,50,permuted_teacher,29,0.01333858463995928
flywire_783_mb_left_kc512_s701,444,incoming_l1,fly,2,50,permuted_teacher,30,0.01333563706401643
flywire_783_mb_left_kc512_s701,444,incoming_l1,fly,2,200,supervised,1,0.014387092444588592
flywire_783_mb_left_kc512_s701,444,incoming_l1,fly,2,200,supervised,2,0.013952659526196667
flywire_783_mb_left_kc512_s701,444,incoming_l1,fly,2,200,supervised,3,0.013771374456451473
flywire_783_mb_left_kc512_s701,444,incoming_l1,fly,2,200,supervised,4,0.01368126974726941
flywire_783_mb_left_kc512_s701,444,incoming_l1,fly,2,200,supervised,5,0.013635068816988161
flywire_783_mb_left_kc512_s701,444,incoming_l1,fly,2,200,supervised,6,0.01360716482931807
flywire_783_mb_left_kc512_s701,444,incoming_l1,fly,2,200,supervised,7,0.013588685691563364
flywire_783_mb_left_kc512_s701,444,incoming_l1,fly,2,200,supervised,8,0.013575777495881992
flywire_783_mb_left_kc512_s701,444,incoming_l1,fly,2,200,supervised,9,0.013566409877198711
flywire_783_mb_left_kc512_s701,444,incoming_l1,fly,2,200,supervised,10,0.013559337476383503
flywire_783_mb_left_kc512_s701,444,incoming_l1,fly,2,200,supervised,11,0.013553811959963025
flywire_783_mb_left_kc512_s701,444,incoming_l1,fly,2,200,supervised,12,0.013549421444404113
flywire_783_mb_left_kc512_s701,444,incoming_l1,fly,2,200,supervised,13,0.013545897003883952
flywire_783_mb_left_kc512_s701,444,incoming_l1,fly,2,200,supervised,14,0.013543001732003866
flywire_783_mb_left_kc512_s701,444,incoming_l1,fly,2,200,supervised,15,0.013540466586733068
flywire_783_mb_left_kc512_s701,444,incoming_l1,fly,2,200,supervised,16,0.013538185660650858
flywire_783_mb_left_kc512_s701,444,incoming_l1,fly,2,200,supervised,17,0.013536104344675844
flywire_783_mb_left_kc512_s701,444,incoming_l1,fly,2,200,supervised,18,0.013534259621113985
flywire_783_mb_left_kc512_s701,444,incoming_l1,fly,2,200,supervised,19,0.013532760077394132
flywire_783_mb_left_kc512_s701,444,incoming_l1,fly,2,200,supervised,20,0.013531566910975089
flywire_783_mb_left_kc512_s701,444,incoming_l1,fly,2,200,supervised,21,0.013530698842722363
flywire_783_mb_left_kc512_s701,444,incoming_l1,fly,2,200,supervised,22,0.01352998129602594
flywire_783_mb_left_kc512_s701,444,incoming_l1,fly,2,200,supervised,23,0.013529439537715552
flywire_783_mb_left_kc512_s701,444,incoming_l1,fly,2,200,supervised,24,0.013528955060104958
flywire_783_mb_left_kc512_s701,444,incoming_l1,fly,2,200,supervised,25,0.013528502290565481
flywire_783_mb_left_kc512_s701,444,incoming_l1,fly,2,200,supervised,26,0.013528095828298725
flywire_783_mb_left_kc512_s701,444,incoming_l1,fly,2,200,supervised,27,0.013527768412991355
flywire_783_mb_left_kc512_s701,444,incoming_l1,fly,2,200,supervised,28,0.013527495501002742
flywire_783_mb_left_kc512_s701,444,incoming_l1,fly,2,200,supervised,29,0.013527263992562539
flywire_783_mb_left_kc512_s701,444,incoming_l1,fly,2,200,supervised,30,0.013527092220351459
flywire_783_mb_left_kc512_s701,444,incoming_l1,fly,2,200,permuted_teacher,1,0.014382408860717226
flywire_783_mb_left_kc512_s701,444,incoming_l1,fly,2,200,permuted_teacher,2,0.013920089338917767
flywire_783_mb_left_kc512_s701,444,incoming_l1,fly,2,200,permuted_teacher,3,0.013723215274504246
flywire_783_mb_left_kc512_s701,444,incoming_l1,fly,2,200,permuted_teacher,4,0.013622227145211555
flywire_783_mb_left_kc512_s701,444,incoming_l1,fly,2,200,permuted_teacher,5,0.013567717253007606
flywire_783_mb_left_kc512_s701,444,incoming_l1,fly,2,200,permuted_teacher,6,0.013534756674525044
flywire_783_mb_left_kc512_s701,444,incoming_l1,fly,2,200,permuted_teacher,7,0.013512459341969612
flywire_783_mb_left_kc512_s701,444,incoming_l1,fly,2,200,permuted_teacher,8,0.013496356576333544
flywire_783_mb_left_kc512_s701,444,incoming_l1,fly,2,200,permuted_teacher,9,0.013485248818460863
flywire_783_mb_left_kc512_s701,444,incoming_l1,fly,2,200,permuted_teacher,10,0.013476976371435818
flywire_783_mb_left_kc512_s701,444,incoming_l1,fly,2,200,permuted_teacher,11,0.013470655910214114
flywire_783_mb_left_kc512_s701,444,incoming_l1,fly,2,200,permuted_teacher,12,0.013465682273204903
flywire_783_mb_left_kc512_s701,444,incoming_l1,fly,2,200,permuted_teacher,13,0.013461667290754627
flywire_783_mb_left_kc512_s701,444,incoming_l1,fly,2,200,permuted_teacher,14,0.013458360282717102
flywire_783_mb_left_kc512_s701,444,incoming_l1,fly,2,200,permuted_teacher,15,0.013455542061482632
flywire_783_mb_left_kc512_s701,444,incoming_l1,fly,2,200,permuted_teacher,16,0.013453198571483648
flywire_783_mb_left_kc512_s701,444,incoming_l1,fly,2,200,permuted_teacher,17,0.013451686704037975
flywire_783_mb_left_kc512_s701,444,incoming_l1,fly,2,200,permuted_teacher,18,0.013450564673561458
flywire_783_mb_left_kc512_s701,444,incoming_l1,fly,2,200,permuted_teacher,19,0.013449610999656459
flywire_783_mb_left_kc512_s701,444,incoming_l1,fly,2,200,permuted_teacher,20,0.013448831592001395
flywire_783_mb_left_kc512_s701,444,incoming_l1,fly,2,200,permuted_teacher,21,0.01344827806805732
flywire_783_mb_left_kc512_s701,444,incoming_l1,fly,2,200,permuted_teacher,22,0.013447929216642309
flywire_783_mb_left_kc512_s701,444,incoming_l1,fly,2,200,permuted_teacher,23,0.013447719653574775
flywire_783_mb_left_kc512_s701,444,incoming_l1,fly,2,200,permuted_teacher,24,0.013447598581792683
flywire_783_mb_left_kc512_s701,444,incoming_l1,fly,2,200,permuted_teacher,25,0.013447552293156462
flywire_783_mb_left_kc512_s701,444,incoming_l1,fly,2,200,permuted_teacher,26,0.013447527694645888
flywire_783_mb_left_kc512_s701,444,incoming_l1,fly,2,200,permuted_teacher,27,0.013447519408916022
flywire_783_mb_left_kc512_s701,444,incoming_l1,fly,2,200,permuted_teacher,28,0.013447516795477281
flywire_783_mb_left_kc512_s701,444,incoming_l1,fly,2,200,permuted_teacher,29,0.013447521930160638
flywire_783_mb_left_kc512_s701,444,incoming_l1,fly,2,200,permuted_teacher,30,0.013447531977365666
flywire_783_mb_left_kc512_s701,444,incoming_l1,role_shuffled,1,50,supervised,1,0.014881955358101714
flywire_783_mb_left_kc512_s701,444,incoming_l1,role_shuffled,1,50,supervised,2,0.014850307271355136
flywire_783_mb_left_kc512_s701,444,incoming_l1,role_shuffled,1,50,supervised,3,0.01483888667481786
flywire_783_mb_left_kc512_s701,444,incoming_l1,role_shuffled,1,50,supervised,4,0.014827407513205637
flywire_783_mb_left_kc512_s701,444,incoming_l1,role_shuffled,1,50,supervised,5,0.014802240331456069
flywire_783_mb_left_kc512_s701,444,incoming_l1,role_shuffled,1,50,supervised,6,0.01477039214772915
flywire_783_mb_left_kc512_s701,444,incoming_l1,role_shuffled,1,50,supervised,7,0.014737466292111137
flywire_783_mb_left_kc512_s701,444,incoming_l1,role_shuffled,1,50,supervised,8,0.014706741851933944
flywire_783_mb_left_kc512_s701,444,incoming_l1,role_shuffled,1,50,supervised,9,0.014680005443921678
flywire_783_mb_left_kc512_s701,444,incoming_l1,role_shuffled,1,50,supervised,10,0.014657051581353117
flywire_783_mb_left_kc512_s701,444,incoming_l1,role_shuffled,1,50,supervised,11,0.01463722883082075
flywire_783_mb_left_kc512_s701,444,incoming_l1,role_shuffled,1,50,supervised,12,0.014619748509962917
flywire_783_mb_left_kc512_s701,444,incoming_l1,role_shuffled,1,50,supervised,13,0.014604831493384074
flywire_783_mb_left_kc512_s701,444,incoming_l1,role_shuffled,1,50,supervised,14,0.014591851936443126
flywire_783_mb_left_kc512_s701,444,incoming_l1,role_shuffled,1,50,supervised,15,0.014580716562960568
flywire_783_mb_left_kc512_s701,444,incoming_l1,role_shuffled,1,50,supervised,16,0.01457062898041223
flywire_783_mb_left_kc512_s701,444,incoming_l1,role_shuffled,1,50,supervised,17,0.014561175502012016
flywire_783_mb_left_kc512_s701,444,incoming_l1,role_shuffled,1,50,supervised,18,0.014552488648023394
flywire_783_mb_left_kc512_s701,444,incoming_l1,role_shuffled,1,50,supervised,19,0.014545409827151717
flywire_783_mb_left_kc512_s701,444,incoming_l1,role_shuffled,1,50,supervised,20,0.014539142286986407
flywire_783_mb_left_kc512_s701,444,incoming_l1,role_shuffled,1,50,supervised,21,0.014533295203446449
flywire_783_mb_left_kc512_s701,444,incoming_l1,role_shuffled,1,50,supervised,22,0.014527859760617117
flywire_783_mb_left_kc512_s701,444,incoming_l1,role_shuffled,1,50,supervised,23,0.014522828118111114
flywire_783_mb_left_kc512_s701,444,incoming_l1,role_shuffled,1,50,supervised,24,0.014518326562775777
flywire_783_mb_left_kc512_s701,444,incoming_l1,role_shuffled,1,50,supervised,25,0.014514155172036263
flywire_783_mb_left_kc512_s701,444,incoming_l1,role_shuffled,1,50,supervised,26,0.014510149803019743
flywire_783_mb_left_kc512_s701,444,incoming_l1,role_shuffled,1,50,supervised,27,0.01450625124104567
flywire_783_mb_left_kc512_s701,444,incoming_l1,role_shuffled,1,50,supervised,28,0.014502565751357131
flywire_783_mb_left_kc512_s701,444,incoming_l1,role_shuffled,1,50,supervised,29,0.01449943093334057
flywire_783_mb_left_kc512_s701,444,incoming_l1,role_shuffled,1,50,supervised,30,0.014496996065934081
flywire_783_mb_left_kc512_s701,444,incoming_l1,role_shuffled,1,50,permuted_teacher,1,0.014877030654791932
flywire_783_mb_left_kc512_s701,444,incoming_l1,role_shuffled,1,50,permuted_teacher,2,0.014843390296855358
flywire_783_mb_left_kc512_s701,444,incoming_l1,role_shuffled,1,50,permuted_teacher,3,0.014829758376943057
flywire_783_mb_left_kc512_s701,444,incoming_l1,role_shuffled,1,50,permuted_teacher,4,0.0148120462513562
flywire_783_mb_left_kc512_s701,444,incoming_l1,role_shuffled,1,50,permuted_teacher,5,0.01478259687409391
flywire_783_mb_left_kc512_s701,444,incoming_l1,role_shuffled,1,50,permuted_teacher,6,0.014750199819054267
flywire_783_mb_left_kc512_s701,444,incoming_l1,role_shuffled,1,50,permuted_teacher,7,0.01471852996209489
flywire_783_mb_left_kc512_s701,444,incoming_l1,role_shuffled,1,50,permuted_teacher,8,0.014688598354399198
flywire_783_mb_left_kc512_s701,444,incoming_l1,role_shuffled,1,50,permuted_teacher,9,0.014660844595902821
flywire_783_mb_left_kc512_s701,444,incoming_l1,role_shuffled,1,50,permuted_teacher,10,0.01463644006036633
flywire_783_mb_left_kc512_s701,444,incoming_l1,role_shuffled,1,50,permuted_teacher,11,0.014615429247248672
flywire_783_mb_left_kc512_s701,444,incoming_l1,role_shuffled,1,50,permuted_teacher,12,0.014596687521814884
flywire_783_mb_left_kc512_s701,444,incoming_l1,role_shuffled,1,50,permuted_teacher,13,0.014579734576614345
flywire_783_mb_left_kc512_s701,444,incoming_l1,role_shuffled,1,50,permuted_teacher,14,0.014564857416708142
flywire_783_mb_left_kc512_s701,444,incoming_l1,role_shuffled,1,50,permuted_teacher,15,0.014551791472959826
flywire_783_mb_left_kc512_s701,444,incoming_l1,role_shuffled,1,50,permuted_teacher,16,0.014539770114007639
flywire_783_mb_left_kc512_s701,444,incoming_l1,role_shuffled,1,50,permuted_teacher,17,0.014528976534458173
flywire_783_mb_left_kc512_s701,444,incoming_l1,role_shuffled,1,50,permuted_teacher,18,0.014518978839500655
flywire_783_mb_left_kc512_s701,444,incoming_l1,role_shuffled,1,50,permuted_teacher,19,0.014509769609021691
flywire_783_mb_left_kc512_s701,444,incoming_l1,role_shuffled,1,50,permuted_teacher,20,0.01450144883062466
flywire_783_mb_left_kc512_s701,444,incoming_l1,role_shuffled,1,50,permuted_teacher,21,0.01449452382201459
flywire_783_mb_left_kc512_s701,444,incoming_l1,role_shuffled,1,50,permuted_teacher,22,0.014488170151311599
flywire_783_mb_left_kc512_s701,444,incoming_l1,role_shuffled,1,50,permuted_teacher,23,0.014482158083737309
flywire_783_mb_left_kc512_s701,444,incoming_l1,role_shuffled,1,50,permuted_teacher,24,0.014476573108232502
flywire_783_mb_left_kc512_s701,444,incoming_l1,role_shuffled,1,50,permuted_teacher,25,0.014471376884883612
flywire_783_mb_left_kc512_s701,444,incoming_l1,role_shuffled,1,50,permuted_teacher,26,0.014466535382363472
flywire_783_mb_left_kc512_s701,444,incoming_l1,role_shuffled,1,50,permuted_teacher,27,0.014462083007705972
flywire_783_mb_left_kc512_s701,444,incoming_l1,role_shuffled,1,50,permuted_teacher,28,0.014457923892922374
flywire_783_mb_left_kc512_s701,444,incoming_l1,role_shuffled,1,50,permuted_teacher,29,0.014454366283887427
flywire_783_mb_left_kc512_s701,444,incoming_l1,role_shuffled,1,50,permuted_teacher,30,0.014450996286216366
flywire_783_mb_left_kc512_s701,444,incoming_l1,role_shuffled,1,200,supervised,1,0.014993680920184799
flywire_783_mb_left_kc512_s701,444,incoming_l1,role_shuffled,1,200,supervised,2,0.014994486307602072
flywire_783_mb_left_kc512_s701,444,incoming_l1,role_shuffled,1,200,supervised,3,0.014920583575087128
flywire_783_mb_left_kc512_s701,444,incoming_l1,role_shuffled,1,200,supervised,4,0.014871469961822148
flywire_783_mb_left_kc512_s701,444,incoming_l1,role_shuffled,1,200,supervised,5,0.01484096898522436
flywire_783_mb_left_kc512_s701,444,incoming_l1,role_shuffled,1,200,supervised,6,0.0148213865132638
flywire_783_mb_left_kc512_s701,444,incoming_l1,role_shuffled,1,200,supervised,7,0.014808896304395913
flywire_783_mb_left_kc512_s701,444,incoming_l1,role_shuffled,1,200,supervised,8,0.014800239945755998
flywire_783_mb_left_kc512_s701,444,incoming_l1,role_shuffled,1,200,supervised,9,0.014793432837143924
flywire_783_mb_left_kc512_s701,444,incoming_l1,role_shuffled,1,200,supervised,10,0.014787685171328209
flywire_783_mb_left_kc512_s701,444,incoming_l1,role_shuffled,1,200,supervised,11,0.014782776177779528
flywire_783_mb_left_kc512_s701,444,incoming_l1,role_shuffled,1,200,supervised,12,0.014778927653315356
flywire_783_mb_left_kc512_s701,444,incoming_l1,role_shuffled,1,200,supervised,13,0.014776176790885795
flywire_783_mb_left_kc512_s701,444,incoming_l1,role_shuffled,1,200,supervised,14,0.014773870331329132
flywire_783_mb_left_kc512_s701,444,incoming_l1,role_shuffled,1,200,supervised,15,0.014771879643142815
flywire_783_mb_left_kc512_s701,444,incoming_l1,role_shuffled,1,200,supervised,16,0.01477042156522032
flywire_783_mb_left_kc512_s701,444,incoming_l1,role_shuffled,1,200,supervised,17,0.014769237498251618
flywire_783_mb_left_kc512_s701,444,incoming_l1,role_shuffled,1,200,supervised,18,0.014768117321112521
flywire_783_mb_left_kc512_s701,444,incoming_l1,role_shuffled,1,200,supervised,19,0.01476716460554505
flywire_783_mb_left_kc512_s701,444,incoming_l1,role_shuffled,1,200,supervised,20,0.014766358454039195
flywire_783_mb_left_kc512_s701,444,incoming_l1,role_shuffled,1,200,supervised,21,0.014765625067491541
flywire_783_mb_left_kc512_s701,444,incoming_l1,role_shuffled,1,200,supervised,22,0.014764947219762774
flywire_783_mb_left_kc512_s701,444,incoming_l1,role_shuffled,1,200,supervised,23,0.014764351180634976
flywire_783_mb_left_kc512_s701,444,incoming_l1,role_shuffled,1,200,supervised,24,0.014763841763405278
flywire_783_mb_left_kc512_s701,444,incoming_l1,role_shuffled,1,200,supervised,25,0.014763385996633094
flywire_783_mb_left_kc512_s701,444,incoming_l1,role_shuffled,1,200,supervised,26,0.014762985336425583
flywire_783_mb_left_kc512_s701,444,incoming_l1,role_shuffled,1,200,supervised,27,0.014762618696565548
flywire_783_mb_left_kc512_s701,444,incoming_l1,role_shuffled,1,200,supervised,28,0.014762275941210537
flywire_783_mb_left_kc512_s701,444,incoming_l1,role_shuffled,1,200,supervised,29,0.014761971463269338
flywire_783_mb_left_kc512_s701,444,incoming_l1,role_shuffled,1,200,supervised,30,0.014761681119451808
flywire_783_mb_left_kc512_s701,444,incoming_l1,role_shuffled,1,200,permuted_teacher,1,0.015033791455429699
flywire_783_mb_left_kc512_s701,444,incoming_l1,role_shuffled,1,200,permuted_teacher,2,0.015068778104569136
flywire_783_mb_left_kc512_s701,444,incoming_l1,role_shuffled,1,200,permuted_teacher,3,0.015002291281691133
flywire_783_mb_left_kc512_s701,444,incoming_l1,role_shuffled,1,200,permuted_teacher,4,0.014956711867657192
flywire_783_mb_left_kc512_s701,444,incoming_l1,role_shuffled,1,200,permuted_teacher,5,0.014928009725801016
flywire_783_mb_left_kc512_s701,444,incoming_l1,role_shuffled,1,200,permuted_teacher,6,0.014909912017817675
flywire_783_mb_left_kc512_s701,444,incoming_l1,role_shuffled,1,200,permuted_teacher,7,0.014897410505451401
flywire_783_mb_left_kc512_s701,444,incoming_l1,role_shuffled,1,200,permuted_teacher,8,0.014888598528878277
flywire_783_mb_left_kc512_s701,444,incoming_l1,role_shuffled,1,200,permuted_teacher,9,0.014881133940640077
flywire_783_mb_left_kc512_s701,444,incoming_l1,role_shuffled,1,200,permuted_teacher,10,0.014875160778942255
flywire_783_mb_left_kc512_s701,444,incoming_l1,role_shuffled,1,200,permuted_teacher,11,0.014870157616013157
flywire_783_mb_left_kc512_s701,444,incoming_l1,role_shuffled,1,200,permuted_teacher,12,0.014866114704806019
flywire_783_mb_left_kc512_s701,444,incoming_l1,role_shuffled,1,200,permuted_teacher,13,0.014863069052635985
flywire_783_mb_left_kc512_s701,444,incoming_l1,role_shuffled,1,200,permuted_teacher,14,0.014860354242258697
flywire_783_mb_left_kc512_s701,444,incoming_l1,role_shuffled,1,200,permuted_teacher,15,0.014858460836776369
flywire_783_mb_left_kc512_s701,444,incoming_l1,role_shuffled,1,200,permuted_teacher,16,0.01485685002449403
flywire_783_mb_left_kc512_s701,444,incoming_l1,role_shuffled,1,200,permuted_teacher,17,0.014855517116579496
flywire_783_mb_left_kc512_s701,444,incoming_l1,role_shuffled,1,200,permuted_teacher,18,0.014854295623065485
flywire_783_mb_left_kc512_s701,444,incoming_l1,role_shuffled,1,200,permuted_teacher,19,0.014853133743190142
flywire_783_mb_left_kc512_s701,444,incoming_l1,role_shuffled,1,200,permuted_teacher,20,0.01485208161286907
flywire_783_mb_left_kc512_s701,444,incoming_l1,role_shuffled,1,200,permuted_teacher,21,0.014851364042058019
flywire_783_mb_left_kc512_s701,444,incoming_l1,role_shuffled,1,200,permuted_teacher,22,0.014850735112876105
flywire_783_mb_left_kc512_s701,444,incoming_l1,role_shuffled,1,200,permuted_teacher,23,0.01485017158513544
flywire_783_mb_left_kc512_s701,444,incoming_l1,role_shuffled,1,200,permuted_teacher,24,0.014849686684710504
flywire_783_mb_left_kc512_s701,444,incoming_l1,role_shuffled,1,200,permuted_teacher,25,0.014849251819591628
flywire_783_mb_left_kc512_s701,444,incoming_l1,role_shuffled,1,200,permuted_teacher,26,0.014848848251304817
flywire_783_mb_left_kc512_s701,444,incoming_l1,role_shuffled,1,200,permuted_teacher,27,0.014848471171888396
flywire_783_mb_left_kc512_s701,444,incoming_l1,role_shuffled,1,200,permuted_teacher,28,0.014848120120089259
flywire_783_mb_left_kc512_s701,444,incoming_l1,role_shuffled,1,200,permuted_teacher,29,0.014847776180765347
flywire_783_mb_left_kc512_s701,444,incoming_l1,role_shuffled,1,200,permuted_teacher,30,0.014847443336794303
flywire_783_mb_left_kc512_s701,444,incoming_l1,role_shuffled,2,50,supervised,1,0.014929125133776072
flywire_783_mb_left_kc512_s701,444,incoming_l1,role_shuffled,2,50,supervised,2,0.014936252113899774
flywire_783_mb_left_kc512_s701,444,incoming_l1,role_shuffled,2,50,supervised,3,0.01495827812549313
flywire_783_mb_left_kc512_s701,444,incoming_l1,role_shuffled,2,50,supervised,4,0.014972020784275198
flywire_783_mb_left_kc512_s701,444,incoming_l1,role_shuffled,2,50,supervised,5,0.014964976606262476
flywire_783_mb_left_kc512_s701,444,incoming_l1,role_shuffled,2,50,supervised,6,0.014946612959236752
flywire_783_mb_left_kc512_s701,444,incoming_l1,role_shuffled,2,50,supervised,7,0.014926227829826208
flywire_783_mb_left_kc512_s701,444,incoming_l1,role_shuffled,2,50,supervised,8,0.014906477766732528
flywire_783_mb_left_kc512_s701,444,incoming_l1,role_shuffled,2,50,supervised,9,0.014887174476753294
flywire_783_mb_left_kc512_s701,444,incoming_l1,role_shuffled,2,50,supervised,10,0.014869565606423841
flywire_783_mb_left_kc512_s701,444,incoming_l1,role_shuffled,2,50,supervised,11,0.014854157306663892
flywire_783_mb_left_kc512_s701,444,incoming_l1,role_shuffled,2,50,supervised,12,0.014839996365726667
flywire_783_mb_left_kc512_s701,444,incoming_l1,role_shuffled,2,50,supervised,13,0.014827438448383651
flywire_783_mb_left_kc512_s701,444,incoming_l1,role_shuffled,2,50,supervised,14,0.014816488195323966
flywire_783_mb_left_kc512_s701,444,incoming_l1,role_shuffled,2,50,supervised,15,0.014807073612877326
flywire_783_mb_left_kc512_s701,444,incoming_l1,role_shuffled,2,50,supervised,16,0.014798321068002015
flywire_783_mb_left_kc512_s701,444,incoming_l1,role_shuffled,2,50,supervised,17,0.014790132389527713
flywire_783_mb_left_kc512_s701,444,incoming_l1,role_shuffled,2,50,supervised,18,0.01478322569588734
flywire_783_mb_left_kc512_s701,444,incoming_l1,role_shuffled,2,50,supervised,19,0.014776802042521544
flywire_783_mb_left_kc512_s701,444,incoming_l1,role_shuffled,2,50,supervised,20,0.014770919187768433
flywire_783_mb_left_kc512_s701,444,incoming_l1,role_shuffled,2,50,supervised,21,0.0147656342003094
flywire_783_mb_left_kc512_s701,444,incoming_l1,role_shuffled,2,50,supervised,22,0.014760777458888848
flywire_783_mb_left_kc512_s701,444,incoming_l1,role_shuffled,2,50,supervised,23,0.014756520121551667
flywire_783_mb_left_kc512_s701,444,incoming_l1,role_shuffled,2,50,supervised,24,0.014752450335428298
flywire_783_mb_left_kc512_s701,444,incoming_l1,role_shuffled,2,50,supervised,25,0.014748584252056676
flywire_783_mb_left_kc512_s701,444,incoming_l1,role_shuffled,2,50,supervised,26,0.01474498194602041
flywire_783_mb_left_kc512_s701,444,incoming_l1,role_shuffled,2,50,supervised,27,0.014741645680792984
flywire_783_mb_left_kc512_s701,444,incoming_l1,role_shuffled,2,50,supervised,28,0.014738673125729356
flywire_783_mb_left_kc512_s701,444,incoming_l1,role_shuffled,2,50,supervised,29,0.014735805489856544
flywire_783_mb_left_kc512_s701,444,incoming_l1,role_shuffled,2,50,supervised,30,0.01473302558307848
flywire_783_mb_left_kc512_s701,444,incoming_l1,role_shuffled,2,50,permuted_teacher,1,0.014916376706090348
flywire_783_mb_left_kc512_s701,444,incoming_l1,role_shuffled,2,50,permuted_teacher,2,0.01489089848471045
flywire_783_mb_left_kc512_s701,444,incoming_l1,role_shuffled,2,50,permuted_teacher,3,0.014883541350203349
flywire_783_mb_left_kc512_s701,444,incoming_l1,role_shuffled,2,50,permuted_teacher,4,0.01487152806819147
flywire_783_mb_left_kc512_s701,444,incoming_l1,role_shuffled,2,50,permuted_teacher,5,0.014843218111678992
flywire_783_mb_left_kc512_s701,444,incoming_l1,role_shuffled,2,50,permuted_teacher,6,0.014808393880492822
flywire_783_mb_left_kc512_s701,444,incoming_l1,role_shuffled,2,50,permuted_teacher,7,0.014774100986548756
flywire_783_mb_left_kc512_s701,444,incoming_l1,role_shuffled,2,50,permuted_teacher,8,0.014740879076356357
flywire_783_mb_left_kc512_s701,444,incoming_l1,role_shuffled,2,50,permuted_teacher,9,0.014709922258703384
flywire_783_mb_left_kc512_s701,444,incoming_l1,role_shuffled,2,50,permuted_teacher,10,0.014683028886060562
flywire_783_mb_left_kc512_s701,444,incoming_l1,role_shuffled,2,50,permuted_teacher,11,0.014659904271835618
flywire_783_mb_left_kc512_s701,444,incoming_l1,role_shuffled,2,50,permuted_teacher,12,0.01463921769318961
flywire_783_mb_left_kc512_s701,444,incoming_l1,role_shuffled,2,50,permuted_teacher,13,0.01462124163170791
flywire_783_mb_left_kc512_s701,444,incoming_l1,role_shuffled,2,50,permuted_teacher,14,0.014605557571471691
flywire_783_mb_left_kc512_s701,444,incoming_l1,role_shuffled,2,50,permuted_teacher,15,0.014591812318697118
flywire_783_mb_left_kc512_s701,444,incoming_l1,role_shuffled,2,50,permuted_teacher,16,0.014579670077319173
flywire_783_mb_left_kc512_s701,444,incoming_l1,role_shuffled,2,50,permuted_teacher,17,0.014568547360199038
flywire_783_mb_left_kc512_s701,444,incoming_l1,role_shuffled,2,50,permuted_teacher,18,0.014558195556663446
flywire_783_mb_left_kc512_s701,444,incoming_l1,role_shuffled,2,50,permuted_teacher,19,0.014548860678536765
flywire_783_mb_left_kc512_s701,444,incoming_l1,role_shuffled,2,50,permuted_teacher,20,0.014541169479164508
flywire_783_mb_left_kc512_s701,444,incoming_l1,role_shuffled,2,50,permuted_teacher,21,0.014534243597066789
flywire_783_mb_left_kc512_s701,444,incoming_l1,role_shuffled,2,50,permuted_teacher,22,0.014527959546299894
flywire_783_mb_left_kc512_s701,444,incoming_l1,role_shuffled,2,50,permuted_teacher,23,0.01452210681148747
flywire_783_mb_left_kc512_s701,444,incoming_l1,role_shuffled,2,50,permuted_teacher,24,0.01451654880951233
flywire_783_mb_left_kc512_s701,444,incoming_l1,role_shuffled,2,50,permuted_teacher,25,0.014511853989723596
flywire_783_mb_left_kc512_s701,444,incoming_l1,role_shuffled,2,50,permuted_teacher,26,0.014507929343255267
flywire_783_mb_left_kc512_s701,444,incoming_l1,role_shuffled,2,50,permuted_teacher,27,0.014504229573635013
flywire_783_mb_left_kc512_s701,444,incoming_l1,role_shuffled,2,50,permuted_teacher,28,0.014500716692790776
flywire_783_mb_left_kc512_s701,444,incoming_l1,role_shuffled,2,50,permuted_teacher,29,0.01449733188742385
flywire_783_mb_left_kc512_s701,444,incoming_l1,role_shuffled,2,50,permuted_teacher,30,0.014494083121080128
flywire_783_mb_left_kc512_s701,444,incoming_l1,role_shuffled,2,200,supervised,1,0.015026770611480961
flywire_783_mb_left_kc512_s701,444,incoming_l1,role_shuffled,2,200,supervised,2,0.015027356535138937
flywire_783_mb_left_kc512_s701,444,incoming_l1,role_shuffled,2,200,supervised,3,0.014956435840845354
flywire_783_mb_left_kc512_s701,444,incoming_l1,role_shuffled,2,200,supervised,4,0.014909210568255402
flywire_783_mb_left_kc512_s701,444,incoming_l1,role_shuffled,2,200,supervised,5,0.014880662676361817
flywire_783_mb_left_kc512_s701,444,incoming_l1,role_shuffled,2,200,supervised,6,0.014862103671509967
flywire_783_mb_left_kc512_s701,444,incoming_l1,role_shuffled,2,200,supervised,7,0.014849953774126273
flywire_783_mb_left_kc512_s701,444,incoming_l1,role_shuffled,2,200,supervised,8,0.014842132066589759
flywire_783_mb_left_kc512_s701,444,incoming_l1,role_shuffled,2,200,supervised,9,0.01483588079710778
flywire_783_mb_left_kc512_s701,444,incoming_l1,role_shuffled,2,200,supervised,10,0.014830924835688182
flywire_783_mb_left_kc512_s701,444,incoming_l1,role_shuffled,2,200,supervised,11,0.01482694372492746
flywire_783_mb_left_kc512_s701,444,incoming_l1,role_shuffled,2,200,supervised,12,0.014823544292933505
flywire_783_mb_left_kc512_s701,444,incoming_l1,role_shuffled,2,200,supervised,13,0.014820771279203029
flywire_783_mb_left_kc512_s701,444,incoming_l1,role_shuffled,2,200,supervised,14,0.01481847930881541
flywire_783_mb_left_kc512_s701,444,incoming_l1,role_shuffled,2,200,supervised,15,0.014816873854730421
flywire_783_mb_left_kc512_s701,444,incoming_l1,role_shuffled,2,200,supervised,16,0.014815546296732438
flywire_783_mb_left_kc512_s701,444,incoming_l1,role_shuffled,2,200,supervised,17,0.01481445335856252
flywire_783_mb_left_kc512_s701,444,incoming_l1,role_shuffled,2,200,supervised,18,0.014813484461458923
flywire_783_mb_left_kc512_s701,444,incoming_l1,role_shuffled,2,200,supervised,19,0.01481260230340563
flywire_783_mb_left_kc512_s701,444,incoming_l1,role_shuffled,2,200,supervised,20,0.014811850900499338
flywire_783_mb_left_kc512_s701,444,incoming_l1,role_shuffled,2,200,supervised,21,0.014811383254148325
flywire_783_mb_left_kc512_s701,444,incoming_l1,role_shuffled,2,200,supervised,22,0.01481096197970645
flywire_783_mb_left_kc512_s701,444,incoming_l1,role_shuffled,2,200,supervised,23,0.014810602843380802
flywire_783_mb_left_kc512_s701,444,incoming_l1,role_shuffled,2,200,supervised,24,0.01481034912844424
flywire_783_mb_left_kc512_s701,444,incoming_l1,role_shuffled,2,200,supervised,25,0.014810153391906618
flywire_783_mb_left_kc512_s701,444,incoming_l1,role_shuffled,2,200,supervised,26,0.014809986430767334
flywire_783_mb_left_kc512_s701,444,incoming_l1,role_shuffled,2,200,supervised,27,0.01480984248712557
flywire_783_mb_left_kc512_s701,444,incoming_l1,role_shuffled,2,200,supervised,28,0.014809716915066056
flywire_783_mb_left_kc512_s701,444,incoming_l1,role_shuffled,2,200,supervised,29,0.014809598939300948
flywire_783_mb_left_kc512_s701,444,incoming_l1,role_shuffled,2,200,supervised,30,0.014809490918591017
flywire_783_mb_left_kc512_s701,444,incoming_l1,role_shuffled,2,200,permuted_teacher,1,0.01504990305839844
flywire_783_mb_left_kc512_s701,444,incoming_l1,role_shuffled,2,200,permuted_teacher,2,0.015080648581170948
flywire_783_mb_left_kc512_s701,444,incoming_l1,role_shuffled,2,200,permuted_teacher,3,0.015012454582597225
flywire_783_mb_left_kc512_s701,444,incoming_l1,role_shuffled,2,200,permuted_teacher,4,0.014965265102229168
flywire_783_mb_left_kc512_s701,444,incoming_l1,role_shuffled,2,200,permuted_teacher,5,0.01493615287844374
flywire_783_mb_left_kc512_s701,444,incoming_l1,role_shuffled,2,200,permuted_teacher,6,0.014917049789607843
flywire_783_mb_left_kc512_s701,444,incoming_l1,role_shuffled,2,200,permuted_teacher,7,0.014903865363230103
flywire_783_mb_left_kc512_s701,444,incoming_l1,role_shuffled,2,200,permuted_teacher,8,0.014895379710796507
flywire_783_mb_left_kc512_s701,444,incoming_l1,role_shuffled,2,200,permuted_teacher,9,0.014889270929531871
flywire_783_mb_left_kc512_s701,444,incoming_l1,role_shuffled,2,200,permuted_teacher,10,0.014884583329997909
flywire_783_mb_left_kc512_s701,444,incoming_l1,role_shuffled,2,200,permuted_teacher,11,0.014880657715450737
flywire_783_mb_left_kc512_s701,444,incoming_l1,role_shuffled,2,200,permuted_teacher,12,0.014877678037398308
flywire_783_mb_left_kc512_s701,444,incoming_l1,role_shuffled,2,200,permuted_teacher,13,0.014875245259648555
flywire_783_mb_left_kc512_s701,444,incoming_l1,role_shuffled,2,200,permuted_teacher,14,0.014873098376401201
flywire_783_mb_left_kc512_s701,444,incoming_l1,role_shuffled,2,200,permuted_teacher,15,0.01487116296238159
flywire_783_mb_left_kc512_s701,444,incoming_l1,role_shuffled,2,200,permuted_teacher,16,0.014869673028364476
flywire_783_mb_left_kc512_s701,444,incoming_l1,role_shuffled,2,200,permuted_teacher,17,0.014868511933488027
flywire_783_mb_left_kc512_s701,444,incoming_l1,role_shuffled,2,200,permuted_teacher,18,0.014867512095347191
flywire_783_mb_left_kc512_s701,444,incoming_l1,role_shuffled,2,200,permuted_teacher,19,0.014866657746604735
flywire_783_mb_left_kc512_s701,444,incoming_l1,role_shuffled,2,200,permuted_teacher,20,0.014865873585093666
flywire_783_mb_left_kc512_s701,444,incoming_l1,role_shuffled,2,200,permuted_teacher,21,0.014865181548924399
flywire_783_mb_left_kc512_s701,444,incoming_l1,role_shuffled,2,200,permuted_teacher,22,0.014864535003317289
flywire_783_mb_left_kc512_s701,444,incoming_l1,role_shuffled,2,200,permuted_teacher,23,0.014863986278722862
flywire_783_mb_left_kc512_s701,444,incoming_l1,role_shuffled,2,200,permuted_teacher,24,0.014863524247677675
flywire_783_mb_left_kc512_s701,444,incoming_l1,role_shuffled,2,200,permuted_teacher,25,0.01486317947202596
flywire_783_mb_left_kc512_s701,444,incoming_l1,role_shuffled,2,200,permuted_teacher,26,0.014862896248285597
flywire_783_mb_left_kc512_s701,444,incoming_l1,role_shuffled,2,200,permuted_teacher,27,0.014862604225125238
flywire_783_mb_left_kc512_s701,444,incoming_l1,role_shuffled,2,200,permuted_teacher,28,0.014862325320662622
flywire_783_mb_left_kc512_s701,444,incoming_l1,role_shuffled,2,200,permuted_teacher,29,0.014862070972539844
flywire_783_mb_left_kc512_s701,444,incoming_l1,role_shuffled,2,200,permuted_teacher,30,0.014861835809303562
flywire_783_mb_left_kc512_s701,444,incoming_l1,role_random,1,50,supervised,1,0.013964682854277108
flywire_783_mb_left_kc512_s701,444,incoming_l1,role_random,1,50,supervised,2,0.013547131905012753
flywire_783_mb_left_kc512_s701,444,incoming_l1,role_random,1,50,supervised,3,0.01322585134553548
flywire_783_mb_left_kc512_s701,444,incoming_l1,role_random,1,50,supervised,4,0.012978793592339237
flywire_783_mb_left_kc512_s701,444,incoming_l1,role_random,1,50,supervised,5,0.012790523056172471
flywire_783_mb_left_kc512_s701,444,incoming_l1,role_random,1,50,supervised,6,0.01264396776801585
flywire_783_mb_left_kc512_s701,444,incoming_l1,role_random,1,50,supervised,7,0.012525262336810892
flywire_783_mb_left_kc512_s701,444,incoming_l1,role_random,1,50,supervised,8,0.012430079563521098
flywire_783_mb_left_kc512_s701,444,incoming_l1,role_random,1,50,supervised,9,0.012353067616267638
flywire_783_mb_left_kc512_s701,444,incoming_l1,role_random,1,50,supervised,10,0.012290101770306913
flywire_783_mb_left_kc512_s701,444,incoming_l1,role_random,1,50,supervised,11,0.01223853511835066
flywire_783_mb_left_kc512_s701,444,incoming_l1,role_random,1,50,supervised,12,0.012196705580136353
flywire_783_mb_left_kc512_s701,444,incoming_l1,role_random,1,50,supervised,13,0.012162429148805038
flywire_783_mb_left_kc512_s701,444,incoming_l1,role_random,1,50,supervised,14,0.012134301744407933
flywire_783_mb_left_kc512_s701,444,incoming_l1,role_random,1,50,supervised,15,0.012110468653876143
flywire_783_mb_left_kc512_s701,444,incoming_l1,role_random,1,50,supervised,16,0.012089925018052587
flywire_783_mb_left_kc512_s701,444,incoming_l1,role_random,1,50,supervised,17,0.012071990064975753
flywire_783_mb_left_kc512_s701,444,incoming_l1,role_random,1,50,supervised,18,0.01205629694522413
flywire_783_mb_left_kc512_s701,444,incoming_l1,role_random,1,50,supervised,19,0.012042281655403877
flywire_783_mb_left_kc512_s701,444,incoming_l1,role_random,1,50,supervised,20,0.01202991537139185
flywire_783_mb_left_kc512_s701,444,incoming_l1,role_random,1,50,supervised,21,0.012018907975894893
flywire_783_mb_left_kc512_s701,444,incoming_l1,role_random,1,50,supervised,22,0.01200915437078993
flywire_783_mb_left_kc512_s701,444,incoming_l1,role_random,1,50,supervised,23,0.012000382805101927
flywire_783_mb_left_kc512_s701,444,incoming_l1,role_random,1,50,supervised,24,0.011992431933363426
flywire_783_mb_left_kc512_s701,444,incoming_l1,role_random,1,50,supervised,25,0.011985052384104345
flywire_783_mb_left_kc512_s701,444,incoming_l1,role_random,1,50,supervised,26,0.01197822508683113
flywire_783_mb_left_kc512_s701,444,incoming_l1,role_random,1,50,supervised,27,0.011972020571148337
flywire_783_mb_left_kc512_s701,444,incoming_l1,role_random,1,50,supervised,28,0.011966327667381108
flywire_783_mb_left_kc512_s701,444,incoming_l1,role_random,1,50,supervised,29,0.011961121452486564
flywire_783_mb_left_kc512_s701,444,incoming_l1,role_random,1,50,supervised,30,0.011956305452859344
flywire_783_mb_left_kc512_s701,444,incoming_l1,role_random,1,50,permuted_teacher,1,0.014031422572836015
flywire_783_mb_left_kc512_s701,444,incoming_l1,role_random,1,50,permuted_teacher,2,0.013632016306460878
flywire_783_mb_left_kc512_s701,444,incoming_l1,role_random,1,50,permuted_teacher,3,0.013325630987175771
flywire_783_mb_left_kc512_s701,444,incoming_l1,role_random,1,50,permuted_teacher,4,0.013090182003398754
flywire_783_mb_left_kc512_s701,444,incoming_l1,role_random,1,50,permuted_teacher,5,0.012911567650616993
flywire_783_mb_left_kc512_s701,444,incoming_l1,role_random,1,50,permuted_teacher,6,0.012773710690561182
flywire_783_mb_left_kc512_s701,444,incoming_l1,role_random,1,50,permuted_teacher,7,0.012663245889493692
flywire_783_mb_left_kc512_s701,444,incoming_l1,role_random,1,50,permuted_teacher,8,0.012574725298192346
flywire_783_mb_left_kc512_s701,444,incoming_l1,role_random,1,50,permuted_teacher,9,0.01250324375149092
flywire_783_mb_left_kc512_s701,444,incoming_l1,role_random,1,50,permuted_teacher,10,0.012445684876880967
flywire_783_mb_left_kc512_s701,444,incoming_l1,role_random,1,50,permuted_teacher,11,0.01239896672892943
flywire_783_mb_left_kc512_s701,444,incoming_l1,role_random,1,50,permuted_teacher,12,0.012360575173361187
flywire_783_mb_left_kc512_s701,444,incoming_l1,role_random,1,50,permuted_teacher,13,0.012328371196084912
flywire_783_mb_left_kc512_s701,444,incoming_l1,role_random,1,50,permuted_teacher,14,0.01230053205432675
flywire_783_mb_left_kc512_s701,444,incoming_l1,role_random,1,50,permuted_teacher,15,0.0122765558763107
flywire_783_mb_left_kc512_s701,444,incoming_l1,role_random,1,50,permuted_teacher,16,0.012256043183102297
flywire_783_mb_left_kc512_s701,444,incoming_l1,role_random,1,50,permuted_teacher,17,0.012237993995469267
flywire_783_mb_left_kc512_s701,444,incoming_l1,role_random,1,50,permuted_teacher,18,0.01222198665758106
flywire_783_mb_left_kc512_s701,444,incoming_l1,role_random,1,50,permuted_teacher,19,0.012207733161916418
flywire_783_mb_left_kc512_s701,444,incoming_l1,role_random,1,50,permuted_teacher,20,0.012195146851308845
flywire_783_mb_left_kc512_s701,444,incoming_l1,role_random,1,50,permuted_teacher,21,0.012184142256372035
flywire_783_mb_left_kc512_s701,444,incoming_l1,role_random,1,50,permuted_teacher,22,0.012174329956187908
flywire_783_mb_left_kc512_s701,444,incoming_l1,role_random,1,50,permuted_teacher,23,0.012165516955667774
flywire_783_mb_left_kc512_s701,444,incoming_l1,role_random,1,50,permuted_teacher,24,0.01215750153749546
flywire_783_mb_left_kc512_s701,444,incoming_l1,role_random,1,50,permuted_teacher,25,0.012150159379345285
flywire_783_mb_left_kc512_s701,444,incoming_l1,role_random,1,50,permuted_teacher,26,0.012143457976367409
flywire_783_mb_left_kc512_s701,444,incoming_l1,role_random,1,50,permuted_teacher,27,0.012137399214167309
flywire_783_mb_left_kc512_s701,444,incoming_l1,role_random,1,50,permuted_teacher,28,0.01213186700685789
flywire_783_mb_left_kc512_s701,444,incoming_l1,role_random,1,50,permuted_teacher,29,0.012126754469200293
flywire_783_mb_left_kc512_s701,444,incoming_l1,role_random,1,50,permuted_teacher,30,0.012121945250293035
flywire_783_mb_left_kc512_s701,444,incoming_l1,role_random,1,200,supervised,1,0.013535940241356383
flywire_783_mb_left_kc512_s701,444,incoming_l1,role_random,1,200,supervised,2,0.012874795944727863
flywire_783_mb_left_kc512_s701,444,incoming_l1,role_random,1,200,supervised,3,0.012635473038639574
flywire_783_mb_left_kc512_s701,444,incoming_l1,role_random,1,200,supervised,4,0.012524417264416202
flywire_783_mb_left_kc512_s701,444,incoming_l1,role_random,1,200,supervised,5,0.012462917802015876
flywire_783_mb_left_kc512_s701,444,incoming_l1,role_random,1,200,supervised,6,0.01242446742303829
flywire_783_mb_left_kc512_s701,444,incoming_l1,role_random,1,200,supervised,7,0.012398721182229037
flywire_783_mb_left_kc512_s701,444,incoming_l1,role_random,1,200,supervised,8,0.01238040013474776
flywire_783_mb_left_kc512_s701,444,incoming_l1,role_random,1,200,supervised,9,0.012367254282973568
flywire_783_mb_left_kc512_s701,444,incoming_l1,role_random,1,200,supervised,10,0.012357630084520628
flywire_783_mb_left_kc512_s701,444,incoming_l1,role_random,1,200,supervised,11,0.012350205609429144
flywire_783_mb_left_kc512_s701,444,incoming_l1,role_random,1,200,supervised,12,0.012344663001634244
flywire_783_mb_left_kc512_s701,444,incoming_l1,role_random,1,200,supervised,13,0.012340311929524941
flywire_783_mb_left_kc512_s701,444,incoming_l1,role_random,1,200,supervised,14,0.012336832480632566
flywire_783_mb_left_kc512_s701,444,incoming_l1,role_random,1,200,supervised,15,0.01233411464684713
flywire_783_mb_left_kc512_s701,444,incoming_l1,role_random,1,200,supervised,16,0.012331886784615274
flywire_783_mb_left_kc512_s701,444,incoming_l1,role_random,1,200,supervised,17,0.012329972485653182
flywire_783_mb_left_kc512_s701,444,incoming_l1,role_random,1,200,supervised,18,0.012328283633761053
flywire_783_mb_left_kc512_s701,444,incoming_l1,role_random,1,200,supervised,19,0.012326776274089285
flywire_783_mb_left_kc512_s701,444,incoming_l1,role_random,1,200,supervised,20,0.012325434558473777
flywire_783_mb_left_kc512_s701,444,incoming_l1,role_random,1,200,supervised,21,0.012324228447732325
flywire_783_mb_left_kc512_s701,444,incoming_l1,role_random,1,200,supervised,22,0.012323109188542012
flywire_783_mb_left_kc512_s701,444,incoming_l1,role_random,1,200,supervised,23,0.01232211020220462
flywire_783_mb_left_kc512_s701,444,incoming_l1,role_random,1,200,supervised,24,0.012321192409806385
flywire_783_mb_left_kc512_s701,444,incoming_l1,role_random,1,200,supervised,25,0.012320345789730841
flywire_783_mb_left_kc512_s701,444,incoming_l1,role_random,1,200,supervised,26,0.012319586958318831
flywire_783_mb_left_kc512_s701,444,incoming_l1,role_random,1,200,supervised,27,0.012318882249257247
flywire_783_mb_left_kc512_s701,444,incoming_l1,role_random,1,200,supervised,28,0.012318250777912276
flywire_783_mb_left_kc512_s701,444,incoming_l1,role_random,1,200,supervised,29,0.012317693634564418
flywire_783_mb_left_kc512_s701,444,incoming_l1,role_random,1,200,supervised,30,0.01231717792078471
flywire_783_mb_left_kc512_s701,444,incoming_l1,role_random,1,200,permuted_teacher,1,0.013575326346432718
flywire_783_mb_left_kc512_s701,444,incoming_l1,role_random,1,200,permuted_teacher,2,0.01291979773876569
flywire_783_mb_left_kc512_s701,444,incoming_l1,role_random,1,200,permuted_teacher,3,0.01268193871540064
flywire_783_mb_left_kc512_s701,444,incoming_l1,role_random,1,200,permuted_teacher,4,0.012571298291177516
flywire_783_mb_left_kc512_s701,444,incoming_l1,role_random,1,200,permuted_teacher,5,0.012509470811559027
flywire_783_mb_left_kc512_s701,444,incoming_l1,role_random,1,200,permuted_teacher,6,0.012470962075297458
flywire_783_mb_left_kc512_s701,444,incoming_l1,role_random,1,200,permuted_teacher,7,0.012445771828374941
flywire_783_mb_left_kc512_s701,444,incoming_l1,role_random,1,200,permuted_teacher,8,0.012428261377586031
flywire_783_mb_left_kc512_s701,444,incoming_l1,role_random,1,200,permuted_teacher,9,0.012415607248091138
flywire_783_mb_left_kc512_s701,444,incoming_l1,role_random,1,200,permuted_teacher,10,0.012406184347331907
flywire_783_mb_left_kc512_s701,444,incoming_l1,role_random,1,200,permuted_teacher,11,0.012398938909341453
flywire_783_mb_left_kc512_s701,444,incoming_l1,role_random,1,200,permuted_teacher,12,0.01239329166358154
flywire_783_mb_left_kc512_s701,444,incoming_l1,role_random,1,200,permuted_teacher,13,0.012388614490933944
flywire_783_mb_left_kc512_s701,444,incoming_l1,role_random,1,200,permuted_teacher,14,0.012384754274230504
flywire_783_mb_left_kc512_s701,444,incoming_l1,role_random,1,200,permuted_teacher,15,0.012381545920500912
flywire_783_mb_left_kc512_s701,444,incoming_l1,role_random,1,200,permuted_teacher,16,0.012378908893006246
flywire_783_mb_left_kc512_s701,444,incoming_l1,role_random,1,200,permuted_teacher,17,0.012376719293484563
flywire_783_mb_left_kc512_s701,444,incoming_l1,role_random,1,200,permuted_teacher,18,0.012374881829058743
flywire_783_mb_left_kc512_s701,444,incoming_l1,role_random,1,200,permuted_teacher,19,0.012373272547200543
flywire_783_mb_left_kc512_s701,444,incoming_l1,role_random,1,200,permuted_teacher,20,0.012371846128856206
flywire_783_mb_left_kc512_s701,444,incoming_l1,role_random,1,200,permuted_teacher,21,0.012370591982228708
flywire_783_mb_left_kc512_s701,444,incoming_l1,role_random,1,200,permuted_teacher,22,0.012369484975917939
flywire_783_mb_left_kc512_s701,444,incoming_l1,role_random,1,200,permuted_teacher,23,0.012368570710127052
flywire_783_mb_left_kc512_s701,444,incoming_l1,role_random,1,200,permuted_teacher,24,0.012367746869776399
flywire_783_mb_left_kc512_s701,444,incoming_l1,role_random,1,200,permuted_teacher,25,0.012366994016121718
flywire_783_mb_left_kc512_s701,444,incoming_l1,role_random,1,200,permuted_teacher,26,0.012366311679349892
flywire_783_mb_left_kc512_s701,444,incoming_l1,role_random,1,200,permuted_teacher,27,0.012365708538791658
flywire_783_mb_left_kc512_s701,444,incoming_l1,role_random,1,200,permuted_teacher,28,0.012365155758766863
flywire_783_mb_left_kc512_s701,444,incoming_l1,role_random,1,200,permuted_teacher,29,0.012364651232238868
flywire_783_mb_left_kc512_s701,444,incoming_l1,role_random,1,200,permuted_teacher,30,0.01236418893839735
flywire_783_mb_left_kc512_s701,444,incoming_l1,role_random,2,50,supervised,1,0.01395294978620374
flywire_783_mb_left_kc512_s701,444,incoming_l1,role_random,2,50,supervised,2,0.013522344994722615
flywire_783_mb_left_kc512_s701,444,incoming_l1,role_random,2,50,supervised,3,0.013192564910167565
flywire_783_mb_left_kc512_s701,444,incoming_l1,role_random,2,50,supervised,4,0.012940585596764382
flywire_783_mb_left_kc512_s701,444,incoming_l1,role_random,2,50,supervised,5,0.01275088834340281
flywire_783_mb_left_kc512_s701,444,incoming_l1,role_random,2,50,supervised,6,0.01260452614310857
flywire_783_mb_left_kc512_s701,444,incoming_l1,role_random,2,50,supervised,7,0.012488598075951157
flywire_783_mb_left_kc512_s701,444,incoming_l1,role_random,2,50,supervised,8,0.012396783972899622
flywire_783_mb_left_kc512_s701,444,incoming_l1,role_random,2,50,supervised,9,0.012322637245358134
flywire_783_mb_left_kc512_s701,444,incoming_l1,role_random,2,50,supervised,10,0.012262205072613242
flywire_783_mb_left_kc512_s701,444,incoming_l1,role_random,2,50,supervised,11,0.012212393844921005
flywire_783_mb_left_kc512_s701,444,incoming_l1,role_random,2,50,supervised,12,0.012171344376385148
flywire_783_mb_left_kc512_s701,444,incoming_l1,role_random,2,50,supervised,13,0.012136426409807692
flywire_783_mb_left_kc512_s701,444,incoming_l1,role_random,2,50,supervised,14,0.012106660777855407
flywire_783_mb_left_kc512_s701,444,incoming_l1,role_random,2,50,supervised,15,0.01208099550137419
flywire_783_mb_left_kc512_s701,444,incoming_l1,role_random,2,50,supervised,16,0.012058917556964376
flywire_783_mb_left_kc512_s701,444,incoming_l1,role_random,2,50,supervised,17,0.01203962143628651
flywire_783_mb_left_kc512_s701,444,incoming_l1,role_random,2,50,supervised,18,0.012022661116141843
flywire_783_mb_left_kc512_s701,444,incoming_l1,role_random,2,50,supervised,19,0.012007619808346992
flywire_783_mb_left_kc512_s701,444,incoming_l1,role_random,2,50,supervised,20,0.011994292786681128
flywire_783_mb_left_kc512_s701,444,incoming_l1,role_random,2,50,supervised,21,0.01198245953653349
flywire_783_mb_left_kc512_s701,444,incoming_l1,role_random,2,50,supervised,22,0.011971970198330009
flywire_783_mb_left_kc512_s701,444,incoming_l1,role_random,2,50,supervised,23,0.011962561970135706
flywire_783_mb_left_kc512_s701,444,incoming_l1,role_random,2,50,supervised,24,0.011954164725982985
flywire_783_mb_left_kc512_s701,444,incoming_l1,role_random,2,50,supervised,25,0.0119466374225987
flywire_783_mb_left_kc512_s701,444,incoming_l1,role_random,2,50,supervised,26,0.011939855878033794
flywire_783_mb_left_kc512_s701,444,incoming_l1,role_random,2,50,supervised,27,0.011933617604197585
flywire_783_mb_left_kc512_s701,444,incoming_l1,role_random,2,50,supervised,28,0.011927910218375366
flywire_783_mb_left_kc512_s701,444,incoming_l1,role_random,2,50,supervised,29,0.01192279467141279
flywire_783_mb_left_kc512_s701,444,incoming_l1,role_random,2,50,supervised,30,0.011918078216218913
flywire_783_mb_left_kc512_s701,444,incoming_l1,role_random,2,50,permuted_teacher,1,0.014007615696585202
flywire_783_mb_left_kc512_s701,444,incoming_l1,role_random,2,50,permuted_teacher,2,0.0135795662411386
flywire_783_mb_left_kc512_s701,444,incoming_l1,role_random,2,50,permuted_teacher,3,0.013253043935228068
flywire_783_mb_left_kc512_s701,444,incoming_l1,role_random,2,50,permuted_teacher,4,0.01300357071027356
flywire_783_mb_left_kc512_s701,444,incoming_l1,role_random,2,50,permuted_teacher,5,0.012815518181063636
flywire_783_mb_left_kc512_s701,444,incoming_l1,role_random,2,50,permuted_teacher,6,0.012670897523823834
flywire_783_mb_left_kc512_s701,444,incoming_l1,role_random,2,50,permuted_teacher,7,0.012554787933855891
flywire_783_mb_left_kc512_s701,444,incoming_l1,role_random,2,50,permuted_teacher,8,0.01246246132400009
flywire_783_mb_left_kc512_s701,444,incoming_l1,role_random,2,50,permuted_teacher,9,0.012388734756242942
flywire_783_mb_left_kc512_s701,444,incoming_l1,role_random,2,50,permuted_teacher,10,0.012329672819394217
flywire_783_mb_left_kc512_s701,444,incoming_l1,role_random,2,50,permuted_teacher,11,0.012282288884779382
flywire_783_mb_left_kc512_s701,444,incoming_l1,role_random,2,50,permuted_teacher,12,0.012242627196594448
flywire_783_mb_left_kc512_s701,444,incoming_l1,role_random,2,50,permuted_teacher,13,0.01220915188747344
flywire_783_mb_left_kc512_s701,444,incoming_l1,role_random,2,50,permuted_teacher,14,0.012180505133450665
flywire_783_mb_left_kc512_s701,444,incoming_l1,role_random,2,50,permuted_teacher,15,0.012156102198125265
flywire_783_mb_left_kc512_s701,444,incoming_l1,role_random,2,50,permuted_teacher,16,0.01213523480327247
flywire_783_mb_left_kc512_s701,444,incoming_l1,role_random,2,50,permuted_teacher,17,0.01211724135162047
flywire_783_mb_left_kc512_s701,444,incoming_l1,role_random,2,50,permuted_teacher,18,0.01210117062877608
flywire_783_mb_left_kc512_s701,444,incoming_l1,role_random,2,50,permuted_teacher,19,0.012086891578539085
flywire_783_mb_left_kc512_s701,444,incoming_l1,role_random,2,50,permuted_teacher,20,0.012074247178385402
flywire_783_mb_left_kc512_s701,444,incoming_l1,role_random,2,50,permuted_teacher,21,0.012063011607474606
flywire_783_mb_left_kc512_s701,444,incoming_l1,role_random,2,50,permuted_teacher,22,0.01205288622825491
flywire_783_mb_left_kc512_s701,444,incoming_l1,role_random,2,50,permuted_teacher,23,0.012043789093982057
flywire_783_mb_left_kc512_s701,444,incoming_l1,role_random,2,50,permuted_teacher,24,0.012035554814535067
flywire_783_mb_left_kc512_s701,444,incoming_l1,role_random,2,50,permuted_teacher,25,0.012028092897680283
flywire_783_mb_left_kc512_s701,444,incoming_l1,role_random,2,50,permuted_teacher,26,0.012021346102607824
flywire_783_mb_left_kc512_s701,444,incoming_l1,role_random,2,50,permuted_teacher,27,0.012015164477672237
flywire_783_mb_left_kc512_s701,444,incoming_l1,role_random,2,50,permuted_teacher,28,0.012009638234546418
flywire_783_mb_left_kc512_s701,444,incoming_l1,role_random,2,50,permuted_teacher,29,0.012004565243072762
flywire_783_mb_left_kc512_s701,444,incoming_l1,role_random,2,50,permuted_teacher,30,0.011999846388247106
flywire_783_mb_left_kc512_s701,444,incoming_l1,role_random,2,200,supervised,1,0.013569565161018147
flywire_783_mb_left_kc512_s701,444,incoming_l1,role_random,2,200,supervised,2,0.012898142894528997
flywire_783_mb_left_kc512_s701,444,incoming_l1,role_random,2,200,supervised,3,0.012647685343117106
flywire_783_mb_left_kc512_s701,444,incoming_l1,role_random,2,200,supervised,4,0.012525939475988143
flywire_783_mb_left_kc512_s701,444,incoming_l1,role_random,2,200,supervised,5,0.012455951348292693
flywire_783_mb_left_kc512_s701,444,incoming_l1,role_random,2,200,supervised,6,0.012410641584861534
flywire_783_mb_left_kc512_s701,444,incoming_l1,role_random,2,200,supervised,7,0.0123804371064598
flywire_783_mb_left_kc512_s701,444,incoming_l1,role_random,2,200,supervised,8,0.01235890564390035
flywire_783_mb_left_kc512_s701,444,incoming_l1,role_random,2,200,supervised,9,0.01234283614943332
flywire_783_mb_left_kc512_s701,444,incoming_l1,role_random,2,200,supervised,10,0.012330702944127376
flywire_783_mb_left_kc512_s701,444,incoming_l1,role_random,2,200,supervised,11,0.012321193590015732
flywire_783_mb_left_kc512_s701,444,incoming_l1,role_random,2,200,supervised,12,0.012313441053201224
flywire_783_mb_left_kc512_s701,444,incoming_l1,role_random,2,200,supervised,13,0.01230725846312641
flywire_783_mb_left_kc512_s701,444,incoming_l1,role_random,2,200,supervised,14,0.01230246291796096
flywire_783_mb_left_kc512_s701,444,incoming_l1,role_random,2,200,supervised,15,0.012298420629841779
flywire_783_mb_left_kc512_s701,444,incoming_l1,role_random,2,200,supervised,16,0.012295107193729424
flywire_783_mb_left_kc512_s701,444,incoming_l1,role_random,2,200,supervised,17,0.012292279671964322
flywire_783_mb_left_kc512_s701,444,incoming_l1,role_random,2,200,supervised,18,0.012289848024535775
flywire_783_mb_left_kc512_s701,444,incoming_l1,role_random,2,200,supervised,19,0.01228777495308181
flywire_783_mb_left_kc512_s701,444,incoming_l1,role_random,2,200,supervised,20,0.012285998333191403
flywire_783_mb_left_kc512_s701,444,incoming_l1,role_random,2,200,supervised,21,0.012284363385780202
flywire_783_mb_left_kc512_s701,444,incoming_l1,role_random,2,200,supervised,22,0.012282894211280565
flywire_783_mb_left_kc512_s701,444,incoming_l1,role_random,2,200,supervised,23,0.012281576861832373
flywire_783_mb_left_kc512_s701,444,incoming_l1,role_random,2,200,supervised,24,0.012280372949455184
flywire_783_mb_left_kc512_s701,444,incoming_l1,role_random,2,200,supervised,25,0.01227925876441412
flywire_783_mb_left_kc512_s701,444,incoming_l1,role_random,2,200,supervised,26,0.012278266886818849
flywire_783_mb_left_kc512_s701,444,incoming_l1,role_random,2,200,supervised,27,0.012277391859287452
flywire_783_mb_left_kc512_s701,444,incoming_l1,role_random,2,200,supervised,28,0.012276602926306637
flywire_783_mb_left_kc512_s701,444,incoming_l1,role_random,2,200,supervised,29,0.012275885027544549
flywire_783_mb_left_kc512_s701,444,incoming_l1,role_random,2,200,supervised,30,0.012275217736257952
flywire_783_mb_left_kc512_s701,444,incoming_l1,role_random,2,200,permuted_teacher,1,0.01361432136630692
flywire_783_mb_left_kc512_s701,444,incoming_l1,role_random,2,200,permuted_teacher,2,0.01297301466267717
flywire_783_mb_left_kc512_s701,444,incoming_l1,role_random,2,200,permuted_teacher,3,0.012739247803811837
flywire_783_mb_left_kc512_s701,444,incoming_l1,role_random,2,200,permuted_teacher,4,0.012631121704596645
flywire_783_mb_left_kc512_s701,444,incoming_l1,role_random,2,200,permuted_teacher,5,0.012570532173832394
flywire_783_mb_left_kc512_s701,444,incoming_l1,role_random,2,200,permuted_teacher,6,0.012532676595766326
flywire_783_mb_left_kc512_s701,444,incoming_l1,role_random,2,200,permuted_teacher,7,0.012507773552866834
flywire_783_mb_left_kc512_s701,444,incoming_l1,role_random,2,200,permuted_teacher,8,0.012490173742701595
flywire_783_mb_left_kc512_s701,444,incoming_l1,role_random,2,200,permuted_teacher,9,0.012477018666683246
flywire_783_mb_left_kc512_s701,444,incoming_l1,role_random,2,200,permuted_teacher,10,0.012467078764560503
flywire_783_mb_left_kc512_s701,444,incoming_l1,role_random,2,200,permuted_teacher,11,0.012459728233288888
flywire_783_mb_left_kc512_s701,444,incoming_l1,role_random,2,200,permuted_teacher,12,0.012454073745512405
flywire_783_mb_left_kc512_s701,444,incoming_l1,role_random,2,200,permuted_teacher,13,0.012449625769980644
flywire_783_mb_left_kc512_s701,444,incoming_l1,role_random,2,200,permuted_teacher,14,0.012446168931016919
flywire_783_mb_left_kc512_s701,444,incoming_l1,role_random,2,200,permuted_teacher,15,0.012443447754147716
flywire_783_mb_left_kc512_s701,444,incoming_l1,role_random,2,200,permuted_teacher,16,0.012441108613928201
flywire_783_mb_left_kc512_s701,444,incoming_l1,role_random,2,200,permuted_teacher,17,0.012439068905669733
flywire_783_mb_left_kc512_s701,444,incoming_l1,role_random,2,200,permuted_teacher,18,0.012437405675032058
flywire_783_mb_left_kc512_s701,444,incoming_l1,role_random,2,200,permuted_teacher,19,0.012435977151829793
flywire_783_mb_left_kc512_s701,444,incoming_l1,role_random,2,200,permuted_teacher,20,0.0124347466787192
flywire_783_mb_left_kc512_s701,444,incoming_l1,role_random,2,200,permuted_teacher,21,0.012433711786733772
flywire_783_mb_left_kc512_s701,444,incoming_l1,role_random,2,200,permuted_teacher,22,0.01243277914213939
flywire_783_mb_left_kc512_s701,444,incoming_l1,role_random,2,200,permuted_teacher,23,0.012431880077794303
flywire_783_mb_left_kc512_s701,444,incoming_l1,role_random,2,200,permuted_teacher,24,0.012431088875882762
flywire_783_mb_left_kc512_s701,444,incoming_l1,role_random,2,200,permuted_teacher,25,0.012430418046249322
flywire_783_mb_left_kc512_s701,444,incoming_l1,role_random,2,200,permuted_teacher,26,0.012429820212973884
flywire_783_mb_left_kc512_s701,444,incoming_l1,role_random,2,200,permuted_teacher,27,0.012429271436017412
flywire_783_mb_left_kc512_s701,444,incoming_l1,role_random,2,200,permuted_teacher,28,0.012428775203310012
flywire_783_mb_left_kc512_s701,444,incoming_l1,role_random,2,200,permuted_teacher,29,0.012428343790882401
flywire_783_mb_left_kc512_s701,444,incoming_l1,role_random,2,200,permuted_teacher,30,0.012427945307522925
flywire_783_mb_left_kc512_s702,442,spectral,fly,1,50,supervised,1,0.017322620169329728
flywire_783_mb_left_kc512_s702,442,spectral,fly,1,50,supervised,2,0.01683004816433359
flywire_783_mb_left_kc512_s702,442,spectral,fly,1,50,supervised,3,0.016521793053651743
flywire_783_mb_left_kc512_s702,442,spectral,fly,1,50,supervised,4,0.016330943078318307
flywire_783_mb_left_kc512_s702,442,spectral,fly,1,50,supervised,5,0.016208173051075702
flywire_783_mb_left_kc512_s702,442,spectral,fly,1,50,supervised,6,0.016124167209907465
flywire_783_mb_left_kc512_s702,442,spectral,fly,1,50,supervised,7,0.016063527386293266
flywire_783_mb_left_kc512_s702,442,spectral,fly,1,50,supervised,8,0.016018758025004944
flywire_783_mb_left_kc512_s702,442,spectral,fly,1,50,supervised,9,0.01598447562701839
flywire_783_mb_left_kc512_s702,442,spectral,fly,1,50,supervised,10,0.015956917041202178
flywire_783_mb_left_kc512_s702,442,spectral,fly,1,50,supervised,11,0.015934441109121972
flywire_783_mb_left_kc512_s702,442,spectral,fly,1,50,supervised,12,0.015916242549354007
flywire_783_mb_left_kc512_s702,442,spectral,fly,1,50,supervised,13,0.01590152958851642
flywire_783_mb_left_kc512_s702,442,spectral,fly,1,50,supervised,14,0.01588936745484254
flywire_783_mb_left_kc512_s702,442,spectral,fly,1,50,supervised,15,0.015878995954046862
flywire_783_mb_left_kc512_s702,442,spectral,fly,1,50,supervised,16,0.015870321381914045
flywire_783_mb_left_kc512_s702,442,spectral,fly,1,50,supervised,17,0.01586299152547735
flywire_783_mb_left_kc512_s702,442,spectral,fly,1,50,supervised,18,0.015856506899442843
flywire_783_mb_left_kc512_s702,442,spectral,fly,1,50,supervised,19,0.015850773319059246
flywire_783_mb_left_kc512_s702,442,spectral,fly,1,50,supervised,20,0.01584578453338491
flywire_783_mb_left_kc512_s702,442,spectral,fly,1,50,supervised,21,0.015841452601997447
flywire_783_mb_left_kc512_s702,442,spectral,fly,1,50,supervised,22,0.015837657353448532
flywire_783_mb_left_kc512_s702,442,spectral,fly,1,50,supervised,23,0.015834340031871907
flywire_783_mb_left_kc512_s702,442,spectral,fly,1,50,supervised,24,0.015831362920990872
flywire_783_mb_left_kc512_s702,442,spectral,fly,1,50,supervised,25,0.015828688038070794
flywire_783_mb_left_kc512_s702,442,spectral,fly,1,50,supervised,26,0.01582622318575599
flywire_783_mb_left_kc512_s702,442,spectral,fly,1,50,supervised,27,0.015823961698670227
flywire_783_mb_left_kc512_s702,442,spectral,fly,1,50,supervised,28,0.015821858791891148
flywire_783_mb_left_kc512_s702,442,spectral,fly,1,50,supervised,29,0.01581993251570136
flywire_783_mb_left_kc512_s702,442,spectral,fly,1,50,supervised,30,0.01581818061375677
flywire_783_mb_left_kc512_s702,442,spectral,fly,1,50,permuted_teacher,1,0.01730647069040262
flywire_783_mb_left_kc512_s702,442,spectral,fly,1,50,permuted_teacher,2,0.01682517306424793
flywire_783_mb_left_kc512_s702,442,spectral,fly,1,50,permuted_teacher,3,0.016526028369894544
flywire_783_mb_left_kc512_s702,442,spectral,fly,1,50,permuted_teacher,4,0.01634344452757737
flywire_783_mb_left_kc512_s702,442,spectral,fly,1,50,permuted_teacher,5,0.016228574133284643
flywire_783_mb_left_kc512_s702,442,spectral,fly,1,50,permuted_teacher,6,0.01615152439769657
flywire_783_mb_left_kc512_s702,442,spectral,fly,1,50,permuted_teacher,7,0.016096969161307602
flywire_783_mb_left_kc512_s702,442,spectral,fly,1,50,permuted_teacher,8,0.016056875944380367
flywire_783_mb_left_kc512_s702,442,spectral,fly,1,50,permuted_teacher,9,0.0160259773312655
flywire_783_mb_left_kc512_s702,442,spectral,fly,1,50,permuted_teacher,10,0.01600157571310271
flywire_783_mb_left_kc512_s702,442,spectral,fly,1,50,permuted_teacher,11,0.015981507957532018
flywire_783_mb_left_kc512_s702,442,spectral,fly,1,50,permuted_teacher,12,0.015964937002759777
flywire_783_mb_left_kc512_s702,442,spectral,fly,1,50,permuted_teacher,13,0.015951006265199387
flywire_783_mb_left_kc512_s702,442,spectral,fly,1,50,permuted_teacher,14,0.015939305282177244
flywire_783_mb_left_kc512_s702,442,spectral,fly,1,50,permuted_teacher,15,0.015929307017361515
flywire_783_mb_left_kc512_s702,442,spectral,fly,1,50,permuted_teacher,16,0.01592082669400086
flywire_783_mb_left_kc512_s702,442,spectral,fly,1,50,permuted_teacher,17,0.01591351188045662
flywire_783_mb_left_kc512_s702,442,spectral,fly,1,50,permuted_teacher,18,0.015907095671631972
flywire_783_mb_left_kc512_s702,442,spectral,fly,1,50,permuted_teacher,19,0.015901535642403222
flywire_783_mb_left_kc512_s702,442,spectral,fly,1,50,permuted_teacher,20,0.015896640312731535
flywire_783_mb_left_kc512_s702,442,spectral,fly,1,50,permuted_teacher,21,0.015892279355013892
flywire_783_mb_left_kc512_s702,442,spectral,fly,1,50,permuted_teacher,22,0.015888460584927815
flywire_783_mb_left_kc512_s702,442,spectral,fly,1,50,permuted_teacher,23,0.015885070248416563
flywire_783_mb_left_kc512_s702,442,spectral,fly,1,50,permuted_teacher,24,0.015882048275681425
flywire_783_mb_left_kc512_s702,442,spectral,fly,1,50,permuted_teacher,25,0.01587934395245458
flywire_783_mb_left_kc512_s702,442,spectral,fly,1,50,permuted_teacher,26,0.015876892223543746
flywire_783_mb_left_kc512_s702,442,spectral,fly,1,50,permuted_teacher,27,0.015874638778339934
flywire_783_mb_left_kc512_s702,442,spectral,fly,1,50,permuted_teacher,28,0.015872551349243223
flywire_783_mb_left_kc512_s702,442,spectral,fly,1,50,permuted_teacher,29,0.015870635208745744
flywire_783_mb_left_kc512_s702,442,spectral,fly,1,50,permuted_teacher,30,0.015868948737594736
flywire_783_mb_left_kc512_s702,442,spectral,fly,1,200,supervised,1,0.01703954523913822
flywire_783_mb_left_kc512_s702,442,spectral,fly,1,200,supervised,2,0.016485088995198526
flywire_783_mb_left_kc512_s702,442,spectral,fly,1,200,supervised,3,0.01636079812119118
flywire_783_mb_left_kc512_s702,442,spectral,fly,1,200,supervised,4,0.01631599441803924
flywire_783_mb_left_kc512_s702,442,spectral,fly,1,200,supervised,5,0.016295606565579112
flywire_783_mb_left_kc512_s702,442,spectral,fly,1,200,supervised,6,0.016283884385338076
flywire_783_mb_left_kc512_s702,442,spectral,fly,1,200,supervised,7,0.01627643931560868
flywire_783_mb_left_kc512_s702,442,spectral,fly,1,200,supervised,8,0.016271447705212508
flywire_783_mb_left_kc512_s702,442,spectral,fly,1,200,supervised,9,0.016267845851151694
flywire_783_mb_left_kc512_s702,442,spectral,fly,1,200,supervised,10,0.016265144506734695
flywire_783_mb_left_kc512_s702,442,spectral,fly,1,200,supervised,11,0.016263068766586636
flywire_783_mb_left_kc512_s702,442,spectral,fly,1,200,supervised,12,0.01626160629945135
flywire_783_mb_left_kc512_s702,442,spectral,fly,1,200,supervised,13,0.016260581804797263
flywire_783_mb_left_kc512_s702,442,spectral,fly,1,200,supervised,14,0.01625975349884357
flywire_783_mb_left_kc512_s702,442,spectral,fly,1,200,supervised,15,0.016259064759404793
flywire_783_mb_left_kc512_s702,442,spectral,fly,1,200,supervised,16,0.016258482090120464
flywire_783_mb_left_kc512_s702,442,spectral,fly,1,200,supervised,17,0.016257977678115147
flywire_783_mb_left_kc512_s702,442,spectral,fly,1,200,supervised,18,0.01625753372159879
flywire_783_mb_left_kc512_s702,442,spectral,fly,1,200,supervised,19,0.016257141383325072
flywire_783_mb_left_kc512_s702,442,spectral,fly,1,200,supervised,20,0.01625679805088312
flywire_783_mb_left_kc512_s702,442,spectral,fly,1,200,supervised,21,0.01625649012859591
flywire_783_mb_left_kc512_s702,442,spectral,fly,1,200,supervised,22,0.016256218382615872
flywire_783_mb_left_kc512_s702,442,spectral,fly,1,200,supervised,23,0.016255986623480937
flywire_783_mb_left_kc512_s702,442,spectral,fly,1,200,supervised,24,0.01625578749268352
flywire_783_mb_left_kc512_s702,442,spectral,fly,1,200,supervised,25,0.01625560899387027
flywire_783_mb_left_kc512_s702,442,spectral,fly,1,200,supervised,26,0.01625547055279118
flywire_783_mb_left_kc512_s702,442,spectral,fly,1,200,supervised,27,0.016255368111650716
flywire_783_mb_left_kc512_s702,442,spectral,fly,1,200,supervised,28,0.016255287673149453
flywire_783_mb_left_kc512_s702,442,spectral,fly,1,200,supervised,29,0.01625520780265054
flywire_783_mb_left_kc512_s702,442,spectral,fly,1,200,supervised,30,0.016255125252472632
flywire_783_mb_left_kc512_s702,442,spectral,fly,1,200,permuted_teacher,1,0.01704508517189989
flywire_783_mb_left_kc512_s702,442,spectral,fly,1,200,permuted_teacher,2,0.0164976501581374
flywire_783_mb_left_kc512_s702,442,spectral,fly,1,200,permuted_teacher,3,0.01637774591180142
flywire_783_mb_left_kc512_s702,442,spectral,fly,1,200,permuted_teacher,4,0.01633740621531653
flywire_783_mb_left_kc512_s702,442,spectral,fly,1,200,permuted_teacher,5,0.01631933346499472
flywire_783_mb_left_kc512_s702,442,spectral,fly,1,200,permuted_teacher,6,0.0163092528362963
flywire_783_mb_left_kc512_s702,442,spectral,fly,1,200,permuted_teacher,7,0.016303017932706845
flywire_783_mb_left_kc512_s702,442,spectral,fly,1,200,permuted_teacher,8,0.016298902650864533
flywire_783_mb_left_kc512_s702,442,spectral,fly,1,200,permuted_teacher,9,0.016296194070647363
flywire_783_mb_left_kc512_s702,442,spectral,fly,1,200,permuted_teacher,10,0.01629427547482782
flywire_783_mb_left_kc512_s702,442,spectral,fly,1,200,permuted_teacher,11,0.01629284232086921
flywire_783_mb_left_kc512_s702,442,spectral,fly,1,200,permuted_teacher,12,0.016291799474819336
flywire_783_mb_left_kc512_s702,442,spectral,fly,1,200,permuted_teacher,13,0.016291038609741987
flywire_783_mb_left_kc512_s702,442,spectral,fly,1,200,permuted_teacher,14,0.016290423423605167
flywire_783_mb_left_kc512_s702,442,spectral,fly,1,200,permuted_teacher,15,0.01628994108709764
flywire_783_mb_left_kc512_s702,442,spectral,fly,1,200,permuted_teacher,16,0.016289541290415006
flywire_783_mb_left_kc512_s702,442,spectral,fly,1,200,permuted_teacher,17,0.016289235847471797
flywire_783_mb_left_kc512_s702,442,spectral,fly,1,200,permuted_teacher,18,0.016288979184393853
flywire_783_mb_left_kc512_s702,442,spectral,fly,1,200,permuted_teacher,19,0.01628874882216161
flywire_783_mb_left_kc512_s702,442,spectral,fly,1,200,permuted_teacher,20,0.016288549068976307
flywire_783_mb_left_kc512_s702,442,spectral,fly,1,200,permuted_teacher,21,0.01628837177044556
flywire_783_mb_left_kc512_s702,442,spectral,fly,1,200,permuted_teacher,22,0.016288222807035853
flywire_783_mb_left_kc512_s702,442,spectral,fly,1,200,permuted_teacher,23,0.016288091636163807
flywire_783_mb_left_kc512_s702,442,spectral,fly,1,200,permuted_teacher,24,0.016287973544899324
flywire_783_mb_left_kc512_s702,442,spectral,fly,1,200,permuted_teacher,25,0.016287868346137782
flywire_783_mb_left_kc512_s702,442,spectral,fly,1,200,permuted_teacher,26,0.016287774755980932
flywire_783_mb_left_kc512_s702,442,spectral,fly,1,200,permuted_teacher,27,0.01628769076919449
flywire_783_mb_left_kc512_s702,442,spectral,fly,1,200,permuted_teacher,28,0.01628761485010254
flywire_783_mb_left_kc512_s702,442,spectral,fly,1,200,permuted_teacher,29,0.01628754596688433
flywire_783_mb_left_kc512_s702,442,spectral,fly,1,200,permuted_teacher,30,0.01628748302498473
flywire_783_mb_left_kc512_s702,442,spectral,fly,2,50,supervised,1,0.01737024309441497
flywire_783_mb_left_kc512_s702,442,spectral,fly,2,50,supervised,2,0.01686064831108769
flywire_783_mb_left_kc512_s702,442,spectral,fly,2,50,supervised,3,0.016542399385150786
flywire_783_mb_left_kc512_s702,442,spectral,fly,2,50,supervised,4,0.016345722611791756
flywire_783_mb_left_kc512_s702,442,spectral,fly,2,50,supervised,5,0.016219635349119656
flywire_783_mb_left_kc512_s702,442,spectral,fly,2,50,supervised,6,0.016133839245959635
flywire_783_mb_left_kc512_s702,442,spectral,fly,2,50,supervised,7,0.016072186449770744
flywire_783_mb_left_kc512_s702,442,spectral,fly,2,50,supervised,8,0.016026097644668436
flywire_783_mb_left_kc512_s702,442,spectral,fly,2,50,supervised,9,0.015989500002772678
flywire_783_mb_left_kc512_s702,442,spectral,fly,2,50,supervised,10,0.015960139446617054
flywire_783_mb_left_kc512_s702,442,spectral,fly,2,50,supervised,11,0.015936273813343737
flywire_783_mb_left_kc512_s702,442,spectral,fly,2,50,supervised,12,0.01591665423916757
flywire_783_mb_left_kc512_s702,442,spectral,fly,2,50,supervised,13,0.015900570613098436
flywire_783_mb_left_kc512_s702,442,spectral,fly,2,50,supervised,14,0.01588741887791111
flywire_783_mb_left_kc512_s702,442,spectral,fly,2,50,supervised,15,0.01587632075334113
flywire_783_mb_left_kc512_s702,442,spectral,fly,2,50,supervised,16,0.01586680764743262
flywire_783_mb_left_kc512_s702,442,spectral,fly,2,50,supervised,17,0.015858571777702078
flywire_783_mb_left_kc512_s702,442,spectral,fly,2,50,supervised,18,0.015851518291065403
flywire_783_mb_left_kc512_s702,442,spectral,fly,2,50,supervised,19,0.015845483412255838
flywire_783_mb_left_kc512_s702,442,spectral,fly,2,50,supervised,20,0.015840285190797825
flywire_783_mb_left_kc512_s702,442,spectral,fly,2,50,supervised,21,0.015835775226676885
flywire_783_mb_left_kc512_s702,442,spectral,fly,2,50,supervised,22,0.015831770704545233
flywire_783_mb_left_kc512_s702,442,spectral,fly,2,50,supervised,23,0.015828220251667822
flywire_783_mb_left_kc512_s702,442,spectral,fly,2,50,supervised,24,0.015825102226075912
flywire_783_mb_left_kc512_s702,442,spectral,fly,2,50,supervised,25,0.015822311844452028
flywire_783_mb_left_kc512_s702,442,spectral,fly,2,50,supervised,26,0.015819823168957487
flywire_783_mb_left_kc512_s702,442,spectral,fly,2,50,supervised,27,0.015817587852147895
flywire_783_mb_left_kc512_s702,442,spectral,fly,2,50,supervised,28,0.015815539376338866
flywire_783_mb_left_kc512_s702,442,spectral,fly,2,50,supervised,29,0.015813684013834543
flywire_783_mb_left_kc512_s702,442,spectral,fly,2,50,supervised,30,0.01581196937950161
flywire_783_mb_left_kc512_s702,442,spectral,fly,2,50,permuted_teacher,1,0.017371607848143632
flywire_783_mb_left_kc512_s702,442,spectral,fly,2,50,permuted_teacher,2,0.01687971365844007
flywire_783_mb_left_kc512_s702,442,spectral,fly,2,50,permuted_teacher,3,0.01657280789758451
flywire_783_mb_left_kc512_s702,442,spectral,fly,2,50,permuted_teacher,4,0.01638474005841273
flywire_783_mb_left_kc512_s702,442,spectral,fly,2,50,permuted_teacher,5,0.016265447025654294
flywire_783_mb_left_kc512_s702,442,spectral,fly,2,50,permuted_teacher,6,0.016184760584513895
flywire_783_mb_left_kc512_s702,442,spectral,fly,2,50,permuted_teacher,7,0.016126806269618273
flywire_783_mb_left_kc512_s702,442,spectral,fly,2,50,permuted_teacher,8,0.016083885064141636
flywire_783_mb_left_kc512_s702,442,spectral,fly,2,50,permuted_teacher,9,0.016050354662457463
flywire_783_mb_left_kc512_s702,442,spectral,fly,2,50,permuted_teacher,10,0.016023652419968403
flywire_783_mb_left_kc512_s702,442,spectral,fly,2,50,permuted_teacher,11,0.016002148355139887
flywire_783_mb_left_kc512_s702,442,spectral,fly,2,50,permuted_teacher,12,0.015984583351892317
flywire_783_mb_left_kc512_s702,442,spectral,fly,2,50,permuted_teacher,13,0.01597013993933003
flywire_783_mb_left_kc512_s702,442,spectral,fly,2,50,permuted_teacher,14,0.015958247423734823
flywire_783_mb_left_kc512_s702,442,spectral,fly,2,50,permuted_teacher,15,0.01594824284068691
flywire_783_mb_left_kc512_s702,442,spectral,fly,2,50,permuted_teacher,16,0.015939596531158486
flywire_783_mb_left_kc512_s702,442,spectral,fly,2,50,permuted_teacher,17,0.015932318813307037
flywire_783_mb_left_kc512_s702,442,spectral,fly,2,50,permuted_teacher,18,0.015925992730173706
flywire_783_mb_left_kc512_s702,442,spectral,fly,2,50,permuted_teacher,19,0.015920466224213455
flywire_783_mb_left_kc512_s702,442,spectral,fly,2,50,permuted_teacher,20,0.015915589672919637
flywire_783_mb_left_kc512_s702,442,spectral,fly,2,50,permuted_teacher,21,0.01591129968510544
flywire_783_mb_left_kc512_s702,442,spectral,fly,2,50,permuted_teacher,22,0.015907481468786445
flywire_783_mb_left_kc512_s702,442,spectral,fly,2,50,permuted_teacher,23,0.01590404665270114
flywire_783_mb_left_kc512_s702,442,spectral,fly,2,50,permuted_teacher,24,0.01590096056057735
flywire_783_mb_left_kc512_s702,442,spectral,fly,2,50,permuted_teacher,25,0.015898219638113918
flywire_783_mb_left_kc512_s702,442,spectral,fly,2,50,permuted_teacher,26,0.015895755782745664
flywire_783_mb_left_kc512_s702,442,spectral,fly,2,50,permuted_teacher,27,0.015893498427341893
flywire_783_mb_left_kc512_s702,442,spectral,fly,2,50,permuted_teacher,28,0.015891396390520555
flywire_783_mb_left_kc512_s702,442,spectral,fly,2,50,permuted_teacher,29,0.015889483521894027
flywire_783_mb_left_kc512_s702,442,spectral,fly,2,50,permuted_teacher,30,0.015887797972185022
flywire_783_mb_left_kc512_s702,442,spectral,fly,2,200,supervised,1,0.01706022807114079
flywire_783_mb_left_kc512_s702,442,spectral,fly,2,200,supervised,2,0.016493039357146775
flywire_783_mb_left_kc512_s702,442,spectral,fly,2,200,supervised,3,0.016361088176479775
flywire_783_mb_left_kc512_s702,442,spectral,fly,2,200,supervised,4,0.016313430349503822
flywire_783_mb_left_kc512_s702,442,spectral,fly,2,200,supervised,5,0.01629151251075205
flywire_783_mb_left_kc512_s702,442,spectral,fly,2,200,supervised,6,0.01627938561265723
flywire_783_mb_left_kc512_s702,442,spectral,fly,2,200,supervised,7,0.016271942828471147
flywire_783_mb_left_kc512_s702,442,spectral,fly,2,200,supervised,8,0.016267032114957364
flywire_783_mb_left_kc512_s702,442,spectral,fly,2,200,supervised,9,0.016263823829007776
flywire_783_mb_left_kc512_s702,442,spectral,fly,2,200,supervised,10,0.016261591108088728
flywire_783_mb_left_kc512_s702,442,spectral,fly,2,200,supervised,11,0.016259882724208415
flywire_783_mb_left_kc512_s702,442,spectral,fly,2,200,supervised,12,0.016258507245282442
flywire_783_mb_left_kc512_s702,442,spectral,fly,2,200,supervised,13,0.01625743527012488
flywire_783_mb_left_kc512_s702,442,spectral,fly,2,200,supervised,14,0.016256599631249723
flywire_783_mb_left_kc512_s702,442,spectral,fly,2,200,supervised,15,0.01625592470960027
flywire_783_mb_left_kc512_s702,442,spectral,fly,2,200,supervised,16,0.01625536108119762
flywire_783_mb_left_kc512_s702,442,spectral,fly,2,200,supervised,17,0.016254883185793843
flywire_783_mb_left_kc512_s702,442,spectral,fly,2,200,supervised,18,0.01625448945802098
flywire_783_mb_left_kc512_s702,442,spectral,fly,2,200,supervised,19,0.01625414736649225
flywire_783_mb_left_kc512_s702,442,spectral,fly,2,200,supervised,20,0.0162538796413731
flywire_783_mb_left_kc512_s702,442,spectral,fly,2,200,supervised,21,0.016253690863906888
flywire_783_mb_left_kc512_s702,442,spectral,fly,2,200,supervised,22,0.016253531323213347
flywire_783_mb_left_kc512_s702,442,spectral,fly,2,200,supervised,23,0.0162534087217197
flywire_783_mb_left_kc512_s702,442,spectral,fly,2,200,supervised,24,0.016253304062292084
flywire_783_mb_left_kc512_s702,442,spectral,fly,2,200,supervised,25,0.01625320889918098
flywire_783_mb_left_kc512_s702,442,spectral,fly,2,200,supervised,26,0.016253131570727275
flywire_783_mb_left_kc512_s702,442,spectral,fly,2,200,supervised,27,0.01625306582559499
flywire_783_mb_left_kc512_s702,442,spectral,fly,2,200,supervised,28,0.016253008198212585
flywire_783_mb_left_kc512_s702,442,spectral,fly,2,200,supervised,29,0.01625295780097055
flywire_783_mb_left_kc512_s702,442,spectral,fly,2,200,supervised,30,0.01625291388967964
flywire_783_mb_left_kc512_s702,442,spectral,fly,2,200,permuted_teacher,1,0.0170687987598283
flywire_783_mb_left_kc512_s702,442,spectral,fly,2,200,permuted_teacher,2,0.016508275182846754
flywire_783_mb_left_kc512_s702,442,spectral,fly,2,200,permuted_teacher,3,0.016383108149027215
flywire_783_mb_left_kc512_s702,442,spectral,fly,2,200,permuted_teacher,4,0.016339739530539733
flywire_783_mb_left_kc512_s702,442,spectral,fly,2,200,permuted_teacher,5,0.01632068628111185
flywire_783_mb_left_kc512_s702,442,spectral,fly,2,200,permuted_teacher,6,0.016310481391701753
flywire_783_mb_left_kc512_s702,442,spectral,fly,2,200,permuted_teacher,7,0.016304347525475604
flywire_783_mb_left_kc512_s702,442,spectral,fly,2,200,permuted_teacher,8,0.016300299494735472
flywire_783_mb_left_kc512_s702,442,spectral,fly,2,200,permuted_teacher,9,0.01629750323590389
flywire_783_mb_left_kc512_s702,442,spectral,fly,2,200,permuted_teacher,10,0.016295436767846765
flywire_783_mb_left_kc512_s702,442,spectral,fly,2,200,permuted_teacher,11,0.01629388394942236
flywire_783_mb_left_kc512_s702,442,spectral,fly,2,200,permuted_teacher,12,0.016292720233921337
flywire_783_mb_left_kc512_s702,442,spectral,fly,2,200,permuted_teacher,13,0.016291860280786424
flywire_783_mb_left_kc512_s702,442,spectral,fly,2,200,permuted_teacher,14,0.016291179940154485
flywire_783_mb_left_kc512_s702,442,spectral,fly,2,200,permuted_teacher,15,0.01629061230181785
flywire_783_mb_left_kc512_s702,442,spectral,fly,2,200,permuted_teacher,16,0.01629013157053852
flywire_783_mb_left_kc512_s702,442,spectral,fly,2,200,permuted_teacher,17,0.016289744298372953
flywire_783_mb_left_kc512_s702,442,spectral,fly,2,200,permuted_teacher,18,0.01628946393614879
flywire_783_mb_left_kc512_s702,442,spectral,fly,2,200,permuted_teacher,19,0.016289224206273222
flywire_783_mb_left_kc512_s702,442,spectral,fly,2,200,permuted_teacher,20,0.016289020855162206
flywire_783_mb_left_kc512_s702,442,spectral,fly,2,200,permuted_teacher,21,0.016288848467577312
flywire_783_mb_left_kc512_s702,442,spectral,fly,2,200,permuted_teacher,22,0.016288698576452525
flywire_783_mb_left_kc512_s702,442,spectral,fly,2,200,permuted_teacher,23,0.01628856816275963
flywire_783_mb_left_kc512_s702,442,spectral,fly,2,200,permuted_teacher,24,0.016288454249716585
flywire_783_mb_left_kc512_s702,442,spectral,fly,2,200,permuted_teacher,25,0.01628835537305976
flywire_783_mb_left_kc512_s702,442,spectral,fly,2,200,permuted_teacher,26,0.016288289488884774
flywire_783_mb_left_kc512_s702,442,spectral,fly,2,200,permuted_teacher,27,0.01628823733480058
flywire_783_mb_left_kc512_s702,442,spectral,fly,2,200,permuted_teacher,28,0.01628818538916141
flywire_783_mb_left_kc512_s702,442,spectral,fly,2,200,permuted_teacher,29,0.016288135156197023
flywire_783_mb_left_kc512_s702,442,spectral,fly,2,200,permuted_teacher,30,0.0162880889751476
flywire_783_mb_left_kc512_s702,442,spectral,role_shuffled,1,50,supervised,1,0.01718768461615197
flywire_783_mb_left_kc512_s702,442,spectral,role_shuffled,1,50,supervised,2,0.016694659656629984
flywire_783_mb_left_kc512_s702,442,spectral,role_shuffled,1,50,supervised,3,0.01639514198204452
flywire_783_mb_left_kc512_s702,442,spectral,role_shuffled,1,50,supervised,4,0.01621245748170534
flywire_783_mb_left_kc512_s702,442,spectral,role_shuffled,1,50,supervised,5,0.016092154571330314
flywire_783_mb_left_kc512_s702,442,spectral,role_shuffled,1,50,supervised,6,0.016007766574456257
flywire_783_mb_left_kc512_s702,442,spectral,role_shuffled,1,50,supervised,7,0.015947799151948588
flywire_783_mb_left_kc512_s702,442,spectral,role_shuffled,1,50,supervised,8,0.015903828134212702
flywire_783_mb_left_kc512_s702,442,spectral,role_shuffled,1,50,supervised,9,0.01587045773321548
flywire_783_mb_left_kc512_s702,442,spectral,role_shuffled,1,50,supervised,10,0.015844805395272128
flywire_783_mb_left_kc512_s702,442,spectral,role_shuffled,1,50,supervised,11,0.0158247722077569
flywire_783_mb_left_kc512_s702,442,spectral,role_shuffled,1,50,supervised,12,0.0158085342885035
flywire_783_mb_left_kc512_s702,442,spectral,role_shuffled,1,50,supervised,13,0.015795183025923778
flywire_783_mb_left_kc512_s702,442,spectral,role_shuffled,1,50,supervised,14,0.01578393220369859
flywire_783_mb_left_kc512_s702,442,spectral,role_shuffled,1,50,supervised,15,0.015774205460921904
flywire_783_mb_left_kc512_s702,442,spectral,role_shuffled,1,50,supervised,16,0.015765703534203965
flywire_783_mb_left_kc512_s702,442,spectral,role_shuffled,1,50,supervised,17,0.015758196735638743
flywire_783_mb_left_kc512_s702,442,spectral,role_shuffled,1,50,supervised,18,0.015751479079465662
flywire_783_mb_left_kc512_s702,442,spectral,role_shuffled,1,50,supervised,19,0.01574552620975203
flywire_783_mb_left_kc512_s702,442,spectral,role_shuffled,1,50,supervised,20,0.015740273232629394
flywire_783_mb_left_kc512_s702,442,spectral,role_shuffled,1,50,supervised,21,0.015735603239061903
flywire_783_mb_left_kc512_s702,442,spectral,role_shuffled,1,50,supervised,22,0.015731392915577257
flywire_783_mb_left_kc512_s702,442,spectral,role_shuffled,1,50,supervised,23,0.015727520688895862
flywire_783_mb_left_kc512_s702,442,spectral,role_shuffled,1,50,supervised,24,0.015724078312393797
flywire_783_mb_left_kc512_s702,442,spectral,role_shuffled,1,50,supervised,25,0.015721051410566688
flywire_783_mb_left_kc512_s702,442,spectral,role_shuffled,1,50,supervised,26,0.015718373588787134
flywire_783_mb_left_kc512_s702,442,spectral,role_shuffled,1,50,supervised,27,0.01571599802625078
flywire_783_mb_left_kc512_s702,442,spectral,role_shuffled,1,50,supervised,28,0.01571386041505414
flywire_783_mb_left_kc512_s702,442,spectral,role_shuffled,1,50,supervised,29,0.01571191426116811
flywire_783_mb_left_kc512_s702,442,spectral,role_shuffled,1,50,supervised,30,0.015710150258937884
flywire_783_mb_left_kc512_s702,442,spectral,role_shuffled,1,50,permuted_teacher,1,0.017201180637133818
flywire_783_mb_left_kc512_s702,442,spectral,role_shuffled,1,50,permuted_teacher,2,0.016705384269287887
flywire_783_mb_left_kc512_s702,442,spectral,role_shuffled,1,50,permuted_teacher,3,0.016401764707710667
flywire_783_mb_left_kc512_s702,442,spectral,role_shuffled,1,50,permuted_teacher,4,0.016214588176701673
flywire_783_mb_left_kc512_s702,442,spectral,role_shuffled,1,50,permuted_teacher,5,0.016090414032193
flywire_783_mb_left_kc512_s702,442,spectral,role_shuffled,1,50,permuted_teacher,6,0.01600257936606791
flywire_783_mb_left_kc512_s702,442,spectral,role_shuffled,1,50,permuted_teacher,7,0.01593989697270842
flywire_783_mb_left_kc512_s702,442,spectral,role_shuffled,1,50,permuted_teacher,8,0.015893728955619732
flywire_783_mb_left_kc512_s702,442,spectral,role_shuffled,1,50,permuted_teacher,9,0.015858884822887956
flywire_783_mb_left_kc512_s702,442,spectral,role_shuffled,1,50,permuted_teacher,10,0.015832042873401612
flywire_783_mb_left_kc512_s702,442,spectral,role_shuffled,1,50,permuted_teacher,11,0.0158110250967186
flywire_783_mb_left_kc512_s702,442,spectral,role_shuffled,1,50,permuted_teacher,12,0.015794045275482792
flywire_783_mb_left_kc512_s702,442,spectral,role_shuffled,1,50,permuted_teacher,13,0.0157801739204097
flywire_783_mb_left_kc512_s702,442,spectral,role_shuffled,1,50,permuted_teacher,14,0.01576844799149974
flywire_783_mb_left_kc512_s702,442,spectral,role_shuffled,1,50,permuted_teacher,15,0.015758367623183337
flywire_783_mb_left_kc512_s702,442,spectral,role_shuffled,1,50,permuted_teacher,16,0.015749653391490544
flywire_783_mb_left_kc512_s702,442,spectral,role_shuffled,1,50,permuted_teacher,17,0.01574206846068282
flywire_783_mb_left_kc512_s702,442,spectral,role_shuffled,1,50,permuted_teacher,18,0.015735475095672646
flywire_783_mb_left_kc512_s702,442,spectral,role_shuffled,1,50,permuted_teacher,19,0.015729600682033423
flywire_783_mb_left_kc512_s702,442,spectral,role_shuffled,1,50,permuted_teacher,20,0.01572437239127407
flywire_783_mb_left_kc512_s702,442,spectral,role_shuffled,1,50,permuted_teacher,21,0.015719761378447918
flywire_783_mb_left_kc512_s702,442,spectral,role_shuffled,1,50,permuted_teacher,22,0.015715626304799092
flywire_783_mb_left_kc512_s702,442,spectral,role_shuffled,1,50,permuted_teacher,23,0.015711983207381073
flywire_783_mb_left_kc512_s702,442,spectral,role_shuffled,1,50,permuted_teacher,24,0.01570878810025971
flywire_783_mb_left_kc512_s702,442,spectral,role_shuffled,1,50,permuted_teacher,25,0.015706022553582763
flywire_783_mb_left_kc512_s702,442,spectral,role_shuffled,1,50,permuted_teacher,26,0.015703541686894192
flywire_783_mb_left_kc512_s702,442,spectral,role_shuffled,1,50,permuted_teacher,27,0.01570130761143182
flywire_783_mb_left_kc512_s702,442,spectral,role_shuffled,1,50,permuted_teacher,28,0.015699265509379293
flywire_783_mb_left_kc512_s702,442,spectral,role_shuffled,1,50,permuted_teacher,29,0.015697393597442745
flywire_783_mb_left_kc512_s702,442,spectral,role_shuffled,1,50,permuted_teacher,30,0.015695677402728026
flywire_783_mb_left_kc512_s702,442,spectral,role_shuffled,1,200,supervised,1,0.016862783619158536
flywire_783_mb_left_kc512_s702,442,spectral,role_shuffled,1,200,supervised,2,0.016306735453364644
flywire_783_mb_left_kc512_s702,442,spectral,role_shuffled,1,200,supervised,3,0.01618041806080766
flywire_783_mb_left_kc512_s702,442,spectral,role_shuffled,1,200,supervised,4,0.01613759138193179
flywire_783_mb_left_kc512_s702,442,spectral,role_shuffled,1,200,supervised,5,0.016116654865586687
flywire_783_mb_left_kc512_s702,442,spectral,role_shuffled,1,200,supervised,6,0.01610494601913974
flywire_783_mb_left_kc512_s702,442,spectral,role_shuffled,1,200,supervised,7,0.016098039728230245
flywire_783_mb_left_kc512_s702,442,spectral,role_shuffled,1,200,supervised,8,0.01609358998548367
flywire_783_mb_left_kc512_s702,442,spectral,role_shuffled,1,200,supervised,9,0.01609060004095289
flywire_783_mb_left_kc512_s702,442,spectral,role_shuffled,1,200,supervised,10,0.01608848889541273
flywire_783_mb_left_kc512_s702,442,spectral,role_shuffled,1,200,supervised,11,0.016086937654666802
flywire_783_mb_left_kc512_s702,442,spectral,role_shuffled,1,200,supervised,12,0.01608578475994659
flywire_783_mb_left_kc512_s702,442,spectral,role_shuffled,1,200,supervised,13,0.016084895562686868
flywire_783_mb_left_kc512_s702,442,spectral,role_shuffled,1,200,supervised,14,0.016084174757402453
flywire_783_mb_left_kc512_s702,442,spectral,role_shuffled,1,200,supervised,15,0.016083572282801727
flywire_783_mb_left_kc512_s702,442,spectral,role_shuffled,1,200,supervised,16,0.016083124672192996
flywire_783_mb_left_kc512_s702,442,spectral,role_shuffled,1,200,supervised,17,0.016082746592604065
flywire_783_mb_left_kc512_s702,442,spectral,role_shuffled,1,200,supervised,18,0.016082440366658766
flywire_783_mb_left_kc512_s702,442,spectral,role_shuffled,1,200,supervised,19,0.01608218600119431
flywire_783_mb_left_kc512_s702,442,spectral,role_shuffled,1,200,supervised,20,0.01608197035812126
flywire_783_mb_left_kc512_s702,442,spectral,role_shuffled,1,200,supervised,21,0.016081785614993484
flywire_783_mb_left_kc512_s702,442,spectral,role_shuffled,1,200,supervised,22,0.01608162058307894
flywire_783_mb_left_kc512_s702,442,spectral,role_shuffled,1,200,supervised,23,0.01608147168879311
flywire_783_mb_left_kc512_s702,442,spectral,role_shuffled,1,200,supervised,24,0.016081338797121092
flywire_783_mb_left_kc512_s702,442,spectral,role_shuffled,1,200,supervised,25,0.016081219231801582
flywire_783_mb_left_kc512_s702,442,spectral,role_shuffled,1,200,supervised,26,0.016081111447361313
flywire_783_mb_left_kc512_s702,442,spectral,role_shuffled,1,200,supervised,27,0.0160810131457861
flywire_783_mb_left_kc512_s702,442,spectral,role_shuffled,1,200,supervised,28,0.016080922299278537
flywire_783_mb_left_kc512_s702,442,spectral,role_shuffled,1,200,supervised,29,0.01608083336711857
flywire_783_mb_left_kc512_s702,442,spectral,role_shuffled,1,200,supervised,30,0.016080757036084137
flywire_783_mb_left_kc512_s702,442,spectral,role_shuffled,1,200,permuted_teacher,1,0.01687177328330356
flywire_783_mb_left_kc512_s702,442,spectral,role_shuffled,1,200,permuted_teacher,2,0.01631756332113431
flywire_783_mb_left_kc512_s702,442,spectral,role_shuffled,1,200,permuted_teacher,3,0.016192043149232702
flywire_783_mb_left_kc512_s702,442,spectral,role_shuffled,1,200,permuted_teacher,4,0.016148389379186414
flywire_783_mb_left_kc512_s702,442,spectral,role_shuffled,1,200,permuted_teacher,5,0.016126640699440645
flywire_783_mb_left_kc512_s702,442,spectral,role_shuffled,1,200,permuted_teacher,6,0.01611417551099967
flywire_783_mb_left_kc512_s702,442,spectral,role_shuffled,1,200,permuted_teacher,7,0.016106551103337696
flywire_783_mb_left_kc512_s702,442,spectral,role_shuffled,1,200,permuted_teacher,8,0.016101658615055255
flywire_783_mb_left_kc512_s702,442,spectral,role_shuffled,1,200,permuted_teacher,9,0.016098311388121452
flywire_783_mb_left_kc512_s702,442,spectral,role_shuffled,1,200,permuted_teacher,10,0.01609589405799723
flywire_783_mb_left_kc512_s702,442,spectral,role_shuffled,1,200,permuted_teacher,11,0.016094152734240932
flywire_783_mb_left_kc512_s702,442,spectral,role_shuffled,1,200,permuted_teacher,12,0.016092890595838197
flywire_783_mb_left_kc512_s702,442,spectral,role_shuffled,1,200,permuted_teacher,13,0.016091943089450705
flywire_783_mb_left_kc512_s702,442,spectral,role_shuffled,1,200,permuted_teacher,14,0.016091216644436704
flywire_783_mb_left_kc512_s702,442,spectral,role_shuffled,1,200,permuted_teacher,15,0.016090622602120838
flywire_783_mb_left_kc512_s702,442,spectral,role_shuffled,1,200,permuted_teacher,16,0.01609016544163158
flywire_783_mb_left_kc512_s702,442,spectral,role_shuffled,1,200,permuted_teacher,17,0.016089796154607823
flywire_783_mb_left_kc512_s702,442,spectral,role_shuffled,1,200,permuted_teacher,18,0.016089492719289396
flywire_783_mb_left_kc512_s702,442,spectral,role_shuffled,1,200,permuted_teacher,19,0.016089245201596897
flywire_783_mb_left_kc512_s702,442,spectral,role_shuffled,1,200,permuted_teacher,20,0.01608904047880766
flywire_783_mb_left_kc512_s702,442,spectral,role_shuffled,1,200,permuted_teacher,21,0.01608887398634889
flywire_783_mb_left_kc512_s702,442,spectral,role_shuffled,1,200,permuted_teacher,22,0.016088731924694948
flywire_783_mb_left_kc512_s702,442,spectral,role_shuffled,1,200,permuted_teacher,23,0.01608860467927403
flywire_783_mb_left_kc512_s702,442,spectral,role_shuffled,1,200,permuted_teacher,24,0.01608849275475159
flywire_783_mb_left_kc512_s702,442,spectral,role_shuffled,1,200,permuted_teacher,25,0.016088390995760465
flywire_783_mb_left_kc512_s702,442,spectral,role_shuffled,1,200,permuted_teacher,26,0.016088301832720444
flywire_783_mb_left_kc512_s702,442,spectral,role_shuffled,1,200,permuted_teacher,27,0.016088220075774717
flywire_783_mb_left_kc512_s702,442,spectral,role_shuffled,1,200,permuted_teacher,28,0.016088141654076214
flywire_783_mb_left_kc512_s702,442,spectral,role_shuffled,1,200,permuted_teacher,29,0.016088076562030935
flywire_783_mb_left_kc512_s702,442,spectral,role_shuffled,1,200,permuted_teacher,30,0.01608801810182371
flywire_783_mb_left_kc512_s702,442,spectral,role_shuffled,2,50,supervised,1,0.017248639915707145
flywire_783_mb_left_kc512_s702,442,spectral,role_shuffled,2,50,supervised,2,0.016736655944698527
flywire_783_mb_left_kc512_s702,442,spectral,role_shuffled,2,50,supervised,3,0.01642543199848339
flywire_783_mb_left_kc512_s702,442,spectral,role_shuffled,2,50,supervised,4,0.016234397791352693
flywire_783_mb_left_kc512_s702,442,spectral,role_shuffled,2,50,supervised,5,0.01610706936341861
flywire_783_mb_left_kc512_s702,442,spectral,role_shuffled,2,50,supervised,6,0.016015002151923745
flywire_783_mb_left_kc512_s702,442,spectral,role_shuffled,2,50,supervised,7,0.015947852361794884
flywire_783_mb_left_kc512_s702,442,spectral,role_shuffled,2,50,supervised,8,0.01589803748046079
flywire_783_mb_left_kc512_s702,442,spectral,role_shuffled,2,50,supervised,9,0.015859988677687783
flywire_783_mb_left_kc512_s702,442,spectral,role_shuffled,2,50,supervised,10,0.015830024270535818
flywire_783_mb_left_kc512_s702,442,spectral,role_shuffled,2,50,supervised,11,0.015806090029568117
flywire_783_mb_left_kc512_s702,442,spectral,role_shuffled,2,50,supervised,12,0.015786624141803544
flywire_783_mb_left_kc512_s702,442,spectral,role_shuffled,2,50,supervised,13,0.01577047152596882
flywire_783_mb_left_kc512_s702,442,spectral,role_shuffled,2,50,supervised,14,0.015757107963587005
flywire_783_mb_left_kc512_s702,442,spectral,role_shuffled,2,50,supervised,15,0.01574577882248694
flywire_783_mb_left_kc512_s702,442,spectral,role_shuffled,2,50,supervised,16,0.015736038906292903
flywire_783_mb_left_kc512_s702,442,spectral,role_shuffled,2,50,supervised,17,0.015727588685463485
flywire_783_mb_left_kc512_s702,442,spectral,role_shuffled,2,50,supervised,18,0.015720282990429005
flywire_783_mb_left_kc512_s702,442,spectral,role_shuffled,2,50,supervised,19,0.015713899763408028
flywire_783_mb_left_kc512_s702,442,spectral,role_shuffled,2,50,supervised,20,0.015708247615397228
flywire_783_mb_left_kc512_s702,442,spectral,role_shuffled,2,50,supervised,21,0.015703265833212306
flywire_783_mb_left_kc512_s702,442,spectral,role_shuffled,2,50,supervised,22,0.01569882084767604
flywire_783_mb_left_kc512_s702,442,spectral,role_shuffled,2,50,supervised,23,0.01569489520478779
flywire_783_mb_left_kc512_s702,442,spectral,role_shuffled,2,50,supervised,24,0.01569141073272928
flywire_783_mb_left_kc512_s702,442,spectral,role_shuffled,2,50,supervised,25,0.01568827606480526
flywire_783_mb_left_kc512_s702,442,spectral,role_shuffled,2,50,supervised,26,0.01568540748649728
flywire_783_mb_left_kc512_s702,442,spectral,role_shuffled,2,50,supervised,27,0.01568286823749049
flywire_783_mb_left_kc512_s702,442,spectral,role_shuffled,2,50,supervised,28,0.01568075329510958
flywire_783_mb_left_kc512_s702,442,spectral,role_shuffled,2,50,supervised,29,0.015678851642845354
flywire_783_mb_left_kc512_s702,442,spectral,role_shuffled,2,50,supervised,30,0.015677121893364246
flywire_783_mb_left_kc512_s702,442,spectral,role_shuffled,2,50,permuted_teacher,1,0.017251282685001312
flywire_783_mb_left_kc512_s702,442,spectral,role_shuffled,2,50,permuted_teacher,2,0.01674090930760045
flywire_783_mb_left_kc512_s702,442,spectral,role_shuffled,2,50,permuted_teacher,3,0.016430265742124573
flywire_783_mb_left_kc512_s702,442,spectral,role_shuffled,2,50,permuted_teacher,4,0.016239393594724844
flywire_783_mb_left_kc512_s702,442,spectral,role_shuffled,2,50,permuted_teacher,5,0.016112546075782466
flywire_783_mb_left_kc512_s702,442,spectral,role_shuffled,2,50,permuted_teacher,6,0.016022290935584625
flywire_783_mb_left_kc512_s702,442,spectral,role_shuffled,2,50,permuted_teacher,7,0.01595755143117181
flywire_783_mb_left_kc512_s702,442,spectral,role_shuffled,2,50,permuted_teacher,8,0.01590961134108832
flywire_783_mb_left_kc512_s702,442,spectral,role_shuffled,2,50,permuted_teacher,9,0.01587312396291397
flywire_783_mb_left_kc512_s702,442,spectral,role_shuffled,2,50,permuted_teacher,10,0.015844705762024437
flywire_783_mb_left_kc512_s702,442,spectral,role_shuffled,2,50,permuted_teacher,11,0.015822459812959058
flywire_783_mb_left_kc512_s702,442,spectral,role_shuffled,2,50,permuted_teacher,12,0.015804557924278578
flywire_783_mb_left_kc512_s702,442,spectral,role_shuffled,2,50,permuted_teacher,13,0.015790064872465676
flywire_783_mb_left_kc512_s702,442,spectral,role_shuffled,2,50,permuted_teacher,14,0.015778242112310853
flywire_783_mb_left_kc512_s702,442,spectral,role_shuffled,2,50,permuted_teacher,15,0.01576813679787502
flywire_783_mb_left_kc512_s702,442,spectral,role_shuffled,2,50,permuted_teacher,16,0.01575942578066797
flywire_783_mb_left_kc512_s702,442,spectral,role_shuffled,2,50,permuted_teacher,17,0.01575203196036855
flywire_783_mb_left_kc512_s702,442,spectral,role_shuffled,2,50,permuted_teacher,18,0.015745582391668515
flywire_783_mb_left_kc512_s702,442,spectral,role_shuffled,2,50,permuted_teacher,19,0.015739772331912132
flywire_783_mb_left_kc512_s702,442,spectral,role_shuffled,2,50,permuted_teacher,20,0.01573456243542357
flywire_783_mb_left_kc512_s702,442,spectral,role_shuffled,2,50,permuted_teacher,21,0.015729921923748218
flywire_783_mb_left_kc512_s702,442,spectral,role_shuffled,2,50,permuted_teacher,22,0.015725841275958594
flywire_783_mb_left_kc512_s702,442,spectral,role_shuffled,2,50,permuted_teacher,23,0.015722206665560144
flywire_783_mb_left_kc512_s702,442,spectral,role_shuffled,2,50,permuted_teacher,24,0.015718977570438317
flywire_783_mb_left_kc512_s702,442,spectral,role_shuffled,2,50,permuted_teacher,25,0.015716029064929377
flywire_783_mb_left_kc512_s702,442,spectral,role_shuffled,2,50,permuted_teacher,26,0.015713335356653424
flywire_783_mb_left_kc512_s702,442,spectral,role_shuffled,2,50,permuted_teacher,27,0.015710865263528242
flywire_783_mb_left_kc512_s702,442,spectral,role_shuffled,2,50,permuted_teacher,28,0.015708639207207883
flywire_783_mb_left_kc512_s702,442,spectral,role_shuffled,2,50,permuted_teacher,29,0.01570661124394207
flywire_783_mb_left_kc512_s702,442,spectral,role_shuffled,2,50,permuted_teacher,30,0.01570477006930173
flywire_783_mb_left_kc512_s702,442,spectral,role_shuffled,2,200,supervised,1,0.016884975435192642
flywire_783_mb_left_kc512_s702,442,spectral,role_shuffled,2,200,supervised,2,0.01631854948279664
flywire_783_mb_left_kc512_s702,442,spectral,role_shuffled,2,200,supervised,3,0.01618259177122871
flywire_783_mb_left_kc512_s702,442,spectral,role_shuffled,2,200,supervised,4,0.016134560958735833
flywire_783_mb_left_kc512_s702,442,spectral,role_shuffled,2,200,supervised,5,0.016110902988233398
flywire_783_mb_left_kc512_s702,442,spectral,role_shuffled,2,200,supervised,6,0.016098084316130325
flywire_783_mb_left_kc512_s702,442,spectral,role_shuffled,2,200,supervised,7,0.01609047478856928
flywire_783_mb_left_kc512_s702,442,spectral,role_shuffled,2,200,supervised,8,0.01608561574415491
flywire_783_mb_left_kc512_s702,442,spectral,role_shuffled,2,200,supervised,9,0.01608246051979913
flywire_783_mb_left_kc512_s702,442,spectral,role_shuffled,2,200,supervised,10,0.016080263542677428
flywire_783_mb_left_kc512_s702,442,spectral,role_shuffled,2,200,supervised,11,0.01607865459717869
flywire_783_mb_left_kc512_s702,442,spectral,role_shuffled,2,200,supervised,12,0.01607742773988176
flywire_783_mb_left_kc512_s702,442,spectral,role_shuffled,2,200,supervised,13,0.016076502829599368
flywire_783_mb_left_kc512_s702,442,spectral,role_shuffled,2,200,supervised,14,0.016075817607623548
flywire_783_mb_left_kc512_s702,442,spectral,role_shuffled,2,200,supervised,15,0.0160753086942281
flywire_783_mb_left_kc512_s702,442,spectral,role_shuffled,2,200,supervised,16,0.016074915464242445
flywire_783_mb_left_kc512_s702,442,spectral,role_shuffled,2,200,supervised,17,0.016074595122768476
flywire_783_mb_left_kc512_s702,442,spectral,role_shuffled,2,200,supervised,18,0.01607432811465687
flywire_783_mb_left_kc512_s702,442,spectral,role_shuffled,2,200,supervised,19,0.016074096991076658
flywire_783_mb_left_kc512_s702,442,spectral,role_shuffled,2,200,supervised,20,0.016073905864843852
flywire_783_mb_left_kc512_s702,442,spectral,role_shuffled,2,200,supervised,21,0.016073737193498916
flywire_783_mb_left_kc512_s702,442,spectral,role_shuffled,2,200,supervised,22,0.016073607410313214
flywire_783_mb_left_kc512_s702,442,spectral,role_shuffled,2,200,supervised,23,0.016073507095791074
flywire_783_mb_left_kc512_s702,442,spectral,role_shuffled,2,200,supervised,24,0.016073412831604957
flywire_783_mb_left_kc512_s702,442,spectral,role_shuffled,2,200,supervised,25,0.01607334541521213
flywire_783_mb_left_kc512_s702,442,spectral,role_shuffled,2,200,supervised,26,0.016073291791769383
flywire_783_mb_left_kc512_s702,442,spectral,role_shuffled,2,200,supervised,27,0.01607325122142986
flywire_783_mb_left_kc512_s702,442,spectral,role_shuffled,2,200,supervised,28,0.01607321818905444
flywire_783_mb_left_kc512_s702,442,spectral,role_shuffled,2,200,supervised,29,0.01607319116033772
flywire_783_mb_left_kc512_s702,442,spectral,role_shuffled,2,200,supervised,30,0.016073169860234267
flywire_783_mb_left_kc512_s702,442,spectral,role_shuffled,2,200,permuted_teacher,1,0.016867128507535904
flywire_783_mb_left_kc512_s702,442,spectral,role_shuffled,2,200,permuted_teacher,2,0.016298523612524818
flywire_783_mb_left_kc512_s702,442,spectral,role_shuffled,2,200,permuted_teacher,3,0.01616896641635818
flywire_783_mb_left_kc512_s702,442,spectral,role_shuffled,2,200,permuted_teacher,4,0.016124670027478173
flywire_783_mb_left_kc512_s702,442,spectral,role_shuffled,2,200,permuted_teacher,5,0.01610330006889775
flywire_783_mb_left_kc512_s702,442,spectral,role_shuffled,2,200,permuted_teacher,6,0.016091634948477578
flywire_783_mb_left_kc512_s702,442,spectral,role_shuffled,2,200,permuted_teacher,7,0.01608485939900666
flywire_783_mb_left_kc512_s702,442,spectral,role_shuffled,2,200,permuted_teacher,8,0.01608061023073973
flywire_783_mb_left_kc512_s702,442,spectral,role_shuffled,2,200,permuted_teacher,9,0.01607780749332954
flywire_783_mb_left_kc512_s702,442,spectral,role_shuffled,2,200,permuted_teacher,10,0.016075888084661337
flywire_783_mb_left_kc512_s702,442,spectral,role_shuffled,2,200,permuted_teacher,11,0.016074535327323267
flywire_783_mb_left_kc512_s702,442,spectral,role_shuffled,2,200,permuted_teacher,12,0.016073562769154753
flywire_783_mb_left_kc512_s702,442,spectral,role_shuffled,2,200,permuted_teacher,13,0.016072823924828512
flywire_783_mb_left_kc512_s702,442,spectral,role_shuffled,2,200,permuted_teacher,14,0.01607226153855064
flywire_783_mb_left_kc512_s702,442,spectral,role_shuffled,2,200,permuted_teacher,15,0.016071807510321987
flywire_783_mb_left_kc512_s702,442,spectral,role_shuffled,2,200,permuted_teacher,16,0.016071447376972883
flywire_783_mb_left_kc512_s702,442,spectral,role_shuffled,2,200,permuted_teacher,17,0.016071155624588985
flywire_783_mb_left_kc512_s702,442,spectral,role_shuffled,2,200,permuted_teacher,18,0.01607092257135635
flywire_783_mb_left_kc512_s702,442,spectral,role_shuffled,2,200,permuted_teacher,19,0.016070733466193542
flywire_783_mb_left_kc512_s702,442,spectral,role_shuffled,2,200,permuted_teacher,20,0.016070573966588977
flywire_783_mb_left_kc512_s702,442,spectral,role_shuffled,2,200,permuted_teacher,21,0.016070436543891405
flywire_783_mb_left_kc512_s702,442,spectral,role_shuffled,2,200,permuted_teacher,22,0.01607032056364223
flywire_783_mb_left_kc512_s702,442,spectral,role_shuffled,2,200,permuted_teacher,23,0.0160702216387379
flywire_783_mb_left_kc512_s702,442,spectral,role_shuffled,2,200,permuted_teacher,24,0.01607013158269467
flywire_783_mb_left_kc512_s702,442,spectral,role_shuffled,2,200,permuted_teacher,25,0.016070039013334567
flywire_783_mb_left_kc512_s702,442,spectral,role_shuffled,2,200,permuted_teacher,26,0.016069961063557344
flywire_783_mb_left_kc512_s702,442,spectral,role_shuffled,2,200,permuted_teacher,27,0.016069893854020228
flywire_783_mb_left_kc512_s702,442,spectral,role_shuffled,2,200,permuted_teacher,28,0.016069838421585003
flywire_783_mb_left_kc512_s702,442,spectral,role_shuffled,2,200,permuted_teacher,29,0.016069792284493505
flywire_783_mb_left_kc512_s702,442,spectral,role_shuffled,2,200,permuted_teacher,30,0.016069756421774422
flywire_783_mb_left_kc512_s702,442,spectral,role_random,1,50,supervised,1,0.017717449181065124
flywire_783_mb_left_kc512_s702,442,spectral,role_random,1,50,supervised,2,0.017140980499876578
flywire_783_mb_left_kc512_s702,442,spectral,role_random,1,50,supervised,3,0.01675550170822719
flywire_783_mb_left_kc512_s702,442,spectral,role_random,1,50,supervised,4,0.016492835041093206
flywire_783_mb_left_kc512_s702,442,spectral,role_random,1,50,supervised,5,0.016315213931243754
flywire_783_mb_left_kc512_s702,442,spectral,role_random,1,50,supervised,6,0.016195412843861133
flywire_783_mb_left_kc512_s702,442,spectral,role_random,1,50,supervised,7,0.016114283400675205
flywire_783_mb_left_kc512_s702,442,spectral,role_random,1,50,supervised,8,0.016057314790104145
flywire_783_mb_left_kc512_s702,442,spectral,role_random,1,50,supervised,9,0.01601559188480208
flywire_783_mb_left_kc512_s702,442,spectral,role_random,1,50,supervised,10,0.015983943950121555
flywire_783_mb_left_kc512_s702,442,spectral,role_random,1,50,supervised,11,0.015959353851890352
flywire_783_mb_left_kc512_s702,442,spectral,role_random,1,50,supervised,12,0.01594022176396019
flywire_783_mb_left_kc512_s702,442,spectral,role_random,1,50,supervised,13,0.015924801914559947
flywire_783_mb_left_kc512_s702,442,spectral,role_random,1,50,supervised,14,0.01591231029423215
flywire_783_mb_left_kc512_s702,442,spectral,role_random,1,50,supervised,15,0.01590226879098247
flywire_783_mb_left_kc512_s702,442,spectral,role_random,1,50,supervised,16,0.01589410139810894
flywire_783_mb_left_kc512_s702,442,spectral,role_random,1,50,supervised,17,0.015887353979246524
flywire_783_mb_left_kc512_s702,442,spectral,role_random,1,50,supervised,18,0.015881920413290927
flywire_783_mb_left_kc512_s702,442,spectral,role_random,1,50,supervised,19,0.015877463255788978
flywire_783_mb_left_kc512_s702,442,spectral,role_random,1,50,supervised,20,0.015873755749771505
flywire_783_mb_left_kc512_s702,442,spectral,role_random,1,50,supervised,21,0.015870603915156087
flywire_783_mb_left_kc512_s702,442,spectral,role_random,1,50,supervised,22,0.01586785279581763
flywire_783_mb_left_kc512_s702,442,spectral,role_random,1,50,supervised,23,0.015865459531969963
flywire_783_mb_left_kc512_s702,442,spectral,role_random,1,50,supervised,24,0.015863424246142697
flywire_783_mb_left_kc512_s702,442,spectral,role_random,1,50,supervised,25,0.015861680583669803
flywire_783_mb_left_kc512_s702,442,spectral,role_random,1,50,supervised,26,0.0158601542318587
flywire_783_mb_left_kc512_s702,442,spectral,role_random,1,50,supervised,27,0.01585881794987844
flywire_783_mb_left_kc512_s702,442,spectral,role_random,1,50,supervised,28,0.015857616348742387
flywire_783_mb_left_kc512_s702,442,spectral,role_random,1,50,supervised,29,0.01585655161156503
flywire_783_mb_left_kc512_s702,442,spectral,role_random,1,50,supervised,30,0.015855656874462266
flywire_783_mb_left_kc512_s702,442,spectral,role_random,1,50,permuted_teacher,1,0.01767935930853581
flywire_783_mb_left_kc512_s702,442,spectral,role_random,1,50,permuted_teacher,2,0.017092857130154727
flywire_783_mb_left_kc512_s702,442,spectral,role_random,1,50,permuted_teacher,3,0.016699221621327132
flywire_783_mb_left_kc512_s702,442,spectral,role_random,1,50,permuted_teacher,4,0.016431157103129465
flywire_783_mb_left_kc512_s702,442,spectral,role_random,1,50,permuted_teacher,5,0.016248580922656644
flywire_783_mb_left_kc512_s702,442,spectral,role_random,1,50,permuted_teacher,6,0.016123590766969485
flywire_783_mb_left_kc512_s702,442,spectral,role_random,1,50,permuted_teacher,7,0.01603819918467763
flywire_783_mb_left_kc512_s702,442,spectral,role_random,1,50,permuted_teacher,8,0.01597824397355149
flywire_783_mb_left_kc512_s702,442,spectral,role_random,1,50,permuted_teacher,9,0.015934884233439955
flywire_783_mb_left_kc512_s702,442,spectral,role_random,1,50,permuted_teacher,10,0.01590177925948574
flywire_783_mb_left_kc512_s702,442,spectral,role_random,1,50,permuted_teacher,11,0.015876298377329463
flywire_783_mb_left_kc512_s702,442,spectral,role_random,1,50,permuted_teacher,12,0.015856130300410498
flywire_783_mb_left_kc512_s702,442,spectral,role_random,1,50,permuted_teacher,13,0.015840059284183066
flywire_783_mb_left_kc512_s702,442,spectral,role_random,1,50,permuted_teacher,14,0.015827217144811227
flywire_783_mb_left_kc512_s702,442,spectral,role_random,1,50,permuted_teacher,15,0.015816861450642823
flywire_783_mb_left_kc512_s702,442,spectral,role_random,1,50,permuted_teacher,16,0.015808596067711823
flywire_783_mb_left_kc512_s702,442,spectral,role_random,1,50,permuted_teacher,17,0.01580183154601469
flywire_783_mb_left_kc512_s702,442,spectral,role_random,1,50,permuted_teacher,18,0.015796265025009863
flywire_783_mb_left_kc512_s702,442,spectral,role_random,1,50,permuted_teacher,19,0.015791731502452618
flywire_783_mb_left_kc512_s702,442,spectral,role_random,1,50,permuted_teacher,20,0.01578791937452791
flywire_783_mb_left_kc512_s702,442,spectral,role_random,1,50,permuted_teacher,21,0.015784681456304194
flywire_783_mb_left_kc512_s702,442,spectral,role_random,1,50,permuted_teacher,22,0.015781910254934358
flywire_783_mb_left_kc512_s702,442,spectral,role_random,1,50,permuted_teacher,23,0.015779495414233197
flywire_783_mb_left_kc512_s702,442,spectral,role_random,1,50,permuted_teacher,24,0.015777380958575914
flywire_783_mb_left_kc512_s702,442,spectral,role_random,1,50,permuted_teacher,25,0.015775530908543035
flywire_783_mb_left_kc512_s702,442,spectral,role_random,1,50,permuted_teacher,26,0.01577392688315732
flywire_783_mb_left_kc512_s702,442,spectral,role_random,1,50,permuted_teacher,27,0.015772476677931958
flywire_783_mb_left_kc512_s702,442,spectral,role_random,1,50,permuted_teacher,28,0.01577122542557446
flywire_783_mb_left_kc512_s702,442,spectral,role_random,1,50,permuted_teacher,29,0.01577011000252787
flywire_783_mb_left_kc512_s702,442,spectral,role_random,1,50,permuted_teacher,30,0.01576909504658612
flywire_783_mb_left_kc512_s702,442,spectral,role_random,1,200,supervised,1,0.01743537599376934
flywire_783_mb_left_kc512_s702,442,spectral,role_random,1,200,supervised,2,0.016726527285804583
flywire_783_mb_left_kc512_s702,442,spectral,role_random,1,200,supervised,3,0.01657859878228108
flywire_783_mb_left_kc512_s702,442,spectral,role_random,1,200,supervised,4,0.016535021934030246
flywire_783_mb_left_kc512_s702,442,spectral,role_random,1,200,supervised,5,0.01651743272099891
flywire_783_mb_left_kc512_s702,442,spectral,role_random,1,200,supervised,6,0.01650873299847692
flywire_783_mb_left_kc512_s702,442,spectral,role_random,1,200,supervised,7,0.01650396219436994
flywire_783_mb_left_kc512_s702,442,spectral,role_random,1,200,supervised,8,0.01650124065951236
flywire_783_mb_left_kc512_s702,442,spectral,role_random,1,200,supervised,9,0.016499624831869054
flywire_783_mb_left_kc512_s702,442,spectral,role_random,1,200,supervised,10,0.01649857721168125
flywire_783_mb_left_kc512_s702,442,spectral,role_random,1,200,supervised,11,0.016497939627829125
flywire_783_mb_left_kc512_s702,442,spectral,role_random,1,200,supervised,12,0.016497499185864233
flywire_783_mb_left_kc512_s702,442,spectral,role_random,1,200,supervised,13,0.016497169227649825
flywire_783_mb_left_kc512_s702,442,spectral,role_random,1,200,supervised,14,0.016496939491373937
flywire_783_mb_left_kc512_s702,442,spectral,role_random,1,200,supervised,15,0.016496750646781966
flywire_783_mb_left_kc512_s702,442,spectral,role_random,1,200,supervised,16,0.016496570858653026
flywire_783_mb_left_kc512_s702,442,spectral,role_random,1,200,supervised,17,0.01649643867547716
flywire_783_mb_left_kc512_s702,442,spectral,role_random,1,200,supervised,18,0.016496334658075328
flywire_783_mb_left_kc512_s702,442,spectral,role_random,1,200,supervised,19,0.01649626346607909
flywire_783_mb_left_kc512_s702,442,spectral,role_random,1,200,supervised,20,0.01649621391823519
flywire_783_mb_left_kc512_s702,442,spectral,role_random,1,200,supervised,21,0.016496168014799407
flywire_783_mb_left_kc512_s702,442,spectral,role_random,1,200,supervised,22,0.016496133658165168
flywire_783_mb_left_kc512_s702,442,spectral,role_random,1,200,supervised,23,0.016496088391618466
flywire_783_mb_left_kc512_s702,442,spectral,role_random,1,200,supervised,24,0.016496050465498884
flywire_783_mb_left_kc512_s702,442,spectral,role_random,1,200,supervised,25,0.016496019857991866
flywire_783_mb_left_kc512_s702,442,spectral,role_random,1,200,supervised,26,0.016495987967361115
flywire_783_mb_left_kc512_s702,442,spectral,role_random,1,200,supervised,27,0.016495952292621976
flywire_783_mb_left_kc512_s702,442,spectral,role_random,1,200,supervised,28,0.016495918177424032
flywire_783_mb_left_kc512_s702,442,spectral,role_random,1,200,supervised,29,0.016495890575777543
flywire_783_mb_left_kc512_s702,442,spectral,role_random,1,200,supervised,30,0.01649586828254675
flywire_783_mb_left_kc512_s702,442,spectral,role_random,1,200,permuted_teacher,1,0.017432485595678553
flywire_783_mb_left_kc512_s702,442,spectral,role_random,1,200,permuted_teacher,2,0.01672626584760462
flywire_783_mb_left_kc512_s702,442,spectral,role_random,1,200,permuted_teacher,3,0.01657881919325338
flywire_783_mb_left_kc512_s702,442,spectral,role_random,1,200,permuted_teacher,4,0.016535032863970435
flywire_783_mb_left_kc512_s702,442,spectral,role_random,1,200,permuted_teacher,5,0.0165173340270038
flywire_783_mb_left_kc512_s702,442,spectral,role_random,1,200,permuted_teacher,6,0.01650868575423089
flywire_783_mb_left_kc512_s702,442,spectral,role_random,1,200,permuted_teacher,7,0.016503745113804435
flywire_783_mb_left_kc512_s702,442,spectral,role_random,1,200,permuted_teacher,8,0.016500894900219585
flywire_783_mb_left_kc512_s702,442,spectral,role_random,1,200,permuted_teacher,9,0.016499195280525434
flywire_783_mb_left_kc512_s702,442,spectral,role_random,1,200,permuted_teacher,10,0.016498098999175866
flywire_783_mb_left_kc512_s702,442,spectral,role_random,1,200,permuted_teacher,11,0.016497366390251143
flywire_783_mb_left_kc512_s702,442,spectral,role_random,1,200,permuted_teacher,12,0.0164968891669116
flywire_783_mb_left_kc512_s702,442,spectral,role_random,1,200,permuted_teacher,13,0.01649657072390756
flywire_783_mb_left_kc512_s702,442,spectral,role_random,1,200,permuted_teacher,14,0.016496316276563762
flywire_783_mb_left_kc512_s702,442,spectral,role_random,1,200,permuted_teacher,15,0.016496119830126294
flywire_783_mb_left_kc512_s702,442,spectral,role_random,1,200,permuted_teacher,16,0.01649593028220869
flywire_783_mb_left_kc512_s702,442,spectral,role_random,1,200,permuted_teacher,17,0.016495754762113606
flywire_783_mb_left_kc512_s702,442,spectral,role_random,1,200,permuted_teacher,18,0.016495587525632294
flywire_783_mb_left_kc512_s702,442,spectral,role_random,1,200,permuted_teacher,19,0.016495429382205558
flywire_783_mb_left_kc512_s702,442,spectral,role_random,1,200,permuted_teacher,20,0.01649530627128869
flywire_783_mb_left_kc512_s702,442,spectral,role_random,1,200,permuted_teacher,21,0.016495204741875682
flywire_783_mb_left_kc512_s702,442,spectral,role_random,1,200,permuted_teacher,22,0.0164951204691199
flywire_783_mb_left_kc512_s702,442,spectral,role_random,1,200,permuted_teacher,23,0.016495049119893395
flywire_783_mb_left_kc512_s702,442,spectral,role_random,1,200,permuted_teacher,24,0.016494983105121482
flywire_783_mb_left_kc512_s702,442,spectral,role_random,1,200,permuted_teacher,25,0.01649494064017999
flywire_783_mb_left_kc512_s702,442,spectral,role_random,1,200,permuted_teacher,26,0.01649490479560608
flywire_783_mb_left_kc512_s702,442,spectral,role_random,1,200,permuted_teacher,27,0.016494875133863853
flywire_783_mb_left_kc512_s702,442,spectral,role_random,1,200,permuted_teacher,28,0.016494851264806272
flywire_783_mb_left_kc512_s702,442,spectral,role_random,1,200,permuted_teacher,29,0.016494832236161935
flywire_783_mb_left_kc512_s702,442,spectral,role_random,1,200,permuted_teacher,30,0.016494817253900874
flywire_783_mb_left_kc512_s702,442,spectral,role_random,2,50,supervised,1,0.01782812904977903
flywire_783_mb_left_kc512_s702,442,spectral,role_random,2,50,supervised,2,0.017232462784441845
flywire_783_mb_left_kc512_s702,442,spectral,role_random,2,50,supervised,3,0.016838612274305845
flywire_783_mb_left_kc512_s702,442,spectral,role_random,2,50,supervised,4,0.016572932656216382
flywire_783_mb_left_kc512_s702,442,spectral,role_random,2,50,supervised,5,0.016393171663844693
flywire_783_mb_left_kc512_s702,442,spectral,role_random,2,50,supervised,6,0.01627271276167446
flywire_783_mb_left_kc512_s702,442,spectral,role_random,2,50,supervised,7,0.01619095534831986
flywire_783_mb_left_kc512_s702,442,spectral,role_random,2,50,supervised,8,0.01613294029988705
flywire_783_mb_left_kc512_s702,442,spectral,role_random,2,50,supervised,9,0.016090917411064845
flywire_783_mb_left_kc512_s702,442,spectral,role_random,2,50,supervised,10,0.01605903869995528
flywire_783_mb_left_kc512_s702,442,spectral,role_random,2,50,supervised,11,0.01603492963468935
flywire_783_mb_left_kc512_s702,442,spectral,role_random,2,50,supervised,12,0.01601623526411483
flywire_783_mb_left_kc512_s702,442,spectral,role_random,2,50,supervised,13,0.01600113483941725
flywire_783_mb_left_kc512_s702,442,spectral,role_random,2,50,supervised,14,0.015988853547454947
flywire_783_mb_left_kc512_s702,442,spectral,role_random,2,50,supervised,15,0.01597876427185227
flywire_783_mb_left_kc512_s702,442,spectral,role_random,2,50,supervised,16,0.015970469800223784
flywire_783_mb_left_kc512_s702,442,spectral,role_random,2,50,supervised,17,0.0159636624386483
flywire_783_mb_left_kc512_s702,442,spectral,role_random,2,50,supervised,18,0.015957847124371705
flywire_783_mb_left_kc512_s702,442,spectral,role_random,2,50,supervised,19,0.01595280627561277
flywire_783_mb_left_kc512_s702,442,spectral,role_random,2,50,supervised,20,0.01594857548025209
flywire_783_mb_left_kc512_s702,442,spectral,role_random,2,50,supervised,21,0.01594490955400346
flywire_783_mb_left_kc512_s702,442,spectral,role_random,2,50,supervised,22,0.015941748149307062
flywire_783_mb_left_kc512_s702,442,spectral,role_random,2,50,supervised,23,0.015939026553732433
flywire_783_mb_left_kc512_s702,442,spectral,role_random,2,50,supervised,24,0.015936669024308365
flywire_783_mb_left_kc512_s702,442,spectral,role_random,2,50,supervised,25,0.015934600661923704
flywire_783_mb_left_kc512_s702,442,spectral,role_random,2,50,supervised,26,0.01593275496098174
flywire_783_mb_left_kc512_s702,442,spectral,role_random,2,50,supervised,27,0.01593109467744137
flywire_783_mb_left_kc512_s702,442,spectral,role_random,2,50,supervised,28,0.01592961695152807
flywire_783_mb_left_kc512_s702,442,spectral,role_random,2,50,supervised,29,0.015928278048417784
flywire_783_mb_left_kc512_s702,442,spectral,role_random,2,50,supervised,30,0.015927060095654273
flywire_783_mb_left_kc512_s702,442,spectral,role_random,2,50,permuted_teacher,1,0.01778094410969476
flywire_783_mb_left_kc512_s702,442,spectral,role_random,2,50,permuted_teacher,2,0.017157691138674658
flywire_783_mb_left_kc512_s702,442,spectral,role_random,2,50,permuted_teacher,3,0.01674192712625548
flywire_783_mb_left_kc512_s702,442,spectral,role_random,2,50,permuted_teacher,4,0.016459057820065057
flywire_783_mb_left_kc512_s702,442,spectral,role_random,2,50,permuted_teacher,5,0.01626572839820046
flywire_783_mb_left_kc512_s702,442,spectral,role_random,2,50,permuted_teacher,6,0.016134082059902438
flywire_783_mb_left_kc512_s702,442,spectral,role_random,2,50,permuted_teacher,7,0.016043833191242314
flywire_783_mb_left_kc512_s702,442,spectral,role_random,2,50,permuted_teacher,8,0.01598030557979502
flywire_783_mb_left_kc512_s702,442,spectral,role_random,2,50,permuted_teacher,9,0.015934884140339455
flywire_783_mb_left_kc512_s702,442,spectral,role_random,2,50,permuted_teacher,10,0.015900497812457864
flywire_783_mb_left_kc512_s702,442,spectral,role_random,2,50,permuted_teacher,11,0.015873774747019325
flywire_783_mb_left_kc512_s702,442,spectral,role_random,2,50,permuted_teacher,12,0.015853284116461277
flywire_783_mb_left_kc512_s702,442,spectral,role_random,2,50,permuted_teacher,13,0.015837019546280272
flywire_783_mb_left_kc512_s702,442,spectral,role_random,2,50,permuted_teacher,14,0.0158238788478312
flywire_783_mb_left_kc512_s702,442,spectral,role_random,2,50,permuted_teacher,15,0.015813542637845145
flywire_783_mb_left_kc512_s702,442,spectral,role_random,2,50,permuted_teacher,16,0.015805152327643946
flywire_783_mb_left_kc512_s702,442,spectral,role_random,2,50,permuted_teacher,17,0.015798169228737703
flywire_783_mb_left_kc512_s702,442,spectral,role_random,2,50,permuted_teacher,18,0.015792372056749958
flywire_783_mb_left_kc512_s702,442,spectral,role_random,2,50,permuted_teacher,19,0.01578749105888438
flywire_783_mb_left_kc512_s702,442,spectral,role_random,2,50,permuted_teacher,20,0.015783329599123295
flywire_783_mb_left_kc512_s702,442,spectral,role_random,2,50,permuted_teacher,21,0.015779788088031956
flywire_783_mb_left_kc512_s702,442,spectral,role_random,2,50,permuted_teacher,22,0.01577676348877865
flywire_783_mb_left_kc512_s702,442,spectral,role_random,2,50,permuted_teacher,23,0.015774203705003622
flywire_783_mb_left_kc512_s702,442,spectral,role_random,2,50,permuted_teacher,24,0.01577199238449391
flywire_783_mb_left_kc512_s702,442,spectral,role_random,2,50,permuted_teacher,25,0.015770099278380117
flywire_783_mb_left_kc512_s702,442,spectral,role_random,2,50,permuted_teacher,26,0.015768485635808446
flywire_783_mb_left_kc512_s702,442,spectral,role_random,2,50,permuted_teacher,27,0.015767065897081708
flywire_783_mb_left_kc512_s702,442,spectral,role_random,2,50,permuted_teacher,28,0.015765796909812568
flywire_783_mb_left_kc512_s702,442,spectral,role_random,2,50,permuted_teacher,29,0.015764662956257162
flywire_783_mb_left_kc512_s702,442,spectral,role_random,2,50,permuted_teacher,30,0.015763658888961907
flywire_783_mb_left_kc512_s702,442,spectral,role_random,2,200,supervised,1,0.017450575099068902
flywire_783_mb_left_kc512_s702,442,spectral,role_random,2,200,supervised,2,0.01672273850190264
flywire_783_mb_left_kc512_s702,442,spectral,role_random,2,200,supervised,3,0.016563981108332324
flywire_783_mb_left_kc512_s702,442,spectral,role_random,2,200,supervised,4,0.016516546852281967
flywire_783_mb_left_kc512_s702,442,spectral,role_random,2,200,supervised,5,0.01649660716579623
flywire_783_mb_left_kc512_s702,442,spectral,role_random,2,200,supervised,6,0.016486615679815058
flywire_783_mb_left_kc512_s702,442,spectral,role_random,2,200,supervised,7,0.016480955951171657
flywire_783_mb_left_kc512_s702,442,spectral,role_random,2,200,supervised,8,0.016477559316376043
flywire_783_mb_left_kc512_s702,442,spectral,role_random,2,200,supervised,9,0.016475650160489744
flywire_783_mb_left_kc512_s702,442,spectral,role_random,2,200,supervised,10,0.0164745551279147
flywire_783_mb_left_kc512_s702,442,spectral,role_random,2,200,supervised,11,0.016473897346904496
flywire_783_mb_left_kc512_s702,442,spectral,role_random,2,200,supervised,12,0.01647343808102907
flywire_783_mb_left_kc512_s702,442,spectral,role_random,2,200,supervised,13,0.01647306528710368
flywire_783_mb_left_kc512_s702,442,spectral,role_random,2,200,supervised,14,0.016472728354892878
flywire_783_mb_left_kc512_s702,442,spectral,role_random,2,200,supervised,15,0.01647246912304681
flywire_783_mb_left_kc512_s702,442,spectral,role_random,2,200,supervised,16,0.01647226827467229
flywire_783_mb_left_kc512_s702,442,spectral,role_random,2,200,supervised,17,0.01647211484466218
flywire_783_mb_left_kc512_s702,442,spectral,role_random,2,200,supervised,18,0.016471996949638152
flywire_783_mb_left_kc512_s702,442,spectral,role_random,2,200,supervised,19,0.016471907047870025
flywire_783_mb_left_kc512_s702,442,spectral,role_random,2,200,supervised,20,0.016471839761245177
flywire_783_mb_left_kc512_s702,442,spectral,role_random,2,200,supervised,21,0.016471788382748164
flywire_783_mb_left_kc512_s702,442,spectral,role_random,2,200,supervised,22,0.01647174924030513
flywire_783_mb_left_kc512_s702,442,spectral,role_random,2,200,supervised,23,0.016471719663652473
flywire_783_mb_left_kc512_s702,442,spectral,role_random,2,200,supervised,24,0.01647169746977945
flywire_783_mb_left_kc512_s702,442,spectral,role_random,2,200,supervised,25,0.01647168103661117
flywire_783_mb_left_kc512_s702,442,spectral,role_random,2,200,supervised,26,0.016471675747335542
flywire_783_mb_left_kc512_s702,442,spectral,role_random,2,200,supervised,27,0.016471671649178395
flywire_783_mb_left_kc512_s702,442,spectral,role_random,2,200,supervised,28,0.01647167237247634
flywire_783_mb_left_kc512_s702,442,spectral,role_random,2,200,supervised,29,0.01647167220860064
flywire_783_mb_left_kc512_s702,442,spectral,role_random,2,200,supervised,30,0.016471671807073818
flywire_783_mb_left_kc512_s702,442,spectral,role_random,2,200,permuted_teacher,1,0.017461537541766808
flywire_783_mb_left_kc512_s702,442,spectral,role_random,2,200,permuted_teacher,2,0.016743570767785015
flywire_783_mb_left_kc512_s702,442,spectral,role_random,2,200,permuted_teacher,3,0.016591233628510824
flywire_783_mb_left_kc512_s702,442,spectral,role_random,2,200,permuted_teacher,4,0.016545898334238016
flywire_783_mb_left_kc512_s702,442,spectral,role_random,2,200,permuted_teacher,5,0.01652700409261385
flywire_783_mb_left_kc512_s702,442,spectral,role_random,2,200,permuted_teacher,6,0.016517737518604136
flywire_783_mb_left_kc512_s702,442,spectral,role_random,2,200,permuted_teacher,7,0.016512668339655867
flywire_783_mb_left_kc512_s702,442,spectral,role_random,2,200,permuted_teacher,8,0.01650982171708459
flywire_783_mb_left_kc512_s702,442,spectral,role_random,2,200,permuted_teacher,9,0.016508191098592827
flywire_783_mb_left_kc512_s702,442,spectral,role_random,2,200,permuted_teacher,10,0.016507225006050393
flywire_783_mb_left_kc512_s702,442,spectral,role_random,2,200,permuted_teacher,11,0.016506624041193792
flywire_783_mb_left_kc512_s702,442,spectral,role_random,2,200,permuted_teacher,12,0.016506233591022684
flywire_783_mb_left_kc512_s702,442,spectral,role_random,2,200,permuted_teacher,13,0.01650594221150548
flywire_783_mb_left_kc512_s702,442,spectral,role_random,2,200,permuted_teacher,14,0.016505707148937603
flywire_783_mb_left_kc512_s702,442,spectral,role_random,2,200,permuted_teacher,15,0.01650552937020409
flywire_783_mb_left_kc512_s702,442,spectral,role_random,2,200,permuted_teacher,16,0.016505407348341508
flywire_783_mb_left_kc512_s702,442,spectral,role_random,2,200,permuted_teacher,17,0.016505324314831184
flywire_783_mb_left_kc512_s702,442,spectral,role_random,2,200,permuted_teacher,18,0.016505272527863955
flywire_783_mb_left_kc512_s702,442,spectral,role_random,2,200,permuted_teacher,19,0.016505247122929476
flywire_783_mb_left_kc512_s702,442,spectral,role_random,2,200,permuted_teacher,20,0.01650523627965777
flywire_783_mb_left_kc512_s702,442,spectral,role_random,2,200,permuted_teacher,21,0.016505234946902172
flywire_783_mb_left_kc512_s702,442,spectral,role_random,2,200,permuted_teacher,22,0.016505245128062663
flywire_783_mb_left_kc512_s702,442,spectral,role_random,2,200,permuted_teacher,23,0.016505262270701745
flywire_783_mb_left_kc512_s702,442,spectral,role_random,2,200,permuted_teacher,24,0.016505286239061178
flywire_783_mb_left_kc512_s702,442,spectral,role_random,2,200,permuted_teacher,25,0.016505313829879627
flywire_783_mb_left_kc512_s702,442,spectral,role_random,2,200,permuted_teacher,26,0.016505348375700418
flywire_783_mb_left_kc512_s702,442,spectral,role_random,2,200,permuted_teacher,27,0.016505385079893718
flywire_783_mb_left_kc512_s702,442,spectral,role_random,2,200,permuted_teacher,28,0.016505421551724
flywire_783_mb_left_kc512_s702,442,spectral,role_random,2,200,permuted_teacher,29,0.016505462076116417
flywire_783_mb_left_kc512_s702,442,spectral,role_random,2,200,permuted_teacher,30,0.016505502826972846
flywire_783_mb_left_kc512_s702,442,incoming_l1,fly,1,50,supervised,1,0.014715677120212475
flywire_783_mb_left_kc512_s702,442,incoming_l1,fly,1,50,supervised,2,0.014450732769690345
flywire_783_mb_left_kc512_s702,442,incoming_l1,fly,1,50,supervised,3,0.014255610515433196
flywire_783_mb_left_kc512_s702,442,incoming_l1,fly,1,50,supervised,4,0.014106255950899566
flywire_783_mb_left_kc512_s702,442,incoming_l1,fly,1,50,supervised,5,0.013988744152223473
flywire_783_mb_left_kc512_s702,442,incoming_l1,fly,1,50,supervised,6,0.013895708571662632
flywire_783_mb_left_kc512_s702,442,incoming_l1,fly,1,50,supervised,7,0.013822394615100568
flywire_783_mb_left_kc512_s702,442,incoming_l1,fly,1,50,supervised,8,0.013765891098527286
flywire_783_mb_left_kc512_s702,442,incoming_l1,fly,1,50,supervised,9,0.013724305804518338
flywire_783_mb_left_kc512_s702,442,incoming_l1,fly,1,50,supervised,10,0.013691241691519496
flywire_783_mb_left_kc512_s702,442,incoming_l1,fly,1,50,supervised,11,0.013664965710568298
flywire_783_mb_left_kc512_s702,442,incoming_l1,fly,1,50,supervised,12,0.013645509430537618
flywire_783_mb_left_kc512_s702,442,incoming_l1,fly,1,50,supervised,13,0.013630629347436071
flywire_783_mb_left_kc512_s702,442,incoming_l1,fly,1,50,supervised,14,0.013619055574416849
flywire_783_mb_left_kc512_s702,442,incoming_l1,fly,1,50,supervised,15,0.013609449625579447
flywire_783_mb_left_kc512_s702,442,incoming_l1,fly,1,50,supervised,16,0.013601280194349512
flywire_783_mb_left_kc512_s702,442,incoming_l1,fly,1,50,supervised,17,0.013594763674180157
flywire_783_mb_left_kc512_s702,442,incoming_l1,fly,1,50,supervised,18,0.013589462024772283
flywire_783_mb_left_kc512_s702,442,incoming_l1,fly,1,50,supervised,19,0.01358485190643452
flywire_783_mb_left_kc512_s702,442,incoming_l1,fly,1,50,supervised,20,0.013580810136885252
flywire_783_mb_left_kc512_s702,442,incoming_l1,fly,1,50,supervised,21,0.013577273043727831
flywire_783_mb_left_kc512_s702,442,incoming_l1,fly,1,50,supervised,22,0.013574072187465688
flywire_783_mb_left_kc512_s702,442,incoming_l1,fly,1,50,supervised,23,0.013571170992567312
flywire_783_mb_left_kc512_s702,442,incoming_l1,fly,1,50,supervised,24,0.013568659524825376
flywire_783_mb_left_kc512_s702,442,incoming_l1,fly,1,50,supervised,25,0.0135665405540048
flywire_783_mb_left_kc512_s702,442,incoming_l1,fly,1,50,supervised,26,0.013564648172538286
flywire_783_mb_left_kc512_s702,442,incoming_l1,fly,1,50,supervised,27,0.013562860236367312
flywire_783_mb_left_kc512_s702,442,incoming_l1,fly,1,50,supervised,28,0.013561146707642708
flywire_783_mb_left_kc512_s702,442,incoming_l1,fly,1,50,supervised,29,0.013559536662575151
flywire_783_mb_left_kc512_s702,442,incoming_l1,fly,1,50,supervised,30,0.013557998795366469
flywire_783_mb_left_kc512_s702,442,incoming_l1,fly,1,50,permuted_teacher,1,0.014701510175748939
flywire_783_mb_left_kc512_s702,442,incoming_l1,fly,1,50,permuted_teacher,2,0.014442367707907102
flywire_783_mb_left_kc512_s702,442,incoming_l1,fly,1,50,permuted_teacher,3,0.014251475129782119
flywire_783_mb_left_kc512_s702,442,incoming_l1,fly,1,50,permuted_teacher,4,0.014105826704683843
flywire_783_mb_left_kc512_s702,442,incoming_l1,fly,1,50,permuted_teacher,5,0.013992345168275709
flywire_783_mb_left_kc512_s702,442,incoming_l1,fly,1,50,permuted_teacher,6,0.013903756175433992
flywire_783_mb_left_kc512_s702,442,incoming_l1,fly,1,50,permuted_teacher,7,0.013834802294209912
flywire_783_mb_left_kc512_s702,442,incoming_l1,fly,1,50,permuted_teacher,8,0.013782438171445945
flywire_783_mb_left_kc512_s702,442,incoming_l1,fly,1,50,permuted_teacher,9,0.01374335306801682
flywire_783_mb_left_kc512_s702,442,incoming_l1,fly,1,50,permuted_teacher,10,0.013712787635871072
flywire_783_mb_left_kc512_s702,442,incoming_l1,fly,1,50,permuted_teacher,11,0.013688416613190563
flywire_783_mb_left_kc512_s702,442,incoming_l1,fly,1,50,permuted_teacher,12,0.013668890202198494
flywire_783_mb_left_kc512_s702,442,incoming_l1,fly,1,50,permuted_teacher,13,0.01365415896307616
flywire_783_mb_left_kc512_s702,442,incoming_l1,fly,1,50,permuted_teacher,14,0.013642662203734697
flywire_783_mb_left_kc512_s702,442,incoming_l1,fly,1,50,permuted_teacher,15,0.013633561201753111
flywire_783_mb_left_kc512_s702,442,incoming_l1,fly,1,50,permuted_teacher,16,0.013625971061649127
flywire_783_mb_left_kc512_s702,442,incoming_l1,fly,1,50,permuted_teacher,17,0.013619611309991314
flywire_783_mb_left_kc512_s702,442,incoming_l1,fly,1,50,permuted_teacher,18,0.013614256623052406
flywire_783_mb_left_kc512_s702,442,incoming_l1,fly,1,50,permuted_teacher,19,0.013609496700993191
flywire_783_mb_left_kc512_s702,442,incoming_l1,fly,1,50,permuted_teacher,20,0.013605479885640853
flywire_783_mb_left_kc512_s702,442,incoming_l1,fly,1,50,permuted_teacher,21,0.013602163620083782
flywire_783_mb_left_kc512_s702,442,incoming_l1,fly,1,50,permuted_teacher,22,0.013599229736704873
flywire_783_mb_left_kc512_s702,442,incoming_l1,fly,1,50,permuted_teacher,23,0.013596714501924265
flywire_783_mb_left_kc512_s702,442,incoming_l1,fly,1,50,permuted_teacher,24,0.013594654521513889
flywire_783_mb_left_kc512_s702,442,incoming_l1,fly,1,50,permuted_teacher,25,0.013592939352130408
flywire_783_mb_left_kc512_s702,442,incoming_l1,fly,1,50,permuted_teacher,26,0.013591387088571253
flywire_783_mb_left_kc512_s702,442,incoming_l1,fly,1,50,permuted_teacher,27,0.013589949627115787
flywire_783_mb_left_kc512_s702,442,incoming_l1,fly,1,50,permuted_teacher,28,0.013588693235750952
flywire_783_mb_left_kc512_s702,442,incoming_l1,fly,1,50,permuted_teacher,29,0.013587480311631681
flywire_783_mb_left_kc512_s702,442,incoming_l1,fly,1,50,permuted_teacher,30,0.013586270798280252
flywire_783_mb_left_kc512_s702,442,incoming_l1,fly,1,200,supervised,1,0.014390897775352511
flywire_783_mb_left_kc512_s702,442,incoming_l1,fly,1,200,supervised,2,0.01396359431369747
flywire_783_mb_left_kc512_s702,442,incoming_l1,fly,1,200,supervised,3,0.013810755173514235
flywire_783_mb_left_kc512_s702,442,incoming_l1,fly,1,200,supervised,4,0.013754154300955253
flywire_783_mb_left_kc512_s702,442,incoming_l1,fly,1,200,supervised,5,0.01372683280559573
flywire_783_mb_left_kc512_s702,442,incoming_l1,fly,1,200,supervised,6,0.013713847483520485
flywire_783_mb_left_kc512_s702,442,incoming_l1,fly,1,200,supervised,7,0.013706844605135684
flywire_783_mb_left_kc512_s702,442,incoming_l1,fly,1,200,supervised,8,0.013701845424197128
flywire_783_mb_left_kc512_s702,442,incoming_l1,fly,1,200,supervised,9,0.013698013263054703
flywire_783_mb_left_kc512_s702,442,incoming_l1,fly,1,200,supervised,10,0.013694902204777017
flywire_783_mb_left_kc512_s702,442,incoming_l1,fly,1,200,supervised,11,0.013692293920282561
flywire_783_mb_left_kc512_s702,442,incoming_l1,fly,1,200,supervised,12,0.013690191093366014
flywire_783_mb_left_kc512_s702,442,incoming_l1,fly,1,200,supervised,13,0.013688389779954973
flywire_783_mb_left_kc512_s702,442,incoming_l1,fly,1,200,supervised,14,0.01368680928030667
flywire_783_mb_left_kc512_s702,442,incoming_l1,fly,1,200,supervised,15,0.013685517559293776
flywire_783_mb_left_kc512_s702,442,incoming_l1,fly,1,200,supervised,16,0.013684372281054291
flywire_783_mb_left_kc512_s702,442,incoming_l1,fly,1,200,supervised,17,0.013683345155005291
flywire_783_mb_left_kc512_s702,442,incoming_l1,fly,1,200,supervised,18,0.013682446777377582
flywire_783_mb_left_kc512_s702,442,incoming_l1,fly,1,200,supervised,19,0.013681692534665951
flywire_783_mb_left_kc512_s702,442,incoming_l1,fly,1,200,supervised,20,0.013681017768947234
flywire_783_mb_left_kc512_s702,442,incoming_l1,fly,1,200,supervised,21,0.013680411404590668
flywire_783_mb_left_kc512_s702,442,incoming_l1,fly,1,200,supervised,22,0.013679874123704947
flywire_783_mb_left_kc512_s702,442,incoming_l1,fly,1,200,supervised,23,0.013679407633426366
flywire_783_mb_left_kc512_s702,442,incoming_l1,fly,1,200,supervised,24,0.013678988854229612
flywire_783_mb_left_kc512_s702,442,incoming_l1,fly,1,200,supervised,25,0.01367857828587458
flywire_783_mb_left_kc512_s702,442,incoming_l1,fly,1,200,supervised,26,0.0136781858494522
flywire_783_mb_left_kc512_s702,442,incoming_l1,fly,1,200,supervised,27,0.013677819852515745
flywire_783_mb_left_kc512_s702,442,incoming_l1,fly,1,200,supervised,28,0.013677484648091072
flywire_783_mb_left_kc512_s702,442,incoming_l1,fly,1,200,supervised,29,0.013677194017526158
flywire_783_mb_left_kc512_s702,442,incoming_l1,fly,1,200,supervised,30,0.01367693186322499
flywire_783_mb_left_kc512_s702,442,incoming_l1,fly,1,200,permuted_teacher,1,0.01438677819589764
flywire_783_mb_left_kc512_s702,442,incoming_l1,fly,1,200,permuted_teacher,2,0.013966898541875222
flywire_783_mb_left_kc512_s702,442,incoming_l1,fly,1,200,permuted_teacher,3,0.013816885565619285
flywire_783_mb_left_kc512_s702,442,incoming_l1,fly,1,200,permuted_teacher,4,0.013761378565775213
flywire_783_mb_left_kc512_s702,442,incoming_l1,fly,1,200,permuted_teacher,5,0.013734869246003797
flywire_783_mb_left_kc512_s702,442,incoming_l1,fly,1,200,permuted_teacher,6,0.013721826661465458
flywire_783_mb_left_kc512_s702,442,incoming_l1,fly,1,200,permuted_teacher,7,0.013714672670495243
flywire_783_mb_left_kc512_s702,442,incoming_l1,fly,1,200,permuted_teacher,8,0.01370967476831438
flywire_783_mb_left_kc512_s702,442,incoming_l1,fly,1,200,permuted_teacher,9,0.013705932240977596
flywire_783_mb_left_kc512_s702,442,incoming_l1,fly,1,200,permuted_teacher,10,0.013702969905847448
flywire_783_mb_left_kc512_s702,442,incoming_l1,fly,1,200,permuted_teacher,11,0.013700648243228407
flywire_783_mb_left_kc512_s702,442,incoming_l1,fly,1,200,permuted_teacher,12,0.013698922652955957
flywire_783_mb_left_kc512_s702,442,incoming_l1,fly,1,200,permuted_teacher,13,0.013697848648687123
flywire_783_mb_left_kc512_s702,442,incoming_l1,fly,1,200,permuted_teacher,14,0.013697066115351235
flywire_783_mb_left_kc512_s702,442,incoming_l1,fly,1,200,permuted_teacher,15,0.013696383248981224
flywire_783_mb_left_kc512_s702,442,incoming_l1,fly,1,200,permuted_teacher,16,0.013695756103075694
flywire_783_mb_left_kc512_s702,442,incoming_l1,fly,1,200,permuted_teacher,17,0.013695095851259347
flywire_783_mb_left_kc512_s702,442,incoming_l1,fly,1,200,permuted_teacher,18,0.013694482437687384
flywire_783_mb_left_kc512_s702,442,incoming_l1,fly,1,200,permuted_teacher,19,0.0136939311190914
flywire_783_mb_left_kc512_s702,442,incoming_l1,fly,1,200,permuted_teacher,20,0.013693446926582663
flywire_783_mb_left_kc512_s702,442,incoming_l1,fly,1,200,permuted_teacher,21,0.01369301741336239
flywire_783_mb_left_kc512_s702,442,incoming_l1,fly,1,200,permuted_teacher,22,0.013692629975260604
flywire_783_mb_left_kc512_s702,442,incoming_l1,fly,1,200,permuted_teacher,23,0.013692271556923733
flywire_783_mb_left_kc512_s702,442,incoming_l1,fly,1,200,permuted_teacher,24,0.013691839927626858
flywire_783_mb_left_kc512_s702,442,incoming_l1,fly,1,200,permuted_teacher,25,0.013691413334439063
flywire_783_mb_left_kc512_s702,442,incoming_l1,fly,1,200,permuted_teacher,26,0.013691025090603538
flywire_783_mb_left_kc512_s702,442,incoming_l1,fly,1,200,permuted_teacher,27,0.01369067848967298
flywire_783_mb_left_kc512_s702,442,incoming_l1,fly,1,200,permuted_teacher,28,0.013690367559753064
flywire_783_mb_left_kc512_s702,442,incoming_l1,fly,1,200,permuted_teacher,29,0.013690084493356205
flywire_783_mb_left_kc512_s702,442,incoming_l1,fly,1,200,permuted_teacher,30,0.013689797329908214
flywire_783_mb_left_kc512_s702,442,incoming_l1,fly,2,50,supervised,1,0.014699859968349858
flywire_783_mb_left_kc512_s702,442,incoming_l1,fly,2,50,supervised,2,0.014421046193702977
flywire_783_mb_left_kc512_s702,442,incoming_l1,fly,2,50,supervised,3,0.014218760642494076
flywire_783_mb_left_kc512_s702,442,incoming_l1,fly,2,50,supervised,4,0.01406702576412929
flywire_783_mb_left_kc512_s702,442,incoming_l1,fly,2,50,supervised,5,0.013950415188923511
flywire_783_mb_left_kc512_s702,442,incoming_l1,fly,2,50,supervised,6,0.013859360464295076
flywire_783_mb_left_kc512_s702,442,incoming_l1,fly,2,50,supervised,7,0.013788170492732621
flywire_783_mb_left_kc512_s702,442,incoming_l1,fly,2,50,supervised,8,0.013733773443523696
flywire_783_mb_left_kc512_s702,442,incoming_l1,fly,2,50,supervised,9,0.013693884769360724
flywire_783_mb_left_kc512_s702,442,incoming_l1,fly,2,50,supervised,10,0.01366248460072185
flywire_783_mb_left_kc512_s702,442,incoming_l1,fly,2,50,supervised,11,0.013637585295703277
flywire_783_mb_left_kc512_s702,442,incoming_l1,fly,2,50,supervised,12,0.013617911739556796
flywire_783_mb_left_kc512_s702,442,incoming_l1,fly,2,50,supervised,13,0.01360243208969325
flywire_783_mb_left_kc512_s702,442,incoming_l1,fly,2,50,supervised,14,0.013589912518866
flywire_783_mb_left_kc512_s702,442,incoming_l1,fly,2,50,supervised,15,0.013579699574268364
flywire_783_mb_left_kc512_s702,442,incoming_l1,fly,2,50,supervised,16,0.013571197270197979
flywire_783_mb_left_kc512_s702,442,incoming_l1,fly,2,50,supervised,17,0.013563852310354809
flywire_783_mb_left_kc512_s702,442,incoming_l1,fly,2,50,supervised,18,0.013557490451580612
flywire_783_mb_left_kc512_s702,442,incoming_l1,fly,2,50,supervised,19,0.013551587217439365
flywire_783_mb_left_kc512_s702,442,incoming_l1,fly,2,50,supervised,20,0.01354628608935125
flywire_783_mb_left_kc512_s702,442,incoming_l1,fly,2,50,supervised,21,0.013541551979420937
flywire_783_mb_left_kc512_s702,442,incoming_l1,fly,2,50,supervised,22,0.0135374663604355
flywire_783_mb_left_kc512_s702,442,incoming_l1,fly,2,50,supervised,23,0.013533764834297303
flywire_783_mb_left_kc512_s702,442,incoming_l1,fly,2,50,supervised,24,0.013530354933889197
flywire_783_mb_left_kc512_s702,442,incoming_l1,fly,2,50,supervised,25,0.013527317900238579
flywire_783_mb_left_kc512_s702,442,incoming_l1,fly,2,50,supervised,26,0.013524737287758425
flywire_783_mb_left_kc512_s702,442,incoming_l1,fly,2,50,supervised,27,0.013522406875218261
flywire_783_mb_left_kc512_s702,442,incoming_l1,fly,2,50,supervised,28,0.013520212495679673
flywire_783_mb_left_kc512_s702,442,incoming_l1,fly,2,50,supervised,29,0.013518129415099025
flywire_783_mb_left_kc512_s702,442,incoming_l1,fly,2,50,supervised,30,0.013516162701928812
flywire_783_mb_left_kc512_s702,442,incoming_l1,fly,2,50,permuted_teacher,1,0.014671350853678983
flywire_783_mb_left_kc512_s702,442,incoming_l1,fly,2,50,permuted_teacher,2,0.014398286201802618
flywire_783_mb_left_kc512_s702,442,incoming_l1,fly,2,50,permuted_teacher,3,0.014197417170013164
flywire_783_mb_left_kc512_s702,442,incoming_l1,fly,2,50,permuted_teacher,4,0.014044952370704501
flywire_783_mb_left_kc512_s702,442,incoming_l1,fly,2,50,permuted_teacher,5,0.013927230167265553
flywire_783_mb_left_kc512_s702,442,incoming_l1,fly,2,50,permuted_teacher,6,0.013835918778802126
flywire_783_mb_left_kc512_s702,442,incoming_l1,fly,2,50,permuted_teacher,7,0.01376480561188526
flywire_783_mb_left_kc512_s702,442,incoming_l1,fly,2,50,permuted_teacher,8,0.013710637347639356
flywire_783_mb_left_kc512_s702,442,incoming_l1,fly,2,50,permuted_teacher,9,0.013669608639782255
flywire_783_mb_left_kc512_s702,442,incoming_l1,fly,2,50,permuted_teacher,10,0.013637393921316309
flywire_783_mb_left_kc512_s702,442,incoming_l1,fly,2,50,permuted_teacher,11,0.013611474568300778
flywire_783_mb_left_kc512_s702,442,incoming_l1,fly,2,50,permuted_teacher,12,0.013590029968468049
flywire_783_mb_left_kc512_s702,442,incoming_l1,fly,2,50,permuted_teacher,13,0.013573045968997024
flywire_783_mb_left_kc512_s702,442,incoming_l1,fly,2,50,permuted_teacher,14,0.013559112731795442
flywire_783_mb_left_kc512_s702,442,incoming_l1,fly,2,50,permuted_teacher,15,0.013547208118380014
flywire_783_mb_left_kc512_s702,442,incoming_l1,fly,2,50,permuted_teacher,16,0.013537518420936014
flywire_783_mb_left_kc512_s702,442,incoming_l1,fly,2,50,permuted_teacher,17,0.013529158531806976
flywire_783_mb_left_kc512_s702,442,incoming_l1,fly,2,50,permuted_teacher,18,0.013522074514807084
flywire_783_mb_left_kc512_s702,442,incoming_l1,fly,2,50,permuted_teacher,19,0.01351602476180153
flywire_783_mb_left_kc512_s702,442,incoming_l1,fly,2,50,permuted_teacher,20,0.013510526118727648
flywire_783_mb_left_kc512_s702,442,incoming_l1,fly,2,50,permuted_teacher,21,0.013505679902019375
flywire_783_mb_left_kc512_s702,442,incoming_l1,fly,2,50,permuted_teacher,22,0.013501371848397763
flywire_783_mb_left_kc512_s702,442,incoming_l1,fly,2,50,permuted_teacher,23,0.013497566042034937
flywire_783_mb_left_kc512_s702,442,incoming_l1,fly,2,50,permuted_teacher,24,0.01349428224274065
flywire_783_mb_left_kc512_s702,442,incoming_l1,fly,2,50,permuted_teacher,25,0.013491469532082636
flywire_783_mb_left_kc512_s702,442,incoming_l1,fly,2,50,permuted_teacher,26,0.013489184245474791
flywire_783_mb_left_kc512_s702,442,incoming_l1,fly,2,50,permuted_teacher,27,0.013487353728131151
flywire_783_mb_left_kc512_s702,442,incoming_l1,fly,2,50,permuted_teacher,28,0.01348574696724581
flywire_783_mb_left_kc512_s702,442,incoming_l1,fly,2,50,permuted_teacher,29,0.013484249498728434
flywire_783_mb_left_kc512_s702,442,incoming_l1,fly,2,50,permuted_teacher,30,0.013482852334126352
flywire_783_mb_left_kc512_s702,442,incoming_l1,fly,2,200,supervised,1,0.014398340615187459
flywire_783_mb_left_kc512_s702,442,incoming_l1,fly,2,200,supervised,2,0.013970900480752708
flywire_783_mb_left_kc512_s702,442,incoming_l1,fly,2,200,supervised,3,0.013818725118177097
flywire_783_mb_left_kc512_s702,442,incoming_l1,fly,2,200,supervised,4,0.013762740012208105
flywire_783_mb_left_kc512_s702,442,incoming_l1,fly,2,200,supervised,5,0.013736664078714916
flywire_783_mb_left_kc512_s702,442,incoming_l1,fly,2,200,supervised,6,0.013723752834296277
flywire_783_mb_left_kc512_s702,442,incoming_l1,fly,2,200,supervised,7,0.013716839084359644
flywire_783_mb_left_kc512_s702,442,incoming_l1,fly,2,200,supervised,8,0.013712115556149564
flywire_783_mb_left_kc512_s702,442,incoming_l1,fly,2,200,supervised,9,0.013708639609572644
flywire_783_mb_left_kc512_s702,442,incoming_l1,fly,2,200,supervised,10,0.013706151760712203
flywire_783_mb_left_kc512_s702,442,incoming_l1,fly,2,200,supervised,11,0.013704217138322414
flywire_783_mb_left_kc512_s702,442,incoming_l1,fly,2,200,supervised,12,0.013702638597520418
flywire_783_mb_left_kc512_s702,442,incoming_l1,fly,2,200,supervised,13,0.013701405940236817
flywire_783_mb_left_kc512_s702,442,incoming_l1,fly,2,200,supervised,14,0.013700364666725215
flywire_783_mb_left_kc512_s702,442,incoming_l1,fly,2,200,supervised,15,0.01369941702128826
flywire_783_mb_left_kc512_s702,442,incoming_l1,fly,2,200,supervised,16,0.013698660293101324
flywire_783_mb_left_kc512_s702,442,incoming_l1,fly,2,200,supervised,17,0.013698029975614995
flywire_783_mb_left_kc512_s702,442,incoming_l1,fly,2,200,supervised,18,0.013697444851017536
flywire_783_mb_left_kc512_s702,442,incoming_l1,fly,2,200,supervised,19,0.013696908255591776
flywire_783_mb_left_kc512_s702,442,incoming_l1,fly,2,200,supervised,20,0.013696412549875681
flywire_783_mb_left_kc512_s702,442,incoming_l1,fly,2,200,supervised,21,0.013695954333372631
flywire_783_mb_left_kc512_s702,442,incoming_l1,fly,2,200,supervised,22,0.013695530504721203
flywire_783_mb_left_kc512_s702,442,incoming_l1,fly,2,200,supervised,23,0.013695139262868238
flywire_783_mb_left_kc512_s702,442,incoming_l1,fly,2,200,supervised,24,0.013694779944489099
flywire_783_mb_left_kc512_s702,442,incoming_l1,fly,2,200,supervised,25,0.013694523509194196
flywire_783_mb_left_kc512_s702,442,incoming_l1,fly,2,200,supervised,26,0.01369434626192846
flywire_783_mb_left_kc512_s702,442,incoming_l1,fly,2,200,supervised,27,0.01369418875857634
flywire_783_mb_left_kc512_s702,442,incoming_l1,fly,2,200,supervised,28,0.01369404323331443
flywire_783_mb_left_kc512_s702,442,incoming_l1,fly,2,200,supervised,29,0.013693895693708493
flywire_783_mb_left_kc512_s702,442,incoming_l1,fly,2,200,supervised,30,0.013693747723314135
flywire_783_mb_left_kc512_s702,442,incoming_l1,fly,2,200,permuted_teacher,1,0.01440694172503218
flywire_783_mb_left_kc512_s702,442,incoming_l1,fly,2,200,permuted_teacher,2,0.013984977045704441
flywire_783_mb_left_kc512_s702,442,incoming_l1,fly,2,200,permuted_teacher,3,0.013837151181718637
flywire_783_mb_left_kc512_s702,442,incoming_l1,fly,2,200,permuted_teacher,4,0.01378495873331269
flywire_783_mb_left_kc512_s702,442,incoming_l1,fly,2,200,permuted_teacher,5,0.013761499292416796
flywire_783_mb_left_kc512_s702,442,incoming_l1,fly,2,200,permuted_teacher,6,0.013751860340970644
flywire_783_mb_left_kc512_s702,442,incoming_l1,fly,2,200,permuted_teacher,7,0.013746798059881441
flywire_783_mb_left_kc512_s702,442,incoming_l1,fly,2,200,permuted_teacher,8,0.013743762795758542
flywire_783_mb_left_kc512_s702,442,incoming_l1,fly,2,200,permuted_teacher,9,0.013741510466737977
flywire_783_mb_left_kc512_s702,442,incoming_l1,fly,2,200,permuted_teacher,10,0.013739791971377927
flywire_783_mb_left_kc512_s702,442,incoming_l1,fly,2,200,permuted_teacher,11,0.013738427464924494
flywire_783_mb_left_kc512_s702,442,incoming_l1,fly,2,200,permuted_teacher,12,0.0137372649588229
flywire_783_mb_left_kc512_s702,442,incoming_l1,fly,2,200,permuted_teacher,13,0.013736387947815211
flywire_783_mb_left_kc512_s702,442,incoming_l1,fly,2,200,permuted_teacher,14,0.013735634623971807
flywire_783_mb_left_kc512_s702,442,incoming_l1,fly,2,200,permuted_teacher,15,0.013734940066179332
flywire_783_mb_left_kc512_s702,442,incoming_l1,fly,2,200,permuted_teacher,16,0.013734497482938205
flywire_783_mb_left_kc512_s702,442,incoming_l1,fly,2,200,permuted_teacher,17,0.01373391983797455
flywire_783_mb_left_kc512_s702,442,incoming_l1,fly,2,200,permuted_teacher,18,0.013733355057047444
flywire_783_mb_left_kc512_s702,442,incoming_l1,fly,2,200,permuted_teacher,19,0.013732938966035717
flywire_783_mb_left_kc512_s702,442,incoming_l1,fly,2,200,permuted_teacher,20,0.013732694457563066
flywire_783_mb_left_kc512_s702,442,incoming_l1,fly,2,200,permuted_teacher,21,0.013732452330301426
flywire_783_mb_left_kc512_s702,442,incoming_l1,fly,2,200,permuted_teacher,22,0.013732184144958392
flywire_783_mb_left_kc512_s702,442,incoming_l1,fly,2,200,permuted_teacher,23,0.013731928817799357
flywire_783_mb_left_kc512_s702,442,incoming_l1,fly,2,200,permuted_teacher,24,0.013731664589720697
flywire_783_mb_left_kc512_s702,442,incoming_l1,fly,2,200,permuted_teacher,25,0.013731405932852169
flywire_783_mb_left_kc512_s702,442,incoming_l1,fly,2,200,permuted_teacher,26,0.01373116565359495
flywire_783_mb_left_kc512_s702,442,incoming_l1,fly,2,200,permuted_teacher,27,0.013730946639069257
flywire_783_mb_left_kc512_s702,442,incoming_l1,fly,2,200,permuted_teacher,28,0.013730746075417974
flywire_783_mb_left_kc512_s702,442,incoming_l1,fly,2,200,permuted_teacher,29,0.013730560535371281
flywire_783_mb_left_kc512_s702,442,incoming_l1,fly,2,200,permuted_teacher,30,0.013730389261364218
flywire_783_mb_left_kc512_s702,442,incoming_l1,role_shuffled,1,50,supervised,1,0.015024927217567138
flywire_783_mb_left_kc512_s702,442,incoming_l1,role_shuffled,1,50,supervised,2,0.014911984219058002
flywire_783_mb_left_kc512_s702,442,incoming_l1,role_shuffled,1,50,supervised,3,0.014832519971089073
flywire_783_mb_left_kc512_s702,442,incoming_l1,role_shuffled,1,50,supervised,4,0.01476647868828632
flywire_783_mb_left_kc512_s702,442,incoming_l1,role_shuffled,1,50,supervised,5,0.014706516482214887
flywire_783_mb_left_kc512_s702,442,incoming_l1,role_shuffled,1,50,supervised,6,0.014653515136495997
flywire_783_mb_left_kc512_s702,442,incoming_l1,role_shuffled,1,50,supervised,7,0.014610851949818118
flywire_783_mb_left_kc512_s702,442,incoming_l1,role_shuffled,1,50,supervised,8,0.014577014991624988
flywire_783_mb_left_kc512_s702,442,incoming_l1,role_shuffled,1,50,supervised,9,0.014550114690086567
flywire_783_mb_left_kc512_s702,442,incoming_l1,role_shuffled,1,50,supervised,10,0.01452835329832456
flywire_783_mb_left_kc512_s702,442,incoming_l1,role_shuffled,1,50,supervised,11,0.01451017430690019
flywire_783_mb_left_kc512_s702,442,incoming_l1,role_shuffled,1,50,supervised,12,0.01449504786395544
flywire_783_mb_left_kc512_s702,442,incoming_l1,role_shuffled,1,50,supervised,13,0.014482371065862271
flywire_783_mb_left_kc512_s702,442,incoming_l1,role_shuffled,1,50,supervised,14,0.014471967510506629
flywire_783_mb_left_kc512_s702,442,incoming_l1,role_shuffled,1,50,supervised,15,0.014463109492869022
flywire_783_mb_left_kc512_s702,442,incoming_l1,role_shuffled,1,50,supervised,16,0.014456138813251732
flywire_783_mb_left_kc512_s702,442,incoming_l1,role_shuffled,1,50,supervised,17,0.014450487497812812
flywire_783_mb_left_kc512_s702,442,incoming_l1,role_shuffled,1,50,supervised,18,0.014445675452586827
flywire_783_mb_left_kc512_s702,442,incoming_l1,role_shuffled,1,50,supervised,19,0.014441410790976753
flywire_783_mb_left_kc512_s702,442,incoming_l1,role_shuffled,1,50,supervised,20,0.01443744184788403
flywire_783_mb_left_kc512_s702,442,incoming_l1,role_shuffled,1,50,supervised,21,0.014433842291134745
flywire_783_mb_left_kc512_s702,442,incoming_l1,role_shuffled,1,50,supervised,22,0.014430977869294646
flywire_783_mb_left_kc512_s702,442,incoming_l1,role_shuffled,1,50,supervised,23,0.01442872095535393
flywire_783_mb_left_kc512_s702,442,incoming_l1,role_shuffled,1,50,supervised,24,0.014426725201476987
flywire_783_mb_left_kc512_s702,442,incoming_l1,role_shuffled,1,50,supervised,25,0.014425045346897272
flywire_783_mb_left_kc512_s702,442,incoming_l1,role_shuffled,1,50,supervised,26,0.01442352350566008
flywire_783_mb_left_kc512_s702,442,incoming_l1,role_shuffled,1,50,supervised,27,0.0144221495706234
flywire_783_mb_left_kc512_s702,442,incoming_l1,role_shuffled,1,50,supervised,28,0.014420985653736758
flywire_783_mb_left_kc512_s702,442,incoming_l1,role_shuffled,1,50,supervised,29,0.014419946172954059
flywire_783_mb_left_kc512_s702,442,incoming_l1,role_shuffled,1,50,supervised,30,0.014418980736505788
flywire_783_mb_left_kc512_s702,442,incoming_l1,role_shuffled,1,50,permuted_teacher,1,0.015085938341126946
flywire_783_mb_left_kc512_s702,442,incoming_l1,role_shuffled,1,50,permuted_teacher,2,0.014968960910880945
flywire_783_mb_left_kc512_s702,442,incoming_l1,role_shuffled,1,50,permuted_teacher,3,0.014884842683400262
flywire_783_mb_left_kc512_s702,442,incoming_l1,role_shuffled,1,50,permuted_teacher,4,0.014813999867623863
flywire_783_mb_left_kc512_s702,442,incoming_l1,role_shuffled,1,50,permuted_teacher,5,0.014750894620541436
flywire_783_mb_left_kc512_s702,442,incoming_l1,role_shuffled,1,50,permuted_teacher,6,0.014696213828228347
flywire_783_mb_left_kc512_s702,442,incoming_l1,role_shuffled,1,50,permuted_teacher,7,0.014652206613307565
flywire_783_mb_left_kc512_s702,442,incoming_l1,role_shuffled,1,50,permuted_teacher,8,0.01461646859489037
flywire_783_mb_left_kc512_s702,442,incoming_l1,role_shuffled,1,50,permuted_teacher,9,0.014587552086566685
flywire_783_mb_left_kc512_s702,442,incoming_l1,role_shuffled,1,50,permuted_teacher,10,0.014564256497258446
flywire_783_mb_left_kc512_s702,442,incoming_l1,role_shuffled,1,50,permuted_teacher,11,0.014544733195752727
flywire_783_mb_left_kc512_s702,442,incoming_l1,role_shuffled,1,50,permuted_teacher,12,0.014528230159303839
flywire_783_mb_left_kc512_s702,442,incoming_l1,role_shuffled,1,50,permuted_teacher,13,0.014515258214724757
flywire_783_mb_left_kc512_s702,442,incoming_l1,role_shuffled,1,50,permuted_teacher,14,0.01450455180704798
flywire_783_mb_left_kc512_s702,442,incoming_l1,role_shuffled,1,50,permuted_teacher,15,0.014496199670007483
flywire_783_mb_left_kc512_s702,442,incoming_l1,role_shuffled,1,50,permuted_teacher,16,0.01448899254688051
flywire_783_mb_left_kc512_s702,442,incoming_l1,role_shuffled,1,50,permuted_teacher,17,0.01448244567012008
flywire_783_mb_left_kc512_s702,442,incoming_l1,role_shuffled,1,50,permuted_teacher,18,0.014476710243990004
flywire_783_mb_left_kc512_s702,442,incoming_l1,role_shuffled,1,50,permuted_teacher,19,0.014472018698628596
flywire_783_mb_left_kc512_s702,442,incoming_l1,role_shuffled,1,50,permuted_teacher,20,0.014467974270128978
flywire_783_mb_left_kc512_s702,442,incoming_l1,role_shuffled,1,50,permuted_teacher,21,0.014464209028901375
flywire_783_mb_left_kc512_s702,442,incoming_l1,role_shuffled,1,50,permuted_teacher,22,0.01446057105667483
flywire_783_mb_left_kc512_s702,442,incoming_l1,role_shuffled,1,50,permuted_teacher,23,0.014457033836537356
flywire_783_mb_left_kc512_s702,442,incoming_l1,role_shuffled,1,50,permuted_teacher,24,0.014453807092709055
flywire_783_mb_left_kc512_s702,442,incoming_l1,role_shuffled,1,50,permuted_teacher,25,0.014450817042723801
flywire_783_mb_left_kc512_s702,442,incoming_l1,role_shuffled,1,50,permuted_teacher,26,0.014448201321477993
flywire_783_mb_left_kc512_s702,442,incoming_l1,role_shuffled,1,50,permuted_teacher,27,0.014445727479249403
flywire_783_mb_left_kc512_s702,442,incoming_l1,role_shuffled,1,50,permuted_teacher,28,0.014443349966020522
flywire_783_mb_left_kc512_s702,442,incoming_l1,role_shuffled,1,50,permuted_teacher,29,0.014441098294971517
flywire_783_mb_left_kc512_s702,442,incoming_l1,role_shuffled,1,50,permuted_teacher,30,0.01443902497252376
flywire_783_mb_left_kc512_s702,442,incoming_l1,role_shuffled,1,200,supervised,1,0.015006761496520441
flywire_783_mb_left_kc512_s702,442,incoming_l1,role_shuffled,1,200,supervised,2,0.014812971531494358
flywire_783_mb_left_kc512_s702,442,incoming_l1,role_shuffled,1,200,supervised,3,0.014723309207816337
flywire_783_mb_left_kc512_s702,442,incoming_l1,role_shuffled,1,200,supervised,4,0.014686467946992889
flywire_783_mb_left_kc512_s702,442,incoming_l1,role_shuffled,1,200,supervised,5,0.014668568744692821
flywire_783_mb_left_kc512_s702,442,incoming_l1,role_shuffled,1,200,supervised,6,0.014658030797020149
flywire_783_mb_left_kc512_s702,442,incoming_l1,role_shuffled,1,200,supervised,7,0.014652123593694432
flywire_783_mb_left_kc512_s702,442,incoming_l1,role_shuffled,1,200,supervised,8,0.014648283014592686
flywire_783_mb_left_kc512_s702,442,incoming_l1,role_shuffled,1,200,supervised,9,0.014645359585004354
flywire_783_mb_left_kc512_s702,442,incoming_l1,role_shuffled,1,200,supervised,10,0.014643263383110817
flywire_783_mb_left_kc512_s702,442,incoming_l1,role_shuffled,1,200,supervised,11,0.01464168393627466
flywire_783_mb_left_kc512_s702,442,incoming_l1,role_shuffled,1,200,supervised,12,0.014640329251912094
flywire_783_mb_left_kc512_s702,442,incoming_l1,role_shuffled,1,200,supervised,13,0.01463914800952784
flywire_783_mb_left_kc512_s702,442,incoming_l1,role_shuffled,1,200,supervised,14,0.014638117505770194
flywire_783_mb_left_kc512_s702,442,incoming_l1,role_shuffled,1,200,supervised,15,0.014637219616472418
flywire_783_mb_left_kc512_s702,442,incoming_l1,role_shuffled,1,200,supervised,16,0.014636415901025187
flywire_783_mb_left_kc512_s702,442,incoming_l1,role_shuffled,1,200,supervised,17,0.014635691081098311
flywire_783_mb_left_kc512_s702,442,incoming_l1,role_shuffled,1,200,supervised,18,0.01463504878961116
flywire_783_mb_left_kc512_s702,442,incoming_l1,role_shuffled,1,200,supervised,19,0.014634477326776363
flywire_783_mb_left_kc512_s702,442,incoming_l1,role_shuffled,1,200,supervised,20,0.01463399098954325
flywire_783_mb_left_kc512_s702,442,incoming_l1,role_shuffled,1,200,supervised,21,0.014633612280082833
flywire_783_mb_left_kc512_s702,442,incoming_l1,role_shuffled,1,200,supervised,22,0.01463325161368573
flywire_783_mb_left_kc512_s702,442,incoming_l1,role_shuffled,1,200,supervised,23,0.014632910444931702
flywire_783_mb_left_kc512_s702,442,incoming_l1,role_shuffled,1,200,supervised,24,0.014632588007873515
flywire_783_mb_left_kc512_s702,442,incoming_l1,role_shuffled,1,200,supervised,25,0.014632290796700302
flywire_783_mb_left_kc512_s702,442,incoming_l1,role_shuffled,1,200,supervised,26,0.014632041291848854
flywire_783_mb_left_kc512_s702,442,incoming_l1,role_shuffled,1,200,supervised,27,0.014631809244382663
flywire_783_mb_left_kc512_s702,442,incoming_l1,role_shuffled,1,200,supervised,28,0.014631590238660836
flywire_783_mb_left_kc512_s702,442,incoming_l1,role_shuffled,1,200,supervised,29,0.014631381254910104
flywire_783_mb_left_kc512_s702,442,incoming_l1,role_shuffled,1,200,supervised,30,0.014631199667117886
flywire_783_mb_left_kc512_s702,442,incoming_l1,role_shuffled,1,200,permuted_teacher,1,0.015025622813864515
flywire_783_mb_left_kc512_s702,442,incoming_l1,role_shuffled,1,200,permuted_teacher,2,0.014846157983274409
flywire_783_mb_left_kc512_s702,442,incoming_l1,role_shuffled,1,200,permuted_teacher,3,0.01476192011836681
flywire_783_mb_left_kc512_s702,442,incoming_l1,role_shuffled,1,200,permuted_teacher,4,0.014726631331348595
flywire_783_mb_left_kc512_s702,442,incoming_l1,role_shuffled,1,200,permuted_teacher,5,0.014707722675935541
flywire_783_mb_left_kc512_s702,442,incoming_l1,role_shuffled,1,200,permuted_teacher,6,0.014695852625690965
flywire_783_mb_left_kc512_s702,442,incoming_l1,role_shuffled,1,200,permuted_teacher,7,0.014688837239982523
flywire_783_mb_left_kc512_s702,442,incoming_l1,role_shuffled,1,200,permuted_teacher,8,0.014684563987425925
flywire_783_mb_left_kc512_s702,442,incoming_l1,role_shuffled,1,200,permuted_teacher,9,0.014681558663227161
flywire_783_mb_left_kc512_s702,442,incoming_l1,role_shuffled,1,200,permuted_teacher,10,0.014679331452639714
flywire_783_mb_left_kc512_s702,442,incoming_l1,role_shuffled,1,200,permuted_teacher,11,0.01467753496539899
flywire_783_mb_left_kc512_s702,442,incoming_l1,role_shuffled,1,200,permuted_teacher,12,0.014676017502036554
flywire_783_mb_left_kc512_s702,442,incoming_l1,role_shuffled,1,200,permuted_teacher,13,0.014674774192832451
flywire_783_mb_left_kc512_s702,442,incoming_l1,role_shuffled,1,200,permuted_teacher,14,0.014673783370780962
flywire_783_mb_left_kc512_s702,442,incoming_l1,role_shuffled,1,200,permuted_teacher,15,0.014672963392400304
flywire_783_mb_left_kc512_s702,442,incoming_l1,role_shuffled,1,200,permuted_teacher,16,0.014672399244063954
flywire_783_mb_left_kc512_s702,442,incoming_l1,role_shuffled,1,200,permuted_teacher,17,0.014671978546101765
flywire_783_mb_left_kc512_s702,442,incoming_l1,role_shuffled,1,200,permuted_teacher,18,0.01467168777912886
flywire_783_mb_left_kc512_s702,442,incoming_l1,role_shuffled,1,200,permuted_teacher,19,0.01467147658953961
flywire_783_mb_left_kc512_s702,442,incoming_l1,role_shuffled,1,200,permuted_teacher,20,0.014671248491975462
flywire_783_mb_left_kc512_s702,442,incoming_l1,role_shuffled,1,200,permuted_teacher,21,0.014671019678147044
flywire_783_mb_left_kc512_s702,442,incoming_l1,role_shuffled,1,200,permuted_teacher,22,0.014670795985644348
flywire_783_mb_left_kc512_s702,442,incoming_l1,role_shuffled,1,200,permuted_teacher,23,0.014670573284151178
flywire_783_mb_left_kc512_s702,442,incoming_l1,role_shuffled,1,200,permuted_teacher,24,0.014670378348133293
flywire_783_mb_left_kc512_s702,442,incoming_l1,role_shuffled,1,200,permuted_teacher,25,0.014670202169414712
flywire_783_mb_left_kc512_s702,442,incoming_l1,role_shuffled,1,200,permuted_teacher,26,0.01467003664197618
flywire_783_mb_left_kc512_s702,442,incoming_l1,role_shuffled,1,200,permuted_teacher,27,0.014669880549532834
flywire_783_mb_left_kc512_s702,442,incoming_l1,role_shuffled,1,200,permuted_teacher,28,0.014669737312269431
flywire_783_mb_left_kc512_s702,442,incoming_l1,role_shuffled,1,200,permuted_teacher,29,0.014669607465718177
flywire_783_mb_left_kc512_s702,442,incoming_l1,role_shuffled,1,200,permuted_teacher,30,0.014669489864615689
flywire_783_mb_left_kc512_s702,442,incoming_l1,role_shuffled,2,50,supervised,1,0.015070226779346017
flywire_783_mb_left_kc512_s702,442,incoming_l1,role_shuffled,2,50,supervised,2,0.014950431745978335
flywire_783_mb_left_kc512_s702,442,incoming_l1,role_shuffled,2,50,supervised,3,0.014868017503777807
flywire_783_mb_left_kc512_s702,442,incoming_l1,role_shuffled,2,50,supervised,4,0.01479897349932408
flywire_783_mb_left_kc512_s702,442,incoming_l1,role_shuffled,2,50,supervised,5,0.014736958513624566
flywire_783_mb_left_kc512_s702,442,incoming_l1,role_shuffled,2,50,supervised,6,0.014683039554399773
flywire_783_mb_left_kc512_s702,442,incoming_l1,role_shuffled,2,50,supervised,7,0.014639242983127623
flywire_783_mb_left_kc512_s702,442,incoming_l1,role_shuffled,2,50,supervised,8,0.014603378221412592
flywire_783_mb_left_kc512_s702,442,incoming_l1,role_shuffled,2,50,supervised,9,0.014574131401897353
flywire_783_mb_left_kc512_s702,442,incoming_l1,role_shuffled,2,50,supervised,10,0.014550800316335412
flywire_783_mb_left_kc512_s702,442,incoming_l1,role_shuffled,2,50,supervised,11,0.014531455810126168
flywire_783_mb_left_kc512_s702,442,incoming_l1,role_shuffled,2,50,supervised,12,0.014515785211403256
flywire_783_mb_left_kc512_s702,442,incoming_l1,role_shuffled,2,50,supervised,13,0.014502407070972355
flywire_783_mb_left_kc512_s702,442,incoming_l1,role_shuffled,2,50,supervised,14,0.014491112970225628
flywire_783_mb_left_kc512_s702,442,incoming_l1,role_shuffled,2,50,supervised,15,0.014482130440605395
flywire_783_mb_left_kc512_s702,442,incoming_l1,role_shuffled,2,50,supervised,16,0.014474850218907417
flywire_783_mb_left_kc512_s702,442,incoming_l1,role_shuffled,2,50,supervised,17,0.014468499581814655
flywire_783_mb_left_kc512_s702,442,incoming_l1,role_shuffled,2,50,supervised,18,0.014462504702150653
flywire_783_mb_left_kc512_s702,442,incoming_l1,role_shuffled,2,50,supervised,19,0.014457098082776497
flywire_783_mb_left_kc512_s702,442,incoming_l1,role_shuffled,2,50,supervised,20,0.014452377527828034
flywire_783_mb_left_kc512_s702,442,incoming_l1,role_shuffled,2,50,supervised,21,0.014448113150870799
flywire_783_mb_left_kc512_s702,442,incoming_l1,role_shuffled,2,50,supervised,22,0.014444109579009188
flywire_783_mb_left_kc512_s702,442,incoming_l1,role_shuffled,2,50,supervised,23,0.014440678765474266
flywire_783_mb_left_kc512_s702,442,incoming_l1,role_shuffled,2,50,supervised,24,0.014437648350569007
flywire_783_mb_left_kc512_s702,442,incoming_l1,role_shuffled,2,50,supervised,25,0.014434970322082224
flywire_783_mb_left_kc512_s702,442,incoming_l1,role_shuffled,2,50,supervised,26,0.01443259196716763
flywire_783_mb_left_kc512_s702,442,incoming_l1,role_shuffled,2,50,supervised,27,0.014430414075309487
flywire_783_mb_left_kc512_s702,442,incoming_l1,role_shuffled,2,50,supervised,28,0.014428422668021421
flywire_783_mb_left_kc512_s702,442,incoming_l1,role_shuffled,2,50,supervised,29,0.014427203695677598
flywire_783_mb_left_kc512_s702,442,incoming_l1,role_shuffled,2,50,supervised,30,0.014426124184185624
flywire_783_mb_left_kc512_s702,442,incoming_l1,role_shuffled,2,50,permuted_teacher,1,0.015097662908294123
flywire_783_mb_left_kc512_s702,442,incoming_l1,role_shuffled,2,50,permuted_teacher,2,0.014980138159381411
flywire_783_mb_left_kc512_s702,442,incoming_l1,role_shuffled,2,50,permuted_teacher,3,0.014896493127787002
flywire_783_mb_left_kc512_s702,442,incoming_l1,role_shuffled,2,50,permuted_teacher,4,0.014826520593555183
flywire_783_mb_left_kc512_s702,442,incoming_l1,role_shuffled,2,50,permuted_teacher,5,0.014764342468124124
flywire_783_mb_left_kc512_s702,442,incoming_l1,role_shuffled,2,50,permuted_teacher,6,0.014710976134681869
flywire_783_mb_left_kc512_s702,442,incoming_l1,role_shuffled,2,50,permuted_teacher,7,0.01466759368191488
flywire_783_mb_left_kc512_s702,442,incoming_l1,role_shuffled,2,50,permuted_teacher,8,0.014632198304493376
flywire_783_mb_left_kc512_s702,442,incoming_l1,role_shuffled,2,50,permuted_teacher,9,0.014602891999591505
flywire_783_mb_left_kc512_s702,442,incoming_l1,role_shuffled,2,50,permuted_teacher,10,0.014579037488766912
flywire_783_mb_left_kc512_s702,442,incoming_l1,role_shuffled,2,50,permuted_teacher,11,0.014558277123614132
flywire_783_mb_left_kc512_s702,442,incoming_l1,role_shuffled,2,50,permuted_teacher,12,0.014540406364759062
flywire_783_mb_left_kc512_s702,442,incoming_l1,role_shuffled,2,50,permuted_teacher,13,0.014525396750261913
flywire_783_mb_left_kc512_s702,442,incoming_l1,role_shuffled,2,50,permuted_teacher,14,0.014512654826940278
flywire_783_mb_left_kc512_s702,442,incoming_l1,role_shuffled,2,50,permuted_teacher,15,0.014502210092000326
flywire_783_mb_left_kc512_s702,442,incoming_l1,role_shuffled,2,50,permuted_teacher,16,0.014494037174466496
flywire_783_mb_left_kc512_s702,442,incoming_l1,role_shuffled,2,50,permuted_teacher,17,0.014487364839923106
flywire_783_mb_left_kc512_s702,442,incoming_l1,role_shuffled,2,50,permuted_teacher,18,0.014481710408329216
flywire_783_mb_left_kc512_s702,442,incoming_l1,role_shuffled,2,50,permuted_teacher,19,0.014476286676901071
flywire_783_mb_left_kc512_s702,442,incoming_l1,role_shuffled,2,50,permuted_teacher,20,0.014471332527863109
flywire_783_mb_left_kc512_s702,442,incoming_l1,role_shuffled,2,50,permuted_teacher,21,0.014467328308063607
flywire_783_mb_left_kc512_s702,442,incoming_l1,role_shuffled,2,50,permuted_teacher,22,0.014463962895831548
flywire_783_mb_left_kc512_s702,442,incoming_l1,role_shuffled,2,50,permuted_teacher,23,0.014461106931421077
flywire_783_mb_left_kc512_s702,442,incoming_l1,role_shuffled,2,50,permuted_teacher,24,0.014458830323450036
flywire_783_mb_left_kc512_s702,442,incoming_l1,role_shuffled,2,50,permuted_teacher,25,0.014456770741156139
flywire_783_mb_left_kc512_s702,442,incoming_l1,role_shuffled,2,50,permuted_teacher,26,0.014454903477173441
flywire_783_mb_left_kc512_s702,442,incoming_l1,role_shuffled,2,50,permuted_teacher,27,0.014453138897968714
flywire_783_mb_left_kc512_s702,442,incoming_l1,role_shuffled,2,50,permuted_teacher,28,0.01445148821458518
flywire_783_mb_left_kc512_s702,442,incoming_l1,role_shuffled,2,50,permuted_teacher,29,0.014449891903680187
flywire_783_mb_left_kc512_s702,442,incoming_l1,role_shuffled,2,50,permuted_teacher,30,0.014448419349554936
flywire_783_mb_left_kc512_s702,442,incoming_l1,role_shuffled,2,200,supervised,1,0.015043325582945096
flywire_783_mb_left_kc512_s702,442,incoming_l1,role_shuffled,2,200,supervised,2,0.014847991876245328
flywire_783_mb_left_kc512_s702,442,incoming_l1,role_shuffled,2,200,supervised,3,0.014757405938468355
flywire_783_mb_left_kc512_s702,442,incoming_l1,role_shuffled,2,200,supervised,4,0.01471985446371674
flywire_783_mb_left_kc512_s702,442,incoming_l1,role_shuffled,2,200,supervised,5,0.014701499596487562
flywire_783_mb_left_kc512_s702,442,incoming_l1,role_shuffled,2,200,supervised,6,0.014691149536313114
flywire_783_mb_left_kc512_s702,442,incoming_l1,role_shuffled,2,200,supervised,7,0.014685109385886568
flywire_783_mb_left_kc512_s702,442,incoming_l1,role_shuffled,2,200,supervised,8,0.014680784794164502
flywire_783_mb_left_kc512_s702,442,incoming_l1,role_shuffled,2,200,supervised,9,0.014677500182771917
flywire_783_mb_left_kc512_s702,442,incoming_l1,role_shuffled,2,200,supervised,10,0.014675039099732508
flywire_783_mb_left_kc512_s702,442,incoming_l1,role_shuffled,2,200,supervised,11,0.014673313568061022
flywire_783_mb_left_kc512_s702,442,incoming_l1,role_shuffled,2,200,supervised,12,0.014671877989866649
flywire_783_mb_left_kc512_s702,442,incoming_l1,role_shuffled,2,200,supervised,13,0.014670676193798277
flywire_783_mb_left_kc512_s702,442,incoming_l1,role_shuffled,2,200,supervised,14,0.014669697865354155
flywire_783_mb_left_kc512_s702,442,incoming_l1,role_shuffled,2,200,supervised,15,0.01466886636447763
flywire_783_mb_left_kc512_s702,442,incoming_l1,role_shuffled,2,200,supervised,16,0.014668133872886875
flywire_783_mb_left_kc512_s702,442,incoming_l1,role_shuffled,2,200,supervised,17,0.014667486972113258
flywire_783_mb_left_kc512_s702,442,incoming_l1,role_shuffled,2,200,supervised,18,0.014666926803571479
flywire_783_mb_left_kc512_s702,442,incoming_l1,role_shuffled,2,200,supervised,19,0.014666464012504822
flywire_783_mb_left_kc512_s702,442,incoming_l1,role_shuffled,2,200,supervised,20,0.014666050500687505
flywire_783_mb_left_kc512_s702,442,incoming_l1,role_shuffled,2,200,supervised,21,0.014665674577797244
flywire_783_mb_left_kc512_s702,442,incoming_l1,role_shuffled,2,200,supervised,22,0.014665516779545555
flywire_783_mb_left_kc512_s702,442,incoming_l1,role_shuffled,2,200,supervised,23,0.014665396628226414
flywire_783_mb_left_kc512_s702,442,incoming_l1,role_shuffled,2,200,supervised,24,0.014665302568498075
flywire_783_mb_left_kc512_s702,442,incoming_l1,role_shuffled,2,200,supervised,25,0.0146652037705308
flywire_783_mb_left_kc512_s702,442,incoming_l1,role_shuffled,2,200,supervised,26,0.014665107575633711
flywire_783_mb_left_kc512_s702,442,incoming_l1,role_shuffled,2,200,supervised,27,0.014665025012946007
flywire_783_mb_left_kc512_s702,442,incoming_l1,role_shuffled,2,200,supervised,28,0.014664945826847468
flywire_783_mb_left_kc512_s702,442,incoming_l1,role_shuffled,2,200,supervised,29,0.014664866744772312
flywire_783_mb_left_kc512_s702,442,incoming_l1,role_shuffled,2,200,supervised,30,0.014664789891836274
flywire_783_mb_left_kc512_s702,442,incoming_l1,role_shuffled,2,200,permuted_teacher,1,0.015016772568316971
flywire_783_mb_left_kc512_s702,442,incoming_l1,role_shuffled,2,200,permuted_teacher,2,0.014831613694534063
flywire_783_mb_left_kc512_s702,442,incoming_l1,role_shuffled,2,200,permuted_teacher,3,0.01474597418859533
flywire_783_mb_left_kc512_s702,442,incoming_l1,role_shuffled,2,200,permuted_teacher,4,0.014711295142940428
flywire_783_mb_left_kc512_s702,442,incoming_l1,role_shuffled,2,200,permuted_teacher,5,0.014694767450668935
flywire_783_mb_left_kc512_s702,442,incoming_l1,role_shuffled,2,200,permuted_teacher,6,0.014684635666450554
flywire_783_mb_left_kc512_s702,442,incoming_l1,role_shuffled,2,200,permuted_teacher,7,0.014679052401049502
flywire_783_mb_left_kc512_s702,442,incoming_l1,role_shuffled,2,200,permuted_teacher,8,0.014675772489316796
flywire_783_mb_left_kc512_s702,442,incoming_l1,role_shuffled,2,200,permuted_teacher,9,0.014673356425505258
flywire_783_mb_left_kc512_s702,442,incoming_l1,role_shuffled,2,200,permuted_teacher,10,0.014671593011193104
flywire_783_mb_left_kc512_s702,442,incoming_l1,role_shuffled,2,200,permuted_teacher,11,0.01467023505237529
flywire_783_mb_left_kc512_s702,442,incoming_l1,role_shuffled,2,200,permuted_teacher,12,0.014669244050929476
flywire_783_mb_left_kc512_s702,442,incoming_l1,role_shuffled,2,200,permuted_teacher,13,0.014668607462360012
flywire_783_mb_left_kc512_s702,442,incoming_l1,role_shuffled,2,200,permuted_teacher,14,0.01466806228480899
flywire_783_mb_left_kc512_s702,442,incoming_l1,role_shuffled,2,200,permuted_teacher,15,0.014667578090949538
flywire_783_mb_left_kc512_s702,442,incoming_l1,role_shuffled,2,200,permuted_teacher,16,0.014667273217979102
flywire_783_mb_left_kc512_s702,442,incoming_l1,role_shuffled,2,200,permuted_teacher,17,0.01466697868073058
flywire_783_mb_left_kc512_s702,442,incoming_l1,role_shuffled,2,200,permuted_teacher,18,0.01466669366860255
flywire_783_mb_left_kc512_s702,442,incoming_l1,role_shuffled,2,200,permuted_teacher,19,0.01466642412594782
flywire_783_mb_left_kc512_s702,442,incoming_l1,role_shuffled,2,200,permuted_teacher,20,0.014666170322160187
flywire_783_mb_left_kc512_s702,442,incoming_l1,role_shuffled,2,200,permuted_teacher,21,0.014665997525424692
flywire_783_mb_left_kc512_s702,442,incoming_l1,role_shuffled,2,200,permuted_teacher,22,0.014665848712823676
flywire_783_mb_left_kc512_s702,442,incoming_l1,role_shuffled,2,200,permuted_teacher,23,0.014665712865372039
flywire_783_mb_left_kc512_s702,442,incoming_l1,role_shuffled,2,200,permuted_teacher,24,0.014665594767730637
flywire_783_mb_left_kc512_s702,442,incoming_l1,role_shuffled,2,200,permuted_teacher,25,0.014665488107559679
flywire_783_mb_left_kc512_s702,442,incoming_l1,role_shuffled,2,200,permuted_teacher,26,0.014665383158142038
flywire_783_mb_left_kc512_s702,442,incoming_l1,role_shuffled,2,200,permuted_teacher,27,0.014665310590172462
flywire_783_mb_left_kc512_s702,442,incoming_l1,role_shuffled,2,200,permuted_teacher,28,0.014665255483401926
flywire_783_mb_left_kc512_s702,442,incoming_l1,role_shuffled,2,200,permuted_teacher,29,0.014665204786402904
flywire_783_mb_left_kc512_s702,442,incoming_l1,role_shuffled,2,200,permuted_teacher,30,0.0146651591896568
flywire_783_mb_left_kc512_s702,442,incoming_l1,role_random,1,50,supervised,1,0.013962380412959705
flywire_783_mb_left_kc512_s702,442,incoming_l1,role_random,1,50,supervised,2,0.013618940551499968
flywire_783_mb_left_kc512_s702,442,incoming_l1,role_random,1,50,supervised,3,0.013348213442675753
flywire_783_mb_left_kc512_s702,442,incoming_l1,role_random,1,50,supervised,4,0.013130354147650163
flywire_783_mb_left_kc512_s702,442,incoming_l1,role_random,1,50,supervised,5,0.01295373620643872
flywire_783_mb_left_kc512_s702,442,incoming_l1,role_random,1,50,supervised,6,0.012809959071554952
flywire_783_mb_left_kc512_s702,442,incoming_l1,role_random,1,50,supervised,7,0.012693270144051068
flywire_783_mb_left_kc512_s702,442,incoming_l1,role_random,1,50,supervised,8,0.012595691326927744
flywire_783_mb_left_kc512_s702,442,incoming_l1,role_random,1,50,supervised,9,0.012513738639180204
flywire_783_mb_left_kc512_s702,442,incoming_l1,role_random,1,50,supervised,10,0.0124446053453221
flywire_783_mb_left_kc512_s702,442,incoming_l1,role_random,1,50,supervised,11,0.01238693868818419
flywire_783_mb_left_kc512_s702,442,incoming_l1,role_random,1,50,supervised,12,0.012339441747482261
flywire_783_mb_left_kc512_s702,442,incoming_l1,role_random,1,50,supervised,13,0.012300407095342192
flywire_783_mb_left_kc512_s702,442,incoming_l1,role_random,1,50,supervised,14,0.01226793925778055
flywire_783_mb_left_kc512_s702,442,incoming_l1,role_random,1,50,supervised,15,0.012240642733739029
flywire_783_mb_left_kc512_s702,442,incoming_l1,role_random,1,50,supervised,16,0.012217204490080052
flywire_783_mb_left_kc512_s702,442,incoming_l1,role_random,1,50,supervised,17,0.012197159557292435
flywire_783_mb_left_kc512_s702,442,incoming_l1,role_random,1,50,supervised,18,0.012179420843557956
flywire_783_mb_left_kc512_s702,442,incoming_l1,role_random,1,50,supervised,19,0.012163816371205807
flywire_783_mb_left_kc512_s702,442,incoming_l1,role_random,1,50,supervised,20,0.012150015851314543
flywire_783_mb_left_kc512_s702,442,incoming_l1,role_random,1,50,supervised,21,0.012137948954533682
flywire_783_mb_left_kc512_s702,442,incoming_l1,role_random,1,50,supervised,22,0.012127712942835017
flywire_783_mb_left_kc512_s702,442,incoming_l1,role_random,1,50,supervised,23,0.012118815100696421
flywire_783_mb_left_kc512_s702,442,incoming_l1,role_random,1,50,supervised,24,0.012110902385701037
flywire_783_mb_left_kc512_s702,442,incoming_l1,role_random,1,50,supervised,25,0.012103818131754445
flywire_783_mb_left_kc512_s702,442,incoming_l1,role_random,1,50,supervised,26,0.012097315829296027
flywire_783_mb_left_kc512_s702,442,incoming_l1,role_random,1,50,supervised,27,0.012091317475467054
flywire_783_mb_left_kc512_s702,442,incoming_l1,role_random,1,50,supervised,28,0.012085794704546094
flywire_783_mb_left_kc512_s702,442,incoming_l1,role_random,1,50,supervised,29,0.012080732797778253
flywire_783_mb_left_kc512_s702,442,incoming_l1,role_random,1,50,supervised,30,0.01207607830614339
flywire_783_mb_left_kc512_s702,442,incoming_l1,role_random,1,50,permuted_teacher,1,0.013916984145872719
flywire_783_mb_left_kc512_s702,442,incoming_l1,role_random,1,50,permuted_teacher,2,0.01356442053959296
flywire_783_mb_left_kc512_s702,442,incoming_l1,role_random,1,50,permuted_teacher,3,0.013287154713305334
flywire_783_mb_left_kc512_s702,442,incoming_l1,role_random,1,50,permuted_teacher,4,0.01306495614168557
flywire_783_mb_left_kc512_s702,442,incoming_l1,role_random,1,50,permuted_teacher,5,0.012885098859980477
flywire_783_mb_left_kc512_s702,442,incoming_l1,role_random,1,50,permuted_teacher,6,0.01273865121289751
flywire_783_mb_left_kc512_s702,442,incoming_l1,role_random,1,50,permuted_teacher,7,0.012619260069204554
flywire_783_mb_left_kc512_s702,442,incoming_l1,role_random,1,50,permuted_teacher,8,0.012519283586891503
flywire_783_mb_left_kc512_s702,442,incoming_l1,role_random,1,50,permuted_teacher,9,0.012435178269260246
flywire_783_mb_left_kc512_s702,442,incoming_l1,role_random,1,50,permuted_teacher,10,0.012363763937190006
flywire_783_mb_left_kc512_s702,442,incoming_l1,role_random,1,50,permuted_teacher,11,0.012304626507927642
flywire_783_mb_left_kc512_s702,442,incoming_l1,role_random,1,50,permuted_teacher,12,0.01225529300026992
flywire_783_mb_left_kc512_s702,442,incoming_l1,role_random,1,50,permuted_teacher,13,0.012215252791196354
flywire_783_mb_left_kc512_s702,442,incoming_l1,role_random,1,50,permuted_teacher,14,0.012181966403532958
flywire_783_mb_left_kc512_s702,442,incoming_l1,role_random,1,50,permuted_teacher,15,0.012153865819189586
flywire_783_mb_left_kc512_s702,442,incoming_l1,role_random,1,50,permuted_teacher,16,0.012130066927615077
flywire_783_mb_left_kc512_s702,442,incoming_l1,role_random,1,50,permuted_teacher,17,0.012110141505915443
flywire_783_mb_left_kc512_s702,442,incoming_l1,role_random,1,50,permuted_teacher,18,0.012092825215412408
flywire_783_mb_left_kc512_s702,442,incoming_l1,role_random,1,50,permuted_teacher,19,0.012077808224670689
flywire_783_mb_left_kc512_s702,442,incoming_l1,role_random,1,50,permuted_teacher,20,0.01206474452418944
flywire_783_mb_left_kc512_s702,442,incoming_l1,role_random,1,50,permuted_teacher,21,0.012053409894613482
flywire_783_mb_left_kc512_s702,442,incoming_l1,role_random,1,50,permuted_teacher,22,0.012043364690645129
flywire_783_mb_left_kc512_s702,442,incoming_l1,role_random,1,50,permuted_teacher,23,0.012034317326219426
flywire_783_mb_left_kc512_s702,442,incoming_l1,role_random,1,50,permuted_teacher,24,0.01202631062825222
flywire_783_mb_left_kc512_s702,442,incoming_l1,role_random,1,50,permuted_teacher,25,0.012019050498918002
flywire_783_mb_left_kc512_s702,442,incoming_l1,role_random,1,50,permuted_teacher,26,0.01201237249543675
flywire_783_mb_left_kc512_s702,442,incoming_l1,role_random,1,50,permuted_teacher,27,0.012006473166063122
flywire_783_mb_left_kc512_s702,442,incoming_l1,role_random,1,50,permuted_teacher,28,0.012001181248013887
flywire_783_mb_left_kc512_s702,442,incoming_l1,role_random,1,50,permuted_teacher,29,0.01199628808808167
flywire_783_mb_left_kc512_s702,442,incoming_l1,role_random,1,50,permuted_teacher,30,0.011991816292994827
flywire_783_mb_left_kc512_s702,442,incoming_l1,role_random,1,200,supervised,1,0.01363203384620508
flywire_783_mb_left_kc512_s702,442,incoming_l1,role_random,1,200,supervised,2,0.013042831209988497
flywire_783_mb_left_kc512_s702,442,incoming_l1,role_random,1,200,supervised,3,0.012777231166338854
flywire_783_mb_left_kc512_s702,442,incoming_l1,role_random,1,200,supervised,4,0.012653223521064415
flywire_783_mb_left_kc512_s702,442,incoming_l1,role_random,1,200,supervised,5,0.012593702460299115
flywire_783_mb_left_kc512_s702,442,incoming_l1,role_random,1,200,supervised,6,0.012562349965988354
flywire_783_mb_left_kc512_s702,442,incoming_l1,role_random,1,200,supervised,7,0.012543133132450316
flywire_783_mb_left_kc512_s702,442,incoming_l1,role_random,1,200,supervised,8,0.012530069561769995
flywire_783_mb_left_kc512_s702,442,incoming_l1,role_random,1,200,supervised,9,0.012520450074538178
flywire_783_mb_left_kc512_s702,442,incoming_l1,role_random,1,200,supervised,10,0.012513277537257051
flywire_783_mb_left_kc512_s702,442,incoming_l1,role_random,1,200,supervised,11,0.01250780128584602
flywire_783_mb_left_kc512_s702,442,incoming_l1,role_random,1,200,supervised,12,0.012503517428272017
flywire_783_mb_left_kc512_s702,442,incoming_l1,role_random,1,200,supervised,13,0.012500171090831404
flywire_783_mb_left_kc512_s702,442,incoming_l1,role_random,1,200,supervised,14,0.012497658118208015
flywire_783_mb_left_kc512_s702,442,incoming_l1,role_random,1,200,supervised,15,0.012495664143848098
flywire_783_mb_left_kc512_s702,442,incoming_l1,role_random,1,200,supervised,16,0.012494043277084851
flywire_783_mb_left_kc512_s702,442,incoming_l1,role_random,1,200,supervised,17,0.012492725098784551
flywire_783_mb_left_kc512_s702,442,incoming_l1,role_random,1,200,supervised,18,0.012491690605610643
flywire_783_mb_left_kc512_s702,442,incoming_l1,role_random,1,200,supervised,19,0.012490887366034407
flywire_783_mb_left_kc512_s702,442,incoming_l1,role_random,1,200,supervised,20,0.0124902406183124
flywire_783_mb_left_kc512_s702,442,incoming_l1,role_random,1,200,supervised,21,0.012489731559130924
flywire_783_mb_left_kc512_s702,442,incoming_l1,role_random,1,200,supervised,22,0.012489353624587394
flywire_783_mb_left_kc512_s702,442,incoming_l1,role_random,1,200,supervised,23,0.012489036368003872
flywire_783_mb_left_kc512_s702,442,incoming_l1,role_random,1,200,supervised,24,0.012488769139127635
flywire_783_mb_left_kc512_s702,442,incoming_l1,role_random,1,200,supervised,25,0.012488555964581214
flywire_783_mb_left_kc512_s702,442,incoming_l1,role_random,1,200,supervised,26,0.012488384951205108
flywire_783_mb_left_kc512_s702,442,incoming_l1,role_random,1,200,supervised,27,0.012488246363387192
flywire_783_mb_left_kc512_s702,442,incoming_l1,role_random,1,200,supervised,28,0.01248812616107028
flywire_783_mb_left_kc512_s702,442,incoming_l1,role_random,1,200,supervised,29,0.012488016076190565
flywire_783_mb_left_kc512_s702,442,incoming_l1,role_random,1,200,supervised,30,0.012487916932513993
flywire_783_mb_left_kc512_s702,442,incoming_l1,role_random,1,200,permuted_teacher,1,0.013624494695502863
flywire_783_mb_left_kc512_s702,442,incoming_l1,role_random,1,200,permuted_teacher,2,0.013043671617224561
flywire_783_mb_left_kc512_s702,442,incoming_l1,role_random,1,200,permuted_teacher,3,0.012779006094871167
flywire_783_mb_left_kc512_s702,442,incoming_l1,role_random,1,200,permuted_teacher,4,0.01265302371467095
flywire_783_mb_left_kc512_s702,442,incoming_l1,role_random,1,200,permuted_teacher,5,0.012591534659895575
flywire_783_mb_left_kc512_s702,442,incoming_l1,role_random,1,200,permuted_teacher,6,0.01255951393406062
flywire_783_mb_left_kc512_s702,442,incoming_l1,role_random,1,200,permuted_teacher,7,0.012539684107377389
flywire_783_mb_left_kc512_s702,442,incoming_l1,role_random,1,200,permuted_teacher,8,0.012526179245430508
flywire_783_mb_left_kc512_s702,442,incoming_l1,role_random,1,200,permuted_teacher,9,0.012516214992705851
flywire_783_mb_left_kc512_s702,442,incoming_l1,role_random,1,200,permuted_teacher,10,0.012508595892453912
flywire_783_mb_left_kc512_s702,442,incoming_l1,role_random,1,200,permuted_teacher,11,0.012502764521947136
flywire_783_mb_left_kc512_s702,442,incoming_l1,role_random,1,200,permuted_teacher,12,0.01249824112744339
flywire_783_mb_left_kc512_s702,442,incoming_l1,role_random,1,200,permuted_teacher,13,0.01249479755616286
flywire_783_mb_left_kc512_s702,442,incoming_l1,role_random,1,200,permuted_teacher,14,0.012492082279963554
flywire_783_mb_left_kc512_s702,442,incoming_l1,role_random,1,200,permuted_teacher,15,0.012489872841724585
flywire_783_mb_left_kc512_s702,442,incoming_l1,role_random,1,200,permuted_teacher,16,0.012488062757557535
flywire_783_mb_left_kc512_s702,442,incoming_l1,role_random,1,200,permuted_teacher,17,0.012486576602699254
flywire_783_mb_left_kc512_s702,442,incoming_l1,role_random,1,200,permuted_teacher,18,0.012485332220290923
flywire_783_mb_left_kc512_s702,442,incoming_l1,role_random,1,200,permuted_teacher,19,0.012484305326747495
flywire_783_mb_left_kc512_s702,442,incoming_l1,role_random,1,200,permuted_teacher,20,0.012483427926454361
flywire_783_mb_left_kc512_s702,442,incoming_l1,role_random,1,200,permuted_teacher,21,0.012482702255531303
flywire_783_mb_left_kc512_s702,442,incoming_l1,role_random,1,200,permuted_teacher,22,0.012482114926761035
flywire_783_mb_left_kc512_s702,442,incoming_l1,role_random,1,200,permuted_teacher,23,0.012481619215483405
flywire_783_mb_left_kc512_s702,442,incoming_l1,role_random,1,200,permuted_teacher,24,0.012481192752490511
flywire_783_mb_left_kc512_s702,442,incoming_l1,role_random,1,200,permuted_teacher,25,0.012480867098422615
flywire_783_mb_left_kc512_s702,442,incoming_l1,role_random,1,200,permuted_teacher,26,0.012480573839550948
flywire_783_mb_left_kc512_s702,442,incoming_l1,role_random,1,200,permuted_teacher,27,0.012480308272758181
flywire_783_mb_left_kc512_s702,442,incoming_l1,role_random,1,200,permuted_teacher,28,0.01248005908114867
flywire_783_mb_left_kc512_s702,442,incoming_l1,role_random,1,200,permuted_teacher,29,0.012479824090257953
flywire_783_mb_left_kc512_s702,442,incoming_l1,role_random,1,200,permuted_teacher,30,0.012479607440993934
flywire_783_mb_left_kc512_s702,442,incoming_l1,role_random,2,50,supervised,1,0.013975774831908438
flywire_783_mb_left_kc512_s702,442,incoming_l1,role_random,2,50,supervised,2,0.01362306098282582
flywire_783_mb_left_kc512_s702,442,incoming_l1,role_random,2,50,supervised,3,0.013346065491858678
flywire_783_mb_left_kc512_s702,442,incoming_l1,role_random,2,50,supervised,4,0.013124900869638436
flywire_783_mb_left_kc512_s702,442,incoming_l1,role_random,2,50,supervised,5,0.012945580245522684
flywire_783_mb_left_kc512_s702,442,incoming_l1,role_random,2,50,supervised,6,0.012799975871483033
flywire_783_mb_left_kc512_s702,442,incoming_l1,role_random,2,50,supervised,7,0.01268304840098559
flywire_783_mb_left_kc512_s702,442,incoming_l1,role_random,2,50,supervised,8,0.012586098317666702
flywire_783_mb_left_kc512_s702,442,incoming_l1,role_random,2,50,supervised,9,0.012504641693987085
flywire_783_mb_left_kc512_s702,442,incoming_l1,role_random,2,50,supervised,10,0.012435768737264187
flywire_783_mb_left_kc512_s702,442,incoming_l1,role_random,2,50,supervised,11,0.012378098299567195
flywire_783_mb_left_kc512_s702,442,incoming_l1,role_random,2,50,supervised,12,0.012330108042862387
flywire_783_mb_left_kc512_s702,442,incoming_l1,role_random,2,50,supervised,13,0.012290183863010538
flywire_783_mb_left_kc512_s702,442,incoming_l1,role_random,2,50,supervised,14,0.012256789465825837
flywire_783_mb_left_kc512_s702,442,incoming_l1,role_random,2,50,supervised,15,0.012228589810238642
flywire_783_mb_left_kc512_s702,442,incoming_l1,role_random,2,50,supervised,16,0.01220483945188894
flywire_783_mb_left_kc512_s702,442,incoming_l1,role_random,2,50,supervised,17,0.0121837831955781
flywire_783_mb_left_kc512_s702,442,incoming_l1,role_random,2,50,supervised,18,0.012165515863740952
flywire_783_mb_left_kc512_s702,442,incoming_l1,role_random,2,50,supervised,19,0.01214950252846357
flywire_783_mb_left_kc512_s702,442,incoming_l1,role_random,2,50,supervised,20,0.012135073895394375
flywire_783_mb_left_kc512_s702,442,incoming_l1,role_random,2,50,supervised,21,0.012122551688168226
flywire_783_mb_left_kc512_s702,442,incoming_l1,role_random,2,50,supervised,22,0.012111591119750867
flywire_783_mb_left_kc512_s702,442,incoming_l1,role_random,2,50,supervised,23,0.012101795413899172
flywire_783_mb_left_kc512_s702,442,incoming_l1,role_random,2,50,supervised,24,0.012093066826273452
flywire_783_mb_left_kc512_s702,442,incoming_l1,role_random,2,50,supervised,25,0.012085221797164446
flywire_783_mb_left_kc512_s702,442,incoming_l1,role_random,2,50,supervised,26,0.012078150365073839
flywire_783_mb_left_kc512_s702,442,incoming_l1,role_random,2,50,supervised,27,0.012071741357597286
flywire_783_mb_left_kc512_s702,442,incoming_l1,role_random,2,50,supervised,28,0.012066086791110929
flywire_783_mb_left_kc512_s702,442,incoming_l1,role_random,2,50,supervised,29,0.012061011243317073
flywire_783_mb_left_kc512_s702,442,incoming_l1,role_random,2,50,supervised,30,0.01205643294658968
flywire_783_mb_left_kc512_s702,442,incoming_l1,role_random,2,50,permuted_teacher,1,0.013918922685274924
flywire_783_mb_left_kc512_s702,442,incoming_l1,role_random,2,50,permuted_teacher,2,0.013543788698162987
flywire_783_mb_left_kc512_s702,442,incoming_l1,role_random,2,50,permuted_teacher,3,0.013248733712957995
flywire_783_mb_left_kc512_s702,442,incoming_l1,role_random,2,50,permuted_teacher,4,0.013012714959695335
flywire_783_mb_left_kc512_s702,442,incoming_l1,role_random,2,50,permuted_teacher,5,0.01282180636668692
flywire_783_mb_left_kc512_s702,442,incoming_l1,role_random,2,50,permuted_teacher,6,0.012666654795993182
flywire_783_mb_left_kc512_s702,442,incoming_l1,role_random,2,50,permuted_teacher,7,0.012540875934957845
flywire_783_mb_left_kc512_s702,442,incoming_l1,role_random,2,50,permuted_teacher,8,0.01243637851881742
flywire_783_mb_left_kc512_s702,442,incoming_l1,role_random,2,50,permuted_teacher,9,0.0123487004555352
flywire_783_mb_left_kc512_s702,442,incoming_l1,role_random,2,50,permuted_teacher,10,0.012274508827456837
flywire_783_mb_left_kc512_s702,442,incoming_l1,role_random,2,50,permuted_teacher,11,0.012212085445003119
flywire_783_mb_left_kc512_s702,442,incoming_l1,role_random,2,50,permuted_teacher,12,0.012160243345996712
flywire_783_mb_left_kc512_s702,442,incoming_l1,role_random,2,50,permuted_teacher,13,0.012117492345042787
flywire_783_mb_left_kc512_s702,442,incoming_l1,role_random,2,50,permuted_teacher,14,0.012082187429326608
flywire_783_mb_left_kc512_s702,442,incoming_l1,role_random,2,50,permuted_teacher,15,0.012052845889002989
flywire_783_mb_left_kc512_s702,442,incoming_l1,role_random,2,50,permuted_teacher,16,0.012028124294683199
flywire_783_mb_left_kc512_s702,442,incoming_l1,role_random,2,50,permuted_teacher,17,0.012006918736990337
flywire_783_mb_left_kc512_s702,442,incoming_l1,role_random,2,50,permuted_teacher,18,0.011988484793690345
flywire_783_mb_left_kc512_s702,442,incoming_l1,role_random,2,50,permuted_teacher,19,0.011972288051526947
flywire_783_mb_left_kc512_s702,442,incoming_l1,role_random,2,50,permuted_teacher,20,0.011958142181717825
flywire_783_mb_left_kc512_s702,442,incoming_l1,role_random,2,50,permuted_teacher,21,0.011945802082650664
flywire_783_mb_left_kc512_s702,442,incoming_l1,role_random,2,50,permuted_teacher,22,0.011934684077435236
flywire_783_mb_left_kc512_s702,442,incoming_l1,role_random,2,50,permuted_teacher,23,0.011924621592845951
flywire_783_mb_left_kc512_s702,442,incoming_l1,role_random,2,50,permuted_teacher,24,0.011915638952491812
flywire_783_mb_left_kc512_s702,442,incoming_l1,role_random,2,50,permuted_teacher,25,0.01190746908161578
flywire_783_mb_left_kc512_s702,442,incoming_l1,role_random,2,50,permuted_teacher,26,0.011900044844842281
flywire_783_mb_left_kc512_s702,442,incoming_l1,role_random,2,50,permuted_teacher,27,0.011893384598681049
flywire_783_mb_left_kc512_s702,442,incoming_l1,role_random,2,50,permuted_teacher,28,0.011887354381974708
flywire_783_mb_left_kc512_s702,442,incoming_l1,role_random,2,50,permuted_teacher,29,0.011881874086509397
flywire_783_mb_left_kc512_s702,442,incoming_l1,role_random,2,50,permuted_teacher,30,0.011876948132591833
flywire_783_mb_left_kc512_s702,442,incoming_l1,role_random,2,200,supervised,1,0.013645144589343397
flywire_783_mb_left_kc512_s702,442,incoming_l1,role_random,2,200,supervised,2,0.013033420905906219
flywire_783_mb_left_kc512_s702,442,incoming_l1,role_random,2,200,supervised,3,0.01275359793244404
flywire_783_mb_left_kc512_s702,442,incoming_l1,role_random,2,200,supervised,4,0.01261984660532926
flywire_783_mb_left_kc512_s702,442,incoming_l1,role_random,2,200,supervised,5,0.012554268258857448
flywire_783_mb_left_kc512_s702,442,incoming_l1,role_random,2,200,supervised,6,0.012520460166606828
flywire_783_mb_left_kc512_s702,442,incoming_l1,role_random,2,200,supervised,7,0.012499753792215873
flywire_783_mb_left_kc512_s702,442,incoming_l1,role_random,2,200,supervised,8,0.01248583450505751
flywire_783_mb_left_kc512_s702,442,incoming_l1,role_random,2,200,supervised,9,0.012475992170086051
flywire_783_mb_left_kc512_s702,442,incoming_l1,role_random,2,200,supervised,10,0.012468817702798857
flywire_783_mb_left_kc512_s702,442,incoming_l1,role_random,2,200,supervised,11,0.012463401339959082
flywire_783_mb_left_kc512_s702,442,incoming_l1,role_random,2,200,supervised,12,0.012459294248268776
flywire_783_mb_left_kc512_s702,442,incoming_l1,role_random,2,200,supervised,13,0.012456058829658249
flywire_783_mb_left_kc512_s702,442,incoming_l1,role_random,2,200,supervised,14,0.012453474589043922
flywire_783_mb_left_kc512_s702,442,incoming_l1,role_random,2,200,supervised,15,0.012451373604913826
flywire_783_mb_left_kc512_s702,442,incoming_l1,role_random,2,200,supervised,16,0.012449711471062611
flywire_783_mb_left_kc512_s702,442,incoming_l1,role_random,2,200,supervised,17,0.012448367949189663
flywire_783_mb_left_kc512_s702,442,incoming_l1,role_random,2,200,supervised,18,0.012447290737984302
flywire_783_mb_left_kc512_s702,442,incoming_l1,role_random,2,200,supervised,19,0.012446426506048257
flywire_783_mb_left_kc512_s702,442,incoming_l1,role_random,2,200,supervised,20,0.012445709810676315
flywire_783_mb_left_kc512_s702,442,incoming_l1,role_random,2,200,supervised,21,0.012445101248318624
flywire_783_mb_left_kc512_s702,442,incoming_l1,role_random,2,200,supervised,22,0.012444591146478426
flywire_783_mb_left_kc512_s702,442,incoming_l1,role_random,2,200,supervised,23,0.012444179594728976
flywire_783_mb_left_kc512_s702,442,incoming_l1,role_random,2,200,supervised,24,0.012443836558733466
flywire_783_mb_left_kc512_s702,442,incoming_l1,role_random,2,200,supervised,25,0.012443546048104
flywire_783_mb_left_kc512_s702,442,incoming_l1,role_random,2,200,supervised,26,0.012443288084594918
flywire_783_mb_left_kc512_s702,442,incoming_l1,role_random,2,200,supervised,27,0.012443060754117507
flywire_783_mb_left_kc512_s702,442,incoming_l1,role_random,2,200,supervised,28,0.012442859100027664
flywire_783_mb_left_kc512_s702,442,incoming_l1,role_random,2,200,supervised,29,0.012442670190839097
flywire_783_mb_left_kc512_s702,442,incoming_l1,role_random,2,200,supervised,30,0.012442504287894977
flywire_783_mb_left_kc512_s702,442,incoming_l1,role_random,2,200,permuted_teacher,1,0.013645375943423691
flywire_783_mb_left_kc512_s702,442,incoming_l1,role_random,2,200,permuted_teacher,2,0.013056126787198426
flywire_783_mb_left_kc512_s702,442,incoming_l1,role_random,2,200,permuted_teacher,3,0.012788111172133307
flywire_783_mb_left_kc512_s702,442,incoming_l1,role_random,2,200,permuted_teacher,4,0.01266070759011823
flywire_783_mb_left_kc512_s702,442,incoming_l1,role_random,2,200,permuted_teacher,5,0.012597976188528927
flywire_783_mb_left_kc512_s702,442,incoming_l1,role_random,2,200,permuted_teacher,6,0.012565566896125592
flywire_783_mb_left_kc512_s702,442,incoming_l1,role_random,2,200,permuted_teacher,7,0.012545829153771719
flywire_783_mb_left_kc512_s702,442,incoming_l1,role_random,2,200,permuted_teacher,8,0.012532377584240896
flywire_783_mb_left_kc512_s702,442,incoming_l1,role_random,2,200,permuted_teacher,9,0.012522672768793597
flywire_783_mb_left_kc512_s702,442,incoming_l1,role_random,2,200,permuted_teacher,10,0.012515321415848577
flywire_783_mb_left_kc512_s702,442,incoming_l1,role_random,2,200,permuted_teacher,11,0.012509644884143772
flywire_783_mb_left_kc512_s702,442,incoming_l1,role_random,2,200,permuted_teacher,12,0.012505207792379897
flywire_783_mb_left_kc512_s702,442,incoming_l1,role_random,2,200,permuted_teacher,13,0.012501689111506
flywire_783_mb_left_kc512_s702,442,incoming_l1,role_random,2,200,permuted_teacher,14,0.012498916714748858
flywire_783_mb_left_kc512_s702,442,incoming_l1,role_random,2,200,permuted_teacher,15,0.012496721096319932
flywire_783_mb_left_kc512_s702,442,incoming_l1,role_random,2,200,permuted_teacher,16,0.012494955944583748
flywire_783_mb_left_kc512_s702,442,incoming_l1,role_random,2,200,permuted_teacher,17,0.012493510291252844
flywire_783_mb_left_kc512_s702,442,incoming_l1,role_random,2,200,permuted_teacher,18,0.01249230929710405
flywire_783_mb_left_kc512_s702,442,incoming_l1,role_random,2,200,permuted_teacher,19,0.012491324005567423
flywire_783_mb_left_kc512_s702,442,incoming_l1,role_random,2,200,permuted_teacher,20,0.012490512761460904
flywire_783_mb_left_kc512_s702,442,incoming_l1,role_random,2,200,permuted_teacher,21,0.012489829155102746
flywire_783_mb_left_kc512_s702,442,incoming_l1,role_random,2,200,permuted_teacher,22,0.012489240261846352
flywire_783_mb_left_kc512_s702,442,incoming_l1,role_random,2,200,permuted_teacher,23,0.012488736926690037
flywire_783_mb_left_kc512_s702,442,incoming_l1,role_random,2,200,permuted_teacher,24,0.012488277594248877
flywire_783_mb_left_kc512_s702,442,incoming_l1,role_random,2,200,permuted_teacher,25,0.012487876338772852
flywire_783_mb_left_kc512_s702,442,incoming_l1,role_random,2,200,permuted_teacher,26,0.012487531425959202
flywire_783_mb_left_kc512_s702,442,incoming_l1,role_random,2,200,permuted_teacher,27,0.012487238346600293
flywire_783_mb_left_kc512_s702,442,incoming_l1,role_random,2,200,permuted_teacher,28,0.012486987322168828
flywire_783_mb_left_kc512_s702,442,incoming_l1,role_random,2,200,permuted_teacher,29,0.012486767611978996
flywire_783_mb_left_kc512_s702,442,incoming_l1,role_random,2,200,permuted_teacher,30,0.012486573015398501
flywire_783_mb_left_kc512_s702,443,spectral,fly,1,50,supervised,1,0.01692107465280866
flywire_783_mb_left_kc512_s702,443,spectral,fly,1,50,supervised,2,0.016452216739841118
flywire_783_mb_left_kc512_s702,443,spectral,fly,1,50,supervised,3,0.016168466119810224
flywire_783_mb_left_kc512_s702,443,spectral,fly,1,50,supervised,4,0.016008798937688997
flywire_783_mb_left_kc512_s702,443,spectral,fly,1,50,supervised,5,0.01591182395509664
flywire_783_mb_left_kc512_s702,443,spectral,fly,1,50,supervised,6,0.01584379009630492
flywire_783_mb_left_kc512_s702,443,spectral,fly,1,50,supervised,7,0.015793935272227857
flywire_783_mb_left_kc512_s702,443,spectral,fly,1,50,supervised,8,0.015755478425525223
flywire_783_mb_left_kc512_s702,443,spectral,fly,1,50,supervised,9,0.01572523206790677
flywire_783_mb_left_kc512_s702,443,spectral,fly,1,50,supervised,10,0.01570179187745816
flywire_783_mb_left_kc512_s702,443,spectral,fly,1,50,supervised,11,0.01568376095685805
flywire_783_mb_left_kc512_s702,443,spectral,fly,1,50,supervised,12,0.015669740115890667
flywire_783_mb_left_kc512_s702,443,spectral,fly,1,50,supervised,13,0.015658159463574062
flywire_783_mb_left_kc512_s702,443,spectral,fly,1,50,supervised,14,0.015648507774744393
flywire_783_mb_left_kc512_s702,443,spectral,fly,1,50,supervised,15,0.015640477352307867
flywire_783_mb_left_kc512_s702,443,spectral,fly,1,50,supervised,16,0.015633747094926903
flywire_783_mb_left_kc512_s702,443,spectral,fly,1,50,supervised,17,0.01562789647639978
flywire_783_mb_left_kc512_s702,443,spectral,fly,1,50,supervised,18,0.01562274254695725
flywire_783_mb_left_kc512_s702,443,spectral,fly,1,50,supervised,19,0.015618203761860908
flywire_783_mb_left_kc512_s702,443,spectral,fly,1,50,supervised,20,0.015614256294243366
flywire_783_mb_left_kc512_s702,443,spectral,fly,1,50,supervised,21,0.015610801005692374
flywire_783_mb_left_kc512_s702,443,spectral,fly,1,50,supervised,22,0.015607745455173214
flywire_783_mb_left_kc512_s702,443,spectral,fly,1,50,supervised,23,0.015605031978392149
flywire_783_mb_left_kc512_s702,443,spectral,fly,1,50,supervised,24,0.015602634294546017
flywire_783_mb_left_kc512_s702,443,spectral,fly,1,50,supervised,25,0.015600488210254617
flywire_783_mb_left_kc512_s702,443,spectral,fly,1,50,supervised,26,0.015598475447265128
flywire_783_mb_left_kc512_s702,443,spectral,fly,1,50,supervised,27,0.015596624003957643
flywire_783_mb_left_kc512_s702,443,spectral,fly,1,50,supervised,28,0.01559486174580402
flywire_783_mb_left_kc512_s702,443,spectral,fly,1,50,supervised,29,0.015593241011626267
flywire_783_mb_left_kc512_s702,443,spectral,fly,1,50,supervised,30,0.015591788036327141
flywire_783_mb_left_kc512_s702,443,spectral,fly,1,50,permuted_teacher,1,0.01687048992930002
flywire_783_mb_left_kc512_s702,443,spectral,fly,1,50,permuted_teacher,2,0.016395201162241493
flywire_783_mb_left_kc512_s702,443,spectral,fly,1,50,permuted_teacher,3,0.01610744075613311
flywire_783_mb_left_kc512_s702,443,spectral,fly,1,50,permuted_teacher,4,0.015944373605699655
flywire_783_mb_left_kc512_s702,443,spectral,fly,1,50,permuted_teacher,5,0.015845616525358458
flywire_783_mb_left_kc512_s702,443,spectral,fly,1,50,permuted_teacher,6,0.015776611328562715
flywire_783_mb_left_kc512_s702,443,spectral,fly,1,50,permuted_teacher,7,0.015725658244072564
flywire_783_mb_left_kc512_s702,443,spectral,fly,1,50,permuted_teacher,8,0.015688064672527084
flywire_783_mb_left_kc512_s702,443,spectral,fly,1,50,permuted_teacher,9,0.015660001327013465
flywire_783_mb_left_kc512_s702,443,spectral,fly,1,50,permuted_teacher,10,0.015639395694331527
flywire_783_mb_left_kc512_s702,443,spectral,fly,1,50,permuted_teacher,11,0.015623574055758805
flywire_783_mb_left_kc512_s702,443,spectral,fly,1,50,permuted_teacher,12,0.015611237365471086
flywire_783_mb_left_kc512_s702,443,spectral,fly,1,50,permuted_teacher,13,0.015601301074771682
flywire_783_mb_left_kc512_s702,443,spectral,fly,1,50,permuted_teacher,14,0.015593126061352812
flywire_783_mb_left_kc512_s702,443,spectral,fly,1,50,permuted_teacher,15,0.015586106807120853
flywire_783_mb_left_kc512_s702,443,spectral,fly,1,50,permuted_teacher,16,0.015579938561614532
flywire_783_mb_left_kc512_s702,443,spectral,fly,1,50,permuted_teacher,17,0.01557451128357996
flywire_783_mb_left_kc512_s702,443,spectral,fly,1,50,permuted_teacher,18,0.015569775626937074
flywire_783_mb_left_kc512_s702,443,spectral,fly,1,50,permuted_teacher,19,0.015565605216130455
flywire_783_mb_left_kc512_s702,443,spectral,fly,1,50,permuted_teacher,20,0.01556194314634802
flywire_783_mb_left_kc512_s702,443,spectral,fly,1,50,permuted_teacher,21,0.01555884756816423
flywire_783_mb_left_kc512_s702,443,spectral,fly,1,50,permuted_teacher,22,0.015556054196196135
flywire_783_mb_left_kc512_s702,443,spectral,fly,1,50,permuted_teacher,23,0.015553514231351134
flywire_783_mb_left_kc512_s702,443,spectral,fly,1,50,permuted_teacher,24,0.015551185956057232
flywire_783_mb_left_kc512_s702,443,spectral,fly,1,50,permuted_teacher,25,0.015549077037467166
flywire_783_mb_left_kc512_s702,443,spectral,fly,1,50,permuted_teacher,26,0.01554720095284051
flywire_783_mb_left_kc512_s702,443,spectral,fly,1,50,permuted_teacher,27,0.015545442177924144
flywire_783_mb_left_kc512_s702,443,spectral,fly,1,50,permuted_teacher,28,0.01554380551368705
flywire_783_mb_left_kc512_s702,443,spectral,fly,1,50,permuted_teacher,29,0.015542272684598723
flywire_783_mb_left_kc512_s702,443,spectral,fly,1,50,permuted_teacher,30,0.015540810275695456
flywire_783_mb_left_kc512_s702,443,spectral,fly,1,200,supervised,1,0.016398897014936735
flywire_783_mb_left_kc512_s702,443,spectral,fly,1,200,supervised,2,0.015890404437640854
flywire_783_mb_left_kc512_s702,443,spectral,fly,1,200,supervised,3,0.015786572740354363
flywire_783_mb_left_kc512_s702,443,spectral,fly,1,200,supervised,4,0.015751714918899488
flywire_783_mb_left_kc512_s702,443,spectral,fly,1,200,supervised,5,0.015737096804505555
flywire_783_mb_left_kc512_s702,443,spectral,fly,1,200,supervised,6,0.015729901708688716
flywire_783_mb_left_kc512_s702,443,spectral,fly,1,200,supervised,7,0.01572547532855601
flywire_783_mb_left_kc512_s702,443,spectral,fly,1,200,supervised,8,0.01572245909244662
flywire_783_mb_left_kc512_s702,443,spectral,fly,1,200,supervised,9,0.015720466561292237
flywire_783_mb_left_kc512_s702,443,spectral,fly,1,200,supervised,10,0.015719078976031742
flywire_783_mb_left_kc512_s702,443,spectral,fly,1,200,supervised,11,0.01571805202869091
flywire_783_mb_left_kc512_s702,443,spectral,fly,1,200,supervised,12,0.01571730682643144
flywire_783_mb_left_kc512_s702,443,spectral,fly,1,200,supervised,13,0.015716682332125295
flywire_783_mb_left_kc512_s702,443,spectral,fly,1,200,supervised,14,0.015716270789162167
flywire_783_mb_left_kc512_s702,443,spectral,fly,1,200,supervised,15,0.015715930757115092
flywire_783_mb_left_kc512_s702,443,spectral,fly,1,200,supervised,16,0.015715614961632977
flywire_783_mb_left_kc512_s702,443,spectral,fly,1,200,supervised,17,0.015715296192150324
flywire_783_mb_left_kc512_s702,443,spectral,fly,1,200,supervised,18,0.015714988176224173
flywire_783_mb_left_kc512_s702,443,spectral,fly,1,200,supervised,19,0.015714723017066556
flywire_783_mb_left_kc512_s702,443,spectral,fly,1,200,supervised,20,0.015714478680970496
flywire_783_mb_left_kc512_s702,443,spectral,fly,1,200,supervised,21,0.015714259192759296
flywire_783_mb_left_kc512_s702,443,spectral,fly,1,200,supervised,22,0.01571403721988333
flywire_783_mb_left_kc512_s702,443,spectral,fly,1,200,supervised,23,0.015713824414983566
flywire_783_mb_left_kc512_s702,443,spectral,fly,1,200,supervised,24,0.01571361839182557
flywire_783_mb_left_kc512_s702,443,spectral,fly,1,200,supervised,25,0.01571343674182644
flywire_783_mb_left_kc512_s702,443,spectral,fly,1,200,supervised,26,0.015713274131897385
flywire_783_mb_left_kc512_s702,443,spectral,fly,1,200,supervised,27,0.015713115468366994
flywire_783_mb_left_kc512_s702,443,spectral,fly,1,200,supervised,28,0.01571295365207748
flywire_783_mb_left_kc512_s702,443,spectral,fly,1,200,supervised,29,0.01571279647432598
flywire_783_mb_left_kc512_s702,443,spectral,fly,1,200,supervised,30,0.01571266210988556
flywire_783_mb_left_kc512_s702,443,spectral,fly,1,200,permuted_teacher,1,0.01638272730889124
flywire_783_mb_left_kc512_s702,443,spectral,fly,1,200,permuted_teacher,2,0.01587405257726905
flywire_783_mb_left_kc512_s702,443,spectral,fly,1,200,permuted_teacher,3,0.01577121745365272
flywire_783_mb_left_kc512_s702,443,spectral,fly,1,200,permuted_teacher,4,0.015737332416704275
flywire_783_mb_left_kc512_s702,443,spectral,fly,1,200,permuted_teacher,5,0.015723812257816543
flywire_783_mb_left_kc512_s702,443,spectral,fly,1,200,permuted_teacher,6,0.01571754807057999
flywire_783_mb_left_kc512_s702,443,spectral,fly,1,200,permuted_teacher,7,0.015713691845524857
flywire_783_mb_left_kc512_s702,443,spectral,fly,1,200,permuted_teacher,8,0.015711224684156776
flywire_783_mb_left_kc512_s702,443,spectral,fly,1,200,permuted_teacher,9,0.015709524084248003
flywire_783_mb_left_kc512_s702,443,spectral,fly,1,200,permuted_teacher,10,0.015708196669365213
flywire_783_mb_left_kc512_s702,443,spectral,fly,1,200,permuted_teacher,11,0.015707157949264892
flywire_783_mb_left_kc512_s702,443,spectral,fly,1,200,permuted_teacher,12,0.01570622936928127
flywire_783_mb_left_kc512_s702,443,spectral,fly,1,200,permuted_teacher,13,0.015705388879131036
flywire_783_mb_left_kc512_s702,443,spectral,fly,1,200,permuted_teacher,14,0.0157046951501602
flywire_783_mb_left_kc512_s702,443,spectral,fly,1,200,permuted_teacher,15,0.015704094087023297
flywire_783_mb_left_kc512_s702,443,spectral,fly,1,200,permuted_teacher,16,0.015703523737316146
flywire_783_mb_left_kc512_s702,443,spectral,fly,1,200,permuted_teacher,17,0.015702998214724664
flywire_783_mb_left_kc512_s702,443,spectral,fly,1,200,permuted_teacher,18,0.015702522596981253
flywire_783_mb_left_kc512_s702,443,spectral,fly,1,200,permuted_teacher,19,0.0157020822369409
flywire_783_mb_left_kc512_s702,443,spectral,fly,1,200,permuted_teacher,20,0.015701691234235964
flywire_783_mb_left_kc512_s702,443,spectral,fly,1,200,permuted_teacher,21,0.015701334027014992
flywire_783_mb_left_kc512_s702,443,spectral,fly,1,200,permuted_teacher,22,0.015700985660628598
flywire_783_mb_left_kc512_s702,443,spectral,fly,1,200,permuted_teacher,23,0.015700673942642424
flywire_783_mb_left_kc512_s702,443,spectral,fly,1,200,permuted_teacher,24,0.015700413478832578
flywire_783_mb_left_kc512_s702,443,spectral,fly,1,200,permuted_teacher,25,0.015700175202559955
flywire_783_mb_left_kc512_s702,443,spectral,fly,1,200,permuted_teacher,26,0.015699936161077215
flywire_783_mb_left_kc512_s702,443,spectral,fly,1,200,permuted_teacher,27,0.015699732437660978
flywire_783_mb_left_kc512_s702,443,spectral,fly,1,200,permuted_teacher,28,0.01569955226395197
flywire_783_mb_left_kc512_s702,443,spectral,fly,1,200,permuted_teacher,29,0.01569938989326857
flywire_783_mb_left_kc512_s702,443,spectral,fly,1,200,permuted_teacher,30,0.015699243690534426
flywire_783_mb_left_kc512_s702,443,spectral,fly,2,50,supervised,1,0.016979980296689096
flywire_783_mb_left_kc512_s702,443,spectral,fly,2,50,supervised,2,0.016497640219829204
flywire_783_mb_left_kc512_s702,443,spectral,fly,2,50,supervised,3,0.016205571788656174
flywire_783_mb_left_kc512_s702,443,spectral,fly,2,50,supervised,4,0.01604092297368177
flywire_783_mb_left_kc512_s702,443,spectral,fly,2,50,supervised,5,0.015941199420103136
flywire_783_mb_left_kc512_s702,443,spectral,fly,2,50,supervised,6,0.01587121162302173
flywire_783_mb_left_kc512_s702,443,spectral,fly,2,50,supervised,7,0.015819352504496505
flywire_783_mb_left_kc512_s702,443,spectral,fly,2,50,supervised,8,0.01577986711443622
flywire_783_mb_left_kc512_s702,443,spectral,fly,2,50,supervised,9,0.015749486870783057
flywire_783_mb_left_kc512_s702,443,spectral,fly,2,50,supervised,10,0.015726585097203948
flywire_783_mb_left_kc512_s702,443,spectral,fly,2,50,supervised,11,0.01570923475942746
flywire_783_mb_left_kc512_s702,443,spectral,fly,2,50,supervised,12,0.015695367452929293
flywire_783_mb_left_kc512_s702,443,spectral,fly,2,50,supervised,13,0.01568420102693017
flywire_783_mb_left_kc512_s702,443,spectral,fly,2,50,supervised,14,0.015675093650727574
flywire_783_mb_left_kc512_s702,443,spectral,fly,2,50,supervised,15,0.015667374869477963
flywire_783_mb_left_kc512_s702,443,spectral,fly,2,50,supervised,16,0.0156606628384299
flywire_783_mb_left_kc512_s702,443,spectral,fly,2,50,supervised,17,0.01565488862539638
flywire_783_mb_left_kc512_s702,443,spectral,fly,2,50,supervised,18,0.015649877564897084
flywire_783_mb_left_kc512_s702,443,spectral,fly,2,50,supervised,19,0.015645430514100025
flywire_783_mb_left_kc512_s702,443,spectral,fly,2,50,supervised,20,0.015641412390757184
flywire_783_mb_left_kc512_s702,443,spectral,fly,2,50,supervised,21,0.015637841158103533
flywire_783_mb_left_kc512_s702,443,spectral,fly,2,50,supervised,22,0.015634696735754548
flywire_783_mb_left_kc512_s702,443,spectral,fly,2,50,supervised,23,0.015631844123279434
flywire_783_mb_left_kc512_s702,443,spectral,fly,2,50,supervised,24,0.015629248849001735
flywire_783_mb_left_kc512_s702,443,spectral,fly,2,50,supervised,25,0.015626862514138605
flywire_783_mb_left_kc512_s702,443,spectral,fly,2,50,supervised,26,0.015624697388130762
flywire_783_mb_left_kc512_s702,443,spectral,fly,2,50,supervised,27,0.015622734942519851
flywire_783_mb_left_kc512_s702,443,spectral,fly,2,50,supervised,28,0.015620967110274485
flywire_783_mb_left_kc512_s702,443,spectral,fly,2,50,supervised,29,0.015619324543642779
flywire_783_mb_left_kc512_s702,443,spectral,fly,2,50,supervised,30,0.015617796936616638
flywire_783_mb_left_kc512_s702,443,spectral,fly,2,50,permuted_teacher,1,0.016981769091806195
flywire_783_mb_left_kc512_s702,443,spectral,fly,2,50,permuted_teacher,2,0.016507325634293465
flywire_783_mb_left_kc512_s702,443,spectral,fly,2,50,permuted_teacher,3,0.016221288850871547
flywire_783_mb_left_kc512_s702,443,spectral,fly,2,50,permuted_teacher,4,0.016061950150317732
flywire_783_mb_left_kc512_s702,443,spectral,fly,2,50,permuted_teacher,5,0.015965703026769845
flywire_783_mb_left_kc512_s702,443,spectral,fly,2,50,permuted_teacher,6,0.015898673261171687
flywire_783_mb_left_kc512_s702,443,spectral,fly,2,50,permuted_teacher,7,0.015848890824931433
flywire_783_mb_left_kc512_s702,443,spectral,fly,2,50,permuted_teacher,8,0.01581133127951968
flywire_783_mb_left_kc512_s702,443,spectral,fly,2,50,permuted_teacher,9,0.01578344146219046
flywire_783_mb_left_kc512_s702,443,spectral,fly,2,50,permuted_teacher,10,0.015762854180087778
flywire_783_mb_left_kc512_s702,443,spectral,fly,2,50,permuted_teacher,11,0.0157469642146193
flywire_783_mb_left_kc512_s702,443,spectral,fly,2,50,permuted_teacher,12,0.015734428509258536
flywire_783_mb_left_kc512_s702,443,spectral,fly,2,50,permuted_teacher,13,0.015724569374034755
flywire_783_mb_left_kc512_s702,443,spectral,fly,2,50,permuted_teacher,14,0.015716800038676725
flywire_783_mb_left_kc512_s702,443,spectral,fly,2,50,permuted_teacher,15,0.015710339190449292
flywire_783_mb_left_kc512_s702,443,spectral,fly,2,50,permuted_teacher,16,0.015704792344774593
flywire_783_mb_left_kc512_s702,443,spectral,fly,2,50,permuted_teacher,17,0.015700043331857063
flywire_783_mb_left_kc512_s702,443,spectral,fly,2,50,permuted_teacher,18,0.015695961620723915
flywire_783_mb_left_kc512_s702,443,spectral,fly,2,50,permuted_teacher,19,0.015692452780766305
flywire_783_mb_left_kc512_s702,443,spectral,fly,2,50,permuted_teacher,20,0.015689417132832686
flywire_783_mb_left_kc512_s702,443,spectral,fly,2,50,permuted_teacher,21,0.015686790636659922
flywire_783_mb_left_kc512_s702,443,spectral,fly,2,50,permuted_teacher,22,0.015684625861769438
flywire_783_mb_left_kc512_s702,443,spectral,fly,2,50,permuted_teacher,23,0.015682734290463875
flywire_783_mb_left_kc512_s702,443,spectral,fly,2,50,permuted_teacher,24,0.01568122468610633
flywire_783_mb_left_kc512_s702,443,spectral,fly,2,50,permuted_teacher,25,0.015679991269501786
flywire_783_mb_left_kc512_s702,443,spectral,fly,2,50,permuted_teacher,26,0.015678904144805685
flywire_783_mb_left_kc512_s702,443,spectral,fly,2,50,permuted_teacher,27,0.015677921503474693
flywire_783_mb_left_kc512_s702,443,spectral,fly,2,50,permuted_teacher,28,0.015677031354959313
flywire_783_mb_left_kc512_s702,443,spectral,fly,2,50,permuted_teacher,29,0.015676250439495366
flywire_783_mb_left_kc512_s702,443,spectral,fly,2,50,permuted_teacher,30,0.015675576852841155
flywire_783_mb_left_kc512_s702,443,spectral,fly,2,200,supervised,1,0.016412232489877786
flywire_783_mb_left_kc512_s702,443,spectral,fly,2,200,supervised,2,0.015885973872294176
flywire_783_mb_left_kc512_s702,443,spectral,fly,2,200,supervised,3,0.015772599339169784
flywire_783_mb_left_kc512_s702,443,spectral,fly,2,200,supervised,4,0.01573127683166251
flywire_783_mb_left_kc512_s702,443,spectral,fly,2,200,supervised,5,0.015712054139171386
flywire_783_mb_left_kc512_s702,443,spectral,fly,2,200,supervised,6,0.015701451409347724
flywire_783_mb_left_kc512_s702,443,spectral,fly,2,200,supervised,7,0.01569473934241813
flywire_783_mb_left_kc512_s702,443,spectral,fly,2,200,supervised,8,0.015689853447811253
flywire_783_mb_left_kc512_s702,443,spectral,fly,2,200,supervised,9,0.01568622482206656
flywire_783_mb_left_kc512_s702,443,spectral,fly,2,200,supervised,10,0.015683418632787823
flywire_783_mb_left_kc512_s702,443,spectral,fly,2,200,supervised,11,0.01568114990995297
flywire_783_mb_left_kc512_s702,443,spectral,fly,2,200,supervised,12,0.015679323684850584
flywire_783_mb_left_kc512_s702,443,spectral,fly,2,200,supervised,13,0.015677782476323964
flywire_783_mb_left_kc512_s702,443,spectral,fly,2,200,supervised,14,0.015676526093041796
flywire_783_mb_left_kc512_s702,443,spectral,fly,2,200,supervised,15,0.01567551026149252
flywire_783_mb_left_kc512_s702,443,spectral,fly,2,200,supervised,16,0.015674755520516094
flywire_783_mb_left_kc512_s702,443,spectral,fly,2,200,supervised,17,0.01567408359339766
flywire_783_mb_left_kc512_s702,443,spectral,fly,2,200,supervised,18,0.015673568810341064
flywire_783_mb_left_kc512_s702,443,spectral,fly,2,200,supervised,19,0.01567316376228514
flywire_783_mb_left_kc512_s702,443,spectral,fly,2,200,supervised,20,0.01567282888664793
flywire_783_mb_left_kc512_s702,443,spectral,fly,2,200,supervised,21,0.01567251770971112
flywire_783_mb_left_kc512_s702,443,spectral,fly,2,200,supervised,22,0.015672228925548114
flywire_783_mb_left_kc512_s702,443,spectral,fly,2,200,supervised,23,0.015671955033436047
flywire_783_mb_left_kc512_s702,443,spectral,fly,2,200,supervised,24,0.01567169431386878
flywire_783_mb_left_kc512_s702,443,spectral,fly,2,200,supervised,25,0.015671448606123253
flywire_783_mb_left_kc512_s702,443,spectral,fly,2,200,supervised,26,0.015671230887899366
flywire_783_mb_left_kc512_s702,443,spectral,fly,2,200,supervised,27,0.01567103729004595
flywire_783_mb_left_kc512_s702,443,spectral,fly,2,200,supervised,28,0.015670876831831524
flywire_783_mb_left_kc512_s702,443,spectral,fly,2,200,supervised,29,0.01567073268689355
flywire_783_mb_left_kc512_s702,443,spectral,fly,2,200,supervised,30,0.01567060119021009
flywire_783_mb_left_kc512_s702,443,spectral,fly,2,200,permuted_teacher,1,0.01639255191572369
flywire_783_mb_left_kc512_s702,443,spectral,fly,2,200,permuted_teacher,2,0.015872665514916003
flywire_783_mb_left_kc512_s702,443,spectral,fly,2,200,permuted_teacher,3,0.01576453358840459
flywire_783_mb_left_kc512_s702,443,spectral,fly,2,200,permuted_teacher,4,0.01572850663426517
flywire_783_mb_left_kc512_s702,443,spectral,fly,2,200,permuted_teacher,5,0.0157143062030012
flywire_783_mb_left_kc512_s702,443,spectral,fly,2,200,permuted_teacher,6,0.01570828007835436
flywire_783_mb_left_kc512_s702,443,spectral,fly,2,200,permuted_teacher,7,0.015705460900709216
flywire_783_mb_left_kc512_s702,443,spectral,fly,2,200,permuted_teacher,8,0.015704174396456362
flywire_783_mb_left_kc512_s702,443,spectral,fly,2,200,permuted_teacher,9,0.015703660668072966
flywire_783_mb_left_kc512_s702,443,spectral,fly,2,200,permuted_teacher,10,0.015703562906530688
flywire_783_mb_left_kc512_s702,443,spectral,fly,2,200,permuted_teacher,11,0.015703690887475
flywire_783_mb_left_kc512_s702,443,spectral,fly,2,200,permuted_teacher,12,0.015703894108018736
flywire_783_mb_left_kc512_s702,443,spectral,fly,2,200,permuted_teacher,13,0.015704107742931395
flywire_783_mb_left_kc512_s702,443,spectral,fly,2,200,permuted_teacher,14,0.015704333649857172
flywire_783_mb_left_kc512_s702,443,spectral,fly,2,200,permuted_teacher,15,0.01570466298072782
flywire_783_mb_left_kc512_s702,443,spectral,fly,2,200,permuted_teacher,16,0.01570495094635183
flywire_783_mb_left_kc512_s702,443,spectral,fly,2,200,permuted_teacher,17,0.015705180891130547
flywire_783_mb_left_kc512_s702,443,spectral,fly,2,200,permuted_teacher,18,0.015705358231070398
flywire_783_mb_left_kc512_s702,443,spectral,fly,2,200,permuted_teacher,19,0.015705495246787545
flywire_783_mb_left_kc512_s702,443,spectral,fly,2,200,permuted_teacher,20,0.01570561015300616
flywire_783_mb_left_kc512_s702,443,spectral,fly,2,200,permuted_teacher,21,0.015705707449698496
flywire_783_mb_left_kc512_s702,443,spectral,fly,2,200,permuted_teacher,22,0.015705831132511436
flywire_783_mb_left_kc512_s702,443,spectral,fly,2,200,permuted_teacher,23,0.015705960895106685
flywire_783_mb_left_kc512_s702,443,spectral,fly,2,200,permuted_teacher,24,0.01570606908613898
flywire_783_mb_left_kc512_s702,443,spectral,fly,2,200,permuted_teacher,25,0.015706155862400487
flywire_783_mb_left_kc512_s702,443,spectral,fly,2,200,permuted_teacher,26,0.015706223292030728
flywire_783_mb_left_kc512_s702,443,spectral,fly,2,200,permuted_teacher,27,0.015706283603413754
flywire_783_mb_left_kc512_s702,443,spectral,fly,2,200,permuted_teacher,28,0.01570633890094393
flywire_783_mb_left_kc512_s702,443,spectral,fly,2,200,permuted_teacher,29,0.015706390837510693
flywire_783_mb_left_kc512_s702,443,spectral,fly,2,200,permuted_teacher,30,0.01570643124517912
flywire_783_mb_left_kc512_s702,443,spectral,role_shuffled,1,50,supervised,1,0.01698612828058956
flywire_783_mb_left_kc512_s702,443,spectral,role_shuffled,1,50,supervised,2,0.016527416890856104
flywire_783_mb_left_kc512_s702,443,spectral,role_shuffled,1,50,supervised,3,0.016240434761651996
flywire_783_mb_left_kc512_s702,443,spectral,role_shuffled,1,50,supervised,4,0.016066048918655877
flywire_783_mb_left_kc512_s702,443,spectral,role_shuffled,1,50,supervised,5,0.015955917299633946
flywire_783_mb_left_kc512_s702,443,spectral,role_shuffled,1,50,supervised,6,0.015880096125979053
flywire_783_mb_left_kc512_s702,443,spectral,role_shuffled,1,50,supervised,7,0.01582671685130884
flywire_783_mb_left_kc512_s702,443,spectral,role_shuffled,1,50,supervised,8,0.01578809988850685
flywire_783_mb_left_kc512_s702,443,spectral,role_shuffled,1,50,supervised,9,0.015759026542145622
flywire_783_mb_left_kc512_s702,443,spectral,role_shuffled,1,50,supervised,10,0.015736743491695702
flywire_783_mb_left_kc512_s702,443,spectral,role_shuffled,1,50,supervised,11,0.015719021561993816
flywire_783_mb_left_kc512_s702,443,spectral,role_shuffled,1,50,supervised,12,0.015704701691865615
flywire_783_mb_left_kc512_s702,443,spectral,role_shuffled,1,50,supervised,13,0.01569300001197092
flywire_783_mb_left_kc512_s702,443,spectral,role_shuffled,1,50,supervised,14,0.015683529944848562
flywire_783_mb_left_kc512_s702,443,spectral,role_shuffled,1,50,supervised,15,0.015675742093672864
flywire_783_mb_left_kc512_s702,443,spectral,role_shuffled,1,50,supervised,16,0.0156691744588157
flywire_783_mb_left_kc512_s702,443,spectral,role_shuffled,1,50,supervised,17,0.01566339442124183
flywire_783_mb_left_kc512_s702,443,spectral,role_shuffled,1,50,supervised,18,0.015658395230963382
flywire_783_mb_left_kc512_s702,443,spectral,role_shuffled,1,50,supervised,19,0.015654081916063135
flywire_783_mb_left_kc512_s702,443,spectral,role_shuffled,1,50,supervised,20,0.01565031494716077
flywire_783_mb_left_kc512_s702,443,spectral,role_shuffled,1,50,supervised,21,0.015646926873355105
flywire_783_mb_left_kc512_s702,443,spectral,role_shuffled,1,50,supervised,22,0.01564387634049373
flywire_783_mb_left_kc512_s702,443,spectral,role_shuffled,1,50,supervised,23,0.015641177246815793
flywire_783_mb_left_kc512_s702,443,spectral,role_shuffled,1,50,supervised,24,0.01563877808986233
flywire_783_mb_left_kc512_s702,443,spectral,role_shuffled,1,50,supervised,25,0.01563662794819283
flywire_783_mb_left_kc512_s702,443,spectral,role_shuffled,1,50,supervised,26,0.015634686542111836
flywire_783_mb_left_kc512_s702,443,spectral,role_shuffled,1,50,supervised,27,0.01563294351424184
flywire_783_mb_left_kc512_s702,443,spectral,role_shuffled,1,50,supervised,28,0.01563137551817056
flywire_783_mb_left_kc512_s702,443,spectral,role_shuffled,1,50,supervised,29,0.015629912738568653
flywire_783_mb_left_kc512_s702,443,spectral,role_shuffled,1,50,supervised,30,0.015628561953503217
flywire_783_mb_left_kc512_s702,443,spectral,role_shuffled,1,50,permuted_teacher,1,0.01695308305069114
flywire_783_mb_left_kc512_s702,443,spectral,role_shuffled,1,50,permuted_teacher,2,0.016485157880374277
flywire_783_mb_left_kc512_s702,443,spectral,role_shuffled,1,50,permuted_teacher,3,0.016190755207692573
flywire_783_mb_left_kc512_s702,443,spectral,role_shuffled,1,50,permuted_teacher,4,0.016009119965984718
flywire_783_mb_left_kc512_s702,443,spectral,role_shuffled,1,50,permuted_teacher,5,0.015892957417183044
flywire_783_mb_left_kc512_s702,443,spectral,role_shuffled,1,50,permuted_teacher,6,0.015812998908478718
flywire_783_mb_left_kc512_s702,443,spectral,role_shuffled,1,50,permuted_teacher,7,0.015757270020832298
flywire_783_mb_left_kc512_s702,443,spectral,role_shuffled,1,50,permuted_teacher,8,0.015717879059913994
flywire_783_mb_left_kc512_s702,443,spectral,role_shuffled,1,50,permuted_teacher,9,0.0156889676863187
flywire_783_mb_left_kc512_s702,443,spectral,role_shuffled,1,50,permuted_teacher,10,0.015667213614003434
flywire_783_mb_left_kc512_s702,443,spectral,role_shuffled,1,50,permuted_teacher,11,0.015650352293764463
flywire_783_mb_left_kc512_s702,443,spectral,role_shuffled,1,50,permuted_teacher,12,0.015637137832521783
flywire_783_mb_left_kc512_s702,443,spectral,role_shuffled,1,50,permuted_teacher,13,0.015626928973886126
flywire_783_mb_left_kc512_s702,443,spectral,role_shuffled,1,50,permuted_teacher,14,0.015618693373982797
flywire_783_mb_left_kc512_s702,443,spectral,role_shuffled,1,50,permuted_teacher,15,0.015611965288586459
flywire_783_mb_left_kc512_s702,443,spectral,role_shuffled,1,50,permuted_teacher,16,0.015606438230539527
flywire_783_mb_left_kc512_s702,443,spectral,role_shuffled,1,50,permuted_teacher,17,0.015601625200368731
flywire_783_mb_left_kc512_s702,443,spectral,role_shuffled,1,50,permuted_teacher,18,0.015597498474898299
flywire_783_mb_left_kc512_s702,443,spectral,role_shuffled,1,50,permuted_teacher,19,0.015593909006132483
flywire_783_mb_left_kc512_s702,443,spectral,role_shuffled,1,50,permuted_teacher,20,0.015590785710638745
flywire_783_mb_left_kc512_s702,443,spectral,role_shuffled,1,50,permuted_teacher,21,0.015587937310499322
flywire_783_mb_left_kc512_s702,443,spectral,role_shuffled,1,50,permuted_teacher,22,0.015585332982964606
flywire_783_mb_left_kc512_s702,443,spectral,role_shuffled,1,50,permuted_teacher,23,0.01558297006664273
flywire_783_mb_left_kc512_s702,443,spectral,role_shuffled,1,50,permuted_teacher,24,0.015580834462878666
flywire_783_mb_left_kc512_s702,443,spectral,role_shuffled,1,50,permuted_teacher,25,0.015579012544273126
flywire_783_mb_left_kc512_s702,443,spectral,role_shuffled,1,50,permuted_teacher,26,0.015577437562653854
flywire_783_mb_left_kc512_s702,443,spectral,role_shuffled,1,50,permuted_teacher,27,0.015576014220365869
flywire_783_mb_left_kc512_s702,443,spectral,role_shuffled,1,50,permuted_teacher,28,0.01557477034352818
flywire_783_mb_left_kc512_s702,443,spectral,role_shuffled,1,50,permuted_teacher,29,0.015573628148144484
flywire_783_mb_left_kc512_s702,443,spectral,role_shuffled,1,50,permuted_teacher,30,0.015572562697483236
flywire_783_mb_left_kc512_s702,443,spectral,role_shuffled,1,200,supervised,1,0.016447524410630007
flywire_783_mb_left_kc512_s702,443,spectral,role_shuffled,1,200,supervised,2,0.015876624922891918
flywire_783_mb_left_kc512_s702,443,spectral,role_shuffled,1,200,supervised,3,0.015769456182236078
flywire_783_mb_left_kc512_s702,443,spectral,role_shuffled,1,200,supervised,4,0.01573677195052963
flywire_783_mb_left_kc512_s702,443,spectral,role_shuffled,1,200,supervised,5,0.015723545370774732
flywire_783_mb_left_kc512_s702,443,spectral,role_shuffled,1,200,supervised,6,0.015716763794375074
flywire_783_mb_left_kc512_s702,443,spectral,role_shuffled,1,200,supervised,7,0.015712419591946445
flywire_783_mb_left_kc512_s702,443,spectral,role_shuffled,1,200,supervised,8,0.015709362191063784
flywire_783_mb_left_kc512_s702,443,spectral,role_shuffled,1,200,supervised,9,0.01570714332931742
flywire_783_mb_left_kc512_s702,443,spectral,role_shuffled,1,200,supervised,10,0.015705473852012992
flywire_783_mb_left_kc512_s702,443,spectral,role_shuffled,1,200,supervised,11,0.01570425677034696
flywire_783_mb_left_kc512_s702,443,spectral,role_shuffled,1,200,supervised,12,0.015703312112266603
flywire_783_mb_left_kc512_s702,443,spectral,role_shuffled,1,200,supervised,13,0.015702593675145975
flywire_783_mb_left_kc512_s702,443,spectral,role_shuffled,1,200,supervised,14,0.015702032875968035
flywire_783_mb_left_kc512_s702,443,spectral,role_shuffled,1,200,supervised,15,0.015701665412057378
flywire_783_mb_left_kc512_s702,443,spectral,role_shuffled,1,200,supervised,16,0.01570145940925154
flywire_783_mb_left_kc512_s702,443,spectral,role_shuffled,1,200,supervised,17,0.015701266418153604
flywire_783_mb_left_kc512_s702,443,spectral,role_shuffled,1,200,supervised,18,0.01570115854493494
flywire_783_mb_left_kc512_s702,443,spectral,role_shuffled,1,200,supervised,19,0.015701083525658383
flywire_783_mb_left_kc512_s702,443,spectral,role_shuffled,1,200,supervised,20,0.015701055965982536
flywire_783_mb_left_kc512_s702,443,spectral,role_shuffled,1,200,supervised,21,0.015701003509839054
flywire_783_mb_left_kc512_s702,443,spectral,role_shuffled,1,200,supervised,22,0.01570094319282337
flywire_783_mb_left_kc512_s702,443,spectral,role_shuffled,1,200,supervised,23,0.01570089131877601
flywire_783_mb_left_kc512_s702,443,spectral,role_shuffled,1,200,supervised,24,0.015700857857266902
flywire_783_mb_left_kc512_s702,443,spectral,role_shuffled,1,200,supervised,25,0.015700826927315184
flywire_783_mb_left_kc512_s702,443,spectral,role_shuffled,1,200,supervised,26,0.01570079276156688
flywire_783_mb_left_kc512_s702,443,spectral,role_shuffled,1,200,supervised,27,0.01570078225273188
flywire_783_mb_left_kc512_s702,443,spectral,role_shuffled,1,200,supervised,28,0.015700762491742817
flywire_783_mb_left_kc512_s702,443,spectral,role_shuffled,1,200,supervised,29,0.015700736510165406
flywire_783_mb_left_kc512_s702,443,spectral,role_shuffled,1,200,supervised,30,0.015700699243053437
flywire_783_mb_left_kc512_s702,443,spectral,role_shuffled,1,200,permuted_teacher,1,0.016459415039517103
flywire_783_mb_left_kc512_s702,443,spectral,role_shuffled,1,200,permuted_teacher,2,0.015886596019776128
flywire_783_mb_left_kc512_s702,443,spectral,role_shuffled,1,200,permuted_teacher,3,0.015776581926339153
flywire_783_mb_left_kc512_s702,443,spectral,role_shuffled,1,200,permuted_teacher,4,0.015742138262100264
flywire_783_mb_left_kc512_s702,443,spectral,role_shuffled,1,200,permuted_teacher,5,0.015728204059867874
flywire_783_mb_left_kc512_s702,443,spectral,role_shuffled,1,200,permuted_teacher,6,0.015721771628374202
flywire_783_mb_left_kc512_s702,443,spectral,role_shuffled,1,200,permuted_teacher,7,0.015718549177624424
flywire_783_mb_left_kc512_s702,443,spectral,role_shuffled,1,200,permuted_teacher,8,0.01571642388430612
flywire_783_mb_left_kc512_s702,443,spectral,role_shuffled,1,200,permuted_teacher,9,0.015715066546953822
flywire_783_mb_left_kc512_s702,443,spectral,role_shuffled,1,200,permuted_teacher,10,0.0157139929484173
flywire_783_mb_left_kc512_s702,443,spectral,role_shuffled,1,200,permuted_teacher,11,0.0157130462761475
flywire_783_mb_left_kc512_s702,443,spectral,role_shuffled,1,200,permuted_teacher,12,0.01571222737415497
flywire_783_mb_left_kc512_s702,443,spectral,role_shuffled,1,200,permuted_teacher,13,0.01571154324017321
flywire_783_mb_left_kc512_s702,443,spectral,role_shuffled,1,200,permuted_teacher,14,0.015710963973680252
flywire_783_mb_left_kc512_s702,443,spectral,role_shuffled,1,200,permuted_teacher,15,0.01571047352886567
flywire_783_mb_left_kc512_s702,443,spectral,role_shuffled,1,200,permuted_teacher,16,0.015710053539867975
flywire_783_mb_left_kc512_s702,443,spectral,role_shuffled,1,200,permuted_teacher,17,0.01570966197109117
flywire_783_mb_left_kc512_s702,443,spectral,role_shuffled,1,200,permuted_teacher,18,0.015709309773775416
flywire_783_mb_left_kc512_s702,443,spectral,role_shuffled,1,200,permuted_teacher,19,0.015708998785187417
flywire_783_mb_left_kc512_s702,443,spectral,role_shuffled,1,200,permuted_teacher,20,0.015708705512241898
flywire_783_mb_left_kc512_s702,443,spectral,role_shuffled,1,200,permuted_teacher,21,0.01570844748322644
flywire_783_mb_left_kc512_s702,443,spectral,role_shuffled,1,200,permuted_teacher,22,0.01570822536743564
flywire_783_mb_left_kc512_s702,443,spectral,role_shuffled,1,200,permuted_teacher,23,0.015708048574131193
flywire_783_mb_left_kc512_s702,443,spectral,role_shuffled,1,200,permuted_teacher,24,0.01570787732508389
flywire_783_mb_left_kc512_s702,443,spectral,role_shuffled,1,200,permuted_teacher,25,0.015707707901344393
flywire_783_mb_left_kc512_s702,443,spectral,role_shuffled,1,200,permuted_teacher,26,0.015707544929134662
flywire_783_mb_left_kc512_s702,443,spectral,role_shuffled,1,200,permuted_teacher,27,0.015707408856345955
flywire_783_mb_left_kc512_s702,443,spectral,role_shuffled,1,200,permuted_teacher,28,0.01570731330454359
flywire_783_mb_left_kc512_s702,443,spectral,role_shuffled,1,200,permuted_teacher,29,0.01570722570115887
flywire_783_mb_left_kc512_s702,443,spectral,role_shuffled,1,200,permuted_teacher,30,0.015707185139017556
flywire_783_mb_left_kc512_s702,443,spectral,role_shuffled,2,50,supervised,1,0.017048436571587573
flywire_783_mb_left_kc512_s702,443,spectral,role_shuffled,2,50,supervised,2,0.016583227275283607
flywire_783_mb_left_kc512_s702,443,spectral,role_shuffled,2,50,supervised,3,0.016292167780458736
flywire_783_mb_left_kc512_s702,443,spectral,role_shuffled,2,50,supervised,4,0.016115233898266832
flywire_783_mb_left_kc512_s702,443,spectral,role_shuffled,2,50,supervised,5,0.01600272107924257
flywire_783_mb_left_kc512_s702,443,spectral,role_shuffled,2,50,supervised,6,0.01592492707775328
flywire_783_mb_left_kc512_s702,443,spectral,role_shuffled,2,50,supervised,7,0.015870186517166766
flywire_783_mb_left_kc512_s702,443,spectral,role_shuffled,2,50,supervised,8,0.015830704885913816
flywire_783_mb_left_kc512_s702,443,spectral,role_shuffled,2,50,supervised,9,0.015801159374526624
flywire_783_mb_left_kc512_s702,443,spectral,role_shuffled,2,50,supervised,10,0.01577879457030309
flywire_783_mb_left_kc512_s702,443,spectral,role_shuffled,2,50,supervised,11,0.015761487496948643
flywire_783_mb_left_kc512_s702,443,spectral,role_shuffled,2,50,supervised,12,0.015747890256582978
flywire_783_mb_left_kc512_s702,443,spectral,role_shuffled,2,50,supervised,13,0.015737218068049952
flywire_783_mb_left_kc512_s702,443,spectral,role_shuffled,2,50,supervised,14,0.015728638806056353
flywire_783_mb_left_kc512_s702,443,spectral,role_shuffled,2,50,supervised,15,0.01572160740508511
flywire_783_mb_left_kc512_s702,443,spectral,role_shuffled,2,50,supervised,16,0.01571576136427351
flywire_783_mb_left_kc512_s702,443,spectral,role_shuffled,2,50,supervised,17,0.01571084833597201
flywire_783_mb_left_kc512_s702,443,spectral,role_shuffled,2,50,supervised,18,0.015706653624836458
flywire_783_mb_left_kc512_s702,443,spectral,role_shuffled,2,50,supervised,19,0.015703054300234335
flywire_783_mb_left_kc512_s702,443,spectral,role_shuffled,2,50,supervised,20,0.01570002656461118
flywire_783_mb_left_kc512_s702,443,spectral,role_shuffled,2,50,supervised,21,0.015697393672410565
flywire_783_mb_left_kc512_s702,443,spectral,role_shuffled,2,50,supervised,22,0.015695001628792084
flywire_783_mb_left_kc512_s702,443,spectral,role_shuffled,2,50,supervised,23,0.015692873537596196
flywire_783_mb_left_kc512_s702,443,spectral,role_shuffled,2,50,supervised,24,0.015691015159957883
flywire_783_mb_left_kc512_s702,443,spectral,role_shuffled,2,50,supervised,25,0.015689355254853654
flywire_783_mb_left_kc512_s702,443,spectral,role_shuffled,2,50,supervised,26,0.01568783780202195
flywire_783_mb_left_kc512_s702,443,spectral,role_shuffled,2,50,supervised,27,0.015686499278298554
flywire_783_mb_left_kc512_s702,443,spectral,role_shuffled,2,50,supervised,28,0.015685289812932175
flywire_783_mb_left_kc512_s702,443,spectral,role_shuffled,2,50,supervised,29,0.015684187550980788
flywire_783_mb_left_kc512_s702,443,spectral,role_shuffled,2,50,supervised,30,0.01568316655108675
flywire_783_mb_left_kc512_s702,443,spectral,role_shuffled,2,50,permuted_teacher,1,0.017055505669722422
flywire_783_mb_left_kc512_s702,443,spectral,role_shuffled,2,50,permuted_teacher,2,0.016583102616895197
flywire_783_mb_left_kc512_s702,443,spectral,role_shuffled,2,50,permuted_teacher,3,0.01628724420900818
flywire_783_mb_left_kc512_s702,443,spectral,role_shuffled,2,50,permuted_teacher,4,0.01610759184664123
flywire_783_mb_left_kc512_s702,443,spectral,role_shuffled,2,50,permuted_teacher,5,0.015995298386711924
flywire_783_mb_left_kc512_s702,443,spectral,role_shuffled,2,50,permuted_teacher,6,0.015919480495454125
flywire_783_mb_left_kc512_s702,443,spectral,role_shuffled,2,50,permuted_teacher,7,0.01586740177760371
flywire_783_mb_left_kc512_s702,443,spectral,role_shuffled,2,50,permuted_teacher,8,0.015830807519847775
flywire_783_mb_left_kc512_s702,443,spectral,role_shuffled,2,50,permuted_teacher,9,0.015804770965295468
flywire_783_mb_left_kc512_s702,443,spectral,role_shuffled,2,50,permuted_teacher,10,0.01578549140639728
flywire_783_mb_left_kc512_s702,443,spectral,role_shuffled,2,50,permuted_teacher,11,0.015771108381507085
flywire_783_mb_left_kc512_s702,443,spectral,role_shuffled,2,50,permuted_teacher,12,0.01576041664069964
flywire_783_mb_left_kc512_s702,443,spectral,role_shuffled,2,50,permuted_teacher,13,0.015752412007186144
flywire_783_mb_left_kc512_s702,443,spectral,role_shuffled,2,50,permuted_teacher,14,0.015746168838283725
flywire_783_mb_left_kc512_s702,443,spectral,role_shuffled,2,50,permuted_teacher,15,0.01574127422685794
flywire_783_mb_left_kc512_s702,443,spectral,role_shuffled,2,50,permuted_teacher,16,0.01573722874780373
flywire_783_mb_left_kc512_s702,443,spectral,role_shuffled,2,50,permuted_teacher,17,0.0157337624297892
flywire_783_mb_left_kc512_s702,443,spectral,role_shuffled,2,50,permuted_teacher,18,0.015730809136899476
flywire_783_mb_left_kc512_s702,443,spectral,role_shuffled,2,50,permuted_teacher,19,0.01572835189987175
flywire_783_mb_left_kc512_s702,443,spectral,role_shuffled,2,50,permuted_teacher,20,0.015726211711951366
flywire_783_mb_left_kc512_s702,443,spectral,role_shuffled,2,50,permuted_teacher,21,0.015724363516793047
flywire_783_mb_left_kc512_s702,443,spectral,role_shuffled,2,50,permuted_teacher,22,0.01572274294217969
flywire_783_mb_left_kc512_s702,443,spectral,role_shuffled,2,50,permuted_teacher,23,0.015721297746398206
flywire_783_mb_left_kc512_s702,443,spectral,role_shuffled,2,50,permuted_teacher,24,0.015719983610040143
flywire_783_mb_left_kc512_s702,443,spectral,role_shuffled,2,50,permuted_teacher,25,0.015718811480385578
flywire_783_mb_left_kc512_s702,443,spectral,role_shuffled,2,50,permuted_teacher,26,0.015717697587683595
flywire_783_mb_left_kc512_s702,443,spectral,role_shuffled,2,50,permuted_teacher,27,0.01571672422653494
flywire_783_mb_left_kc512_s702,443,spectral,role_shuffled,2,50,permuted_teacher,28,0.01571586692316589
flywire_783_mb_left_kc512_s702,443,spectral,role_shuffled,2,50,permuted_teacher,29,0.015715099886695685
flywire_783_mb_left_kc512_s702,443,spectral,role_shuffled,2,50,permuted_teacher,30,0.015714378479336547
flywire_783_mb_left_kc512_s702,443,spectral,role_shuffled,2,200,supervised,1,0.01647970960775628
flywire_783_mb_left_kc512_s702,443,spectral,role_shuffled,2,200,supervised,2,0.01589524361793965
flywire_783_mb_left_kc512_s702,443,spectral,role_shuffled,2,200,supervised,3,0.015775616298431393
flywire_783_mb_left_kc512_s702,443,spectral,role_shuffled,2,200,supervised,4,0.015735960940953277
flywire_783_mb_left_kc512_s702,443,spectral,role_shuffled,2,200,supervised,5,0.01571871968090618
flywire_783_mb_left_kc512_s702,443,spectral,role_shuffled,2,200,supervised,6,0.01570967697507467
flywire_783_mb_left_kc512_s702,443,spectral,role_shuffled,2,200,supervised,7,0.015704451630927967
flywire_783_mb_left_kc512_s702,443,spectral,role_shuffled,2,200,supervised,8,0.015701098071916
flywire_783_mb_left_kc512_s702,443,spectral,role_shuffled,2,200,supervised,9,0.01569894224896898
flywire_783_mb_left_kc512_s702,443,spectral,role_shuffled,2,200,supervised,10,0.015697366287967453
flywire_783_mb_left_kc512_s702,443,spectral,role_shuffled,2,200,supervised,11,0.01569620213469921
flywire_783_mb_left_kc512_s702,443,spectral,role_shuffled,2,200,supervised,12,0.015695653151626947
flywire_783_mb_left_kc512_s702,443,spectral,role_shuffled,2,200,supervised,13,0.01569552793541528
flywire_783_mb_left_kc512_s702,443,spectral,role_shuffled,2,200,supervised,14,0.015695596672069653
flywire_783_mb_left_kc512_s702,443,spectral,role_shuffled,2,200,supervised,15,0.015695697129178343
flywire_783_mb_left_kc512_s702,443,spectral,role_shuffled,2,200,supervised,16,0.01569583276712046
flywire_783_mb_left_kc512_s702,443,spectral,role_shuffled,2,200,supervised,17,0.01569586437395343
flywire_783_mb_left_kc512_s702,443,spectral,role_shuffled,2,200,supervised,18,0.01569585570906768
flywire_783_mb_left_kc512_s702,443,spectral,role_shuffled,2,200,supervised,19,0.015695877972888725
flywire_783_mb_left_kc512_s702,443,spectral,role_shuffled,2,200,supervised,20,0.01569595291664646
flywire_783_mb_left_kc512_s702,443,spectral,role_shuffled,2,200,supervised,21,0.015696010469355783
flywire_783_mb_left_kc512_s702,443,spectral,role_shuffled,2,200,supervised,22,0.015696030496279743
flywire_783_mb_left_kc512_s702,443,spectral,role_shuffled,2,200,supervised,23,0.015696008998956394
flywire_783_mb_left_kc512_s702,443,spectral,role_shuffled,2,200,supervised,24,0.015696140189531433
flywire_783_mb_left_kc512_s702,443,spectral,role_shuffled,2,200,supervised,25,0.01569624520947217
flywire_783_mb_left_kc512_s702,443,spectral,role_shuffled,2,200,supervised,26,0.01569631674737267
flywire_783_mb_left_kc512_s702,443,spectral,role_shuffled,2,200,supervised,27,0.015696366001304737
flywire_783_mb_left_kc512_s702,443,spectral,role_shuffled,2,200,supervised,28,0.015696405897968307
flywire_783_mb_left_kc512_s702,443,spectral,role_shuffled,2,200,supervised,29,0.015696430423047098
flywire_783_mb_left_kc512_s702,443,spectral,role_shuffled,2,200,supervised,30,0.015696439157372306
flywire_783_mb_left_kc512_s702,443,spectral,role_shuffled,2,200,permuted_teacher,1,0.016471150306480213
flywire_783_mb_left_kc512_s702,443,spectral,role_shuffled,2,200,permuted_teacher,2,0.015886297437363573
flywire_783_mb_left_kc512_s702,443,spectral,role_shuffled,2,200,permuted_teacher,3,0.015770159765634412
flywire_783_mb_left_kc512_s702,443,spectral,role_shuffled,2,200,permuted_teacher,4,0.01573366496054481
flywire_783_mb_left_kc512_s702,443,spectral,role_shuffled,2,200,permuted_teacher,5,0.015719051806777618
flywire_783_mb_left_kc512_s702,443,spectral,role_shuffled,2,200,permuted_teacher,6,0.015712408341792973
flywire_783_mb_left_kc512_s702,443,spectral,role_shuffled,2,200,permuted_teacher,7,0.01570891096011796
flywire_783_mb_left_kc512_s702,443,spectral,role_shuffled,2,200,permuted_teacher,8,0.015706954566973512
flywire_783_mb_left_kc512_s702,443,spectral,role_shuffled,2,200,permuted_teacher,9,0.015705862444548517
flywire_783_mb_left_kc512_s702,443,spectral,role_shuffled,2,200,permuted_teacher,10,0.01570510779965175
flywire_783_mb_left_kc512_s702,443,spectral,role_shuffled,2,200,permuted_teacher,11,0.015704614892319547
flywire_783_mb_left_kc512_s702,443,spectral,role_shuffled,2,200,permuted_teacher,12,0.01570430129076346
flywire_783_mb_left_kc512_s702,443,spectral,role_shuffled,2,200,permuted_teacher,13,0.01570405661502269
flywire_783_mb_left_kc512_s702,443,spectral,role_shuffled,2,200,permuted_teacher,14,0.015703925879669612
flywire_783_mb_left_kc512_s702,443,spectral,role_shuffled,2,200,permuted_teacher,15,0.01570393875749284
flywire_783_mb_left_kc512_s702,443,spectral,role_shuffled,2,200,permuted_teacher,16,0.015703944586636712
flywire_783_mb_left_kc512_s702,443,spectral,role_shuffled,2,200,permuted_teacher,17,0.015703948341434282
flywire_783_mb_left_kc512_s702,443,spectral,role_shuffled,2,200,permuted_teacher,18,0.01570392457586519
flywire_783_mb_left_kc512_s702,443,spectral,role_shuffled,2,200,permuted_teacher,19,0.015703905606992218
flywire_783_mb_left_kc512_s702,443,spectral,role_shuffled,2,200,permuted_teacher,20,0.01570388272389577
flywire_783_mb_left_kc512_s702,443,spectral,role_shuffled,2,200,permuted_teacher,21,0.015703861222337825
flywire_783_mb_left_kc512_s702,443,spectral,role_shuffled,2,200,permuted_teacher,22,0.015703866998945118
flywire_783_mb_left_kc512_s702,443,spectral,role_shuffled,2,200,permuted_teacher,23,0.015703893160678786
flywire_783_mb_left_kc512_s702,443,spectral,role_shuffled,2,200,permuted_teacher,24,0.015703903353810163
flywire_783_mb_left_kc512_s702,443,spectral,role_shuffled,2,200,permuted_teacher,25,0.015703912136384703
flywire_783_mb_left_kc512_s702,443,spectral,role_shuffled,2,200,permuted_teacher,26,0.015703913407377118
flywire_783_mb_left_kc512_s702,443,spectral,role_shuffled,2,200,permuted_teacher,27,0.015703910545245392
flywire_783_mb_left_kc512_s702,443,spectral,role_shuffled,2,200,permuted_teacher,28,0.015703914920681322
flywire_783_mb_left_kc512_s702,443,spectral,role_shuffled,2,200,permuted_teacher,29,0.015703959264015136
flywire_783_mb_left_kc512_s702,443,spectral,role_shuffled,2,200,permuted_teacher,30,0.01570400408780376
flywire_783_mb_left_kc512_s702,443,spectral,role_random,1,50,supervised,1,0.018634114122162683
flywire_783_mb_left_kc512_s702,443,spectral,role_random,1,50,supervised,2,0.017928224680813055
flywire_783_mb_left_kc512_s702,443,spectral,role_random,1,50,supervised,3,0.0174777830703548
flywire_783_mb_left_kc512_s702,443,spectral,role_random,1,50,supervised,4,0.01719266176287707
flywire_783_mb_left_kc512_s702,443,spectral,role_random,1,50,supervised,5,0.017013798392409317
flywire_783_mb_left_kc512_s702,443,spectral,role_random,1,50,supervised,6,0.01689644996363655
flywire_783_mb_left_kc512_s702,443,spectral,role_random,1,50,supervised,7,0.016811329774398313
flywire_783_mb_left_kc512_s702,443,spectral,role_random,1,50,supervised,8,0.016748305414286607
flywire_783_mb_left_kc512_s702,443,spectral,role_random,1,50,supervised,9,0.0167015675692173
flywire_783_mb_left_kc512_s702,443,spectral,role_random,1,50,supervised,10,0.016667275357900926
flywire_783_mb_left_kc512_s702,443,spectral,role_random,1,50,supervised,11,0.016640530395880287
flywire_783_mb_left_kc512_s702,443,spectral,role_random,1,50,supervised,12,0.016619006767511397
flywire_783_mb_left_kc512_s702,443,spectral,role_random,1,50,supervised,13,0.016601296746069482
flywire_783_mb_left_kc512_s702,443,spectral,role_random,1,50,supervised,14,0.01658669774626179
flywire_783_mb_left_kc512_s702,443,spectral,role_random,1,50,supervised,15,0.016574345591879362
flywire_783_mb_left_kc512_s702,443,spectral,role_random,1,50,supervised,16,0.016563761661646605
flywire_783_mb_left_kc512_s702,443,spectral,role_random,1,50,supervised,17,0.01655486095233231
flywire_783_mb_left_kc512_s702,443,spectral,role_random,1,50,supervised,18,0.016547227592378613
flywire_783_mb_left_kc512_s702,443,spectral,role_random,1,50,supervised,19,0.016540795142460485
flywire_783_mb_left_kc512_s702,443,spectral,role_random,1,50,supervised,20,0.01653528084774355
flywire_783_mb_left_kc512_s702,443,spectral,role_random,1,50,supervised,21,0.016530394322902812
flywire_783_mb_left_kc512_s702,443,spectral,role_random,1,50,supervised,22,0.01652609920109855
flywire_783_mb_left_kc512_s702,443,spectral,role_random,1,50,supervised,23,0.01652236381198051
flywire_783_mb_left_kc512_s702,443,spectral,role_random,1,50,supervised,24,0.01651902717295309
flywire_783_mb_left_kc512_s702,443,spectral,role_random,1,50,supervised,25,0.016516176370124012
flywire_783_mb_left_kc512_s702,443,spectral,role_random,1,50,supervised,26,0.01651363064522004
flywire_783_mb_left_kc512_s702,443,spectral,role_random,1,50,supervised,27,0.0165113233087112
flywire_783_mb_left_kc512_s702,443,spectral,role_random,1,50,supervised,28,0.01650925019603352
flywire_783_mb_left_kc512_s702,443,spectral,role_random,1,50,supervised,29,0.01650736179514756
flywire_783_mb_left_kc512_s702,443,spectral,role_random,1,50,supervised,30,0.016505638469828016
flywire_783_mb_left_kc512_s702,443,spectral,role_random,1,50,permuted_teacher,1,0.01865250790592032
flywire_783_mb_left_kc512_s702,443,spectral,role_random,1,50,permuted_teacher,2,0.017947675987439165
flywire_783_mb_left_kc512_s702,443,spectral,role_random,1,50,permuted_teacher,3,0.017495344315751154
flywire_783_mb_left_kc512_s702,443,spectral,role_random,1,50,permuted_teacher,4,0.017205991751040133
flywire_783_mb_left_kc512_s702,443,spectral,role_random,1,50,permuted_teacher,5,0.01702270167623263
flywire_783_mb_left_kc512_s702,443,spectral,role_random,1,50,permuted_teacher,6,0.016899166295415595
flywire_783_mb_left_kc512_s702,443,spectral,role_random,1,50,permuted_teacher,7,0.016809630670482183
flywire_783_mb_left_kc512_s702,443,spectral,role_random,1,50,permuted_teacher,8,0.01674289580204684
flywire_783_mb_left_kc512_s702,443,spectral,role_random,1,50,permuted_teacher,9,0.016694187170432966
flywire_783_mb_left_kc512_s702,443,spectral,role_random,1,50,permuted_teacher,10,0.016657523447296915
flywire_783_mb_left_kc512_s702,443,spectral,role_random,1,50,permuted_teacher,11,0.016629127391643145
flywire_783_mb_left_kc512_s702,443,spectral,role_random,1,50,permuted_teacher,12,0.016606739542476264
flywire_783_mb_left_kc512_s702,443,spectral,role_random,1,50,permuted_teacher,13,0.016588712829218897
flywire_783_mb_left_kc512_s702,443,spectral,role_random,1,50,permuted_teacher,14,0.016573890781712716
flywire_783_mb_left_kc512_s702,443,spectral,role_random,1,50,permuted_teacher,15,0.0165615212773104
flywire_783_mb_left_kc512_s702,443,spectral,role_random,1,50,permuted_teacher,16,0.01655094913391095
flywire_783_mb_left_kc512_s702,443,spectral,role_random,1,50,permuted_teacher,17,0.016541909317754323
flywire_783_mb_left_kc512_s702,443,spectral,role_random,1,50,permuted_teacher,18,0.016534161828471238
flywire_783_mb_left_kc512_s702,443,spectral,role_random,1,50,permuted_teacher,19,0.016527571039545174
flywire_783_mb_left_kc512_s702,443,spectral,role_random,1,50,permuted_teacher,20,0.016521850017233514
flywire_783_mb_left_kc512_s702,443,spectral,role_random,1,50,permuted_teacher,21,0.016516827665832196
flywire_783_mb_left_kc512_s702,443,spectral,role_random,1,50,permuted_teacher,22,0.016512400308534864
flywire_783_mb_left_kc512_s702,443,spectral,role_random,1,50,permuted_teacher,23,0.016508516491217172
flywire_783_mb_left_kc512_s702,443,spectral,role_random,1,50,permuted_teacher,24,0.016505120465751272
flywire_783_mb_left_kc512_s702,443,spectral,role_random,1,50,permuted_teacher,25,0.016502167037178335
flywire_783_mb_left_kc512_s702,443,spectral,role_random,1,50,permuted_teacher,26,0.01649954137437248
flywire_783_mb_left_kc512_s702,443,spectral,role_random,1,50,permuted_teacher,27,0.01649716069726048
flywire_783_mb_left_kc512_s702,443,spectral,role_random,1,50,permuted_teacher,28,0.016494970237883367
flywire_783_mb_left_kc512_s702,443,spectral,role_random,1,50,permuted_teacher,29,0.016492951517514974
flywire_783_mb_left_kc512_s702,443,spectral,role_random,1,50,permuted_teacher,30,0.016491088528382866
flywire_783_mb_left_kc512_s702,443,spectral,role_random,1,200,supervised,1,0.018097306777121885
flywire_783_mb_left_kc512_s702,443,spectral,role_random,1,200,supervised,2,0.017278024654928035
flywire_783_mb_left_kc512_s702,443,spectral,role_random,1,200,supervised,3,0.017101101912396614
flywire_783_mb_left_kc512_s702,443,spectral,role_random,1,200,supervised,4,0.017036384749082634
flywire_783_mb_left_kc512_s702,443,spectral,role_random,1,200,supervised,5,0.01700458002389682
flywire_783_mb_left_kc512_s702,443,spectral,role_random,1,200,supervised,6,0.01698688234421327
flywire_783_mb_left_kc512_s702,443,spectral,role_random,1,200,supervised,7,0.016976177923108918
flywire_783_mb_left_kc512_s702,443,spectral,role_random,1,200,supervised,8,0.016969271492022424
flywire_783_mb_left_kc512_s702,443,spectral,role_random,1,200,supervised,9,0.016964427713648336
flywire_783_mb_left_kc512_s702,443,spectral,role_random,1,200,supervised,10,0.016960928785551922
flywire_783_mb_left_kc512_s702,443,spectral,role_random,1,200,supervised,11,0.016958414103746506
flywire_783_mb_left_kc512_s702,443,spectral,role_random,1,200,supervised,12,0.016956646155417608
flywire_783_mb_left_kc512_s702,443,spectral,role_random,1,200,supervised,13,0.016955361907995195
flywire_783_mb_left_kc512_s702,443,spectral,role_random,1,200,supervised,14,0.016954339688691276
flywire_783_mb_left_kc512_s702,443,spectral,role_random,1,200,supervised,15,0.016953501579075304
flywire_783_mb_left_kc512_s702,443,spectral,role_random,1,200,supervised,16,0.016952848797402123
flywire_783_mb_left_kc512_s702,443,spectral,role_random,1,200,supervised,17,0.01695231274551854
flywire_783_mb_left_kc512_s702,443,spectral,role_random,1,200,supervised,18,0.01695185984836977
flywire_783_mb_left_kc512_s702,443,spectral,role_random,1,200,supervised,19,0.016951487416694288
flywire_783_mb_left_kc512_s702,443,spectral,role_random,1,200,supervised,20,0.016951202009095143
flywire_783_mb_left_kc512_s702,443,spectral,role_random,1,200,supervised,21,0.016950981076204512
flywire_783_mb_left_kc512_s702,443,spectral,role_random,1,200,supervised,22,0.016950790665334947
flywire_783_mb_left_kc512_s702,443,spectral,role_random,1,200,supervised,23,0.016950629615313163
flywire_783_mb_left_kc512_s702,443,spectral,role_random,1,200,supervised,24,0.01695048645297575
flywire_783_mb_left_kc512_s702,443,spectral,role_random,1,200,supervised,25,0.016950360265913823
flywire_783_mb_left_kc512_s702,443,spectral,role_random,1,200,supervised,26,0.016950250837652694
flywire_783_mb_left_kc512_s702,443,spectral,role_random,1,200,supervised,27,0.016950147991679095
flywire_783_mb_left_kc512_s702,443,spectral,role_random,1,200,supervised,28,0.016950052623908907
flywire_783_mb_left_kc512_s702,443,spectral,role_random,1,200,supervised,29,0.016949964187768927
flywire_783_mb_left_kc512_s702,443,spectral,role_random,1,200,supervised,30,0.01694988215513611
flywire_783_mb_left_kc512_s702,443,spectral,role_random,1,200,permuted_teacher,1,0.018088385119504096
flywire_783_mb_left_kc512_s702,443,spectral,role_random,1,200,permuted_teacher,2,0.017256715255052388
flywire_783_mb_left_kc512_s702,443,spectral,role_random,1,200,permuted_teacher,3,0.01707184790273437
flywire_783_mb_left_kc512_s702,443,spectral,role_random,1,200,permuted_teacher,4,0.017003826706568536
flywire_783_mb_left_kc512_s702,443,spectral,role_random,1,200,permuted_teacher,5,0.016970892409365806
flywire_783_mb_left_kc512_s702,443,spectral,role_random,1,200,permuted_teacher,6,0.016952587747513476
flywire_783_mb_left_kc512_s702,443,spectral,role_random,1,200,permuted_teacher,7,0.016941405388798767
flywire_783_mb_left_kc512_s702,443,spectral,role_random,1,200,permuted_teacher,8,0.01693420395702049
flywire_783_mb_left_kc512_s702,443,spectral,role_random,1,200,permuted_teacher,9,0.016929260633519728
flywire_783_mb_left_kc512_s702,443,spectral,role_random,1,200,permuted_teacher,10,0.016925844936842183
flywire_783_mb_left_kc512_s702,443,spectral,role_random,1,200,permuted_teacher,11,0.016923373347290643
flywire_783_mb_left_kc512_s702,443,spectral,role_random,1,200,permuted_teacher,12,0.016921563600503613
flywire_783_mb_left_kc512_s702,443,spectral,role_random,1,200,permuted_teacher,13,0.016920207751333183
flywire_783_mb_left_kc512_s702,443,spectral,role_random,1,200,permuted_teacher,14,0.016919201610630683
flywire_783_mb_left_kc512_s702,443,spectral,role_random,1,200,permuted_teacher,15,0.016918447561357637
flywire_783_mb_left_kc512_s702,443,spectral,role_random,1,200,permuted_teacher,16,0.016917914627029226
flywire_783_mb_left_kc512_s702,443,spectral,role_random,1,200,permuted_teacher,17,0.016917477509740295
flywire_783_mb_left_kc512_s702,443,spectral,role_random,1,200,permuted_teacher,18,0.01691709924549202
flywire_783_mb_left_kc512_s702,443,spectral,role_random,1,200,permuted_teacher,19,0.016916790024896437
flywire_783_mb_left_kc512_s702,443,spectral,role_random,1,200,permuted_teacher,20,0.016916536877938534
flywire_783_mb_left_kc512_s702,443,spectral,role_random,1,200,permuted_teacher,21,0.016916320043089662
flywire_783_mb_left_kc512_s702,443,spectral,role_random,1,200,permuted_teacher,22,0.016916134683860665
flywire_783_mb_left_kc512_s702,443,spectral,role_random,1,200,permuted_teacher,23,0.016915990736553838
flywire_783_mb_left_kc512_s702,443,spectral,role_random,1,200,permuted_teacher,24,0.016915873857115807
flywire_783_mb_left_kc512_s702,443,spectral,role_random,1,200,permuted_teacher,25,0.016915772790006108
flywire_783_mb_left_kc512_s702,443,spectral,role_random,1,200,permuted_teacher,26,0.01691567861153701
flywire_783_mb_left_kc512_s702,443,spectral,role_random,1,200,permuted_teacher,27,0.016915589049856898
flywire_783_mb_left_kc512_s702,443,spectral,role_random,1,200,permuted_teacher,28,0.016915504211308576
flywire_783_mb_left_kc512_s702,443,spectral,role_random,1,200,permuted_teacher,29,0.016915427738374126
flywire_783_mb_left_kc512_s702,443,spectral,role_random,1,200,permuted_teacher,30,0.016915361718477268
flywire_783_mb_left_kc512_s702,443,spectral,role_random,2,50,supervised,1,0.018804030132571557
flywire_783_mb_left_kc512_s702,443,spectral,role_random,2,50,supervised,2,0.01808109573465136
flywire_783_mb_left_kc512_s702,443,spectral,role_random,2,50,supervised,3,0.0176223091974672
flywire_783_mb_left_kc512_s702,443,spectral,role_random,2,50,supervised,4,0.017333431008043
flywire_783_mb_left_kc512_s702,443,spectral,role_random,2,50,supervised,5,0.01715321201777101
flywire_783_mb_left_kc512_s702,443,spectral,role_random,2,50,supervised,6,0.017033958738463476
flywire_783_mb_left_kc512_s702,443,spectral,role_random,2,50,supervised,7,0.01694697915537789
flywire_783_mb_left_kc512_s702,443,spectral,role_random,2,50,supervised,8,0.016882896341828494
flywire_783_mb_left_kc512_s702,443,spectral,role_random,2,50,supervised,9,0.016835052769605542
flywire_783_mb_left_kc512_s702,443,spectral,role_random,2,50,supervised,10,0.0167988130522892
flywire_783_mb_left_kc512_s702,443,spectral,role_random,2,50,supervised,11,0.016770506164794183
flywire_783_mb_left_kc512_s702,443,spectral,role_random,2,50,supervised,12,0.016747823696380486
flywire_783_mb_left_kc512_s702,443,spectral,role_random,2,50,supervised,13,0.01672929729142429
flywire_783_mb_left_kc512_s702,443,spectral,role_random,2,50,supervised,14,0.01671369469993445
flywire_783_mb_left_kc512_s702,443,spectral,role_random,2,50,supervised,15,0.016700301371511333
flywire_783_mb_left_kc512_s702,443,spectral,role_random,2,50,supervised,16,0.016688817165956667
flywire_783_mb_left_kc512_s702,443,spectral,role_random,2,50,supervised,17,0.01667885319109169
flywire_783_mb_left_kc512_s702,443,spectral,role_random,2,50,supervised,18,0.016670329458273972
flywire_783_mb_left_kc512_s702,443,spectral,role_random,2,50,supervised,19,0.016662920733411208
flywire_783_mb_left_kc512_s702,443,spectral,role_random,2,50,supervised,20,0.016656468808567693
flywire_783_mb_left_kc512_s702,443,spectral,role_random,2,50,supervised,21,0.016650786587776786
flywire_783_mb_left_kc512_s702,443,spectral,role_random,2,50,supervised,22,0.01664579249830627
flywire_783_mb_left_kc512_s702,443,spectral,role_random,2,50,supervised,23,0.01664124804899653
flywire_783_mb_left_kc512_s702,443,spectral,role_random,2,50,supervised,24,0.016637156785496127
flywire_783_mb_left_kc512_s702,443,spectral,role_random,2,50,supervised,25,0.01663353196236096
flywire_783_mb_left_kc512_s702,443,spectral,role_random,2,50,supervised,26,0.01663026612852001
flywire_783_mb_left_kc512_s702,443,spectral,role_random,2,50,supervised,27,0.01662735256015291
flywire_783_mb_left_kc512_s702,443,spectral,role_random,2,50,supervised,28,0.016624785760431575
flywire_783_mb_left_kc512_s702,443,spectral,role_random,2,50,supervised,29,0.016622454844500277
flywire_783_mb_left_kc512_s702,443,spectral,role_random,2,50,supervised,30,0.016620355778741835
flywire_783_mb_left_kc512_s702,443,spectral,role_random,2,50,permuted_teacher,1,0.018836567609633842
flywire_783_mb_left_kc512_s702,443,spectral,role_random,2,50,permuted_teacher,2,0.018114036509428586
flywire_783_mb_left_kc512_s702,443,spectral,role_random,2,50,permuted_teacher,3,0.01765705946041489
flywire_783_mb_left_kc512_s702,443,spectral,role_random,2,50,permuted_teacher,4,0.017369326615628213
flywire_783_mb_left_kc512_s702,443,spectral,role_random,2,50,permuted_teacher,5,0.017188456878983543
flywire_783_mb_left_kc512_s702,443,spectral,role_random,2,50,permuted_teacher,6,0.017067636242606057
flywire_783_mb_left_kc512_s702,443,spectral,role_random,2,50,permuted_teacher,7,0.016980361464808497
flywire_783_mb_left_kc512_s702,443,spectral,role_random,2,50,permuted_teacher,8,0.016915799161943867
flywire_783_mb_left_kc512_s702,443,spectral,role_random,2,50,permuted_teacher,9,0.016867833298067274
flywire_783_mb_left_kc512_s702,443,spectral,role_random,2,50,permuted_teacher,10,0.016831357597130767
flywire_783_mb_left_kc512_s702,443,spectral,role_random,2,50,permuted_teacher,11,0.01680292756198501
flywire_783_mb_left_kc512_s702,443,spectral,role_random,2,50,permuted_teacher,12,0.01677994199431296
flywire_783_mb_left_kc512_s702,443,spectral,role_random,2,50,permuted_teacher,13,0.016761383139517912
flywire_783_mb_left_kc512_s702,443,spectral,role_random,2,50,permuted_teacher,14,0.016746110680546718
flywire_783_mb_left_kc512_s702,443,spectral,role_random,2,50,permuted_teacher,15,0.016733314929958394
flywire_783_mb_left_kc512_s702,443,spectral,role_random,2,50,permuted_teacher,16,0.01672256541789057
flywire_783_mb_left_kc512_s702,443,spectral,role_random,2,50,permuted_teacher,17,0.01671327572435719
flywire_783_mb_left_kc512_s702,443,spectral,role_random,2,50,permuted_teacher,18,0.016705217666685496
flywire_783_mb_left_kc512_s702,443,spectral,role_random,2,50,permuted_teacher,19,0.016698405789119502
flywire_783_mb_left_kc512_s702,443,spectral,role_random,2,50,permuted_teacher,20,0.016692628597357678
flywire_783_mb_left_kc512_s702,443,spectral,role_random,2,50,permuted_teacher,21,0.016687581184586492
flywire_783_mb_left_kc512_s702,443,spectral,role_random,2,50,permuted_teacher,22,0.016683144982126696
flywire_783_mb_left_kc512_s702,443,spectral,role_random,2,50,permuted_teacher,23,0.016679170181339756
flywire_783_mb_left_kc512_s702,443,spectral,role_random,2,50,permuted_teacher,24,0.016675659118876213
flywire_783_mb_left_kc512_s702,443,spectral,role_random,2,50,permuted_teacher,25,0.016672554298943376
flywire_783_mb_left_kc512_s702,443,spectral,role_random,2,50,permuted_teacher,26,0.016669795973209563
flywire_783_mb_left_kc512_s702,443,spectral,role_random,2,50,permuted_teacher,27,0.01666734628208564
flywire_783_mb_left_kc512_s702,443,spectral,role_random,2,50,permuted_teacher,28,0.016665112494459074
flywire_783_mb_left_kc512_s702,443,spectral,role_random,2,50,permuted_teacher,29,0.01666306270262284
flywire_783_mb_left_kc512_s702,443,spectral,role_random,2,50,permuted_teacher,30,0.016661218575937737
flywire_783_mb_left_kc512_s702,443,spectral,role_random,2,200,supervised,1,0.018161782876663778
flywire_783_mb_left_kc512_s702,443,spectral,role_random,2,200,supervised,2,0.01732883449258596
flywire_783_mb_left_kc512_s702,443,spectral,role_random,2,200,supervised,3,0.01714045946843479
flywire_783_mb_left_kc512_s702,443,spectral,role_random,2,200,supervised,4,0.01706998509947432
flywire_783_mb_left_kc512_s702,443,spectral,role_random,2,200,supervised,5,0.01703516431808812
flywire_783_mb_left_kc512_s702,443,spectral,role_random,2,200,supervised,6,0.017015554150933438
flywire_783_mb_left_kc512_s702,443,spectral,role_random,2,200,supervised,7,0.017003654116396316
flywire_783_mb_left_kc512_s702,443,spectral,role_random,2,200,supervised,8,0.016996031187551525
flywire_783_mb_left_kc512_s702,443,spectral,role_random,2,200,supervised,9,0.016990950484644503
flywire_783_mb_left_kc512_s702,443,spectral,role_random,2,200,supervised,10,0.016987492930573205
flywire_783_mb_left_kc512_s702,443,spectral,role_random,2,200,supervised,11,0.016984906976726714
flywire_783_mb_left_kc512_s702,443,spectral,role_random,2,200,supervised,12,0.016982914239987754
flywire_783_mb_left_kc512_s702,443,spectral,role_random,2,200,supervised,13,0.01698132844074066
flywire_783_mb_left_kc512_s702,443,spectral,role_random,2,200,supervised,14,0.0169800500320557
flywire_783_mb_left_kc512_s702,443,spectral,role_random,2,200,supervised,15,0.016979081456768387
flywire_783_mb_left_kc512_s702,443,spectral,role_random,2,200,supervised,16,0.016978288682650586
flywire_783_mb_left_kc512_s702,443,spectral,role_random,2,200,supervised,17,0.016977643531592385
flywire_783_mb_left_kc512_s702,443,spectral,role_random,2,200,supervised,18,0.016977103021636127
flywire_783_mb_left_kc512_s702,443,spectral,role_random,2,200,supervised,19,0.016976628951225058
flywire_783_mb_left_kc512_s702,443,spectral,role_random,2,200,supervised,20,0.01697620167544952
flywire_783_mb_left_kc512_s702,443,spectral,role_random,2,200,supervised,21,0.016975825887446665
flywire_783_mb_left_kc512_s702,443,spectral,role_random,2,200,supervised,22,0.016975491075368873
flywire_783_mb_left_kc512_s702,443,spectral,role_random,2,200,supervised,23,0.01697518867573752
flywire_783_mb_left_kc512_s702,443,spectral,role_random,2,200,supervised,24,0.016974913768473484
flywire_783_mb_left_kc512_s702,443,spectral,role_random,2,200,supervised,25,0.016974682362493554
flywire_783_mb_left_kc512_s702,443,spectral,role_random,2,200,supervised,26,0.01697449909292312
flywire_783_mb_left_kc512_s702,443,spectral,role_random,2,200,supervised,27,0.01697433564693982
flywire_783_mb_left_kc512_s702,443,spectral,role_random,2,200,supervised,28,0.016974185946358043
flywire_783_mb_left_kc512_s702,443,spectral,role_random,2,200,supervised,29,0.016974050315917373
flywire_783_mb_left_kc512_s702,443,spectral,role_random,2,200,supervised,30,0.01697392283114411
flywire_783_mb_left_kc512_s702,443,spectral,role_random,2,200,permuted_teacher,1,0.018108351704732795
flywire_783_mb_left_kc512_s702,443,spectral,role_random,2,200,permuted_teacher,2,0.017263855936468203
flywire_783_mb_left_kc512_s702,443,spectral,role_random,2,200,permuted_teacher,3,0.017073731807924226
flywire_783_mb_left_kc512_s702,443,spectral,role_random,2,200,permuted_teacher,4,0.017005189042693186
flywire_783_mb_left_kc512_s702,443,spectral,role_random,2,200,permuted_teacher,5,0.0169731387145302
flywire_783_mb_left_kc512_s702,443,spectral,role_random,2,200,permuted_teacher,6,0.016955741275990272
flywire_783_mb_left_kc512_s702,443,spectral,role_random,2,200,permuted_teacher,7,0.01694543993187827
flywire_783_mb_left_kc512_s702,443,spectral,role_random,2,200,permuted_teacher,8,0.016938922362533904
flywire_783_mb_left_kc512_s702,443,spectral,role_random,2,200,permuted_teacher,9,0.016934473152099082
flywire_783_mb_left_kc512_s702,443,spectral,role_random,2,200,permuted_teacher,10,0.01693140749326829
flywire_783_mb_left_kc512_s702,443,spectral,role_random,2,200,permuted_teacher,11,0.016929203565658486
flywire_783_mb_left_kc512_s702,443,spectral,role_random,2,200,permuted_teacher,12,0.016927542569956856
flywire_783_mb_left_kc512_s702,443,spectral,role_random,2,200,permuted_teacher,13,0.016926204399815962
flywire_783_mb_left_kc512_s702,443,spectral,role_random,2,200,permuted_teacher,14,0.016925144103855417
flywire_783_mb_left_kc512_s702,443,spectral,role_random,2,200,permuted_teacher,15,0.016924319283112648
flywire_783_mb_left_kc512_s702,443,spectral,role_random,2,200,permuted_teacher,16,0.016923727026839173
flywire_783_mb_left_kc512_s702,443,spectral,role_random,2,200,permuted_teacher,17,0.01692324222453904
flywire_783_mb_left_kc512_s702,443,spectral,role_random,2,200,permuted_teacher,18,0.0169228847813666
flywire_783_mb_left_kc512_s702,443,spectral,role_random,2,200,permuted_teacher,19,0.01692257445379962
flywire_783_mb_left_kc512_s702,443,spectral,role_random,2,200,permuted_teacher,20,0.016922262712548264
flywire_783_mb_left_kc512_s702,443,spectral,role_random,2,200,permuted_teacher,21,0.016921974778885747
flywire_783_mb_left_kc512_s702,443,spectral,role_random,2,200,permuted_teacher,22,0.01692173180566045
flywire_783_mb_left_kc512_s702,443,spectral,role_random,2,200,permuted_teacher,23,0.016921514704719795
flywire_783_mb_left_kc512_s702,443,spectral,role_random,2,200,permuted_teacher,24,0.01692132502215004
flywire_783_mb_left_kc512_s702,443,spectral,role_random,2,200,permuted_teacher,25,0.016921160567685993
flywire_783_mb_left_kc512_s702,443,spectral,role_random,2,200,permuted_teacher,26,0.0169210135423995
flywire_783_mb_left_kc512_s702,443,spectral,role_random,2,200,permuted_teacher,27,0.016920879757901682
flywire_783_mb_left_kc512_s702,443,spectral,role_random,2,200,permuted_teacher,28,0.016920761217136582
flywire_783_mb_left_kc512_s702,443,spectral,role_random,2,200,permuted_teacher,29,0.01692065254043519
flywire_783_mb_left_kc512_s702,443,spectral,role_random,2,200,permuted_teacher,30,0.016920552479161702
flywire_783_mb_left_kc512_s702,443,incoming_l1,fly,1,50,supervised,1,0.014252140471388137
flywire_783_mb_left_kc512_s702,443,incoming_l1,fly,1,50,supervised,2,0.013965553418653544
flywire_783_mb_left_kc512_s702,443,incoming_l1,fly,1,50,supervised,3,0.01375420521855299
flywire_783_mb_left_kc512_s702,443,incoming_l1,fly,1,50,supervised,4,0.013592380756840609
flywire_783_mb_left_kc512_s702,443,incoming_l1,fly,1,50,supervised,5,0.01346541579569068
flywire_783_mb_left_kc512_s702,443,incoming_l1,fly,1,50,supervised,6,0.013365770900420414
flywire_783_mb_left_kc512_s702,443,incoming_l1,fly,1,50,supervised,7,0.013289170537717115
flywire_783_mb_left_kc512_s702,443,incoming_l1,fly,1,50,supervised,8,0.013231530016330963
flywire_783_mb_left_kc512_s702,443,incoming_l1,fly,1,50,supervised,9,0.013187042196102776
flywire_783_mb_left_kc512_s702,443,incoming_l1,fly,1,50,supervised,10,0.01315329509204284
flywire_783_mb_left_kc512_s702,443,incoming_l1,fly,1,50,supervised,11,0.01312734792828367
flywire_783_mb_left_kc512_s702,443,incoming_l1,fly,1,50,supervised,12,0.01310763076536482
flywire_783_mb_left_kc512_s702,443,incoming_l1,fly,1,50,supervised,13,0.01309237863862594
flywire_783_mb_left_kc512_s702,443,incoming_l1,fly,1,50,supervised,14,0.013080931165304763
flywire_783_mb_left_kc512_s702,443,incoming_l1,fly,1,50,supervised,15,0.01307163272684042
flywire_783_mb_left_kc512_s702,443,incoming_l1,fly,1,50,supervised,16,0.013063978423306356
flywire_783_mb_left_kc512_s702,443,incoming_l1,fly,1,50,supervised,17,0.013057292796918737
flywire_783_mb_left_kc512_s702,443,incoming_l1,fly,1,50,supervised,18,0.013051549140857242
flywire_783_mb_left_kc512_s702,443,incoming_l1,fly,1,50,supervised,19,0.013046596364732283
flywire_783_mb_left_kc512_s702,443,incoming_l1,fly,1,50,supervised,20,0.013042180655841182
flywire_783_mb_left_kc512_s702,443,incoming_l1,fly,1,50,supervised,21,0.013038505097954078
flywire_783_mb_left_kc512_s702,443,incoming_l1,fly,1,50,supervised,22,0.013035470230342835
flywire_783_mb_left_kc512_s702,443,incoming_l1,fly,1,50,supervised,23,0.013032851188714013
flywire_783_mb_left_kc512_s702,443,incoming_l1,fly,1,50,supervised,24,0.013030545096760347
flywire_783_mb_left_kc512_s702,443,incoming_l1,fly,1,50,supervised,25,0.013028484460903662
flywire_783_mb_left_kc512_s702,443,incoming_l1,fly,1,50,supervised,26,0.013026565911028814
flywire_783_mb_left_kc512_s702,443,incoming_l1,fly,1,50,supervised,27,0.013024824366760458
flywire_783_mb_left_kc512_s702,443,incoming_l1,fly,1,50,supervised,28,0.013023189605347088
flywire_783_mb_left_kc512_s702,443,incoming_l1,fly,1,50,supervised,29,0.01302164709137959
flywire_783_mb_left_kc512_s702,443,incoming_l1,fly,1,50,supervised,30,0.013020218836860924
flywire_783_mb_left_kc512_s702,443,incoming_l1,fly,1,50,permuted_teacher,1,0.014211101231630852
flywire_783_mb_left_kc512_s702,443,incoming_l1,fly,1,50,permuted_teacher,2,0.013923615412393614
flywire_783_mb_left_kc512_s702,443,incoming_l1,fly,1,50,permuted_teacher,3,0.013712275500284194
flywire_783_mb_left_kc512_s702,443,incoming_l1,fly,1,50,permuted_teacher,4,0.013550800295630064
flywire_783_mb_left_kc512_s702,443,incoming_l1,fly,1,50,permuted_teacher,5,0.01342459677439532
flywire_783_mb_left_kc512_s702,443,incoming_l1,fly,1,50,permuted_teacher,6,0.013327560215963197
flywire_783_mb_left_kc512_s702,443,incoming_l1,fly,1,50,permuted_teacher,7,0.013252537656716485
flywire_783_mb_left_kc512_s702,443,incoming_l1,fly,1,50,permuted_teacher,8,0.013194347638828069
flywire_783_mb_left_kc512_s702,443,incoming_l1,fly,1,50,permuted_teacher,9,0.013149064893667423
flywire_783_mb_left_kc512_s702,443,incoming_l1,fly,1,50,permuted_teacher,10,0.013114885545856941
flywire_783_mb_left_kc512_s702,443,incoming_l1,fly,1,50,permuted_teacher,11,0.013089609595197456
flywire_783_mb_left_kc512_s702,443,incoming_l1,fly,1,50,permuted_teacher,12,0.013069925029549548
flywire_783_mb_left_kc512_s702,443,incoming_l1,fly,1,50,permuted_teacher,13,0.013054209450356796
flywire_783_mb_left_kc512_s702,443,incoming_l1,fly,1,50,permuted_teacher,14,0.013041351081912941
flywire_783_mb_left_kc512_s702,443,incoming_l1,fly,1,50,permuted_teacher,15,0.013030597147545847
flywire_783_mb_left_kc512_s702,443,incoming_l1,fly,1,50,permuted_teacher,16,0.013021436470557137
flywire_783_mb_left_kc512_s702,443,incoming_l1,fly,1,50,permuted_teacher,17,0.013013784716142023
flywire_783_mb_left_kc512_s702,443,incoming_l1,fly,1,50,permuted_teacher,18,0.013007008023057267
flywire_783_mb_left_kc512_s702,443,incoming_l1,fly,1,50,permuted_teacher,19,0.01300111685557743
flywire_783_mb_left_kc512_s702,443,incoming_l1,fly,1,50,permuted_teacher,20,0.012995922677469924
flywire_783_mb_left_kc512_s702,443,incoming_l1,fly,1,50,permuted_teacher,21,0.012991420045403606
flywire_783_mb_left_kc512_s702,443,incoming_l1,fly,1,50,permuted_teacher,22,0.012987686936740638
flywire_783_mb_left_kc512_s702,443,incoming_l1,fly,1,50,permuted_teacher,23,0.012984417477057926
flywire_783_mb_left_kc512_s702,443,incoming_l1,fly,1,50,permuted_teacher,24,0.012981444223381716
flywire_783_mb_left_kc512_s702,443,incoming_l1,fly,1,50,permuted_teacher,25,0.01297868009190353
flywire_783_mb_left_kc512_s702,443,incoming_l1,fly,1,50,permuted_teacher,26,0.01297618730292629
flywire_783_mb_left_kc512_s702,443,incoming_l1,fly,1,50,permuted_teacher,27,0.012973919078930283
flywire_783_mb_left_kc512_s702,443,incoming_l1,fly,1,50,permuted_teacher,28,0.012971798145835736
flywire_783_mb_left_kc512_s702,443,incoming_l1,fly,1,50,permuted_teacher,29,0.012969800269594593
flywire_783_mb_left_kc512_s702,443,incoming_l1,fly,1,50,permuted_teacher,30,0.012967912888297682
flywire_783_mb_left_kc512_s702,443,incoming_l1,fly,1,200,supervised,1,0.013823200773694033
flywire_783_mb_left_kc512_s702,443,incoming_l1,fly,1,200,supervised,2,0.013303412366788185
flywire_783_mb_left_kc512_s702,443,incoming_l1,fly,1,200,supervised,3,0.01314329551557202
flywire_783_mb_left_kc512_s702,443,incoming_l1,fly,1,200,supervised,4,0.013075952100134113
flywire_783_mb_left_kc512_s702,443,incoming_l1,fly,1,200,supervised,5,0.0130422746377064
flywire_783_mb_left_kc512_s702,443,incoming_l1,fly,1,200,supervised,6,0.013021810038070236
flywire_783_mb_left_kc512_s702,443,incoming_l1,fly,1,200,supervised,7,0.013007919174654792
flywire_783_mb_left_kc512_s702,443,incoming_l1,fly,1,200,supervised,8,0.012997685721312463
flywire_783_mb_left_kc512_s702,443,incoming_l1,fly,1,200,supervised,9,0.012990001155693988
flywire_783_mb_left_kc512_s702,443,incoming_l1,fly,1,200,supervised,10,0.012984360330128527
flywire_783_mb_left_kc512_s702,443,incoming_l1,fly,1,200,supervised,11,0.012980364489125278
flywire_783_mb_left_kc512_s702,443,incoming_l1,fly,1,200,supervised,12,0.012978792297063743
flywire_783_mb_left_kc512_s702,443,incoming_l1,fly,1,200,supervised,13,0.012977832379704584
flywire_783_mb_left_kc512_s702,443,incoming_l1,fly,1,200,supervised,14,0.012977181094564348
flywire_783_mb_left_kc512_s702,443,incoming_l1,fly,1,200,supervised,15,0.01297666004046308
flywire_783_mb_left_kc512_s702,443,incoming_l1,fly,1,200,supervised,16,0.012976214335135853
flywire_783_mb_left_kc512_s702,443,incoming_l1,fly,1,200,supervised,17,0.012975812012444072
flywire_783_mb_left_kc512_s702,443,incoming_l1,fly,1,200,supervised,18,0.012975504225731184
flywire_783_mb_left_kc512_s702,443,incoming_l1,fly,1,200,supervised,19,0.012975272325632324
flywire_783_mb_left_kc512_s702,443,incoming_l1,fly,1,200,supervised,20,0.012975079769042358
flywire_783_mb_left_kc512_s702,443,incoming_l1,fly,1,200,supervised,21,0.012974887860487935
flywire_783_mb_left_kc512_s702,443,incoming_l1,fly,1,200,supervised,22,0.012974698805146831
flywire_783_mb_left_kc512_s702,443,incoming_l1,fly,1,200,supervised,23,0.012974518285514023
flywire_783_mb_left_kc512_s702,443,incoming_l1,fly,1,200,supervised,24,0.012974351865843938
flywire_783_mb_left_kc512_s702,443,incoming_l1,fly,1,200,supervised,25,0.012974209435992819
flywire_783_mb_left_kc512_s702,443,incoming_l1,fly,1,200,supervised,26,0.012974070757036939
flywire_783_mb_left_kc512_s702,443,incoming_l1,fly,1,200,supervised,27,0.012973934682166968
flywire_783_mb_left_kc512_s702,443,incoming_l1,fly,1,200,supervised,28,0.012973803068695314
flywire_783_mb_left_kc512_s702,443,incoming_l1,fly,1,200,supervised,29,0.012973677519291205
flywire_783_mb_left_kc512_s702,443,incoming_l1,fly,1,200,supervised,30,0.012973580689346967
flywire_783_mb_left_kc512_s702,443,incoming_l1,fly,1,200,permuted_teacher,1,0.013796083297016723
flywire_783_mb_left_kc512_s702,443,incoming_l1,fly,1,200,permuted_teacher,2,0.013278446014856156
flywire_783_mb_left_kc512_s702,443,incoming_l1,fly,1,200,permuted_teacher,3,0.013121868017872488
flywire_783_mb_left_kc512_s702,443,incoming_l1,fly,1,200,permuted_teacher,4,0.013057342333755547
flywire_783_mb_left_kc512_s702,443,incoming_l1,fly,1,200,permuted_teacher,5,0.013025701208036438
flywire_783_mb_left_kc512_s702,443,incoming_l1,fly,1,200,permuted_teacher,6,0.013006511338258588
flywire_783_mb_left_kc512_s702,443,incoming_l1,fly,1,200,permuted_teacher,7,0.012992544858307005
flywire_783_mb_left_kc512_s702,443,incoming_l1,fly,1,200,permuted_teacher,8,0.012982020705573858
flywire_783_mb_left_kc512_s702,443,incoming_l1,fly,1,200,permuted_teacher,9,0.012973958631161134
flywire_783_mb_left_kc512_s702,443,incoming_l1,fly,1,200,permuted_teacher,10,0.012967591563531201
flywire_783_mb_left_kc512_s702,443,incoming_l1,fly,1,200,permuted_teacher,11,0.012962732182286545
flywire_783_mb_left_kc512_s702,443,incoming_l1,fly,1,200,permuted_teacher,12,0.012959117256440602
flywire_783_mb_left_kc512_s702,443,incoming_l1,fly,1,200,permuted_teacher,13,0.012957014982360432
flywire_783_mb_left_kc512_s702,443,incoming_l1,fly,1,200,permuted_teacher,14,0.012955555008058705
flywire_783_mb_left_kc512_s702,443,incoming_l1,fly,1,200,permuted_teacher,15,0.012954465036015935
flywire_783_mb_left_kc512_s702,443,incoming_l1,fly,1,200,permuted_teacher,16,0.012953621538197329
flywire_783_mb_left_kc512_s702,443,incoming_l1,fly,1,200,permuted_teacher,17,0.012952972002101808
flywire_783_mb_left_kc512_s702,443,incoming_l1,fly,1,200,permuted_teacher,18,0.012952434200521558
flywire_783_mb_left_kc512_s702,443,incoming_l1,fly,1,200,permuted_teacher,19,0.012951991364481948
flywire_783_mb_left_kc512_s702,443,incoming_l1,fly,1,200,permuted_teacher,20,0.012951689850078623
flywire_783_mb_left_kc512_s702,443,incoming_l1,fly,1,200,permuted_teacher,21,0.012951455497139898
flywire_783_mb_left_kc512_s702,443,incoming_l1,fly,1,200,permuted_teacher,22,0.012951229151181999
flywire_783_mb_left_kc512_s702,443,incoming_l1,fly,1,200,permuted_teacher,23,0.01295106231112318
flywire_783_mb_left_kc512_s702,443,incoming_l1,fly,1,200,permuted_teacher,24,0.012950953053816834
flywire_783_mb_left_kc512_s702,443,incoming_l1,fly,1,200,permuted_teacher,25,0.01295085281498544
flywire_783_mb_left_kc512_s702,443,incoming_l1,fly,1,200,permuted_teacher,26,0.012950759735263995
flywire_783_mb_left_kc512_s702,443,incoming_l1,fly,1,200,permuted_teacher,27,0.012950672733048419
flywire_783_mb_left_kc512_s702,443,incoming_l1,fly,1,200,permuted_teacher,28,0.012950590836940834
flywire_783_mb_left_kc512_s702,443,incoming_l1,fly,1,200,permuted_teacher,29,0.012950512700681363
flywire_783_mb_left_kc512_s702,443,incoming_l1,fly,1,200,permuted_teacher,30,0.012950438633354683
flywire_783_mb_left_kc512_s702,443,incoming_l1,fly,2,50,supervised,1,0.01421645431815673
flywire_783_mb_left_kc512_s702,443,incoming_l1,fly,2,50,supervised,2,0.013926098723928691
flywire_783_mb_left_kc512_s702,443,incoming_l1,fly,2,50,supervised,3,0.01371130512347307
flywire_783_mb_left_kc512_s702,443,incoming_l1,fly,2,50,supervised,4,0.013546520272427906
flywire_783_mb_left_kc512_s702,443,incoming_l1,fly,2,50,supervised,5,0.01341732410055863
flywire_783_mb_left_kc512_s702,443,incoming_l1,fly,2,50,supervised,6,0.013315740007038411
flywire_783_mb_left_kc512_s702,443,incoming_l1,fly,2,50,supervised,7,0.013235783187531549
flywire_783_mb_left_kc512_s702,443,incoming_l1,fly,2,50,supervised,8,0.013173790349752338
flywire_783_mb_left_kc512_s702,443,incoming_l1,fly,2,50,supervised,9,0.013125099878803961
flywire_783_mb_left_kc512_s702,443,incoming_l1,fly,2,50,supervised,10,0.013088140069032759
flywire_783_mb_left_kc512_s702,443,incoming_l1,fly,2,50,supervised,11,0.013061273319882796
flywire_783_mb_left_kc512_s702,443,incoming_l1,fly,2,50,supervised,12,0.01304025284850779
flywire_783_mb_left_kc512_s702,443,incoming_l1,fly,2,50,supervised,13,0.013023666778209845
flywire_783_mb_left_kc512_s702,443,incoming_l1,fly,2,50,supervised,14,0.013010807187840015
flywire_783_mb_left_kc512_s702,443,incoming_l1,fly,2,50,supervised,15,0.013000032370029196
flywire_783_mb_left_kc512_s702,443,incoming_l1,fly,2,50,supervised,16,0.012990930230940067
flywire_783_mb_left_kc512_s702,443,incoming_l1,fly,2,50,supervised,17,0.012983047994081967
flywire_783_mb_left_kc512_s702,443,incoming_l1,fly,2,50,supervised,18,0.012976250212301319
flywire_783_mb_left_kc512_s702,443,incoming_l1,fly,2,50,supervised,19,0.012970303642003097
flywire_783_mb_left_kc512_s702,443,incoming_l1,fly,2,50,supervised,20,0.012965164079821002
flywire_783_mb_left_kc512_s702,443,incoming_l1,fly,2,50,supervised,21,0.012960941075211865
flywire_783_mb_left_kc512_s702,443,incoming_l1,fly,2,50,supervised,22,0.012957299168872108
flywire_783_mb_left_kc512_s702,443,incoming_l1,fly,2,50,supervised,23,0.012954025040653969
flywire_783_mb_left_kc512_s702,443,incoming_l1,fly,2,50,supervised,24,0.012951166366438987
flywire_783_mb_left_kc512_s702,443,incoming_l1,fly,2,50,supervised,25,0.012948567214349102
flywire_783_mb_left_kc512_s702,443,incoming_l1,fly,2,50,supervised,26,0.012946208313079346
flywire_783_mb_left_kc512_s702,443,incoming_l1,fly,2,50,supervised,27,0.01294401301867296
flywire_783_mb_left_kc512_s702,443,incoming_l1,fly,2,50,supervised,28,0.012941990968916552
flywire_783_mb_left_kc512_s702,443,incoming_l1,fly,2,50,supervised,29,0.012940116745226594
flywire_783_mb_left_kc512_s702,443,incoming_l1,fly,2,50,supervised,30,0.012938379747033995
flywire_783_mb_left_kc512_s702,443,incoming_l1,fly,2,50,permuted_teacher,1,0.014197772596982707
flywire_783_mb_left_kc512_s702,443,incoming_l1,fly,2,50,permuted_teacher,2,0.013910282733862427
flywire_783_mb_left_kc512_s702,443,incoming_l1,fly,2,50,permuted_teacher,3,0.013698477877189644
flywire_783_mb_left_kc512_s702,443,incoming_l1,fly,2,50,permuted_teacher,4,0.013536659473950646
flywire_783_mb_left_kc512_s702,443,incoming_l1,fly,2,50,permuted_teacher,5,0.013410005295431458
flywire_783_mb_left_kc512_s702,443,incoming_l1,fly,2,50,permuted_teacher,6,0.013311279931043021
flywire_783_mb_left_kc512_s702,443,incoming_l1,fly,2,50,permuted_teacher,7,0.01323554807817935
flywire_783_mb_left_kc512_s702,443,incoming_l1,fly,2,50,permuted_teacher,8,0.013177511844643898
flywire_783_mb_left_kc512_s702,443,incoming_l1,fly,2,50,permuted_teacher,9,0.01313407904505397
flywire_783_mb_left_kc512_s702,443,incoming_l1,fly,2,50,permuted_teacher,10,0.013101501581853782
flywire_783_mb_left_kc512_s702,443,incoming_l1,fly,2,50,permuted_teacher,11,0.01307569773974818
flywire_783_mb_left_kc512_s702,443,incoming_l1,fly,2,50,permuted_teacher,12,0.013054367490067166
flywire_783_mb_left_kc512_s702,443,incoming_l1,fly,2,50,permuted_teacher,13,0.013036350336039724
flywire_783_mb_left_kc512_s702,443,incoming_l1,fly,2,50,permuted_teacher,14,0.013021492164427367
flywire_783_mb_left_kc512_s702,443,incoming_l1,fly,2,50,permuted_teacher,15,0.013009207585276853
flywire_783_mb_left_kc512_s702,443,incoming_l1,fly,2,50,permuted_teacher,16,0.012998575310766826
flywire_783_mb_left_kc512_s702,443,incoming_l1,fly,2,50,permuted_teacher,17,0.012989452504165716
flywire_783_mb_left_kc512_s702,443,incoming_l1,fly,2,50,permuted_teacher,18,0.012981717483465957
flywire_783_mb_left_kc512_s702,443,incoming_l1,fly,2,50,permuted_teacher,19,0.01297552492399842
flywire_783_mb_left_kc512_s702,443,incoming_l1,fly,2,50,permuted_teacher,20,0.01297007885967246
flywire_783_mb_left_kc512_s702,443,incoming_l1,fly,2,50,permuted_teacher,21,0.012965071805161868
flywire_783_mb_left_kc512_s702,443,incoming_l1,fly,2,50,permuted_teacher,22,0.012960649015233918
flywire_783_mb_left_kc512_s702,443,incoming_l1,fly,2,50,permuted_teacher,23,0.012956779538265496
flywire_783_mb_left_kc512_s702,443,incoming_l1,fly,2,50,permuted_teacher,24,0.012953187955142621
flywire_783_mb_left_kc512_s702,443,incoming_l1,fly,2,50,permuted_teacher,25,0.01294986746641765
flywire_783_mb_left_kc512_s702,443,incoming_l1,fly,2,50,permuted_teacher,26,0.012946869439919927
flywire_783_mb_left_kc512_s702,443,incoming_l1,fly,2,50,permuted_teacher,27,0.01294412075821325
flywire_783_mb_left_kc512_s702,443,incoming_l1,fly,2,50,permuted_teacher,28,0.012941525722228248
flywire_783_mb_left_kc512_s702,443,incoming_l1,fly,2,50,permuted_teacher,29,0.012939168233854654
flywire_783_mb_left_kc512_s702,443,incoming_l1,fly,2,50,permuted_teacher,30,0.012937103261939597
flywire_783_mb_left_kc512_s702,443,incoming_l1,fly,2,200,supervised,1,0.013812522587518961
flywire_783_mb_left_kc512_s702,443,incoming_l1,fly,2,200,supervised,2,0.013287529777915306
flywire_783_mb_left_kc512_s702,443,incoming_l1,fly,2,200,supervised,3,0.013124681324542134
flywire_783_mb_left_kc512_s702,443,incoming_l1,fly,2,200,supervised,4,0.013057064427226782
flywire_783_mb_left_kc512_s702,443,incoming_l1,fly,2,200,supervised,5,0.013022158788565726
flywire_783_mb_left_kc512_s702,443,incoming_l1,fly,2,200,supervised,6,0.013000913274103347
flywire_783_mb_left_kc512_s702,443,incoming_l1,fly,2,200,supervised,7,0.012986433294810605
flywire_783_mb_left_kc512_s702,443,incoming_l1,fly,2,200,supervised,8,0.012975924634022253
flywire_783_mb_left_kc512_s702,443,incoming_l1,fly,2,200,supervised,9,0.0129681208241906
flywire_783_mb_left_kc512_s702,443,incoming_l1,fly,2,200,supervised,10,0.012962296142009902
flywire_783_mb_left_kc512_s702,443,incoming_l1,fly,2,200,supervised,11,0.012957774114392974
flywire_783_mb_left_kc512_s702,443,incoming_l1,fly,2,200,supervised,12,0.01295521318344997
flywire_783_mb_left_kc512_s702,443,incoming_l1,fly,2,200,supervised,13,0.012953350840783378
flywire_783_mb_left_kc512_s702,443,incoming_l1,fly,2,200,supervised,14,0.012951837886018867
flywire_783_mb_left_kc512_s702,443,incoming_l1,fly,2,200,supervised,15,0.012950726027402683
flywire_783_mb_left_kc512_s702,443,incoming_l1,fly,2,200,supervised,16,0.01294990825370446
flywire_783_mb_left_kc512_s702,443,incoming_l1,fly,2,200,supervised,17,0.012949325409865564
flywire_783_mb_left_kc512_s702,443,incoming_l1,fly,2,200,supervised,18,0.012948829728873878
flywire_783_mb_left_kc512_s702,443,incoming_l1,fly,2,200,supervised,19,0.012948415085909205
flywire_783_mb_left_kc512_s702,443,incoming_l1,fly,2,200,supervised,20,0.012948075464799804
flywire_783_mb_left_kc512_s702,443,incoming_l1,fly,2,200,supervised,21,0.012947816606054787
flywire_783_mb_left_kc512_s702,443,incoming_l1,fly,2,200,supervised,22,0.012947594333937575
flywire_783_mb_left_kc512_s702,443,incoming_l1,fly,2,200,supervised,23,0.012947394561715446
flywire_783_mb_left_kc512_s702,443,incoming_l1,fly,2,200,supervised,24,0.012947227075785201
flywire_783_mb_left_kc512_s702,443,incoming_l1,fly,2,200,supervised,25,0.012947075860925963
flywire_783_mb_left_kc512_s702,443,incoming_l1,fly,2,200,supervised,26,0.012946942621704436
flywire_783_mb_left_kc512_s702,443,incoming_l1,fly,2,200,supervised,27,0.012946832150856505
flywire_783_mb_left_kc512_s702,443,incoming_l1,fly,2,200,supervised,28,0.012946750688462022
flywire_783_mb_left_kc512_s702,443,incoming_l1,fly,2,200,supervised,29,0.012946678253163193
flywire_783_mb_left_kc512_s702,443,incoming_l1,fly,2,200,supervised,30,0.012946609964450491
flywire_783_mb_left_kc512_s702,443,incoming_l1,fly,2,200,permuted_teacher,1,0.013784175578755574
flywire_783_mb_left_kc512_s702,443,incoming_l1,fly,2,200,permuted_teacher,2,0.013262424101098893
flywire_783_mb_left_kc512_s702,443,incoming_l1,fly,2,200,permuted_teacher,3,0.013103263232704991
flywire_783_mb_left_kc512_s702,443,incoming_l1,fly,2,200,permuted_teacher,4,0.013039463635167108
flywire_783_mb_left_kc512_s702,443,incoming_l1,fly,2,200,permuted_teacher,5,0.013007599664134513
flywire_783_mb_left_kc512_s702,443,incoming_l1,fly,2,200,permuted_teacher,6,0.012988673174020807
flywire_783_mb_left_kc512_s702,443,incoming_l1,fly,2,200,permuted_teacher,7,0.01297582736639459
flywire_783_mb_left_kc512_s702,443,incoming_l1,fly,2,200,permuted_teacher,8,0.01296643181447163
flywire_783_mb_left_kc512_s702,443,incoming_l1,fly,2,200,permuted_teacher,9,0.012959383822095358
flywire_783_mb_left_kc512_s702,443,incoming_l1,fly,2,200,permuted_teacher,10,0.012954266610853082
flywire_783_mb_left_kc512_s702,443,incoming_l1,fly,2,200,permuted_teacher,11,0.012950471930907679
flywire_783_mb_left_kc512_s702,443,incoming_l1,fly,2,200,permuted_teacher,12,0.012947809494835852
flywire_783_mb_left_kc512_s702,443,incoming_l1,fly,2,200,permuted_teacher,13,0.012946421070881689
flywire_783_mb_left_kc512_s702,443,incoming_l1,fly,2,200,permuted_teacher,14,0.012945649024783302
flywire_783_mb_left_kc512_s702,443,incoming_l1,fly,2,200,permuted_teacher,15,0.012945012881538194
flywire_783_mb_left_kc512_s702,443,incoming_l1,fly,2,200,permuted_teacher,16,0.012944523391021093
flywire_783_mb_left_kc512_s702,443,incoming_l1,fly,2,200,permuted_teacher,17,0.012944138694507655
flywire_783_mb_left_kc512_s702,443,incoming_l1,fly,2,200,permuted_teacher,18,0.012943788750472597
flywire_783_mb_left_kc512_s702,443,incoming_l1,fly,2,200,permuted_teacher,19,0.012943491230613799
flywire_783_mb_left_kc512_s702,443,incoming_l1,fly,2,200,permuted_teacher,20,0.012943227369556692
flywire_783_mb_left_kc512_s702,443,incoming_l1,fly,2,200,permuted_teacher,21,0.012942998203923787
flywire_783_mb_left_kc512_s702,443,incoming_l1,fly,2,200,permuted_teacher,22,0.012942790328501534
flywire_783_mb_left_kc512_s702,443,incoming_l1,fly,2,200,permuted_teacher,23,0.012942605055323839
flywire_783_mb_left_kc512_s702,443,incoming_l1,fly,2,200,permuted_teacher,24,0.012942427939147754
flywire_783_mb_left_kc512_s702,443,incoming_l1,fly,2,200,permuted_teacher,25,0.012942275482044331
flywire_783_mb_left_kc512_s702,443,incoming_l1,fly,2,200,permuted_teacher,26,0.012942127780165392
flywire_783_mb_left_kc512_s702,443,incoming_l1,fly,2,200,permuted_teacher,27,0.01294198746275833
flywire_783_mb_left_kc512_s702,443,incoming_l1,fly,2,200,permuted_teacher,28,0.012941860866639973
flywire_783_mb_left_kc512_s702,443,incoming_l1,fly,2,200,permuted_teacher,29,0.012941744430810257
flywire_783_mb_left_kc512_s702,443,incoming_l1,fly,2,200,permuted_teacher,30,0.012941630441333101
flywire_783_mb_left_kc512_s702,443,incoming_l1,role_shuffled,1,50,supervised,1,0.015133463162932868
flywire_783_mb_left_kc512_s702,443,incoming_l1,role_shuffled,1,50,supervised,2,0.015006753605730647
flywire_783_mb_left_kc512_s702,443,incoming_l1,role_shuffled,1,50,supervised,3,0.014912006686002965
flywire_783_mb_left_kc512_s702,443,incoming_l1,role_shuffled,1,50,supervised,4,0.014838126889289207
flywire_783_mb_left_kc512_s702,443,incoming_l1,role_shuffled,1,50,supervised,5,0.01478021258437286
flywire_783_mb_left_kc512_s702,443,incoming_l1,role_shuffled,1,50,supervised,6,0.014736754776859155
flywire_783_mb_left_kc512_s702,443,incoming_l1,role_shuffled,1,50,supervised,7,0.014703626504903887
flywire_783_mb_left_kc512_s702,443,incoming_l1,role_shuffled,1,50,supervised,8,0.014679368583713978
flywire_783_mb_left_kc512_s702,443,incoming_l1,role_shuffled,1,50,supervised,9,0.014661668063456826
flywire_783_mb_left_kc512_s702,443,incoming_l1,role_shuffled,1,50,supervised,10,0.014647016414695341
flywire_783_mb_left_kc512_s702,443,incoming_l1,role_shuffled,1,50,supervised,11,0.01463457198940036
flywire_783_mb_left_kc512_s702,443,incoming_l1,role_shuffled,1,50,supervised,12,0.014623706839415893
flywire_783_mb_left_kc512_s702,443,incoming_l1,role_shuffled,1,50,supervised,13,0.01461373422745523
flywire_783_mb_left_kc512_s702,443,incoming_l1,role_shuffled,1,50,supervised,14,0.014604714102638815
flywire_783_mb_left_kc512_s702,443,incoming_l1,role_shuffled,1,50,supervised,15,0.014596917399008274
flywire_783_mb_left_kc512_s702,443,incoming_l1,role_shuffled,1,50,supervised,16,0.014590041207497476
flywire_783_mb_left_kc512_s702,443,incoming_l1,role_shuffled,1,50,supervised,17,0.014584243297122514
flywire_783_mb_left_kc512_s702,443,incoming_l1,role_shuffled,1,50,supervised,18,0.014579035483038643
flywire_783_mb_left_kc512_s702,443,incoming_l1,role_shuffled,1,50,supervised,19,0.014574439137371395
flywire_783_mb_left_kc512_s702,443,incoming_l1,role_shuffled,1,50,supervised,20,0.014570368844370556
flywire_783_mb_left_kc512_s702,443,incoming_l1,role_shuffled,1,50,supervised,21,0.014566908038247544
flywire_783_mb_left_kc512_s702,443,incoming_l1,role_shuffled,1,50,supervised,22,0.014563904578561427
flywire_783_mb_left_kc512_s702,443,incoming_l1,role_shuffled,1,50,supervised,23,0.01456114939801325
flywire_783_mb_left_kc512_s702,443,incoming_l1,role_shuffled,1,50,supervised,24,0.014558569713773546
flywire_783_mb_left_kc512_s702,443,incoming_l1,role_shuffled,1,50,supervised,25,0.014556176237858537
flywire_783_mb_left_kc512_s702,443,incoming_l1,role_shuffled,1,50,supervised,26,0.014553942108085395
flywire_783_mb_left_kc512_s702,443,incoming_l1,role_shuffled,1,50,supervised,27,0.014551939679107135
flywire_783_mb_left_kc512_s702,443,incoming_l1,role_shuffled,1,50,supervised,28,0.014550093311375406
flywire_783_mb_left_kc512_s702,443,incoming_l1,role_shuffled,1,50,supervised,29,0.014548405812187548
flywire_783_mb_left_kc512_s702,443,incoming_l1,role_shuffled,1,50,supervised,30,0.014546814639996637
flywire_783_mb_left_kc512_s702,443,incoming_l1,role_shuffled,1,50,permuted_teacher,1,0.015090488585728621
flywire_783_mb_left_kc512_s702,443,incoming_l1,role_shuffled,1,50,permuted_teacher,2,0.014945498617551635
flywire_783_mb_left_kc512_s702,443,incoming_l1,role_shuffled,1,50,permuted_teacher,3,0.014837259329231745
flywire_783_mb_left_kc512_s702,443,incoming_l1,role_shuffled,1,50,permuted_teacher,4,0.014753121598520437
flywire_783_mb_left_kc512_s702,443,incoming_l1,role_shuffled,1,50,permuted_teacher,5,0.014686742722684104
flywire_783_mb_left_kc512_s702,443,incoming_l1,role_shuffled,1,50,permuted_teacher,6,0.014637076003284226
flywire_783_mb_left_kc512_s702,443,incoming_l1,role_shuffled,1,50,permuted_teacher,7,0.01459786373408966
flywire_783_mb_left_kc512_s702,443,incoming_l1,role_shuffled,1,50,permuted_teacher,8,0.014567174630487664
flywire_783_mb_left_kc512_s702,443,incoming_l1,role_shuffled,1,50,permuted_teacher,9,0.014544404094956382
flywire_783_mb_left_kc512_s702,443,incoming_l1,role_shuffled,1,50,permuted_teacher,10,0.014525933195240986
flywire_783_mb_left_kc512_s702,443,incoming_l1,role_shuffled,1,50,permuted_teacher,11,0.014510617943679211
flywire_783_mb_left_kc512_s702,443,incoming_l1,role_shuffled,1,50,permuted_teacher,12,0.014497177824646958
flywire_783_mb_left_kc512_s702,443,incoming_l1,role_shuffled,1,50,permuted_teacher,13,0.01448539075411727
flywire_783_mb_left_kc512_s702,443,incoming_l1,role_shuffled,1,50,permuted_teacher,14,0.014475826735750109
flywire_783_mb_left_kc512_s702,443,incoming_l1,role_shuffled,1,50,permuted_teacher,15,0.014467862157955492
flywire_783_mb_left_kc512_s702,443,incoming_l1,role_shuffled,1,50,permuted_teacher,16,0.01446083276823977
flywire_783_mb_left_kc512_s702,443,incoming_l1,role_shuffled,1,50,permuted_teacher,17,0.014454568535618974
flywire_783_mb_left_kc512_s702,443,incoming_l1,role_shuffled,1,50,permuted_teacher,18,0.014449232862299842
flywire_783_mb_left_kc512_s702,443,incoming_l1,role_shuffled,1,50,permuted_teacher,19,0.014444560596501045
flywire_783_mb_left_kc512_s702,443,incoming_l1,role_shuffled,1,50,permuted_teacher,20,0.01444053817918498
flywire_783_mb_left_kc512_s702,443,incoming_l1,role_shuffled,1,50,permuted_teacher,21,0.014437026273190654
flywire_783_mb_left_kc512_s702,443,incoming_l1,role_shuffled,1,50,permuted_teacher,22,0.014433865742775888
flywire_783_mb_left_kc512_s702,443,incoming_l1,role_shuffled,1,50,permuted_teacher,23,0.014431067174950084
flywire_783_mb_left_kc512_s702,443,incoming_l1,role_shuffled,1,50,permuted_teacher,24,0.014428628390067496
flywire_783_mb_left_kc512_s702,443,incoming_l1,role_shuffled,1,50,permuted_teacher,25,0.014426517526773347
flywire_783_mb_left_kc512_s702,443,incoming_l1,role_shuffled,1,50,permuted_teacher,26,0.014424530992406008
flywire_783_mb_left_kc512_s702,443,incoming_l1,role_shuffled,1,50,permuted_teacher,27,0.01442267229386047
flywire_783_mb_left_kc512_s702,443,incoming_l1,role_shuffled,1,50,permuted_teacher,28,0.014420928158830277
flywire_783_mb_left_kc512_s702,443,incoming_l1,role_shuffled,1,50,permuted_teacher,29,0.014419245615701818
flywire_783_mb_left_kc512_s702,443,incoming_l1,role_shuffled,1,50,permuted_teacher,30,0.01441771676952474
flywire_783_mb_left_kc512_s702,443,incoming_l1,role_shuffled,1,200,supervised,1,0.014883600302609382
flywire_783_mb_left_kc512_s702,443,incoming_l1,role_shuffled,1,200,supervised,2,0.014701365315143811
flywire_783_mb_left_kc512_s702,443,incoming_l1,role_shuffled,1,200,supervised,3,0.014666444587723548
flywire_783_mb_left_kc512_s702,443,incoming_l1,role_shuffled,1,200,supervised,4,0.014650864879697098
flywire_783_mb_left_kc512_s702,443,incoming_l1,role_shuffled,1,200,supervised,5,0.014644213355105332
flywire_783_mb_left_kc512_s702,443,incoming_l1,role_shuffled,1,200,supervised,6,0.014640672001875008
flywire_783_mb_left_kc512_s702,443,incoming_l1,role_shuffled,1,200,supervised,7,0.014637537899366535
flywire_783_mb_left_kc512_s702,443,incoming_l1,role_shuffled,1,200,supervised,8,0.014635273358081978
flywire_783_mb_left_kc512_s702,443,incoming_l1,role_shuffled,1,200,supervised,9,0.014633583913155593
flywire_783_mb_left_kc512_s702,443,incoming_l1,role_shuffled,1,200,supervised,10,0.01463243293175795
flywire_783_mb_left_kc512_s702,443,incoming_l1,role_shuffled,1,200,supervised,11,0.014631356606384904
flywire_783_mb_left_kc512_s702,443,incoming_l1,role_shuffled,1,200,supervised,12,0.014630572806022323
flywire_783_mb_left_kc512_s702,443,incoming_l1,role_shuffled,1,200,supervised,13,0.014630183152738051
flywire_783_mb_left_kc512_s702,443,incoming_l1,role_shuffled,1,200,supervised,14,0.0146299130308618
flywire_783_mb_left_kc512_s702,443,incoming_l1,role_shuffled,1,200,supervised,15,0.014629634722798055
flywire_783_mb_left_kc512_s702,443,incoming_l1,role_shuffled,1,200,supervised,16,0.014629385667674386
flywire_783_mb_left_kc512_s702,443,incoming_l1,role_shuffled,1,200,supervised,17,0.014629053033440656
flywire_783_mb_left_kc512_s702,443,incoming_l1,role_shuffled,1,200,supervised,18,0.014628713862644947
flywire_783_mb_left_kc512_s702,443,incoming_l1,role_shuffled,1,200,supervised,19,0.0146284373147022
flywire_783_mb_left_kc512_s702,443,incoming_l1,role_shuffled,1,200,supervised,20,0.014628222544038946
flywire_783_mb_left_kc512_s702,443,incoming_l1,role_shuffled,1,200,supervised,21,0.014628034301767047
flywire_783_mb_left_kc512_s702,443,incoming_l1,role_shuffled,1,200,supervised,22,0.014627830136581097
flywire_783_mb_left_kc512_s702,443,incoming_l1,role_shuffled,1,200,supervised,23,0.014627584063937202
flywire_783_mb_left_kc512_s702,443,incoming_l1,role_shuffled,1,200,supervised,24,0.01462731866970049
flywire_783_mb_left_kc512_s702,443,incoming_l1,role_shuffled,1,200,supervised,25,0.014627162739063065
flywire_783_mb_left_kc512_s702,443,incoming_l1,role_shuffled,1,200,supervised,26,0.014627118051970438
flywire_783_mb_left_kc512_s702,443,incoming_l1,role_shuffled,1,200,supervised,27,0.014627128836544438
flywire_783_mb_left_kc512_s702,443,incoming_l1,role_shuffled,1,200,supervised,28,0.01462715318371357
flywire_783_mb_left_kc512_s702,443,incoming_l1,role_shuffled,1,200,supervised,29,0.014627193108080326
flywire_783_mb_left_kc512_s702,443,incoming_l1,role_shuffled,1,200,supervised,30,0.014627230995229706
flywire_783_mb_left_kc512_s702,443,incoming_l1,role_shuffled,1,200,permuted_teacher,1,0.014910248495046996
flywire_783_mb_left_kc512_s702,443,incoming_l1,role_shuffled,1,200,permuted_teacher,2,0.01472564816514219
flywire_783_mb_left_kc512_s702,443,incoming_l1,role_shuffled,1,200,permuted_teacher,3,0.014684266969802191
flywire_783_mb_left_kc512_s702,443,incoming_l1,role_shuffled,1,200,permuted_teacher,4,0.014666043844663565
flywire_783_mb_left_kc512_s702,443,incoming_l1,role_shuffled,1,200,permuted_teacher,5,0.014659343145207534
flywire_783_mb_left_kc512_s702,443,incoming_l1,role_shuffled,1,200,permuted_teacher,6,0.014654838160021257
flywire_783_mb_left_kc512_s702,443,incoming_l1,role_shuffled,1,200,permuted_teacher,7,0.01465192313217151
flywire_783_mb_left_kc512_s702,443,incoming_l1,role_shuffled,1,200,permuted_teacher,8,0.014650362951196464
flywire_783_mb_left_kc512_s702,443,incoming_l1,role_shuffled,1,200,permuted_teacher,9,0.014649419176124412
flywire_783_mb_left_kc512_s702,443,incoming_l1,role_shuffled,1,200,permuted_teacher,10,0.014648434333401952
flywire_783_mb_left_kc512_s702,443,incoming_l1,role_shuffled,1,200,permuted_teacher,11,0.014647642167318455
flywire_783_mb_left_kc512_s702,443,incoming_l1,role_shuffled,1,200,permuted_teacher,12,0.014647057776147185
flywire_783_mb_left_kc512_s702,443,incoming_l1,role_shuffled,1,200,permuted_teacher,13,0.01464659125371774
flywire_783_mb_left_kc512_s702,443,incoming_l1,role_shuffled,1,200,permuted_teacher,14,0.014646147841375847
flywire_783_mb_left_kc512_s702,443,incoming_l1,role_shuffled,1,200,permuted_teacher,15,0.014645706090250083
flywire_783_mb_left_kc512_s702,443,incoming_l1,role_shuffled,1,200,permuted_teacher,16,0.014645307105965654
flywire_783_mb_left_kc512_s702,443,incoming_l1,role_shuffled,1,200,permuted_teacher,17,0.014644937147345185
flywire_783_mb_left_kc512_s702,443,incoming_l1,role_shuffled,1,200,permuted_teacher,18,0.014644630822942676
flywire_783_mb_left_kc512_s702,443,incoming_l1,role_shuffled,1,200,permuted_teacher,19,0.014644302818192461
flywire_783_mb_left_kc512_s702,443,incoming_l1,role_shuffled,1,200,permuted_teacher,20,0.014643904241269113
flywire_783_mb_left_kc512_s702,443,incoming_l1,role_shuffled,1,200,permuted_teacher,21,0.01464354830954092
flywire_783_mb_left_kc512_s702,443,incoming_l1,role_shuffled,1,200,permuted_teacher,22,0.014643260040366689
flywire_783_mb_left_kc512_s702,443,incoming_l1,role_shuffled,1,200,permuted_teacher,23,0.014642955992295573
flywire_783_mb_left_kc512_s702,443,incoming_l1,role_shuffled,1,200,permuted_teacher,24,0.014642663066640891
flywire_783_mb_left_kc512_s702,443,incoming_l1,role_shuffled,1,200,permuted_teacher,25,0.01464240054784061
flywire_783_mb_left_kc512_s702,443,incoming_l1,role_shuffled,1,200,permuted_teacher,26,0.014642204107359981
flywire_783_mb_left_kc512_s702,443,incoming_l1,role_shuffled,1,200,permuted_teacher,27,0.014642021539273936
flywire_783_mb_left_kc512_s702,443,incoming_l1,role_shuffled,1,200,permuted_teacher,28,0.014641852007478513
flywire_783_mb_left_kc512_s702,443,incoming_l1,role_shuffled,1,200,permuted_teacher,29,0.014641750874043246
flywire_783_mb_left_kc512_s702,443,incoming_l1,role_shuffled,1,200,permuted_teacher,30,0.014641651231477691
flywire_783_mb_left_kc512_s702,443,incoming_l1,role_shuffled,2,50,supervised,1,0.015145680489513818
flywire_783_mb_left_kc512_s702,443,incoming_l1,role_shuffled,2,50,supervised,2,0.015022780225414355
flywire_783_mb_left_kc512_s702,443,incoming_l1,role_shuffled,2,50,supervised,3,0.01493103335307066
flywire_783_mb_left_kc512_s702,443,incoming_l1,role_shuffled,2,50,supervised,4,0.01485973461562439
flywire_783_mb_left_kc512_s702,443,incoming_l1,role_shuffled,2,50,supervised,5,0.01480350522513829
flywire_783_mb_left_kc512_s702,443,incoming_l1,role_shuffled,2,50,supervised,6,0.01476164053000586
flywire_783_mb_left_kc512_s702,443,incoming_l1,role_shuffled,2,50,supervised,7,0.014727788720167173
flywire_783_mb_left_kc512_s702,443,incoming_l1,role_shuffled,2,50,supervised,8,0.014701662061643285
flywire_783_mb_left_kc512_s702,443,incoming_l1,role_shuffled,2,50,supervised,9,0.014681643530260342
flywire_783_mb_left_kc512_s702,443,incoming_l1,role_shuffled,2,50,supervised,10,0.014665197372777048
flywire_783_mb_left_kc512_s702,443,incoming_l1,role_shuffled,2,50,supervised,11,0.014651338260323886
flywire_783_mb_left_kc512_s702,443,incoming_l1,role_shuffled,2,50,supervised,12,0.014639532731339859
flywire_783_mb_left_kc512_s702,443,incoming_l1,role_shuffled,2,50,supervised,13,0.014629312118995076
flywire_783_mb_left_kc512_s702,443,incoming_l1,role_shuffled,2,50,supervised,14,0.014620625371984736
flywire_783_mb_left_kc512_s702,443,incoming_l1,role_shuffled,2,50,supervised,15,0.014612830097652324
flywire_783_mb_left_kc512_s702,443,incoming_l1,role_shuffled,2,50,supervised,16,0.014606167314247026
flywire_783_mb_left_kc512_s702,443,incoming_l1,role_shuffled,2,50,supervised,17,0.014600903241089973
flywire_783_mb_left_kc512_s702,443,incoming_l1,role_shuffled,2,50,supervised,18,0.014596585834552233
flywire_783_mb_left_kc512_s702,443,incoming_l1,role_shuffled,2,50,supervised,19,0.014592656938714211
flywire_783_mb_left_kc512_s702,443,incoming_l1,role_shuffled,2,50,supervised,20,0.014589137840218529
flywire_783_mb_left_kc512_s702,443,incoming_l1,role_shuffled,2,50,supervised,21,0.014585919792175803
flywire_783_mb_left_kc512_s702,443,incoming_l1,role_shuffled,2,50,supervised,22,0.014583054664066899
flywire_783_mb_left_kc512_s702,443,incoming_l1,role_shuffled,2,50,supervised,23,0.01458044058800121
flywire_783_mb_left_kc512_s702,443,incoming_l1,role_shuffled,2,50,supervised,24,0.014578149149432592
flywire_783_mb_left_kc512_s702,443,incoming_l1,role_shuffled,2,50,supervised,25,0.014576045757714907
flywire_783_mb_left_kc512_s702,443,incoming_l1,role_shuffled,2,50,supervised,26,0.014574175552072596
flywire_783_mb_left_kc512_s702,443,incoming_l1,role_shuffled,2,50,supervised,27,0.014572331111688647
flywire_783_mb_left_kc512_s702,443,incoming_l1,role_shuffled,2,50,supervised,28,0.014570556476862772
flywire_783_mb_left_kc512_s702,443,incoming_l1,role_shuffled,2,50,supervised,29,0.014568844843610552
flywire_783_mb_left_kc512_s702,443,incoming_l1,role_shuffled,2,50,supervised,30,0.014567206774475596
flywire_783_mb_left_kc512_s702,443,incoming_l1,role_shuffled,2,50,permuted_teacher,1,0.015106646958605946
flywire_783_mb_left_kc512_s702,443,incoming_l1,role_shuffled,2,50,permuted_teacher,2,0.014965101239189272
flywire_783_mb_left_kc512_s702,443,incoming_l1,role_shuffled,2,50,permuted_teacher,3,0.014860545500934207
flywire_783_mb_left_kc512_s702,443,incoming_l1,role_shuffled,2,50,permuted_teacher,4,0.014780390061735668
flywire_783_mb_left_kc512_s702,443,incoming_l1,role_shuffled,2,50,permuted_teacher,5,0.014718815071169705
flywire_783_mb_left_kc512_s702,443,incoming_l1,role_shuffled,2,50,permuted_teacher,6,0.014674701106263113
flywire_783_mb_left_kc512_s702,443,incoming_l1,role_shuffled,2,50,permuted_teacher,7,0.014641036282587333
flywire_783_mb_left_kc512_s702,443,incoming_l1,role_shuffled,2,50,permuted_teacher,8,0.014615244339026064
flywire_783_mb_left_kc512_s702,443,incoming_l1,role_shuffled,2,50,permuted_teacher,9,0.01459501534686481
flywire_783_mb_left_kc512_s702,443,incoming_l1,role_shuffled,2,50,permuted_teacher,10,0.014578742331682017
flywire_783_mb_left_kc512_s702,443,incoming_l1,role_shuffled,2,50,permuted_teacher,11,0.014564944117059647
flywire_783_mb_left_kc512_s702,443,incoming_l1,role_shuffled,2,50,permuted_teacher,12,0.014553651724978129
flywire_783_mb_left_kc512_s702,443,incoming_l1,role_shuffled,2,50,permuted_teacher,13,0.014544551802106788
flywire_783_mb_left_kc512_s702,443,incoming_l1,role_shuffled,2,50,permuted_teacher,14,0.014537223633495328
flywire_783_mb_left_kc512_s702,443,incoming_l1,role_shuffled,2,50,permuted_teacher,15,0.014531076239220977
flywire_783_mb_left_kc512_s702,443,incoming_l1,role_shuffled,2,50,permuted_teacher,16,0.014526153717453739
flywire_783_mb_left_kc512_s702,443,incoming_l1,role_shuffled,2,50,permuted_teacher,17,0.014522032284114535
flywire_783_mb_left_kc512_s702,443,incoming_l1,role_shuffled,2,50,permuted_teacher,18,0.014518433756970891
flywire_783_mb_left_kc512_s702,443,incoming_l1,role_shuffled,2,50,permuted_teacher,19,0.014515358007622804
flywire_783_mb_left_kc512_s702,443,incoming_l1,role_shuffled,2,50,permuted_teacher,20,0.014512576431648746
flywire_783_mb_left_kc512_s702,443,incoming_l1,role_shuffled,2,50,permuted_teacher,21,0.014509997094504859
flywire_783_mb_left_kc512_s702,443,incoming_l1,role_shuffled,2,50,permuted_teacher,22,0.014507695180643737
flywire_783_mb_left_kc512_s702,443,incoming_l1,role_shuffled,2,50,permuted_teacher,23,0.014505765663347641
flywire_783_mb_left_kc512_s702,443,incoming_l1,role_shuffled,2,50,permuted_teacher,24,0.014504065033020168
flywire_783_mb_left_kc512_s702,443,incoming_l1,role_shuffled,2,50,permuted_teacher,25,0.014502559142886841
flywire_783_mb_left_kc512_s702,443,incoming_l1,role_shuffled,2,50,permuted_teacher,26,0.014501303657801891
flywire_783_mb_left_kc512_s702,443,incoming_l1,role_shuffled,2,50,permuted_teacher,27,0.014500101974056247
flywire_783_mb_left_kc512_s702,443,incoming_l1,role_shuffled,2,50,permuted_teacher,28,0.014498978593523788
flywire_783_mb_left_kc512_s702,443,incoming_l1,role_shuffled,2,50,permuted_teacher,29,0.014497946534949452
flywire_783_mb_left_kc512_s702,443,incoming_l1,role_shuffled,2,50,permuted_teacher,30,0.014496920635280564
flywire_783_mb_left_kc512_s702,443,incoming_l1,role_shuffled,2,200,supervised,1,0.014908016817740764
flywire_783_mb_left_kc512_s702,443,incoming_l1,role_shuffled,2,200,supervised,2,0.014716493617967024
flywire_783_mb_left_kc512_s702,443,incoming_l1,role_shuffled,2,200,supervised,3,0.014674041235227305
flywire_783_mb_left_kc512_s702,443,incoming_l1,role_shuffled,2,200,supervised,4,0.014653229091480535
flywire_783_mb_left_kc512_s702,443,incoming_l1,role_shuffled,2,200,supervised,5,0.01464336949127946
flywire_783_mb_left_kc512_s702,443,incoming_l1,role_shuffled,2,200,supervised,6,0.014636258214538254
flywire_783_mb_left_kc512_s702,443,incoming_l1,role_shuffled,2,200,supervised,7,0.014631501607997692
flywire_783_mb_left_kc512_s702,443,incoming_l1,role_shuffled,2,200,supervised,8,0.014628407038002405
flywire_783_mb_left_kc512_s702,443,incoming_l1,role_shuffled,2,200,supervised,9,0.014626160781727933
flywire_783_mb_left_kc512_s702,443,incoming_l1,role_shuffled,2,200,supervised,10,0.014624103659882148
flywire_783_mb_left_kc512_s702,443,incoming_l1,role_shuffled,2,200,supervised,11,0.01462268015696121
flywire_783_mb_left_kc512_s702,443,incoming_l1,role_shuffled,2,200,supervised,12,0.014621516856499598
flywire_783_mb_left_kc512_s702,443,incoming_l1,role_shuffled,2,200,supervised,13,0.014620411705152131
flywire_783_mb_left_kc512_s702,443,incoming_l1,role_shuffled,2,200,supervised,14,0.01461935635684756
flywire_783_mb_left_kc512_s702,443,incoming_l1,role_shuffled,2,200,supervised,15,0.014618400145734237
flywire_783_mb_left_kc512_s702,443,incoming_l1,role_shuffled,2,200,supervised,16,0.014617752423312477
flywire_783_mb_left_kc512_s702,443,incoming_l1,role_shuffled,2,200,supervised,17,0.014617310307636425
flywire_783_mb_left_kc512_s702,443,incoming_l1,role_shuffled,2,200,supervised,18,0.014617014636366832
flywire_783_mb_left_kc512_s702,443,incoming_l1,role_shuffled,2,200,supervised,19,0.014616770930064905
flywire_783_mb_left_kc512_s702,443,incoming_l1,role_shuffled,2,200,supervised,20,0.01461655435145841
flywire_783_mb_left_kc512_s702,443,incoming_l1,role_shuffled,2,200,supervised,21,0.014616357696088248
flywire_783_mb_left_kc512_s702,443,incoming_l1,role_shuffled,2,200,supervised,22,0.014616187426022062
flywire_783_mb_left_kc512_s702,443,incoming_l1,role_shuffled,2,200,supervised,23,0.014616041346672663
flywire_783_mb_left_kc512_s702,443,incoming_l1,role_shuffled,2,200,supervised,24,0.014615918491284867
flywire_783_mb_left_kc512_s702,443,incoming_l1,role_shuffled,2,200,supervised,25,0.01461582757833771
flywire_783_mb_left_kc512_s702,443,incoming_l1,role_shuffled,2,200,supervised,26,0.014615767399360364
flywire_783_mb_left_kc512_s702,443,incoming_l1,role_shuffled,2,200,supervised,27,0.014615704590833486
flywire_783_mb_left_kc512_s702,443,incoming_l1,role_shuffled,2,200,supervised,28,0.014615664715244168
flywire_783_mb_left_kc512_s702,443,incoming_l1,role_shuffled,2,200,supervised,29,0.014615632496360343
flywire_783_mb_left_kc512_s702,443,incoming_l1,role_shuffled,2,200,supervised,30,0.014615601404832165
flywire_783_mb_left_kc512_s702,443,incoming_l1,role_shuffled,2,200,permuted_teacher,1,0.014887469466040571
flywire_783_mb_left_kc512_s702,443,incoming_l1,role_shuffled,2,200,permuted_teacher,2,0.014700622204883086
flywire_783_mb_left_kc512_s702,443,incoming_l1,role_shuffled,2,200,permuted_teacher,3,0.014657506388045048
flywire_783_mb_left_kc512_s702,443,incoming_l1,role_shuffled,2,200,permuted_teacher,4,0.01463888640401261
flywire_783_mb_left_kc512_s702,443,incoming_l1,role_shuffled,2,200,permuted_teacher,5,0.014630485855959574
flywire_783_mb_left_kc512_s702,443,incoming_l1,role_shuffled,2,200,permuted_teacher,6,0.014625943502532384
flywire_783_mb_left_kc512_s702,443,incoming_l1,role_shuffled,2,200,permuted_teacher,7,0.01462283730888387
flywire_783_mb_left_kc512_s702,443,incoming_l1,role_shuffled,2,200,permuted_teacher,8,0.014620639892373086
flywire_783_mb_left_kc512_s702,443,incoming_l1,role_shuffled,2,200,permuted_teacher,9,0.014618913166464374
flywire_783_mb_left_kc512_s702,443,incoming_l1,role_shuffled,2,200,permuted_teacher,10,0.014617093391970048
flywire_783_mb_left_kc512_s702,443,incoming_l1,role_shuffled,2,200,permuted_teacher,11,0.01461551676267759
flywire_783_mb_left_kc512_s702,443,incoming_l1,role_shuffled,2,200,permuted_teacher,12,0.014614172044206819
flywire_783_mb_left_kc512_s702,443,incoming_l1,role_shuffled,2,200,permuted_teacher,13,0.01461296511977032
flywire_783_mb_left_kc512_s702,443,incoming_l1,role_shuffled,2,200,permuted_teacher,14,0.014611950320367656
flywire_783_mb_left_kc512_s702,443,incoming_l1,role_shuffled,2,200,permuted_teacher,15,0.014611043833234085
flywire_783_mb_left_kc512_s702,443,incoming_l1,role_shuffled,2,200,permuted_teacher,16,0.014610381199133531
flywire_783_mb_left_kc512_s702,443,incoming_l1,role_shuffled,2,200,permuted_teacher,17,0.014609869470910303
flywire_783_mb_left_kc512_s702,443,incoming_l1,role_shuffled,2,200,permuted_teacher,18,0.014609386063999126
flywire_783_mb_left_kc512_s702,443,incoming_l1,role_shuffled,2,200,permuted_teacher,19,0.014608933352569053
flywire_783_mb_left_kc512_s702,443,incoming_l1,role_shuffled,2,200,permuted_teacher,20,0.014608536479183526
flywire_783_mb_left_kc512_s702,443,incoming_l1,role_shuffled,2,200,permuted_teacher,21,0.014608202238558592
flywire_783_mb_left_kc512_s702,443,incoming_l1,role_shuffled,2,200,permuted_teacher,22,0.014607910658156614
flywire_783_mb_left_kc512_s702,443,incoming_l1,role_shuffled,2,200,permuted_teacher,23,0.014607702032087971
flywire_783_mb_left_kc512_s702,443,incoming_l1,role_shuffled,2,200,permuted_teacher,24,0.014607568097876823
flywire_783_mb_left_kc512_s702,443,incoming_l1,role_shuffled,2,200,permuted_teacher,25,0.014607451475604863
flywire_783_mb_left_kc512_s702,443,incoming_l1,role_shuffled,2,200,permuted_teacher,26,0.014607351269523323
flywire_783_mb_left_kc512_s702,443,incoming_l1,role_shuffled,2,200,permuted_teacher,27,0.014607269750039783
flywire_783_mb_left_kc512_s702,443,incoming_l1,role_shuffled,2,200,permuted_teacher,28,0.0146072115192537
flywire_783_mb_left_kc512_s702,443,incoming_l1,role_shuffled,2,200,permuted_teacher,29,0.014607161430372197
flywire_783_mb_left_kc512_s702,443,incoming_l1,role_shuffled,2,200,permuted_teacher,30,0.014607114015664608
flywire_783_mb_left_kc512_s702,443,incoming_l1,role_random,1,50,supervised,1,0.014113764646078646
flywire_783_mb_left_kc512_s702,443,incoming_l1,role_random,1,50,supervised,2,0.013669037153567308
flywire_783_mb_left_kc512_s702,443,incoming_l1,role_random,1,50,supervised,3,0.013322435330007482
flywire_783_mb_left_kc512_s702,443,incoming_l1,role_random,1,50,supervised,4,0.013051260139270287
flywire_783_mb_left_kc512_s702,443,incoming_l1,role_random,1,50,supervised,5,0.012849360770069509
flywire_783_mb_left_kc512_s702,443,incoming_l1,role_random,1,50,supervised,6,0.012698213598461771
flywire_783_mb_left_kc512_s702,443,incoming_l1,role_random,1,50,supervised,7,0.012583774087890168
flywire_783_mb_left_kc512_s702,443,incoming_l1,role_random,1,50,supervised,8,0.012493687886136036
flywire_783_mb_left_kc512_s702,443,incoming_l1,role_random,1,50,supervised,9,0.012420277650833235
flywire_783_mb_left_kc512_s702,443,incoming_l1,role_random,1,50,supervised,10,0.012359474615684277
flywire_783_mb_left_kc512_s702,443,incoming_l1,role_random,1,50,supervised,11,0.012309762612304521
flywire_783_mb_left_kc512_s702,443,incoming_l1,role_random,1,50,supervised,12,0.01226877485371154
flywire_783_mb_left_kc512_s702,443,incoming_l1,role_random,1,50,supervised,13,0.012234418673432328
flywire_783_mb_left_kc512_s702,443,incoming_l1,role_random,1,50,supervised,14,0.012205494091719836
flywire_783_mb_left_kc512_s702,443,incoming_l1,role_random,1,50,supervised,15,0.012181236921712541
flywire_783_mb_left_kc512_s702,443,incoming_l1,role_random,1,50,supervised,16,0.01216038746939566
flywire_783_mb_left_kc512_s702,443,incoming_l1,role_random,1,50,supervised,17,0.012142168800292725
flywire_783_mb_left_kc512_s702,443,incoming_l1,role_random,1,50,supervised,18,0.012126093216003695
flywire_783_mb_left_kc512_s702,443,incoming_l1,role_random,1,50,supervised,19,0.012111761004100904
flywire_783_mb_left_kc512_s702,443,incoming_l1,role_random,1,50,supervised,20,0.012099261128812102
flywire_783_mb_left_kc512_s702,443,incoming_l1,role_random,1,50,supervised,21,0.012088156669524636
flywire_783_mb_left_kc512_s702,443,incoming_l1,role_random,1,50,supervised,22,0.012077988995443862
flywire_783_mb_left_kc512_s702,443,incoming_l1,role_random,1,50,supervised,23,0.012068861221710211
flywire_783_mb_left_kc512_s702,443,incoming_l1,role_random,1,50,supervised,24,0.012060766643957485
flywire_783_mb_left_kc512_s702,443,incoming_l1,role_random,1,50,supervised,25,0.01205347747953059
flywire_783_mb_left_kc512_s702,443,incoming_l1,role_random,1,50,supervised,26,0.01204683056462345
flywire_783_mb_left_kc512_s702,443,incoming_l1,role_random,1,50,supervised,27,0.012040860060832183
flywire_783_mb_left_kc512_s702,443,incoming_l1,role_random,1,50,supervised,28,0.012035556249672572
flywire_783_mb_left_kc512_s702,443,incoming_l1,role_random,1,50,supervised,29,0.012030687619502725
flywire_783_mb_left_kc512_s702,443,incoming_l1,role_random,1,50,supervised,30,0.012026272192422985
flywire_783_mb_left_kc512_s702,443,incoming_l1,role_random,1,50,permuted_teacher,1,0.014152024554480601
flywire_783_mb_left_kc512_s702,443,incoming_l1,role_random,1,50,permuted_teacher,2,0.01371226899126567
flywire_783_mb_left_kc512_s702,443,incoming_l1,role_random,1,50,permuted_teacher,3,0.013368901170797367
flywire_783_mb_left_kc512_s702,443,incoming_l1,role_random,1,50,permuted_teacher,4,0.013099368251254573
flywire_783_mb_left_kc512_s702,443,incoming_l1,role_random,1,50,permuted_teacher,5,0.01289674963562173
flywire_783_mb_left_kc512_s702,443,incoming_l1,role_random,1,50,permuted_teacher,6,0.012744684816016056
flywire_783_mb_left_kc512_s702,443,incoming_l1,role_random,1,50,permuted_teacher,7,0.012629576092901693
flywire_783_mb_left_kc512_s702,443,incoming_l1,role_random,1,50,permuted_teacher,8,0.012539003089952566
flywire_783_mb_left_kc512_s702,443,incoming_l1,role_random,1,50,permuted_teacher,9,0.012464797016944864
flywire_783_mb_left_kc512_s702,443,incoming_l1,role_random,1,50,permuted_teacher,10,0.01240336683721692
flywire_783_mb_left_kc512_s702,443,incoming_l1,role_random,1,50,permuted_teacher,11,0.01235252365611037
flywire_783_mb_left_kc512_s702,443,incoming_l1,role_random,1,50,permuted_teacher,12,0.012310556804196312
flywire_783_mb_left_kc512_s702,443,incoming_l1,role_random,1,50,permuted_teacher,13,0.012276074444724104
flywire_783_mb_left_kc512_s702,443,incoming_l1,role_random,1,50,permuted_teacher,14,0.012246937035723793
flywire_783_mb_left_kc512_s702,443,incoming_l1,role_random,1,50,permuted_teacher,15,0.012222163647690451
flywire_783_mb_left_kc512_s702,443,incoming_l1,role_random,1,50,permuted_teacher,16,0.012201251176673028
flywire_783_mb_left_kc512_s702,443,incoming_l1,role_random,1,50,permuted_teacher,17,0.012183411871752238
flywire_783_mb_left_kc512_s702,443,incoming_l1,role_random,1,50,permuted_teacher,18,0.012167484171802653
flywire_783_mb_left_kc512_s702,443,incoming_l1,role_random,1,50,permuted_teacher,19,0.012153587313744671
flywire_783_mb_left_kc512_s702,443,incoming_l1,role_random,1,50,permuted_teacher,20,0.012141570035736106
flywire_783_mb_left_kc512_s702,443,incoming_l1,role_random,1,50,permuted_teacher,21,0.012130917152379584
flywire_783_mb_left_kc512_s702,443,incoming_l1,role_random,1,50,permuted_teacher,22,0.012121354384919071
flywire_783_mb_left_kc512_s702,443,incoming_l1,role_random,1,50,permuted_teacher,23,0.01211278147450437
flywire_783_mb_left_kc512_s702,443,incoming_l1,role_random,1,50,permuted_teacher,24,0.012105086898664203
flywire_783_mb_left_kc512_s702,443,incoming_l1,role_random,1,50,permuted_teacher,25,0.012098019792742748
flywire_783_mb_left_kc512_s702,443,incoming_l1,role_random,1,50,permuted_teacher,26,0.012091562573210089
flywire_783_mb_left_kc512_s702,443,incoming_l1,role_random,1,50,permuted_teacher,27,0.012085627871568718
flywire_783_mb_left_kc512_s702,443,incoming_l1,role_random,1,50,permuted_teacher,28,0.012080327261104537
flywire_783_mb_left_kc512_s702,443,incoming_l1,role_random,1,50,permuted_teacher,29,0.012075653576145982
flywire_783_mb_left_kc512_s702,443,incoming_l1,role_random,1,50,permuted_teacher,30,0.012071389527482799
flywire_783_mb_left_kc512_s702,443,incoming_l1,role_random,1,200,supervised,1,0.01367549472273475
flywire_783_mb_left_kc512_s702,443,incoming_l1,role_random,1,200,supervised,2,0.012921259052652227
flywire_783_mb_left_kc512_s702,443,incoming_l1,role_random,1,200,supervised,3,0.012660429024465243
flywire_783_mb_left_kc512_s702,443,incoming_l1,role_random,1,200,supervised,4,0.012551065548441848
flywire_783_mb_left_kc512_s702,443,incoming_l1,role_random,1,200,supervised,5,0.012492253577110866
flywire_783_mb_left_kc512_s702,443,incoming_l1,role_random,1,200,supervised,6,0.012456774161044475
flywire_783_mb_left_kc512_s702,443,incoming_l1,role_random,1,200,supervised,7,0.012433750272864521
flywire_783_mb_left_kc512_s702,443,incoming_l1,role_random,1,200,supervised,8,0.012417884522610063
flywire_783_mb_left_kc512_s702,443,incoming_l1,role_random,1,200,supervised,9,0.012406699422358045
flywire_783_mb_left_kc512_s702,443,incoming_l1,role_random,1,200,supervised,10,0.012398313818634868
flywire_783_mb_left_kc512_s702,443,incoming_l1,role_random,1,200,supervised,11,0.012392090179600435
flywire_783_mb_left_kc512_s702,443,incoming_l1,role_random,1,200,supervised,12,0.01238735926253143
flywire_783_mb_left_kc512_s702,443,incoming_l1,role_random,1,200,supervised,13,0.012383554905040327
flywire_783_mb_left_kc512_s702,443,incoming_l1,role_random,1,200,supervised,14,0.012380585233361772
flywire_783_mb_left_kc512_s702,443,incoming_l1,role_random,1,200,supervised,15,0.012378227029669713
flywire_783_mb_left_kc512_s702,443,incoming_l1,role_random,1,200,supervised,16,0.012376324122403328
flywire_783_mb_left_kc512_s702,443,incoming_l1,role_random,1,200,supervised,17,0.012374730068709934
flywire_783_mb_left_kc512_s702,443,incoming_l1,role_random,1,200,supervised,18,0.012373351582512765
flywire_783_mb_left_kc512_s702,443,incoming_l1,role_random,1,200,supervised,19,0.012372120879059733
flywire_783_mb_left_kc512_s702,443,incoming_l1,role_random,1,200,supervised,20,0.012371035657999916
flywire_783_mb_left_kc512_s702,443,incoming_l1,role_random,1,200,supervised,21,0.01237012111515639
flywire_783_mb_left_kc512_s702,443,incoming_l1,role_random,1,200,supervised,22,0.012369328080549618
flywire_783_mb_left_kc512_s702,443,incoming_l1,role_random,1,200,supervised,23,0.01236863875802834
flywire_783_mb_left_kc512_s702,443,incoming_l1,role_random,1,200,supervised,24,0.012368030612028456
flywire_783_mb_left_kc512_s702,443,incoming_l1,role_random,1,200,supervised,25,0.012367494459051496
flywire_783_mb_left_kc512_s702,443,incoming_l1,role_random,1,200,supervised,26,0.012367017297464067
flywire_783_mb_left_kc512_s702,443,incoming_l1,role_random,1,200,supervised,27,0.012366574679733133
flywire_783_mb_left_kc512_s702,443,incoming_l1,role_random,1,200,supervised,28,0.012366196216851462
flywire_783_mb_left_kc512_s702,443,incoming_l1,role_random,1,200,supervised,29,0.012365847631392934
flywire_783_mb_left_kc512_s702,443,incoming_l1,role_random,1,200,supervised,30,0.01236552443336624
flywire_783_mb_left_kc512_s702,443,incoming_l1,role_random,1,200,permuted_teacher,1,0.013654208857196743
flywire_783_mb_left_kc512_s702,443,incoming_l1,role_random,1,200,permuted_teacher,2,0.012893679941083938
flywire_783_mb_left_kc512_s702,443,incoming_l1,role_random,1,200,permuted_teacher,3,0.012633108588815228
flywire_783_mb_left_kc512_s702,443,incoming_l1,role_random,1,200,permuted_teacher,4,0.012523513507740525
flywire_783_mb_left_kc512_s702,443,incoming_l1,role_random,1,200,permuted_teacher,5,0.012464736608694188
flywire_783_mb_left_kc512_s702,443,incoming_l1,role_random,1,200,permuted_teacher,6,0.012429593013312349
flywire_783_mb_left_kc512_s702,443,incoming_l1,role_random,1,200,permuted_teacher,7,0.012406778414923943
flywire_783_mb_left_kc512_s702,443,incoming_l1,role_random,1,200,permuted_teacher,8,0.012391139478403618
flywire_783_mb_left_kc512_s702,443,incoming_l1,role_random,1,200,permuted_teacher,9,0.012379671355095791
flywire_783_mb_left_kc512_s702,443,incoming_l1,role_random,1,200,permuted_teacher,10,0.012371389604911149
flywire_783_mb_left_kc512_s702,443,incoming_l1,role_random,1,200,permuted_teacher,11,0.012365322581801987
flywire_783_mb_left_kc512_s702,443,incoming_l1,role_random,1,200,permuted_teacher,12,0.01236076239373355
flywire_783_mb_left_kc512_s702,443,incoming_l1,role_random,1,200,permuted_teacher,13,0.012357097284160385
flywire_783_mb_left_kc512_s702,443,incoming_l1,role_random,1,200,permuted_teacher,14,0.012354107167426328
flywire_783_mb_left_kc512_s702,443,incoming_l1,role_random,1,200,permuted_teacher,15,0.012351695520087733
flywire_783_mb_left_kc512_s702,443,incoming_l1,role_random,1,200,permuted_teacher,16,0.012349692604569917
flywire_783_mb_left_kc512_s702,443,incoming_l1,role_random,1,200,permuted_teacher,17,0.012348100014780462
flywire_783_mb_left_kc512_s702,443,incoming_l1,role_random,1,200,permuted_teacher,18,0.012346763651055035
flywire_783_mb_left_kc512_s702,443,incoming_l1,role_random,1,200,permuted_teacher,19,0.012345591746414912
flywire_783_mb_left_kc512_s702,443,incoming_l1,role_random,1,200,permuted_teacher,20,0.012344539940006458
flywire_783_mb_left_kc512_s702,443,incoming_l1,role_random,1,200,permuted_teacher,21,0.012343610976493818
flywire_783_mb_left_kc512_s702,443,incoming_l1,role_random,1,200,permuted_teacher,22,0.01234275669653557
flywire_783_mb_left_kc512_s702,443,incoming_l1,role_random,1,200,permuted_teacher,23,0.012341943759918343
flywire_783_mb_left_kc512_s702,443,incoming_l1,role_random,1,200,permuted_teacher,24,0.012341239513320452
flywire_783_mb_left_kc512_s702,443,incoming_l1,role_random,1,200,permuted_teacher,25,0.012340615345503663
flywire_783_mb_left_kc512_s702,443,incoming_l1,role_random,1,200,permuted_teacher,26,0.012340022902774495
flywire_783_mb_left_kc512_s702,443,incoming_l1,role_random,1,200,permuted_teacher,27,0.012339465766123908
flywire_783_mb_left_kc512_s702,443,incoming_l1,role_random,1,200,permuted_teacher,28,0.012338947953933343
flywire_783_mb_left_kc512_s702,443,incoming_l1,role_random,1,200,permuted_teacher,29,0.012338469434321266
flywire_783_mb_left_kc512_s702,443,incoming_l1,role_random,1,200,permuted_teacher,30,0.012338062370570885
flywire_783_mb_left_kc512_s702,443,incoming_l1,role_random,2,50,supervised,1,0.014108940815184642
flywire_783_mb_left_kc512_s702,443,incoming_l1,role_random,2,50,supervised,2,0.01366047451982644
flywire_783_mb_left_kc512_s702,443,incoming_l1,role_random,2,50,supervised,3,0.013310901361324236
flywire_783_mb_left_kc512_s702,443,incoming_l1,role_random,2,50,supervised,4,0.013038967606873168
flywire_783_mb_left_kc512_s702,443,incoming_l1,role_random,2,50,supervised,5,0.012837342005158908
flywire_783_mb_left_kc512_s702,443,incoming_l1,role_random,2,50,supervised,6,0.012686224689784862
flywire_783_mb_left_kc512_s702,443,incoming_l1,role_random,2,50,supervised,7,0.01257243074663457
flywire_783_mb_left_kc512_s702,443,incoming_l1,role_random,2,50,supervised,8,0.012481592426492244
flywire_783_mb_left_kc512_s702,443,incoming_l1,role_random,2,50,supervised,9,0.012406787015503386
flywire_783_mb_left_kc512_s702,443,incoming_l1,role_random,2,50,supervised,10,0.012344938292194163
flywire_783_mb_left_kc512_s702,443,incoming_l1,role_random,2,50,supervised,11,0.01229428856530944
flywire_783_mb_left_kc512_s702,443,incoming_l1,role_random,2,50,supervised,12,0.01225270415043578
flywire_783_mb_left_kc512_s702,443,incoming_l1,role_random,2,50,supervised,13,0.012217776609987727
flywire_783_mb_left_kc512_s702,443,incoming_l1,role_random,2,50,supervised,14,0.012188431568373046
flywire_783_mb_left_kc512_s702,443,incoming_l1,role_random,2,50,supervised,15,0.012164010698350812
flywire_783_mb_left_kc512_s702,443,incoming_l1,role_random,2,50,supervised,16,0.012142827986451209
flywire_783_mb_left_kc512_s702,443,incoming_l1,role_random,2,50,supervised,17,0.012124421674239511
flywire_783_mb_left_kc512_s702,443,incoming_l1,role_random,2,50,supervised,18,0.01210881090636601
flywire_783_mb_left_kc512_s702,443,incoming_l1,role_random,2,50,supervised,19,0.012094895351501964
flywire_783_mb_left_kc512_s702,443,incoming_l1,role_random,2,50,supervised,20,0.012082564776068755
flywire_783_mb_left_kc512_s702,443,incoming_l1,role_random,2,50,supervised,21,0.012071599910033334
flywire_783_mb_left_kc512_s702,443,incoming_l1,role_random,2,50,supervised,22,0.01206182620416208
flywire_783_mb_left_kc512_s702,443,incoming_l1,role_random,2,50,supervised,23,0.01205303980248406
flywire_783_mb_left_kc512_s702,443,incoming_l1,role_random,2,50,supervised,24,0.01204502534409906
flywire_783_mb_left_kc512_s702,443,incoming_l1,role_random,2,50,supervised,25,0.012037877914172237
flywire_783_mb_left_kc512_s702,443,incoming_l1,role_random,2,50,supervised,26,0.012031437813409937
flywire_783_mb_left_kc512_s702,443,incoming_l1,role_random,2,50,supervised,27,0.012025593787671453
flywire_783_mb_left_kc512_s702,443,incoming_l1,role_random,2,50,supervised,28,0.012020269044849784
flywire_783_mb_left_kc512_s702,443,incoming_l1,role_random,2,50,supervised,29,0.01201539543912778
flywire_783_mb_left_kc512_s702,443,incoming_l1,role_random,2,50,supervised,30,0.012010967809837278
flywire_783_mb_left_kc512_s702,443,incoming_l1,role_random,2,50,permuted_teacher,1,0.014162561836840422
flywire_783_mb_left_kc512_s702,443,incoming_l1,role_random,2,50,permuted_teacher,2,0.01371889493784789
flywire_783_mb_left_kc512_s702,443,incoming_l1,role_random,2,50,permuted_teacher,3,0.013374643395366679
flywire_783_mb_left_kc512_s702,443,incoming_l1,role_random,2,50,permuted_teacher,4,0.013107685195441955
flywire_783_mb_left_kc512_s702,443,incoming_l1,role_random,2,50,permuted_teacher,5,0.012907933045546391
flywire_783_mb_left_kc512_s702,443,incoming_l1,role_random,2,50,permuted_teacher,6,0.012758101457712006
flywire_783_mb_left_kc512_s702,443,incoming_l1,role_random,2,50,permuted_teacher,7,0.01264575906111496
flywire_783_mb_left_kc512_s702,443,incoming_l1,role_random,2,50,permuted_teacher,8,0.012556855206097393
flywire_783_mb_left_kc512_s702,443,incoming_l1,role_random,2,50,permuted_teacher,9,0.012484425106678541
flywire_783_mb_left_kc512_s702,443,incoming_l1,role_random,2,50,permuted_teacher,10,0.012425340212024466
flywire_783_mb_left_kc512_s702,443,incoming_l1,role_random,2,50,permuted_teacher,11,0.012377384736387512
flywire_783_mb_left_kc512_s702,443,incoming_l1,role_random,2,50,permuted_teacher,12,0.012337478472812947
flywire_783_mb_left_kc512_s702,443,incoming_l1,role_random,2,50,permuted_teacher,13,0.0123043185715885
flywire_783_mb_left_kc512_s702,443,incoming_l1,role_random,2,50,permuted_teacher,14,0.012276029568263043
flywire_783_mb_left_kc512_s702,443,incoming_l1,role_random,2,50,permuted_teacher,15,0.012251988629672118
flywire_783_mb_left_kc512_s702,443,incoming_l1,role_random,2,50,permuted_teacher,16,0.012231179791070685
flywire_783_mb_left_kc512_s702,443,incoming_l1,role_random,2,50,permuted_teacher,17,0.012212883428419485
flywire_783_mb_left_kc512_s702,443,incoming_l1,role_random,2,50,permuted_teacher,18,0.012196812791665979
flywire_783_mb_left_kc512_s702,443,incoming_l1,role_random,2,50,permuted_teacher,19,0.012182908428296746
flywire_783_mb_left_kc512_s702,443,incoming_l1,role_random,2,50,permuted_teacher,20,0.0121708595347172
flywire_783_mb_left_kc512_s702,443,incoming_l1,role_random,2,50,permuted_teacher,21,0.012160095159559415
flywire_783_mb_left_kc512_s702,443,incoming_l1,role_random,2,50,permuted_teacher,22,0.01215038534048516
flywire_783_mb_left_kc512_s702,443,incoming_l1,role_random,2,50,permuted_teacher,23,0.012141587960943626
flywire_783_mb_left_kc512_s702,443,incoming_l1,role_random,2,50,permuted_teacher,24,0.01213374281523148
flywire_783_mb_left_kc512_s702,443,incoming_l1,role_random,2,50,permuted_teacher,25,0.012126661223047888
flywire_783_mb_left_kc512_s702,443,incoming_l1,role_random,2,50,permuted_teacher,26,0.01212012098971061
flywire_783_mb_left_kc512_s702,443,incoming_l1,role_random,2,50,permuted_teacher,27,0.012114167815862897
flywire_783_mb_left_kc512_s702,443,incoming_l1,role_random,2,50,permuted_teacher,28,0.012108786724594358
flywire_783_mb_left_kc512_s702,443,incoming_l1,role_random,2,50,permuted_teacher,29,0.012103874956505795
flywire_783_mb_left_kc512_s702,443,incoming_l1,role_random,2,50,permuted_teacher,30,0.012099334090858081
flywire_783_mb_left_kc512_s702,443,incoming_l1,role_random,2,200,supervised,1,0.01370741628879099
flywire_783_mb_left_kc512_s702,443,incoming_l1,role_random,2,200,supervised,2,0.012943733795845527
flywire_783_mb_left_kc512_s702,443,incoming_l1,role_random,2,200,supervised,3,0.012668686015692819
flywire_783_mb_left_kc512_s702,443,incoming_l1,role_random,2,200,supervised,4,0.012548844745467544
flywire_783_mb_left_kc512_s702,443,incoming_l1,role_random,2,200,supervised,5,0.012483465081786452
flywire_783_mb_left_kc512_s702,443,incoming_l1,role_random,2,200,supervised,6,0.01244427666387249
flywire_783_mb_left_kc512_s702,443,incoming_l1,role_random,2,200,supervised,7,0.012418763364967673
flywire_783_mb_left_kc512_s702,443,incoming_l1,role_random,2,200,supervised,8,0.012401167843488693
flywire_783_mb_left_kc512_s702,443,incoming_l1,role_random,2,200,supervised,9,0.012388276114641229
flywire_783_mb_left_kc512_s702,443,incoming_l1,role_random,2,200,supervised,10,0.012378827819030923
flywire_783_mb_left_kc512_s702,443,incoming_l1,role_random,2,200,supervised,11,0.012371833120388516
flywire_783_mb_left_kc512_s702,443,incoming_l1,role_random,2,200,supervised,12,0.012366359873285788
flywire_783_mb_left_kc512_s702,443,incoming_l1,role_random,2,200,supervised,13,0.012361948748794085
flywire_783_mb_left_kc512_s702,443,incoming_l1,role_random,2,200,supervised,14,0.012358422275777476
flywire_783_mb_left_kc512_s702,443,incoming_l1,role_random,2,200,supervised,15,0.012355608595698061
flywire_783_mb_left_kc512_s702,443,incoming_l1,role_random,2,200,supervised,16,0.012353328056839342
flywire_783_mb_left_kc512_s702,443,incoming_l1,role_random,2,200,supervised,17,0.012351432573028492
flywire_783_mb_left_kc512_s702,443,incoming_l1,role_random,2,200,supervised,18,0.012349832195604721
flywire_783_mb_left_kc512_s702,443,incoming_l1,role_random,2,200,supervised,19,0.012348555508112353
flywire_783_mb_left_kc512_s702,443,incoming_l1,role_random,2,200,supervised,20,0.012347520249975263
flywire_783_mb_left_kc512_s702,443,incoming_l1,role_random,2,200,supervised,21,0.012346626261410417
flywire_783_mb_left_kc512_s702,443,incoming_l1,role_random,2,200,supervised,22,0.012345829152279076
flywire_783_mb_left_kc512_s702,443,incoming_l1,role_random,2,200,supervised,23,0.012345136456743252
flywire_783_mb_left_kc512_s702,443,incoming_l1,role_random,2,200,supervised,24,0.0123445266344266
flywire_783_mb_left_kc512_s702,443,incoming_l1,role_random,2,200,supervised,25,0.012343973043668324
flywire_783_mb_left_kc512_s702,443,incoming_l1,role_random,2,200,supervised,26,0.012343491781945706
flywire_783_mb_left_kc512_s702,443,incoming_l1,role_random,2,200,supervised,27,0.012343074613096059
flywire_783_mb_left_kc512_s702,443,incoming_l1,role_random,2,200,supervised,28,0.012342696409963966
flywire_783_mb_left_kc512_s702,443,incoming_l1,role_random,2,200,supervised,29,0.012342349979054423
flywire_783_mb_left_kc512_s702,443,incoming_l1,role_random,2,200,supervised,30,0.012342028646412928
flywire_783_mb_left_kc512_s702,443,incoming_l1,role_random,2,200,permuted_teacher,1,0.013672488383330367
flywire_783_mb_left_kc512_s702,443,incoming_l1,role_random,2,200,permuted_teacher,2,0.012899001708824626
flywire_783_mb_left_kc512_s702,443,incoming_l1,role_random,2,200,permuted_teacher,3,0.012626172869739887
flywire_783_mb_left_kc512_s702,443,incoming_l1,role_random,2,200,permuted_teacher,4,0.012509380113656092
flywire_783_mb_left_kc512_s702,443,incoming_l1,role_random,2,200,permuted_teacher,5,0.012446700921970281
flywire_783_mb_left_kc512_s702,443,incoming_l1,role_random,2,200,permuted_teacher,6,0.01240965237466259
flywire_783_mb_left_kc512_s702,443,incoming_l1,role_random,2,200,permuted_teacher,7,0.012386484883968256
flywire_783_mb_left_kc512_s702,443,incoming_l1,role_random,2,200,permuted_teacher,8,0.012371210463684511
flywire_783_mb_left_kc512_s702,443,incoming_l1,role_random,2,200,permuted_teacher,9,0.012360753155860495
flywire_783_mb_left_kc512_s702,443,incoming_l1,role_random,2,200,permuted_teacher,10,0.012353454700392615
flywire_783_mb_left_kc512_s702,443,incoming_l1,role_random,2,200,permuted_teacher,11,0.012348047286039374
flywire_783_mb_left_kc512_s702,443,incoming_l1,role_random,2,200,permuted_teacher,12,0.012343950689626546
flywire_783_mb_left_kc512_s702,443,incoming_l1,role_random,2,200,permuted_teacher,13,0.012340723562595848
flywire_783_mb_left_kc512_s702,443,incoming_l1,role_random,2,200,permuted_teacher,14,0.012338172055476052
flywire_783_mb_left_kc512_s702,443,incoming_l1,role_random,2,200,permuted_teacher,15,0.012336152647541482
flywire_783_mb_left_kc512_s702,443,incoming_l1,role_random,2,200,permuted_teacher,16,0.012334493607531829
flywire_783_mb_left_kc512_s702,443,incoming_l1,role_random,2,200,permuted_teacher,17,0.012333128950532457
flywire_783_mb_left_kc512_s702,443,incoming_l1,role_random,2,200,permuted_teacher,18,0.012331983923857108
flywire_783_mb_left_kc512_s702,443,incoming_l1,role_random,2,200,permuted_teacher,19,0.012331023098139545
flywire_783_mb_left_kc512_s702,443,incoming_l1,role_random,2,200,permuted_teacher,20,0.012330221544578754
flywire_783_mb_left_kc512_s702,443,incoming_l1,role_random,2,200,permuted_teacher,21,0.012329569221633009
flywire_783_mb_left_kc512_s702,443,incoming_l1,role_random,2,200,permuted_teacher,22,0.012329000216194576
flywire_783_mb_left_kc512_s702,443,incoming_l1,role_random,2,200,permuted_teacher,23,0.012328494170033807
flywire_783_mb_left_kc512_s702,443,incoming_l1,role_random,2,200,permuted_teacher,24,0.012328038029960126
flywire_783_mb_left_kc512_s702,443,incoming_l1,role_random,2,200,permuted_teacher,25,0.012327667634153333
flywire_783_mb_left_kc512_s702,443,incoming_l1,role_random,2,200,permuted_teacher,26,0.012327371748500968
flywire_783_mb_left_kc512_s702,443,incoming_l1,role_random,2,200,permuted_teacher,27,0.012327123781079318
flywire_783_mb_left_kc512_s702,443,incoming_l1,role_random,2,200,permuted_teacher,28,0.012326903792392941
flywire_783_mb_left_kc512_s702,443,incoming_l1,role_random,2,200,permuted_teacher,29,0.012326706822674735
flywire_783_mb_left_kc512_s702,443,incoming_l1,role_random,2,200,permuted_teacher,30,0.012326534851600545
flywire_783_mb_left_kc512_s702,444,spectral,fly,1,50,supervised,1,0.016820313026777323
flywire_783_mb_left_kc512_s702,444,spectral,fly,1,50,supervised,2,0.01628910756566987
flywire_783_mb_left_kc512_s702,444,spectral,fly,1,50,supervised,3,0.015954825066883345
flywire_783_mb_left_kc512_s702,444,spectral,fly,1,50,supervised,4,0.015753192180940914
flywire_783_mb_left_kc512_s702,444,spectral,fly,1,50,supervised,5,0.01562913970777153
flywire_783_mb_left_kc512_s702,444,spectral,fly,1,50,supervised,6,0.015547373357194267
flywire_783_mb_left_kc512_s702,444,spectral,fly,1,50,supervised,7,0.015490145569935323
flywire_783_mb_left_kc512_s702,444,spectral,fly,1,50,supervised,8,0.015449237461674198
flywire_783_mb_left_kc512_s702,444,spectral,fly,1,50,supervised,9,0.015419132667997052
flywire_783_mb_left_kc512_s702,444,spectral,fly,1,50,supervised,10,0.015395730417963818
flywire_783_mb_left_kc512_s702,444,spectral,fly,1,50,supervised,11,0.015376505245248596
flywire_783_mb_left_kc512_s702,444,spectral,fly,1,50,supervised,12,0.015360190854010044
flywire_783_mb_left_kc512_s702,444,spectral,fly,1,50,supervised,13,0.015346104022227159
flywire_783_mb_left_kc512_s702,444,spectral,fly,1,50,supervised,14,0.015333741760987741
flywire_783_mb_left_kc512_s702,444,spectral,fly,1,50,supervised,15,0.015323148181526202
flywire_783_mb_left_kc512_s702,444,spectral,fly,1,50,supervised,16,0.015313803667364295
flywire_783_mb_left_kc512_s702,444,spectral,fly,1,50,supervised,17,0.015305074946533923
flywire_783_mb_left_kc512_s702,444,spectral,fly,1,50,supervised,18,0.015297075916854802
flywire_783_mb_left_kc512_s702,444,spectral,fly,1,50,supervised,19,0.015289819971884005
flywire_783_mb_left_kc512_s702,444,spectral,fly,1,50,supervised,20,0.015283141930972634
flywire_783_mb_left_kc512_s702,444,spectral,fly,1,50,supervised,21,0.015276898973394895
flywire_783_mb_left_kc512_s702,444,spectral,fly,1,50,supervised,22,0.015271031590974034
flywire_783_mb_left_kc512_s702,444,spectral,fly,1,50,supervised,23,0.015265725585917265
flywire_783_mb_left_kc512_s702,444,spectral,fly,1,50,supervised,24,0.015260892122260814
flywire_783_mb_left_kc512_s702,444,spectral,fly,1,50,supervised,25,0.015256464272529462
flywire_783_mb_left_kc512_s702,444,spectral,fly,1,50,supervised,26,0.015252412779085178
flywire_783_mb_left_kc512_s702,444,spectral,fly,1,50,supervised,27,0.015248678482134946
flywire_783_mb_left_kc512_s702,444,spectral,fly,1,50,supervised,28,0.01524521991866919
flywire_783_mb_left_kc512_s702,444,spectral,fly,1,50,supervised,29,0.015242040345056782
flywire_783_mb_left_kc512_s702,444,spectral,fly,1,50,supervised,30,0.01523908210528348
flywire_783_mb_left_kc512_s702,444,spectral,fly,1,50,permuted_teacher,1,0.016825463054822527
flywire_783_mb_left_kc512_s702,444,spectral,fly,1,50,permuted_teacher,2,0.016333501026517896
flywire_783_mb_left_kc512_s702,444,spectral,fly,1,50,permuted_teacher,3,0.016027600060570787
flywire_783_mb_left_kc512_s702,444,spectral,fly,1,50,permuted_teacher,4,0.0158462994910591
flywire_783_mb_left_kc512_s702,444,spectral,fly,1,50,permuted_teacher,5,0.01573784080826069
flywire_783_mb_left_kc512_s702,444,spectral,fly,1,50,permuted_teacher,6,0.01566754048279101
flywire_783_mb_left_kc512_s702,444,spectral,fly,1,50,permuted_teacher,7,0.015619604479518963
flywire_783_mb_left_kc512_s702,444,spectral,fly,1,50,permuted_teacher,8,0.015586653642778196
flywire_783_mb_left_kc512_s702,444,spectral,fly,1,50,permuted_teacher,9,0.015562725593331555
flywire_783_mb_left_kc512_s702,444,spectral,fly,1,50,permuted_teacher,10,0.015544125212228232
flywire_783_mb_left_kc512_s702,444,spectral,fly,1,50,permuted_teacher,11,0.015528983147465373
flywire_783_mb_left_kc512_s702,444,spectral,fly,1,50,permuted_teacher,12,0.015516604093866283
flywire_783_mb_left_kc512_s702,444,spectral,fly,1,50,permuted_teacher,13,0.015506059638299497
flywire_783_mb_left_kc512_s702,444,spectral,fly,1,50,permuted_teacher,14,0.015496596032733418
flywire_783_mb_left_kc512_s702,444,spectral,fly,1,50,permuted_teacher,15,0.015488339273520816
flywire_783_mb_left_kc512_s702,444,spectral,fly,1,50,permuted_teacher,16,0.015481200013341561
flywire_783_mb_left_kc512_s702,444,spectral,fly,1,50,permuted_teacher,17,0.015474780546865456
flywire_783_mb_left_kc512_s702,444,spectral,fly,1,50,permuted_teacher,18,0.015468925107782557
flywire_783_mb_left_kc512_s702,444,spectral,fly,1,50,permuted_teacher,19,0.015463574146690886
flywire_783_mb_left_kc512_s702,444,spectral,fly,1,50,permuted_teacher,20,0.015458572161991233
flywire_783_mb_left_kc512_s702,444,spectral,fly,1,50,permuted_teacher,21,0.015453981497067027
flywire_783_mb_left_kc512_s702,444,spectral,fly,1,50,permuted_teacher,22,0.015449736004161684
flywire_783_mb_left_kc512_s702,444,spectral,fly,1,50,permuted_teacher,23,0.015445853194852905
flywire_783_mb_left_kc512_s702,444,spectral,fly,1,50,permuted_teacher,24,0.015442195520961259
flywire_783_mb_left_kc512_s702,444,spectral,fly,1,50,permuted_teacher,25,0.015438740576599668
flywire_783_mb_left_kc512_s702,444,spectral,fly,1,50,permuted_teacher,26,0.015435435651652432
flywire_783_mb_left_kc512_s702,444,spectral,fly,1,50,permuted_teacher,27,0.015432350336036736
flywire_783_mb_left_kc512_s702,444,spectral,fly,1,50,permuted_teacher,28,0.015429486477885826
flywire_783_mb_left_kc512_s702,444,spectral,fly,1,50,permuted_teacher,29,0.015426780780406747
flywire_783_mb_left_kc512_s702,444,spectral,fly,1,50,permuted_teacher,30,0.015424274098920561
flywire_783_mb_left_kc512_s702,444,spectral,fly,1,200,supervised,1,0.01662498145424806
flywire_783_mb_left_kc512_s702,444,spectral,fly,1,200,supervised,2,0.016137715652658067
flywire_783_mb_left_kc512_s702,444,spectral,fly,1,200,supervised,3,0.016067752393853277
flywire_783_mb_left_kc512_s702,444,spectral,fly,1,200,supervised,4,0.016045773344310225
flywire_783_mb_left_kc512_s702,444,spectral,fly,1,200,supervised,5,0.01603179586385338
flywire_783_mb_left_kc512_s702,444,spectral,fly,1,200,supervised,6,0.016021224178827974
flywire_783_mb_left_kc512_s702,444,spectral,fly,1,200,supervised,7,0.0160141770532615
flywire_783_mb_left_kc512_s702,444,spectral,fly,1,200,supervised,8,0.01600955546784617
flywire_783_mb_left_kc512_s702,444,spectral,fly,1,200,supervised,9,0.016006393871446742
flywire_783_mb_left_kc512_s702,444,spectral,fly,1,200,supervised,10,0.016004345004296476
flywire_783_mb_left_kc512_s702,444,spectral,fly,1,200,supervised,11,0.016002984670559387
flywire_783_mb_left_kc512_s702,444,spectral,fly,1,200,supervised,12,0.016001969334840833
flywire_783_mb_left_kc512_s702,444,spectral,fly,1,200,supervised,13,0.016001158373912992
flywire_783_mb_left_kc512_s702,444,spectral,fly,1,200,supervised,14,0.016000495299791657
flywire_783_mb_left_kc512_s702,444,spectral,fly,1,200,supervised,15,0.015999972089713127
flywire_783_mb_left_kc512_s702,444,spectral,fly,1,200,supervised,16,0.01599952311324805
flywire_783_mb_left_kc512_s702,444,spectral,fly,1,200,supervised,17,0.0159991347589779
flywire_783_mb_left_kc512_s702,444,spectral,fly,1,200,supervised,18,0.015998803034571216
flywire_783_mb_left_kc512_s702,444,spectral,fly,1,200,supervised,19,0.015998503746216055
flywire_783_mb_left_kc512_s702,444,spectral,fly,1,200,supervised,20,0.01599822765529892
flywire_783_mb_left_kc512_s702,444,spectral,fly,1,200,supervised,21,0.015997973235744995
flywire_783_mb_left_kc512_s702,444,spectral,fly,1,200,supervised,22,0.015997736661403708
flywire_783_mb_left_kc512_s702,444,spectral,fly,1,200,supervised,23,0.01599752232394448
flywire_783_mb_left_kc512_s702,444,spectral,fly,1,200,supervised,24,0.015997327573176606
flywire_783_mb_left_kc512_s702,444,spectral,fly,1,200,supervised,25,0.015997144489530466
flywire_783_mb_left_kc512_s702,444,spectral,fly,1,200,supervised,26,0.015996980472686034
flywire_783_mb_left_kc512_s702,444,spectral,fly,1,200,supervised,27,0.015996823995327203
flywire_783_mb_left_kc512_s702,444,spectral,fly,1,200,supervised,28,0.015996675523935053
flywire_783_mb_left_kc512_s702,444,spectral,fly,1,200,supervised,29,0.015996540990718844
flywire_783_mb_left_kc512_s702,444,spectral,fly,1,200,supervised,30,0.015996417989011177
flywire_783_mb_left_kc512_s702,444,spectral,fly,1,200,permuted_teacher,1,0.016603837014669595
flywire_783_mb_left_kc512_s702,444,spectral,fly,1,200,permuted_teacher,2,0.016110317113919016
flywire_783_mb_left_kc512_s702,444,spectral,fly,1,200,permuted_teacher,3,0.016039046773700272
flywire_783_mb_left_kc512_s702,444,spectral,fly,1,200,permuted_teacher,4,0.016016503197529668
flywire_783_mb_left_kc512_s702,444,spectral,fly,1,200,permuted_teacher,5,0.016002255534622194
flywire_783_mb_left_kc512_s702,444,spectral,fly,1,200,permuted_teacher,6,0.015991744901134402
flywire_783_mb_left_kc512_s702,444,spectral,fly,1,200,permuted_teacher,7,0.015984813089750537
flywire_783_mb_left_kc512_s702,444,spectral,fly,1,200,permuted_teacher,8,0.01598014859128425
flywire_783_mb_left_kc512_s702,444,spectral,fly,1,200,permuted_teacher,9,0.015976779866504583
flywire_783_mb_left_kc512_s702,444,spectral,fly,1,200,permuted_teacher,10,0.01597436859346092
flywire_783_mb_left_kc512_s702,444,spectral,fly,1,200,permuted_teacher,11,0.01597259212657439
flywire_783_mb_left_kc512_s702,444,spectral,fly,1,200,permuted_teacher,12,0.015971314058703615
flywire_783_mb_left_kc512_s702,444,spectral,fly,1,200,permuted_teacher,13,0.015970314927401752
flywire_783_mb_left_kc512_s702,444,spectral,fly,1,200,permuted_teacher,14,0.015969451578042308
flywire_783_mb_left_kc512_s702,444,spectral,fly,1,200,permuted_teacher,15,0.015968786729595928
flywire_783_mb_left_kc512_s702,444,spectral,fly,1,200,permuted_teacher,16,0.015968296943576318
flywire_783_mb_left_kc512_s702,444,spectral,fly,1,200,permuted_teacher,17,0.015967895687001275
flywire_783_mb_left_kc512_s702,444,spectral,fly,1,200,permuted_teacher,18,0.01596759578185335
flywire_783_mb_left_kc512_s702,444,spectral,fly,1,200,permuted_teacher,19,0.015967421860189717
flywire_783_mb_left_kc512_s702,444,spectral,fly,1,200,permuted_teacher,20,0.015967271437566842
flywire_783_mb_left_kc512_s702,444,spectral,fly,1,200,permuted_teacher,21,0.015967156711978292
flywire_783_mb_left_kc512_s702,444,spectral,fly,1,200,permuted_teacher,22,0.015967057281197124
flywire_783_mb_left_kc512_s702,444,spectral,fly,1,200,permuted_teacher,23,0.015966965859041133
flywire_783_mb_left_kc512_s702,444,spectral,fly,1,200,permuted_teacher,24,0.01596687796945805
flywire_783_mb_left_kc512_s702,444,spectral,fly,1,200,permuted_teacher,25,0.015966790307417718
flywire_783_mb_left_kc512_s702,444,spectral,fly,1,200,permuted_teacher,26,0.015966711691532985
flywire_783_mb_left_kc512_s702,444,spectral,fly,1,200,permuted_teacher,27,0.015966635525519118
flywire_783_mb_left_kc512_s702,444,spectral,fly,1,200,permuted_teacher,28,0.015966563128203416
flywire_783_mb_left_kc512_s702,444,spectral,fly,1,200,permuted_teacher,29,0.015966499007403687
flywire_783_mb_left_kc512_s702,444,spectral,fly,1,200,permuted_teacher,30,0.015966428319699008
flywire_783_mb_left_kc512_s702,444,spectral,fly,2,50,supervised,1,0.016913373557930874
flywire_783_mb_left_kc512_s702,444,spectral,fly,2,50,supervised,2,0.01637821155023084
flywire_783_mb_left_kc512_s702,444,spectral,fly,2,50,supervised,3,0.016042683560072026
flywire_783_mb_left_kc512_s702,444,spectral,fly,2,50,supervised,4,0.015841443935747664
flywire_783_mb_left_kc512_s702,444,spectral,fly,2,50,supervised,5,0.015718597909603838
flywire_783_mb_left_kc512_s702,444,spectral,fly,2,50,supervised,6,0.01563714534930688
flywire_783_mb_left_kc512_s702,444,spectral,fly,2,50,supervised,7,0.015580060208540402
flywire_783_mb_left_kc512_s702,444,spectral,fly,2,50,supervised,8,0.01554009528838069
flywire_783_mb_left_kc512_s702,444,spectral,fly,2,50,supervised,9,0.015510880961656297
flywire_783_mb_left_kc512_s702,444,spectral,fly,2,50,supervised,10,0.015489365905091125
flywire_783_mb_left_kc512_s702,444,spectral,fly,2,50,supervised,11,0.015472063916853606
flywire_783_mb_left_kc512_s702,444,spectral,fly,2,50,supervised,12,0.01545783841374553
flywire_783_mb_left_kc512_s702,444,spectral,fly,2,50,supervised,13,0.015446254725362237
flywire_783_mb_left_kc512_s702,444,spectral,fly,2,50,supervised,14,0.015436774243562162
flywire_783_mb_left_kc512_s702,444,spectral,fly,2,50,supervised,15,0.015428495860048663
flywire_783_mb_left_kc512_s702,444,spectral,fly,2,50,supervised,16,0.01542132392620929
flywire_783_mb_left_kc512_s702,444,spectral,fly,2,50,supervised,17,0.015415144328114135
flywire_783_mb_left_kc512_s702,444,spectral,fly,2,50,supervised,18,0.015409588649525213
flywire_783_mb_left_kc512_s702,444,spectral,fly,2,50,supervised,19,0.015404552571884002
flywire_783_mb_left_kc512_s702,444,spectral,fly,2,50,supervised,20,0.015400048014865669
flywire_783_mb_left_kc512_s702,444,spectral,fly,2,50,supervised,21,0.01539607813906077
flywire_783_mb_left_kc512_s702,444,spectral,fly,2,50,supervised,22,0.015392532187174873
flywire_783_mb_left_kc512_s702,444,spectral,fly,2,50,supervised,23,0.015389357771653882
flywire_783_mb_left_kc512_s702,444,spectral,fly,2,50,supervised,24,0.015386558060439091
flywire_783_mb_left_kc512_s702,444,spectral,fly,2,50,supervised,25,0.015384129477394811
flywire_783_mb_left_kc512_s702,444,spectral,fly,2,50,supervised,26,0.015381930300520938
flywire_783_mb_left_kc512_s702,444,spectral,fly,2,50,supervised,27,0.015379945855628645
flywire_783_mb_left_kc512_s702,444,spectral,fly,2,50,supervised,28,0.01537817819994968
flywire_783_mb_left_kc512_s702,444,spectral,fly,2,50,supervised,29,0.015376573288566385
flywire_783_mb_left_kc512_s702,444,spectral,fly,2,50,supervised,30,0.01537514755820614
flywire_783_mb_left_kc512_s702,444,spectral,fly,2,50,permuted_teacher,1,0.01692336584517393
flywire_783_mb_left_kc512_s702,444,spectral,fly,2,50,permuted_teacher,2,0.016412160701301155
flywire_783_mb_left_kc512_s702,444,spectral,fly,2,50,permuted_teacher,3,0.016095139009168678
flywire_783_mb_left_kc512_s702,444,spectral,fly,2,50,permuted_teacher,4,0.015908477639636886
flywire_783_mb_left_kc512_s702,444,spectral,fly,2,50,permuted_teacher,5,0.015796938306547104
flywire_783_mb_left_kc512_s702,444,spectral,fly,2,50,permuted_teacher,6,0.015722848774577823
flywire_783_mb_left_kc512_s702,444,spectral,fly,2,50,permuted_teacher,7,0.0156720530973018
flywire_783_mb_left_kc512_s702,444,spectral,fly,2,50,permuted_teacher,8,0.015636671520947935
flywire_783_mb_left_kc512_s702,444,spectral,fly,2,50,permuted_teacher,9,0.0156107296004804
flywire_783_mb_left_kc512_s702,444,spectral,fly,2,50,permuted_teacher,10,0.015590900657554063
flywire_783_mb_left_kc512_s702,444,spectral,fly,2,50,permuted_teacher,11,0.01557468409105007
flywire_783_mb_left_kc512_s702,444,spectral,fly,2,50,permuted_teacher,12,0.01556104529345739
flywire_783_mb_left_kc512_s702,444,spectral,fly,2,50,permuted_teacher,13,0.0155496089619818
flywire_783_mb_left_kc512_s702,444,spectral,fly,2,50,permuted_teacher,14,0.015539627657529654
flywire_783_mb_left_kc512_s702,444,spectral,fly,2,50,permuted_teacher,15,0.015530677464448497
flywire_783_mb_left_kc512_s702,444,spectral,fly,2,50,permuted_teacher,16,0.015522801023864705
flywire_783_mb_left_kc512_s702,444,spectral,fly,2,50,permuted_teacher,17,0.015515764806705185
flywire_783_mb_left_kc512_s702,444,spectral,fly,2,50,permuted_teacher,18,0.015509414083224357
flywire_783_mb_left_kc512_s702,444,spectral,fly,2,50,permuted_teacher,19,0.015503780014724374
flywire_783_mb_left_kc512_s702,444,spectral,fly,2,50,permuted_teacher,20,0.015498835473704014
flywire_783_mb_left_kc512_s702,444,spectral,fly,2,50,permuted_teacher,21,0.015494353233184035
flywire_783_mb_left_kc512_s702,444,spectral,fly,2,50,permuted_teacher,22,0.01549020938043185
flywire_783_mb_left_kc512_s702,444,spectral,fly,2,50,permuted_teacher,23,0.015486453077398663
flywire_783_mb_left_kc512_s702,444,spectral,fly,2,50,permuted_teacher,24,0.0154831178399357
flywire_783_mb_left_kc512_s702,444,spectral,fly,2,50,permuted_teacher,25,0.015479977215847929
flywire_783_mb_left_kc512_s702,444,spectral,fly,2,50,permuted_teacher,26,0.015477010324107046
flywire_783_mb_left_kc512_s702,444,spectral,fly,2,50,permuted_teacher,27,0.015474325428804812
flywire_783_mb_left_kc512_s702,444,spectral,fly,2,50,permuted_teacher,28,0.015471943151376831
flywire_783_mb_left_kc512_s702,444,spectral,fly,2,50,permuted_teacher,29,0.015469772467468348
flywire_783_mb_left_kc512_s702,444,spectral,fly,2,50,permuted_teacher,30,0.015467796190399868
flywire_783_mb_left_kc512_s702,444,spectral,fly,2,200,supervised,1,0.01665095245531037
flywire_783_mb_left_kc512_s702,444,spectral,fly,2,200,supervised,2,0.016150566643414785
flywire_783_mb_left_kc512_s702,444,spectral,fly,2,200,supervised,3,0.0160706512289806
flywire_783_mb_left_kc512_s702,444,spectral,fly,2,200,supervised,4,0.016044161751068334
flywire_783_mb_left_kc512_s702,444,spectral,fly,2,200,supervised,5,0.01602871273319424
flywire_783_mb_left_kc512_s702,444,spectral,fly,2,200,supervised,6,0.016017780144992368
flywire_783_mb_left_kc512_s702,444,spectral,fly,2,200,supervised,7,0.01601065859592244
flywire_783_mb_left_kc512_s702,444,spectral,fly,2,200,supervised,8,0.016005980869630867
flywire_783_mb_left_kc512_s702,444,spectral,fly,2,200,supervised,9,0.016002891638674487
flywire_783_mb_left_kc512_s702,444,spectral,fly,2,200,supervised,10,0.01600098273399146
flywire_783_mb_left_kc512_s702,444,spectral,fly,2,200,supervised,11,0.015999836679075476
flywire_783_mb_left_kc512_s702,444,spectral,fly,2,200,supervised,12,0.015999092985087292
flywire_783_mb_left_kc512_s702,444,spectral,fly,2,200,supervised,13,0.015998561898417876
flywire_783_mb_left_kc512_s702,444,spectral,fly,2,200,supervised,14,0.01599817347741218
flywire_783_mb_left_kc512_s702,444,spectral,fly,2,200,supervised,15,0.01599788672392473
flywire_783_mb_left_kc512_s702,444,spectral,fly,2,200,supervised,16,0.015997689406642507
flywire_783_mb_left_kc512_s702,444,spectral,fly,2,200,supervised,17,0.01599751619682614
flywire_783_mb_left_kc512_s702,444,spectral,fly,2,200,supervised,18,0.015997381244091974
flywire_783_mb_left_kc512_s702,444,spectral,fly,2,200,supervised,19,0.015997272230770455
flywire_783_mb_left_kc512_s702,444,spectral,fly,2,200,supervised,20,0.015997195767121025
flywire_783_mb_left_kc512_s702,444,spectral,fly,2,200,supervised,21,0.01599713294527849
flywire_783_mb_left_kc512_s702,444,spectral,fly,2,200,supervised,22,0.015997079598084114
flywire_783_mb_left_kc512_s702,444,spectral,fly,2,200,supervised,23,0.01599703202628233
flywire_783_mb_left_kc512_s702,444,spectral,fly,2,200,supervised,24,0.015996995947661734
flywire_783_mb_left_kc512_s702,444,spectral,fly,2,200,supervised,25,0.01599697481426663
flywire_783_mb_left_kc512_s702,444,spectral,fly,2,200,supervised,26,0.015996949240060565
flywire_783_mb_left_kc512_s702,444,spectral,fly,2,200,supervised,27,0.01599692671552247
flywire_783_mb_left_kc512_s702,444,spectral,fly,2,200,supervised,28,0.0159969101976467
flywire_783_mb_left_kc512_s702,444,spectral,fly,2,200,supervised,29,0.015996895047273012
flywire_783_mb_left_kc512_s702,444,spectral,fly,2,200,supervised,30,0.015996880945480966
flywire_783_mb_left_kc512_s702,444,spectral,fly,2,200,permuted_teacher,1,0.016650627741775222
flywire_783_mb_left_kc512_s702,444,spectral,fly,2,200,permuted_teacher,2,0.016154563216176053
flywire_783_mb_left_kc512_s702,444,spectral,fly,2,200,permuted_teacher,3,0.016078236162787248
flywire_783_mb_left_kc512_s702,444,spectral,fly,2,200,permuted_teacher,4,0.016053335110221858
flywire_783_mb_left_kc512_s702,444,spectral,fly,2,200,permuted_teacher,5,0.01603736514434674
flywire_783_mb_left_kc512_s702,444,spectral,fly,2,200,permuted_teacher,6,0.0160253836935839
flywire_783_mb_left_kc512_s702,444,spectral,fly,2,200,permuted_teacher,7,0.016017051007123525
flywire_783_mb_left_kc512_s702,444,spectral,fly,2,200,permuted_teacher,8,0.016011339350939534
flywire_783_mb_left_kc512_s702,444,spectral,fly,2,200,permuted_teacher,9,0.016007241835468634
flywire_783_mb_left_kc512_s702,444,spectral,fly,2,200,permuted_teacher,10,0.016004375142709023
flywire_783_mb_left_kc512_s702,444,spectral,fly,2,200,permuted_teacher,11,0.016002431898685193
flywire_783_mb_left_kc512_s702,444,spectral,fly,2,200,permuted_teacher,12,0.016000958987727392
flywire_783_mb_left_kc512_s702,444,spectral,fly,2,200,permuted_teacher,13,0.0159997812107359
flywire_783_mb_left_kc512_s702,444,spectral,fly,2,200,permuted_teacher,14,0.015998852391502713
flywire_783_mb_left_kc512_s702,444,spectral,fly,2,200,permuted_teacher,15,0.015998072464428737
flywire_783_mb_left_kc512_s702,444,spectral,fly,2,200,permuted_teacher,16,0.01599744263290431
flywire_783_mb_left_kc512_s702,444,spectral,fly,2,200,permuted_teacher,17,0.015996945724690674
flywire_783_mb_left_kc512_s702,444,spectral,fly,2,200,permuted_teacher,18,0.015996583128398776
flywire_783_mb_left_kc512_s702,444,spectral,fly,2,200,permuted_teacher,19,0.015996296627238355
flywire_783_mb_left_kc512_s702,444,spectral,fly,2,200,permuted_teacher,20,0.015996054105455213
flywire_783_mb_left_kc512_s702,444,spectral,fly,2,200,permuted_teacher,21,0.01599586359086541
flywire_783_mb_left_kc512_s702,444,spectral,fly,2,200,permuted_teacher,22,0.015995689093372067
flywire_783_mb_left_kc512_s702,444,spectral,fly,2,200,permuted_teacher,23,0.015995542306589918
flywire_783_mb_left_kc512_s702,444,spectral,fly,2,200,permuted_teacher,24,0.015995412211716457
flywire_783_mb_left_kc512_s702,444,spectral,fly,2,200,permuted_teacher,25,0.015995294406145097
flywire_783_mb_left_kc512_s702,444,spectral,fly,2,200,permuted_teacher,26,0.015995184498514208
flywire_783_mb_left_kc512_s702,444,spectral,fly,2,200,permuted_teacher,27,0.015995080437890816
flywire_783_mb_left_kc512_s702,444,spectral,fly,2,200,permuted_teacher,28,0.015994991155085604
flywire_783_mb_left_kc512_s702,444,spectral,fly,2,200,permuted_teacher,29,0.015994906326178726
flywire_783_mb_left_kc512_s702,444,spectral,fly,2,200,permuted_teacher,30,0.0159948282006454
flywire_783_mb_left_kc512_s702,444,spectral,role_shuffled,1,50,supervised,1,0.016563144681022095
flywire_783_mb_left_kc512_s702,444,spectral,role_shuffled,1,50,supervised,2,0.016036521910679506
flywire_783_mb_left_kc512_s702,444,spectral,role_shuffled,1,50,supervised,3,0.015698336584740576
flywire_783_mb_left_kc512_s702,444,spectral,role_shuffled,1,50,supervised,4,0.015479614059647049
flywire_783_mb_left_kc512_s702,444,spectral,role_shuffled,1,50,supervised,5,0.015338981250365457
flywire_783_mb_left_kc512_s702,444,spectral,role_shuffled,1,50,supervised,6,0.015243571358508526
flywire_783_mb_left_kc512_s702,444,spectral,role_shuffled,1,50,supervised,7,0.015173843434534108
flywire_783_mb_left_kc512_s702,444,spectral,role_shuffled,1,50,supervised,8,0.015121602662967248
flywire_783_mb_left_kc512_s702,444,spectral,role_shuffled,1,50,supervised,9,0.015081786348453459
flywire_783_mb_left_kc512_s702,444,spectral,role_shuffled,1,50,supervised,10,0.015051178695495972
flywire_783_mb_left_kc512_s702,444,spectral,role_shuffled,1,50,supervised,11,0.01502737739390363
flywire_783_mb_left_kc512_s702,444,spectral,role_shuffled,1,50,supervised,12,0.015008891820123637
flywire_783_mb_left_kc512_s702,444,spectral,role_shuffled,1,50,supervised,13,0.014993612335676363
flywire_783_mb_left_kc512_s702,444,spectral,role_shuffled,1,50,supervised,14,0.01498064533849107
flywire_783_mb_left_kc512_s702,444,spectral,role_shuffled,1,50,supervised,15,0.014969519240241567
flywire_783_mb_left_kc512_s702,444,spectral,role_shuffled,1,50,supervised,16,0.014959828196514289
flywire_783_mb_left_kc512_s702,444,spectral,role_shuffled,1,50,supervised,17,0.014951244146575
flywire_783_mb_left_kc512_s702,444,spectral,role_shuffled,1,50,supervised,18,0.014943642465413649
flywire_783_mb_left_kc512_s702,444,spectral,role_shuffled,1,50,supervised,19,0.014936919737206601
flywire_783_mb_left_kc512_s702,444,spectral,role_shuffled,1,50,supervised,20,0.014930816952963383
flywire_783_mb_left_kc512_s702,444,spectral,role_shuffled,1,50,supervised,21,0.014925320585595519
flywire_783_mb_left_kc512_s702,444,spectral,role_shuffled,1,50,supervised,22,0.014920325086166211
flywire_783_mb_left_kc512_s702,444,spectral,role_shuffled,1,50,supervised,23,0.014915817203560264
flywire_783_mb_left_kc512_s702,444,spectral,role_shuffled,1,50,supervised,24,0.014911762890170401
flywire_783_mb_left_kc512_s702,444,spectral,role_shuffled,1,50,supervised,25,0.014908095569860948
flywire_783_mb_left_kc512_s702,444,spectral,role_shuffled,1,50,supervised,26,0.014904761787110598
flywire_783_mb_left_kc512_s702,444,spectral,role_shuffled,1,50,supervised,27,0.01490173648642231
flywire_783_mb_left_kc512_s702,444,spectral,role_shuffled,1,50,supervised,28,0.014898955982366228
flywire_783_mb_left_kc512_s702,444,spectral,role_shuffled,1,50,supervised,29,0.014896404351979036
flywire_783_mb_left_kc512_s702,444,spectral,role_shuffled,1,50,supervised,30,0.014894046176980641
flywire_783_mb_left_kc512_s702,444,spectral,role_shuffled,1,50,permuted_teacher,1,0.016612402113377406
flywire_783_mb_left_kc512_s702,444,spectral,role_shuffled,1,50,permuted_teacher,2,0.01611605144118341
flywire_783_mb_left_kc512_s702,444,spectral,role_shuffled,1,50,permuted_teacher,3,0.015797711313776643
flywire_783_mb_left_kc512_s702,444,spectral,role_shuffled,1,50,permuted_teacher,4,0.015592758514320265
flywire_783_mb_left_kc512_s702,444,spectral,role_shuffled,1,50,permuted_teacher,5,0.015461301786057091
flywire_783_mb_left_kc512_s702,444,spectral,role_shuffled,1,50,permuted_teacher,6,0.015371614777008649
flywire_783_mb_left_kc512_s702,444,spectral,role_shuffled,1,50,permuted_teacher,7,0.015305806070552314
flywire_783_mb_left_kc512_s702,444,spectral,role_shuffled,1,50,permuted_teacher,8,0.015256815113741405
flywire_783_mb_left_kc512_s702,444,spectral,role_shuffled,1,50,permuted_teacher,9,0.015219779794031815
flywire_783_mb_left_kc512_s702,444,spectral,role_shuffled,1,50,permuted_teacher,10,0.015191157684245907
flywire_783_mb_left_kc512_s702,444,spectral,role_shuffled,1,50,permuted_teacher,11,0.015168752405282638
flywire_783_mb_left_kc512_s702,444,spectral,role_shuffled,1,50,permuted_teacher,12,0.015151100333038015
flywire_783_mb_left_kc512_s702,444,spectral,role_shuffled,1,50,permuted_teacher,13,0.015136601479404054
flywire_783_mb_left_kc512_s702,444,spectral,role_shuffled,1,50,permuted_teacher,14,0.01512439936749733
flywire_783_mb_left_kc512_s702,444,spectral,role_shuffled,1,50,permuted_teacher,15,0.01511402050825009
flywire_783_mb_left_kc512_s702,444,spectral,role_shuffled,1,50,permuted_teacher,16,0.015105003387028975
flywire_783_mb_left_kc512_s702,444,spectral,role_shuffled,1,50,permuted_teacher,17,0.01509702409610389
flywire_783_mb_left_kc512_s702,444,spectral,role_shuffled,1,50,permuted_teacher,18,0.015089872659975636
flywire_783_mb_left_kc512_s702,444,spectral,role_shuffled,1,50,permuted_teacher,19,0.015083459990782302
flywire_783_mb_left_kc512_s702,444,spectral,role_shuffled,1,50,permuted_teacher,20,0.015077700539550381
flywire_783_mb_left_kc512_s702,444,spectral,role_shuffled,1,50,permuted_teacher,21,0.015072520797619974
flywire_783_mb_left_kc512_s702,444,spectral,role_shuffled,1,50,permuted_teacher,22,0.015067874891446474
flywire_783_mb_left_kc512_s702,444,spectral,role_shuffled,1,50,permuted_teacher,23,0.015063715926499474
flywire_783_mb_left_kc512_s702,444,spectral,role_shuffled,1,50,permuted_teacher,24,0.015059923979076364
flywire_783_mb_left_kc512_s702,444,spectral,role_shuffled,1,50,permuted_teacher,25,0.015056435357953453
flywire_783_mb_left_kc512_s702,444,spectral,role_shuffled,1,50,permuted_teacher,26,0.01505326191932863
flywire_783_mb_left_kc512_s702,444,spectral,role_shuffled,1,50,permuted_teacher,27,0.015050311629045045
flywire_783_mb_left_kc512_s702,444,spectral,role_shuffled,1,50,permuted_teacher,28,0.015047550669874279
flywire_783_mb_left_kc512_s702,444,spectral,role_shuffled,1,50,permuted_teacher,29,0.015044964808524639
flywire_783_mb_left_kc512_s702,444,spectral,role_shuffled,1,50,permuted_teacher,30,0.015042584589566211
flywire_783_mb_left_kc512_s702,444,spectral,role_shuffled,1,200,supervised,1,0.01648120905315476
flywire_783_mb_left_kc512_s702,444,spectral,role_shuffled,1,200,supervised,2,0.015910101839741463
flywire_783_mb_left_kc512_s702,444,spectral,role_shuffled,1,200,supervised,3,0.015784206455855616
flywire_783_mb_left_kc512_s702,444,spectral,role_shuffled,1,200,supervised,4,0.01574464060011275
flywire_783_mb_left_kc512_s702,444,spectral,role_shuffled,1,200,supervised,5,0.01572886814838672
flywire_783_mb_left_kc512_s702,444,spectral,role_shuffled,1,200,supervised,6,0.015721345623616507
flywire_783_mb_left_kc512_s702,444,spectral,role_shuffled,1,200,supervised,7,0.015716419258829276
flywire_783_mb_left_kc512_s702,444,spectral,role_shuffled,1,200,supervised,8,0.01571286190544537
flywire_783_mb_left_kc512_s702,444,spectral,role_shuffled,1,200,supervised,9,0.01571019030821903
flywire_783_mb_left_kc512_s702,444,spectral,role_shuffled,1,200,supervised,10,0.015708078292938396
flywire_783_mb_left_kc512_s702,444,spectral,role_shuffled,1,200,supervised,11,0.015706318875832747
flywire_783_mb_left_kc512_s702,444,spectral,role_shuffled,1,200,supervised,12,0.015704900177552918
flywire_783_mb_left_kc512_s702,444,spectral,role_shuffled,1,200,supervised,13,0.01570380894284413
flywire_783_mb_left_kc512_s702,444,spectral,role_shuffled,1,200,supervised,14,0.015702993546515935
flywire_783_mb_left_kc512_s702,444,spectral,role_shuffled,1,200,supervised,15,0.015702384942069846
flywire_783_mb_left_kc512_s702,444,spectral,role_shuffled,1,200,supervised,16,0.015701914041040176
flywire_783_mb_left_kc512_s702,444,spectral,role_shuffled,1,200,supervised,17,0.015701560301916932
flywire_783_mb_left_kc512_s702,444,spectral,role_shuffled,1,200,supervised,18,0.01570128635621598
flywire_783_mb_left_kc512_s702,444,spectral,role_shuffled,1,200,supervised,19,0.015701073564428732
flywire_783_mb_left_kc512_s702,444,spectral,role_shuffled,1,200,supervised,20,0.01570089888573227
flywire_783_mb_left_kc512_s702,444,spectral,role_shuffled,1,200,supervised,21,0.015700759937203008
flywire_783_mb_left_kc512_s702,444,spectral,role_shuffled,1,200,supervised,22,0.01570065412250173
flywire_783_mb_left_kc512_s702,444,spectral,role_shuffled,1,200,supervised,23,0.015700571806394704
flywire_783_mb_left_kc512_s702,444,spectral,role_shuffled,1,200,supervised,24,0.015700504766926564
flywire_783_mb_left_kc512_s702,444,spectral,role_shuffled,1,200,supervised,25,0.015700455242159534
flywire_783_mb_left_kc512_s702,444,spectral,role_shuffled,1,200,supervised,26,0.01570041329031604
flywire_783_mb_left_kc512_s702,444,spectral,role_shuffled,1,200,supervised,27,0.01570038534916408
flywire_783_mb_left_kc512_s702,444,spectral,role_shuffled,1,200,supervised,28,0.015700366943613972
flywire_783_mb_left_kc512_s702,444,spectral,role_shuffled,1,200,supervised,29,0.015700355954103195
flywire_783_mb_left_kc512_s702,444,spectral,role_shuffled,1,200,supervised,30,0.015700349348858958
flywire_783_mb_left_kc512_s702,444,spectral,role_shuffled,1,200,permuted_teacher,1,0.016452117438406553
flywire_783_mb_left_kc512_s702,444,spectral,role_shuffled,1,200,permuted_teacher,2,0.015867831845828222
flywire_783_mb_left_kc512_s702,444,spectral,role_shuffled,1,200,permuted_teacher,3,0.01573905747744458
flywire_783_mb_left_kc512_s702,444,spectral,role_shuffled,1,200,permuted_teacher,4,0.015699041513193963
flywire_783_mb_left_kc512_s702,444,spectral,role_shuffled,1,200,permuted_teacher,5,0.015681976540972635
flywire_783_mb_left_kc512_s702,444,spectral,role_shuffled,1,200,permuted_teacher,6,0.01567315174507862
flywire_783_mb_left_kc512_s702,444,spectral,role_shuffled,1,200,permuted_teacher,7,0.01566773223340931
flywire_783_mb_left_kc512_s702,444,spectral,role_shuffled,1,200,permuted_teacher,8,0.015663840842512447
flywire_783_mb_left_kc512_s702,444,spectral,role_shuffled,1,200,permuted_teacher,9,0.01566096888311628
flywire_783_mb_left_kc512_s702,444,spectral,role_shuffled,1,200,permuted_teacher,10,0.015658907424547834
flywire_783_mb_left_kc512_s702,444,spectral,role_shuffled,1,200,permuted_teacher,11,0.015657364365950187
flywire_783_mb_left_kc512_s702,444,spectral,role_shuffled,1,200,permuted_teacher,12,0.015656307904186404
flywire_783_mb_left_kc512_s702,444,spectral,role_shuffled,1,200,permuted_teacher,13,0.0156554624715928
flywire_783_mb_left_kc512_s702,444,spectral,role_shuffled,1,200,permuted_teacher,14,0.015654833872785684
flywire_783_mb_left_kc512_s702,444,spectral,role_shuffled,1,200,permuted_teacher,15,0.015654379014178946
flywire_783_mb_left_kc512_s702,444,spectral,role_shuffled,1,200,permuted_teacher,16,0.01565403298385431
flywire_783_mb_left_kc512_s702,444,spectral,role_shuffled,1,200,permuted_teacher,17,0.015653761867613098
flywire_783_mb_left_kc512_s702,444,spectral,role_shuffled,1,200,permuted_teacher,18,0.0156535460827234
flywire_783_mb_left_kc512_s702,444,spectral,role_shuffled,1,200,permuted_teacher,19,0.015653361816760886
flywire_783_mb_left_kc512_s702,444,spectral,role_shuffled,1,200,permuted_teacher,20,0.01565322183330356
flywire_783_mb_left_kc512_s702,444,spectral,role_shuffled,1,200,permuted_teacher,21,0.01565311312135998
flywire_783_mb_left_kc512_s702,444,spectral,role_shuffled,1,200,permuted_teacher,22,0.015653022303786103
flywire_783_mb_left_kc512_s702,444,spectral,role_shuffled,1,200,permuted_teacher,23,0.015652945920791538
flywire_783_mb_left_kc512_s702,444,spectral,role_shuffled,1,200,permuted_teacher,24,0.015652879710030668
flywire_783_mb_left_kc512_s702,444,spectral,role_shuffled,1,200,permuted_teacher,25,0.015652827842394055
flywire_783_mb_left_kc512_s702,444,spectral,role_shuffled,1,200,permuted_teacher,26,0.01565278814557617
flywire_783_mb_left_kc512_s702,444,spectral,role_shuffled,1,200,permuted_teacher,27,0.015652756210853415
flywire_783_mb_left_kc512_s702,444,spectral,role_shuffled,1,200,permuted_teacher,28,0.01565273039556203
flywire_783_mb_left_kc512_s702,444,spectral,role_shuffled,1,200,permuted_teacher,29,0.01565270484988602
flywire_783_mb_left_kc512_s702,444,spectral,role_shuffled,1,200,permuted_teacher,30,0.015652684909269438
flywire_783_mb_left_kc512_s702,444,spectral,role_shuffled,2,50,supervised,1,0.0166284963026351
flywire_783_mb_left_kc512_s702,444,spectral,role_shuffled,2,50,supervised,2,0.01610282696815678
flywire_783_mb_left_kc512_s702,444,spectral,role_shuffled,2,50,supervised,3,0.015768393812227412
flywire_783_mb_left_kc512_s702,444,spectral,role_shuffled,2,50,supervised,4,0.015555830889713032
flywire_783_mb_left_kc512_s702,444,spectral,role_shuffled,2,50,supervised,5,0.015421712668543624
flywire_783_mb_left_kc512_s702,444,spectral,role_shuffled,2,50,supervised,6,0.015330512139814388
flywire_783_mb_left_kc512_s702,444,spectral,role_shuffled,2,50,supervised,7,0.015263495532538683
flywire_783_mb_left_kc512_s702,444,spectral,role_shuffled,2,50,supervised,8,0.015213983367001404
flywire_783_mb_left_kc512_s702,444,spectral,role_shuffled,2,50,supervised,9,0.015177133274768832
flywire_783_mb_left_kc512_s702,444,spectral,role_shuffled,2,50,supervised,10,0.01514884123696359
flywire_783_mb_left_kc512_s702,444,spectral,role_shuffled,2,50,supervised,11,0.0151265902018404
flywire_783_mb_left_kc512_s702,444,spectral,role_shuffled,2,50,supervised,12,0.01510931278248925
flywire_783_mb_left_kc512_s702,444,spectral,role_shuffled,2,50,supervised,13,0.015095470294850966
flywire_783_mb_left_kc512_s702,444,spectral,role_shuffled,2,50,supervised,14,0.015084407169864924
flywire_783_mb_left_kc512_s702,444,spectral,role_shuffled,2,50,supervised,15,0.015075409801018116
flywire_783_mb_left_kc512_s702,444,spectral,role_shuffled,2,50,supervised,16,0.01506780555945049
flywire_783_mb_left_kc512_s702,444,spectral,role_shuffled,2,50,supervised,17,0.015061073437856886
flywire_783_mb_left_kc512_s702,444,spectral,role_shuffled,2,50,supervised,18,0.01505518212301633
flywire_783_mb_left_kc512_s702,444,spectral,role_shuffled,2,50,supervised,19,0.01505003457247033
flywire_783_mb_left_kc512_s702,444,spectral,role_shuffled,2,50,supervised,20,0.01504552512995574
flywire_783_mb_left_kc512_s702,444,spectral,role_shuffled,2,50,supervised,21,0.015041605750619939
flywire_783_mb_left_kc512_s702,444,spectral,role_shuffled,2,50,supervised,22,0.01503816945238646
flywire_783_mb_left_kc512_s702,444,spectral,role_shuffled,2,50,supervised,23,0.015035125102721116
flywire_783_mb_left_kc512_s702,444,spectral,role_shuffled,2,50,supervised,24,0.015032423503976947
flywire_783_mb_left_kc512_s702,444,spectral,role_shuffled,2,50,supervised,25,0.015029992226102
flywire_783_mb_left_kc512_s702,444,spectral,role_shuffled,2,50,supervised,26,0.015027796184763768
flywire_783_mb_left_kc512_s702,444,spectral,role_shuffled,2,50,supervised,27,0.015025875759903424
flywire_783_mb_left_kc512_s702,444,spectral,role_shuffled,2,50,supervised,28,0.015024152500559168
flywire_783_mb_left_kc512_s702,444,spectral,role_shuffled,2,50,supervised,29,0.01502264789166767
flywire_783_mb_left_kc512_s702,444,spectral,role_shuffled,2,50,supervised,30,0.015021316155640656
flywire_783_mb_left_kc512_s702,444,spectral,role_shuffled,2,50,permuted_teacher,1,0.016677986806068225
flywire_783_mb_left_kc512_s702,444,spectral,role_shuffled,2,50,permuted_teacher,2,0.016156468825225694
flywire_783_mb_left_kc512_s702,444,spectral,role_shuffled,2,50,permuted_teacher,3,0.015822484204284087
flywire_783_mb_left_kc512_s702,444,spectral,role_shuffled,2,50,permuted_teacher,4,0.015609487969802332
flywire_783_mb_left_kc512_s702,444,spectral,role_shuffled,2,50,permuted_teacher,5,0.015474606873003498
flywire_783_mb_left_kc512_s702,444,spectral,role_shuffled,2,50,permuted_teacher,6,0.015382147070459816
flywire_783_mb_left_kc512_s702,444,spectral,role_shuffled,2,50,permuted_teacher,7,0.015313420254049038
flywire_783_mb_left_kc512_s702,444,spectral,role_shuffled,2,50,permuted_teacher,8,0.015262334539592429
flywire_783_mb_left_kc512_s702,444,spectral,role_shuffled,2,50,permuted_teacher,9,0.01522385503706298
flywire_783_mb_left_kc512_s702,444,spectral,role_shuffled,2,50,permuted_teacher,10,0.015194376567614923
flywire_783_mb_left_kc512_s702,444,spectral,role_shuffled,2,50,permuted_teacher,11,0.015171282318613305
flywire_783_mb_left_kc512_s702,444,spectral,role_shuffled,2,50,permuted_teacher,12,0.015152838270785576
flywire_783_mb_left_kc512_s702,444,spectral,role_shuffled,2,50,permuted_teacher,13,0.015138370224265214
flywire_783_mb_left_kc512_s702,444,spectral,role_shuffled,2,50,permuted_teacher,14,0.015126608014696398
flywire_783_mb_left_kc512_s702,444,spectral,role_shuffled,2,50,permuted_teacher,15,0.01511680264143686
flywire_783_mb_left_kc512_s702,444,spectral,role_shuffled,2,50,permuted_teacher,16,0.015108430386668025
flywire_783_mb_left_kc512_s702,444,spectral,role_shuffled,2,50,permuted_teacher,17,0.015101291685126963
flywire_783_mb_left_kc512_s702,444,spectral,role_shuffled,2,50,permuted_teacher,18,0.01509498581644954
flywire_783_mb_left_kc512_s702,444,spectral,role_shuffled,2,50,permuted_teacher,19,0.015089321024957164
flywire_783_mb_left_kc512_s702,444,spectral,role_shuffled,2,50,permuted_teacher,20,0.015084330107627084
flywire_783_mb_left_kc512_s702,444,spectral,role_shuffled,2,50,permuted_teacher,21,0.015079945467102607
flywire_783_mb_left_kc512_s702,444,spectral,role_shuffled,2,50,permuted_teacher,22,0.015076046093093622
flywire_783_mb_left_kc512_s702,444,spectral,role_shuffled,2,50,permuted_teacher,23,0.015072529216085668
flywire_783_mb_left_kc512_s702,444,spectral,role_shuffled,2,50,permuted_teacher,24,0.01506937107527973
flywire_783_mb_left_kc512_s702,444,spectral,role_shuffled,2,50,permuted_teacher,25,0.015066636758667989
flywire_783_mb_left_kc512_s702,444,spectral,role_shuffled,2,50,permuted_teacher,26,0.015064137317610995
flywire_783_mb_left_kc512_s702,444,spectral,role_shuffled,2,50,permuted_teacher,27,0.015061847038486481
flywire_783_mb_left_kc512_s702,444,spectral,role_shuffled,2,50,permuted_teacher,28,0.015059794111410871
flywire_783_mb_left_kc512_s702,444,spectral,role_shuffled,2,50,permuted_teacher,29,0.01505790754864463
flywire_783_mb_left_kc512_s702,444,spectral,role_shuffled,2,50,permuted_teacher,30,0.015056197034599454
flywire_783_mb_left_kc512_s702,444,spectral,role_shuffled,2,200,supervised,1,0.016488726854382393
flywire_783_mb_left_kc512_s702,444,spectral,role_shuffled,2,200,supervised,2,0.01591107727075375
flywire_783_mb_left_kc512_s702,444,spectral,role_shuffled,2,200,supervised,3,0.015779105619299634
flywire_783_mb_left_kc512_s702,444,spectral,role_shuffled,2,200,supervised,4,0.01573609989197536
flywire_783_mb_left_kc512_s702,444,spectral,role_shuffled,2,200,supervised,5,0.015717695192740133
flywire_783_mb_left_kc512_s702,444,spectral,role_shuffled,2,200,supervised,6,0.015708269386926595
flywire_783_mb_left_kc512_s702,444,spectral,role_shuffled,2,200,supervised,7,0.015703045091691632
flywire_783_mb_left_kc512_s702,444,spectral,role_shuffled,2,200,supervised,8,0.015699827547283923
flywire_783_mb_left_kc512_s702,444,spectral,role_shuffled,2,200,supervised,9,0.015697716871734622
flywire_783_mb_left_kc512_s702,444,spectral,role_shuffled,2,200,supervised,10,0.015696253956491303
flywire_783_mb_left_kc512_s702,444,spectral,role_shuffled,2,200,supervised,11,0.015695201090631876
flywire_783_mb_left_kc512_s702,444,spectral,role_shuffled,2,200,supervised,12,0.015694546840739707
flywire_783_mb_left_kc512_s702,444,spectral,role_shuffled,2,200,supervised,13,0.01569418430691416
flywire_783_mb_left_kc512_s702,444,spectral,role_shuffled,2,200,supervised,14,0.015694003323844363
flywire_783_mb_left_kc512_s702,444,spectral,role_shuffled,2,200,supervised,15,0.015693932137770903
flywire_783_mb_left_kc512_s702,444,spectral,role_shuffled,2,200,supervised,16,0.015693952961930293
flywire_783_mb_left_kc512_s702,444,spectral,role_shuffled,2,200,supervised,17,0.015694011524183538
flywire_783_mb_left_kc512_s702,444,spectral,role_shuffled,2,200,supervised,18,0.015694115151214518
flywire_783_mb_left_kc512_s702,444,spectral,role_shuffled,2,200,supervised,19,0.015694245404981384
flywire_783_mb_left_kc512_s702,444,spectral,role_shuffled,2,200,supervised,20,0.015694358298558662
flywire_783_mb_left_kc512_s702,444,spectral,role_shuffled,2,200,supervised,21,0.015694480573646096
flywire_783_mb_left_kc512_s702,444,spectral,role_shuffled,2,200,supervised,22,0.015694632557404654
flywire_783_mb_left_kc512_s702,444,spectral,role_shuffled,2,200,supervised,23,0.01569479480457741
flywire_783_mb_left_kc512_s702,444,spectral,role_shuffled,2,200,supervised,24,0.015694962065492597
flywire_783_mb_left_kc512_s702,444,spectral,role_shuffled,2,200,supervised,25,0.015695127051964474
flywire_783_mb_left_kc512_s702,444,spectral,role_shuffled,2,200,supervised,26,0.015695270114999806
flywire_783_mb_left_kc512_s702,444,spectral,role_shuffled,2,200,supervised,27,0.015695421248043812
flywire_783_mb_left_kc512_s702,444,spectral,role_shuffled,2,200,supervised,28,0.015695569586314517
flywire_783_mb_left_kc512_s702,444,spectral,role_shuffled,2,200,supervised,29,0.015695712535861446
flywire_783_mb_left_kc512_s702,444,spectral,role_shuffled,2,200,supervised,30,0.01569584972266337
flywire_783_mb_left_kc512_s702,444,spectral,role_shuffled,2,200,permuted_teacher,1,0.016493319728370842
flywire_783_mb_left_kc512_s702,444,spectral,role_shuffled,2,200,permuted_teacher,2,0.015908519239596623
flywire_783_mb_left_kc512_s702,444,spectral,role_shuffled,2,200,permuted_teacher,3,0.01577519544437924
flywire_783_mb_left_kc512_s702,444,spectral,role_shuffled,2,200,permuted_teacher,4,0.015732182311424227
flywire_783_mb_left_kc512_s702,444,spectral,role_shuffled,2,200,permuted_teacher,5,0.015714047689227094
flywire_783_mb_left_kc512_s702,444,spectral,role_shuffled,2,200,permuted_teacher,6,0.015704573975656576
flywire_783_mb_left_kc512_s702,444,spectral,role_shuffled,2,200,permuted_teacher,7,0.01569905091194109
flywire_783_mb_left_kc512_s702,444,spectral,role_shuffled,2,200,permuted_teacher,8,0.015695267039674842
flywire_783_mb_left_kc512_s702,444,spectral,role_shuffled,2,200,permuted_teacher,9,0.015692599750064855
flywire_783_mb_left_kc512_s702,444,spectral,role_shuffled,2,200,permuted_teacher,10,0.01569049823073957
flywire_783_mb_left_kc512_s702,444,spectral,role_shuffled,2,200,permuted_teacher,11,0.015688951237540497
flywire_783_mb_left_kc512_s702,444,spectral,role_shuffled,2,200,permuted_teacher,12,0.015687844809282005
flywire_783_mb_left_kc512_s702,444,spectral,role_shuffled,2,200,permuted_teacher,13,0.015687062356991344
flywire_783_mb_left_kc512_s702,444,spectral,role_shuffled,2,200,permuted_teacher,14,0.015686519009294384
flywire_783_mb_left_kc512_s702,444,spectral,role_shuffled,2,200,permuted_teacher,15,0.015686134776498918
flywire_783_mb_left_kc512_s702,444,spectral,role_shuffled,2,200,permuted_teacher,16,0.015685892581585346
flywire_783_mb_left_kc512_s702,444,spectral,role_shuffled,2,200,permuted_teacher,17,0.015685753127166364
flywire_783_mb_left_kc512_s702,444,spectral,role_shuffled,2,200,permuted_teacher,18,0.015685691714562106
flywire_783_mb_left_kc512_s702,444,spectral,role_shuffled,2,200,permuted_teacher,19,0.015685673713759087
flywire_783_mb_left_kc512_s702,444,spectral,role_shuffled,2,200,permuted_teacher,20,0.01568567279190497
flywire_783_mb_left_kc512_s702,444,spectral,role_shuffled,2,200,permuted_teacher,21,0.015685685251421982
flywire_783_mb_left_kc512_s702,444,spectral,role_shuffled,2,200,permuted_teacher,22,0.015685714108614055
flywire_783_mb_left_kc512_s702,444,spectral,role_shuffled,2,200,permuted_teacher,23,0.015685768111780376
flywire_783_mb_left_kc512_s702,444,spectral,role_shuffled,2,200,permuted_teacher,24,0.015685831342924977
flywire_783_mb_left_kc512_s702,444,spectral,role_shuffled,2,200,permuted_teacher,25,0.01568589840666255
flywire_783_mb_left_kc512_s702,444,spectral,role_shuffled,2,200,permuted_teacher,26,0.015685968452167055
flywire_783_mb_left_kc512_s702,444,spectral,role_shuffled,2,200,permuted_teacher,27,0.015686037596214522
flywire_783_mb_left_kc512_s702,444,spectral,role_shuffled,2,200,permuted_teacher,28,0.01568610939511767
flywire_783_mb_left_kc512_s702,444,spectral,role_shuffled,2,200,permuted_teacher,29,0.01568618016333344
flywire_783_mb_left_kc512_s702,444,spectral,role_shuffled,2,200,permuted_teacher,30,0.015686251091143296
flywire_783_mb_left_kc512_s702,444,spectral,role_random,1,50,supervised,1,0.018735564106808017
flywire_783_mb_left_kc512_s702,444,spectral,role_random,1,50,supervised,2,0.018033139570527663
flywire_783_mb_left_kc512_s702,444,spectral,role_random,1,50,supervised,3,0.017597261773771362
flywire_783_mb_left_kc512_s702,444,spectral,role_random,1,50,supervised,4,0.01729947565263389
flywire_783_mb_left_kc512_s702,444,spectral,role_random,1,50,supervised,5,0.017102756177051686
flywire_783_mb_left_kc512_s702,444,spectral,role_random,1,50,supervised,6,0.01697132082826647
flywire_783_mb_left_kc512_s702,444,spectral,role_random,1,50,supervised,7,0.016881513927917802
flywire_783_mb_left_kc512_s702,444,spectral,role_random,1,50,supervised,8,0.016818705045462873
flywire_783_mb_left_kc512_s702,444,spectral,role_random,1,50,supervised,9,0.016773573494095764
flywire_783_mb_left_kc512_s702,444,spectral,role_random,1,50,supervised,10,0.016739520459492032
flywire_783_mb_left_kc512_s702,444,spectral,role_random,1,50,supervised,11,0.016713325528214893
flywire_783_mb_left_kc512_s702,444,spectral,role_random,1,50,supervised,12,0.016692589095549586
flywire_783_mb_left_kc512_s702,444,spectral,role_random,1,50,supervised,13,0.0166760536491353
flywire_783_mb_left_kc512_s702,444,spectral,role_random,1,50,supervised,14,0.016662580839233304
flywire_783_mb_left_kc512_s702,444,spectral,role_random,1,50,supervised,15,0.016651443509469083
flywire_783_mb_left_kc512_s702,444,spectral,role_random,1,50,supervised,16,0.016642158937131394
flywire_783_mb_left_kc512_s702,444,spectral,role_random,1,50,supervised,17,0.01663428867399495
flywire_783_mb_left_kc512_s702,444,spectral,role_random,1,50,supervised,18,0.01662760447567835
flywire_783_mb_left_kc512_s702,444,spectral,role_random,1,50,supervised,19,0.016621779056466033
flywire_783_mb_left_kc512_s702,444,spectral,role_random,1,50,supervised,20,0.016616730337557496
flywire_783_mb_left_kc512_s702,444,spectral,role_random,1,50,supervised,21,0.016612386598298882
flywire_783_mb_left_kc512_s702,444,spectral,role_random,1,50,supervised,22,0.01660850730329778
flywire_783_mb_left_kc512_s702,444,spectral,role_random,1,50,supervised,23,0.016605077282971867
flywire_783_mb_left_kc512_s702,444,spectral,role_random,1,50,supervised,24,0.0166020432440205
flywire_783_mb_left_kc512_s702,444,spectral,role_random,1,50,supervised,25,0.01659935544509983
flywire_783_mb_left_kc512_s702,444,spectral,role_random,1,50,supervised,26,0.016596900088492204
flywire_783_mb_left_kc512_s702,444,spectral,role_random,1,50,supervised,27,0.016594702756179983
flywire_783_mb_left_kc512_s702,444,spectral,role_random,1,50,supervised,28,0.01659275585424379
flywire_783_mb_left_kc512_s702,444,spectral,role_random,1,50,supervised,29,0.016591030662188127
flywire_783_mb_left_kc512_s702,444,spectral,role_random,1,50,supervised,30,0.01658947517239745
flywire_783_mb_left_kc512_s702,444,spectral,role_random,1,50,permuted_teacher,1,0.018845411109436185
flywire_783_mb_left_kc512_s702,444,spectral,role_random,1,50,permuted_teacher,2,0.01815646338337983
flywire_783_mb_left_kc512_s702,444,spectral,role_random,1,50,permuted_teacher,3,0.017731060292226312
flywire_783_mb_left_kc512_s702,444,spectral,role_random,1,50,permuted_teacher,4,0.017439718171582436
flywire_783_mb_left_kc512_s702,444,spectral,role_random,1,50,permuted_teacher,5,0.017246403644925187
flywire_783_mb_left_kc512_s702,444,spectral,role_random,1,50,permuted_teacher,6,0.01711689333937919
flywire_783_mb_left_kc512_s702,444,spectral,role_random,1,50,permuted_teacher,7,0.01702683513985678
flywire_783_mb_left_kc512_s702,444,spectral,role_random,1,50,permuted_teacher,8,0.01696357885024342
flywire_783_mb_left_kc512_s702,444,spectral,role_random,1,50,permuted_teacher,9,0.016918568091916004
flywire_783_mb_left_kc512_s702,444,spectral,role_random,1,50,permuted_teacher,10,0.0168854830865042
flywire_783_mb_left_kc512_s702,444,spectral,role_random,1,50,permuted_teacher,11,0.016859578821846844
flywire_783_mb_left_kc512_s702,444,spectral,role_random,1,50,permuted_teacher,12,0.016838967854848293
flywire_783_mb_left_kc512_s702,444,spectral,role_random,1,50,permuted_teacher,13,0.01682270951679133
flywire_783_mb_left_kc512_s702,444,spectral,role_random,1,50,permuted_teacher,14,0.01680939676772624
flywire_783_mb_left_kc512_s702,444,spectral,role_random,1,50,permuted_teacher,15,0.016798464512410283
flywire_783_mb_left_kc512_s702,444,spectral,role_random,1,50,permuted_teacher,16,0.016789192843055904
flywire_783_mb_left_kc512_s702,444,spectral,role_random,1,50,permuted_teacher,17,0.01678128463297992
flywire_783_mb_left_kc512_s702,444,spectral,role_random,1,50,permuted_teacher,18,0.016774456789688984
flywire_783_mb_left_kc512_s702,444,spectral,role_random,1,50,permuted_teacher,19,0.01676863152158311
flywire_783_mb_left_kc512_s702,444,spectral,role_random,1,50,permuted_teacher,20,0.016763613869057302
flywire_783_mb_left_kc512_s702,444,spectral,role_random,1,50,permuted_teacher,21,0.016759201882970833
flywire_783_mb_left_kc512_s702,444,spectral,role_random,1,50,permuted_teacher,22,0.016755281751449604
flywire_783_mb_left_kc512_s702,444,spectral,role_random,1,50,permuted_teacher,23,0.016751778989899865
flywire_783_mb_left_kc512_s702,444,spectral,role_random,1,50,permuted_teacher,24,0.01674863042287852
flywire_783_mb_left_kc512_s702,444,spectral,role_random,1,50,permuted_teacher,25,0.016745807593183875
flywire_783_mb_left_kc512_s702,444,spectral,role_random,1,50,permuted_teacher,26,0.016743340336297544
flywire_783_mb_left_kc512_s702,444,spectral,role_random,1,50,permuted_teacher,27,0.01674112861671298
flywire_783_mb_left_kc512_s702,444,spectral,role_random,1,50,permuted_teacher,28,0.016739114280361435
flywire_783_mb_left_kc512_s702,444,spectral,role_random,1,50,permuted_teacher,29,0.01673728042700967
flywire_783_mb_left_kc512_s702,444,spectral,role_random,1,50,permuted_teacher,30,0.0167356152582738
flywire_783_mb_left_kc512_s702,444,spectral,role_random,1,200,supervised,1,0.018237891189813775
flywire_783_mb_left_kc512_s702,444,spectral,role_random,1,200,supervised,2,0.017400608878864573
flywire_783_mb_left_kc512_s702,444,spectral,role_random,1,200,supervised,3,0.01722423674984331
flywire_783_mb_left_kc512_s702,444,spectral,role_random,1,200,supervised,4,0.01716715360343932
flywire_783_mb_left_kc512_s702,444,spectral,role_random,1,200,supervised,5,0.017142609316648235
flywire_783_mb_left_kc512_s702,444,spectral,role_random,1,200,supervised,6,0.017129865739101233
flywire_783_mb_left_kc512_s702,444,spectral,role_random,1,200,supervised,7,0.017122341802274548
flywire_783_mb_left_kc512_s702,444,spectral,role_random,1,200,supervised,8,0.01711757540762002
flywire_783_mb_left_kc512_s702,444,spectral,role_random,1,200,supervised,9,0.01711448979545001
flywire_783_mb_left_kc512_s702,444,spectral,role_random,1,200,supervised,10,0.017112387425124838
flywire_783_mb_left_kc512_s702,444,spectral,role_random,1,200,supervised,11,0.017110827443821766
flywire_783_mb_left_kc512_s702,444,spectral,role_random,1,200,supervised,12,0.01710953668897977
flywire_783_mb_left_kc512_s702,444,spectral,role_random,1,200,supervised,13,0.01710845001641087
flywire_783_mb_left_kc512_s702,444,spectral,role_random,1,200,supervised,14,0.017107562270690803
flywire_783_mb_left_kc512_s702,444,spectral,role_random,1,200,supervised,15,0.01710681066411288
flywire_783_mb_left_kc512_s702,444,spectral,role_random,1,200,supervised,16,0.017106185781448895
flywire_783_mb_left_kc512_s702,444,spectral,role_random,1,200,supervised,17,0.017105659215652692
flywire_783_mb_left_kc512_s702,444,spectral,role_random,1,200,supervised,18,0.0171051719057964
flywire_783_mb_left_kc512_s702,444,spectral,role_random,1,200,supervised,19,0.017104732429712187
flywire_783_mb_left_kc512_s702,444,spectral,role_random,1,200,supervised,20,0.017104343768660588
flywire_783_mb_left_kc512_s702,444,spectral,role_random,1,200,supervised,21,0.0171039966101929
flywire_783_mb_left_kc512_s702,444,spectral,role_random,1,200,supervised,22,0.017103686184786592
flywire_783_mb_left_kc512_s702,444,spectral,role_random,1,200,supervised,23,0.01710340638173808
flywire_783_mb_left_kc512_s702,444,spectral,role_random,1,200,supervised,24,0.017103155096057837
flywire_783_mb_left_kc512_s702,444,spectral,role_random,1,200,supervised,25,0.017102933478173776
flywire_783_mb_left_kc512_s702,444,spectral,role_random,1,200,supervised,26,0.017102734997644503
flywire_783_mb_left_kc512_s702,444,spectral,role_random,1,200,supervised,27,0.0171025542023446
flywire_783_mb_left_kc512_s702,444,spectral,role_random,1,200,supervised,28,0.017102390206893605
flywire_783_mb_left_kc512_s702,444,spectral,role_random,1,200,supervised,29,0.01710224238405906
flywire_783_mb_left_kc512_s702,444,spectral,role_random,1,200,supervised,30,0.017102108347448547
flywire_783_mb_left_kc512_s702,444,spectral,role_random,1,200,permuted_teacher,1,0.01829254331032765
flywire_783_mb_left_kc512_s702,444,spectral,role_random,1,200,permuted_teacher,2,0.017467003003775378
flywire_783_mb_left_kc512_s702,444,spectral,role_random,1,200,permuted_teacher,3,0.01729423270498267
flywire_783_mb_left_kc512_s702,444,spectral,role_random,1,200,permuted_teacher,4,0.017237836009768994
flywire_783_mb_left_kc512_s702,444,spectral,role_random,1,200,permuted_teacher,5,0.017213552371298773
flywire_783_mb_left_kc512_s702,444,spectral,role_random,1,200,permuted_teacher,6,0.017201321481657594
flywire_783_mb_left_kc512_s702,444,spectral,role_random,1,200,permuted_teacher,7,0.017194471243933664
flywire_783_mb_left_kc512_s702,444,spectral,role_random,1,200,permuted_teacher,8,0.017190517115157275
flywire_783_mb_left_kc512_s702,444,spectral,role_random,1,200,permuted_teacher,9,0.017187895750622843
flywire_783_mb_left_kc512_s702,444,spectral,role_random,1,200,permuted_teacher,10,0.017186118835666807
flywire_783_mb_left_kc512_s702,444,spectral,role_random,1,200,permuted_teacher,11,0.017184833914297395
flywire_783_mb_left_kc512_s702,444,spectral,role_random,1,200,permuted_teacher,12,0.017183776330462013
flywire_783_mb_left_kc512_s702,444,spectral,role_random,1,200,permuted_teacher,13,0.017182942537766827
flywire_783_mb_left_kc512_s702,444,spectral,role_random,1,200,permuted_teacher,14,0.017182297034910747
flywire_783_mb_left_kc512_s702,444,spectral,role_random,1,200,permuted_teacher,15,0.017181750458138776
flywire_783_mb_left_kc512_s702,444,spectral,role_random,1,200,permuted_teacher,16,0.01718128983242533
flywire_783_mb_left_kc512_s702,444,spectral,role_random,1,200,permuted_teacher,17,0.017180874479763415
flywire_783_mb_left_kc512_s702,444,spectral,role_random,1,200,permuted_teacher,18,0.017180522382590633
flywire_783_mb_left_kc512_s702,444,spectral,role_random,1,200,permuted_teacher,19,0.01718023175783658
flywire_783_mb_left_kc512_s702,444,spectral,role_random,1,200,permuted_teacher,20,0.017179989460469645
flywire_783_mb_left_kc512_s702,444,spectral,role_random,1,200,permuted_teacher,21,0.017179783430749423
flywire_783_mb_left_kc512_s702,444,spectral,role_random,1,200,permuted_teacher,22,0.01717960555503588
flywire_783_mb_left_kc512_s702,444,spectral,role_random,1,200,permuted_teacher,23,0.017179451334319258
flywire_783_mb_left_kc512_s702,444,spectral,role_random,1,200,permuted_teacher,24,0.01717931705740176
flywire_783_mb_left_kc512_s702,444,spectral,role_random,1,200,permuted_teacher,25,0.017179198612174075
flywire_783_mb_left_kc512_s702,444,spectral,role_random,1,200,permuted_teacher,26,0.01717909707262631
flywire_783_mb_left_kc512_s702,444,spectral,role_random,1,200,permuted_teacher,27,0.017179009933205886
flywire_783_mb_left_kc512_s702,444,spectral,role_random,1,200,permuted_teacher,28,0.01717893171137152
flywire_783_mb_left_kc512_s702,444,spectral,role_random,1,200,permuted_teacher,29,0.017178867680182477
flywire_783_mb_left_kc512_s702,444,spectral,role_random,1,200,permuted_teacher,30,0.017178811599593717
flywire_783_mb_left_kc512_s702,444,spectral,role_random,2,50,supervised,1,0.018940077377341637
flywire_783_mb_left_kc512_s702,444,spectral,role_random,2,50,supervised,2,0.018217656416840658
flywire_783_mb_left_kc512_s702,444,spectral,role_random,2,50,supervised,3,0.017769045417517105
flywire_783_mb_left_kc512_s702,444,spectral,role_random,2,50,supervised,4,0.017463961720519745
flywire_783_mb_left_kc512_s702,444,spectral,role_random,2,50,supervised,5,0.0172634308532904
flywire_783_mb_left_kc512_s702,444,spectral,role_random,2,50,supervised,6,0.017128498488889237
flywire_783_mb_left_kc512_s702,444,spectral,role_random,2,50,supervised,7,0.017037516166906685
flywire_783_mb_left_kc512_s702,444,spectral,role_random,2,50,supervised,8,0.016974122208758154
flywire_783_mb_left_kc512_s702,444,spectral,role_random,2,50,supervised,9,0.01692747902509865
flywire_783_mb_left_kc512_s702,444,spectral,role_random,2,50,supervised,10,0.01689199548459099
flywire_783_mb_left_kc512_s702,444,spectral,role_random,2,50,supervised,11,0.016864298250609595
flywire_783_mb_left_kc512_s702,444,spectral,role_random,2,50,supervised,12,0.016842112689625762
flywire_783_mb_left_kc512_s702,444,spectral,role_random,2,50,supervised,13,0.016824255223443114
flywire_783_mb_left_kc512_s702,444,spectral,role_random,2,50,supervised,14,0.016809835769701922
flywire_783_mb_left_kc512_s702,444,spectral,role_random,2,50,supervised,15,0.016797663997391372
flywire_783_mb_left_kc512_s702,444,spectral,role_random,2,50,supervised,16,0.01678734046794203
flywire_783_mb_left_kc512_s702,444,spectral,role_random,2,50,supervised,17,0.016778418274928552
flywire_783_mb_left_kc512_s702,444,spectral,role_random,2,50,supervised,18,0.016770822226280784
flywire_783_mb_left_kc512_s702,444,spectral,role_random,2,50,supervised,19,0.01676430009495848
flywire_783_mb_left_kc512_s702,444,spectral,role_random,2,50,supervised,20,0.016758667849013302
flywire_783_mb_left_kc512_s702,444,spectral,role_random,2,50,supervised,21,0.01675375372591058
flywire_783_mb_left_kc512_s702,444,spectral,role_random,2,50,supervised,22,0.01674944019019189
flywire_783_mb_left_kc512_s702,444,spectral,role_random,2,50,supervised,23,0.01674573451758296
flywire_783_mb_left_kc512_s702,444,spectral,role_random,2,50,supervised,24,0.016742476332524226
flywire_783_mb_left_kc512_s702,444,spectral,role_random,2,50,supervised,25,0.01673953713636198
flywire_783_mb_left_kc512_s702,444,spectral,role_random,2,50,supervised,26,0.016736961519051442
flywire_783_mb_left_kc512_s702,444,spectral,role_random,2,50,supervised,27,0.016734711577303024
flywire_783_mb_left_kc512_s702,444,spectral,role_random,2,50,supervised,28,0.016732705640116707
flywire_783_mb_left_kc512_s702,444,spectral,role_random,2,50,supervised,29,0.016730931803412688
flywire_783_mb_left_kc512_s702,444,spectral,role_random,2,50,supervised,30,0.016729346512959122
flywire_783_mb_left_kc512_s702,444,spectral,role_random,2,50,permuted_teacher,1,0.01898523040752558
flywire_783_mb_left_kc512_s702,444,spectral,role_random,2,50,permuted_teacher,2,0.01826252463164319
flywire_783_mb_left_kc512_s702,444,spectral,role_random,2,50,permuted_teacher,3,0.01781471794152868
flywire_783_mb_left_kc512_s702,444,spectral,role_random,2,50,permuted_teacher,4,0.017508697527826366
flywire_783_mb_left_kc512_s702,444,spectral,role_random,2,50,permuted_teacher,5,0.017307092672442122
flywire_783_mb_left_kc512_s702,444,spectral,role_random,2,50,permuted_teacher,6,0.017173009027079
flywire_783_mb_left_kc512_s702,444,spectral,role_random,2,50,permuted_teacher,7,0.01708270136456785
flywire_783_mb_left_kc512_s702,444,spectral,role_random,2,50,permuted_teacher,8,0.017020583018355274
flywire_783_mb_left_kc512_s702,444,spectral,role_random,2,50,permuted_teacher,9,0.01697556085467116
flywire_783_mb_left_kc512_s702,444,spectral,role_random,2,50,permuted_teacher,10,0.016941702823893262
flywire_783_mb_left_kc512_s702,444,spectral,role_random,2,50,permuted_teacher,11,0.016915499923752193
flywire_783_mb_left_kc512_s702,444,spectral,role_random,2,50,permuted_teacher,12,0.016894697419303262
flywire_783_mb_left_kc512_s702,444,spectral,role_random,2,50,permuted_teacher,13,0.016877975226551146
flywire_783_mb_left_kc512_s702,444,spectral,role_random,2,50,permuted_teacher,14,0.016864551253989633
flywire_783_mb_left_kc512_s702,444,spectral,role_random,2,50,permuted_teacher,15,0.01685354188341509
flywire_783_mb_left_kc512_s702,444,spectral,role_random,2,50,permuted_teacher,16,0.016844363535530444
flywire_783_mb_left_kc512_s702,444,spectral,role_random,2,50,permuted_teacher,17,0.016836499376885743
flywire_783_mb_left_kc512_s702,444,spectral,role_random,2,50,permuted_teacher,18,0.016829781590106715
flywire_783_mb_left_kc512_s702,444,spectral,role_random,2,50,permuted_teacher,19,0.016824019958616203
flywire_783_mb_left_kc512_s702,444,spectral,role_random,2,50,permuted_teacher,20,0.01681910952917578
flywire_783_mb_left_kc512_s702,444,spectral,role_random,2,50,permuted_teacher,21,0.016814875911814846
flywire_783_mb_left_kc512_s702,444,spectral,role_random,2,50,permuted_teacher,22,0.016811168338151272
flywire_783_mb_left_kc512_s702,444,spectral,role_random,2,50,permuted_teacher,23,0.016807900041278075
flywire_783_mb_left_kc512_s702,444,spectral,role_random,2,50,permuted_teacher,24,0.01680503511719003
flywire_783_mb_left_kc512_s702,444,spectral,role_random,2,50,permuted_teacher,25,0.016802453607618898
flywire_783_mb_left_kc512_s702,444,spectral,role_random,2,50,permuted_teacher,26,0.016800185411197953
flywire_783_mb_left_kc512_s702,444,spectral,role_random,2,50,permuted_teacher,27,0.016798129408174996
flywire_783_mb_left_kc512_s702,444,spectral,role_random,2,50,permuted_teacher,28,0.016796294209627624
flywire_783_mb_left_kc512_s702,444,spectral,role_random,2,50,permuted_teacher,29,0.016794636249142278
flywire_783_mb_left_kc512_s702,444,spectral,role_random,2,50,permuted_teacher,30,0.01679312860247828
flywire_783_mb_left_kc512_s702,444,spectral,role_random,2,200,supervised,1,0.01828820839106722
flywire_783_mb_left_kc512_s702,444,spectral,role_random,2,200,supervised,2,0.017436581011892417
flywire_783_mb_left_kc512_s702,444,spectral,role_random,2,200,supervised,3,0.017249233636744805
flywire_783_mb_left_kc512_s702,444,spectral,role_random,2,200,supervised,4,0.01718470035863997
flywire_783_mb_left_kc512_s702,444,spectral,role_random,2,200,supervised,5,0.01715598669229497
flywire_783_mb_left_kc512_s702,444,spectral,role_random,2,200,supervised,6,0.017140931586021257
flywire_783_mb_left_kc512_s702,444,spectral,role_random,2,200,supervised,7,0.017132295649453056
flywire_783_mb_left_kc512_s702,444,spectral,role_random,2,200,supervised,8,0.017126790335177288
flywire_783_mb_left_kc512_s702,444,spectral,role_random,2,200,supervised,9,0.01712312952743642
flywire_783_mb_left_kc512_s702,444,spectral,role_random,2,200,supervised,10,0.01712060712328163
flywire_783_mb_left_kc512_s702,444,spectral,role_random,2,200,supervised,11,0.017118759521265146
flywire_783_mb_left_kc512_s702,444,spectral,role_random,2,200,supervised,12,0.017117328291807732
flywire_783_mb_left_kc512_s702,444,spectral,role_random,2,200,supervised,13,0.017116171885485785
flywire_783_mb_left_kc512_s702,444,spectral,role_random,2,200,supervised,14,0.017115225267930814
flywire_783_mb_left_kc512_s702,444,spectral,role_random,2,200,supervised,15,0.017114421487469292
flywire_783_mb_left_kc512_s702,444,spectral,role_random,2,200,supervised,16,0.017113749935384535
flywire_783_mb_left_kc512_s702,444,spectral,role_random,2,200,supervised,17,0.017113198092629785
flywire_783_mb_left_kc512_s702,444,spectral,role_random,2,200,supervised,18,0.017112728909676418
flywire_783_mb_left_kc512_s702,444,spectral,role_random,2,200,supervised,19,0.017112298768605375
flywire_783_mb_left_kc512_s702,444,spectral,role_random,2,200,supervised,20,0.017111926622350282
flywire_783_mb_left_kc512_s702,444,spectral,role_random,2,200,supervised,21,0.017111601194792173
flywire_783_mb_left_kc512_s702,444,spectral,role_random,2,200,supervised,22,0.017111313453524426
flywire_783_mb_left_kc512_s702,444,spectral,role_random,2,200,supervised,23,0.017111061096917582
flywire_783_mb_left_kc512_s702,444,spectral,role_random,2,200,supervised,24,0.017110841572964337
flywire_783_mb_left_kc512_s702,444,spectral,role_random,2,200,supervised,25,0.017110648040583872
flywire_783_mb_left_kc512_s702,444,spectral,role_random,2,200,supervised,26,0.017110478488932487
flywire_783_mb_left_kc512_s702,444,spectral,role_random,2,200,supervised,27,0.017110328404229214
flywire_783_mb_left_kc512_s702,444,spectral,role_random,2,200,supervised,28,0.017110192220559498
flywire_783_mb_left_kc512_s702,444,spectral,role_random,2,200,supervised,29,0.01711006813516437
flywire_783_mb_left_kc512_s702,444,spectral,role_random,2,200,supervised,30,0.0171099587847841
flywire_783_mb_left_kc512_s702,444,spectral,role_random,2,200,permuted_teacher,1,0.01830241870385127
flywire_783_mb_left_kc512_s702,444,spectral,role_random,2,200,permuted_teacher,2,0.017479223457647162
flywire_783_mb_left_kc512_s702,444,spectral,role_random,2,200,permuted_teacher,3,0.01730691529379995
flywire_783_mb_left_kc512_s702,444,spectral,role_random,2,200,permuted_teacher,4,0.017251313737722027
flywire_783_mb_left_kc512_s702,444,spectral,role_random,2,200,permuted_teacher,5,0.017227859556720335
flywire_783_mb_left_kc512_s702,444,spectral,role_random,2,200,permuted_teacher,6,0.01721610303362276
flywire_783_mb_left_kc512_s702,444,spectral,role_random,2,200,permuted_teacher,7,0.017209435141955838
flywire_783_mb_left_kc512_s702,444,spectral,role_random,2,200,permuted_teacher,8,0.017205506310845515
flywire_783_mb_left_kc512_s702,444,spectral,role_random,2,200,permuted_teacher,9,0.017202901362264152
flywire_783_mb_left_kc512_s702,444,spectral,role_random,2,200,permuted_teacher,10,0.01720106160345438
flywire_783_mb_left_kc512_s702,444,spectral,role_random,2,200,permuted_teacher,11,0.017199689874070844
flywire_783_mb_left_kc512_s702,444,spectral,role_random,2,200,permuted_teacher,12,0.01719865152234411
flywire_783_mb_left_kc512_s702,444,spectral,role_random,2,200,permuted_teacher,13,0.01719783718958726
flywire_783_mb_left_kc512_s702,444,spectral,role_random,2,200,permuted_teacher,14,0.017197171924404186
flywire_783_mb_left_kc512_s702,444,spectral,role_random,2,200,permuted_teacher,15,0.01719667424508416
flywire_783_mb_left_kc512_s702,444,spectral,role_random,2,200,permuted_teacher,16,0.017196287147677684
flywire_783_mb_left_kc512_s702,444,spectral,role_random,2,200,permuted_teacher,17,0.017196010292688912
flywire_783_mb_left_kc512_s702,444,spectral,role_random,2,200,permuted_teacher,18,0.017195796934179206
flywire_783_mb_left_kc512_s702,444,spectral,role_random,2,200,permuted_teacher,19,0.017195628479223613
flywire_783_mb_left_kc512_s702,444,spectral,role_random,2,200,permuted_teacher,20,0.01719549397496099
flywire_783_mb_left_kc512_s702,444,spectral,role_random,2,200,permuted_teacher,21,0.017195387199037227
flywire_783_mb_left_kc512_s702,444,spectral,role_random,2,200,permuted_teacher,22,0.017195297185084616
flywire_783_mb_left_kc512_s702,444,spectral,role_random,2,200,permuted_teacher,23,0.017195240288957234
flywire_783_mb_left_kc512_s702,444,spectral,role_random,2,200,permuted_teacher,24,0.01719519991176044
flywire_783_mb_left_kc512_s702,444,spectral,role_random,2,200,permuted_teacher,25,0.017195171039807552
flywire_783_mb_left_kc512_s702,444,spectral,role_random,2,200,permuted_teacher,26,0.01719514645311531
flywire_783_mb_left_kc512_s702,444,spectral,role_random,2,200,permuted_teacher,27,0.01719512616044621
flywire_783_mb_left_kc512_s702,444,spectral,role_random,2,200,permuted_teacher,28,0.0171951086379379
flywire_783_mb_left_kc512_s702,444,spectral,role_random,2,200,permuted_teacher,29,0.017195096218576556
flywire_783_mb_left_kc512_s702,444,spectral,role_random,2,200,permuted_teacher,30,0.017195087267439298
flywire_783_mb_left_kc512_s702,444,incoming_l1,fly,1,50,supervised,1,0.014331358269079924
flywire_783_mb_left_kc512_s702,444,incoming_l1,fly,1,50,supervised,2,0.014045650910627722
flywire_783_mb_left_kc512_s702,444,incoming_l1,fly,1,50,supervised,3,0.013849882015437673
flywire_783_mb_left_kc512_s702,444,incoming_l1,fly,1,50,supervised,4,0.013710170497512015
flywire_783_mb_left_kc512_s702,444,incoming_l1,fly,1,50,supervised,5,0.013603869481785482
flywire_783_mb_left_kc512_s702,444,incoming_l1,fly,1,50,supervised,6,0.013519989313972879
flywire_783_mb_left_kc512_s702,444,incoming_l1,fly,1,50,supervised,7,0.013454722699392975
flywire_783_mb_left_kc512_s702,444,incoming_l1,fly,1,50,supervised,8,0.013404955729856621
flywire_783_mb_left_kc512_s702,444,incoming_l1,fly,1,50,supervised,9,0.01336639696412812
flywire_783_mb_left_kc512_s702,444,incoming_l1,fly,1,50,supervised,10,0.013335841749362696
flywire_783_mb_left_kc512_s702,444,incoming_l1,fly,1,50,supervised,11,0.01331068927853932
flywire_783_mb_left_kc512_s702,444,incoming_l1,fly,1,50,supervised,12,0.013289660657577708
flywire_783_mb_left_kc512_s702,444,incoming_l1,fly,1,50,supervised,13,0.01327218108796282
flywire_783_mb_left_kc512_s702,444,incoming_l1,fly,1,50,supervised,14,0.013257786330614429
flywire_783_mb_left_kc512_s702,444,incoming_l1,fly,1,50,supervised,15,0.013246317941147627
flywire_783_mb_left_kc512_s702,444,incoming_l1,fly,1,50,supervised,16,0.01323669738707768
flywire_783_mb_left_kc512_s702,444,incoming_l1,fly,1,50,supervised,17,0.013228633161295654
flywire_783_mb_left_kc512_s702,444,incoming_l1,fly,1,50,supervised,18,0.013221647715032933
flywire_783_mb_left_kc512_s702,444,incoming_l1,fly,1,50,supervised,19,0.013215488194762797
flywire_783_mb_left_kc512_s702,444,incoming_l1,fly,1,50,supervised,20,0.013210261875289767
flywire_783_mb_left_kc512_s702,444,incoming_l1,fly,1,50,supervised,21,0.013205633286295742
flywire_783_mb_left_kc512_s702,444,incoming_l1,fly,1,50,supervised,22,0.013201473006736067
flywire_783_mb_left_kc512_s702,444,incoming_l1,fly,1,50,supervised,23,0.013197778523935184
flywire_783_mb_left_kc512_s702,444,incoming_l1,fly,1,50,supervised,24,0.013194538437921191
flywire_783_mb_left_kc512_s702,444,incoming_l1,fly,1,50,supervised,25,0.013191640181177645
flywire_783_mb_left_kc512_s702,444,incoming_l1,fly,1,50,supervised,26,0.013189104967509418
flywire_783_mb_left_kc512_s702,444,incoming_l1,fly,1,50,supervised,27,0.013186943787610112
flywire_783_mb_left_kc512_s702,444,incoming_l1,fly,1,50,supervised,28,0.013185166776744405
flywire_783_mb_left_kc512_s702,444,incoming_l1,fly,1,50,supervised,29,0.013183570854405205
flywire_783_mb_left_kc512_s702,444,incoming_l1,fly,1,50,supervised,30,0.013182054673895702
flywire_783_mb_left_kc512_s702,444,incoming_l1,fly,1,50,permuted_teacher,1,0.014351888734884783
flywire_783_mb_left_kc512_s702,444,incoming_l1,fly,1,50,permuted_teacher,2,0.014099081949184295
flywire_783_mb_left_kc512_s702,444,incoming_l1,fly,1,50,permuted_teacher,3,0.013927163962238719
flywire_783_mb_left_kc512_s702,444,incoming_l1,fly,1,50,permuted_teacher,4,0.01380563844193997
flywire_783_mb_left_kc512_s702,444,incoming_l1,fly,1,50,permuted_teacher,5,0.013715211608192253
flywire_783_mb_left_kc512_s702,444,incoming_l1,fly,1,50,permuted_teacher,6,0.01364383647134922
flywire_783_mb_left_kc512_s702,444,incoming_l1,fly,1,50,permuted_teacher,7,0.013587020045149346
flywire_783_mb_left_kc512_s702,444,incoming_l1,fly,1,50,permuted_teacher,8,0.013543335589927135
flywire_783_mb_left_kc512_s702,444,incoming_l1,fly,1,50,permuted_teacher,9,0.013508476499878595
flywire_783_mb_left_kc512_s702,444,incoming_l1,fly,1,50,permuted_teacher,10,0.01348036673112584
flywire_783_mb_left_kc512_s702,444,incoming_l1,fly,1,50,permuted_teacher,11,0.013457450148795276
flywire_783_mb_left_kc512_s702,444,incoming_l1,fly,1,50,permuted_teacher,12,0.013438639391952676
flywire_783_mb_left_kc512_s702,444,incoming_l1,fly,1,50,permuted_teacher,13,0.013422495823578242
flywire_783_mb_left_kc512_s702,444,incoming_l1,fly,1,50,permuted_teacher,14,0.013408841642185343
flywire_783_mb_left_kc512_s702,444,incoming_l1,fly,1,50,permuted_teacher,15,0.013397218858206468
flywire_783_mb_left_kc512_s702,444,incoming_l1,fly,1,50,permuted_teacher,16,0.0133872926095224
flywire_783_mb_left_kc512_s702,444,incoming_l1,fly,1,50,permuted_teacher,17,0.013379322499510899
flywire_783_mb_left_kc512_s702,444,incoming_l1,fly,1,50,permuted_teacher,18,0.013372571756424033
flywire_783_mb_left_kc512_s702,444,incoming_l1,fly,1,50,permuted_teacher,19,0.013366740504249136
flywire_783_mb_left_kc512_s702,444,incoming_l1,fly,1,50,permuted_teacher,20,0.013361586101695397
flywire_783_mb_left_kc512_s702,444,incoming_l1,fly,1,50,permuted_teacher,21,0.01335699227212077
flywire_783_mb_left_kc512_s702,444,incoming_l1,fly,1,50,permuted_teacher,22,0.013352962012771837
flywire_783_mb_left_kc512_s702,444,incoming_l1,fly,1,50,permuted_teacher,23,0.013349276894137316
flywire_783_mb_left_kc512_s702,444,incoming_l1,fly,1,50,permuted_teacher,24,0.013345916105894204
flywire_783_mb_left_kc512_s702,444,incoming_l1,fly,1,50,permuted_teacher,25,0.01334284334341233
flywire_783_mb_left_kc512_s702,444,incoming_l1,fly,1,50,permuted_teacher,26,0.013340064266237898
flywire_783_mb_left_kc512_s702,444,incoming_l1,fly,1,50,permuted_teacher,27,0.013337518975144111
flywire_783_mb_left_kc512_s702,444,incoming_l1,fly,1,50,permuted_teacher,28,0.013335184797741274
flywire_783_mb_left_kc512_s702,444,incoming_l1,fly,1,50,permuted_teacher,29,0.013333054806251896
flywire_783_mb_left_kc512_s702,444,incoming_l1,fly,1,50,permuted_teacher,30,0.01333123605828447
flywire_783_mb_left_kc512_s702,444,incoming_l1,fly,1,200,supervised,1,0.014061966217783252
flywire_783_mb_left_kc512_s702,444,incoming_l1,fly,1,200,supervised,2,0.013705743289314377
flywire_783_mb_left_kc512_s702,444,incoming_l1,fly,1,200,supervised,3,0.013558397564178528
flywire_783_mb_left_kc512_s702,444,incoming_l1,fly,1,200,supervised,4,0.013488683814215459
flywire_783_mb_left_kc512_s702,444,incoming_l1,fly,1,200,supervised,5,0.013452707793072984
flywire_783_mb_left_kc512_s702,444,incoming_l1,fly,1,200,supervised,6,0.01343232546474618
flywire_783_mb_left_kc512_s702,444,incoming_l1,fly,1,200,supervised,7,0.01341967508260346
flywire_783_mb_left_kc512_s702,444,incoming_l1,fly,1,200,supervised,8,0.01341070395171177
flywire_783_mb_left_kc512_s702,444,incoming_l1,fly,1,200,supervised,9,0.01340419641456635
flywire_783_mb_left_kc512_s702,444,incoming_l1,fly,1,200,supervised,10,0.013399168264992902
flywire_783_mb_left_kc512_s702,444,incoming_l1,fly,1,200,supervised,11,0.013395221055513381
flywire_783_mb_left_kc512_s702,444,incoming_l1,fly,1,200,supervised,12,0.013392065012556175
flywire_783_mb_left_kc512_s702,444,incoming_l1,fly,1,200,supervised,13,0.013389486210937636
flywire_783_mb_left_kc512_s702,444,incoming_l1,fly,1,200,supervised,14,0.013387349436804245
flywire_783_mb_left_kc512_s702,444,incoming_l1,fly,1,200,supervised,15,0.0133855443867794
flywire_783_mb_left_kc512_s702,444,incoming_l1,fly,1,200,supervised,16,0.013384022337247678
flywire_783_mb_left_kc512_s702,444,incoming_l1,fly,1,200,supervised,17,0.013382794242218629
flywire_783_mb_left_kc512_s702,444,incoming_l1,fly,1,200,supervised,18,0.01338176689681525
flywire_783_mb_left_kc512_s702,444,incoming_l1,fly,1,200,supervised,19,0.013380886942005562
flywire_783_mb_left_kc512_s702,444,incoming_l1,fly,1,200,supervised,20,0.013380123798611974
flywire_783_mb_left_kc512_s702,444,incoming_l1,fly,1,200,supervised,21,0.013379442229727014
flywire_783_mb_left_kc512_s702,444,incoming_l1,fly,1,200,supervised,22,0.013378975818928624
flywire_783_mb_left_kc512_s702,444,incoming_l1,fly,1,200,supervised,23,0.013378567995462342
flywire_783_mb_left_kc512_s702,444,incoming_l1,fly,1,200,supervised,24,0.013378192195183438
flywire_783_mb_left_kc512_s702,444,incoming_l1,fly,1,200,supervised,25,0.013377865261251802
flywire_783_mb_left_kc512_s702,444,incoming_l1,fly,1,200,supervised,26,0.013377591953086979
flywire_783_mb_left_kc512_s702,444,incoming_l1,fly,1,200,supervised,27,0.013377391706669082
flywire_783_mb_left_kc512_s702,444,incoming_l1,fly,1,200,supervised,28,0.013377207131716857
flywire_783_mb_left_kc512_s702,444,incoming_l1,fly,1,200,supervised,29,0.013377040783035402
flywire_783_mb_left_kc512_s702,444,incoming_l1,fly,1,200,supervised,30,0.013376890090275333
flywire_783_mb_left_kc512_s702,444,incoming_l1,fly,1,200,permuted_teacher,1,0.014063878856987181
flywire_783_mb_left_kc512_s702,444,incoming_l1,fly,1,200,permuted_teacher,2,0.013703702185877933
flywire_783_mb_left_kc512_s702,444,incoming_l1,fly,1,200,permuted_teacher,3,0.013550062557344098
flywire_783_mb_left_kc512_s702,444,incoming_l1,fly,1,200,permuted_teacher,4,0.013471197924116076
flywire_783_mb_left_kc512_s702,444,incoming_l1,fly,1,200,permuted_teacher,5,0.013428162433726623
flywire_783_mb_left_kc512_s702,444,incoming_l1,fly,1,200,permuted_teacher,6,0.013401954057170361
flywire_783_mb_left_kc512_s702,444,incoming_l1,fly,1,200,permuted_teacher,7,0.013387027562746559
flywire_783_mb_left_kc512_s702,444,incoming_l1,fly,1,200,permuted_teacher,8,0.013377866667699594
flywire_783_mb_left_kc512_s702,444,incoming_l1,fly,1,200,permuted_teacher,9,0.013371308599647719
flywire_783_mb_left_kc512_s702,444,incoming_l1,fly,1,200,permuted_teacher,10,0.013366485955833363
flywire_783_mb_left_kc512_s702,444,incoming_l1,fly,1,200,permuted_teacher,11,0.013363152002387213
flywire_783_mb_left_kc512_s702,444,incoming_l1,fly,1,200,permuted_teacher,12,0.013360688069589111
flywire_783_mb_left_kc512_s702,444,incoming_l1,fly,1,200,permuted_teacher,13,0.013358861820600886
flywire_783_mb_left_kc512_s702,444,incoming_l1,fly,1,200,permuted_teacher,14,0.013357505907670247
flywire_783_mb_left_kc512_s702,444,incoming_l1,fly,1,200,permuted_teacher,15,0.013356537151887409
flywire_783_mb_left_kc512_s702,444,incoming_l1,fly,1,200,permuted_teacher,16,0.013355753434766134
flywire_783_mb_left_kc512_s702,444,incoming_l1,fly,1,200,permuted_teacher,17,0.013355088486975268
flywire_783_mb_left_kc512_s702,444,incoming_l1,fly,1,200,permuted_teacher,18,0.013354585819130663
flywire_783_mb_left_kc512_s702,444,incoming_l1,fly,1,200,permuted_teacher,19,0.013354382798763536
flywire_783_mb_left_kc512_s702,444,incoming_l1,fly,1,200,permuted_teacher,20,0.013354280447886462
flywire_783_mb_left_kc512_s702,444,incoming_l1,fly,1,200,permuted_teacher,21,0.013354178966473925
flywire_783_mb_left_kc512_s702,444,incoming_l1,fly,1,200,permuted_teacher,22,0.013354093525194864
flywire_783_mb_left_kc512_s702,444,incoming_l1,fly,1,200,permuted_teacher,23,0.013354055372957809
flywire_783_mb_left_kc512_s702,444,incoming_l1,fly,1,200,permuted_teacher,24,0.013354039967111386
flywire_783_mb_left_kc512_s702,444,incoming_l1,fly,1,200,permuted_teacher,25,0.013353996958664203
flywire_783_mb_left_kc512_s702,444,incoming_l1,fly,1,200,permuted_teacher,26,0.013353972734130026
flywire_783_mb_left_kc512_s702,444,incoming_l1,fly,1,200,permuted_teacher,27,0.013353951217175234
flywire_783_mb_left_kc512_s702,444,incoming_l1,fly,1,200,permuted_teacher,28,0.013353918723704759
flywire_783_mb_left_kc512_s702,444,incoming_l1,fly,1,200,permuted_teacher,29,0.01335389506050703
flywire_783_mb_left_kc512_s702,444,incoming_l1,fly,1,200,permuted_teacher,30,0.013353875506667333
flywire_783_mb_left_kc512_s702,444,incoming_l1,fly,2,50,supervised,1,0.014323799825818963
flywire_783_mb_left_kc512_s702,444,incoming_l1,fly,2,50,supervised,2,0.014034745009761264
flywire_783_mb_left_kc512_s702,444,incoming_l1,fly,2,50,supervised,3,0.013837341771787009
flywire_783_mb_left_kc512_s702,444,incoming_l1,fly,2,50,supervised,4,0.01369690262928429
flywire_783_mb_left_kc512_s702,444,incoming_l1,fly,2,50,supervised,5,0.01358968638719198
flywire_783_mb_left_kc512_s702,444,incoming_l1,fly,2,50,supervised,6,0.013504724705773479
flywire_783_mb_left_kc512_s702,444,incoming_l1,fly,2,50,supervised,7,0.013436406494548206
flywire_783_mb_left_kc512_s702,444,incoming_l1,fly,2,50,supervised,8,0.013383859817919303
flywire_783_mb_left_kc512_s702,444,incoming_l1,fly,2,50,supervised,9,0.01334223715339654
flywire_783_mb_left_kc512_s702,444,incoming_l1,fly,2,50,supervised,10,0.013308283125600617
flywire_783_mb_left_kc512_s702,444,incoming_l1,fly,2,50,supervised,11,0.013281347127026142
flywire_783_mb_left_kc512_s702,444,incoming_l1,fly,2,50,supervised,12,0.013259311424041005
flywire_783_mb_left_kc512_s702,444,incoming_l1,fly,2,50,supervised,13,0.013240927217429675
flywire_783_mb_left_kc512_s702,444,incoming_l1,fly,2,50,supervised,14,0.013225734641254308
flywire_783_mb_left_kc512_s702,444,incoming_l1,fly,2,50,supervised,15,0.013213259417801746
flywire_783_mb_left_kc512_s702,444,incoming_l1,fly,2,50,supervised,16,0.013203015953688226
flywire_783_mb_left_kc512_s702,444,incoming_l1,fly,2,50,supervised,17,0.013194214209525951
flywire_783_mb_left_kc512_s702,444,incoming_l1,fly,2,50,supervised,18,0.013186720790781646
flywire_783_mb_left_kc512_s702,444,incoming_l1,fly,2,50,supervised,19,0.013180102494622557
flywire_783_mb_left_kc512_s702,444,incoming_l1,fly,2,50,supervised,20,0.013174247704033023
flywire_783_mb_left_kc512_s702,444,incoming_l1,fly,2,50,supervised,21,0.013168907590866271
flywire_783_mb_left_kc512_s702,444,incoming_l1,fly,2,50,supervised,22,0.013164037174060318
flywire_783_mb_left_kc512_s702,444,incoming_l1,fly,2,50,supervised,23,0.013159713948297715
flywire_783_mb_left_kc512_s702,444,incoming_l1,fly,2,50,supervised,24,0.013155975807739468
flywire_783_mb_left_kc512_s702,444,incoming_l1,fly,2,50,supervised,25,0.013152753207280763
flywire_783_mb_left_kc512_s702,444,incoming_l1,fly,2,50,supervised,26,0.013149858795258212
flywire_783_mb_left_kc512_s702,444,incoming_l1,fly,2,50,supervised,27,0.013147186818904186
flywire_783_mb_left_kc512_s702,444,incoming_l1,fly,2,50,supervised,28,0.013144813055547495
flywire_783_mb_left_kc512_s702,444,incoming_l1,fly,2,50,supervised,29,0.013142653583943382
flywire_783_mb_left_kc512_s702,444,incoming_l1,fly,2,50,supervised,30,0.01314066689646792
flywire_783_mb_left_kc512_s702,444,incoming_l1,fly,2,50,permuted_teacher,1,0.01434003762990504
flywire_783_mb_left_kc512_s702,444,incoming_l1,fly,2,50,permuted_teacher,2,0.01407492105767995
flywire_783_mb_left_kc512_s702,444,incoming_l1,fly,2,50,permuted_teacher,3,0.013894531824995629
flywire_783_mb_left_kc512_s702,444,incoming_l1,fly,2,50,permuted_teacher,4,0.013766697286049115
flywire_783_mb_left_kc512_s702,444,incoming_l1,fly,2,50,permuted_teacher,5,0.013670408987894444
flywire_783_mb_left_kc512_s702,444,incoming_l1,fly,2,50,permuted_teacher,6,0.013594826868184933
flywire_783_mb_left_kc512_s702,444,incoming_l1,fly,2,50,permuted_teacher,7,0.013534258196924834
flywire_783_mb_left_kc512_s702,444,incoming_l1,fly,2,50,permuted_teacher,8,0.013486960712441563
flywire_783_mb_left_kc512_s702,444,incoming_l1,fly,2,50,permuted_teacher,9,0.013450126813352845
flywire_783_mb_left_kc512_s702,444,incoming_l1,fly,2,50,permuted_teacher,10,0.01342019754334249
flywire_783_mb_left_kc512_s702,444,incoming_l1,fly,2,50,permuted_teacher,11,0.013396058206009389
flywire_783_mb_left_kc512_s702,444,incoming_l1,fly,2,50,permuted_teacher,12,0.013376158146790983
flywire_783_mb_left_kc512_s702,444,incoming_l1,fly,2,50,permuted_teacher,13,0.013359938251620193
flywire_783_mb_left_kc512_s702,444,incoming_l1,fly,2,50,permuted_teacher,14,0.013346383222194596
flywire_783_mb_left_kc512_s702,444,incoming_l1,fly,2,50,permuted_teacher,15,0.01333544217983834
flywire_783_mb_left_kc512_s702,444,incoming_l1,fly,2,50,permuted_teacher,16,0.013326050411202746
flywire_783_mb_left_kc512_s702,444,incoming_l1,fly,2,50,permuted_teacher,17,0.01331840566977925
flywire_783_mb_left_kc512_s702,444,incoming_l1,fly,2,50,permuted_teacher,18,0.013312135710295379
flywire_783_mb_left_kc512_s702,444,incoming_l1,fly,2,50,permuted_teacher,19,0.01330681167067505
flywire_783_mb_left_kc512_s702,444,incoming_l1,fly,2,50,permuted_teacher,20,0.013302124301919046
flywire_783_mb_left_kc512_s702,444,incoming_l1,fly,2,50,permuted_teacher,21,0.013297917117598505
flywire_783_mb_left_kc512_s702,444,incoming_l1,fly,2,50,permuted_teacher,22,0.013294303905314971
flywire_783_mb_left_kc512_s702,444,incoming_l1,fly,2,50,permuted_teacher,23,0.013291149602097919
flywire_783_mb_left_kc512_s702,444,incoming_l1,fly,2,50,permuted_teacher,24,0.013288350024805726
flywire_783_mb_left_kc512_s702,444,incoming_l1,fly,2,50,permuted_teacher,25,0.01328582364230153
flywire_783_mb_left_kc512_s702,444,incoming_l1,fly,2,50,permuted_teacher,26,0.013283562460789248
flywire_783_mb_left_kc512_s702,444,incoming_l1,fly,2,50,permuted_teacher,27,0.01328149310214775
flywire_783_mb_left_kc512_s702,444,incoming_l1,fly,2,50,permuted_teacher,28,0.013279746205330619
flywire_783_mb_left_kc512_s702,444,incoming_l1,fly,2,50,permuted_teacher,29,0.013278245033982278
flywire_783_mb_left_kc512_s702,444,incoming_l1,fly,2,50,permuted_teacher,30,0.013276922902452077
flywire_783_mb_left_kc512_s702,444,incoming_l1,fly,2,200,supervised,1,0.014068298951238603
flywire_783_mb_left_kc512_s702,444,incoming_l1,fly,2,200,supervised,2,0.013703913978427651
flywire_783_mb_left_kc512_s702,444,incoming_l1,fly,2,200,supervised,3,0.013547305328113756
flywire_783_mb_left_kc512_s702,444,incoming_l1,fly,2,200,supervised,4,0.013471432617469989
flywire_783_mb_left_kc512_s702,444,incoming_l1,fly,2,200,supervised,5,0.013431437145304998
flywire_783_mb_left_kc512_s702,444,incoming_l1,fly,2,200,supervised,6,0.01340982962142906
flywire_783_mb_left_kc512_s702,444,incoming_l1,fly,2,200,supervised,7,0.013397403618138628
flywire_783_mb_left_kc512_s702,444,incoming_l1,fly,2,200,supervised,8,0.013389141737176511
flywire_783_mb_left_kc512_s702,444,incoming_l1,fly,2,200,supervised,9,0.013383293572826273
flywire_783_mb_left_kc512_s702,444,incoming_l1,fly,2,200,supervised,10,0.013379210331364038
flywire_783_mb_left_kc512_s702,444,incoming_l1,fly,2,200,supervised,11,0.01337636526252338
flywire_783_mb_left_kc512_s702,444,incoming_l1,fly,2,200,supervised,12,0.013374225908843114
flywire_783_mb_left_kc512_s702,444,incoming_l1,fly,2,200,supervised,13,0.01337262979579723
flywire_783_mb_left_kc512_s702,444,incoming_l1,fly,2,200,supervised,14,0.013371458848168195
flywire_783_mb_left_kc512_s702,444,incoming_l1,fly,2,200,supervised,15,0.01337086989834981
flywire_783_mb_left_kc512_s702,444,incoming_l1,fly,2,200,supervised,16,0.01337041167010033
flywire_783_mb_left_kc512_s702,444,incoming_l1,fly,2,200,supervised,17,0.01337010953019955
flywire_783_mb_left_kc512_s702,444,incoming_l1,fly,2,200,supervised,18,0.013369835729188984
flywire_783_mb_left_kc512_s702,444,incoming_l1,fly,2,200,supervised,19,0.013369587936007298
flywire_783_mb_left_kc512_s702,444,incoming_l1,fly,2,200,supervised,20,0.01336935846989851
flywire_783_mb_left_kc512_s702,444,incoming_l1,fly,2,200,supervised,21,0.013369214976796872
flywire_783_mb_left_kc512_s702,444,incoming_l1,fly,2,200,supervised,22,0.013369200023643208
flywire_783_mb_left_kc512_s702,444,incoming_l1,fly,2,200,supervised,23,0.013369228748417438
flywire_783_mb_left_kc512_s702,444,incoming_l1,fly,2,200,supervised,24,0.013369286322711851
flywire_783_mb_left_kc512_s702,444,incoming_l1,fly,2,200,supervised,25,0.013369345809425776
flywire_783_mb_left_kc512_s702,444,incoming_l1,fly,2,200,supervised,26,0.013369395588286648
flywire_783_mb_left_kc512_s702,444,incoming_l1,fly,2,200,supervised,27,0.013369429896128708
flywire_783_mb_left_kc512_s702,444,incoming_l1,fly,2,200,supervised,28,0.013369464843298895
flywire_783_mb_left_kc512_s702,444,incoming_l1,fly,2,200,supervised,29,0.013369502689625307
flywire_783_mb_left_kc512_s702,444,incoming_l1,fly,2,200,supervised,30,0.013369543038874486
flywire_783_mb_left_kc512_s702,444,incoming_l1,fly,2,200,permuted_teacher,1,0.014083111748403859
flywire_783_mb_left_kc512_s702,444,incoming_l1,fly,2,200,permuted_teacher,2,0.013721184683120504
flywire_783_mb_left_kc512_s702,444,incoming_l1,fly,2,200,permuted_teacher,3,0.01356416983579149
flywire_783_mb_left_kc512_s702,444,incoming_l1,fly,2,200,permuted_teacher,4,0.013482976554325935
flywire_783_mb_left_kc512_s702,444,incoming_l1,fly,2,200,permuted_teacher,5,0.013437746236298896
flywire_783_mb_left_kc512_s702,444,incoming_l1,fly,2,200,permuted_teacher,6,0.013410119991281996
flywire_783_mb_left_kc512_s702,444,incoming_l1,fly,2,200,permuted_teacher,7,0.013393637484568004
flywire_783_mb_left_kc512_s702,444,incoming_l1,fly,2,200,permuted_teacher,8,0.013383328520677844
flywire_783_mb_left_kc512_s702,444,incoming_l1,fly,2,200,permuted_teacher,9,0.01337580076453193
flywire_783_mb_left_kc512_s702,444,incoming_l1,fly,2,200,permuted_teacher,10,0.013370232591865532
flywire_783_mb_left_kc512_s702,444,incoming_l1,fly,2,200,permuted_teacher,11,0.013365938739075864
flywire_783_mb_left_kc512_s702,444,incoming_l1,fly,2,200,permuted_teacher,12,0.013362731715646637
flywire_783_mb_left_kc512_s702,444,incoming_l1,fly,2,200,permuted_teacher,13,0.013360409821463937
flywire_783_mb_left_kc512_s702,444,incoming_l1,fly,2,200,permuted_teacher,14,0.013358468635291908
flywire_783_mb_left_kc512_s702,444,incoming_l1,fly,2,200,permuted_teacher,15,0.013356724857101512
flywire_783_mb_left_kc512_s702,444,incoming_l1,fly,2,200,permuted_teacher,16,0.01335540646313872
flywire_783_mb_left_kc512_s702,444,incoming_l1,fly,2,200,permuted_teacher,17,0.013354428385005921
flywire_783_mb_left_kc512_s702,444,incoming_l1,fly,2,200,permuted_teacher,18,0.013353593626577715
flywire_783_mb_left_kc512_s702,444,incoming_l1,fly,2,200,permuted_teacher,19,0.013352945855678828
flywire_783_mb_left_kc512_s702,444,incoming_l1,fly,2,200,permuted_teacher,20,0.013352420284865624
flywire_783_mb_left_kc512_s702,444,incoming_l1,fly,2,200,permuted_teacher,21,0.01335194323110644
flywire_783_mb_left_kc512_s702,444,incoming_l1,fly,2,200,permuted_teacher,22,0.013351501918722766
flywire_783_mb_left_kc512_s702,444,incoming_l1,fly,2,200,permuted_teacher,23,0.013351088314426588
flywire_783_mb_left_kc512_s702,444,incoming_l1,fly,2,200,permuted_teacher,24,0.0133507111593069
flywire_783_mb_left_kc512_s702,444,incoming_l1,fly,2,200,permuted_teacher,25,0.01335036297636972
flywire_783_mb_left_kc512_s702,444,incoming_l1,fly,2,200,permuted_teacher,26,0.013350038725208206
flywire_783_mb_left_kc512_s702,444,incoming_l1,fly,2,200,permuted_teacher,27,0.013349742397079627
flywire_783_mb_left_kc512_s702,444,incoming_l1,fly,2,200,permuted_teacher,28,0.013349518106822344
flywire_783_mb_left_kc512_s702,444,incoming_l1,fly,2,200,permuted_teacher,29,0.013349340588032856
flywire_783_mb_left_kc512_s702,444,incoming_l1,fly,2,200,permuted_teacher,30,0.013349154721507547
flywire_783_mb_left_kc512_s702,444,incoming_l1,role_shuffled,1,50,supervised,1,0.014637001166012426
flywire_783_mb_left_kc512_s702,444,incoming_l1,role_shuffled,1,50,supervised,2,0.014433468040614206
flywire_783_mb_left_kc512_s702,444,incoming_l1,role_shuffled,1,50,supervised,3,0.014293880040509846
flywire_783_mb_left_kc512_s702,444,incoming_l1,role_shuffled,1,50,supervised,4,0.014188525140042771
flywire_783_mb_left_kc512_s702,444,incoming_l1,role_shuffled,1,50,supervised,5,0.01410576529818002
flywire_783_mb_left_kc512_s702,444,incoming_l1,role_shuffled,1,50,supervised,6,0.01404095695608038
flywire_783_mb_left_kc512_s702,444,incoming_l1,role_shuffled,1,50,supervised,7,0.013989806483020301
flywire_783_mb_left_kc512_s702,444,incoming_l1,role_shuffled,1,50,supervised,8,0.01395080174532691
flywire_783_mb_left_kc512_s702,444,incoming_l1,role_shuffled,1,50,supervised,9,0.013921042951251177
flywire_783_mb_left_kc512_s702,444,incoming_l1,role_shuffled,1,50,supervised,10,0.013898112506624915
flywire_783_mb_left_kc512_s702,444,incoming_l1,role_shuffled,1,50,supervised,11,0.013880629274112915
flywire_783_mb_left_kc512_s702,444,incoming_l1,role_shuffled,1,50,supervised,12,0.013867479333024317
flywire_783_mb_left_kc512_s702,444,incoming_l1,role_shuffled,1,50,supervised,13,0.013857462901147533
flywire_783_mb_left_kc512_s702,444,incoming_l1,role_shuffled,1,50,supervised,14,0.013849897764959963
flywire_783_mb_left_kc512_s702,444,incoming_l1,role_shuffled,1,50,supervised,15,0.01384383744037493
flywire_783_mb_left_kc512_s702,444,incoming_l1,role_shuffled,1,50,supervised,16,0.013838356148473315
flywire_783_mb_left_kc512_s702,444,incoming_l1,role_shuffled,1,50,supervised,17,0.013833584728257752
flywire_783_mb_left_kc512_s702,444,incoming_l1,role_shuffled,1,50,supervised,18,0.013829471831725646
flywire_783_mb_left_kc512_s702,444,incoming_l1,role_shuffled,1,50,supervised,19,0.013825860902024562
flywire_783_mb_left_kc512_s702,444,incoming_l1,role_shuffled,1,50,supervised,20,0.013822558583570907
flywire_783_mb_left_kc512_s702,444,incoming_l1,role_shuffled,1,50,supervised,21,0.013819518978924411
flywire_783_mb_left_kc512_s702,444,incoming_l1,role_shuffled,1,50,supervised,22,0.013816630851945446
flywire_783_mb_left_kc512_s702,444,incoming_l1,role_shuffled,1,50,supervised,23,0.013813916234644872
flywire_783_mb_left_kc512_s702,444,incoming_l1,role_shuffled,1,50,supervised,24,0.013811327632918858
flywire_783_mb_left_kc512_s702,444,incoming_l1,role_shuffled,1,50,supervised,25,0.013808914224390234
flywire_783_mb_left_kc512_s702,444,incoming_l1,role_shuffled,1,50,supervised,26,0.013806731141649356
flywire_783_mb_left_kc512_s702,444,incoming_l1,role_shuffled,1,50,supervised,27,0.013804479573356135
flywire_783_mb_left_kc512_s702,444,incoming_l1,role_shuffled,1,50,supervised,28,0.013802188835924925
flywire_783_mb_left_kc512_s702,444,incoming_l1,role_shuffled,1,50,supervised,29,0.013800047197176884
flywire_783_mb_left_kc512_s702,444,incoming_l1,role_shuffled,1,50,supervised,30,0.01379803786851823
flywire_783_mb_left_kc512_s702,444,incoming_l1,role_shuffled,1,50,permuted_teacher,1,0.014667987813154216
flywire_783_mb_left_kc512_s702,444,incoming_l1,role_shuffled,1,50,permuted_teacher,2,0.014480040729453511
flywire_783_mb_left_kc512_s702,444,incoming_l1,role_shuffled,1,50,permuted_teacher,3,0.01434981886237204
flywire_783_mb_left_kc512_s702,444,incoming_l1,role_shuffled,1,50,permuted_teacher,4,0.014251753193308337
flywire_783_mb_left_kc512_s702,444,incoming_l1,role_shuffled,1,50,permuted_teacher,5,0.014178080385767185
flywire_783_mb_left_kc512_s702,444,incoming_l1,role_shuffled,1,50,permuted_teacher,6,0.014121638216937564
flywire_783_mb_left_kc512_s702,444,incoming_l1,role_shuffled,1,50,permuted_teacher,7,0.014076803730416636
flywire_783_mb_left_kc512_s702,444,incoming_l1,role_shuffled,1,50,permuted_teacher,8,0.014040884858576982
flywire_783_mb_left_kc512_s702,444,incoming_l1,role_shuffled,1,50,permuted_teacher,9,0.014013009960592435
flywire_783_mb_left_kc512_s702,444,incoming_l1,role_shuffled,1,50,permuted_teacher,10,0.01399058404569873
flywire_783_mb_left_kc512_s702,444,incoming_l1,role_shuffled,1,50,permuted_teacher,11,0.013972438488393205
flywire_783_mb_left_kc512_s702,444,incoming_l1,role_shuffled,1,50,permuted_teacher,12,0.013957776810405758
flywire_783_mb_left_kc512_s702,444,incoming_l1,role_shuffled,1,50,permuted_teacher,13,0.013945376011606
flywire_783_mb_left_kc512_s702,444,incoming_l1,role_shuffled,1,50,permuted_teacher,14,0.013935280436092039
flywire_783_mb_left_kc512_s702,444,incoming_l1,role_shuffled,1,50,permuted_teacher,15,0.013927396669237896
flywire_783_mb_left_kc512_s702,444,incoming_l1,role_shuffled,1,50,permuted_teacher,16,0.013920842297457908
flywire_783_mb_left_kc512_s702,444,incoming_l1,role_shuffled,1,50,permuted_teacher,17,0.013914857130946406
flywire_783_mb_left_kc512_s702,444,incoming_l1,role_shuffled,1,50,permuted_teacher,18,0.013909312900214672
flywire_783_mb_left_kc512_s702,444,incoming_l1,role_shuffled,1,50,permuted_teacher,19,0.013904502860032879
flywire_783_mb_left_kc512_s702,444,incoming_l1,role_shuffled,1,50,permuted_teacher,20,0.013900468757436965
flywire_783_mb_left_kc512_s702,444,incoming_l1,role_shuffled,1,50,permuted_teacher,21,0.013896708282936668
flywire_783_mb_left_kc512_s702,444,incoming_l1,role_shuffled,1,50,permuted_teacher,22,0.013893294790439617
flywire_783_mb_left_kc512_s702,444,incoming_l1,role_shuffled,1,50,permuted_teacher,23,0.013890163533905375
flywire_783_mb_left_kc512_s702,444,incoming_l1,role_shuffled,1,50,permuted_teacher,24,0.013887192986623807
flywire_783_mb_left_kc512_s702,444,incoming_l1,role_shuffled,1,50,permuted_teacher,25,0.013884501211583088
flywire_783_mb_left_kc512_s702,444,incoming_l1,role_shuffled,1,50,permuted_teacher,26,0.013881957021670823
flywire_783_mb_left_kc512_s702,444,incoming_l1,role_shuffled,1,50,permuted_teacher,27,0.013879312159664283
flywire_783_mb_left_kc512_s702,444,incoming_l1,role_shuffled,1,50,permuted_teacher,28,0.013876653831655008
flywire_783_mb_left_kc512_s702,444,incoming_l1,role_shuffled,1,50,permuted_teacher,29,0.013874167823241223
flywire_783_mb_left_kc512_s702,444,incoming_l1,role_shuffled,1,50,permuted_teacher,30,0.013871832074011317
flywire_783_mb_left_kc512_s702,444,incoming_l1,role_shuffled,1,200,supervised,1,0.014590492124378324
flywire_783_mb_left_kc512_s702,444,incoming_l1,role_shuffled,1,200,supervised,2,0.014330372565389164
flywire_783_mb_left_kc512_s702,444,incoming_l1,role_shuffled,1,200,supervised,3,0.014220532329477923
flywire_783_mb_left_kc512_s702,444,incoming_l1,role_shuffled,1,200,supervised,4,0.014165095077167345
flywire_783_mb_left_kc512_s702,444,incoming_l1,role_shuffled,1,200,supervised,5,0.014136542601770524
flywire_783_mb_left_kc512_s702,444,incoming_l1,role_shuffled,1,200,supervised,6,0.014118156854910444
flywire_783_mb_left_kc512_s702,444,incoming_l1,role_shuffled,1,200,supervised,7,0.014105715213216808
flywire_783_mb_left_kc512_s702,444,incoming_l1,role_shuffled,1,200,supervised,8,0.01409595869128102
flywire_783_mb_left_kc512_s702,444,incoming_l1,role_shuffled,1,200,supervised,9,0.014087659836096559
flywire_783_mb_left_kc512_s702,444,incoming_l1,role_shuffled,1,200,supervised,10,0.014081178294313013
flywire_783_mb_left_kc512_s702,444,incoming_l1,role_shuffled,1,200,supervised,11,0.014075968275812102
flywire_783_mb_left_kc512_s702,444,incoming_l1,role_shuffled,1,200,supervised,12,0.014072205809272164
flywire_783_mb_left_kc512_s702,444,incoming_l1,role_shuffled,1,200,supervised,13,0.014070451713985162
flywire_783_mb_left_kc512_s702,444,incoming_l1,role_shuffled,1,200,supervised,14,0.014068979007214336
flywire_783_mb_left_kc512_s702,444,incoming_l1,role_shuffled,1,200,supervised,15,0.014067786568958584
flywire_783_mb_left_kc512_s702,444,incoming_l1,role_shuffled,1,200,supervised,16,0.014066800027568604
flywire_783_mb_left_kc512_s702,444,incoming_l1,role_shuffled,1,200,supervised,17,0.014065894021691196
flywire_783_mb_left_kc512_s702,444,incoming_l1,role_shuffled,1,200,supervised,18,0.014065052477275554
flywire_783_mb_left_kc512_s702,444,incoming_l1,role_shuffled,1,200,supervised,19,0.014064367900236897
flywire_783_mb_left_kc512_s702,444,incoming_l1,role_shuffled,1,200,supervised,20,0.014063924848412545
flywire_783_mb_left_kc512_s702,444,incoming_l1,role_shuffled,1,200,supervised,21,0.014063515793389568
flywire_783_mb_left_kc512_s702,444,incoming_l1,role_shuffled,1,200,supervised,22,0.014063133875682565
flywire_783_mb_left_kc512_s702,444,incoming_l1,role_shuffled,1,200,supervised,23,0.014062777145077006
flywire_783_mb_left_kc512_s702,444,incoming_l1,role_shuffled,1,200,supervised,24,0.014062452412516947
flywire_783_mb_left_kc512_s702,444,incoming_l1,role_shuffled,1,200,supervised,25,0.014062233745829681
flywire_783_mb_left_kc512_s702,444,incoming_l1,role_shuffled,1,200,supervised,26,0.01406207707026114
flywire_783_mb_left_kc512_s702,444,incoming_l1,role_shuffled,1,200,supervised,27,0.014061950268677058
flywire_783_mb_left_kc512_s702,444,incoming_l1,role_shuffled,1,200,supervised,28,0.014061833386785271
flywire_783_mb_left_kc512_s702,444,incoming_l1,role_shuffled,1,200,supervised,29,0.01406172445368266
flywire_783_mb_left_kc512_s702,444,incoming_l1,role_shuffled,1,200,supervised,30,0.014061629927827536
flywire_783_mb_left_kc512_s702,444,incoming_l1,role_shuffled,1,200,permuted_teacher,1,0.014544002879928472
flywire_783_mb_left_kc512_s702,444,incoming_l1,role_shuffled,1,200,permuted_teacher,2,0.01427031542450596
flywire_783_mb_left_kc512_s702,444,incoming_l1,role_shuffled,1,200,permuted_teacher,3,0.014154452748594091
flywire_783_mb_left_kc512_s702,444,incoming_l1,role_shuffled,1,200,permuted_teacher,4,0.014094113464846082
flywire_783_mb_left_kc512_s702,444,incoming_l1,role_shuffled,1,200,permuted_teacher,5,0.014062214552803426
flywire_783_mb_left_kc512_s702,444,incoming_l1,role_shuffled,1,200,permuted_teacher,6,0.014042640146376595
flywire_783_mb_left_kc512_s702,444,incoming_l1,role_shuffled,1,200,permuted_teacher,7,0.014028722366562992
flywire_783_mb_left_kc512_s702,444,incoming_l1,role_shuffled,1,200,permuted_teacher,8,0.014017977446924384
flywire_783_mb_left_kc512_s702,444,incoming_l1,role_shuffled,1,200,permuted_teacher,9,0.01400896612389382
flywire_783_mb_left_kc512_s702,444,incoming_l1,role_shuffled,1,200,permuted_teacher,10,0.014001691351251287
flywire_783_mb_left_kc512_s702,444,incoming_l1,role_shuffled,1,200,permuted_teacher,11,0.013995985040671387
flywire_783_mb_left_kc512_s702,444,incoming_l1,role_shuffled,1,200,permuted_teacher,12,0.013991659723517031
flywire_783_mb_left_kc512_s702,444,incoming_l1,role_shuffled,1,200,permuted_teacher,13,0.013989879770296906
flywire_783_mb_left_kc512_s702,444,incoming_l1,role_shuffled,1,200,permuted_teacher,14,0.01398875046639902
flywire_783_mb_left_kc512_s702,444,incoming_l1,role_shuffled,1,200,permuted_teacher,15,0.013987888552865566
flywire_783_mb_left_kc512_s702,444,incoming_l1,role_shuffled,1,200,permuted_teacher,16,0.013987313175074935
flywire_783_mb_left_kc512_s702,444,incoming_l1,role_shuffled,1,200,permuted_teacher,17,0.013986899545346388
flywire_783_mb_left_kc512_s702,444,incoming_l1,role_shuffled,1,200,permuted_teacher,18,0.013986765220625518
flywire_783_mb_left_kc512_s702,444,incoming_l1,role_shuffled,1,200,permuted_teacher,19,0.01398672415293028
flywire_783_mb_left_kc512_s702,444,incoming_l1,role_shuffled,1,200,permuted_teacher,20,0.013986735672761836
flywire_783_mb_left_kc512_s702,444,incoming_l1,role_shuffled,1,200,permuted_teacher,21,0.013986722300925505
flywire_783_mb_left_kc512_s702,444,incoming_l1,role_shuffled,1,200,permuted_teacher,22,0.013986681018104056
flywire_783_mb_left_kc512_s702,444,incoming_l1,role_shuffled,1,200,permuted_teacher,23,0.013986626959580375
flywire_783_mb_left_kc512_s702,444,incoming_l1,role_shuffled,1,200,permuted_teacher,24,0.013986564552344585
flywire_783_mb_left_kc512_s702,444,incoming_l1,role_shuffled,1,200,permuted_teacher,25,0.01398648378999741
flywire_783_mb_left_kc512_s702,444,incoming_l1,role_shuffled,1,200,permuted_teacher,26,0.01398642673554385
flywire_783_mb_left_kc512_s702,444,incoming_l1,role_shuffled,1,200,permuted_teacher,27,0.013986436483615285
flywire_783_mb_left_kc512_s702,444,incoming_l1,role_shuffled,1,200,permuted_teacher,28,0.013986445987152185
flywire_783_mb_left_kc512_s702,444,incoming_l1,role_shuffled,1,200,permuted_teacher,29,0.013986448331883589
flywire_783_mb_left_kc512_s702,444,incoming_l1,role_shuffled,1,200,permuted_teacher,30,0.013986433862179622
flywire_783_mb_left_kc512_s702,444,incoming_l1,role_shuffled,2,50,supervised,1,0.014616173136294026
flywire_783_mb_left_kc512_s702,444,incoming_l1,role_shuffled,2,50,supervised,2,0.01442146042983501
flywire_783_mb_left_kc512_s702,444,incoming_l1,role_shuffled,2,50,supervised,3,0.014290063813043699
flywire_783_mb_left_kc512_s702,444,incoming_l1,role_shuffled,2,50,supervised,4,0.014191762366082591
flywire_783_mb_left_kc512_s702,444,incoming_l1,role_shuffled,2,50,supervised,5,0.014115562715437785
flywire_783_mb_left_kc512_s702,444,incoming_l1,role_shuffled,2,50,supervised,6,0.014055685670094041
flywire_783_mb_left_kc512_s702,444,incoming_l1,role_shuffled,2,50,supervised,7,0.01400825345247919
flywire_783_mb_left_kc512_s702,444,incoming_l1,role_shuffled,2,50,supervised,8,0.013971209306039834
flywire_783_mb_left_kc512_s702,444,incoming_l1,role_shuffled,2,50,supervised,9,0.01394218927867674
flywire_783_mb_left_kc512_s702,444,incoming_l1,role_shuffled,2,50,supervised,10,0.013919164146700063
flywire_783_mb_left_kc512_s702,444,incoming_l1,role_shuffled,2,50,supervised,11,0.013900227101808618
flywire_783_mb_left_kc512_s702,444,incoming_l1,role_shuffled,2,50,supervised,12,0.01388488734010719
flywire_783_mb_left_kc512_s702,444,incoming_l1,role_shuffled,2,50,supervised,13,0.01387281230806467
flywire_783_mb_left_kc512_s702,444,incoming_l1,role_shuffled,2,50,supervised,14,0.013863111793228284
flywire_783_mb_left_kc512_s702,444,incoming_l1,role_shuffled,2,50,supervised,15,0.013855218708461507
flywire_783_mb_left_kc512_s702,444,incoming_l1,role_shuffled,2,50,supervised,16,0.013848941289665061
flywire_783_mb_left_kc512_s702,444,incoming_l1,role_shuffled,2,50,supervised,17,0.013843704709977101
flywire_783_mb_left_kc512_s702,444,incoming_l1,role_shuffled,2,50,supervised,18,0.013839664023054884
flywire_783_mb_left_kc512_s702,444,incoming_l1,role_shuffled,2,50,supervised,19,0.013836454942950481
flywire_783_mb_left_kc512_s702,444,incoming_l1,role_shuffled,2,50,supervised,20,0.013833843284141894
flywire_783_mb_left_kc512_s702,444,incoming_l1,role_shuffled,2,50,supervised,21,0.013831502613077905
flywire_783_mb_left_kc512_s702,444,incoming_l1,role_shuffled,2,50,supervised,22,0.013829427716747757
flywire_783_mb_left_kc512_s702,444,incoming_l1,role_shuffled,2,50,supervised,23,0.013827293061607496
flywire_783_mb_left_kc512_s702,444,incoming_l1,role_shuffled,2,50,supervised,24,0.013825274787021521
flywire_783_mb_left_kc512_s702,444,incoming_l1,role_shuffled,2,50,supervised,25,0.013823332406584697
flywire_783_mb_left_kc512_s702,444,incoming_l1,role_shuffled,2,50,supervised,26,0.013821397953770877
flywire_783_mb_left_kc512_s702,444,incoming_l1,role_shuffled,2,50,supervised,27,0.01381958778376383
flywire_783_mb_left_kc512_s702,444,incoming_l1,role_shuffled,2,50,supervised,28,0.013818033233487247
flywire_783_mb_left_kc512_s702,444,incoming_l1,role_shuffled,2,50,supervised,29,0.013816579789196756
flywire_783_mb_left_kc512_s702,444,incoming_l1,role_shuffled,2,50,supervised,30,0.013814876171469549
flywire_783_mb_left_kc512_s702,444,incoming_l1,role_shuffled,2,50,permuted_teacher,1,0.014641810547591599
flywire_783_mb_left_kc512_s702,444,incoming_l1,role_shuffled,2,50,permuted_teacher,2,0.014442776251988733
flywire_783_mb_left_kc512_s702,444,incoming_l1,role_shuffled,2,50,permuted_teacher,3,0.014307080952270942
flywire_783_mb_left_kc512_s702,444,incoming_l1,role_shuffled,2,50,permuted_teacher,4,0.014206981751822839
flywire_783_mb_left_kc512_s702,444,incoming_l1,role_shuffled,2,50,permuted_teacher,5,0.014131582207575844
flywire_783_mb_left_kc512_s702,444,incoming_l1,role_shuffled,2,50,permuted_teacher,6,0.014073371558791408
flywire_783_mb_left_kc512_s702,444,incoming_l1,role_shuffled,2,50,permuted_teacher,7,0.014027389231139317
flywire_783_mb_left_kc512_s702,444,incoming_l1,role_shuffled,2,50,permuted_teacher,8,0.013990595851856543
flywire_783_mb_left_kc512_s702,444,incoming_l1,role_shuffled,2,50,permuted_teacher,9,0.01396120701583156
flywire_783_mb_left_kc512_s702,444,incoming_l1,role_shuffled,2,50,permuted_teacher,10,0.013937295988345477
flywire_783_mb_left_kc512_s702,444,incoming_l1,role_shuffled,2,50,permuted_teacher,11,0.013917837606102199
flywire_783_mb_left_kc512_s702,444,incoming_l1,role_shuffled,2,50,permuted_teacher,12,0.013902411020375326
flywire_783_mb_left_kc512_s702,444,incoming_l1,role_shuffled,2,50,permuted_teacher,13,0.013890279228517098
flywire_783_mb_left_kc512_s702,444,incoming_l1,role_shuffled,2,50,permuted_teacher,14,0.013880496254005057
flywire_783_mb_left_kc512_s702,444,incoming_l1,role_shuffled,2,50,permuted_teacher,15,0.013872574684632412
flywire_783_mb_left_kc512_s702,444,incoming_l1,role_shuffled,2,50,permuted_teacher,16,0.013865790107985528
flywire_783_mb_left_kc512_s702,444,incoming_l1,role_shuffled,2,50,permuted_teacher,17,0.013859746848174185
flywire_783_mb_left_kc512_s702,444,incoming_l1,role_shuffled,2,50,permuted_teacher,18,0.013854514928068516
flywire_783_mb_left_kc512_s702,444,incoming_l1,role_shuffled,2,50,permuted_teacher,19,0.013849775004777548
flywire_783_mb_left_kc512_s702,444,incoming_l1,role_shuffled,2,50,permuted_teacher,20,0.01384564516771177
flywire_783_mb_left_kc512_s702,444,incoming_l1,role_shuffled,2,50,permuted_teacher,21,0.013841767162665282
flywire_783_mb_left_kc512_s702,444,incoming_l1,role_shuffled,2,50,permuted_teacher,22,0.013838269937690648
flywire_783_mb_left_kc512_s702,444,incoming_l1,role_shuffled,2,50,permuted_teacher,23,0.013835106738184439
flywire_783_mb_left_kc512_s702,444,incoming_l1,role_shuffled,2,50,permuted_teacher,24,0.013832165217436243
flywire_783_mb_left_kc512_s702,444,incoming_l1,role_shuffled,2,50,permuted_teacher,25,0.013829491882797059
flywire_783_mb_left_kc512_s702,444,incoming_l1,role_shuffled,2,50,permuted_teacher,26,0.013827145336430924
flywire_783_mb_left_kc512_s702,444,incoming_l1,role_shuffled,2,50,permuted_teacher,27,0.013824718000513905
flywire_783_mb_left_kc512_s702,444,incoming_l1,role_shuffled,2,50,permuted_teacher,28,0.013822260247808736
flywire_783_mb_left_kc512_s702,444,incoming_l1,role_shuffled,2,50,permuted_teacher,29,0.013819973074813975
flywire_783_mb_left_kc512_s702,444,incoming_l1,role_shuffled,2,50,permuted_teacher,30,0.013817826253143818
flywire_783_mb_left_kc512_s702,444,incoming_l1,role_shuffled,2,200,supervised,1,0.014568667133760342
flywire_783_mb_left_kc512_s702,444,incoming_l1,role_shuffled,2,200,supervised,2,0.014300573589996167
flywire_783_mb_left_kc512_s702,444,incoming_l1,role_shuffled,2,200,supervised,3,0.014184965838477781
flywire_783_mb_left_kc512_s702,444,incoming_l1,role_shuffled,2,200,supervised,4,0.014126368920914907
flywire_783_mb_left_kc512_s702,444,incoming_l1,role_shuffled,2,200,supervised,5,0.014095798644734949
flywire_783_mb_left_kc512_s702,444,incoming_l1,role_shuffled,2,200,supervised,6,0.014076209307713401
flywire_783_mb_left_kc512_s702,444,incoming_l1,role_shuffled,2,200,supervised,7,0.014062740539165742
flywire_783_mb_left_kc512_s702,444,incoming_l1,role_shuffled,2,200,supervised,8,0.014052510056613824
flywire_783_mb_left_kc512_s702,444,incoming_l1,role_shuffled,2,200,supervised,9,0.014044252364487815
flywire_783_mb_left_kc512_s702,444,incoming_l1,role_shuffled,2,200,supervised,10,0.014037787924056749
flywire_783_mb_left_kc512_s702,444,incoming_l1,role_shuffled,2,200,supervised,11,0.014033372955573694
flywire_783_mb_left_kc512_s702,444,incoming_l1,role_shuffled,2,200,supervised,12,0.014031519519831554
flywire_783_mb_left_kc512_s702,444,incoming_l1,role_shuffled,2,200,supervised,13,0.01403031181723452
flywire_783_mb_left_kc512_s702,444,incoming_l1,role_shuffled,2,200,supervised,14,0.014029267701858986
flywire_783_mb_left_kc512_s702,444,incoming_l1,role_shuffled,2,200,supervised,15,0.014028465263166985
flywire_783_mb_left_kc512_s702,444,incoming_l1,role_shuffled,2,200,supervised,16,0.014027914603521483
flywire_783_mb_left_kc512_s702,444,incoming_l1,role_shuffled,2,200,supervised,17,0.014027460653488094
flywire_783_mb_left_kc512_s702,444,incoming_l1,role_shuffled,2,200,supervised,18,0.014027116846406455
flywire_783_mb_left_kc512_s702,444,incoming_l1,role_shuffled,2,200,supervised,19,0.014026924944007976
flywire_783_mb_left_kc512_s702,444,incoming_l1,role_shuffled,2,200,supervised,20,0.014026743003556899
flywire_783_mb_left_kc512_s702,444,incoming_l1,role_shuffled,2,200,supervised,21,0.014026552430003935
flywire_783_mb_left_kc512_s702,444,incoming_l1,role_shuffled,2,200,supervised,22,0.014026352731010674
flywire_783_mb_left_kc512_s702,444,incoming_l1,role_shuffled,2,200,supervised,23,0.014026144476567968
flywire_783_mb_left_kc512_s702,444,incoming_l1,role_shuffled,2,200,supervised,24,0.014025931491895108
flywire_783_mb_left_kc512_s702,444,incoming_l1,role_shuffled,2,200,supervised,25,0.01402572497581873
flywire_783_mb_left_kc512_s702,444,incoming_l1,role_shuffled,2,200,supervised,26,0.014025515898006236
flywire_783_mb_left_kc512_s702,444,incoming_l1,role_shuffled,2,200,supervised,27,0.014025341327748547
flywire_783_mb_left_kc512_s702,444,incoming_l1,role_shuffled,2,200,supervised,28,0.014025243676867093
flywire_783_mb_left_kc512_s702,444,incoming_l1,role_shuffled,2,200,supervised,29,0.014025125617665302
flywire_783_mb_left_kc512_s702,444,incoming_l1,role_shuffled,2,200,supervised,30,0.01402496778638329
flywire_783_mb_left_kc512_s702,444,incoming_l1,role_shuffled,2,200,permuted_teacher,1,0.014575391538733263
flywire_783_mb_left_kc512_s702,444,incoming_l1,role_shuffled,2,200,permuted_teacher,2,0.014304728258261044
flywire_783_mb_left_kc512_s702,444,incoming_l1,role_shuffled,2,200,permuted_teacher,3,0.014189300022984047
flywire_783_mb_left_kc512_s702,444,incoming_l1,role_shuffled,2,200,permuted_teacher,4,0.014129795346365024
flywire_783_mb_left_kc512_s702,444,incoming_l1,role_shuffled,2,200,permuted_teacher,5,0.0140968731885009
flywire_783_mb_left_kc512_s702,444,incoming_l1,role_shuffled,2,200,permuted_teacher,6,0.014075682471890229
flywire_783_mb_left_kc512_s702,444,incoming_l1,role_shuffled,2,200,permuted_teacher,7,0.014060960488720528
flywire_783_mb_left_kc512_s702,444,incoming_l1,role_shuffled,2,200,permuted_teacher,8,0.01404975289924991
flywire_783_mb_left_kc512_s702,444,incoming_l1,role_shuffled,2,200,permuted_teacher,9,0.014040552344567867
flywire_783_mb_left_kc512_s702,444,incoming_l1,role_shuffled,2,200,permuted_teacher,10,0.0140330799107457
flywire_783_mb_left_kc512_s702,444,incoming_l1,role_shuffled,2,200,permuted_teacher,11,0.01402704099875895
flywire_783_mb_left_kc512_s702,444,incoming_l1,role_shuffled,2,200,permuted_teacher,12,0.014022424502383736
flywire_783_mb_left_kc512_s702,444,incoming_l1,role_shuffled,2,200,permuted_teacher,13,0.014020128228116218
flywire_783_mb_left_kc512_s702,444,incoming_l1,role_shuffled,2,200,permuted_teacher,14,0.014018594075000113
flywire_783_mb_left_kc512_s702,444,incoming_l1,role_shuffled,2,200,permuted_teacher,15,0.014017373578702802
flywire_783_mb_left_kc512_s702,444,incoming_l1,role_shuffled,2,200,permuted_teacher,16,0.01401645051756114
flywire_783_mb_left_kc512_s702,444,incoming_l1,role_shuffled,2,200,permuted_teacher,17,0.014015776407123447
flywire_783_mb_left_kc512_s702,444,incoming_l1,role_shuffled,2,200,permuted_teacher,18,0.014015362677388538
flywire_783_mb_left_kc512_s702,444,incoming_l1,role_shuffled,2,200,permuted_teacher,19,0.014015058056091882
flywire_783_mb_left_kc512_s702,444,incoming_l1,role_shuffled,2,200,permuted_teacher,20,0.014014788626213038
flywire_783_mb_left_kc512_s702,444,incoming_l1,role_shuffled,2,200,permuted_teacher,21,0.014014599002745355
flywire_783_mb_left_kc512_s702,444,incoming_l1,role_shuffled,2,200,permuted_teacher,22,0.014014472724545615
flywire_783_mb_left_kc512_s702,444,incoming_l1,role_shuffled,2,200,permuted_teacher,23,0.01401436802424947
flywire_783_mb_left_kc512_s702,444,incoming_l1,role_shuffled,2,200,permuted_teacher,24,0.014014270751308022
flywire_783_mb_left_kc512_s702,444,incoming_l1,role_shuffled,2,200,permuted_teacher,25,0.014014191339027265
flywire_783_mb_left_kc512_s702,444,incoming_l1,role_shuffled,2,200,permuted_teacher,26,0.014014131952223783
flywire_783_mb_left_kc512_s702,444,incoming_l1,role_shuffled,2,200,permuted_teacher,27,0.014014078280116558
flywire_783_mb_left_kc512_s702,444,incoming_l1,role_shuffled,2,200,permuted_teacher,28,0.014014033165648343
flywire_783_mb_left_kc512_s702,444,incoming_l1,role_shuffled,2,200,permuted_teacher,29,0.014013981439833692
flywire_783_mb_left_kc512_s702,444,incoming_l1,role_shuffled,2,200,permuted_teacher,30,0.014013912932156418
flywire_783_mb_left_kc512_s702,444,incoming_l1,role_random,1,50,supervised,1,0.014006388542470789
flywire_783_mb_left_kc512_s702,444,incoming_l1,role_random,1,50,supervised,2,0.013591627169916064
flywire_783_mb_left_kc512_s702,444,incoming_l1,role_random,1,50,supervised,3,0.013274145207341567
flywire_783_mb_left_kc512_s702,444,incoming_l1,role_random,1,50,supervised,4,0.013023423063458526
flywire_783_mb_left_kc512_s702,444,incoming_l1,role_random,1,50,supervised,5,0.012823463765817972
flywire_783_mb_left_kc512_s702,444,incoming_l1,role_random,1,50,supervised,6,0.01266622294713511
flywire_783_mb_left_kc512_s702,444,incoming_l1,role_random,1,50,supervised,7,0.012541818381193335
flywire_783_mb_left_kc512_s702,444,incoming_l1,role_random,1,50,supervised,8,0.012442004896449005
flywire_783_mb_left_kc512_s702,444,incoming_l1,role_random,1,50,supervised,9,0.012362250822855574
flywire_783_mb_left_kc512_s702,444,incoming_l1,role_random,1,50,supervised,10,0.01229792818394236
flywire_783_mb_left_kc512_s702,444,incoming_l1,role_random,1,50,supervised,11,0.01224464041968417
flywire_783_mb_left_kc512_s702,444,incoming_l1,role_random,1,50,supervised,12,0.012200548941000332
flywire_783_mb_left_kc512_s702,444,incoming_l1,role_random,1,50,supervised,13,0.01216325516536056
flywire_783_mb_left_kc512_s702,444,incoming_l1,role_random,1,50,supervised,14,0.012131821295582388
flywire_783_mb_left_kc512_s702,444,incoming_l1,role_random,1,50,supervised,15,0.012104564742038155
flywire_783_mb_left_kc512_s702,444,incoming_l1,role_random,1,50,supervised,16,0.01208087222145757
flywire_783_mb_left_kc512_s702,444,incoming_l1,role_random,1,50,supervised,17,0.01206028562089226
flywire_783_mb_left_kc512_s702,444,incoming_l1,role_random,1,50,supervised,18,0.012042574880928355
flywire_783_mb_left_kc512_s702,444,incoming_l1,role_random,1,50,supervised,19,0.012026760510309965
flywire_783_mb_left_kc512_s702,444,incoming_l1,role_random,1,50,supervised,20,0.012012851763384408
flywire_783_mb_left_kc512_s702,444,incoming_l1,role_random,1,50,supervised,21,0.012000558040671868
flywire_783_mb_left_kc512_s702,444,incoming_l1,role_random,1,50,supervised,22,0.011989667006784341
flywire_783_mb_left_kc512_s702,444,incoming_l1,role_random,1,50,supervised,23,0.011979894880776467
flywire_783_mb_left_kc512_s702,444,incoming_l1,role_random,1,50,supervised,24,0.011971162249086079
flywire_783_mb_left_kc512_s702,444,incoming_l1,role_random,1,50,supervised,25,0.011963289807732305
flywire_783_mb_left_kc512_s702,444,incoming_l1,role_random,1,50,supervised,26,0.011956018291806808
flywire_783_mb_left_kc512_s702,444,incoming_l1,role_random,1,50,supervised,27,0.011949319783695364
flywire_783_mb_left_kc512_s702,444,incoming_l1,role_random,1,50,supervised,28,0.011943223478370263
flywire_783_mb_left_kc512_s702,444,incoming_l1,role_random,1,50,supervised,29,0.01193765564809098
flywire_783_mb_left_kc512_s702,444,incoming_l1,role_random,1,50,supervised,30,0.011932545556320253
flywire_783_mb_left_kc512_s702,444,incoming_l1,role_random,1,50,permuted_teacher,1,0.014084273333375008
flywire_783_mb_left_kc512_s702,444,incoming_l1,role_random,1,50,permuted_teacher,2,0.013689621148903106
flywire_783_mb_left_kc512_s702,444,incoming_l1,role_random,1,50,permuted_teacher,3,0.013386852713879563
flywire_783_mb_left_kc512_s702,444,incoming_l1,role_random,1,50,permuted_teacher,4,0.013147460578462989
flywire_783_mb_left_kc512_s702,444,incoming_l1,role_random,1,50,permuted_teacher,5,0.012955717236324634
flywire_783_mb_left_kc512_s702,444,incoming_l1,role_random,1,50,permuted_teacher,6,0.012803069359384054
flywire_783_mb_left_kc512_s702,444,incoming_l1,role_random,1,50,permuted_teacher,7,0.012681445295807673
flywire_783_mb_left_kc512_s702,444,incoming_l1,role_random,1,50,permuted_teacher,8,0.012583336574467786
flywire_783_mb_left_kc512_s702,444,incoming_l1,role_random,1,50,permuted_teacher,9,0.012504864164531431
flywire_783_mb_left_kc512_s702,444,incoming_l1,role_random,1,50,permuted_teacher,10,0.012442163593242178
flywire_783_mb_left_kc512_s702,444,incoming_l1,role_random,1,50,permuted_teacher,11,0.012389620101863176
flywire_783_mb_left_kc512_s702,444,incoming_l1,role_random,1,50,permuted_teacher,12,0.012346060513382232
flywire_783_mb_left_kc512_s702,444,incoming_l1,role_random,1,50,permuted_teacher,13,0.012309255195151301
flywire_783_mb_left_kc512_s702,444,incoming_l1,role_random,1,50,permuted_teacher,14,0.012278581464055085
flywire_783_mb_left_kc512_s702,444,incoming_l1,role_random,1,50,permuted_teacher,15,0.012252780654681984
flywire_783_mb_left_kc512_s702,444,incoming_l1,role_random,1,50,permuted_teacher,16,0.012231181995226346
flywire_783_mb_left_kc512_s702,444,incoming_l1,role_random,1,50,permuted_teacher,17,0.0122129029669172
flywire_783_mb_left_kc512_s702,444,incoming_l1,role_random,1,50,permuted_teacher,18,0.012196709026072882
flywire_783_mb_left_kc512_s702,444,incoming_l1,role_random,1,50,permuted_teacher,19,0.012182535004859775
flywire_783_mb_left_kc512_s702,444,incoming_l1,role_random,1,50,permuted_teacher,20,0.012169881182432413
flywire_783_mb_left_kc512_s702,444,incoming_l1,role_random,1,50,permuted_teacher,21,0.01215848604898297
flywire_783_mb_left_kc512_s702,444,incoming_l1,role_random,1,50,permuted_teacher,22,0.012148371297163552
flywire_783_mb_left_kc512_s702,444,incoming_l1,role_random,1,50,permuted_teacher,23,0.012139484234500737
flywire_783_mb_left_kc512_s702,444,incoming_l1,role_random,1,50,permuted_teacher,24,0.012131601352367558
flywire_783_mb_left_kc512_s702,444,incoming_l1,role_random,1,50,permuted_teacher,25,0.012124573143279317
flywire_783_mb_left_kc512_s702,444,incoming_l1,role_random,1,50,permuted_teacher,26,0.012118157121896449
flywire_783_mb_left_kc512_s702,444,incoming_l1,role_random,1,50,permuted_teacher,27,0.012112317573355277
flywire_783_mb_left_kc512_s702,444,incoming_l1,role_random,1,50,permuted_teacher,28,0.012106939745581522
flywire_783_mb_left_kc512_s702,444,incoming_l1,role_random,1,50,permuted_teacher,29,0.012101970368608293
flywire_783_mb_left_kc512_s702,444,incoming_l1,role_random,1,50,permuted_teacher,30,0.01209734643788071
flywire_783_mb_left_kc512_s702,444,incoming_l1,role_random,1,200,supervised,1,0.013674593293200666
flywire_783_mb_left_kc512_s702,444,incoming_l1,role_random,1,200,supervised,2,0.012986592242671869
flywire_783_mb_left_kc512_s702,444,incoming_l1,role_random,1,200,supervised,3,0.012720168563230692
flywire_783_mb_left_kc512_s702,444,incoming_l1,role_random,1,200,supervised,4,0.012605878963325825
flywire_783_mb_left_kc512_s702,444,incoming_l1,role_random,1,200,supervised,5,0.012546173076845496
flywire_783_mb_left_kc512_s702,444,incoming_l1,role_random,1,200,supervised,6,0.012510212697169603
flywire_783_mb_left_kc512_s702,444,incoming_l1,role_random,1,200,supervised,7,0.012487676272546508
flywire_783_mb_left_kc512_s702,444,incoming_l1,role_random,1,200,supervised,8,0.012472259376559538
flywire_783_mb_left_kc512_s702,444,incoming_l1,role_random,1,200,supervised,9,0.012461205076485337
flywire_783_mb_left_kc512_s702,444,incoming_l1,role_random,1,200,supervised,10,0.01245295431917922
flywire_783_mb_left_kc512_s702,444,incoming_l1,role_random,1,200,supervised,11,0.01244668576675392
flywire_783_mb_left_kc512_s702,444,incoming_l1,role_random,1,200,supervised,12,0.012441842589511053
flywire_783_mb_left_kc512_s702,444,incoming_l1,role_random,1,200,supervised,13,0.01243786381024957
flywire_783_mb_left_kc512_s702,444,incoming_l1,role_random,1,200,supervised,14,0.012434621303398341
flywire_783_mb_left_kc512_s702,444,incoming_l1,role_random,1,200,supervised,15,0.01243196667954853
flywire_783_mb_left_kc512_s702,444,incoming_l1,role_random,1,200,supervised,16,0.012429824542668394
flywire_783_mb_left_kc512_s702,444,incoming_l1,role_random,1,200,supervised,17,0.012427981964952858
flywire_783_mb_left_kc512_s702,444,incoming_l1,role_random,1,200,supervised,18,0.012426360340056631
flywire_783_mb_left_kc512_s702,444,incoming_l1,role_random,1,200,supervised,19,0.01242499181990411
flywire_783_mb_left_kc512_s702,444,incoming_l1,role_random,1,200,supervised,20,0.01242377874504241
flywire_783_mb_left_kc512_s702,444,incoming_l1,role_random,1,200,supervised,21,0.012422703741253063
flywire_783_mb_left_kc512_s702,444,incoming_l1,role_random,1,200,supervised,22,0.012421749544913787
flywire_783_mb_left_kc512_s702,444,incoming_l1,role_random,1,200,supervised,23,0.012420931793232375
flywire_783_mb_left_kc512_s702,444,incoming_l1,role_random,1,200,supervised,24,0.012420306536278297
flywire_783_mb_left_kc512_s702,444,incoming_l1,role_random,1,200,supervised,25,0.012419919281245067
flywire_783_mb_left_kc512_s702,444,incoming_l1,role_random,1,200,supervised,26,0.01241961893142156
flywire_783_mb_left_kc512_s702,444,incoming_l1,role_random,1,200,supervised,27,0.012419379165481918
flywire_783_mb_left_kc512_s702,444,incoming_l1,role_random,1,200,supervised,28,0.01241917546822277
flywire_783_mb_left_kc512_s702,444,incoming_l1,role_random,1,200,supervised,29,0.012418978490514218
flywire_783_mb_left_kc512_s702,444,incoming_l1,role_random,1,200,supervised,30,0.012418819416275288
flywire_783_mb_left_kc512_s702,444,incoming_l1,role_random,1,200,permuted_teacher,1,0.013716228415220197
flywire_783_mb_left_kc512_s702,444,incoming_l1,role_random,1,200,permuted_teacher,2,0.013036454891623908
flywire_783_mb_left_kc512_s702,444,incoming_l1,role_random,1,200,permuted_teacher,3,0.012772455045047223
flywire_783_mb_left_kc512_s702,444,incoming_l1,role_random,1,200,permuted_teacher,4,0.012659188615972247
flywire_783_mb_left_kc512_s702,444,incoming_l1,role_random,1,200,permuted_teacher,5,0.012599630221407069
flywire_783_mb_left_kc512_s702,444,incoming_l1,role_random,1,200,permuted_teacher,6,0.012563128746624519
flywire_783_mb_left_kc512_s702,444,incoming_l1,role_random,1,200,permuted_teacher,7,0.01254003049005764
flywire_783_mb_left_kc512_s702,444,incoming_l1,role_random,1,200,permuted_teacher,8,0.012524023584711538
flywire_783_mb_left_kc512_s702,444,incoming_l1,role_random,1,200,permuted_teacher,9,0.012512851184786233
flywire_783_mb_left_kc512_s702,444,incoming_l1,role_random,1,200,permuted_teacher,10,0.012504759098614822
flywire_783_mb_left_kc512_s702,444,incoming_l1,role_random,1,200,permuted_teacher,11,0.012498542435384436
flywire_783_mb_left_kc512_s702,444,incoming_l1,role_random,1,200,permuted_teacher,12,0.012493667269379801
flywire_783_mb_left_kc512_s702,444,incoming_l1,role_random,1,200,permuted_teacher,13,0.012489820067966643
flywire_783_mb_left_kc512_s702,444,incoming_l1,role_random,1,200,permuted_teacher,14,0.012486662511260368
flywire_783_mb_left_kc512_s702,444,incoming_l1,role_random,1,200,permuted_teacher,15,0.012484093125690213
flywire_783_mb_left_kc512_s702,444,incoming_l1,role_random,1,200,permuted_teacher,16,0.012482023104747197
flywire_783_mb_left_kc512_s702,444,incoming_l1,role_random,1,200,permuted_teacher,17,0.012480382116761583
flywire_783_mb_left_kc512_s702,444,incoming_l1,role_random,1,200,permuted_teacher,18,0.012478978126753455
flywire_783_mb_left_kc512_s702,444,incoming_l1,role_random,1,200,permuted_teacher,19,0.01247782829343
flywire_783_mb_left_kc512_s702,444,incoming_l1,role_random,1,200,permuted_teacher,20,0.012476834149303197
flywire_783_mb_left_kc512_s702,444,incoming_l1,role_random,1,200,permuted_teacher,21,0.012475985983006204
flywire_783_mb_left_kc512_s702,444,incoming_l1,role_random,1,200,permuted_teacher,22,0.012475198964397295
flywire_783_mb_left_kc512_s702,444,incoming_l1,role_random,1,200,permuted_teacher,23,0.012474491719824248
flywire_783_mb_left_kc512_s702,444,incoming_l1,role_random,1,200,permuted_teacher,24,0.012473866012600941
flywire_783_mb_left_kc512_s702,444,incoming_l1,role_random,1,200,permuted_teacher,25,0.01247329864196095
flywire_783_mb_left_kc512_s702,444,incoming_l1,role_random,1,200,permuted_teacher,26,0.012472781776511739
flywire_783_mb_left_kc512_s702,444,incoming_l1,role_random,1,200,permuted_teacher,27,0.012472319119471598
flywire_783_mb_left_kc512_s702,444,incoming_l1,role_random,1,200,permuted_teacher,28,0.012471917011470997
flywire_783_mb_left_kc512_s702,444,incoming_l1,role_random,1,200,permuted_teacher,29,0.012471571213751904
flywire_783_mb_left_kc512_s702,444,incoming_l1,role_random,1,200,permuted_teacher,30,0.012471271287688842
flywire_783_mb_left_kc512_s702,444,incoming_l1,role_random,2,50,supervised,1,0.014036698136585278
flywire_783_mb_left_kc512_s702,444,incoming_l1,role_random,2,50,supervised,2,0.013611871338758704
flywire_783_mb_left_kc512_s702,444,incoming_l1,role_random,2,50,supervised,3,0.013285282916642806
flywire_783_mb_left_kc512_s702,444,incoming_l1,role_random,2,50,supervised,4,0.013026508284647605
flywire_783_mb_left_kc512_s702,444,incoming_l1,role_random,2,50,supervised,5,0.012819943693357237
flywire_783_mb_left_kc512_s702,444,incoming_l1,role_random,2,50,supervised,6,0.012655920647392863
flywire_783_mb_left_kc512_s702,444,incoming_l1,role_random,2,50,supervised,7,0.012525439204062537
flywire_783_mb_left_kc512_s702,444,incoming_l1,role_random,2,50,supervised,8,0.012420836461387875
flywire_783_mb_left_kc512_s702,444,incoming_l1,role_random,2,50,supervised,9,0.012336256494113901
flywire_783_mb_left_kc512_s702,444,incoming_l1,role_random,2,50,supervised,10,0.012267683813266313
flywire_783_mb_left_kc512_s702,444,incoming_l1,role_random,2,50,supervised,11,0.012210482002846721
flywire_783_mb_left_kc512_s702,444,incoming_l1,role_random,2,50,supervised,12,0.012163358977424502
flywire_783_mb_left_kc512_s702,444,incoming_l1,role_random,2,50,supervised,13,0.012123844243179036
flywire_783_mb_left_kc512_s702,444,incoming_l1,role_random,2,50,supervised,14,0.012090404256436557
flywire_783_mb_left_kc512_s702,444,incoming_l1,role_random,2,50,supervised,15,0.012061861500396717
flywire_783_mb_left_kc512_s702,444,incoming_l1,role_random,2,50,supervised,16,0.01203751983339268
flywire_783_mb_left_kc512_s702,444,incoming_l1,role_random,2,50,supervised,17,0.012016571398388182
flywire_783_mb_left_kc512_s702,444,incoming_l1,role_random,2,50,supervised,18,0.011998382617537304
flywire_783_mb_left_kc512_s702,444,incoming_l1,role_random,2,50,supervised,19,0.011982328069653327
flywire_783_mb_left_kc512_s702,444,incoming_l1,role_random,2,50,supervised,20,0.011968086228457138
flywire_783_mb_left_kc512_s702,444,incoming_l1,role_random,2,50,supervised,21,0.011955567274604065
flywire_783_mb_left_kc512_s702,444,incoming_l1,role_random,2,50,supervised,22,0.011944359988589183
flywire_783_mb_left_kc512_s702,444,incoming_l1,role_random,2,50,supervised,23,0.011934421670169988
flywire_783_mb_left_kc512_s702,444,incoming_l1,role_random,2,50,supervised,24,0.011925589794579264
flywire_783_mb_left_kc512_s702,444,incoming_l1,role_random,2,50,supervised,25,0.0119175623692609
flywire_783_mb_left_kc512_s702,444,incoming_l1,role_random,2,50,supervised,26,0.011910196354635019
flywire_783_mb_left_kc512_s702,444,incoming_l1,role_random,2,50,supervised,27,0.011903499075749576
flywire_783_mb_left_kc512_s702,444,incoming_l1,role_random,2,50,supervised,28,0.011897447245532515
flywire_783_mb_left_kc512_s702,444,incoming_l1,role_random,2,50,supervised,29,0.011891960395954807
flywire_783_mb_left_kc512_s702,444,incoming_l1,role_random,2,50,supervised,30,0.011886903071192166
flywire_783_mb_left_kc512_s702,444,incoming_l1,role_random,2,50,permuted_teacher,1,0.014045530364016706
flywire_783_mb_left_kc512_s702,444,incoming_l1,role_random,2,50,permuted_teacher,2,0.013623759114717091
flywire_783_mb_left_kc512_s702,444,incoming_l1,role_random,2,50,permuted_teacher,3,0.013301621246593804
flywire_783_mb_left_kc512_s702,444,incoming_l1,role_random,2,50,permuted_teacher,4,0.013048417383373355
flywire_783_mb_left_kc512_s702,444,incoming_l1,role_random,2,50,permuted_teacher,5,0.01284713568691099
flywire_783_mb_left_kc512_s702,444,incoming_l1,role_random,2,50,permuted_teacher,6,0.0126863598320995
flywire_783_mb_left_kc512_s702,444,incoming_l1,role_random,2,50,permuted_teacher,7,0.01255898282159751
flywire_783_mb_left_kc512_s702,444,incoming_l1,role_random,2,50,permuted_teacher,8,0.01245697537280669
flywire_783_mb_left_kc512_s702,444,incoming_l1,role_random,2,50,permuted_teacher,9,0.012375034440774086
flywire_783_mb_left_kc512_s702,444,incoming_l1,role_random,2,50,permuted_teacher,10,0.012309437288296138
flywire_783_mb_left_kc512_s702,444,incoming_l1,role_random,2,50,permuted_teacher,11,0.012255444975953425
flywire_783_mb_left_kc512_s702,444,incoming_l1,role_random,2,50,permuted_teacher,12,0.012210674506482586
flywire_783_mb_left_kc512_s702,444,incoming_l1,role_random,2,50,permuted_teacher,13,0.012173211933506664
flywire_783_mb_left_kc512_s702,444,incoming_l1,role_random,2,50,permuted_teacher,14,0.012141908169727295
flywire_783_mb_left_kc512_s702,444,incoming_l1,role_random,2,50,permuted_teacher,15,0.012115437716792892
flywire_783_mb_left_kc512_s702,444,incoming_l1,role_random,2,50,permuted_teacher,16,0.012093790283722348
flywire_783_mb_left_kc512_s702,444,incoming_l1,role_random,2,50,permuted_teacher,17,0.012076143121451192
flywire_783_mb_left_kc512_s702,444,incoming_l1,role_random,2,50,permuted_teacher,18,0.012060726246200833
flywire_783_mb_left_kc512_s702,444,incoming_l1,role_random,2,50,permuted_teacher,19,0.012046978903840934
flywire_783_mb_left_kc512_s702,444,incoming_l1,role_random,2,50,permuted_teacher,20,0.012034710877428485
flywire_783_mb_left_kc512_s702,444,incoming_l1,role_random,2,50,permuted_teacher,21,0.012023735273232548
flywire_783_mb_left_kc512_s702,444,incoming_l1,role_random,2,50,permuted_teacher,22,0.012013890095433761
flywire_783_mb_left_kc512_s702,444,incoming_l1,role_random,2,50,permuted_teacher,23,0.012005111055182014
flywire_783_mb_left_kc512_s702,444,incoming_l1,role_random,2,50,permuted_teacher,24,0.011997267646439193
flywire_783_mb_left_kc512_s702,444,incoming_l1,role_random,2,50,permuted_teacher,25,0.011990212865284882
flywire_783_mb_left_kc512_s702,444,incoming_l1,role_random,2,50,permuted_teacher,26,0.011983679407287137
flywire_783_mb_left_kc512_s702,444,incoming_l1,role_random,2,50,permuted_teacher,27,0.011977710498915346
flywire_783_mb_left_kc512_s702,444,incoming_l1,role_random,2,50,permuted_teacher,28,0.01197228064377028
flywire_783_mb_left_kc512_s702,444,incoming_l1,role_random,2,50,permuted_teacher,29,0.01196727651892151
flywire_783_mb_left_kc512_s702,444,incoming_l1,role_random,2,50,permuted_teacher,30,0.011962722835419274
flywire_783_mb_left_kc512_s702,444,incoming_l1,role_random,2,200,supervised,1,0.013725818502665499
flywire_783_mb_left_kc512_s702,444,incoming_l1,role_random,2,200,supervised,2,0.013026401850000409
flywire_783_mb_left_kc512_s702,444,incoming_l1,role_random,2,200,supervised,3,0.01274679212611828
flywire_783_mb_left_kc512_s702,444,incoming_l1,role_random,2,200,supervised,4,0.01262194997086752
flywire_783_mb_left_kc512_s702,444,incoming_l1,role_random,2,200,supervised,5,0.012554432285729635
flywire_783_mb_left_kc512_s702,444,incoming_l1,role_random,2,200,supervised,6,0.01251178070687753
flywire_783_mb_left_kc512_s702,444,incoming_l1,role_random,2,200,supervised,7,0.012484259282271294
flywire_783_mb_left_kc512_s702,444,incoming_l1,role_random,2,200,supervised,8,0.01246542773680326
flywire_783_mb_left_kc512_s702,444,incoming_l1,role_random,2,200,supervised,9,0.012451978380273796
flywire_783_mb_left_kc512_s702,444,incoming_l1,role_random,2,200,supervised,10,0.01244222999617125
flywire_783_mb_left_kc512_s702,444,incoming_l1,role_random,2,200,supervised,11,0.012434928027674484
flywire_783_mb_left_kc512_s702,444,incoming_l1,role_random,2,200,supervised,12,0.012429310850945343
flywire_783_mb_left_kc512_s702,444,incoming_l1,role_random,2,200,supervised,13,0.012424850995882256
flywire_783_mb_left_kc512_s702,444,incoming_l1,role_random,2,200,supervised,14,0.012421347037111268
flywire_783_mb_left_kc512_s702,444,incoming_l1,role_random,2,200,supervised,15,0.01241852113451785
flywire_783_mb_left_kc512_s702,444,incoming_l1,role_random,2,200,supervised,16,0.012416178883359549
flywire_783_mb_left_kc512_s702,444,incoming_l1,role_random,2,200,supervised,17,0.012414137323110138
flywire_783_mb_left_kc512_s702,444,incoming_l1,role_random,2,200,supervised,18,0.012412484178863281
flywire_783_mb_left_kc512_s702,444,incoming_l1,role_random,2,200,supervised,19,0.012411197570451313
flywire_783_mb_left_kc512_s702,444,incoming_l1,role_random,2,200,supervised,20,0.01241009541848526
flywire_783_mb_left_kc512_s702,444,incoming_l1,role_random,2,200,supervised,21,0.01240914481146524
flywire_783_mb_left_kc512_s702,444,incoming_l1,role_random,2,200,supervised,22,0.012408319560426031
flywire_783_mb_left_kc512_s702,444,incoming_l1,role_random,2,200,supervised,23,0.012407633938362308
flywire_783_mb_left_kc512_s702,444,incoming_l1,role_random,2,200,supervised,24,0.01240704055615621
flywire_783_mb_left_kc512_s702,444,incoming_l1,role_random,2,200,supervised,25,0.012406502525335272
flywire_783_mb_left_kc512_s702,444,incoming_l1,role_random,2,200,supervised,26,0.012406010436752423
flywire_783_mb_left_kc512_s702,444,incoming_l1,role_random,2,200,supervised,27,0.012405569562091764
flywire_783_mb_left_kc512_s702,444,incoming_l1,role_random,2,200,supervised,28,0.012405184033133692
flywire_783_mb_left_kc512_s702,444,incoming_l1,role_random,2,200,supervised,29,0.012404836747145096
flywire_783_mb_left_kc512_s702,444,incoming_l1,role_random,2,200,supervised,30,0.012404521218269692
flywire_783_mb_left_kc512_s702,444,incoming_l1,role_random,2,200,permuted_teacher,1,0.01372175193076841
flywire_783_mb_left_kc512_s702,444,incoming_l1,role_random,2,200,permuted_teacher,2,0.013048026151885644
flywire_783_mb_left_kc512_s702,444,incoming_l1,role_random,2,200,permuted_teacher,3,0.012786071416197978
flywire_783_mb_left_kc512_s702,444,incoming_l1,role_random,2,200,permuted_teacher,4,0.012673493618268472
flywire_783_mb_left_kc512_s702,444,incoming_l1,role_random,2,200,permuted_teacher,5,0.012615301190175005
flywire_783_mb_left_kc512_s702,444,incoming_l1,role_random,2,200,permuted_teacher,6,0.012580691806334627
flywire_783_mb_left_kc512_s702,444,incoming_l1,role_random,2,200,permuted_teacher,7,0.012559175511194176
flywire_783_mb_left_kc512_s702,444,incoming_l1,role_random,2,200,permuted_teacher,8,0.012544307267459516
flywire_783_mb_left_kc512_s702,444,incoming_l1,role_random,2,200,permuted_teacher,9,0.012533783883372817
flywire_783_mb_left_kc512_s702,444,incoming_l1,role_random,2,200,permuted_teacher,10,0.012526207550555491
flywire_783_mb_left_kc512_s702,444,incoming_l1,role_random,2,200,permuted_teacher,11,0.012520440952821761
flywire_783_mb_left_kc512_s702,444,incoming_l1,role_random,2,200,permuted_teacher,12,0.012516115246344005
flywire_783_mb_left_kc512_s702,444,incoming_l1,role_random,2,200,permuted_teacher,13,0.012512819761630564
flywire_783_mb_left_kc512_s702,444,incoming_l1,role_random,2,200,permuted_teacher,14,0.012510201921422845
flywire_783_mb_left_kc512_s702,444,incoming_l1,role_random,2,200,permuted_teacher,15,0.012508056119381163
flywire_783_mb_left_kc512_s702,444,incoming_l1,role_random,2,200,permuted_teacher,16,0.01250625861837453
flywire_783_mb_left_kc512_s702,444,incoming_l1,role_random,2,200,permuted_teacher,17,0.0125048384045523
flywire_783_mb_left_kc512_s702,444,incoming_l1,role_random,2,200,permuted_teacher,18,0.012503686295222636
flywire_783_mb_left_kc512_s702,444,incoming_l1,role_random,2,200,permuted_teacher,19,0.012502717504840501
flywire_783_mb_left_kc512_s702,444,incoming_l1,role_random,2,200,permuted_teacher,20,0.012501871305832215
flywire_783_mb_left_kc512_s702,444,incoming_l1,role_random,2,200,permuted_teacher,21,0.012501118200604538
flywire_783_mb_left_kc512_s702,444,incoming_l1,role_random,2,200,permuted_teacher,22,0.012500470150125778
flywire_783_mb_left_kc512_s702,444,incoming_l1,role_random,2,200,permuted_teacher,23,0.01249992202707359
flywire_783_mb_left_kc512_s702,444,incoming_l1,role_random,2,200,permuted_teacher,24,0.01249943927376208
flywire_783_mb_left_kc512_s702,444,incoming_l1,role_random,2,200,permuted_teacher,25,0.012499024821859335
flywire_783_mb_left_kc512_s702,444,incoming_l1,role_random,2,200,permuted_teacher,26,0.012498672473731863
flywire_783_mb_left_kc512_s702,444,incoming_l1,role_random,2,200,permuted_teacher,27,0.012498356358068452
flywire_783_mb_left_kc512_s702,444,incoming_l1,role_random,2,200,permuted_teacher,28,0.012498074760377922
flywire_783_mb_left_kc512_s702,444,incoming_l1,role_random,2,200,permuted_teacher,29,0.012497818568318
flywire_783_mb_left_kc512_s702,444,incoming_l1,role_random,2,200,permuted_teacher,30,0.01249759799421964
