circuit,seed,normalization,model,microsteps,length,condition,train_accuracy,heldout_accuracy,pi_memory_score,censored,evaluation_weights_frozen,plastic_edges,changed_edges,relative_plastic_change,max_budget_error,nonplastic_edges_unchanged,initial_weight_sha256,final_weight_sha256
flywire_783_mb_left_kc512_s701,442,spectral,fly,1,50,frozen,1.0,0.07,47,True,True,1474,0,0.0,0.0,True,dc57b2536a1697e2695991689f43c3164be70f324fd3de3a866124dfca597ddb,dc57b2536a1697e2695991689f43c3164be70f324fd3de3a866124dfca597ddb
flywire_783_mb_left_kc512_s701,442,spectral,fly,1,50,supervised,1.0,0.08,47,True,True,1474,1474,1.0951747585222473,1.5543122344752192e-15,True,dc57b2536a1697e2695991689f43c3164be70f324fd3de3a866124dfca597ddb,7cc58133940c5b2540f47e8fb5822a15de7e6e8cd3afc4997a2412bfcb42ff2d
flywire_783_mb_left_kc512_s701,442,spectral,fly,1,50,permuted_teacher,1.0,0.11,47,True,True,1474,1474,1.0836919557935107,1.5543122344752192e-15,True,dc57b2536a1697e2695991689f43c3164be70f324fd3de3a866124dfca597ddb,ebf1021e2ebbe8557899c09e2529be6a3af67d1375e8ed96e78893b79552d873
flywire_783_mb_left_kc512_s701,442,spectral,fly,1,200,frozen,0.39195979899497485,0.08,6,False,True,1474,0,0.0,0.0,True,dc57b2536a1697e2695991689f43c3164be70f324fd3de3a866124dfca597ddb,dc57b2536a1697e2695991689f43c3164be70f324fd3de3a866124dfca597ddb
flywire_783_mb_left_kc512_s701,442,spectral,fly,1,200,supervised,0.4120603015075377,0.1,5,False,True,1474,1474,1.024340233736841,1.1102230246251565e-15,True,dc57b2536a1697e2695991689f43c3164be70f324fd3de3a866124dfca597ddb,223872640ae2ffd1983f4da81b0fe7c7a084340382904d525d0d413e7be46c8f
flywire_783_mb_left_kc512_s701,442,spectral,fly,1,200,permuted_teacher,0.39195979899497485,0.1,5,False,True,1474,1474,1.0259150574008322,4.440892098500626e-16,True,dc57b2536a1697e2695991689f43c3164be70f324fd3de3a866124dfca597ddb,cd1e1a18bce45551ec4999d7ddf061df68c5581b7c4c7da26e6c3cf8d9497ef7
flywire_783_mb_left_kc512_s701,442,spectral,fly,2,50,frozen,1.0,0.12,47,True,True,1474,0,0.0,0.0,True,dc57b2536a1697e2695991689f43c3164be70f324fd3de3a866124dfca597ddb,dc57b2536a1697e2695991689f43c3164be70f324fd3de3a866124dfca597ddb
flywire_783_mb_left_kc512_s701,442,spectral,fly,2,50,supervised,1.0,0.09,47,True,True,1474,1474,1.030549622809107,8.881784197001252e-16,True,dc57b2536a1697e2695991689f43c3164be70f324fd3de3a866124dfca597ddb,f55e96b77220ddc4e5117ca6dd5f99487e2fb73e3a7fbccac5c6dfbca86f98c3
flywire_783_mb_left_kc512_s701,442,spectral,fly,2,50,permuted_teacher,1.0,0.1,47,True,True,1474,1474,1.0676831474944473,8.881784197001252e-16,True,dc57b2536a1697e2695991689f43c3164be70f324fd3de3a866124dfca597ddb,28bdab2cea6b5884ccb806ae9b4f6f7b412e004042f9c8377451eb929207beec
flywire_783_mb_left_kc512_s701,442,spectral,fly,2,200,frozen,0.3869346733668342,0.14,2,False,True,1474,0,0.0,0.0,True,dc57b2536a1697e2695991689f43c3164be70f324fd3de3a866124dfca597ddb,dc57b2536a1697e2695991689f43c3164be70f324fd3de3a866124dfca597ddb
flywire_783_mb_left_kc512_s701,442,spectral,fly,2,200,supervised,0.38190954773869346,0.14,1,False,True,1474,1474,1.0350221431522506,1.1102230246251565e-15,True,dc57b2536a1697e2695991689f43c3164be70f324fd3de3a866124dfca597ddb,73ec6bad0eb788083b323e02f1668cb8678f04335fdd6e929022da99e009d70d
flywire_783_mb_left_kc512_s701,442,spectral,fly,2,200,permuted_teacher,0.38190954773869346,0.1,2,False,True,1474,1474,1.0348619999268625,1.3322676295501878e-15,True,dc57b2536a1697e2695991689f43c3164be70f324fd3de3a866124dfca597ddb,78e5b9893aa4a1e23ceb9a97622a3c93b4c5edb429e09d404f4b896993b30d45
flywire_783_mb_left_kc512_s701,442,spectral,role_shuffled,1,50,frozen,1.0,0.11,47,True,True,1474,0,0.0,0.0,True,7fdee0a64386ddd4f7c5e52815940e3047ae185f37e6250fdf11f67e66605dd7,7fdee0a64386ddd4f7c5e52815940e3047ae185f37e6250fdf11f67e66605dd7
flywire_783_mb_left_kc512_s701,442,spectral,role_shuffled,1,50,supervised,1.0,0.11,47,True,True,1474,1474,1.0735769990475128,8.881784197001252e-16,True,7fdee0a64386ddd4f7c5e52815940e3047ae185f37e6250fdf11f67e66605dd7,0833742d8430edc1c119b5881b3f917105850e2156ddda4f9ce7f8220f9510b0
flywire_783_mb_left_kc512_s701,442,spectral,role_shuffled,1,50,permuted_teacher,1.0,0.13,47,True,True,1474,1474,1.067287385515717,1.7763568394002505e-15,True,7fdee0a64386ddd4f7c5e52815940e3047ae185f37e6250fdf11f67e66605dd7,e5df000368cdc72150545a0ec839949ea0ca842eb4b564fa11c821219a8bab0f
flywire_783_mb_left_kc512_s701,442,spectral,role_shuffled,1,200,frozen,0.3869346733668342,0.11,6,False,True,1474,0,0.0,0.0,True,7fdee0a64386ddd4f7c5e52815940e3047ae185f37e6250fdf11f67e66605dd7,7fdee0a64386ddd4f7c5e52815940e3047ae185f37e6250fdf11f67e66605dd7
flywire_783_mb_left_kc512_s701,442,spectral,role_shuffled,1,200,supervised,0.4020100502512563,0.07,9,False,True,1474,1474,1.0499748754662315,4.440892098500626e-16,True,7fdee0a64386ddd4f7c5e52815940e3047ae185f37e6250fdf11f67e66605dd7,90665607935e1b507f18c8d79d9a8dd8243ce00166199d00a0ce4eeb8bccc8bf
flywire_783_mb_left_kc512_s701,442,spectral,role_shuffled,1,200,permuted_teacher,0.3969849246231156,0.09,5,False,True,1474,1474,1.0218552411264632,1.3322676295501878e-15,True,7fdee0a64386ddd4f7c5e52815940e3047ae185f37e6250fdf11f67e66605dd7,06cb4c71a430953d5d4f4e6fb6240a83967f5747090d6185e587a7d638e109a1
flywire_783_mb_left_kc512_s701,442,spectral,role_shuffled,2,50,frozen,1.0,0.11,47,True,True,1474,0,0.0,0.0,True,7fdee0a64386ddd4f7c5e52815940e3047ae185f37e6250fdf11f67e66605dd7,7fdee0a64386ddd4f7c5e52815940e3047ae185f37e6250fdf11f67e66605dd7
flywire_783_mb_left_kc512_s701,442,spectral,role_shuffled,2,50,supervised,1.0,0.13,47,True,True,1474,1474,1.0425426707471164,1.7763568394002505e-15,True,7fdee0a64386ddd4f7c5e52815940e3047ae185f37e6250fdf11f67e66605dd7,61300d4ab6431ccf7bdbf29e4dcef0e7b1f9db4b0168082fa62522afc8875d1c
flywire_783_mb_left_kc512_s701,442,spectral,role_shuffled,2,50,permuted_teacher,1.0,0.13,47,True,True,1474,1474,1.0544240977594002,8.881784197001252e-16,True,7fdee0a64386ddd4f7c5e52815940e3047ae185f37e6250fdf11f67e66605dd7,38317ef00ff706bf16b761675bc97d379393135a7a0c7833baeacb84e58743e2
flywire_783_mb_left_kc512_s701,442,spectral,role_shuffled,2,200,frozen,0.40703517587939697,0.1,1,False,True,1474,0,0.0,0.0,True,7fdee0a64386ddd4f7c5e52815940e3047ae185f37e6250fdf11f67e66605dd7,7fdee0a64386ddd4f7c5e52815940e3047ae185f37e6250fdf11f67e66605dd7
flywire_783_mb_left_kc512_s701,442,spectral,role_shuffled,2,200,supervised,0.4321608040201005,0.13,2,False,True,1474,1474,1.0431148541089732,2.6645352591003757e-15,True,7fdee0a64386ddd4f7c5e52815940e3047ae185f37e6250fdf11f67e66605dd7,b4e5242eabace4c7165c2a2b40c1eefd19cea7d5a56dda51f04a0208151782be
flywire_783_mb_left_kc512_s701,442,spectral,role_shuffled,2,200,permuted_teacher,0.35678391959798994,0.13,2,False,True,1474,1474,1.0271989408437876,2.220446049250313e-15,True,7fdee0a64386ddd4f7c5e52815940e3047ae185f37e6250fdf11f67e66605dd7,f0d617e42de7952f8f3beaf23bfbea8e0d246c37aebdb8274e49ff7e3e60fcd3
flywire_783_mb_left_kc512_s701,442,spectral,role_random,1,50,frozen,1.0,0.08,47,True,True,1474,0,0.0,0.0,True,48562e912ad310f6abce79b6c6e6f562c2a2adf99a09efdc3f4330e193a19412,48562e912ad310f6abce79b6c6e6f562c2a2adf99a09efdc3f4330e193a19412
flywire_783_mb_left_kc512_s701,442,spectral,role_random,1,50,supervised,1.0,0.08,47,True,True,1474,1474,1.2469859593953903,2.220446049250313e-16,True,48562e912ad310f6abce79b6c6e6f562c2a2adf99a09efdc3f4330e193a19412,3dd771ff10b7150e599b05a1372b24aef08b7aaacf97512f58c03f7a743780f1
flywire_783_mb_left_kc512_s701,442,spectral,role_random,1,50,permuted_teacher,1.0,0.08,47,True,True,1474,1474,1.2242296307833964,2.220446049250313e-16,True,48562e912ad310f6abce79b6c6e6f562c2a2adf99a09efdc3f4330e193a19412,224b624b3ee193be4ead17a76d2b38d4a420edc95bca3f9f7104584d2d50d4a9
flywire_783_mb_left_kc512_s701,442,spectral,role_random,1,200,frozen,0.36683417085427134,0.12,3,False,True,1474,0,0.0,0.0,True,48562e912ad310f6abce79b6c6e6f562c2a2adf99a09efdc3f4330e193a19412,48562e912ad310f6abce79b6c6e6f562c2a2adf99a09efdc3f4330e193a19412
flywire_783_mb_left_kc512_s701,442,spectral,role_random,1,200,supervised,0.37185929648241206,0.14,5,False,True,1474,1474,1.1160358820302152,1.6653345369377348e-16,True,48562e912ad310f6abce79b6c6e6f562c2a2adf99a09efdc3f4330e193a19412,4bd8ce90e65095cb3d1c4aa187f66f85607d67b2b5be2952b7b7dcc82fd944a1
flywire_783_mb_left_kc512_s701,442,spectral,role_random,1,200,permuted_teacher,0.3768844221105528,0.09,3,False,True,1474,1474,1.097191173701107,3.3306690738754696e-16,True,48562e912ad310f6abce79b6c6e6f562c2a2adf99a09efdc3f4330e193a19412,44c92e27e49931ebfc385d384314337e8ab01c12e9c489a4fe6df4d4b371fd42
flywire_783_mb_left_kc512_s701,442,spectral,role_random,2,50,frozen,1.0,0.1,47,True,True,1474,0,0.0,0.0,True,48562e912ad310f6abce79b6c6e6f562c2a2adf99a09efdc3f4330e193a19412,48562e912ad310f6abce79b6c6e6f562c2a2adf99a09efdc3f4330e193a19412
flywire_783_mb_left_kc512_s701,442,spectral,role_random,2,50,supervised,1.0,0.1,47,True,True,1474,1474,1.2294389502529657,2.220446049250313e-16,True,48562e912ad310f6abce79b6c6e6f562c2a2adf99a09efdc3f4330e193a19412,a75a4713d05c4db32c4fcaed6f551c5d316aea20f3ea4f957f920099d722eea9
flywire_783_mb_left_kc512_s701,442,spectral,role_random,2,50,permuted_teacher,0.9795918367346939,0.1,42,False,True,1474,1474,1.2020020547589114,2.220446049250313e-16,True,48562e912ad310f6abce79b6c6e6f562c2a2adf99a09efdc3f4330e193a19412,63dd449e63f05ca9db23620618e8e51592eb308870cc35bad8400d39acf0e85c
flywire_783_mb_left_kc512_s701,442,spectral,role_random,2,200,frozen,0.36683417085427134,0.16,2,False,True,1474,0,0.0,0.0,True,48562e912ad310f6abce79b6c6e6f562c2a2adf99a09efdc3f4330e193a19412,48562e912ad310f6abce79b6c6e6f562c2a2adf99a09efdc3f4330e193a19412
flywire_783_mb_left_kc512_s701,442,spectral,role_random,2,200,supervised,0.37185929648241206,0.15,2,False,True,1474,1474,1.1762154888405059,2.220446049250313e-16,True,48562e912ad310f6abce79b6c6e6f562c2a2adf99a09efdc3f4330e193a19412,41304b452dc9dc284ea24c65bdc853eb841e5d2e000c60a70320514d7e9ff473
flywire_783_mb_left_kc512_s701,442,spectral,role_random,2,200,permuted_teacher,0.34673366834170855,0.16,1,False,True,1474,1474,1.1016068781207367,3.3306690738754696e-16,True,48562e912ad310f6abce79b6c6e6f562c2a2adf99a09efdc3f4330e193a19412,bdc642f75f4c895fbf20e99ef755818936405b11632850abcf807d552d138821
flywire_783_mb_left_kc512_s701,442,incoming_l1,fly,1,50,frozen,1.0,0.06,47,True,True,1474,0,0.0,0.0,True,aef93307ea7829859419c0c00817f894b98a62402bc4985874f5b1bfe68b4029,aef93307ea7829859419c0c00817f894b98a62402bc4985874f5b1bfe68b4029
flywire_783_mb_left_kc512_s701,442,incoming_l1,fly,1,50,supervised,1.0,0.07,47,True,True,1474,1474,0.8577587400557606,6.661338147750939e-16,True,aef93307ea7829859419c0c00817f894b98a62402bc4985874f5b1bfe68b4029,e14bc9ff6e0849ce9fffb2a413809f81f459cf5116a7325dce7954d35b6f66d0
flywire_783_mb_left_kc512_s701,442,incoming_l1,fly,1,50,permuted_teacher,1.0,0.12,47,True,True,1474,1474,0.8823673518105374,4.440892098500626e-16,True,aef93307ea7829859419c0c00817f894b98a62402bc4985874f5b1bfe68b4029,e927c63ff4e4ef73a36a0ae60dd20c5c464968ac54838b04fc09bef976638137
flywire_783_mb_left_kc512_s701,442,incoming_l1,fly,1,200,frozen,0.4120603015075377,0.07,5,False,True,1474,0,0.0,0.0,True,aef93307ea7829859419c0c00817f894b98a62402bc4985874f5b1bfe68b4029,aef93307ea7829859419c0c00817f894b98a62402bc4985874f5b1bfe68b4029
flywire_783_mb_left_kc512_s701,442,incoming_l1,fly,1,200,supervised,0.4371859296482412,0.1,9,False,True,1474,1474,0.8584916289271799,5.551115123125783e-16,True,aef93307ea7829859419c0c00817f894b98a62402bc4985874f5b1bfe68b4029,510808fd8431404f71c1f443410c1930cbca7674f103c502703fdf85f0df46c7
flywire_783_mb_left_kc512_s701,442,incoming_l1,fly,1,200,permuted_teacher,0.44221105527638194,0.13,6,False,True,1474,1474,0.9081390703217413,1.2212453270876722e-15,True,aef93307ea7829859419c0c00817f894b98a62402bc4985874f5b1bfe68b4029,23fd699357b6e9f74368556bdf2872ef3412fb0b3504b5f0727c008edd579f0a
flywire_783_mb_left_kc512_s701,442,incoming_l1,fly,2,50,frozen,1.0,0.12,47,True,True,1474,0,0.0,0.0,True,aef93307ea7829859419c0c00817f894b98a62402bc4985874f5b1bfe68b4029,aef93307ea7829859419c0c00817f894b98a62402bc4985874f5b1bfe68b4029
flywire_783_mb_left_kc512_s701,442,incoming_l1,fly,2,50,supervised,1.0,0.07,47,True,True,1474,1474,0.8097824450441268,6.661338147750939e-16,True,aef93307ea7829859419c0c00817f894b98a62402bc4985874f5b1bfe68b4029,a1ba50e9e55cd3440a5c7754fad607c3dbf749dcc52defa443123946c0b5e940
flywire_783_mb_left_kc512_s701,442,incoming_l1,fly,2,50,permuted_teacher,1.0,0.11,47,True,True,1474,1474,0.8585546944019617,5.551115123125783e-16,True,aef93307ea7829859419c0c00817f894b98a62402bc4985874f5b1bfe68b4029,d52c5a272ee40f424c2341d11a97ec57584daccaddc9ef4c7b11607973e04c7a
flywire_783_mb_left_kc512_s701,442,incoming_l1,fly,2,200,frozen,0.4271356783919598,0.11,0,False,True,1474,0,0.0,0.0,True,aef93307ea7829859419c0c00817f894b98a62402bc4985874f5b1bfe68b4029,aef93307ea7829859419c0c00817f894b98a62402bc4985874f5b1bfe68b4029
flywire_783_mb_left_kc512_s701,442,incoming_l1,fly,2,200,supervised,0.4472361809045226,0.12,2,False,True,1474,1474,0.8725595156428667,6.661338147750939e-16,True,aef93307ea7829859419c0c00817f894b98a62402bc4985874f5b1bfe68b4029,d3e7ec0da24b29f17e48b759701566e1593b20f445e65eb5aca4cb2542989d69
flywire_783_mb_left_kc512_s701,442,incoming_l1,fly,2,200,permuted_teacher,0.4723618090452261,0.1,2,False,True,1474,1474,0.8871595697200727,7.771561172376096e-16,True,aef93307ea7829859419c0c00817f894b98a62402bc4985874f5b1bfe68b4029,46b74066130682786b15fe47b60cd5f8b9de65251a891ace6a460288eaa8edb4
flywire_783_mb_left_kc512_s701,442,incoming_l1,role_shuffled,1,50,frozen,1.0,0.1,47,True,True,1474,0,0.0,0.0,True,312bd5616afb158a96283fd94724b036c2c715743d76f48e347bce1901c0023a,312bd5616afb158a96283fd94724b036c2c715743d76f48e347bce1901c0023a
flywire_783_mb_left_kc512_s701,442,incoming_l1,role_shuffled,1,50,supervised,1.0,0.07,47,True,True,1474,1474,1.2184224834046737,5.551115123125783e-16,True,312bd5616afb158a96283fd94724b036c2c715743d76f48e347bce1901c0023a,e08847928c7c28eed7c83851d32a1442cc168b7f808e3673ac8de12efdfaf2bc
flywire_783_mb_left_kc512_s701,442,incoming_l1,role_shuffled,1,50,permuted_teacher,1.0,0.12,47,True,True,1474,1474,1.2115232066636326,5.551115123125783e-16,True,312bd5616afb158a96283fd94724b036c2c715743d76f48e347bce1901c0023a,f5f80dbac1c088f4d5205be3adcd3a6dfca7519e2c36d833d56ff8b789567ecb
flywire_783_mb_left_kc512_s701,442,incoming_l1,role_shuffled,1,200,frozen,0.44221105527638194,0.08,5,False,True,1474,0,0.0,0.0,True,312bd5616afb158a96283fd94724b036c2c715743d76f48e347bce1901c0023a,312bd5616afb158a96283fd94724b036c2c715743d76f48e347bce1901c0023a
flywire_783_mb_left_kc512_s701,442,incoming_l1,role_shuffled,1,200,supervised,0.4371859296482412,0.08,10,False,True,1474,1474,1.1465721087895067,7.771561172376096e-16,True,312bd5616afb158a96283fd94724b036c2c715743d76f48e347bce1901c0023a,463d4089a3208a55ae53b62905e5db7f13a06d747e8b501417340f298691bc89
flywire_783_mb_left_kc512_s701,442,incoming_l1,role_shuffled,1,200,permuted_teacher,0.4723618090452261,0.08,10,False,True,1474,1474,1.1613004546370687,6.661338147750939e-16,True,312bd5616afb158a96283fd94724b036c2c715743d76f48e347bce1901c0023a,cde16921738cafab5b68cae132e96ccfeab3efd0be85c8af398620d79663f334
flywire_783_mb_left_kc512_s701,442,incoming_l1,role_shuffled,2,50,frozen,1.0,0.11,47,True,True,1474,0,0.0,0.0,True,312bd5616afb158a96283fd94724b036c2c715743d76f48e347bce1901c0023a,312bd5616afb158a96283fd94724b036c2c715743d76f48e347bce1901c0023a
flywire_783_mb_left_kc512_s701,442,incoming_l1,role_shuffled,2,50,supervised,1.0,0.13,47,True,True,1474,1474,1.213917596072496,6.661338147750939e-16,True,312bd5616afb158a96283fd94724b036c2c715743d76f48e347bce1901c0023a,4c218cc3b24fc4954cd33fd3d5cf43d5c37157a3f15be6ef02d170c6c13f3312
flywire_783_mb_left_kc512_s701,442,incoming_l1,role_shuffled,2,50,permuted_teacher,1.0,0.1,47,True,True,1474,1474,1.217312014337972,5.551115123125783e-16,True,312bd5616afb158a96283fd94724b036c2c715743d76f48e347bce1901c0023a,4abce6f2ae45fc48e5e32c9864eb60a8f552ad2317a48a76ae89a88647b77d5a
flywire_783_mb_left_kc512_s701,442,incoming_l1,role_shuffled,2,200,frozen,0.48743718592964824,0.11,2,False,True,1474,0,0.0,0.0,True,312bd5616afb158a96283fd94724b036c2c715743d76f48e347bce1901c0023a,312bd5616afb158a96283fd94724b036c2c715743d76f48e347bce1901c0023a
flywire_783_mb_left_kc512_s701,442,incoming_l1,role_shuffled,2,200,supervised,0.457286432160804,0.1,3,False,True,1474,1474,1.1803009995389617,5.551115123125783e-16,True,312bd5616afb158a96283fd94724b036c2c715743d76f48e347bce1901c0023a,eca00d80f69965e4abd8b8c2e4073566d47f642241ce22fa321f07b331a73bac
flywire_783_mb_left_kc512_s701,442,incoming_l1,role_shuffled,2,200,permuted_teacher,0.48743718592964824,0.13,2,False,True,1474,1474,1.072760427307906,8.881784197001252e-16,True,312bd5616afb158a96283fd94724b036c2c715743d76f48e347bce1901c0023a,9a696db66aea68a609af9afb4ade0da2d0d5c3c0e0e682a988d714711bec2675
flywire_783_mb_left_kc512_s701,442,incoming_l1,role_random,1,50,frozen,1.0,0.08,47,True,True,1474,0,0.0,0.0,True,93bdb3e7e9900d881d91e00f8766d3252cc97d79fe356d46835c51c6f1a9f9a0,93bdb3e7e9900d881d91e00f8766d3252cc97d79fe356d46835c51c6f1a9f9a0
flywire_783_mb_left_kc512_s701,442,incoming_l1,role_random,1,50,supervised,1.0,0.07,47,True,True,1474,1474,1.175366920461814,4.440892098500626e-16,True,93bdb3e7e9900d881d91e00f8766d3252cc97d79fe356d46835c51c6f1a9f9a0,cb45bc7a7914a88ce6773f0cd56dc345afa182199400598945e12856f54a9f4c
flywire_783_mb_left_kc512_s701,442,incoming_l1,role_random,1,50,permuted_teacher,1.0,0.11,47,True,True,1474,1474,1.1419673257239078,3.3306690738754696e-16,True,93bdb3e7e9900d881d91e00f8766d3252cc97d79fe356d46835c51c6f1a9f9a0,db1720d7846c59ed0b6e2db31d568c98beb8216095486dcf5e50a69fa67c6654
flywire_783_mb_left_kc512_s701,442,incoming_l1,role_random,1,200,frozen,0.4371859296482412,0.13,5,False,True,1474,0,0.0,0.0,True,93bdb3e7e9900d881d91e00f8766d3252cc97d79fe356d46835c51c6f1a9f9a0,93bdb3e7e9900d881d91e00f8766d3252cc97d79fe356d46835c51c6f1a9f9a0
flywire_783_mb_left_kc512_s701,442,incoming_l1,role_random,1,200,supervised,0.4271356783919598,0.1,3,False,True,1474,1474,1.1798965879002183,3.3306690738754696e-16,True,93bdb3e7e9900d881d91e00f8766d3252cc97d79fe356d46835c51c6f1a9f9a0,ebc54b8ef2ca365fb7c0c1d793583674e13c717ba0166a1fda9946fbc5557d9d
flywire_783_mb_left_kc512_s701,442,incoming_l1,role_random,1,200,permuted_teacher,0.3969849246231156,0.11,2,False,True,1474,1474,1.1521677160160364,4.440892098500626e-16,True,93bdb3e7e9900d881d91e00f8766d3252cc97d79fe356d46835c51c6f1a9f9a0,d9ff0e92d94fb11b21e2ea6a0be0ff87dcc2cf5626d5a5a385ed487d44935349
flywire_783_mb_left_kc512_s701,442,incoming_l1,role_random,2,50,frozen,1.0,0.07,47,True,True,1474,0,0.0,0.0,True,93bdb3e7e9900d881d91e00f8766d3252cc97d79fe356d46835c51c6f1a9f9a0,93bdb3e7e9900d881d91e00f8766d3252cc97d79fe356d46835c51c6f1a9f9a0
flywire_783_mb_left_kc512_s701,442,incoming_l1,role_random,2,50,supervised,1.0,0.09,47,True,True,1474,1474,1.1422629047325918,5.551115123125783e-16,True,93bdb3e7e9900d881d91e00f8766d3252cc97d79fe356d46835c51c6f1a9f9a0,21809475d4f0a742366e508ed31ed18ad415713d85ef201485b74f8f99fc8545
flywire_783_mb_left_kc512_s701,442,incoming_l1,role_random,2,50,permuted_teacher,1.0,0.09,47,True,True,1474,1474,1.1319936281333596,5.551115123125783e-16,True,93bdb3e7e9900d881d91e00f8766d3252cc97d79fe356d46835c51c6f1a9f9a0,03eee10fad24fd133d162c4963330983bc5537977594ece4e6d9c1f4162a0836
flywire_783_mb_left_kc512_s701,442,incoming_l1,role_random,2,200,frozen,0.4221105527638191,0.13,2,False,True,1474,0,0.0,0.0,True,93bdb3e7e9900d881d91e00f8766d3252cc97d79fe356d46835c51c6f1a9f9a0,93bdb3e7e9900d881d91e00f8766d3252cc97d79fe356d46835c51c6f1a9f9a0
flywire_783_mb_left_kc512_s701,442,incoming_l1,role_random,2,200,supervised,0.4321608040201005,0.11,2,False,True,1474,1474,1.2437647530725007,4.440892098500626e-16,True,93bdb3e7e9900d881d91e00f8766d3252cc97d79fe356d46835c51c6f1a9f9a0,f6863748499d1bf46e216e57401cbd791191a1d836a56f2ecf982022817dd781
flywire_783_mb_left_kc512_s701,442,incoming_l1,role_random,2,200,permuted_teacher,0.4020100502512563,0.15,0,False,True,1474,1474,1.138750083281544,3.3306690738754696e-16,True,93bdb3e7e9900d881d91e00f8766d3252cc97d79fe356d46835c51c6f1a9f9a0,0069c3cc87154b932f30631e7802f33c93c6d9aab01f00621888d9f8bcfee49d
flywire_783_mb_left_kc512_s701,443,spectral,fly,1,50,frozen,1.0,0.12,47,True,True,1474,0,0.0,0.0,True,dc57b2536a1697e2695991689f43c3164be70f324fd3de3a866124dfca597ddb,dc57b2536a1697e2695991689f43c3164be70f324fd3de3a866124dfca597ddb
flywire_783_mb_left_kc512_s701,443,spectral,fly,1,50,supervised,1.0,0.08,47,True,True,1474,1474,1.0030982888041224,8.881784197001252e-16,True,dc57b2536a1697e2695991689f43c3164be70f324fd3de3a866124dfca597ddb,4b5342a5c282a5301a9ae42c5ea7c780821a28a2d1c7d70bfffa98fc05a85882
flywire_783_mb_left_kc512_s701,443,spectral,fly,1,50,permuted_teacher,1.0,0.08,47,True,True,1474,1474,1.0140507829932144,1.3322676295501878e-15,True,dc57b2536a1697e2695991689f43c3164be70f324fd3de3a866124dfca597ddb,845529363a23c0d6172c607f8b7d0c799d41adfa600a4fd6074b7c3f0fea84ad
flywire_783_mb_left_kc512_s701,443,spectral,fly,1,200,frozen,0.3869346733668342,0.1,5,False,True,1474,0,0.0,0.0,True,dc57b2536a1697e2695991689f43c3164be70f324fd3de3a866124dfca597ddb,dc57b2536a1697e2695991689f43c3164be70f324fd3de3a866124dfca597ddb
flywire_783_mb_left_kc512_s701,443,spectral,fly,1,200,supervised,0.4321608040201005,0.1,3,False,True,1474,1474,1.01237478750854,1.1102230246251565e-15,True,dc57b2536a1697e2695991689f43c3164be70f324fd3de3a866124dfca597ddb,1c370fa22b661aae3fd89e0cf3511dbecc8f53a808a05131f6ba26dfd1fa02d9
flywire_783_mb_left_kc512_s701,443,spectral,fly,1,200,permuted_teacher,0.45226130653266333,0.09,3,False,True,1474,1474,1.0024821261723906,1.3322676295501878e-15,True,dc57b2536a1697e2695991689f43c3164be70f324fd3de3a866124dfca597ddb,6cff12d58e118973f7c5488177a4a78180045ffda9abb2a9ea73bb503f330019
flywire_783_mb_left_kc512_s701,443,spectral,fly,2,50,frozen,1.0,0.11,47,True,True,1474,0,0.0,0.0,True,dc57b2536a1697e2695991689f43c3164be70f324fd3de3a866124dfca597ddb,dc57b2536a1697e2695991689f43c3164be70f324fd3de3a866124dfca597ddb
flywire_783_mb_left_kc512_s701,443,spectral,fly,2,50,supervised,1.0,0.11,47,True,True,1474,1474,0.9943067148979119,1.1102230246251565e-15,True,dc57b2536a1697e2695991689f43c3164be70f324fd3de3a866124dfca597ddb,3383e1d9dfb523767bd827e1b25b2a811e28f18097bae027461edc0755315675
flywire_783_mb_left_kc512_s701,443,spectral,fly,2,50,permuted_teacher,1.0,0.11,47,True,True,1474,1474,0.9779148390500062,8.881784197001252e-16,True,dc57b2536a1697e2695991689f43c3164be70f324fd3de3a866124dfca597ddb,85704ee0e5e79077a2d6c6dfe95903507480d520c5b377d4df6d9a5182c872fa
flywire_783_mb_left_kc512_s701,443,spectral,fly,2,200,frozen,0.39195979899497485,0.13,2,False,True,1474,0,0.0,0.0,True,dc57b2536a1697e2695991689f43c3164be70f324fd3de3a866124dfca597ddb,dc57b2536a1697e2695991689f43c3164be70f324fd3de3a866124dfca597ddb
flywire_783_mb_left_kc512_s701,443,spectral,fly,2,200,supervised,0.3768844221105528,0.14,1,False,True,1474,1474,1.0280988220282505,8.881784197001252e-16,True,dc57b2536a1697e2695991689f43c3164be70f324fd3de3a866124dfca597ddb,edcb785347d72d513cd9863aa050c25acdc8b9e9af601c60153decd778418b71
flywire_783_mb_left_kc512_s701,443,spectral,fly,2,200,permuted_teacher,0.41708542713567837,0.12,2,False,True,1474,1474,1.0085647653659602,1.9984014443252818e-15,True,dc57b2536a1697e2695991689f43c3164be70f324fd3de3a866124dfca597ddb,3fdbb5abc880672ea51ff43771b524e0deef4c68f231f18b29d80c3788cd4d74
flywire_783_mb_left_kc512_s701,443,spectral,role_shuffled,1,50,frozen,1.0,0.12,47,True,True,1474,0,0.0,0.0,True,c1572fda066be53203119052d9ccf46f6bd47a980ef614847556a676cba0b423,c1572fda066be53203119052d9ccf46f6bd47a980ef614847556a676cba0b423
flywire_783_mb_left_kc512_s701,443,spectral,role_shuffled,1,50,supervised,1.0,0.09,47,True,True,1474,1474,0.977465052854697,1.1102230246251565e-15,True,c1572fda066be53203119052d9ccf46f6bd47a980ef614847556a676cba0b423,33f4c67ccb90404ae7b215ba9195d9b4a2bd3d9dc57a8fcee991a037c61adffa
flywire_783_mb_left_kc512_s701,443,spectral,role_shuffled,1,50,permuted_teacher,1.0,0.08,47,True,True,1474,1474,1.0216200421374653,1.1102230246251565e-15,True,c1572fda066be53203119052d9ccf46f6bd47a980ef614847556a676cba0b423,a3ef9dbed7fdc9a99bd1981edb5e7f2274adb4270ef6229c95496369b0220123
flywire_783_mb_left_kc512_s701,443,spectral,role_shuffled,1,200,frozen,0.4221105527638191,0.13,8,False,True,1474,0,0.0,0.0,True,c1572fda066be53203119052d9ccf46f6bd47a980ef614847556a676cba0b423,c1572fda066be53203119052d9ccf46f6bd47a980ef614847556a676cba0b423
flywire_783_mb_left_kc512_s701,443,spectral,role_shuffled,1,200,supervised,0.4221105527638191,0.07,4,False,True,1474,1474,1.0383542659826974,1.3322676295501878e-15,True,c1572fda066be53203119052d9ccf46f6bd47a980ef614847556a676cba0b423,696c299eb74def697a12346745b84d1c3f305332de254a6d87023c37ffdd53fc
flywire_783_mb_left_kc512_s701,443,spectral,role_shuffled,1,200,permuted_teacher,0.4472361809045226,0.12,5,False,True,1474,1474,1.0400523797035408,8.881784197001252e-16,True,c1572fda066be53203119052d9ccf46f6bd47a980ef614847556a676cba0b423,eae5de60a143d60027f6b231d706396530c28e96c06ab5fe739f059c06c4050b
flywire_783_mb_left_kc512_s701,443,spectral,role_shuffled,2,50,frozen,1.0,0.11,47,True,True,1474,0,0.0,0.0,True,c1572fda066be53203119052d9ccf46f6bd47a980ef614847556a676cba0b423,c1572fda066be53203119052d9ccf46f6bd47a980ef614847556a676cba0b423
flywire_783_mb_left_kc512_s701,443,spectral,role_shuffled,2,50,supervised,1.0,0.09,47,True,True,1474,1474,0.9632840521237955,8.881784197001252e-16,True,c1572fda066be53203119052d9ccf46f6bd47a980ef614847556a676cba0b423,bdf96c0935359d167bac5305bad472786cf05fdb73a4beacbc1a7eae940d4308
flywire_783_mb_left_kc512_s701,443,spectral,role_shuffled,2,50,permuted_teacher,1.0,0.13,47,True,True,1474,1474,1.0043250126361765,1.3322676295501878e-15,True,c1572fda066be53203119052d9ccf46f6bd47a980ef614847556a676cba0b423,6c58b37ed577ceda5c60941c12a84fb4e3584a04c507dfbecf490d9b515f61e1
flywire_783_mb_left_kc512_s701,443,spectral,role_shuffled,2,200,frozen,0.4371859296482412,0.13,2,False,True,1474,0,0.0,0.0,True,c1572fda066be53203119052d9ccf46f6bd47a980ef614847556a676cba0b423,c1572fda066be53203119052d9ccf46f6bd47a980ef614847556a676cba0b423
flywire_783_mb_left_kc512_s701,443,spectral,role_shuffled,2,200,supervised,0.4221105527638191,0.13,2,False,True,1474,1474,1.022885804810152,6.661338147750939e-16,True,c1572fda066be53203119052d9ccf46f6bd47a980ef614847556a676cba0b423,67c358af66b55e1ad1e970e494373748cf8a54d753484356e3192ea4c6fd5bb2
flywire_783_mb_left_kc512_s701,443,spectral,role_shuffled,2,200,permuted_teacher,0.39195979899497485,0.14,1,False,True,1474,1474,1.0393653519633963,1.1102230246251565e-15,True,c1572fda066be53203119052d9ccf46f6bd47a980ef614847556a676cba0b423,35341fd8d4d0acaa1ee2f390642028d3608b084afe4483a5af15de6c0fea15cf
flywire_783_mb_left_kc512_s701,443,spectral,role_random,1,50,frozen,1.0,0.08,47,True,True,1474,0,0.0,0.0,True,dabad0358fa963acf21d827a22db7619ef02923ff9806a11ba1d1da185ea875d,dabad0358fa963acf21d827a22db7619ef02923ff9806a11ba1d1da185ea875d
flywire_783_mb_left_kc512_s701,443,spectral,role_random,1,50,supervised,1.0,0.07,47,True,True,1474,1474,1.16187385868185,2.220446049250313e-16,True,dabad0358fa963acf21d827a22db7619ef02923ff9806a11ba1d1da185ea875d,c8f2b913718b130a786ee161c11b50fa86cc64f610c1a32bfa6f453b5ba0179d
flywire_783_mb_left_kc512_s701,443,spectral,role_random,1,50,permuted_teacher,1.0,0.1,47,True,True,1474,1474,1.2143325218735852,3.3306690738754696e-16,True,dabad0358fa963acf21d827a22db7619ef02923ff9806a11ba1d1da185ea875d,2be87bdb13d04bb66a21ebb65b5e88876700779a7d67deb2dea45af154095d33
flywire_783_mb_left_kc512_s701,443,spectral,role_random,1,200,frozen,0.38190954773869346,0.09,9,False,True,1474,0,0.0,0.0,True,dabad0358fa963acf21d827a22db7619ef02923ff9806a11ba1d1da185ea875d,dabad0358fa963acf21d827a22db7619ef02923ff9806a11ba1d1da185ea875d
flywire_783_mb_left_kc512_s701,443,spectral,role_random,1,200,supervised,0.35678391959798994,0.1,5,False,True,1474,1474,1.1515262404004094,2.220446049250313e-16,True,dabad0358fa963acf21d827a22db7619ef02923ff9806a11ba1d1da185ea875d,24bd39612b0cd766aec7473ce84464f48288d83bc0cd49a6f3d0c4a7707b9e55
flywire_783_mb_left_kc512_s701,443,spectral,role_random,1,200,permuted_teacher,0.35678391959798994,0.08,5,False,True,1474,1474,1.1630989228945425,2.220446049250313e-16,True,dabad0358fa963acf21d827a22db7619ef02923ff9806a11ba1d1da185ea875d,0729afc522a2f6eb0d02257c693ab05abd1d92fe311b3e90bcc23feb1d6d1317
flywire_783_mb_left_kc512_s701,443,spectral,role_random,2,50,frozen,1.0,0.12,47,True,True,1474,0,0.0,0.0,True,dabad0358fa963acf21d827a22db7619ef02923ff9806a11ba1d1da185ea875d,dabad0358fa963acf21d827a22db7619ef02923ff9806a11ba1d1da185ea875d
flywire_783_mb_left_kc512_s701,443,spectral,role_random,2,50,supervised,1.0,0.12,47,True,True,1474,1474,1.2143543122432656,3.3306690738754696e-16,True,dabad0358fa963acf21d827a22db7619ef02923ff9806a11ba1d1da185ea875d,6f89e5ef0884400e0ff0aff177b635ef95875942fc127d65ab0acc5326bc6953
flywire_783_mb_left_kc512_s701,443,spectral,role_random,2,50,permuted_teacher,1.0,0.08,47,True,True,1474,1474,1.1850071185539586,2.7755575615628914e-16,True,dabad0358fa963acf21d827a22db7619ef02923ff9806a11ba1d1da185ea875d,3da292d97a28d77f1d4227c0e97d672f843ca8267f683b142940520354a12704
flywire_783_mb_left_kc512_s701,443,spectral,role_random,2,200,frozen,0.3768844221105528,0.14,2,False,True,1474,0,0.0,0.0,True,dabad0358fa963acf21d827a22db7619ef02923ff9806a11ba1d1da185ea875d,dabad0358fa963acf21d827a22db7619ef02923ff9806a11ba1d1da185ea875d
flywire_783_mb_left_kc512_s701,443,spectral,role_random,2,200,supervised,0.36683417085427134,0.13,2,False,True,1474,1474,1.187615506728406,1.6653345369377348e-16,True,dabad0358fa963acf21d827a22db7619ef02923ff9806a11ba1d1da185ea875d,e04b706e415e0ff6cc05df9698a2d57004b4c47ad80b3a6483ce27d3218bd2e9
flywire_783_mb_left_kc512_s701,443,spectral,role_random,2,200,permuted_teacher,0.3869346733668342,0.14,2,False,True,1474,1474,1.149461146023254,4.440892098500626e-16,True,dabad0358fa963acf21d827a22db7619ef02923ff9806a11ba1d1da185ea875d,8242454dcb526399b6f7529c99c72b1cc73840ba06e60aef5b731814799a7cce
flywire_783_mb_left_kc512_s701,443,incoming_l1,fly,1,50,frozen,1.0,0.13,47,True,True,1474,0,0.0,0.0,True,aef93307ea7829859419c0c00817f894b98a62402bc4985874f5b1bfe68b4029,aef93307ea7829859419c0c00817f894b98a62402bc4985874f5b1bfe68b4029
flywire_783_mb_left_kc512_s701,443,incoming_l1,fly,1,50,supervised,1.0,0.09,47,True,True,1474,1474,0.893769932256218,1.2212453270876722e-15,True,aef93307ea7829859419c0c00817f894b98a62402bc4985874f5b1bfe68b4029,f26faad4ab5485c7cd7c73fe2d97dd622eb9a670bfb419439ba2ed1196078a4e
flywire_783_mb_left_kc512_s701,443,incoming_l1,fly,1,50,permuted_teacher,1.0,0.12,47,True,True,1474,1474,0.8543133569335438,6.661338147750939e-16,True,aef93307ea7829859419c0c00817f894b98a62402bc4985874f5b1bfe68b4029,8130c1055b278a69c69a0fd707e76f8ace9a986e976f64c45fdfa6e903c5dccb
flywire_783_mb_left_kc512_s701,443,incoming_l1,fly,1,200,frozen,0.41708542713567837,0.11,4,False,True,1474,0,0.0,0.0,True,aef93307ea7829859419c0c00817f894b98a62402bc4985874f5b1bfe68b4029,aef93307ea7829859419c0c00817f894b98a62402bc4985874f5b1bfe68b4029
flywire_783_mb_left_kc512_s701,443,incoming_l1,fly,1,200,supervised,0.45226130653266333,0.1,5,False,True,1474,1474,1.0519790801890618,1.1102230246251565e-15,True,aef93307ea7829859419c0c00817f894b98a62402bc4985874f5b1bfe68b4029,8577627025d9549d0e10c867a07545acae42fd815b5f9bf244079f26a7d451c6
flywire_783_mb_left_kc512_s701,443,incoming_l1,fly,1,200,permuted_teacher,0.45226130653266333,0.1,5,False,True,1474,1474,1.0545416391855638,5.551115123125783e-16,True,aef93307ea7829859419c0c00817f894b98a62402bc4985874f5b1bfe68b4029,515640d7983e69c626b3cc77d08da90ff6a3e32034517171fd5012b647b9ac78
flywire_783_mb_left_kc512_s701,443,incoming_l1,fly,2,50,frozen,1.0,0.08,47,True,True,1474,0,0.0,0.0,True,aef93307ea7829859419c0c00817f894b98a62402bc4985874f5b1bfe68b4029,aef93307ea7829859419c0c00817f894b98a62402bc4985874f5b1bfe68b4029
flywire_783_mb_left_kc512_s701,443,incoming_l1,fly,2,50,supervised,1.0,0.09,47,True,True,1474,1474,0.8666278954773637,1.4432899320127035e-15,True,aef93307ea7829859419c0c00817f894b98a62402bc4985874f5b1bfe68b4029,5474e6dcb63eca5ea9392019fa62918c674796aad2e755237ede6ba427f5ea5f
flywire_783_mb_left_kc512_s701,443,incoming_l1,fly,2,50,permuted_teacher,1.0,0.14,47,True,True,1474,1474,0.9115206920936929,6.661338147750939e-16,True,aef93307ea7829859419c0c00817f894b98a62402bc4985874f5b1bfe68b4029,5b55896b291d4abf96a47569228315d8c9c4b04240765d5e09138c3c9ed6cb4a
flywire_783_mb_left_kc512_s701,443,incoming_l1,fly,2,200,frozen,0.457286432160804,0.15,2,False,True,1474,0,0.0,0.0,True,aef93307ea7829859419c0c00817f894b98a62402bc4985874f5b1bfe68b4029,aef93307ea7829859419c0c00817f894b98a62402bc4985874f5b1bfe68b4029
flywire_783_mb_left_kc512_s701,443,incoming_l1,fly,2,200,supervised,0.4020100502512563,0.13,0,False,True,1474,1474,1.1095041029124888,6.661338147750939e-16,True,aef93307ea7829859419c0c00817f894b98a62402bc4985874f5b1bfe68b4029,22fa362965321c9a8c6233013ce43ea95d8aa70fe2df92400e6e500f5a3d536d
flywire_783_mb_left_kc512_s701,443,incoming_l1,fly,2,200,permuted_teacher,0.4623115577889447,0.11,1,False,True,1474,1474,1.0348283139338699,7.771561172376096e-16,True,aef93307ea7829859419c0c00817f894b98a62402bc4985874f5b1bfe68b4029,3a53116f6266c5d5afe83836b5375e8e7843fef1052127eece25128ae274b987
flywire_783_mb_left_kc512_s701,443,incoming_l1,role_shuffled,1,50,frozen,1.0,0.09,47,True,True,1474,0,0.0,0.0,True,aca40fbbb277b05abefdb7ef09141f105228b4084eb51b452390a75e80387d11,aca40fbbb277b05abefdb7ef09141f105228b4084eb51b452390a75e80387d11
flywire_783_mb_left_kc512_s701,443,incoming_l1,role_shuffled,1,50,supervised,1.0,0.09,47,True,True,1474,1474,0.9219862647816012,5.551115123125783e-16,True,aca40fbbb277b05abefdb7ef09141f105228b4084eb51b452390a75e80387d11,418a87bfaab88302f41c701f0872faad28b8052de28d362907fc29653df881ed
flywire_783_mb_left_kc512_s701,443,incoming_l1,role_shuffled,1,50,permuted_teacher,1.0,0.1,47,True,True,1474,1474,0.9315392913862126,5.551115123125783e-16,True,aca40fbbb277b05abefdb7ef09141f105228b4084eb51b452390a75e80387d11,ffd5cf69846eb4f6d3230152f9da772db8cb68f123841845dfda4ce1e07c3a32
flywire_783_mb_left_kc512_s701,443,incoming_l1,role_shuffled,1,200,frozen,0.4321608040201005,0.09,5,False,True,1474,0,0.0,0.0,True,aca40fbbb277b05abefdb7ef09141f105228b4084eb51b452390a75e80387d11,aca40fbbb277b05abefdb7ef09141f105228b4084eb51b452390a75e80387d11
flywire_783_mb_left_kc512_s701,443,incoming_l1,role_shuffled,1,200,supervised,0.41708542713567837,0.08,5,False,True,1474,1474,1.0955235898937015,7.771561172376096e-16,True,aca40fbbb277b05abefdb7ef09141f105228b4084eb51b452390a75e80387d11,e916accf45ccc88c27d48a499d97dc7d672ec7938ec4d20d1e62fdef653efccd
flywire_783_mb_left_kc512_s701,443,incoming_l1,role_shuffled,1,200,permuted_teacher,0.4623115577889447,0.09,5,False,True,1474,1474,1.0151049007530526,5.551115123125783e-16,True,aca40fbbb277b05abefdb7ef09141f105228b4084eb51b452390a75e80387d11,a94a4dd289fbd4becec054632191b5613ef131875988a4ebc1eb8b36c7770c08
flywire_783_mb_left_kc512_s701,443,incoming_l1,role_shuffled,2,50,frozen,1.0,0.15,47,True,True,1474,0,0.0,0.0,True,aca40fbbb277b05abefdb7ef09141f105228b4084eb51b452390a75e80387d11,aca40fbbb277b05abefdb7ef09141f105228b4084eb51b452390a75e80387d11
flywire_783_mb_left_kc512_s701,443,incoming_l1,role_shuffled,2,50,supervised,1.0,0.13,47,True,True,1474,1474,0.8838026650567652,5.551115123125783e-16,True,aca40fbbb277b05abefdb7ef09141f105228b4084eb51b452390a75e80387d11,99c1a00b50d226eac23b7fdd126ec71dd04dc166260b0b3afd553209af68bc77
flywire_783_mb_left_kc512_s701,443,incoming_l1,role_shuffled,2,50,permuted_teacher,1.0,0.11,47,True,True,1474,1474,0.9214310262296581,5.551115123125783e-16,True,aca40fbbb277b05abefdb7ef09141f105228b4084eb51b452390a75e80387d11,5dd0d6b908fa26dae4dfb9d78e393047803ac9e7ce078df5a55c7c9846481049
flywire_783_mb_left_kc512_s701,443,incoming_l1,role_shuffled,2,200,frozen,0.4623115577889447,0.13,2,False,True,1474,0,0.0,0.0,True,aca40fbbb277b05abefdb7ef09141f105228b4084eb51b452390a75e80387d11,aca40fbbb277b05abefdb7ef09141f105228b4084eb51b452390a75e80387d11
flywire_783_mb_left_kc512_s701,443,incoming_l1,role_shuffled,2,200,supervised,0.4321608040201005,0.15,1,False,True,1474,1474,1.0293660371364732,7.771561172376096e-16,True,aca40fbbb277b05abefdb7ef09141f105228b4084eb51b452390a75e80387d11,85778fe923485485468e81410a233616bc9e5d9a99ba0433cf4e74a40a06ac61
flywire_783_mb_left_kc512_s701,443,incoming_l1,role_shuffled,2,200,permuted_teacher,0.4623115577889447,0.13,0,False,True,1474,1474,1.0329815995210754,7.771561172376096e-16,True,aca40fbbb277b05abefdb7ef09141f105228b4084eb51b452390a75e80387d11,8a9217525ab459a682aafe1986a8654c30bd6d9df3f8771eb81c14d424a1dd52
flywire_783_mb_left_kc512_s701,443,incoming_l1,role_random,1,50,frozen,1.0,0.1,47,True,True,1474,0,0.0,0.0,True,6e4eecee11361d96368316cfab1716e6551365ea38d7feff2ac3a0764348077d,6e4eecee11361d96368316cfab1716e6551365ea38d7feff2ac3a0764348077d
flywire_783_mb_left_kc512_s701,443,incoming_l1,role_random,1,50,supervised,1.0,0.11,47,True,True,1474,1474,1.059700221126679,3.3306690738754696e-16,True,6e4eecee11361d96368316cfab1716e6551365ea38d7feff2ac3a0764348077d,2ac5a517188551e9067c957e5255940eb74d9335aa8a265333a7d57276b1f6f5
flywire_783_mb_left_kc512_s701,443,incoming_l1,role_random,1,50,permuted_teacher,1.0,0.13,47,True,True,1474,1474,1.120166328330062,4.440892098500626e-16,True,6e4eecee11361d96368316cfab1716e6551365ea38d7feff2ac3a0764348077d,25926089715ff399988758401cc73f0f9c5948c6816ec7d950c5ba8ad45608a2
flywire_783_mb_left_kc512_s701,443,incoming_l1,role_random,1,200,frozen,0.4271356783919598,0.08,5,False,True,1474,0,0.0,0.0,True,6e4eecee11361d96368316cfab1716e6551365ea38d7feff2ac3a0764348077d,6e4eecee11361d96368316cfab1716e6551365ea38d7feff2ac3a0764348077d
flywire_783_mb_left_kc512_s701,443,incoming_l1,role_random,1,200,supervised,0.40703517587939697,0.09,5,False,True,1474,1474,1.1192224665490376,3.3306690738754696e-16,True,6e4eecee11361d96368316cfab1716e6551365ea38d7feff2ac3a0764348077d,cf5c05a866054f4f2960b2a11005c5c271645601818d2ac39c4d535ff3d7bdf5
flywire_783_mb_left_kc512_s701,443,incoming_l1,role_random,1,200,permuted_teacher,0.4271356783919598,0.12,5,False,True,1474,1474,1.1321625677219853,3.3306690738754696e-16,True,6e4eecee11361d96368316cfab1716e6551365ea38d7feff2ac3a0764348077d,4065a3a3428a0b0562bf150219e32208b4b8a3ee90e91c9eaa1ddebe68aff7c6
flywire_783_mb_left_kc512_s701,443,incoming_l1,role_random,2,50,frozen,1.0,0.1,47,True,True,1474,0,0.0,0.0,True,6e4eecee11361d96368316cfab1716e6551365ea38d7feff2ac3a0764348077d,6e4eecee11361d96368316cfab1716e6551365ea38d7feff2ac3a0764348077d
flywire_783_mb_left_kc512_s701,443,incoming_l1,role_random,2,50,supervised,1.0,0.1,47,True,True,1474,1474,1.1124115289704903,3.3306690738754696e-16,True,6e4eecee11361d96368316cfab1716e6551365ea38d7feff2ac3a0764348077d,c21d4565609ce9eada1ed26f3b81b5d03b372ad263b003feeb7827b340eab19a
flywire_783_mb_left_kc512_s701,443,incoming_l1,role_random,2,50,permuted_teacher,1.0,0.08,47,True,True,1474,1474,1.0576242332365013,3.3306690738754696e-16,True,6e4eecee11361d96368316cfab1716e6551365ea38d7feff2ac3a0764348077d,32a25d0630a2ed40bc77aebe7aa17e8db4cfc978df7f3a93aaa429f01b1470d0
flywire_783_mb_left_kc512_s701,443,incoming_l1,role_random,2,200,frozen,0.4221105527638191,0.14,0,False,True,1474,0,0.0,0.0,True,6e4eecee11361d96368316cfab1716e6551365ea38d7feff2ac3a0764348077d,6e4eecee11361d96368316cfab1716e6551365ea38d7feff2ac3a0764348077d
flywire_783_mb_left_kc512_s701,443,incoming_l1,role_random,2,200,supervised,0.41708542713567837,0.14,2,False,True,1474,1474,1.1480742270832731,4.440892098500626e-16,True,6e4eecee11361d96368316cfab1716e6551365ea38d7feff2ac3a0764348077d,818108057a7b3c38b3f28afed2826f75f9875d4035c5cd86920297699a84210e
flywire_783_mb_left_kc512_s701,443,incoming_l1,role_random,2,200,permuted_teacher,0.40703517587939697,0.15,2,False,True,1474,1474,1.12064231348569,3.3306690738754696e-16,True,6e4eecee11361d96368316cfab1716e6551365ea38d7feff2ac3a0764348077d,7920ea24bbdbdfd4bfd41a52c0cd5f1d16758af670308df890cccf3437a2c589
flywire_783_mb_left_kc512_s701,444,spectral,fly,1,50,frozen,1.0,0.09,47,True,True,1474,0,0.0,0.0,True,dc57b2536a1697e2695991689f43c3164be70f324fd3de3a866124dfca597ddb,dc57b2536a1697e2695991689f43c3164be70f324fd3de3a866124dfca597ddb
flywire_783_mb_left_kc512_s701,444,spectral,fly,1,50,supervised,1.0,0.08,47,True,True,1474,1474,1.2964685453882088,1.7763568394002505e-15,True,dc57b2536a1697e2695991689f43c3164be70f324fd3de3a866124dfca597ddb,0690d5e72bd460d74e48788935e41c982c88a5ce3e4c5a7027edbaf921c741af
flywire_783_mb_left_kc512_s701,444,spectral,fly,1,50,permuted_teacher,1.0,0.08,47,True,True,1474,1474,1.2394747186140562,1.7763568394002505e-15,True,dc57b2536a1697e2695991689f43c3164be70f324fd3de3a866124dfca597ddb,dde01dbe5f2eefdd031edcaa4f1c38fa02ca238c3922e360dcdb27416df615d0
flywire_783_mb_left_kc512_s701,444,spectral,fly,1,200,frozen,0.41708542713567837,0.12,9,False,True,1474,0,0.0,0.0,True,dc57b2536a1697e2695991689f43c3164be70f324fd3de3a866124dfca597ddb,dc57b2536a1697e2695991689f43c3164be70f324fd3de3a866124dfca597ddb
flywire_783_mb_left_kc512_s701,444,spectral,fly,1,200,supervised,0.4020100502512563,0.11,5,False,True,1474,1474,1.2200688118580512,1.1102230246251565e-15,True,dc57b2536a1697e2695991689f43c3164be70f324fd3de3a866124dfca597ddb,83e33b894340b37e27543a2f4ed4d3023b890293ad8f17d80302750ea57fc884
flywire_783_mb_left_kc512_s701,444,spectral,fly,1,200,permuted_teacher,0.3768844221105528,0.14,5,False,True,1474,1474,1.2548276929070197,6.661338147750939e-16,True,dc57b2536a1697e2695991689f43c3164be70f324fd3de3a866124dfca597ddb,4a237325446bbfe67a1afa6de8b31fd06af73cd7edd988f2db11431485c38973
flywire_783_mb_left_kc512_s701,444,spectral,fly,2,50,frozen,1.0,0.1,47,True,True,1474,0,0.0,0.0,True,dc57b2536a1697e2695991689f43c3164be70f324fd3de3a866124dfca597ddb,dc57b2536a1697e2695991689f43c3164be70f324fd3de3a866124dfca597ddb
flywire_783_mb_left_kc512_s701,444,spectral,fly,2,50,supervised,1.0,0.13,47,True,True,1474,1474,1.2528852699558628,1.3322676295501878e-15,True,dc57b2536a1697e2695991689f43c3164be70f324fd3de3a866124dfca597ddb,d91509343945fb768df4388182dc696386fb26988eadb1acf9e65bf5aeec0a40
flywire_783_mb_left_kc512_s701,444,spectral,fly,2,50,permuted_teacher,1.0,0.1,47,True,True,1474,1474,1.2544386128150498,8.881784197001252e-16,True,dc57b2536a1697e2695991689f43c3164be70f324fd3de3a866124dfca597ddb,3c9ac27280ebb74d85dbc0be93a6a893908276de3bb40670acc080fdc87b16a5
flywire_783_mb_left_kc512_s701,444,spectral,fly,2,200,frozen,0.3869346733668342,0.14,2,False,True,1474,0,0.0,0.0,True,dc57b2536a1697e2695991689f43c3164be70f324fd3de3a866124dfca597ddb,dc57b2536a1697e2695991689f43c3164be70f324fd3de3a866124dfca597ddb
flywire_783_mb_left_kc512_s701,444,spectral,fly,2,200,supervised,0.3768844221105528,0.14,1,False,True,1474,1474,1.2352570936665381,4.440892098500626e-16,True,dc57b2536a1697e2695991689f43c3164be70f324fd3de3a866124dfca597ddb,c9781f39b86abf9ed3d29fdc98db0732de6e054fa14eddb10a9b0262f0064431
flywire_783_mb_left_kc512_s701,444,spectral,fly,2,200,permuted_teacher,0.3768844221105528,0.12,1,False,True,1474,1474,1.2381763447632594,8.881784197001252e-16,True,dc57b2536a1697e2695991689f43c3164be70f324fd3de3a866124dfca597ddb,a23076873019d0a45146140f4e6574eb1128de04bdf3197c0903a03e8b0d0ee4
flywire_783_mb_left_kc512_s701,444,spectral,role_shuffled,1,50,frozen,1.0,0.06,47,True,True,1474,0,0.0,0.0,True,2fa49132c70692444761627eba220eba2ace51722dbb1115758ac5d1a9a4da13,2fa49132c70692444761627eba220eba2ace51722dbb1115758ac5d1a9a4da13
flywire_783_mb_left_kc512_s701,444,spectral,role_shuffled,1,50,supervised,1.0,0.09,47,True,True,1474,1474,1.2410775766110245,2.220446049250313e-15,True,2fa49132c70692444761627eba220eba2ace51722dbb1115758ac5d1a9a4da13,515aa9d6cccda9ab1a6f56bf4906d466ad75b5428a028c1851984cb62c9da52b
flywire_783_mb_left_kc512_s701,444,spectral,role_shuffled,1,50,permuted_teacher,1.0,0.08,47,True,True,1474,1474,1.2065996533538983,1.3322676295501878e-15,True,2fa49132c70692444761627eba220eba2ace51722dbb1115758ac5d1a9a4da13,e7e1f179a905a8a6768fcf0a4bf2c2915599ecb4c9571bb449049370e278a314
flywire_783_mb_left_kc512_s701,444,spectral,role_shuffled,1,200,frozen,0.36683417085427134,0.13,5,False,True,1474,0,0.0,0.0,True,2fa49132c70692444761627eba220eba2ace51722dbb1115758ac5d1a9a4da13,2fa49132c70692444761627eba220eba2ace51722dbb1115758ac5d1a9a4da13
flywire_783_mb_left_kc512_s701,444,spectral,role_shuffled,1,200,supervised,0.39195979899497485,0.14,5,False,True,1474,1474,1.1299931771412173,8.881784197001252e-16,True,2fa49132c70692444761627eba220eba2ace51722dbb1115758ac5d1a9a4da13,dc3a0972c0bcb4ae14d92a908c3d7703bebd887c290c7881feb4afda6e5a4536
flywire_783_mb_left_kc512_s701,444,spectral,role_shuffled,1,200,permuted_teacher,0.4120603015075377,0.12,5,False,True,1474,1474,1.1864087118655293,6.661338147750939e-16,True,2fa49132c70692444761627eba220eba2ace51722dbb1115758ac5d1a9a4da13,fbe2ce2da72f9a42424bb45da11e8767826314b5290341492c7252f2add6aaad
flywire_783_mb_left_kc512_s701,444,spectral,role_shuffled,2,50,frozen,1.0,0.08,47,True,True,1474,0,0.0,0.0,True,2fa49132c70692444761627eba220eba2ace51722dbb1115758ac5d1a9a4da13,2fa49132c70692444761627eba220eba2ace51722dbb1115758ac5d1a9a4da13
flywire_783_mb_left_kc512_s701,444,spectral,role_shuffled,2,50,supervised,1.0,0.1,47,True,True,1474,1474,1.1905439772065811,6.661338147750939e-16,True,2fa49132c70692444761627eba220eba2ace51722dbb1115758ac5d1a9a4da13,ed5edb4ec1cf58f5bc3c0ce67180b37aecc2a69967f021eb87de2cdc30749647
flywire_783_mb_left_kc512_s701,444,spectral,role_shuffled,2,50,permuted_teacher,1.0,0.13,47,True,True,1474,1474,1.1697849497279873,8.881784197001252e-16,True,2fa49132c70692444761627eba220eba2ace51722dbb1115758ac5d1a9a4da13,73f78c83f57bdfbd1018649e9e4f71d496431b1b0dfb0f25b545157e01aed9a4
flywire_783_mb_left_kc512_s701,444,spectral,role_shuffled,2,200,frozen,0.35678391959798994,0.15,2,False,True,1474,0,0.0,0.0,True,2fa49132c70692444761627eba220eba2ace51722dbb1115758ac5d1a9a4da13,2fa49132c70692444761627eba220eba2ace51722dbb1115758ac5d1a9a4da13
flywire_783_mb_left_kc512_s701,444,spectral,role_shuffled,2,200,supervised,0.37185929648241206,0.14,1,False,True,1474,1474,1.1693616915766838,6.661338147750939e-16,True,2fa49132c70692444761627eba220eba2ace51722dbb1115758ac5d1a9a4da13,454a94889145f4429d2ef4616a1a4298eee2467c46a52090659bfda60d5f7033
flywire_783_mb_left_kc512_s701,444,spectral,role_shuffled,2,200,permuted_teacher,0.4020100502512563,0.13,2,False,True,1474,1474,1.185599627224293,1.3322676295501878e-15,True,2fa49132c70692444761627eba220eba2ace51722dbb1115758ac5d1a9a4da13,dc1408ea658a7b27fb4e195d9b2e706776438afdbaad81908b3056cea03afaf7
flywire_783_mb_left_kc512_s701,444,spectral,role_random,1,50,frozen,1.0,0.07,47,True,True,1474,0,0.0,0.0,True,6311adf6d6adab7545c2d4e76a273377e0bf5fbc5b16bd90f0c63b7a7392b2ae,6311adf6d6adab7545c2d4e76a273377e0bf5fbc5b16bd90f0c63b7a7392b2ae
flywire_783_mb_left_kc512_s701,444,spectral,role_random,1,50,supervised,1.0,0.07,47,True,True,1474,1474,1.2409039451401653,2.220446049250313e-16,True,6311adf6d6adab7545c2d4e76a273377e0bf5fbc5b16bd90f0c63b7a7392b2ae,fab5ca6d14fc218138bab1ed4038266dfe0ed4da3890c10ead05b1e1cecfab00
flywire_783_mb_left_kc512_s701,444,spectral,role_random,1,50,permuted_teacher,1.0,0.08,47,True,True,1474,1474,1.2325001596636744,3.3306690738754696e-16,True,6311adf6d6adab7545c2d4e76a273377e0bf5fbc5b16bd90f0c63b7a7392b2ae,da9b70121e0af746f5b4c567bc7e44622809a40c4d6c78ed7b77f7bff6359e7f
flywire_783_mb_left_kc512_s701,444,spectral,role_random,1,200,frozen,0.3869346733668342,0.09,9,False,True,1474,0,0.0,0.0,True,6311adf6d6adab7545c2d4e76a273377e0bf5fbc5b16bd90f0c63b7a7392b2ae,6311adf6d6adab7545c2d4e76a273377e0bf5fbc5b16bd90f0c63b7a7392b2ae
flywire_783_mb_left_kc512_s701,444,spectral,role_random,1,200,supervised,0.36683417085427134,0.11,5,False,True,1474,1474,1.173456636151813,2.220446049250313e-16,True,6311adf6d6adab7545c2d4e76a273377e0bf5fbc5b16bd90f0c63b7a7392b2ae,59a2ce705067b0e3a0b1556dc1ec1c4e134c4afcc7e3ccbd986931c2b7183c7b
flywire_783_mb_left_kc512_s701,444,spectral,role_random,1,200,permuted_teacher,0.39195979899497485,0.1,5,False,True,1474,1474,1.1683080516257471,1.6653345369377348e-16,True,6311adf6d6adab7545c2d4e76a273377e0bf5fbc5b16bd90f0c63b7a7392b2ae,024cd3709a396bf49732c2d0797ad8354c13873a5a4f10b7066b394ddb992a95
flywire_783_mb_left_kc512_s701,444,spectral,role_random,2,50,frozen,1.0,0.12,47,True,True,1474,0,0.0,0.0,True,6311adf6d6adab7545c2d4e76a273377e0bf5fbc5b16bd90f0c63b7a7392b2ae,6311adf6d6adab7545c2d4e76a273377e0bf5fbc5b16bd90f0c63b7a7392b2ae
flywire_783_mb_left_kc512_s701,444,spectral,role_random,2,50,supervised,1.0,0.12,47,True,True,1474,1474,1.2420759460904256,3.3306690738754696e-16,True,6311adf6d6adab7545c2d4e76a273377e0bf5fbc5b16bd90f0c63b7a7392b2ae,a87c224d236c5ecb7487c75d9036753ef7a7758ceb55d2c36cc8a8eb9ed4d55f
flywire_783_mb_left_kc512_s701,444,spectral,role_random,2,50,permuted_teacher,1.0,0.14,47,True,True,1474,1474,1.248034085049302,2.220446049250313e-16,True,6311adf6d6adab7545c2d4e76a273377e0bf5fbc5b16bd90f0c63b7a7392b2ae,67600e5300af071ea3c85a231ab98e412370866470c417aba83e2cb017fd3bc6
flywire_783_mb_left_kc512_s701,444,spectral,role_random,2,200,frozen,0.32663316582914576,0.15,2,False,True,1474,0,0.0,0.0,True,6311adf6d6adab7545c2d4e76a273377e0bf5fbc5b16bd90f0c63b7a7392b2ae,6311adf6d6adab7545c2d4e76a273377e0bf5fbc5b16bd90f0c63b7a7392b2ae
flywire_783_mb_left_kc512_s701,444,spectral,role_random,2,200,supervised,0.37185929648241206,0.15,2,False,True,1474,1474,1.190446084763649,2.7755575615628914e-16,True,6311adf6d6adab7545c2d4e76a273377e0bf5fbc5b16bd90f0c63b7a7392b2ae,da71acb0f1dd005d4f6e3e73d4945661f8db83ef1c35e70b83ed82e2591915a8
flywire_783_mb_left_kc512_s701,444,spectral,role_random,2,200,permuted_teacher,0.3417085427135678,0.13,2,False,True,1474,1474,1.1431991566086719,3.3306690738754696e-16,True,6311adf6d6adab7545c2d4e76a273377e0bf5fbc5b16bd90f0c63b7a7392b2ae,837e5a84e0e1c02d7af3474bac431f20dd9e8dac714aa252e96f9c7db9fa0bb4
flywire_783_mb_left_kc512_s701,444,incoming_l1,fly,1,50,frozen,1.0,0.08,47,True,True,1474,0,0.0,0.0,True,aef93307ea7829859419c0c00817f894b98a62402bc4985874f5b1bfe68b4029,aef93307ea7829859419c0c00817f894b98a62402bc4985874f5b1bfe68b4029
flywire_783_mb_left_kc512_s701,444,incoming_l1,fly,1,50,supervised,1.0,0.1,47,True,True,1474,1474,0.992056122721681,1.2212453270876722e-15,True,aef93307ea7829859419c0c00817f894b98a62402bc4985874f5b1bfe68b4029,c0d9ccfb56aed083b9a965eb2d930826e769c4f6e584bf0f12f9415da7d9f7fb
flywire_783_mb_left_kc512_s701,444,incoming_l1,fly,1,50,permuted_teacher,1.0,0.1,47,True,True,1474,1472,0.9606345485970186,7.771561172376096e-16,True,aef93307ea7829859419c0c00817f894b98a62402bc4985874f5b1bfe68b4029,eb2b38750f46e3c7f581b52d45e6f9a125659d504d3a754a8e1d86b1b5806911
flywire_783_mb_left_kc512_s701,444,incoming_l1,fly,1,200,frozen,0.4321608040201005,0.13,3,False,True,1474,0,0.0,0.0,True,aef93307ea7829859419c0c00817f894b98a62402bc4985874f5b1bfe68b4029,aef93307ea7829859419c0c00817f894b98a62402bc4985874f5b1bfe68b4029
flywire_783_mb_left_kc512_s701,444,incoming_l1,fly,1,200,supervised,0.37185929648241206,0.11,2,False,True,1474,1472,1.105626569528597,4.440892098500626e-16,True,aef93307ea7829859419c0c00817f894b98a62402bc4985874f5b1bfe68b4029,d788f0bbbd585fe296012efa3969b569578b101882f417667096641d9782978f
flywire_783_mb_left_kc512_s701,444,incoming_l1,fly,1,200,permuted_teacher,0.4321608040201005,0.1,3,False,True,1474,1472,1.1543442001202302,6.661338147750939e-16,True,aef93307ea7829859419c0c00817f894b98a62402bc4985874f5b1bfe68b4029,d973e213af7bef471f8726996dad37e45167a35c823547d7aa52dfa0f029c854
flywire_783_mb_left_kc512_s701,444,incoming_l1,fly,2,50,frozen,1.0,0.09,47,True,True,1474,0,0.0,0.0,True,aef93307ea7829859419c0c00817f894b98a62402bc4985874f5b1bfe68b4029,aef93307ea7829859419c0c00817f894b98a62402bc4985874f5b1bfe68b4029
flywire_783_mb_left_kc512_s701,444,incoming_l1,fly,2,50,supervised,1.0,0.15,47,True,True,1474,1472,0.9489259779365076,8.881784197001252e-16,True,aef93307ea7829859419c0c00817f894b98a62402bc4985874f5b1bfe68b4029,4c812dabadb9f0d9d2349e81673c58823ba7bc7693941f4651de921d76a2c93b
flywire_783_mb_left_kc512_s701,444,incoming_l1,fly,2,50,permuted_teacher,1.0,0.1,47,True,True,1474,1472,0.9760189358582345,1.3322676295501878e-15,True,aef93307ea7829859419c0c00817f894b98a62402bc4985874f5b1bfe68b4029,41bcd10f8892f3db733caf7e7b06e298527332bdf0d88e376c5b40af72de0cbd
flywire_783_mb_left_kc512_s701,444,incoming_l1,fly,2,200,frozen,0.40703517587939697,0.1,2,False,True,1474,0,0.0,0.0,True,aef93307ea7829859419c0c00817f894b98a62402bc4985874f5b1bfe68b4029,aef93307ea7829859419c0c00817f894b98a62402bc4985874f5b1bfe68b4029
flywire_783_mb_left_kc512_s701,444,incoming_l1,fly,2,200,supervised,0.4221105527638191,0.16,1,False,True,1474,1472,1.1146525499481452,9.992007221626409e-16,True,aef93307ea7829859419c0c00817f894b98a62402bc4985874f5b1bfe68b4029,eaa104a3a6a12b7918f6e9e5465fbad07b4f54805f7c7bf28f9e6703565473da
flywire_783_mb_left_kc512_s701,444,incoming_l1,fly,2,200,permuted_teacher,0.47738693467336685,0.13,0,False,True,1474,1472,1.162481396768945,1.2212453270876722e-15,True,aef93307ea7829859419c0c00817f894b98a62402bc4985874f5b1bfe68b4029,fb800c43d5ef78cdbaa2a240895517bde796f644142a097d060d3a36cc7eafc1
flywire_783_mb_left_kc512_s701,444,incoming_l1,role_shuffled,1,50,frozen,1.0,0.08,47,True,True,1474,0,0.0,0.0,True,c0b169de9717e98916a8c441728939874d3887de27ba7a3c3ea3a29c11377967,c0b169de9717e98916a8c441728939874d3887de27ba7a3c3ea3a29c11377967
flywire_783_mb_left_kc512_s701,444,incoming_l1,role_shuffled,1,50,supervised,1.0,0.08,47,True,True,1474,1474,1.076315402833913,1.3322676295501878e-15,True,c0b169de9717e98916a8c441728939874d3887de27ba7a3c3ea3a29c11377967,e6b47a8b09a37b3c6f056d4cd34301b9cd32f5369d6ac93f3f8c75eed0a3b884
flywire_783_mb_left_kc512_s701,444,incoming_l1,role_shuffled,1,50,permuted_teacher,1.0,0.11,47,True,True,1474,1474,1.0772653737688107,7.771561172376096e-16,True,c0b169de9717e98916a8c441728939874d3887de27ba7a3c3ea3a29c11377967,f227388df93ef8bb20dbc4976d64fc7e9c06c16ffeb5b78972a9b25de35ff061
flywire_783_mb_left_kc512_s701,444,incoming_l1,role_shuffled,1,200,frozen,0.45226130653266333,0.12,5,False,True,1474,0,0.0,0.0,True,c0b169de9717e98916a8c441728939874d3887de27ba7a3c3ea3a29c11377967,c0b169de9717e98916a8c441728939874d3887de27ba7a3c3ea3a29c11377967
flywire_783_mb_left_kc512_s701,444,incoming_l1,role_shuffled,1,200,supervised,0.4271356783919598,0.11,5,False,True,1474,1474,1.0048393743067836,6.661338147750939e-16,True,c0b169de9717e98916a8c441728939874d3887de27ba7a3c3ea3a29c11377967,ae7f0435c7ed63d297be10b237b3730b2445f376436e741bb21e10a2e5232b9d
flywire_783_mb_left_kc512_s701,444,incoming_l1,role_shuffled,1,200,permuted_teacher,0.4472361809045226,0.13,5,False,True,1474,1474,1.07494248183683,4.440892098500626e-16,True,c0b169de9717e98916a8c441728939874d3887de27ba7a3c3ea3a29c11377967,1206552ba339a7c40ab721cfadadb1fb6b5351b74bd3be7a62d5ac9b53b6a314
flywire_783_mb_left_kc512_s701,444,incoming_l1,role_shuffled,2,50,frozen,1.0,0.11,47,True,True,1474,0,0.0,0.0,True,c0b169de9717e98916a8c441728939874d3887de27ba7a3c3ea3a29c11377967,c0b169de9717e98916a8c441728939874d3887de27ba7a3c3ea3a29c11377967
flywire_783_mb_left_kc512_s701,444,incoming_l1,role_shuffled,2,50,supervised,1.0,0.1,47,True,True,1474,1474,1.0179691195477283,8.881784197001252e-16,True,c0b169de9717e98916a8c441728939874d3887de27ba7a3c3ea3a29c11377967,2fe43411b5db878c42bade05fe93b03710576bc306db6601f8fe43234e0a76e6
flywire_783_mb_left_kc512_s701,444,incoming_l1,role_shuffled,2,50,permuted_teacher,1.0,0.11,47,True,True,1474,1474,1.0469202716002854,1.2212453270876722e-15,True,c0b169de9717e98916a8c441728939874d3887de27ba7a3c3ea3a29c11377967,52c120715b61bc7a8a6f18a4327f4adeeeebe423168b6770d78a72306be11d9f
flywire_783_mb_left_kc512_s701,444,incoming_l1,role_shuffled,2,200,frozen,0.47738693467336685,0.12,2,False,True,1474,0,0.0,0.0,True,c0b169de9717e98916a8c441728939874d3887de27ba7a3c3ea3a29c11377967,c0b169de9717e98916a8c441728939874d3887de27ba7a3c3ea3a29c11377967
flywire_783_mb_left_kc512_s701,444,incoming_l1,role_shuffled,2,200,supervised,0.4371859296482412,0.12,1,False,True,1474,1474,1.0655032859998697,6.661338147750939e-16,True,c0b169de9717e98916a8c441728939874d3887de27ba7a3c3ea3a29c11377967,025d23e19300b346b896b54158e4c77d05165fd7f79078d403b45fa353b3b3af
flywire_783_mb_left_kc512_s701,444,incoming_l1,role_shuffled,2,200,permuted_teacher,0.45226130653266333,0.11,2,False,True,1474,1474,1.081770709606991,7.771561172376096e-16,True,c0b169de9717e98916a8c441728939874d3887de27ba7a3c3ea3a29c11377967,3ea427a5f28db848caa16ca8ec9eb3806781099d04543b2fe74a726040de3422
flywire_783_mb_left_kc512_s701,444,incoming_l1,role_random,1,50,frozen,1.0,0.12,47,True,True,1474,0,0.0,0.0,True,2829ffc813f18911c3dcfe5cca32d77105bbd1d3df56a80c04afb158f7737214,2829ffc813f18911c3dcfe5cca32d77105bbd1d3df56a80c04afb158f7737214
flywire_783_mb_left_kc512_s701,444,incoming_l1,role_random,1,50,supervised,1.0,0.09,47,True,True,1474,1474,1.1561435339284125,3.3306690738754696e-16,True,2829ffc813f18911c3dcfe5cca32d77105bbd1d3df56a80c04afb158f7737214,f3ae9288384d586d35bcedbd289ebd1373f7f12c2300eb9a881af7c11afcdc69
flywire_783_mb_left_kc512_s701,444,incoming_l1,role_random,1,50,permuted_teacher,1.0,0.09,47,True,True,1474,1474,1.1340530616855249,3.3306690738754696e-16,True,2829ffc813f18911c3dcfe5cca32d77105bbd1d3df56a80c04afb158f7737214,e236671ffcde17f69aaddd4d8399ed212ea507ec21fbee33d18fb6ee8a7bf39d
flywire_783_mb_left_kc512_s701,444,incoming_l1,role_random,1,200,frozen,0.45226130653266333,0.1,5,False,True,1474,0,0.0,0.0,True,2829ffc813f18911c3dcfe5cca32d77105bbd1d3df56a80c04afb158f7737214,2829ffc813f18911c3dcfe5cca32d77105bbd1d3df56a80c04afb158f7737214
flywire_783_mb_left_kc512_s701,444,incoming_l1,role_random,1,200,supervised,0.4221105527638191,0.11,5,False,True,1474,1474,1.2505760631829763,3.3306690738754696e-16,True,2829ffc813f18911c3dcfe5cca32d77105bbd1d3df56a80c04afb158f7737214,e8f434c1aefd50fe584f9566fbbcc1d424416fe5cbd2fd1ba438ada5f1d09816
flywire_783_mb_left_kc512_s701,444,incoming_l1,role_random,1,200,permuted_teacher,0.457286432160804,0.09,5,False,True,1474,1474,1.1657855907088202,4.440892098500626e-16,True,2829ffc813f18911c3dcfe5cca32d77105bbd1d3df56a80c04afb158f7737214,e168b19361b64a7beae28a88dfadd7c6cbe48f4c383c61c6aece948c8ecdc4fb
flywire_783_mb_left_kc512_s701,444,incoming_l1,role_random,2,50,frozen,1.0,0.11,47,True,True,1474,0,0.0,0.0,True,2829ffc813f18911c3dcfe5cca32d77105bbd1d3df56a80c04afb158f7737214,2829ffc813f18911c3dcfe5cca32d77105bbd1d3df56a80c04afb158f7737214
flywire_783_mb_left_kc512_s701,444,incoming_l1,role_random,2,50,supervised,1.0,0.08,47,True,True,1474,1474,1.1416997766958625,4.440892098500626e-16,True,2829ffc813f18911c3dcfe5cca32d77105bbd1d3df56a80c04afb158f7737214,ed0940d7c520c9c81b82371d4b25cf27e9c72a666dbcaded031ef56febbac044
flywire_783_mb_left_kc512_s701,444,incoming_l1,role_random,2,50,permuted_teacher,1.0,0.1,47,True,True,1474,1474,1.1321977550645432,3.3306690738754696e-16,True,2829ffc813f18911c3dcfe5cca32d77105bbd1d3df56a80c04afb158f7737214,39e15836de51995d6c236870dcec41e5b3a81ed6ea50031a8af6315a506bbd7e
flywire_783_mb_left_kc512_s701,444,incoming_l1,role_random,2,200,frozen,0.4271356783919598,0.07,2,False,True,1474,0,0.0,0.0,True,2829ffc813f18911c3dcfe5cca32d77105bbd1d3df56a80c04afb158f7737214,2829ffc813f18911c3dcfe5cca32d77105bbd1d3df56a80c04afb158f7737214
flywire_783_mb_left_kc512_s701,444,incoming_l1,role_random,2,200,supervised,0.4321608040201005,0.1,0,False,True,1474,1474,1.2695937232349213,3.3306690738754696e-16,True,2829ffc813f18911c3dcfe5cca32d77105bbd1d3df56a80c04afb158f7737214,74c81f042859d8db687723680a86f610380c9ebe98327e663dff663b5acb55ea
flywire_783_mb_left_kc512_s701,444,incoming_l1,role_random,2,200,permuted_teacher,0.3969849246231156,0.12,0,False,True,1474,1474,1.1625105337030568,5.551115123125783e-16,True,2829ffc813f18911c3dcfe5cca32d77105bbd1d3df56a80c04afb158f7737214,3f30792babbda31e00fb12437c791885326c0ebf1df87b68c89b31fb79ecd28a
flywire_783_mb_left_kc512_s702,442,spectral,fly,1,50,frozen,1.0,0.11,47,True,True,1431,0,0.0,0.0,True,bab5e5454fcd56276ce61715151bfe0821c27b7128a2540e55b6ac95744c1e6d,bab5e5454fcd56276ce61715151bfe0821c27b7128a2540e55b6ac95744c1e6d
flywire_783_mb_left_kc512_s702,442,spectral,fly,1,50,supervised,1.0,0.11,47,True,True,1431,1429,1.1284275023740657,1.1102230246251565e-15,True,bab5e5454fcd56276ce61715151bfe0821c27b7128a2540e55b6ac95744c1e6d,f75aab6ce7b70e455afe051b77c98b67b8b96fac2bdc6981dc0890f746fbd5ab
flywire_783_mb_left_kc512_s702,442,spectral,fly,1,50,permuted_teacher,1.0,0.12,47,True,True,1431,1429,1.0940999128696878,2.220446049250313e-15,True,bab5e5454fcd56276ce61715151bfe0821c27b7128a2540e55b6ac95744c1e6d,39b2f3899eb74aff7f9fd3a4f5b4b49f2a334f2ed5f5f578f0102619ada92865
flywire_783_mb_left_kc512_s702,442,spectral,fly,1,200,frozen,0.4271356783919598,0.1,10,False,True,1431,0,0.0,0.0,True,bab5e5454fcd56276ce61715151bfe0821c27b7128a2540e55b6ac95744c1e6d,bab5e5454fcd56276ce61715151bfe0821c27b7128a2540e55b6ac95744c1e6d
flywire_783_mb_left_kc512_s702,442,spectral,fly,1,200,supervised,0.44221105527638194,0.06,10,False,True,1431,1429,1.0183701291039784,1.1102230246251565e-15,True,bab5e5454fcd56276ce61715151bfe0821c27b7128a2540e55b6ac95744c1e6d,5c11de5a9cdb80342e99d4f530b6af7ce9d4171f0cabe4c87bc748d05105d857
flywire_783_mb_left_kc512_s702,442,spectral,fly,1,200,permuted_teacher,0.4371859296482412,0.1,6,False,True,1431,1429,0.9927426415548323,4.440892098500626e-16,True,bab5e5454fcd56276ce61715151bfe0821c27b7128a2540e55b6ac95744c1e6d,77800b33bae6702f1bc969b30e5fdfb818ae4d67143eafc01331995ce4151388
flywire_783_mb_left_kc512_s702,442,spectral,fly,2,50,frozen,1.0,0.12,47,True,True,1431,0,0.0,0.0,True,bab5e5454fcd56276ce61715151bfe0821c27b7128a2540e55b6ac95744c1e6d,bab5e5454fcd56276ce61715151bfe0821c27b7128a2540e55b6ac95744c1e6d
flywire_783_mb_left_kc512_s702,442,spectral,fly,2,50,supervised,1.0,0.07,47,True,True,1431,1429,1.0789546565100712,1.7763568394002505e-15,True,bab5e5454fcd56276ce61715151bfe0821c27b7128a2540e55b6ac95744c1e6d,3559fbb8fc9142c58ee2c0aac5533cd5827a28de0494df97afa4d76920b4ee48
flywire_783_mb_left_kc512_s702,442,spectral,fly,2,50,permuted_teacher,1.0,0.08,47,True,True,1431,1430,1.057434501219772,2.6645352591003757e-15,True,bab5e5454fcd56276ce61715151bfe0821c27b7128a2540e55b6ac95744c1e6d,4d9266b8c220d79a4c6985764886e152763eae6de646baa9bd201d01a17d84e6
flywire_783_mb_left_kc512_s702,442,spectral,fly,2,200,frozen,0.40703517587939697,0.14,3,False,True,1431,0,0.0,0.0,True,bab5e5454fcd56276ce61715151bfe0821c27b7128a2540e55b6ac95744c1e6d,bab5e5454fcd56276ce61715151bfe0821c27b7128a2540e55b6ac95744c1e6d
flywire_783_mb_left_kc512_s702,442,spectral,fly,2,200,supervised,0.37185929648241206,0.13,1,False,True,1431,1429,1.0131623844235955,1.5543122344752192e-15,True,bab5e5454fcd56276ce61715151bfe0821c27b7128a2540e55b6ac95744c1e6d,dc1b6aa3e9b64841ecfac3d51a5f4130df3da92e459dd66a426e9f11997b3f3f
flywire_783_mb_left_kc512_s702,442,spectral,fly,2,200,permuted_teacher,0.4120603015075377,0.13,2,False,True,1431,1429,1.0035473928786738,1.5543122344752192e-15,True,bab5e5454fcd56276ce61715151bfe0821c27b7128a2540e55b6ac95744c1e6d,d81c15d81add64092db8831345ad6b3f4257c475302b69544bf89411906dd7ed
flywire_783_mb_left_kc512_s702,442,spectral,role_shuffled,1,50,frozen,1.0,0.09,47,True,True,1431,0,0.0,0.0,True,52df53145e585da078f569449d167f055561b5281f2d05d554ef5c117fe9252c,52df53145e585da078f569449d167f055561b5281f2d05d554ef5c117fe9252c
flywire_783_mb_left_kc512_s702,442,spectral,role_shuffled,1,50,supervised,1.0,0.1,47,True,True,1431,1430,1.0656513404509533,1.1102230246251565e-15,True,52df53145e585da078f569449d167f055561b5281f2d05d554ef5c117fe9252c,4abd8285b74e12ed9f1ffcfe168c5b5b717d4b4fb23fc4d45b5f2201c889bd93
flywire_783_mb_left_kc512_s702,442,spectral,role_shuffled,1,50,permuted_teacher,1.0,0.09,47,True,True,1431,1429,1.0862603837367577,8.881784197001252e-16,True,52df53145e585da078f569449d167f055561b5281f2d05d554ef5c117fe9252c,43e3c8d94dfb693c2292c419a1c092d5482cd8fd302601b1a36d017d487684c0
flywire_783_mb_left_kc512_s702,442,spectral,role_shuffled,1,200,frozen,0.41708542713567837,0.14,9,False,True,1431,0,0.0,0.0,True,52df53145e585da078f569449d167f055561b5281f2d05d554ef5c117fe9252c,52df53145e585da078f569449d167f055561b5281f2d05d554ef5c117fe9252c
flywire_783_mb_left_kc512_s702,442,spectral,role_shuffled,1,200,supervised,0.4020100502512563,0.12,8,False,True,1431,1430,1.0007420877287683,8.881784197001252e-16,True,52df53145e585da078f569449d167f055561b5281f2d05d554ef5c117fe9252c,71bbcb4558842abaffb158e885ce2b66e33120a51c9b8f588149a4e9438bbca1
flywire_783_mb_left_kc512_s702,442,spectral,role_shuffled,1,200,permuted_teacher,0.39195979899497485,0.13,9,False,True,1431,1430,1.015919416877997,1.1102230246251565e-15,True,52df53145e585da078f569449d167f055561b5281f2d05d554ef5c117fe9252c,7b15f9d8f7ffb8b4dd619ca95f6b11ab6ca79bed7601d8e4940e292cc99dd1a3
flywire_783_mb_left_kc512_s702,442,spectral,role_shuffled,2,50,frozen,1.0,0.13,47,True,True,1431,0,0.0,0.0,True,52df53145e585da078f569449d167f055561b5281f2d05d554ef5c117fe9252c,52df53145e585da078f569449d167f055561b5281f2d05d554ef5c117fe9252c
flywire_783_mb_left_kc512_s702,442,spectral,role_shuffled,2,50,supervised,1.0,0.1,47,True,True,1431,1430,1.0657719728943242,1.3322676295501878e-15,True,52df53145e585da078f569449d167f055561b5281f2d05d554ef5c117fe9252c,c03babaa71d626a9fb109362a0121ebe86419175675bd0b20c85100cf35b018e
flywire_783_mb_left_kc512_s702,442,spectral,role_shuffled,2,50,permuted_teacher,1.0,0.1,47,True,True,1431,1429,1.0737283527114927,1.1102230246251565e-15,True,52df53145e585da078f569449d167f055561b5281f2d05d554ef5c117fe9252c,32c58a45e738d07cc40291485027d140ddbe84a3cbce0051ae0007aedab255d5
flywire_783_mb_left_kc512_s702,442,spectral,role_shuffled,2,200,frozen,0.44221105527638194,0.15,2,False,True,1431,0,0.0,0.0,True,52df53145e585da078f569449d167f055561b5281f2d05d554ef5c117fe9252c,52df53145e585da078f569449d167f055561b5281f2d05d554ef5c117fe9252c
flywire_783_mb_left_kc512_s702,442,spectral,role_shuffled,2,200,supervised,0.39195979899497485,0.15,1,False,True,1431,1429,1.0127790352385113,1.3322676295501878e-15,True,52df53145e585da078f569449d167f055561b5281f2d05d554ef5c117fe9252c,b68f73a5e7d40870535284d4fb5caeaac0b6df0017a7a6d486a9c6d108e138b1
flywire_783_mb_left_kc512_s702,442,spectral,role_shuffled,2,200,permuted_teacher,0.3969849246231156,0.14,3,False,True,1431,1429,0.9848548278407302,8.881784197001252e-16,True,52df53145e585da078f569449d167f055561b5281f2d05d554ef5c117fe9252c,c7742313235b0b4c6efa7faed22e1c13e3521a61c866186d97f00485e665e982
flywire_783_mb_left_kc512_s702,442,spectral,role_random,1,50,frozen,1.0,0.07,47,True,True,1431,0,0.0,0.0,True,3b7c960f8ab356ce15e34af908cc678f426434b6ab0c9835689042fe20b648ce,3b7c960f8ab356ce15e34af908cc678f426434b6ab0c9835689042fe20b648ce
flywire_783_mb_left_kc512_s702,442,spectral,role_random,1,50,supervised,1.0,0.08,47,True,True,1431,1431,1.175156108628607,2.7755575615628914e-16,True,3b7c960f8ab356ce15e34af908cc678f426434b6ab0c9835689042fe20b648ce,b52f3f5ed29ca330b2d534917b5ba1baf8c505154d289035699b489809dbdbb8
flywire_783_mb_left_kc512_s702,442,spectral,role_random,1,50,permuted_teacher,1.0,0.08,47,True,True,1431,1431,1.1943540324798891,1.6653345369377348e-16,True,3b7c960f8ab356ce15e34af908cc678f426434b6ab0c9835689042fe20b648ce,dd391b6f2102d1d91386c28722e6e607ed960abf0a02464b6eab74842c12d1ef
flywire_783_mb_left_kc512_s702,442,spectral,role_random,1,200,frozen,0.33668341708542715,0.11,9,False,True,1431,0,0.0,0.0,True,3b7c960f8ab356ce15e34af908cc678f426434b6ab0c9835689042fe20b648ce,3b7c960f8ab356ce15e34af908cc678f426434b6ab0c9835689042fe20b648ce
flywire_783_mb_left_kc512_s702,442,spectral,role_random,1,200,supervised,0.36683417085427134,0.1,5,False,True,1431,1431,1.0700051278741833,2.220446049250313e-16,True,3b7c960f8ab356ce15e34af908cc678f426434b6ab0c9835689042fe20b648ce,eb2936dd993dd617babbe2c61c618b4591d6fd0cbc8a3352efe27788bd362f51
flywire_783_mb_left_kc512_s702,442,spectral,role_random,1,200,permuted_teacher,0.35678391959798994,0.12,9,False,True,1431,1431,1.0609927809792858,2.7755575615628914e-16,True,3b7c960f8ab356ce15e34af908cc678f426434b6ab0c9835689042fe20b648ce,b905223f56dfa2de13ddefd19107b3bbf4fa4f31a6a352e5ed10eae1706c41d0
flywire_783_mb_left_kc512_s702,442,spectral,role_random,2,50,frozen,1.0,0.11,47,True,True,1431,0,0.0,0.0,True,3b7c960f8ab356ce15e34af908cc678f426434b6ab0c9835689042fe20b648ce,3b7c960f8ab356ce15e34af908cc678f426434b6ab0c9835689042fe20b648ce
flywire_783_mb_left_kc512_s702,442,spectral,role_random,2,50,supervised,1.0,0.08,47,True,True,1431,1431,1.1692258274216067,2.7755575615628914e-16,True,3b7c960f8ab356ce15e34af908cc678f426434b6ab0c9835689042fe20b648ce,03bf5efc8fe9d822ec01db372dcdf57b161863cdce55eeeca312e59faa2c930d
flywire_783_mb_left_kc512_s702,442,spectral,role_random,2,50,permuted_teacher,1.0,0.1,47,True,True,1431,1431,1.201259188599124,2.220446049250313e-16,True,3b7c960f8ab356ce15e34af908cc678f426434b6ab0c9835689042fe20b648ce,e910592f7326525ce4d2cea61839a5c2022ca1b2cf95a8e05a5430586acaa968
flywire_783_mb_left_kc512_s702,442,spectral,role_random,2,200,frozen,0.3316582914572864,0.14,0,False,True,1431,0,0.0,0.0,True,3b7c960f8ab356ce15e34af908cc678f426434b6ab0c9835689042fe20b648ce,3b7c960f8ab356ce15e34af908cc678f426434b6ab0c9835689042fe20b648ce
flywire_783_mb_left_kc512_s702,442,spectral,role_random,2,200,supervised,0.3417085427135678,0.15,1,False,True,1431,1431,1.0836788679966665,2.7755575615628914e-16,True,3b7c960f8ab356ce15e34af908cc678f426434b6ab0c9835689042fe20b648ce,a1b60d7048a595e385805df069b7c9c103a5d583127db316bf3def820c01e659
flywire_783_mb_left_kc512_s702,442,spectral,role_random,2,200,permuted_teacher,0.31155778894472363,0.14,1,False,True,1431,1431,1.0891436699942147,2.220446049250313e-16,True,3b7c960f8ab356ce15e34af908cc678f426434b6ab0c9835689042fe20b648ce,d0d69b497c39baf5629eb5c5c7b987ad8231ef9c08e12cd27ea1295118fe6a8d
flywire_783_mb_left_kc512_s702,442,incoming_l1,fly,1,50,frozen,1.0,0.11,47,True,True,1431,0,0.0,0.0,True,b7e6183e2fa89b2dbe53ddbe059b4a1e8aba8103a525bb8586d9c109efd8c382,b7e6183e2fa89b2dbe53ddbe059b4a1e8aba8103a525bb8586d9c109efd8c382
flywire_783_mb_left_kc512_s702,442,incoming_l1,fly,1,50,supervised,1.0,0.12,47,True,True,1431,1429,0.9966858893211445,8.881784197001252e-16,True,b7e6183e2fa89b2dbe53ddbe059b4a1e8aba8103a525bb8586d9c109efd8c382,ec0aee440619d7193151f235f84bb29dcb6f710666248ba9c19b9b2001c4d2bd
flywire_783_mb_left_kc512_s702,442,incoming_l1,fly,1,50,permuted_teacher,1.0,0.12,47,True,True,1431,1429,0.9936948541117534,6.661338147750939e-16,True,b7e6183e2fa89b2dbe53ddbe059b4a1e8aba8103a525bb8586d9c109efd8c382,773985963c293859033b3401f50bdb21caf42ee99c96807e4cfe07c18ac93594
flywire_783_mb_left_kc512_s702,442,incoming_l1,fly,1,200,frozen,0.49748743718592964,0.11,9,False,True,1431,0,0.0,0.0,True,b7e6183e2fa89b2dbe53ddbe059b4a1e8aba8103a525bb8586d9c109efd8c382,b7e6183e2fa89b2dbe53ddbe059b4a1e8aba8103a525bb8586d9c109efd8c382
flywire_783_mb_left_kc512_s702,442,incoming_l1,fly,1,200,supervised,0.457286432160804,0.1,6,False,True,1431,1429,1.0198281128370652,5.551115123125783e-16,True,b7e6183e2fa89b2dbe53ddbe059b4a1e8aba8103a525bb8586d9c109efd8c382,17988d814052637ed3f536bb7ec93b1e62263063e78eb44c6075e88680738999
flywire_783_mb_left_kc512_s702,442,incoming_l1,fly,1,200,permuted_teacher,0.44221105527638194,0.13,9,False,True,1431,1429,0.9847452194060717,9.992007221626409e-16,True,b7e6183e2fa89b2dbe53ddbe059b4a1e8aba8103a525bb8586d9c109efd8c382,2f2c46c621823bd48525427ccdd471b4517a95feef77d5037daa373e0797a84b
flywire_783_mb_left_kc512_s702,442,incoming_l1,fly,2,50,frozen,1.0,0.16,47,True,True,1431,0,0.0,0.0,True,b7e6183e2fa89b2dbe53ddbe059b4a1e8aba8103a525bb8586d9c109efd8c382,b7e6183e2fa89b2dbe53ddbe059b4a1e8aba8103a525bb8586d9c109efd8c382
flywire_783_mb_left_kc512_s702,442,incoming_l1,fly,2,50,supervised,1.0,0.07,47,True,True,1431,1429,0.9703797678508226,3.3306690738754696e-16,True,b7e6183e2fa89b2dbe53ddbe059b4a1e8aba8103a525bb8586d9c109efd8c382,3756cde6a491849daa1ff63d4934811c0e097dce399034acce4071b0bec1a3b9
flywire_783_mb_left_kc512_s702,442,incoming_l1,fly,2,50,permuted_teacher,1.0,0.12,47,True,True,1431,1429,1.02641306376469,4.440892098500626e-16,True,b7e6183e2fa89b2dbe53ddbe059b4a1e8aba8103a525bb8586d9c109efd8c382,df6e245318624db7cd20699d4b8593a07528d8445220406a2f2c271d21bc7433
flywire_783_mb_left_kc512_s702,442,incoming_l1,fly,2,200,frozen,0.39195979899497485,0.11,1,False,True,1431,0,0.0,0.0,True,b7e6183e2fa89b2dbe53ddbe059b4a1e8aba8103a525bb8586d9c109efd8c382,b7e6183e2fa89b2dbe53ddbe059b4a1e8aba8103a525bb8586d9c109efd8c382
flywire_783_mb_left_kc512_s702,442,incoming_l1,fly,2,200,supervised,0.4321608040201005,0.14,1,False,True,1431,1429,1.0087005536412985,6.661338147750939e-16,True,b7e6183e2fa89b2dbe53ddbe059b4a1e8aba8103a525bb8586d9c109efd8c382,35bb56f4afcffe246bbff99945395c849025c491d80e29157771ebae6ae6a80d
flywire_783_mb_left_kc512_s702,442,incoming_l1,fly,2,200,permuted_teacher,0.4120603015075377,0.12,1,False,True,1431,1429,0.9710549023706744,6.661338147750939e-16,True,b7e6183e2fa89b2dbe53ddbe059b4a1e8aba8103a525bb8586d9c109efd8c382,43aab426a44a9d6ec9ef94968ef685c19022ee2bd10854ed21f3d9db6dce77cc
flywire_783_mb_left_kc512_s702,442,incoming_l1,role_shuffled,1,50,frozen,1.0,0.11,47,True,True,1431,0,0.0,0.0,True,3a9d0de4fb19ca1557121fbf9aa22bc77a5482da65878d5401477bc89f9df573,3a9d0de4fb19ca1557121fbf9aa22bc77a5482da65878d5401477bc89f9df573
flywire_783_mb_left_kc512_s702,442,incoming_l1,role_shuffled,1,50,supervised,1.0,0.13,47,True,True,1431,1430,0.983316444523501,6.661338147750939e-16,True,3a9d0de4fb19ca1557121fbf9aa22bc77a5482da65878d5401477bc89f9df573,7c7ceda26d3f0c38dd9913d45ba50c357a51a9000672b562166f4aead56b3d0c
flywire_783_mb_left_kc512_s702,442,incoming_l1,role_shuffled,1,50,permuted_teacher,1.0,0.13,47,True,True,1431,1430,1.1239511663037234,5.551115123125783e-16,True,3a9d0de4fb19ca1557121fbf9aa22bc77a5482da65878d5401477bc89f9df573,8542e7d52733ec6c2e56746c900805eb427bc8244eae16a0cf40061004a1bb87
flywire_783_mb_left_kc512_s702,442,incoming_l1,role_shuffled,1,200,frozen,0.44221105527638194,0.1,5,False,True,1431,0,0.0,0.0,True,3a9d0de4fb19ca1557121fbf9aa22bc77a5482da65878d5401477bc89f9df573,3a9d0de4fb19ca1557121fbf9aa22bc77a5482da65878d5401477bc89f9df573
flywire_783_mb_left_kc512_s702,442,incoming_l1,role_shuffled,1,200,supervised,0.46733668341708545,0.12,9,False,True,1431,1429,1.0016139012898506,6.661338147750939e-16,True,3a9d0de4fb19ca1557121fbf9aa22bc77a5482da65878d5401477bc89f9df573,9248601839702449d79d10bedd9edb120b88f6fcb77a9334f73168b1645f00a4
flywire_783_mb_left_kc512_s702,442,incoming_l1,role_shuffled,1,200,permuted_teacher,0.457286432160804,0.1,7,False,True,1431,1429,1.0026898971410236,6.661338147750939e-16,True,3a9d0de4fb19ca1557121fbf9aa22bc77a5482da65878d5401477bc89f9df573,5f94a68e487d2ca16ceb40b9c98daa303130896c157ee8c99871e0ea8c6fa34b
flywire_783_mb_left_kc512_s702,442,incoming_l1,role_shuffled,2,50,frozen,1.0,0.13,47,True,True,1431,0,0.0,0.0,True,3a9d0de4fb19ca1557121fbf9aa22bc77a5482da65878d5401477bc89f9df573,3a9d0de4fb19ca1557121fbf9aa22bc77a5482da65878d5401477bc89f9df573
flywire_783_mb_left_kc512_s702,442,incoming_l1,role_shuffled,2,50,supervised,1.0,0.12,47,True,True,1431,1429,1.0119099802543006,5.551115123125783e-16,True,3a9d0de4fb19ca1557121fbf9aa22bc77a5482da65878d5401477bc89f9df573,01b2aea543b194f50bdd363b7c406a7cc78dd0d8c45fd42460ec58a1247118d0
flywire_783_mb_left_kc512_s702,442,incoming_l1,role_shuffled,2,50,permuted_teacher,1.0,0.08,47,True,True,1431,1430,1.0952235627092761,8.881784197001252e-16,True,3a9d0de4fb19ca1557121fbf9aa22bc77a5482da65878d5401477bc89f9df573,14df9d34ba1b41d172d9f641b5cbcf460994340d1834624dc91c3b09883fa0ff
flywire_783_mb_left_kc512_s702,442,incoming_l1,role_shuffled,2,200,frozen,0.47738693467336685,0.13,2,False,True,1431,0,0.0,0.0,True,3a9d0de4fb19ca1557121fbf9aa22bc77a5482da65878d5401477bc89f9df573,3a9d0de4fb19ca1557121fbf9aa22bc77a5482da65878d5401477bc89f9df573
flywire_783_mb_left_kc512_s702,442,incoming_l1,role_shuffled,2,200,supervised,0.46733668341708545,0.12,2,False,True,1431,1430,1.0274269387502508,7.771561172376096e-16,True,3a9d0de4fb19ca1557121fbf9aa22bc77a5482da65878d5401477bc89f9df573,0981b5092a7f9d16312f86fc4efa76f75bdbc309665dc17a0867c37179b6e58a
flywire_783_mb_left_kc512_s702,442,incoming_l1,role_shuffled,2,200,permuted_teacher,0.4723618090452261,0.11,0,False,True,1431,1430,0.9452291492970889,3.3306690738754696e-16,True,3a9d0de4fb19ca1557121fbf9aa22bc77a5482da65878d5401477bc89f9df573,d1dded807d15ffb077f884350b1db4c0b2cc3e07469c2cc810a6b583ef7c3898
flywire_783_mb_left_kc512_s702,442,incoming_l1,role_random,1,50,frozen,1.0,0.1,47,True,True,1431,0,0.0,0.0,True,3512fd421ea13c2453e88ef9a3182cde7cb1107b1b0e911e885cae0577f60e50,3512fd421ea13c2453e88ef9a3182cde7cb1107b1b0e911e885cae0577f60e50
flywire_783_mb_left_kc512_s702,442,incoming_l1,role_random,1,50,supervised,1.0,0.08,47,True,True,1431,1431,1.145935109897573,6.661338147750939e-16,True,3512fd421ea13c2453e88ef9a3182cde7cb1107b1b0e911e885cae0577f60e50,90cefb9044e33ab1fcb2439da5476b54afabcfc158a45825d8bb6714d1fb8187
flywire_783_mb_left_kc512_s702,442,incoming_l1,role_random,1,50,permuted_teacher,1.0,0.09,47,True,True,1431,1431,1.1439916647919708,4.440892098500626e-16,True,3512fd421ea13c2453e88ef9a3182cde7cb1107b1b0e911e885cae0577f60e50,71d8ee675ac7d1cf1f9d73f0921c1dc13cba233e02fb4390c31034e68d736cf7
flywire_783_mb_left_kc512_s702,442,incoming_l1,role_random,1,200,frozen,0.4321608040201005,0.12,9,False,True,1431,0,0.0,0.0,True,3512fd421ea13c2453e88ef9a3182cde7cb1107b1b0e911e885cae0577f60e50,3512fd421ea13c2453e88ef9a3182cde7cb1107b1b0e911e885cae0577f60e50
flywire_783_mb_left_kc512_s702,442,incoming_l1,role_random,1,200,supervised,0.4221105527638191,0.11,5,False,True,1431,1431,1.0899350604168694,4.440892098500626e-16,True,3512fd421ea13c2453e88ef9a3182cde7cb1107b1b0e911e885cae0577f60e50,b1c9d93155a081443ab23e5f67322dfd547f26a11c9a1ca3f0ccb133b01b40b8
flywire_783_mb_left_kc512_s702,442,incoming_l1,role_random,1,200,permuted_teacher,0.4371859296482412,0.15,9,False,True,1431,1431,1.1014773274439271,2.220446049250313e-16,True,3512fd421ea13c2453e88ef9a3182cde7cb1107b1b0e911e885cae0577f60e50,82667977c576531c6419b8e82cba517f5b4fbef87dc517f807c4f8ea23f73210
flywire_783_mb_left_kc512_s702,442,incoming_l1,role_random,2,50,frozen,1.0,0.09,47,True,True,1431,0,0.0,0.0,True,3512fd421ea13c2453e88ef9a3182cde7cb1107b1b0e911e885cae0577f60e50,3512fd421ea13c2453e88ef9a3182cde7cb1107b1b0e911e885cae0577f60e50
flywire_783_mb_left_kc512_s702,442,incoming_l1,role_random,2,50,supervised,1.0,0.08,47,True,True,1431,1431,1.1250065386498163,4.440892098500626e-16,True,3512fd421ea13c2453e88ef9a3182cde7cb1107b1b0e911e885cae0577f60e50,e5e71aed565b6a2a164587c85d9db296077fb932d25bec70085b296cd64577e5
flywire_783_mb_left_kc512_s702,442,incoming_l1,role_random,2,50,permuted_teacher,1.0,0.13,47,True,True,1431,1431,1.1566704763176106,3.3306690738754696e-16,True,3512fd421ea13c2453e88ef9a3182cde7cb1107b1b0e911e885cae0577f60e50,3759a1e7062d373540b4c7e7b052f73f33d95b2bda943f7046df0c413bd1d392
flywire_783_mb_left_kc512_s702,442,incoming_l1,role_random,2,200,frozen,0.4321608040201005,0.12,1,False,True,1431,0,0.0,0.0,True,3512fd421ea13c2453e88ef9a3182cde7cb1107b1b0e911e885cae0577f60e50,3512fd421ea13c2453e88ef9a3182cde7cb1107b1b0e911e885cae0577f60e50
flywire_783_mb_left_kc512_s702,442,incoming_l1,role_random,2,200,supervised,0.40703517587939697,0.12,0,False,True,1431,1431,1.122203396831352,3.3306690738754696e-16,True,3512fd421ea13c2453e88ef9a3182cde7cb1107b1b0e911e885cae0577f60e50,8355285bceefb62b20870b5af6d38ddb93e3809cff26950bff3f3375c2038a36
flywire_783_mb_left_kc512_s702,442,incoming_l1,role_random,2,200,permuted_teacher,0.4271356783919598,0.14,2,False,True,1431,1431,1.1157082882007407,5.551115123125783e-16,True,3512fd421ea13c2453e88ef9a3182cde7cb1107b1b0e911e885cae0577f60e50,d722a86b7afdb8d56be42f92df92443d866da81693457ce0bfc3f52c3b964e6b
flywire_783_mb_left_kc512_s702,443,spectral,fly,1,50,frozen,1.0,0.11,47,True,True,1431,0,0.0,0.0,True,bab5e5454fcd56276ce61715151bfe0821c27b7128a2540e55b6ac95744c1e6d,bab5e5454fcd56276ce61715151bfe0821c27b7128a2540e55b6ac95744c1e6d
flywire_783_mb_left_kc512_s702,443,spectral,fly,1,50,supervised,1.0,0.09,47,True,True,1431,1429,1.0702711127162097,1.3322676295501878e-15,True,bab5e5454fcd56276ce61715151bfe0821c27b7128a2540e55b6ac95744c1e6d,1746784916a010b76940af5ddd0f9fdffeab32e66604be972ceac656ed8d5fc3
flywire_783_mb_left_kc512_s702,443,spectral,fly,1,50,permuted_teacher,1.0,0.13,47,True,True,1431,1430,1.0111723298749333,1.1102230246251565e-15,True,bab5e5454fcd56276ce61715151bfe0821c27b7128a2540e55b6ac95744c1e6d,5343fb6b780bc0fa809262eb592922e354e151e54db7c79da6ca32161f4dbd55
flywire_783_mb_left_kc512_s702,443,spectral,fly,1,200,frozen,0.38190954773869346,0.12,6,False,True,1431,0,0.0,0.0,True,bab5e5454fcd56276ce61715151bfe0821c27b7128a2540e55b6ac95744c1e6d,bab5e5454fcd56276ce61715151bfe0821c27b7128a2540e55b6ac95744c1e6d
flywire_783_mb_left_kc512_s702,443,spectral,fly,1,200,supervised,0.37185929648241206,0.12,5,False,True,1431,1429,1.1010835071353378,8.881784197001252e-16,True,bab5e5454fcd56276ce61715151bfe0821c27b7128a2540e55b6ac95744c1e6d,a78f16709d77481265f8e0874e9ae9d0c0df2fe77fceadba518ae3ad961b26ac
flywire_783_mb_left_kc512_s702,443,spectral,fly,1,200,permuted_teacher,0.4020100502512563,0.14,4,False,True,1431,1429,1.0744917207713844,1.3322676295501878e-15,True,bab5e5454fcd56276ce61715151bfe0821c27b7128a2540e55b6ac95744c1e6d,cf18ecbeeff78f23bbd92a5cc1cb2f29b290d9ca54dfea514c27ff376584b4c5
flywire_783_mb_left_kc512_s702,443,spectral,fly,2,50,frozen,1.0,0.13,47,True,True,1431,0,0.0,0.0,True,bab5e5454fcd56276ce61715151bfe0821c27b7128a2540e55b6ac95744c1e6d,bab5e5454fcd56276ce61715151bfe0821c27b7128a2540e55b6ac95744c1e6d
flywire_783_mb_left_kc512_s702,443,spectral,fly,2,50,supervised,1.0,0.11,47,True,True,1431,1429,1.0614399246914692,8.881784197001252e-16,True,bab5e5454fcd56276ce61715151bfe0821c27b7128a2540e55b6ac95744c1e6d,dd189e91b66bfd7747f532890f607d5614ae3cfb2dc8b5b7cca112dd7db8806a
flywire_783_mb_left_kc512_s702,443,spectral,fly,2,50,permuted_teacher,1.0,0.14,47,True,True,1431,1430,1.0145203117239394,1.1102230246251565e-15,True,bab5e5454fcd56276ce61715151bfe0821c27b7128a2540e55b6ac95744c1e6d,2b55c7fd3e0c80b3ea88f62f4de3b805d438b54abce80b4d026e1e14365ad061
flywire_783_mb_left_kc512_s702,443,spectral,fly,2,200,frozen,0.3869346733668342,0.16,2,False,True,1431,0,0.0,0.0,True,bab5e5454fcd56276ce61715151bfe0821c27b7128a2540e55b6ac95744c1e6d,bab5e5454fcd56276ce61715151bfe0821c27b7128a2540e55b6ac95744c1e6d
flywire_783_mb_left_kc512_s702,443,spectral,fly,2,200,supervised,0.38190954773869346,0.15,1,False,True,1431,1429,1.1556088077735915,1.5543122344752192e-15,True,bab5e5454fcd56276ce61715151bfe0821c27b7128a2540e55b6ac95744c1e6d,990e93b7133bf419f81918a4b1ba16084aa364ec30081e560b901f44fe50f52e
flywire_783_mb_left_kc512_s702,443,spectral,fly,2,200,permuted_teacher,0.4271356783919598,0.15,2,False,True,1431,1429,1.06163747280063,1.1102230246251565e-15,True,bab5e5454fcd56276ce61715151bfe0821c27b7128a2540e55b6ac95744c1e6d,ee5bb90259a89b5de1b1164b942bea7f1fdee4138491b7c795f00d73373c9bb3
flywire_783_mb_left_kc512_s702,443,spectral,role_shuffled,1,50,frozen,1.0,0.07,47,True,True,1431,0,0.0,0.0,True,6dc1e475e0dfa608c2aa1a2ca13bf980fe0e5a3ed5f564e23e0b03176fa64c42,6dc1e475e0dfa608c2aa1a2ca13bf980fe0e5a3ed5f564e23e0b03176fa64c42
flywire_783_mb_left_kc512_s702,443,spectral,role_shuffled,1,50,supervised,1.0,0.07,47,True,True,1431,1429,1.024821493885982,1.5543122344752192e-15,True,6dc1e475e0dfa608c2aa1a2ca13bf980fe0e5a3ed5f564e23e0b03176fa64c42,71a211f3ae0a19e3cdd072f569d46d741e4dddd3cbf2fb0fd27989cf4ae5d537
flywire_783_mb_left_kc512_s702,443,spectral,role_shuffled,1,50,permuted_teacher,1.0,0.07,47,True,True,1431,1430,1.021666379410595,1.5543122344752192e-15,True,6dc1e475e0dfa608c2aa1a2ca13bf980fe0e5a3ed5f564e23e0b03176fa64c42,d47f2230f0f7a6f5c70b3ac589c28c3f22081a2d8ff283f203cf922845d165c7
flywire_783_mb_left_kc512_s702,443,spectral,role_shuffled,1,200,frozen,0.4271356783919598,0.09,5,False,True,1431,0,0.0,0.0,True,6dc1e475e0dfa608c2aa1a2ca13bf980fe0e5a3ed5f564e23e0b03176fa64c42,6dc1e475e0dfa608c2aa1a2ca13bf980fe0e5a3ed5f564e23e0b03176fa64c42
flywire_783_mb_left_kc512_s702,443,spectral,role_shuffled,1,200,supervised,0.3969849246231156,0.09,5,False,True,1431,1429,1.0449133465809823,1.1102230246251565e-15,True,6dc1e475e0dfa608c2aa1a2ca13bf980fe0e5a3ed5f564e23e0b03176fa64c42,60d47335ca26bc4b0aae62b60dd8463c0528af5808a7e68755aef01b7e43e1b5
flywire_783_mb_left_kc512_s702,443,spectral,role_shuffled,1,200,permuted_teacher,0.44221105527638194,0.09,5,False,True,1431,1430,1.0528335258540134,1.3322676295501878e-15,True,6dc1e475e0dfa608c2aa1a2ca13bf980fe0e5a3ed5f564e23e0b03176fa64c42,5aa37dec35eac5637bfb598c2c65f0276cf1b608af42880049504cad0a6405e4
flywire_783_mb_left_kc512_s702,443,spectral,role_shuffled,2,50,frozen,1.0,0.11,47,True,True,1431,0,0.0,0.0,True,6dc1e475e0dfa608c2aa1a2ca13bf980fe0e5a3ed5f564e23e0b03176fa64c42,6dc1e475e0dfa608c2aa1a2ca13bf980fe0e5a3ed5f564e23e0b03176fa64c42
flywire_783_mb_left_kc512_s702,443,spectral,role_shuffled,2,50,supervised,1.0,0.07,47,True,True,1431,1429,1.0155091404674543,1.1102230246251565e-15,True,6dc1e475e0dfa608c2aa1a2ca13bf980fe0e5a3ed5f564e23e0b03176fa64c42,53d73bc475b12df76099e18823e3b07b28437927a613cb7602dde0ec69f55c8d
flywire_783_mb_left_kc512_s702,443,spectral,role_shuffled,2,50,permuted_teacher,1.0,0.1,47,True,True,1431,1429,0.9903237711452991,1.1102230246251565e-15,True,6dc1e475e0dfa608c2aa1a2ca13bf980fe0e5a3ed5f564e23e0b03176fa64c42,fc12d0d53fd511924577f971d74d3f3f9a46d3f733c61b10d872da14dcd2fdf9
flywire_783_mb_left_kc512_s702,443,spectral,role_shuffled,2,200,frozen,0.3969849246231156,0.15,1,False,True,1431,0,0.0,0.0,True,6dc1e475e0dfa608c2aa1a2ca13bf980fe0e5a3ed5f564e23e0b03176fa64c42,6dc1e475e0dfa608c2aa1a2ca13bf980fe0e5a3ed5f564e23e0b03176fa64c42
flywire_783_mb_left_kc512_s702,443,spectral,role_shuffled,2,200,supervised,0.3969849246231156,0.17,1,False,True,1431,1430,1.085956417111747,1.7763568394002505e-15,True,6dc1e475e0dfa608c2aa1a2ca13bf980fe0e5a3ed5f564e23e0b03176fa64c42,3d6a2d94878d2e2d2a8f19f82a623c551e457bdd2cbf10e4d885c3fd0ad8418b
flywire_783_mb_left_kc512_s702,443,spectral,role_shuffled,2,200,permuted_teacher,0.4321608040201005,0.14,2,False,True,1431,1430,1.0461467464868401,1.7763568394002505e-15,True,6dc1e475e0dfa608c2aa1a2ca13bf980fe0e5a3ed5f564e23e0b03176fa64c42,d104d4ee3d1c7d08bead2e5c039c8ccbbe8279304fef663d37ee4683b781aa98
flywire_783_mb_left_kc512_s702,443,spectral,role_random,1,50,frozen,1.0,0.08,47,True,True,1431,0,0.0,0.0,True,cb49c5ca1e06ba359e2b115efe9d9ab8b1b02b8e781c883a5febb35a46670dfd,cb49c5ca1e06ba359e2b115efe9d9ab8b1b02b8e781c883a5febb35a46670dfd
flywire_783_mb_left_kc512_s702,443,spectral,role_random,1,50,supervised,1.0,0.06,47,True,True,1431,1431,1.2502025746589465,1.6653345369377348e-16,True,cb49c5ca1e06ba359e2b115efe9d9ab8b1b02b8e781c883a5febb35a46670dfd,2cd6b13e9cf03d9218a33f41a33313b4074fd6c2782280027077db469b67a983
flywire_783_mb_left_kc512_s702,443,spectral,role_random,1,50,permuted_teacher,1.0,0.08,47,True,True,1431,1431,1.2487166890918588,3.3306690738754696e-16,True,cb49c5ca1e06ba359e2b115efe9d9ab8b1b02b8e781c883a5febb35a46670dfd,20b579c2d8d33575eba1ee61db9168f568f0a92eeef093d554d15bcfe1b6e864
flywire_783_mb_left_kc512_s702,443,spectral,role_random,1,200,frozen,0.37185929648241206,0.09,5,False,True,1431,0,0.0,0.0,True,cb49c5ca1e06ba359e2b115efe9d9ab8b1b02b8e781c883a5febb35a46670dfd,cb49c5ca1e06ba359e2b115efe9d9ab8b1b02b8e781c883a5febb35a46670dfd
flywire_783_mb_left_kc512_s702,443,spectral,role_random,1,200,supervised,0.3768844221105528,0.11,5,False,True,1431,1431,1.2378690767619338,2.220446049250313e-16,True,cb49c5ca1e06ba359e2b115efe9d9ab8b1b02b8e781c883a5febb35a46670dfd,c1f9271ab87b06f8c935aa02a3cef4ba93c2e9a0863b8acbaa20b8e28cece070
flywire_783_mb_left_kc512_s702,443,spectral,role_random,1,200,permuted_teacher,0.35175879396984927,0.1,3,False,True,1431,1431,1.2478975298239023,2.220446049250313e-16,True,cb49c5ca1e06ba359e2b115efe9d9ab8b1b02b8e781c883a5febb35a46670dfd,07fce2e716e7c19e772add8be35bc047e533096c091a39fdeffa3c416ad1d8a2
flywire_783_mb_left_kc512_s702,443,spectral,role_random,2,50,frozen,1.0,0.11,47,True,True,1431,0,0.0,0.0,True,cb49c5ca1e06ba359e2b115efe9d9ab8b1b02b8e781c883a5febb35a46670dfd,cb49c5ca1e06ba359e2b115efe9d9ab8b1b02b8e781c883a5febb35a46670dfd
flywire_783_mb_left_kc512_s702,443,spectral,role_random,2,50,supervised,1.0,0.09,47,True,True,1431,1431,1.2596475841929249,2.220446049250313e-16,True,cb49c5ca1e06ba359e2b115efe9d9ab8b1b02b8e781c883a5febb35a46670dfd,fdc7a2542f874813dbe2a0bb6ce47f04c8c76b17eb1b06fe5d5ea736756d86d0
flywire_783_mb_left_kc512_s702,443,spectral,role_random,2,50,permuted_teacher,1.0,0.11,47,True,True,1431,1431,1.2370065556141647,2.220446049250313e-16,True,cb49c5ca1e06ba359e2b115efe9d9ab8b1b02b8e781c883a5febb35a46670dfd,61372c81faef6670cbb654a0e2fb056e79bf8df7800b34e8c8781ea8c0fa2348
flywire_783_mb_left_kc512_s702,443,spectral,role_random,2,200,frozen,0.3768844221105528,0.17,2,False,True,1431,0,0.0,0.0,True,cb49c5ca1e06ba359e2b115efe9d9ab8b1b02b8e781c883a5febb35a46670dfd,cb49c5ca1e06ba359e2b115efe9d9ab8b1b02b8e781c883a5febb35a46670dfd
flywire_783_mb_left_kc512_s702,443,spectral,role_random,2,200,supervised,0.36180904522613067,0.16,2,False,True,1431,1431,1.2488762887303628,2.220446049250313e-16,True,cb49c5ca1e06ba359e2b115efe9d9ab8b1b02b8e781c883a5febb35a46670dfd,24fca6032c926ac2ef533d131387aa921b2fcf432623479450f9b4a2504210a6
flywire_783_mb_left_kc512_s702,443,spectral,role_random,2,200,permuted_teacher,0.37185929648241206,0.16,2,False,True,1431,1431,1.2196500079922188,1.6653345369377348e-16,True,cb49c5ca1e06ba359e2b115efe9d9ab8b1b02b8e781c883a5febb35a46670dfd,a68d3ae1c94e92eeb31bc5b2114ce4edad698497f3cd25702b125ffb68cd1761
flywire_783_mb_left_kc512_s702,443,incoming_l1,fly,1,50,frozen,1.0,0.09,47,True,True,1431,0,0.0,0.0,True,b7e6183e2fa89b2dbe53ddbe059b4a1e8aba8103a525bb8586d9c109efd8c382,b7e6183e2fa89b2dbe53ddbe059b4a1e8aba8103a525bb8586d9c109efd8c382
flywire_783_mb_left_kc512_s702,443,incoming_l1,fly,1,50,supervised,1.0,0.09,47,True,True,1431,1429,0.8628627534922712,7.771561172376096e-16,True,b7e6183e2fa89b2dbe53ddbe059b4a1e8aba8103a525bb8586d9c109efd8c382,0c9a672eb5c9826ef05d681aeed7478ed6cd37dd54494cafdf7aa6ae7b2e99e4
flywire_783_mb_left_kc512_s702,443,incoming_l1,fly,1,50,permuted_teacher,1.0,0.07,47,True,True,1431,1430,0.882602176031352,5.551115123125783e-16,True,b7e6183e2fa89b2dbe53ddbe059b4a1e8aba8103a525bb8586d9c109efd8c382,8380a4fd823a27a43b95bb90807e224c5e20b0e3e3cd59b02d9b46f845660394
flywire_783_mb_left_kc512_s702,443,incoming_l1,fly,1,200,frozen,0.4271356783919598,0.12,4,False,True,1431,0,0.0,0.0,True,b7e6183e2fa89b2dbe53ddbe059b4a1e8aba8103a525bb8586d9c109efd8c382,b7e6183e2fa89b2dbe53ddbe059b4a1e8aba8103a525bb8586d9c109efd8c382
flywire_783_mb_left_kc512_s702,443,incoming_l1,fly,1,200,supervised,0.4472361809045226,0.13,6,False,True,1431,1429,1.0890137152324628,7.771561172376096e-16,True,b7e6183e2fa89b2dbe53ddbe059b4a1e8aba8103a525bb8586d9c109efd8c382,18b080a2aa38ecda1413ae3c65dd1072c6286b4a336959e432056dde1518590e
flywire_783_mb_left_kc512_s702,443,incoming_l1,fly,1,200,permuted_teacher,0.3969849246231156,0.13,6,False,True,1431,1430,1.1067222931232836,7.771561172376096e-16,True,b7e6183e2fa89b2dbe53ddbe059b4a1e8aba8103a525bb8586d9c109efd8c382,984118fbdf3fa6c99682f3d99fe79eaff8d8af20b08e80da5a00864c921b8c6e
flywire_783_mb_left_kc512_s702,443,incoming_l1,fly,2,50,frozen,1.0,0.08,47,True,True,1431,0,0.0,0.0,True,b7e6183e2fa89b2dbe53ddbe059b4a1e8aba8103a525bb8586d9c109efd8c382,b7e6183e2fa89b2dbe53ddbe059b4a1e8aba8103a525bb8586d9c109efd8c382
flywire_783_mb_left_kc512_s702,443,incoming_l1,fly,2,50,supervised,1.0,0.06,47,True,True,1431,1429,0.8796545339262106,4.440892098500626e-16,True,b7e6183e2fa89b2dbe53ddbe059b4a1e8aba8103a525bb8586d9c109efd8c382,3a85abc3fe7e56f1b7919375876848a5a91e2fbab5fb082d70fffb129fc04159
flywire_783_mb_left_kc512_s702,443,incoming_l1,fly,2,50,permuted_teacher,1.0,0.09,47,True,True,1431,1429,0.8967693846878113,7.771561172376096e-16,True,b7e6183e2fa89b2dbe53ddbe059b4a1e8aba8103a525bb8586d9c109efd8c382,38393e2821a15e1645f113bc48d8f632b9e1ce4e2827b9cd7016244a0e40f769
flywire_783_mb_left_kc512_s702,443,incoming_l1,fly,2,200,frozen,0.41708542713567837,0.15,2,False,True,1431,0,0.0,0.0,True,b7e6183e2fa89b2dbe53ddbe059b4a1e8aba8103a525bb8586d9c109efd8c382,b7e6183e2fa89b2dbe53ddbe059b4a1e8aba8103a525bb8586d9c109efd8c382
flywire_783_mb_left_kc512_s702,443,incoming_l1,fly,2,200,supervised,0.3969849246231156,0.12,1,False,True,1431,1430,1.0644433080186644,5.551115123125783e-16,True,b7e6183e2fa89b2dbe53ddbe059b4a1e8aba8103a525bb8586d9c109efd8c382,8722ceb1a6605083aaecc7cc8d1c99d3e030abafa4b3b2b50f63f0d0d1a9410c
flywire_783_mb_left_kc512_s702,443,incoming_l1,fly,2,200,permuted_teacher,0.45226130653266333,0.13,1,False,True,1431,1430,1.1673851507177953,8.881784197001252e-16,True,b7e6183e2fa89b2dbe53ddbe059b4a1e8aba8103a525bb8586d9c109efd8c382,c45d5b715c34381eeb7debc83453729e4df50aa786f81ad4525d2fa45e721cc2
flywire_783_mb_left_kc512_s702,443,incoming_l1,role_shuffled,1,50,frozen,1.0,0.11,47,True,True,1431,0,0.0,0.0,True,9b66de26c764d237610372db5e1ead9415c62c335772a54ed16f51f1ccf4c119,9b66de26c764d237610372db5e1ead9415c62c335772a54ed16f51f1ccf4c119
flywire_783_mb_left_kc512_s702,443,incoming_l1,role_shuffled,1,50,supervised,1.0,0.1,47,True,True,1431,1430,1.0474715596499988,8.881784197001252e-16,True,9b66de26c764d237610372db5e1ead9415c62c335772a54ed16f51f1ccf4c119,96b7109a9fdc0cce824bebe7894115ab42c523582e7e66dd3239aecbcb22437c
flywire_783_mb_left_kc512_s702,443,incoming_l1,role_shuffled,1,50,permuted_teacher,1.0,0.09,47,True,True,1431,1429,1.0911471344901345,7.771561172376096e-16,True,9b66de26c764d237610372db5e1ead9415c62c335772a54ed16f51f1ccf4c119,cb07c9719703852313f150f7c45dedff14cc293b1f893df2157cee06b0315477
flywire_783_mb_left_kc512_s702,443,incoming_l1,role_shuffled,1,200,frozen,0.49246231155778897,0.1,6,False,True,1431,0,0.0,0.0,True,9b66de26c764d237610372db5e1ead9415c62c335772a54ed16f51f1ccf4c119,9b66de26c764d237610372db5e1ead9415c62c335772a54ed16f51f1ccf4c119
flywire_783_mb_left_kc512_s702,443,incoming_l1,role_shuffled,1,200,supervised,0.49748743718592964,0.11,6,False,True,1431,1429,1.0730113520881694,8.881784197001252e-16,True,9b66de26c764d237610372db5e1ead9415c62c335772a54ed16f51f1ccf4c119,fadd99fb2fab3599e939c4f89cecebf54d60c438c796b2dd137deffb59def438
flywire_783_mb_left_kc512_s702,443,incoming_l1,role_shuffled,1,200,permuted_teacher,0.507537688442211,0.11,5,False,True,1431,1430,1.0913052933462262,8.881784197001252e-16,True,9b66de26c764d237610372db5e1ead9415c62c335772a54ed16f51f1ccf4c119,41f2d4f5785d6b2ef0d661c8ce47f86d71362f03e1c676dc235256e93dc5a99d
flywire_783_mb_left_kc512_s702,443,incoming_l1,role_shuffled,2,50,frozen,1.0,0.15,47,True,True,1431,0,0.0,0.0,True,9b66de26c764d237610372db5e1ead9415c62c335772a54ed16f51f1ccf4c119,9b66de26c764d237610372db5e1ead9415c62c335772a54ed16f51f1ccf4c119
flywire_783_mb_left_kc512_s702,443,incoming_l1,role_shuffled,2,50,supervised,1.0,0.1,47,True,True,1431,1429,1.056581665642685,4.440892098500626e-16,True,9b66de26c764d237610372db5e1ead9415c62c335772a54ed16f51f1ccf4c119,55672c756ffc09f3a0e0f0f5165d0b6432e23ef8a72e8cbec7d818c1b43e4a52
flywire_783_mb_left_kc512_s702,443,incoming_l1,role_shuffled,2,50,permuted_teacher,1.0,0.1,47,True,True,1431,1429,1.0550396151233974,6.661338147750939e-16,True,9b66de26c764d237610372db5e1ead9415c62c335772a54ed16f51f1ccf4c119,622d290000cd34da43fdd43365db7c630b08c286794c2b335323fdd87af2b4f8
flywire_783_mb_left_kc512_s702,443,incoming_l1,role_shuffled,2,200,frozen,0.5175879396984925,0.14,2,False,True,1431,0,0.0,0.0,True,9b66de26c764d237610372db5e1ead9415c62c335772a54ed16f51f1ccf4c119,9b66de26c764d237610372db5e1ead9415c62c335772a54ed16f51f1ccf4c119
flywire_783_mb_left_kc512_s702,443,incoming_l1,role_shuffled,2,200,supervised,0.49246231155778897,0.11,2,False,True,1431,1431,1.107376280605546,3.3306690738754696e-16,True,9b66de26c764d237610372db5e1ead9415c62c335772a54ed16f51f1ccf4c119,b7e3c79d65cbe4747afd940377a5119356d81f4a571a8c5709ceba351c9473fa
flywire_783_mb_left_kc512_s702,443,incoming_l1,role_shuffled,2,200,permuted_teacher,0.46733668341708545,0.1,1,False,True,1431,1429,1.0865847294525046,7.771561172376096e-16,True,9b66de26c764d237610372db5e1ead9415c62c335772a54ed16f51f1ccf4c119,fe70c3863bac078ad8e0b22e02cff7808002f1ad2a530be355b8839c23a25f5c
flywire_783_mb_left_kc512_s702,443,incoming_l1,role_random,1,50,frozen,1.0,0.07,47,True,True,1431,0,0.0,0.0,True,9b2006238ae80d6632a9e546c228429de1a67aeffce34240b6998096e24ea7c5,9b2006238ae80d6632a9e546c228429de1a67aeffce34240b6998096e24ea7c5
flywire_783_mb_left_kc512_s702,443,incoming_l1,role_random,1,50,supervised,1.0,0.07,47,True,True,1431,1431,1.1610237815193882,2.220446049250313e-16,True,9b2006238ae80d6632a9e546c228429de1a67aeffce34240b6998096e24ea7c5,0f1dfdd7e60df1bd410a884c3bc8fb8fb60d286ceeca5dea9dc12b93e52d9b21
flywire_783_mb_left_kc512_s702,443,incoming_l1,role_random,1,50,permuted_teacher,1.0,0.08,47,True,True,1431,1431,1.1455091443739756,2.220446049250313e-16,True,9b2006238ae80d6632a9e546c228429de1a67aeffce34240b6998096e24ea7c5,3fcc41f2e6c52e4a9144ef4f93de01bd75fb94bde120a9967ab81492272127f2
flywire_783_mb_left_kc512_s702,443,incoming_l1,role_random,1,200,frozen,0.4371859296482412,0.13,5,False,True,1431,0,0.0,0.0,True,9b2006238ae80d6632a9e546c228429de1a67aeffce34240b6998096e24ea7c5,9b2006238ae80d6632a9e546c228429de1a67aeffce34240b6998096e24ea7c5
flywire_783_mb_left_kc512_s702,443,incoming_l1,role_random,1,200,supervised,0.44221105527638194,0.12,9,False,True,1431,1431,1.206545410772778,3.3306690738754696e-16,True,9b2006238ae80d6632a9e546c228429de1a67aeffce34240b6998096e24ea7c5,17a5481f651fd11abc8c2a0e373ed2a4f3aba4be43cae1ba35b22a51a0696611
flywire_783_mb_left_kc512_s702,443,incoming_l1,role_random,1,200,permuted_teacher,0.4271356783919598,0.11,9,False,True,1431,1431,1.2103858406647554,3.3306690738754696e-16,True,9b2006238ae80d6632a9e546c228429de1a67aeffce34240b6998096e24ea7c5,3d857b8b9b13c4c65153379c27bfe4dd03df328f0d67f60cd7c6c182dbf91d85
flywire_783_mb_left_kc512_s702,443,incoming_l1,role_random,2,50,frozen,1.0,0.11,47,True,True,1431,0,0.0,0.0,True,9b2006238ae80d6632a9e546c228429de1a67aeffce34240b6998096e24ea7c5,9b2006238ae80d6632a9e546c228429de1a67aeffce34240b6998096e24ea7c5
flywire_783_mb_left_kc512_s702,443,incoming_l1,role_random,2,50,supervised,1.0,0.1,47,True,True,1431,1431,1.1569198153187492,7.771561172376096e-16,True,9b2006238ae80d6632a9e546c228429de1a67aeffce34240b6998096e24ea7c5,d8601877bf6996f24ade036df729cd916d224916e471ef7b964e3495dabffcb1
flywire_783_mb_left_kc512_s702,443,incoming_l1,role_random,2,50,permuted_teacher,1.0,0.1,47,True,True,1431,1431,1.149024032311343,4.440892098500626e-16,True,9b2006238ae80d6632a9e546c228429de1a67aeffce34240b6998096e24ea7c5,710e78c6c13131c28f8b418e3273f0309532e3742db52baf9453780eaaf26f32
flywire_783_mb_left_kc512_s702,443,incoming_l1,role_random,2,200,frozen,0.4623115577889447,0.11,2,False,True,1431,0,0.0,0.0,True,9b2006238ae80d6632a9e546c228429de1a67aeffce34240b6998096e24ea7c5,9b2006238ae80d6632a9e546c228429de1a67aeffce34240b6998096e24ea7c5
flywire_783_mb_left_kc512_s702,443,incoming_l1,role_random,2,200,supervised,0.45226130653266333,0.09,2,False,True,1431,1431,1.2223698029954622,3.3306690738754696e-16,True,9b2006238ae80d6632a9e546c228429de1a67aeffce34240b6998096e24ea7c5,86648b719bbc5638158ccf77d69795f4da9118105156e2c2278eb8629d279346
flywire_783_mb_left_kc512_s702,443,incoming_l1,role_random,2,200,permuted_teacher,0.45226130653266333,0.11,2,False,True,1431,1431,1.1685239757976498,4.440892098500626e-16,True,9b2006238ae80d6632a9e546c228429de1a67aeffce34240b6998096e24ea7c5,1eadcf6a0b1b714bc580d944ba13458b808b1bd66b15b61f444a55ec7859a5b6
flywire_783_mb_left_kc512_s702,444,spectral,fly,1,50,frozen,1.0,0.12,47,True,True,1431,0,0.0,0.0,True,bab5e5454fcd56276ce61715151bfe0821c27b7128a2540e55b6ac95744c1e6d,bab5e5454fcd56276ce61715151bfe0821c27b7128a2540e55b6ac95744c1e6d
flywire_783_mb_left_kc512_s702,444,spectral,fly,1,50,supervised,1.0,0.1,47,True,True,1431,1430,1.2673376284285085,8.881784197001252e-16,True,bab5e5454fcd56276ce61715151bfe0821c27b7128a2540e55b6ac95744c1e6d,f715559c537cefba5b3a78dd97ca180c323175283129494aece857eff3289d0a
flywire_783_mb_left_kc512_s702,444,spectral,fly,1,50,permuted_teacher,1.0,0.08,47,True,True,1431,1429,1.1084800658450678,1.5543122344752192e-15,True,bab5e5454fcd56276ce61715151bfe0821c27b7128a2540e55b6ac95744c1e6d,ba0694f7bb901abe60c690db00c2dd67cc086b25c3450a2e9886b48f3c257527
flywire_783_mb_left_kc512_s702,444,spectral,fly,1,200,frozen,0.3869346733668342,0.09,6,False,True,1431,0,0.0,0.0,True,bab5e5454fcd56276ce61715151bfe0821c27b7128a2540e55b6ac95744c1e6d,bab5e5454fcd56276ce61715151bfe0821c27b7128a2540e55b6ac95744c1e6d
flywire_783_mb_left_kc512_s702,444,spectral,fly,1,200,supervised,0.38190954773869346,0.1,5,False,True,1431,1429,1.0856264329768346,6.661338147750939e-16,True,bab5e5454fcd56276ce61715151bfe0821c27b7128a2540e55b6ac95744c1e6d,9e9280a99f589619ec13f1544c17a46a33a0edd3ad6160d9a36bea88dd3d2b93
flywire_783_mb_left_kc512_s702,444,spectral,fly,1,200,permuted_teacher,0.38190954773869346,0.12,5,False,True,1431,1429,1.1606517315394538,1.7763568394002505e-15,True,bab5e5454fcd56276ce61715151bfe0821c27b7128a2540e55b6ac95744c1e6d,09787aefeb9f58c8bc7ce877b360d7a71e8f99f185c552ddf01439c97fb053c2
flywire_783_mb_left_kc512_s702,444,spectral,fly,2,50,frozen,1.0,0.11,47,True,True,1431,0,0.0,0.0,True,bab5e5454fcd56276ce61715151bfe0821c27b7128a2540e55b6ac95744c1e6d,bab5e5454fcd56276ce61715151bfe0821c27b7128a2540e55b6ac95744c1e6d
flywire_783_mb_left_kc512_s702,444,spectral,fly,2,50,supervised,1.0,0.14,47,True,True,1431,1429,1.1586814148060987,1.3322676295501878e-15,True,bab5e5454fcd56276ce61715151bfe0821c27b7128a2540e55b6ac95744c1e6d,2c8b478a456ab828038eed6c94014bd34d6992826ce021fd7d79a3510896cc4b
flywire_783_mb_left_kc512_s702,444,spectral,fly,2,50,permuted_teacher,1.0,0.11,47,True,True,1431,1429,1.1228753670118496,8.881784197001252e-16,True,bab5e5454fcd56276ce61715151bfe0821c27b7128a2540e55b6ac95744c1e6d,6eee1ed4205ceb3922849029d94b360a8e03b77dd4e999f7f6d55925669e2699
flywire_783_mb_left_kc512_s702,444,spectral,fly,2,200,frozen,0.39195979899497485,0.12,1,False,True,1431,0,0.0,0.0,True,bab5e5454fcd56276ce61715151bfe0821c27b7128a2540e55b6ac95744c1e6d,bab5e5454fcd56276ce61715151bfe0821c27b7128a2540e55b6ac95744c1e6d
flywire_783_mb_left_kc512_s702,444,spectral,fly,2,200,supervised,0.4221105527638191,0.12,1,False,True,1431,1429,1.0715977835177275,1.1102230246251565e-15,True,bab5e5454fcd56276ce61715151bfe0821c27b7128a2540e55b6ac95744c1e6d,889a9d6633b34b74a3000bcfbfa7c700dee65b3fcca24964be9b42031fe288a0
flywire_783_mb_left_kc512_s702,444,spectral,fly,2,200,permuted_teacher,0.40703517587939697,0.1,2,False,True,1431,1429,1.1119229558640489,1.5543122344752192e-15,True,bab5e5454fcd56276ce61715151bfe0821c27b7128a2540e55b6ac95744c1e6d,6f9a5040920de0cebe5bdc9f01c423be90e85eb5606f14493f038b220c8ddb89
flywire_783_mb_left_kc512_s702,444,spectral,role_shuffled,1,50,frozen,1.0,0.06,47,True,True,1431,0,0.0,0.0,True,6f29d8d733f17f927f30290d4d6c1e6fd3c8b17a46d2fbdda6e2f257ecd4ef4c,6f29d8d733f17f927f30290d4d6c1e6fd3c8b17a46d2fbdda6e2f257ecd4ef4c
flywire_783_mb_left_kc512_s702,444,spectral,role_shuffled,1,50,supervised,1.0,0.08,47,True,True,1431,1430,1.2234321220633486,1.1102230246251565e-15,True,6f29d8d733f17f927f30290d4d6c1e6fd3c8b17a46d2fbdda6e2f257ecd4ef4c,105680a35a4f5d2d1fcd79300dc576297eb2a0e510647e46a968d632221c906f
flywire_783_mb_left_kc512_s702,444,spectral,role_shuffled,1,50,permuted_teacher,1.0,0.07,47,True,True,1431,1429,1.1657204021308014,1.3322676295501878e-15,True,6f29d8d733f17f927f30290d4d6c1e6fd3c8b17a46d2fbdda6e2f257ecd4ef4c,0e0d2ca4e5a047d047d07baacfb8f99f54d20d2d95dc60c80f47bdd36fddf23c
flywire_783_mb_left_kc512_s702,444,spectral,role_shuffled,1,200,frozen,0.4723618090452261,0.12,9,False,True,1431,0,0.0,0.0,True,6f29d8d733f17f927f30290d4d6c1e6fd3c8b17a46d2fbdda6e2f257ecd4ef4c,6f29d8d733f17f927f30290d4d6c1e6fd3c8b17a46d2fbdda6e2f257ecd4ef4c
flywire_783_mb_left_kc512_s702,444,spectral,role_shuffled,1,200,supervised,0.4623115577889447,0.13,6,False,True,1431,1430,1.1240925766895915,8.881784197001252e-16,True,6f29d8d733f17f927f30290d4d6c1e6fd3c8b17a46d2fbdda6e2f257ecd4ef4c,0ccab90db335cf8d47b05669a411585ff675fb3a9c0f59c990942b7c3cacdab7
flywire_783_mb_left_kc512_s702,444,spectral,role_shuffled,1,200,permuted_teacher,0.4271356783919598,0.09,5,False,True,1431,1429,1.131392955829849,2.4424906541753444e-15,True,6f29d8d733f17f927f30290d4d6c1e6fd3c8b17a46d2fbdda6e2f257ecd4ef4c,88f04b1fe02e68dedea5dbf133c633e291c087f65e3dc2958745d03d6dd77851
flywire_783_mb_left_kc512_s702,444,spectral,role_shuffled,2,50,frozen,1.0,0.08,47,True,True,1431,0,0.0,0.0,True,6f29d8d733f17f927f30290d4d6c1e6fd3c8b17a46d2fbdda6e2f257ecd4ef4c,6f29d8d733f17f927f30290d4d6c1e6fd3c8b17a46d2fbdda6e2f257ecd4ef4c
flywire_783_mb_left_kc512_s702,444,spectral,role_shuffled,2,50,supervised,1.0,0.11,47,True,True,1431,1429,1.1494639838071092,1.7763568394002505e-15,True,6f29d8d733f17f927f30290d4d6c1e6fd3c8b17a46d2fbdda6e2f257ecd4ef4c,663566119b0d255cfae95e2d7befb526e77567d6e8512d99b674aaad0c41c670
flywire_783_mb_left_kc512_s702,444,spectral,role_shuffled,2,50,permuted_teacher,1.0,0.07,47,True,True,1431,1429,1.1518704129265789,1.7763568394002505e-15,True,6f29d8d733f17f927f30290d4d6c1e6fd3c8b17a46d2fbdda6e2f257ecd4ef4c,de95443d9aa8828e8cae8290724c8097d08e9cd77bf49d749362b96c9ed2364d
flywire_783_mb_left_kc512_s702,444,spectral,role_shuffled,2,200,frozen,0.4020100502512563,0.16,2,False,True,1431,0,0.0,0.0,True,6f29d8d733f17f927f30290d4d6c1e6fd3c8b17a46d2fbdda6e2f257ecd4ef4c,6f29d8d733f17f927f30290d4d6c1e6fd3c8b17a46d2fbdda6e2f257ecd4ef4c
flywire_783_mb_left_kc512_s702,444,spectral,role_shuffled,2,200,supervised,0.40703517587939697,0.15,2,False,True,1431,1429,1.1727526474979837,1.3322676295501878e-15,True,6f29d8d733f17f927f30290d4d6c1e6fd3c8b17a46d2fbdda6e2f257ecd4ef4c,1980958e04212dddbdc87a023c7162a2a1c5b2a06a2c253863edee7a3c2f2ffc
flywire_783_mb_left_kc512_s702,444,spectral,role_shuffled,2,200,permuted_teacher,0.4120603015075377,0.13,3,False,True,1431,1430,1.1273849507881775,1.3322676295501878e-15,True,6f29d8d733f17f927f30290d4d6c1e6fd3c8b17a46d2fbdda6e2f257ecd4ef4c,022d0dfde973308bae4789e6c4f30bebc40b01d40907d3510c38f5dfbf000eb0
flywire_783_mb_left_kc512_s702,444,spectral,role_random,1,50,frozen,1.0,0.09,47,True,True,1431,0,0.0,0.0,True,221046f971f91f15b04fa347e395577730b005c0e309c6dd09dfc51a03a6d1d4,221046f971f91f15b04fa347e395577730b005c0e309c6dd09dfc51a03a6d1d4
flywire_783_mb_left_kc512_s702,444,spectral,role_random,1,50,supervised,1.0,0.09,47,True,True,1431,1431,1.323714181588472,3.3306690738754696e-16,True,221046f971f91f15b04fa347e395577730b005c0e309c6dd09dfc51a03a6d1d4,f5b7854354d6a76f7c07141afd7b29687a78988f9ed4fce9015b1d28f59e6f49
flywire_783_mb_left_kc512_s702,444,spectral,role_random,1,50,permuted_teacher,1.0,0.09,47,True,True,1431,1431,1.303929201488315,3.885780586188048e-16,True,221046f971f91f15b04fa347e395577730b005c0e309c6dd09dfc51a03a6d1d4,1c87cdb3212f3ba9fbdd3de562359200dcf9e4cb81f02863ab001ea9d2602bb0
flywire_783_mb_left_kc512_s702,444,spectral,role_random,1,200,frozen,0.3316582914572864,0.1,5,False,True,1431,0,0.0,0.0,True,221046f971f91f15b04fa347e395577730b005c0e309c6dd09dfc51a03a6d1d4,221046f971f91f15b04fa347e395577730b005c0e309c6dd09dfc51a03a6d1d4
flywire_783_mb_left_kc512_s702,444,spectral,role_random,1,200,supervised,0.33668341708542715,0.1,5,False,True,1431,1431,1.2529420824024102,2.7755575615628914e-16,True,221046f971f91f15b04fa347e395577730b005c0e309c6dd09dfc51a03a6d1d4,4d87a65de282ff0d1b5ba893e67c1b9110511b6949e5bf341043030bca759d8a
flywire_783_mb_left_kc512_s702,444,spectral,role_random,1,200,permuted_teacher,0.35678391959798994,0.1,9,False,True,1431,1431,1.20751422036821,4.996003610813204e-16,True,221046f971f91f15b04fa347e395577730b005c0e309c6dd09dfc51a03a6d1d4,a08e8f5756683c8fb3467681b97a7ab6d4f8da5c07b5daf0aa2e43a4ddf0ccd5
flywire_783_mb_left_kc512_s702,444,spectral,role_random,2,50,frozen,1.0,0.1,47,True,True,1431,0,0.0,0.0,True,221046f971f91f15b04fa347e395577730b005c0e309c6dd09dfc51a03a6d1d4,221046f971f91f15b04fa347e395577730b005c0e309c6dd09dfc51a03a6d1d4
flywire_783_mb_left_kc512_s702,444,spectral,role_random,2,50,supervised,1.0,0.09,47,True,True,1431,1431,1.3212251115338807,2.220446049250313e-16,True,221046f971f91f15b04fa347e395577730b005c0e309c6dd09dfc51a03a6d1d4,554411413d859af35fc116b317fbc10c453f5ea2644c5b68443b54292a060583
flywire_783_mb_left_kc512_s702,444,spectral,role_random,2,50,permuted_teacher,1.0,0.09,47,True,True,1431,1431,1.292506388071832,2.7755575615628914e-16,True,221046f971f91f15b04fa347e395577730b005c0e309c6dd09dfc51a03a6d1d4,a4f5b5752671b45c4c0bf9df2b46c87d0e9d4b5861d15ca4b120cc5ee20af86e
flywire_783_mb_left_kc512_s702,444,spectral,role_random,2,200,frozen,0.33668341708542715,0.12,3,False,True,1431,0,0.0,0.0,True,221046f971f91f15b04fa347e395577730b005c0e309c6dd09dfc51a03a6d1d4,221046f971f91f15b04fa347e395577730b005c0e309c6dd09dfc51a03a6d1d4
flywire_783_mb_left_kc512_s702,444,spectral,role_random,2,200,supervised,0.35175879396984927,0.14,2,False,True,1431,1431,1.2474715564471666,1.6653345369377348e-16,True,221046f971f91f15b04fa347e395577730b005c0e309c6dd09dfc51a03a6d1d4,d4365f6e2ee127cdce5317981835a2b10b8fc5116ddd305ed894fb3529aefd27
flywire_783_mb_left_kc512_s702,444,spectral,role_random,2,200,permuted_teacher,0.34673366834170855,0.11,2,False,True,1431,1431,1.2175977277483296,2.7755575615628914e-16,True,221046f971f91f15b04fa347e395577730b005c0e309c6dd09dfc51a03a6d1d4,ff4ea7c4c74fc0bc3b508c5408d7af54a02b7a74dca74141b32e22d91dd94f0c
flywire_783_mb_left_kc512_s702,444,incoming_l1,fly,1,50,frozen,1.0,0.11,47,True,True,1431,0,0.0,0.0,True,b7e6183e2fa89b2dbe53ddbe059b4a1e8aba8103a525bb8586d9c109efd8c382,b7e6183e2fa89b2dbe53ddbe059b4a1e8aba8103a525bb8586d9c109efd8c382
flywire_783_mb_left_kc512_s702,444,incoming_l1,fly,1,50,supervised,1.0,0.11,47,True,True,1431,1430,0.9802144468089999,9.992007221626409e-16,True,b7e6183e2fa89b2dbe53ddbe059b4a1e8aba8103a525bb8586d9c109efd8c382,1150e98f930ce79d851acaf9c0ad99e3a0e81cac5399231b268b30c51eacbaed
flywire_783_mb_left_kc512_s702,444,incoming_l1,fly,1,50,permuted_teacher,1.0,0.1,47,True,True,1431,1429,0.9067512196604084,4.440892098500626e-16,True,b7e6183e2fa89b2dbe53ddbe059b4a1e8aba8103a525bb8586d9c109efd8c382,abf032674daab5344c93899e5e8cd5485b84509041774a1017d69583e02e9b8f
flywire_783_mb_left_kc512_s702,444,incoming_l1,fly,1,200,frozen,0.39195979899497485,0.1,9,False,True,1431,0,0.0,0.0,True,b7e6183e2fa89b2dbe53ddbe059b4a1e8aba8103a525bb8586d9c109efd8c382,b7e6183e2fa89b2dbe53ddbe059b4a1e8aba8103a525bb8586d9c109efd8c382
flywire_783_mb_left_kc512_s702,444,incoming_l1,fly,1,200,supervised,0.4020100502512563,0.12,8,False,True,1431,1429,0.9282853511810616,7.771561172376096e-16,True,b7e6183e2fa89b2dbe53ddbe059b4a1e8aba8103a525bb8586d9c109efd8c382,415f1eaf6bbd85d0b7ea439182a663aad304c00299e85ea7bfa0d540e491cf89
flywire_783_mb_left_kc512_s702,444,incoming_l1,fly,1,200,permuted_teacher,0.3969849246231156,0.11,5,False,True,1431,1429,0.9934836858046987,7.771561172376096e-16,True,b7e6183e2fa89b2dbe53ddbe059b4a1e8aba8103a525bb8586d9c109efd8c382,0f7810934bfa868eccbaad05096aae833b6c1c8a9ec737426729342d4caf21fc
flywire_783_mb_left_kc512_s702,444,incoming_l1,fly,2,50,frozen,1.0,0.11,47,True,True,1431,0,0.0,0.0,True,b7e6183e2fa89b2dbe53ddbe059b4a1e8aba8103a525bb8586d9c109efd8c382,b7e6183e2fa89b2dbe53ddbe059b4a1e8aba8103a525bb8586d9c109efd8c382
flywire_783_mb_left_kc512_s702,444,incoming_l1,fly,2,50,supervised,1.0,0.1,47,True,True,1431,1429,0.9768470777547265,6.661338147750939e-16,True,b7e6183e2fa89b2dbe53ddbe059b4a1e8aba8103a525bb8586d9c109efd8c382,cd6eedf82b5fec1a5c3866a93e8b63cfd4c3d7b04480d6479e3bc48f26745ac8
flywire_783_mb_left_kc512_s702,444,incoming_l1,fly,2,50,permuted_teacher,1.0,0.08,47,True,True,1431,1429,0.8989154740201684,1.1102230246251565e-15,True,b7e6183e2fa89b2dbe53ddbe059b4a1e8aba8103a525bb8586d9c109efd8c382,d5dd1f28a9bc4111974754de7c4ef752804ec3c0306469e20fed40e4b5c5f641
flywire_783_mb_left_kc512_s702,444,incoming_l1,fly,2,200,frozen,0.4271356783919598,0.15,1,False,True,1431,0,0.0,0.0,True,b7e6183e2fa89b2dbe53ddbe059b4a1e8aba8103a525bb8586d9c109efd8c382,b7e6183e2fa89b2dbe53ddbe059b4a1e8aba8103a525bb8586d9c109efd8c382
flywire_783_mb_left_kc512_s702,444,incoming_l1,fly,2,200,supervised,0.4271356783919598,0.15,2,False,True,1431,1429,0.9764010334489368,8.881784197001252e-16,True,b7e6183e2fa89b2dbe53ddbe059b4a1e8aba8103a525bb8586d9c109efd8c382,d867ed8cdd937dc1ca57d2b50a6aa9f0fb89b41a935078b918dfd90aaa018b08
flywire_783_mb_left_kc512_s702,444,incoming_l1,fly,2,200,permuted_teacher,0.4623115577889447,0.11,2,False,True,1431,1429,0.9521093172269744,4.440892098500626e-16,True,b7e6183e2fa89b2dbe53ddbe059b4a1e8aba8103a525bb8586d9c109efd8c382,8e0a6caabc55bc0e6c148ea486956d88a7bd867f36f6ef6958830217b9b67303
flywire_783_mb_left_kc512_s702,444,incoming_l1,role_shuffled,1,50,frozen,1.0,0.09,47,True,True,1431,0,0.0,0.0,True,c8ab58a97b676f5861276e566feff548c7bb17f826ba3bddd3fa18f495197c77,c8ab58a97b676f5861276e566feff548c7bb17f826ba3bddd3fa18f495197c77
flywire_783_mb_left_kc512_s702,444,incoming_l1,role_shuffled,1,50,supervised,1.0,0.11,47,True,True,1431,1429,1.0075844811395192,1.6653345369377348e-15,True,c8ab58a97b676f5861276e566feff548c7bb17f826ba3bddd3fa18f495197c77,183800414c003a5faaa8482576dcc3b627009f2a71bf88f026b57cbf72d751a2
flywire_783_mb_left_kc512_s702,444,incoming_l1,role_shuffled,1,50,permuted_teacher,1.0,0.08,47,True,True,1431,1429,0.9928936156240178,1.7763568394002505e-15,True,c8ab58a97b676f5861276e566feff548c7bb17f826ba3bddd3fa18f495197c77,900282a0d71ebb9f45b169a4e9ee1d8a0e31a49706e9d659523426355e8ab39c
flywire_783_mb_left_kc512_s702,444,incoming_l1,role_shuffled,1,200,frozen,0.5025125628140703,0.13,9,False,True,1431,0,0.0,0.0,True,c8ab58a97b676f5861276e566feff548c7bb17f826ba3bddd3fa18f495197c77,c8ab58a97b676f5861276e566feff548c7bb17f826ba3bddd3fa18f495197c77
flywire_783_mb_left_kc512_s702,444,incoming_l1,role_shuffled,1,200,supervised,0.44221105527638194,0.1,7,False,True,1431,1429,1.1126239513451188,1.2212453270876722e-15,True,c8ab58a97b676f5861276e566feff548c7bb17f826ba3bddd3fa18f495197c77,5fe9292f8bbda19ac694130c8c8c3c59f3327d2a75b7c5bb411948e95b1247d0
flywire_783_mb_left_kc512_s702,444,incoming_l1,role_shuffled,1,200,permuted_teacher,0.47738693467336685,0.15,9,False,True,1431,1429,1.1097271806045308,8.881784197001252e-16,True,c8ab58a97b676f5861276e566feff548c7bb17f826ba3bddd3fa18f495197c77,1534b89558179ee0f15e6fc31eebb7b306c0e8bf286393bf6f5d1c073056a0ea
flywire_783_mb_left_kc512_s702,444,incoming_l1,role_shuffled,2,50,frozen,1.0,0.09,47,True,True,1431,0,0.0,0.0,True,c8ab58a97b676f5861276e566feff548c7bb17f826ba3bddd3fa18f495197c77,c8ab58a97b676f5861276e566feff548c7bb17f826ba3bddd3fa18f495197c77
flywire_783_mb_left_kc512_s702,444,incoming_l1,role_shuffled,2,50,supervised,1.0,0.12,47,True,True,1431,1430,0.9858061255399606,1.3322676295501878e-15,True,c8ab58a97b676f5861276e566feff548c7bb17f826ba3bddd3fa18f495197c77,fb8567b403e29bc62cd04983b5ea5d8c0c6d5e12e0496474f78e1b19f52060c4
flywire_783_mb_left_kc512_s702,444,incoming_l1,role_shuffled,2,50,permuted_teacher,1.0,0.1,47,True,True,1431,1430,0.9723245969541401,7.771561172376096e-16,True,c8ab58a97b676f5861276e566feff548c7bb17f826ba3bddd3fa18f495197c77,a75161fcdbf95556c655d68460ce5783d4f40979014ef0cc8f1ffb4adf542022
flywire_783_mb_left_kc512_s702,444,incoming_l1,role_shuffled,2,200,frozen,0.44221105527638194,0.11,2,False,True,1431,0,0.0,0.0,True,c8ab58a97b676f5861276e566feff548c7bb17f826ba3bddd3fa18f495197c77,c8ab58a97b676f5861276e566feff548c7bb17f826ba3bddd3fa18f495197c77
flywire_783_mb_left_kc512_s702,444,incoming_l1,role_shuffled,2,200,supervised,0.4120603015075377,0.13,1,False,True,1431,1429,1.1472393993292864,7.771561172376096e-16,True,c8ab58a97b676f5861276e566feff548c7bb17f826ba3bddd3fa18f495197c77,bb5208a228d3c70e90441026fa0dd80799fd4726fb10a1cd3c3957666a461bbf
flywire_783_mb_left_kc512_s702,444,incoming_l1,role_shuffled,2,200,permuted_teacher,0.457286432160804,0.1,2,False,True,1431,1429,1.104350513124612,6.661338147750939e-16,True,c8ab58a97b676f5861276e566feff548c7bb17f826ba3bddd3fa18f495197c77,96fa864b3218908e060f25a0cf8ba511717d5404de8842be7fa5a849489d2eaa
flywire_783_mb_left_kc512_s702,444,incoming_l1,role_random,1,50,frozen,1.0,0.11,47,True,True,1431,0,0.0,0.0,True,2ac3af74603cf3ddc7529a9a0a4c1ae2e44f3e0a89cdfc411f83fef380060bb6,2ac3af74603cf3ddc7529a9a0a4c1ae2e44f3e0a89cdfc411f83fef380060bb6
flywire_783_mb_left_kc512_s702,444,incoming_l1,role_random,1,50,supervised,1.0,0.09,47,True,True,1431,1431,1.2530108877943862,3.3306690738754696e-16,True,2ac3af74603cf3ddc7529a9a0a4c1ae2e44f3e0a89cdfc411f83fef380060bb6,35e81a8bc0f84b84de519be0667e08dbcb3070f7276e4315bf082f7d502c90f3
flywire_783_mb_left_kc512_s702,444,incoming_l1,role_random,1,50,permuted_teacher,1.0,0.1,47,True,True,1431,1431,1.2034519897257394,3.3306690738754696e-16,True,2ac3af74603cf3ddc7529a9a0a4c1ae2e44f3e0a89cdfc411f83fef380060bb6,56d7cd007fcac699ac7046531f1c8d8345218a4e49dcd50dde206d7a1e4b5fef
flywire_783_mb_left_kc512_s702,444,incoming_l1,role_random,1,200,frozen,0.40703517587939697,0.11,5,False,True,1431,0,0.0,0.0,True,2ac3af74603cf3ddc7529a9a0a4c1ae2e44f3e0a89cdfc411f83fef380060bb6,2ac3af74603cf3ddc7529a9a0a4c1ae2e44f3e0a89cdfc411f83fef380060bb6
flywire_783_mb_left_kc512_s702,444,incoming_l1,role_random,1,200,supervised,0.40703517587939697,0.11,2,False,True,1431,1431,1.2339589778269577,3.3306690738754696e-16,True,2ac3af74603cf3ddc7529a9a0a4c1ae2e44f3e0a89cdfc411f83fef380060bb6,0536ba3e28c18c11c940694178c0030d3c90bf67ba434d25f391069a23ddcfcc
flywire_783_mb_left_kc512_s702,444,incoming_l1,role_random,1,200,permuted_teacher,0.41708542713567837,0.12,3,False,True,1431,1431,1.2008863106519325,5.551115123125783e-16,True,2ac3af74603cf3ddc7529a9a0a4c1ae2e44f3e0a89cdfc411f83fef380060bb6,abde364d85099e6766ec15f4db0f862a0d3115a932a063814dc28da98b9f50bf
flywire_783_mb_left_kc512_s702,444,incoming_l1,role_random,2,50,frozen,1.0,0.08,47,True,True,1431,0,0.0,0.0,True,2ac3af74603cf3ddc7529a9a0a4c1ae2e44f3e0a89cdfc411f83fef380060bb6,2ac3af74603cf3ddc7529a9a0a4c1ae2e44f3e0a89cdfc411f83fef380060bb6
flywire_783_mb_left_kc512_s702,444,incoming_l1,role_random,2,50,supervised,1.0,0.11,47,True,True,1431,1431,1.2250552753590975,3.3306690738754696e-16,True,2ac3af74603cf3ddc7529a9a0a4c1ae2e44f3e0a89cdfc411f83fef380060bb6,cf7ca87e4a2fda4bdde9e22352c418b812e12e2352209d55318ad3dcaad6dd30
flywire_783_mb_left_kc512_s702,444,incoming_l1,role_random,2,50,permuted_teacher,1.0,0.11,47,True,True,1431,1431,1.187700116448401,3.3306690738754696e-16,True,2ac3af74603cf3ddc7529a9a0a4c1ae2e44f3e0a89cdfc411f83fef380060bb6,bd8558992fa56a56c3a76331e764696c127e638a0f7bbb687bda5dbbdd2458e1
flywire_783_mb_left_kc512_s702,444,incoming_l1,role_random,2,200,frozen,0.44221105527638194,0.13,2,False,True,1431,0,0.0,0.0,True,2ac3af74603cf3ddc7529a9a0a4c1ae2e44f3e0a89cdfc411f83fef380060bb6,2ac3af74603cf3ddc7529a9a0a4c1ae2e44f3e0a89cdfc411f83fef380060bb6
flywire_783_mb_left_kc512_s702,444,incoming_l1,role_random,2,200,supervised,0.4221105527638191,0.15,0,False,True,1431,1431,1.2539025405670432,5.551115123125783e-16,True,2ac3af74603cf3ddc7529a9a0a4c1ae2e44f3e0a89cdfc411f83fef380060bb6,331cccb2b454dce84ac3c39c0a8897bffc08d2d624fe11b3dea446ee11eccb64
flywire_783_mb_left_kc512_s702,444,incoming_l1,role_random,2,200,permuted_teacher,0.41708542713567837,0.16,0,False,True,1431,1431,1.194817452194675,2.220446049250313e-16,True,2ac3af74603cf3ddc7529a9a0a4c1ae2e44f3e0a89cdfc411f83fef380060bb6,431a131eb0eb27d040f6094f2be470e7ae122dd4c40d7c4ec5d78b77449eea5e
