cohort,seed,circuit_seed,level,arm,strength,noise_seed,artifact,pi_memory_score,exact_prefix_bits,first_error_position,accuracy,prefix32,censored,effective_rank,active_neurons_mean,activity_sparsity,mbon_mean_abs,mbon_sparsity,temporal_cosine,standardized_clean_mse,mean_target_probability,mean_confidence,clipped_coordinates,accuracy_1_32,accuracy_33_64,accuracy_65_128,accuracy_129_197,raw_state_effective_rank,raw_mbon_mean_abs,raw_mbon_sparsity,raw_temporal_cosine,mean_injected_energy,mean_clipped_energy,post_error_accuracy,teacher_accuracy,runtime_seconds
discovery,7142,701,legacy5,clean,0.0,418001,clean.npz,35,116.26748332105768,36,0.2639593908629442,True,False,15.487744794398608,647.9390862944163,0.05548238149502005,0.012936708022210634,0.00021150592216582064,0.971796883944972,0.0,0.26150635117350746,0.8210886588372668,0,1.0,0.15625,0.15625,0.07246376811594203,15.487744794398608,0.012936708022210634,0.00021150592216582064,0.971796883944972,0.0,0.0,0.10559006211180125,,
discovery,7142,701,legacy5,flat,0.0003,418001,dose1_flat.npz,35,116.26748332105768,36,0.2639593908629442,True,False,15.494544889665264,647.9390862944163,0.05548238149502005,0.01293670823604417,0.0,0.9717971233947759,4.965661060130967e-07,0.2613761827736229,0.8210180085169152,0,1.0,0.15625,0.15625,0.07246376811594203,15.487744794398608,0.012936708022210634,0.00021150592216582064,0.971796883944972,6.106152855533153e-11,6.106152855533233e-11,0.10559006211180125,0.8477157360406091,0.01600000000144064
discovery,7142,701,legacy5,training_sd,0.0003,418001,dose1_training_sd.npz,35,116.26748332105768,36,0.2639593908629442,True,False,15.491456688418504,647.9390862944163,0.05548238149502005,0.012936706427404515,0.0,0.971797327719908,5.436707313524261e-08,0.26146866695654997,0.820959340684578,0,1.0,0.15625,0.15625,0.07246376811594203,15.487744794398608,0.012936708022210634,0.00021150592216582064,0.971796883944972,6.058592604346279e-11,6.058592604346221e-11,0.10559006211180125,0.8477157360406091,0.046999999998661224
discovery,7142,701,legacy5,flat,0.03,418001,dose2_flat.npz,8,26.575424759098897,9,0.17766497461928935,False,False,15.827232168976334,647.9390862944163,0.05548238149502005,0.013037400959206734,0.0,0.9734247441614136,1.7014789968327797,0.16679272805501025,0.8233530634192118,0,0.3125,0.21875,0.125,0.14492753623188406,14.465341029979866,0.01303626796188773,0.00021150592216582064,0.9734707381202773,6.106152855533153e-07,6.106152855533154e-07,0.14361702127659576,0.6548223350253807,0.031000000000858563
discovery,7142,701,legacy5,training_sd,0.03,418001,dose2_training_sd.npz,16,53.150849518197795,17,0.18274111675126903,False,False,15.843206584229357,647.9390862944163,0.05548238149502005,0.012959613607628866,0.0,0.9735674682933932,1.5847268905908742,0.1857980758731165,0.8160599606775394,0,0.5,0.125,0.078125,0.15942028985507245,14.873396919265565,0.012959684731770806,0.00021150592216582064,0.9735947234561925,6.058592604346279e-07,6.05859260434628e-07,0.1111111111111111,0.7918781725888325,0.030999999999039574
discovery,7142,701,legacy5,flat,0.3,418001,dose3_flat.npz,0,0.0,1,0.10152284263959391,False,False,26.956454149005697,647.9390862944163,0.05548238149502005,0.012872938107447433,0.0,0.968134591800449,2.3613240696378734,0.09136333565564408,0.8477759634650048,0,0.0625,0.0,0.078125,0.18840579710144928,14.974667841825102,0.012835025798619398,0.00021150592216582064,0.9731714838224051,6.106152855533152e-05,6.106152855533152e-05,0.10204081632653061,0.2233502538071066,0.01600000000144064
discovery,7142,701,legacy5,training_sd,0.3,418001,dose3_training_sd.npz,1,3.321928094887362,2,0.1319796954314721,False,False,24.245210682689383,647.9390862944163,0.05548238149502005,0.012901425014928063,0.0,0.9672494095430977,1.9139525180892913,0.12070047177788935,0.8238076019042587,0,0.09375,0.09375,0.140625,0.15942028985507245,15.061173466634465,0.012879437631550326,0.00021150592216582064,0.9724573724115146,6.0585926043462795e-05,6.0585926043462795e-05,0.1282051282051282,0.3756345177664975,0.0319999999992433
discovery,7142,701,brain5,clean,0.0,418001,clean.npz,34,112.94555522617031,35,0.25380710659898476,True,False,8.343589734051447,84989.21319796954,0.38697470987262217,0.0025219576279598335,0.0,0.9833223262495888,0.0,0.23972097468050313,0.7148803844081357,0,1.0,0.15625,0.03125,0.15942028985507245,8.343589734051447,0.0025219576279598335,0.0,0.9833223262495888,0.0,0.0,0.09876543209876543,,
discovery,7142,701,brain5,flat,0.0003,418001,dose1_flat.npz,34,112.94555522617031,35,0.25380710659898476,True,False,8.350827566830727,84989.21319796954,0.38697470987262217,0.002521958496922667,0.0,0.9833223841680981,2.3319762118471035e-05,0.23971838880815013,0.714062035811969,0,1.0,0.15625,0.03125,0.15942028985507245,8.343589734051447,0.0025219576279598335,0.0,0.9833223262495888,1.4800521795835e-12,1.480052179583512e-12,0.09876543209876543,0.8375634517766497,4.484000000000378
discovery,7142,701,brain5,training_sd,0.0003,418001,dose1_training_sd.npz,34,112.94555522617031,35,0.25380710659898476,True,False,8.346404838335484,84989.21319796954,0.38697470987262217,0.002521958676728862,0.0,0.9833224133707055,3.370305624114302e-08,0.23973126385687363,0.7148977840936458,0,1.0,0.15625,0.03125,0.15942028985507245,8.343589734051447,0.0025219576279598335,0.0,0.9833223262495888,1.4685800052315082e-12,1.4685800052315108e-12,0.09876543209876543,0.8578680203045685,4.125
discovery,7142,701,brain5,flat,0.03,418001,dose2_flat.npz,0,0.0,1,0.07614213197969544,False,False,11.194009813996864,84720.13705583756,0.3889155500556296,0.0022778888512018027,0.0,0.9809959926908254,2.598694673709913,0.06853002691580931,0.8384626418869212,0,0.21875,0.0,0.078125,0.043478260869565216,9.913344837560098,0.0022771871533237625,0.0,0.9810407447085799,1.4800521795835004e-08,1.4800521795835004e-08,0.07653061224489796,0.17766497461928935,4.109000000000378
discovery,7142,701,brain5,training_sd,0.03,418001,dose2_training_sd.npz,34,112.94555522617031,35,0.24873096446700507,True,False,9.84569661996905,85501.48223350254,0.38327972479964123,0.002437158227851392,0.0,0.9806352853987212,0.840631938531172,0.2367422876213682,0.7590456139494209,0,1.0,0.15625,0.03125,0.14492753623188406,9.279304694359428,0.002436992231731768,0.0,0.9806465664929658,1.4685800052315083e-08,1.4685800052315091e-08,0.09259259259259259,0.8274111675126904,4.156000000000859
discovery,7142,701,brain5,flat,0.3,418001,dose3_flat.npz,0,0.0,1,0.09137055837563451,False,False,23.031849381809348,84349.37055837564,0.39158988049267784,0.0022943043034240685,0.0,0.9820258802648183,25.752301631239973,0.09072129458443097,0.9074455522480086,0,0.03125,0.03125,0.1875,0.057971014492753624,9.916411007487957,0.002267238575376392,0.0,0.9844586931357895,1.4800521795835001e-06,1.4800521795835005e-06,0.09183673469387756,0.09137055837563451,3.79700000000048
discovery,7142,701,brain5,training_sd,0.3,418001,dose3_training_sd.npz,0,0.0,1,0.07614213197969544,False,False,15.527022640369925,84507.64467005077,0.3904482528722022,0.0023031832648698256,0.0,0.9761476812928781,2.1875904257664014,0.08632323648313239,0.7829702021713926,0,0.125,0.09375,0.109375,0.014492753623188406,10.17923825084808,0.002298690674098552,0.00010575296108291032,0.9791800555882123,1.468580005231508e-06,1.4685800052315085e-06,0.07653061224489796,0.45685279187817257,3.875
discovery,7142,701,brain1,clean,0.0,418001,clean.npz,36,119.58941141594504,37,0.25380710659898476,True,False,10.890281736815323,112871.7614213198,0.18585851440561607,0.005877947186793575,0.0,0.9969925517969646,0.0,0.24101345570626267,0.7967235153459519,0,1.0,0.21875,0.09375,0.07246376811594203,10.890281736815323,0.005877947186793575,0.0,0.9969925517969646,0.0,0.0,0.0875,,
discovery,7142,701,brain1,flat,0.0003,418001,dose1_flat.npz,36,119.58941141594504,37,0.2639593908629442,True,False,11.132914631655655,112155.22842639594,0.1910268508399805,0.005863871609657927,0.0,0.9969904095338533,1.0680852987890272,0.2484432017212102,0.8084646213322991,0,1.0,0.25,0.09375,0.08695652173913043,11.128245509269794,0.005863867938145541,0.00010575296108291032,0.9969903504413393,2.8643537482736577e-12,2.8643537482736e-12,0.1,0.7918781725888325,10.235000000000582
discovery,7142,701,brain1,training_sd,0.0003,418001,dose1_training_sd.npz,36,119.58941141594504,37,0.25380710659898476,True,False,10.893381367388125,112871.7614213198,0.18585851440561607,0.005877950443324781,0.0,0.9969925031794923,7.199618347807538e-08,0.24096417439525164,0.7966409265581849,0,1.0,0.21875,0.09375,0.07246376811594203,10.890281736815323,0.005877947186793575,0.0,0.9969925517969646,2.801214786418469e-12,2.8012147864185404e-12,0.0875,0.817258883248731,11.42200000000048
discovery,7142,701,brain1,flat,0.03,418001,dose2_flat.npz,0,0.0,1,0.09137055837563451,False,False,13.860206366131404,112209.89847715736,0.19063251698903372,0.005801103053812893,0.0,0.997043151916543,1.4667351457657967,0.09937002178331973,0.78721954500172,0,0.0625,0.09375,0.09375,0.10144927536231885,11.630540212682606,0.005800281227774744,0.00010575296108291032,0.9970549634936935,2.864353748273658e-08,2.8643537482736583e-08,0.09183673469387756,0.2233502538071066,13.171999999998661
discovery,7142,701,brain1,training_sd,0.03,418001,dose2_training_sd.npz,36,119.58941141594504,37,0.233502538071066,True,False,12.374405064820373,113078.75126903554,0.18436550127283424,0.005883833636372166,0.0,0.9970377090917032,1.2246760940500903,0.22670585367357762,0.8223127814928806,0,1.0,0.15625,0.046875,0.08695652173913043,10.839663481313806,0.005883506671837508,0.0,0.9970545826191534,2.801214786418469e-08,2.8012147864184693e-08,0.0625,0.7157360406091371,13.375
discovery,7142,701,brain1,flat,0.3,418001,dose3_flat.npz,0,0.0,1,0.1116751269035533,False,False,27.430667718006735,114774.26395939087,0.17213580623496372,0.005852997090341173,0.0,0.995810629497266,15.34834842267799,0.09944067195829252,0.7796450530972453,0,0.03125,0.0625,0.15625,0.13043478260869565,10.490738303549348,0.005839758037412106,0.0,0.9969839522925781,2.8643537482736577e-06,2.8643537482736577e-06,0.11224489795918367,0.12690355329949238,11.328000000001339
discovery,7142,701,brain1,training_sd,0.3,418001,dose3_training_sd.npz,2,6.643856189774724,3,0.1218274111675127,False,False,23.983896165792164,112147.39086294416,0.19108338300951277,0.005817374160903659,0.0,0.99580409013254,1.4861340465350952,0.12616562819603352,0.8275704176866716,0,0.21875,0.09375,0.078125,0.13043478260869565,11.329304543377521,0.005814077204036445,0.00010575296108291032,0.9970843256957346,2.801214786418468e-06,2.801214786418468e-06,0.1134020618556701,0.3096446700507614,10.390999999999622
discovery,7142,702,legacy5,clean,0.0,418001,clean.npz,38,126.23326760571976,39,0.27918781725888325,True,False,14.996826759846273,645.9543147208121,0.05837563451776662,0.011920366710841224,0.00021150592216582064,0.968122527268553,0.0,0.26014824796537833,0.7797666009110183,0,1.0,0.28125,0.109375,0.10144927536231885,14.996826759846273,0.011920366710841224,0.00021150592216582064,0.968122527268553,0.0,0.0,0.10759493670886076,,
discovery,7142,702,legacy5,flat,0.0003,418001,dose1_flat.npz,38,126.23326760571976,39,0.27411167512690354,True,False,15.36318054115481,645.9543147208121,0.05837563451776662,0.012075124758562792,0.0,0.967045393124073,1.1561855471545393,0.25313011793718054,0.793979599300195,0,1.0,0.28125,0.0625,0.13043478260869565,15.355647202617366,0.012075115968828827,0.00021150592216582064,0.9670455020859524,5.87195820500551e-11,5.871958205005458e-11,0.10126582278481013,0.7868020304568528,0.031000000000858563
discovery,7142,702,legacy5,training_sd,0.0003,418001,dose1_training_sd.npz,38,126.23326760571976,39,0.27411167512690354,True,False,15.360770098450722,645.9543147208121,0.05837563451776662,0.01207512013100204,0.0,0.9670451528436014,1.1561934440912138,0.25316422210865547,0.7939593096190923,0,1.0,0.28125,0.0625,0.13043478260869565,15.355647202617366,0.012075115968828827,0.00021150592216582064,0.9670455020859524,5.95992123011308e-11,5.95992123011305e-11,0.10126582278481013,0.7868020304568528,0.030999999999039574
discovery,7142,702,legacy5,flat,0.03,418001,dose2_flat.npz,7,23.253496664211536,8,0.1319796954314721,False,False,16.383008410400286,645.9543147208121,0.05837563451776662,0.011936533008838967,0.0,0.9674243857088516,1.5953891133381022,0.1268458672980853,0.772613787960206,0,0.25,0.09375,0.125,0.10144927536231885,15.11212439768012,0.011935341201309345,0.00021150592216582064,0.9674684190070597,5.87195820500551e-07,5.871958205005511e-07,0.10052910052910052,0.5685279187817259,0.031000000000858563
discovery,7142,702,legacy5,training_sd,0.03,418001,dose2_training_sd.npz,33,109.62362713128296,34,0.2182741116751269,True,False,15.602425846371434,645.9543147208121,0.05837563451776662,0.012149033166485983,0.0,0.9668020495626584,1.407726962117265,0.2100304544121975,0.7948259432354267,0,1.0,0.0625,0.109375,0.028985507246376812,14.696386698427386,0.012148392563586264,0.00021150592216582064,0.9667278147266495,5.959921230113079e-07,5.959921230113081e-07,0.06134969325153374,0.7309644670050761,0.0319999999992433
discovery,7142,702,legacy5,flat,0.3,418001,dose3_flat.npz,0,0.0,1,0.08121827411167512,False,False,26.950325127323243,645.9543147208121,0.05837563451776662,0.012167560993758497,0.0,0.9643342129075355,2.3619756004671966,0.0875934012056294,0.7981823974618588,0,0.09375,0.09375,0.0625,0.08695652173913043,15.195746427644497,0.012129703083906904,0.00021150592216582064,0.9702293555590021,5.871958205005509e-05,5.871958205005509e-05,0.08163265306122448,0.20304568527918782,0.031000000000858563
discovery,7142,702,legacy5,training_sd,0.3,418001,dose3_training_sd.npz,2,6.643856189774724,3,0.12690355329949238,False,False,23.836949283269675,645.9543147208121,0.05837563451776662,0.012193451459109009,0.0,0.9624862640631837,1.9076689328620782,0.12126836374388655,0.7905358079415348,0,0.21875,0.1875,0.125,0.057971014492753624,15.23464581295339,0.012158704148107916,0.00021150592216582064,0.9691698856674601,5.9599212301130794e-05,5.9599212301130794e-05,0.11855670103092783,0.36548223350253806,0.0319999999992433
discovery,7142,702,brain5,clean,0.0,418001,clean.npz,33,109.62362713128296,34,0.22842639593908629,True,False,10.201230192163232,76503.51269035533,0.4481818774633737,0.002155801583000433,0.0,0.983165166205889,0.0,0.23156544095531353,0.8298202748608382,0,1.0,0.0625,0.109375,0.057971014492753624,10.201230192163232,0.002155801583000433,0.0,0.983165166205889,0.0,0.0,0.0736196319018405,,
discovery,7142,702,brain5,flat,0.0003,418001,dose1_flat.npz,33,109.62362713128296,34,0.25380710659898476,True,False,10.229527535173624,76728.3502538071,0.4465601291569681,0.0021532765737670603,0.00010575296108291032,0.9831858335612917,1.084632709326473,0.25253566173707875,0.8190021715779213,0,1.0,0.0625,0.125,0.11594202898550725,10.226597491010194,0.0021532769301808694,0.0,0.9831858628537048,6.880939673851256e-13,6.880939673851316e-13,0.10429447852760736,0.8071065989847716,4.609999999998763
discovery,7142,702,brain5,training_sd,0.0003,418001,dose1_training_sd.npz,33,109.62362713128296,34,0.22842639593908629,True,False,10.201943347484834,76503.51269035533,0.4481818774633737,0.0021558019205095836,0.0,0.9831650975271742,2.065091866888349e-08,0.23159967571712625,0.82981818574503,0,1.0,0.0625,0.109375,0.057971014492753624,10.201230192163232,0.002155801583000433,0.0,0.983165166205889,6.86357325972022e-13,6.863573259720207e-13,0.0736196319018405,0.8071065989847716,4.718000000000757
discovery,7142,702,brain5,flat,0.03,418001,dose2_flat.npz,0,0.0,1,0.12690355329949238,False,False,11.851421509568446,76499.7614213198,0.44820893528285843,0.0021448688488975025,0.00010575296108291032,0.9846002236749656,1.7976673451830296,0.12350092344966694,0.7859262875933659,0,0.125,0.0625,0.203125,0.08695652173913043,10.838924887182378,0.002144529350464106,0.00031725888324873094,0.9845943422871627,6.880939673851258e-09,6.8809396738512595e-09,0.12755102040816327,0.26903553299492383,4.70299999999952
discovery,7142,702,brain5,training_sd,0.03,418001,dose2_training_sd.npz,33,109.62362713128296,34,0.2436548223350254,True,False,10.701721416509555,76898.35532994923,0.4453338863526912,0.002139907196962027,0.0,0.9826825955237151,1.2264308385782725,0.2404309529531274,0.8182734977949596,0,1.0,0.09375,0.09375,0.10144927536231885,10.277487953647137,0.0021398718300849108,0.00010575296108291032,0.9827032326051967,6.863573259720223e-09,6.863573259720219e-09,0.09202453987730061,0.7918781725888325,4.781000000000859
discovery,7142,702,brain5,flat,0.3,418001,dose3_flat.npz,0,0.0,1,0.16751269035532995,False,False,20.168432748291625,77108.61421319797,0.44381729373987133,0.0021884814934745615,0.0,0.9816959034588901,13.83211806726705,0.15075672264877407,0.833333919103064,0,0.125,0.25,0.1875,0.13043478260869565,10.650179276465135,0.00217523546559741,0.00010575296108291032,0.9829666137931719,6.880939673851259e-07,6.880939673851259e-07,0.1683673469387755,0.15228426395939088,4.765999999999622
discovery,7142,702,brain5,training_sd,0.3,418001,dose3_training_sd.npz,4,13.287712379549449,5,0.1319796954314721,False,False,14.804214724195099,76974.06598984772,0.444787787059574,0.0021824214839255814,0.00010575296108291032,0.9821324636922444,1.7045513375616232,0.12825245569374527,0.7979502701279848,0,0.3125,0.03125,0.15625,0.07246376811594203,10.300919453373245,0.002180881062741728,0.0,0.9832243852466248,6.863573259720223e-07,6.863573259720223e-07,0.11458333333333333,0.49746192893401014,4.688000000000102
discovery,7142,702,brain1,clean,0.0,418001,clean.npz,34,112.94555522617031,35,0.26903553299492383,True,False,10.168157298153549,108249.1421319797,0.21920136374339327,0.005783105687373812,0.0,0.9982236844143746,0.0,0.26309006783663397,0.7591106724008383,0,1.0,0.09375,0.203125,0.07246376811594203,10.168157298153549,0.005783105687373812,0.0,0.9982236844143746,0.0,0.0,0.11728395061728394,,
discovery,7142,702,brain1,flat,0.0003,418001,dose1_flat.npz,34,112.94555522617031,35,0.2639593908629442,True,False,10.177417000463784,108233.55837563451,0.21931376902866784,0.0057793575872652275,0.0,0.9982170936921497,0.09264296829985304,0.2696317053951491,0.7667005261606974,0,1.0,0.09375,0.203125,0.057971014492753624,10.168809877342369,0.005779357388506207,0.0,0.9982170450892218,2.490473315965078e-12,2.490473315965122e-12,0.1111111111111111,0.8274111675126904,10.093000000000757
discovery,7142,702,brain1,training_sd,0.0003,418001,dose1_training_sd.npz,34,112.94555522617031,35,0.26903553299492383,True,False,10.17382116193691,108249.1421319797,0.21920136374339327,0.005783105381899055,0.0,0.9982237368664242,6.99567552553686e-08,0.26309169810216365,0.7592136993017776,0,1.0,0.09375,0.203125,0.07246376811594203,10.168157298153549,0.005783105687373812,0.0,0.9982236844143746,2.4699695038916327e-12,2.4699695038916153e-12,0.11728395061728394,0.8324873096446701,11.438000000000102
discovery,7142,702,brain1,flat,0.03,418001,dose2_flat.npz,1,3.321928094887362,2,0.116751269035533,False,False,12.635805565574357,111990.538071066,0.19221475868214577,0.005690632197265645,0.0,0.9974442653928043,1.7039339716375095,0.10753848939669083,0.8045504075202906,0,0.0625,0.1875,0.078125,0.14492753623188406,10.5422991426082,0.005690434339391252,0.0,0.9974538965271692,2.4904733159650773e-08,2.4904733159650773e-08,0.11282051282051282,0.26903553299492383,10.32799999999952
discovery,7142,702,brain1,training_sd,0.03,418001,dose2_training_sd.npz,5,16.609640474436812,6,0.13705583756345177,False,False,12.000408382469143,106174.35532994923,0.23416675444897006,0.005803554720295276,0.0,0.9984918449961705,0.7879081340263582,0.13421426679386622,0.7509029936358073,0,0.3125,0.125,0.109375,0.08695652173913043,9.908519251381808,0.005803582602003012,0.0,0.9985010026965304,2.4699695038916328e-08,2.4699695038916335e-08,0.11518324607329843,0.6852791878172588,11.54700000000048
discovery,7142,702,brain1,flat,0.3,418001,dose3_flat.npz,0,0.0,1,0.09137055837563451,False,False,27.740071627910176,114628.04060913705,0.17319051198337365,0.005645244590683301,0.0,0.9962208927466402,11.439259173481188,0.10596282965744773,0.8796654487419254,0,0.0625,0.15625,0.09375,0.07246376811594203,10.359821271007853,0.0056382910150632355,0.0,0.9973368853703317,2.490473315965078e-06,2.490473315965078e-06,0.09183673469387756,0.13705583756345177,11.406000000000859
discovery,7142,702,brain1,training_sd,0.3,418001,dose3_training_sd.npz,2,6.643856189774724,3,0.15228426395939088,False,False,24.164842221694546,109616.86294416244,0.20933602417672925,0.0057442055355976206,0.0,0.996758512579677,1.4987898467402658,0.14130268115653175,0.7717612539015155,0,0.25,0.25,0.109375,0.10144927536231885,11.214814349636276,0.00574433102750883,0.0,0.9977340386875581,2.4699695038916327e-06,2.4699695038916327e-06,0.14432989690721648,0.2893401015228426,12.265999999999622
discovery,7143,701,legacy5,clean,0.0,418001,clean.npz,35,116.26748332105768,36,0.25888324873096447,True,False,14.266007326124388,647.9441624365483,0.055474981870920925,0.012407801883078124,0.00021150592216582064,0.966768346972121,0.0,0.23691637844143776,0.8014687240834176,0,1.0,0.15625,0.09375,0.11594202898550725,14.266007326124388,0.012407801883078124,0.00021150592216582064,0.966768346972121,0.0,0.0,0.09937888198757763,,
discovery,7143,701,legacy5,flat,0.0003,418001,dose1_flat.npz,35,116.26748332105768,36,0.25888324873096447,True,False,14.273407736051189,647.9441624365483,0.055474981870920925,0.012407824084469252,0.0,0.9667680328419962,5.188518824582972e-07,0.23693483681262914,0.8017123958602211,0,1.0,0.15625,0.09375,0.11594202898550725,14.266007326124388,0.012407801883078124,0.00021150592216582064,0.966768346972121,7.29715864893558e-11,7.297158648935598e-11,0.09937888198757763,0.8324873096446701,0.01599999999962165
discovery,7143,701,legacy5,training_sd,0.0003,418001,dose1_training_sd.npz,35,116.26748332105768,36,0.25888324873096447,True,False,14.271071429476047,647.9441624365483,0.055474981870920925,0.012407817579018841,0.0,0.9667676520508067,5.1374165353204345e-08,0.23695465584820827,0.8015384355018049,0,1.0,0.15625,0.09375,0.11594202898550725,14.266007326124388,0.012407801883078124,0.00021150592216582064,0.966768346972121,7.654599616312791e-11,7.65459961631293e-11,0.09937888198757763,0.8274111675126904,0.01600000000144064
discovery,7143,701,legacy5,flat,0.03,418001,dose2_flat.npz,4,13.287712379549449,5,0.1319796954314721,False,False,16.228011880123173,647.9441624365483,0.055474981870920925,0.012605828347891005,0.0,0.9633164454857155,1.8045514799382845,0.12813504165778303,0.8275611145418164,0,0.15625,0.125,0.140625,0.11594202898550725,15.00889794785824,0.012605175270440057,0.00021150592216582064,0.9634015795132422,7.297158648935581e-07,7.297158648935581e-07,0.11458333333333333,0.5482233502538071,0.014999999999417923
discovery,7143,701,legacy5,training_sd,0.03,418001,dose2_training_sd.npz,10,33.219280948873624,11,0.14213197969543148,False,False,16.07391325028012,647.9441624365483,0.055474981870920925,0.012341976239442382,0.0,0.9647120738881494,1.6922362029316205,0.14028492926450623,0.8037930543409355,0,0.34375,0.09375,0.109375,0.10144927536231885,15.164639698668516,0.012340991786535038,0.00021150592216582064,0.9648793741992411,7.65459961631279e-07,7.654599616312792e-07,0.0967741935483871,0.7715736040609137,0.0319999999992433
discovery,7143,701,legacy5,flat,0.3,418001,dose3_flat.npz,1,3.321928094887362,2,0.1116751269035533,False,False,27.095745019874474,647.9441624365483,0.055474981870920925,0.013280849835116064,0.0,0.9584220954824868,2.413049840528662,0.10039150482209187,0.8380439537232546,0,0.09375,0.1875,0.109375,0.08695652173913043,15.025578181999617,0.013244354021331067,0.00021150592216582064,0.9645187246313687,7.29715864893558e-05,7.29715864893558e-05,0.1076923076923077,0.19289340101522842,0.031000000000858563
discovery,7143,701,legacy5,training_sd,0.3,418001,dose3_training_sd.npz,1,3.321928094887362,2,0.1218274111675127,False,False,23.384898665794974,647.9441624365483,0.055474981870920925,0.012981323422238275,0.0,0.9559345397259704,1.920019049489273,0.12250550964728067,0.8351140789204559,0,0.09375,0.125,0.15625,0.10144927536231885,14.78399098538168,0.01295145467499308,0.00021150592216582064,0.9624278619131443,7.65459961631279e-05,7.65459961631279e-05,0.11794871794871795,0.38578680203045684,0.01599999999962165
discovery,7143,701,brain5,clean,0.0,418001,clean.npz,33,109.62362713128296,34,0.2436548223350254,True,False,9.861825370914376,85464.47208121828,0.3835466781986434,0.002095607358326967,0.0,0.9842182244757013,0.0,0.2363180244692664,0.7708889497417355,0,1.0,0.125,0.0625,0.11594202898550725,9.861825370914376,0.002095607358326967,0.0,0.9842182244757013,0.0,0.0,0.09202453987730061,,
discovery,7143,701,brain5,flat,0.0003,418001,dose1_flat.npz,33,109.62362713128296,34,0.2436548223350254,True,False,9.88976276566964,85550.83248730964,0.38292376252490534,0.0021197799178806695,0.0,0.9842123378642837,0.7116647397532478,0.2399048608753752,0.7623760317190729,0,1.0,0.125,0.15625,0.028985507246376812,9.885172684457942,0.00211977797740735,0.00010575296108291032,0.9842123495702624,1.3813483261679722e-12,1.3813483261679429e-12,0.09202453987730061,0.7766497461928934,4.625
discovery,7143,701,brain5,training_sd,0.0003,418001,dose1_training_sd.npz,33,109.62362713128296,34,0.2436548223350254,True,False,9.86252307257706,85464.47208121828,0.3835466781986434,0.002095608066811894,0.0,0.9842179762336345,3.114650790698991e-08,0.23631353792093146,0.7708916042698587,0,1.0,0.125,0.0625,0.11594202898550725,9.861825370914376,0.002095607358326967,0.0,0.9842182244757013,1.4584183851052251e-12,1.458418385105189e-12,0.09202453987730061,0.7766497461928934,4.07799999999952
discovery,7143,701,brain5,flat,0.03,418001,dose2_flat.npz,0,0.0,1,0.07106598984771574,False,False,11.69958937485963,85725.71065989848,0.38166237018516813,0.002095192951225206,0.0,0.9760449613810238,1.9815546560856494,0.08743210465817554,0.7666688730845028,0,0.09375,0.09375,0.0625,0.057971014492753624,10.51738688569612,0.002094617505845387,0.0,0.97608533818443,1.381348326167973e-08,1.3813483261679724e-08,0.07142857142857142,0.18781725888324874,3.875
discovery,7143,701,brain5,training_sd,0.03,418001,dose2_training_sd.npz,33,109.62362713128296,34,0.27411167512690354,True,False,11.307495427991558,86616.37055837564,0.37523806029778317,0.002123875118080917,0.0,0.9767271845193753,1.3650230200452582,0.2552453948008961,0.8329701599619266,0,1.0,0.125,0.203125,0.07246376811594203,10.74068737263094,0.002123637592357779,0.00010575296108291032,0.9767681086562258,1.4584183851052253e-08,1.4584183851052253e-08,0.12883435582822086,0.7461928934010152,4.125
discovery,7143,701,brain5,flat,0.3,418001,dose3_flat.npz,0,0.0,1,0.06091370558375635,False,False,22.962154056593544,86848.04568527918,0.3735669927994346,0.0021207952369345978,0.0,0.9752569460016778,22.50678413899368,0.06301431999743279,0.768909020008064,0,0.0625,0.03125,0.03125,0.10144927536231885,10.993126586332204,0.0020979385952477,0.0,0.9783223587308919,1.3813483261679725e-06,1.3813483261679725e-06,0.061224489795918366,0.07614213197969544,3.984999999998763
discovery,7143,701,brain5,training_sd,0.3,418001,dose3_training_sd.npz,1,3.321928094887362,2,0.13705583756345177,False,False,16.040770538588813,85653.53299492385,0.3821829860650765,0.0021178113592600556,0.0,0.9699049848357975,1.4898285189132463,0.126661694578373,0.8022813852990877,0,0.15625,0.15625,0.046875,0.2028985507246377,10.432564946479552,0.0021127372916770392,0.00010575296108291032,0.9731522076497863,1.4584183851052256e-06,1.4584183851052256e-06,0.13333333333333333,0.4213197969543147,4.640999999999622
discovery,7143,701,brain1,clean,0.0,418001,clean.npz,32,106.30169903639559,33,0.22842639593908629,True,False,11.175860900294545,117933.09644670051,0.14935121829571396,0.005639350661882406,0.0,0.9968642183430673,0.0,0.228740674112639,0.8139621861658589,0,1.0,0.03125,0.109375,0.07246376811594203,11.175860900294545,0.005639350661882406,0.0,0.9968642183430673,0.0,0.0,0.07926829268292683,,
discovery,7143,701,brain1,flat,0.0003,418001,dose1_flat.npz,32,106.30169903639559,33,0.25888324873096447,True,False,11.293776536670519,117718.8578680203,0.15089651636249324,0.005581399590535954,0.0,0.9969148918330323,1.129133290213565,0.24163369749041613,0.8372469514232742,0,1.0,0.0625,0.21875,0.043478260869565216,11.288661102957047,0.005581399506491834,0.0,0.9969149379397806,2.713060179874412e-12,2.7130601798744827e-12,0.11585365853658537,0.7817258883248731,12.328000000001339
discovery,7143,701,brain1,training_sd,0.0003,418001,dose1_training_sd.npz,32,106.30169903639559,33,0.22842639593908629,True,False,11.178734072422717,117933.09644670051,0.14935121829571396,0.005639352112136295,0.0,0.9968642482604618,7.211677707866355e-08,0.22879598137643284,0.8139461280619232,0,1.0,0.03125,0.109375,0.07246376811594203,11.175860900294545,0.005639350661882406,0.0,0.9968642183430673,2.7156920136985246e-12,2.7156920136984147e-12,0.07926829268292683,0.7868020304568528,11.5
discovery,7143,701,brain1,flat,0.03,418001,dose2_flat.npz,1,3.321928094887362,2,0.10152284263959391,False,False,13.681202917427822,117411.36040609136,0.15311448866414668,0.0055223641864861495,0.0,0.9970082089074351,1.449358175621563,0.0999654998978219,0.8489296925088082,0,0.15625,0.125,0.078125,0.08695652173913043,11.571524433766822,0.00552182162388486,0.0,0.9970283648090981,2.7130601798744133e-08,2.7130601798744123e-08,0.09743589743589744,0.2131979695431472,11.514999999999418
discovery,7143,701,brain1,training_sd,0.03,418001,dose2_training_sd.npz,9,29.89735285398626,10,0.16243654822335024,False,False,11.9234229317815,117925.78172588833,0.14940397921300408,0.00564193442448613,0.0,0.996824216841432,1.5869181935700882,0.16304904131009207,0.8003536311420961,0,0.34375,0.0625,0.140625,0.14492753623188406,10.534311781704513,0.005641788394761228,0.00010575296108291032,0.9968337492159927,2.7156920136985256e-08,2.7156920136985243e-08,0.12299465240641712,0.6243654822335025,10.625
discovery,7143,701,brain1,flat,0.3,418001,dose3_flat.npz,0,0.0,1,0.08629441624365482,False,False,29.154387387592728,117217.25888324874,0.15451453859845543,0.005507000699885194,0.0,0.9959209177181628,18.933656281956328,0.08348337712930898,0.9142748895316234,0,0.09375,0.0625,0.109375,0.07246376811594203,11.29729520758821,0.005497035660625725,0.0,0.9972915696016585,2.713060179874413e-06,2.713060179874413e-06,0.08673469387755102,0.1065989847715736,10.359000000000378
discovery,7143,701,brain1,training_sd,0.3,418001,dose3_training_sd.npz,1,3.321928094887362,2,0.08121827411167512,False,False,24.385858321354302,117501.79187817259,0.15246220848265934,0.005566668340218506,0.0,0.9954613680138821,1.365389640032461,0.07930260602025825,0.7940074764677345,0,0.03125,0.03125,0.078125,0.13043478260869565,11.473397707231525,0.005565208118536301,0.0,0.9967913442712042,2.715692013698525e-06,2.715692013698525e-06,0.07692307692307693,0.25888324873096447,11.610000000000582
discovery,7143,702,legacy5,clean,0.0,418001,clean.npz,32,106.30169903639559,33,0.2639593908629442,True,False,12.871644925277154,645.9543147208121,0.05837563451776662,0.014132406102265904,0.00021150592216582064,0.9723765416153977,0.0,0.25498428301902365,0.8979078253376395,0,1.0,0.1875,0.046875,0.15942028985507245,12.871644925277154,0.014132406102265904,0.00021150592216582064,0.9723765416153977,0.0,0.0,0.12195121951219512,,
discovery,7143,702,legacy5,flat,0.0003,418001,dose1_flat.npz,32,106.30169903639559,33,0.2639593908629442,True,False,12.877210663395669,645.9543147208121,0.05837563451776662,0.014132429688368581,0.0,0.9723769035879898,1.070861931563327e-06,0.25486428059431593,0.8978253443644609,0,1.0,0.1875,0.046875,0.15942028985507245,12.871644925277154,0.014132406102265904,0.00021150592216582064,0.9723765416153977,6.798510998227061e-11,6.798510998227194e-11,0.12195121951219512,0.9035532994923858,0.015000000001236913
discovery,7143,702,legacy5,training_sd,0.0003,418001,dose1_training_sd.npz,32,106.30169903639559,33,0.2639593908629442,True,False,12.874766938505303,645.9543147208121,0.05837563451776662,0.014132423239945693,0.0,0.9723769205379484,3.58067769379582e-08,0.25495367951812803,0.8978536351371179,0,1.0,0.1875,0.046875,0.15942028985507245,12.871644925277154,0.014132406102265904,0.00021150592216582064,0.9723765416153977,7.096384026273164e-11,7.096384026273036e-11,0.12195121951219512,0.9035532994923858,0.0319999999992433
discovery,7143,702,legacy5,flat,0.03,418001,dose2_flat.npz,0,0.0,1,0.1116751269035533,False,False,15.098849110396262,645.9543147208121,0.05837563451776662,0.014037170145947088,0.0,0.9676156628645236,2.268414466259296,0.1151310034552361,0.8200985475615381,0,0.25,0.09375,0.0625,0.10144927536231885,14.051928153851792,0.014033934507033816,0.00021150592216582064,0.9676713134403773,6.798510998227062e-07,6.798510998227061e-07,0.11224489795918367,0.6903553299492385,0.031000000000858563
discovery,7143,702,legacy5,training_sd,0.03,418001,dose2_training_sd.npz,12,39.86313713864835,13,0.1319796954314721,False,False,14.603559111498223,645.9543147208121,0.05837563451776662,0.013969083614768521,0.0,0.9700268893401007,2.3945029410687275,0.1385880794187173,0.8229443193094339,0,0.40625,0.125,0.078125,0.057971014492753624,13.909219775306918,0.013967157161676522,0.00021150592216582064,0.9700188656530733,7.096384026273165e-07,7.096384026273163e-07,0.07608695652173914,0.8375634517766497,0.030999999999039574
discovery,7143,702,legacy5,flat,0.3,418001,dose3_flat.npz,0,0.0,1,0.09644670050761421,False,False,25.528181874354225,645.9543147208121,0.05837563451776662,0.01403691685072263,0.0,0.9627182807410084,3.172983592602337,0.09521727388111065,0.8433830599549313,0,0.09375,0.0625,0.15625,0.057971014492753624,14.63915967254412,0.013986095436428885,0.00021150592216582064,0.9670901681986473,6.798510998227061e-05,6.798510998227061e-05,0.09693877551020408,0.20304568527918782,0.01599999999962165
discovery,7143,702,legacy5,training_sd,0.3,418001,dose3_training_sd.npz,0,0.0,1,0.116751269035533,False,False,21.140569803079785,645.9543147208121,0.05837563451776662,0.014027630429059173,0.0,0.9650213367532834,2.410542998682754,0.11001397031923565,0.8274236470022571,0,0.09375,0.125,0.109375,0.13043478260869565,13.83082276933737,0.013992928680212626,0.00021150592216582064,0.9698443119017829,7.096384026273165e-05,7.096384026273163e-05,0.11734693877551021,0.4517766497461929,0.01599999999962165
discovery,7143,702,brain5,clean,0.0,418001,clean.npz,37,122.9113395108324,38,0.2639593908629442,True,False,9.019962017804094,81710.95939086295,0.4106206811152493,0.002332988303014912,0.00031725888324873094,0.9749656336053141,0.0,0.2525859210653157,0.7487267925732698,0,1.0,0.28125,0.109375,0.057971014492753624,9.019962017804094,0.002332988303014912,0.00031725888324873094,0.9749656336053141,0.0,0.0,0.09433962264150944,,
discovery,7143,702,brain5,flat,0.0003,418001,dose1_flat.npz,37,122.9113395108324,38,0.2639593908629442,True,False,9.164928725958799,81599.45177664974,0.4114249830376031,0.0023034287050255316,0.0,0.9751478025187178,1.2631738387185663,0.2621395775865081,0.7392999985933997,0,1.0,0.28125,0.046875,0.11594202898550725,9.161819270626072,0.0023034270448512436,0.00010575296108291032,0.9751479065999097,9.003963423230722e-13,9.003963423230735e-13,0.09433962264150944,0.7918781725888325,4.281000000000859
discovery,7143,702,brain5,training_sd,0.0003,418001,dose1_training_sd.npz,37,122.9113395108324,38,0.2639593908629442,True,False,9.02033092293375,81710.95939086295,0.4106206811152493,0.0023329899726918153,0.00021150592216582064,0.9749661434243639,1.3645645418317928e-08,0.2525642930414076,0.7486913324287926,0,1.0,0.28125,0.109375,0.057971014492753624,9.019962017804094,0.002332988303014912,0.00031725888324873094,0.9749656336053141,9.78036760519526e-13,9.78036760519574e-13,0.09433962264150944,0.7969543147208121,4.218999999999141
discovery,7143,702,brain5,flat,0.03,418001,dose2_flat.npz,0,0.0,1,0.06091370558375635,False,False,9.642637501393443,82026.59898477157,0.40834397979809745,0.0023448512495400906,0.0,0.9760855141314655,2.1619627683471587,0.05829807808382119,0.8170955523403495,0,0.03125,0.03125,0.0625,0.08695652173913043,8.878833220569152,0.0023442647380250673,0.0,0.9760857633015225,9.003963423230725e-09,9.003963423230725e-09,0.061224489795918366,0.25380710659898476,4.311999999999898
discovery,7143,702,brain5,training_sd,0.03,418001,dose2_training_sd.npz,37,122.9113395108324,38,0.27411167512690354,True,False,9.153800743437744,81609.34010152284,0.4113536587718979,0.0023312853074622633,0.0,0.9754167715041636,1.3143693658726607,0.2636136457933894,0.7613789086242222,0,1.0,0.25,0.125,0.08695652173913043,8.84540676150635,0.002331174891186283,0.0,0.9754318852532851,9.780367605195262e-09,9.780367605195264e-09,0.1069182389937107,0.7817258883248731,4.063000000000102
discovery,7143,702,brain5,flat,0.3,418001,dose3_flat.npz,0,0.0,1,0.08121827411167512,False,False,17.178607592107646,82632.08629441625,0.4039766134030377,0.0024153136539123007,0.0,0.9760167935464041,19.77178782368113,0.08288326728732393,0.8596999177392785,0,0.0625,0.0625,0.140625,0.043478260869565216,8.223458672891939,0.002397185573556031,0.00042301184433164127,0.9772608552471809,9.003963423230724e-07,9.003963423230724e-07,0.08163265306122448,0.1218274111675127,3.9680000000007567
discovery,7143,702,brain5,training_sd,0.3,418001,dose3_training_sd.npz,0,0.0,1,0.116751269035533,False,False,12.036083751933202,81309.18274111675,0.4135186870857641,0.0023171737846412665,0.0,0.9742732403910326,1.4540418538785138,0.1176750180636947,0.7845609714541757,0,0.125,0.0625,0.15625,0.10144927536231885,8.779529924092053,0.0023144179052121453,0.00010575296108291032,0.9755484095704364,9.780367605195263e-07,9.780367605195263e-07,0.11734693877551021,0.48223350253807107,3.936999999999898
discovery,7143,702,brain1,clean,0.0,418001,clean.npz,32,106.30169903639559,33,0.25888324873096447,True,False,9.07841412738362,112058.17258883249,0.1917269124212344,0.005975210684756353,0.0,0.9965063419543226,0.0,0.2227289326840253,0.7063811983299121,0,1.0,0.15625,0.15625,0.057971014492753624,9.07841412738362,0.005975210684756353,0.0,0.9965063419543226,0.0,0.0,0.11585365853658537,,
discovery,7143,702,brain1,flat,0.0003,418001,dose1_flat.npz,32,106.30169903639559,33,0.25888324873096447,True,False,9.533804193642753,111614.38578680203,0.19492793667869768,0.005819672817088842,0.0,0.996258555086574,1.482437298947617,0.23182837864973352,0.7363395199388257,0,1.0,0.1875,0.046875,0.14492753623188406,9.530116675468213,0.005819667566921325,0.0,0.996258561072112,2.719500737178053e-12,2.7195007371780627e-12,0.11585365853658537,0.7461928934010152,10.593999999999141
discovery,7143,702,brain1,training_sd,0.0003,418001,dose1_training_sd.npz,32,106.30169903639559,33,0.27918781725888325,True,False,9.253078025101244,112179.88324873097,0.1908490161590103,0.005952642495316727,0.0,0.9964306290672694,1.0039507735722568,0.23948423064358482,0.7146898397139042,0,1.0,0.15625,0.203125,0.07246376811594203,9.250981855841781,0.005952639430904407,0.0,0.9964306941209649,2.8136372970141916e-12,2.8136372970140248e-12,0.1402439024390244,0.7360406091370558,11.328000000001339
discovery,7143,702,brain1,flat,0.03,418001,dose2_flat.npz,1,3.321928094887362,2,0.1218274111675127,False,False,10.504486518114774,111703.02030456853,0.19428861788841134,0.005876908643286537,0.0,0.996258976686693,1.8435823253635066,0.11869715656370268,0.7360104825711714,0,0.0625,0.15625,0.109375,0.14492753623188406,9.048633428079158,0.005876216802778909,0.0,0.9962729599599492,2.7195007371780524e-08,2.7195007371780534e-08,0.11794871794871795,0.2233502538071066,10.921999999998661
discovery,7143,702,brain1,training_sd,0.03,418001,dose2_training_sd.npz,20,66.43856189774725,21,0.19289340101522842,False,False,9.274598041396034,111448.65989847716,0.1961233137971483,0.006045828012345134,0.0,0.996654706361943,1.6949480475613123,0.17422013994044594,0.6324319448854412,0,0.6875,0.125,0.109375,0.07246376811594203,8.312292740985308,0.006045502882301675,0.0,0.996663148460397,2.8136372970141918e-08,2.81363729701419e-08,0.10227272727272728,0.6751269035532995,11.436999999999898
discovery,7143,702,brain1,flat,0.3,418001,dose3_flat.npz,0,0.0,1,0.1218274111675127,False,False,23.789404285784414,110866.20812182741,0.2003245254089584,0.0058805214899114,0.0,0.9955011063724961,10.634081580268283,0.11589732543816468,0.7992734147186371,0,0.09375,0.0625,0.109375,0.17391304347826086,9.362449421256258,0.0058654317271475695,0.00010575296108291032,0.9965548839091246,2.7195007371780527e-06,2.7195007371780527e-06,0.12244897959183673,0.12690355329949238,11.5
discovery,7143,702,brain1,training_sd,0.3,418001,dose3_training_sd.npz,4,13.287712379549449,5,0.1065989847715736,False,False,19.599891659789233,111705.87817258883,0.1942680041504279,0.005832666471992745,0.0,0.9950381385086148,1.4764217372930728,0.10039068108751356,0.7458982986954574,0,0.21875,0.0,0.109375,0.10144927536231885,9.992202064347847,0.00582902245682853,0.0,0.9961792519446724,2.813637297014191e-06,2.813637297014191e-06,0.08854166666666667,0.3197969543147208,10.938000000000102
discovery,7144,701,legacy5,clean,0.0,418001,clean.npz,37,122.9113395108324,38,0.26903553299492383,True,False,14.551619526117404,647.9289340101523,0.0554971807432183,0.011553892625072624,0.00021150592216582064,0.9590623011947139,0.0,0.2705229433224357,0.8755480538965622,0,1.0,0.28125,0.09375,0.08695652173913043,14.551619526117404,0.011553892625072624,0.00021150592216582064,0.9590623011947139,0.0,0.0,0.10062893081761007,,
discovery,7144,701,legacy5,flat,0.0003,418001,dose1_flat.npz,37,122.9113395108324,38,0.26903553299492383,True,False,14.5586728162879,647.9289340101523,0.0554971807432183,0.01155387700196689,0.0,0.9590617430972367,5.586369502552168e-07,0.2706385380023834,0.8749159271813706,0,1.0,0.28125,0.09375,0.08695652173913043,14.551619526117404,0.011553892625072624,0.00021150592216582064,0.9590623011947139,6.818778007349718e-11,6.81877800734961e-11,0.10062893081761007,0.9137055837563451,0.0319999999992433
discovery,7144,701,legacy5,training_sd,0.0003,418001,dose1_training_sd.npz,37,122.9113395108324,38,0.26903553299492383,True,False,14.556165878865631,647.9289340101523,0.0554971807432183,0.011553876687513972,0.0,0.9590615133778149,4.191195684109075e-08,0.27053011056334886,0.8754522508553512,0,1.0,0.28125,0.09375,0.08695652173913043,14.551619526117404,0.011553892625072624,0.00021150592216582064,0.9590623011947139,6.883196518617468e-11,6.883196518617487e-11,0.10062893081761007,0.9137055837563451,0.031000000000858563
discovery,7144,701,legacy5,flat,0.03,418001,dose2_flat.npz,2,6.643856189774724,3,0.12690355329949238,False,False,15.022408864486131,647.9289340101523,0.0554971807432183,0.011426024416150881,0.0,0.9662263952905518,1.7767582990862203,0.12017222217038398,0.8213780793845369,0,0.1875,0.09375,0.109375,0.13043478260869565,13.875588914805785,0.011427277003922627,0.00021150592216582064,0.9662611716811195,6.818778007349718e-07,6.818778007349718e-07,0.11855670103092783,0.7157360406091371,0.030999999999039574
discovery,7144,701,legacy5,training_sd,0.03,418001,dose2_training_sd.npz,37,122.9113395108324,38,0.26903553299492383,True,False,15.111389555444529,647.9289340101523,0.0554971807432183,0.011284657807205785,0.0,0.9619985439985319,1.2524596336812044,0.2692716582716163,0.8554009233190042,0,1.0,0.28125,0.125,0.057971014492753624,14.293992169060127,0.011286577543088015,0.00021150592216582064,0.9621041771982657,6.883196518617469e-07,6.883196518617472e-07,0.10062893081761007,0.883248730964467,0.01600000000144064
discovery,7144,701,legacy5,flat,0.3,418001,dose3_flat.npz,0,0.0,1,0.09137055837563451,False,False,25.00154729702489,647.9289340101523,0.0554971807432183,0.011678370380405808,0.0,0.9534944361482128,2.381229079635952,0.09785327278231616,0.8516557895614102,0,0.0625,0.03125,0.125,0.10144927536231885,13.940978400943566,0.011643826763507248,0.00021150592216582064,0.9605116030161893,6.818778007349719e-05,6.818778007349719e-05,0.09183673469387756,0.233502538071066,0.01599999999962165
discovery,7144,701,legacy5,training_sd,0.3,418001,dose3_training_sd.npz,1,3.321928094887362,2,0.116751269035533,False,False,22.26464955165155,647.9289340101523,0.0554971807432183,0.011279827411814313,0.0,0.9488331457122086,1.6902658590213557,0.10982006605302573,0.8550926200809766,0,0.125,0.15625,0.125,0.08695652173913043,14.116167598989566,0.011279382370075584,0.00021150592216582064,0.9559682418287614,6.883196518617471e-05,6.883196518617471e-05,0.11282051282051282,0.45685279187817257,0.031000000000858563
discovery,7144,701,brain5,clean,0.0,418001,clean.npz,35,116.26748332105768,36,0.25888324873096447,True,False,9.270240329475442,81800.02030456853,0.4099782867406102,0.002175719410850273,0.0,0.9740195483504417,0.0,0.24833943816945853,0.8017372737420787,0,1.0,0.1875,0.0625,0.13043478260869565,9.270240329475442,0.002175719410850273,0.0,0.9740195483504417,0.0,0.0,0.09937888198757763,,
discovery,7144,701,brain5,flat,0.0003,418001,dose1_flat.npz,35,116.26748332105768,36,0.2436548223350254,True,False,9.712572630114037,82828.01015228426,0.40256341900703074,0.0021907608145757,0.0,0.9719200053886657,0.8953643130936623,0.22821211232230906,0.7777619754990798,0,1.0,0.15625,0.03125,0.13043478260869565,9.709857107615235,0.0021907632943257865,0.0,0.9719200886782384,1.0598003133050664e-12,1.0598003133050598e-12,0.08074534161490683,0.7614213197969543,4.515999999999622
discovery,7144,701,brain5,training_sd,0.0003,418001,dose1_training_sd.npz,35,116.26748332105768,36,0.25888324873096447,True,False,9.271431054523326,81800.02030456853,0.4099782867406102,0.0021757174708134865,0.0,0.9740187826704676,1.735425952472579e-08,0.24838388064807557,0.8017331988246924,0,1.0,0.1875,0.0625,0.13043478260869565,9.270240329475442,0.002175719410850273,0.0,0.9740195483504417,1.1028827052940892e-12,1.1028827052940333e-12,0.09937888198757763,0.7614213197969543,4.218999999999141
discovery,7144,701,brain5,flat,0.03,418001,dose2_flat.npz,0,0.0,1,0.14213197969543148,False,False,10.826107796873465,81965.76649746193,0.408782763165762,0.002122184995928166,0.0,0.9715549896939373,1.7345175187753836,0.12026529074834937,0.7517485917878292,0,0.125,0.125,0.203125,0.10144927536231885,9.894663976247404,0.0021221276519764135,0.0,0.9715886822303408,1.0598003133050666e-08,1.0598003133050666e-08,0.14285714285714285,0.22842639593908629,4.531000000000859
discovery,7144,701,brain5,training_sd,0.03,418001,dose2_training_sd.npz,35,116.26748332105768,36,0.2639593908629442,True,False,10.078491617194612,82670.2385786802,0.403701421831662,0.002190504210946763,0.0,0.9727735812610578,1.1427816051807167,0.2504320334628144,0.7606784075273889,0,1.0,0.21875,0.109375,0.08695652173913043,9.679813089365684,0.0021907565112055417,0.0,0.9728383555492491,1.1028827052940896e-08,1.1028827052940896e-08,0.10559006211180125,0.7563451776649747,4.0460000000002765
discovery,7144,701,brain5,flat,0.3,418001,dose3_flat.npz,0,0.0,1,0.1116751269035533,False,False,18.917253269997254,82438.66497461929,0.405371757048022,0.0021664732459627063,0.0,0.9708761424788652,16.450084709860906,0.11325067569264988,0.867570007370351,0,0.0625,0.09375,0.125,0.13043478260869565,9.456624498621423,0.002151278458442954,0.0,0.9728683313489971,1.0598003133050663e-06,1.0598003133050663e-06,0.11224489795918367,0.1116751269035533,4.0
discovery,7144,701,brain5,training_sd,0.3,418001,dose3_training_sd.npz,7,23.253496664211536,8,0.15228426395939088,False,False,13.360832451015714,82111.61421319797,0.4077307668607104,0.0021362942581018124,0.0,0.9695513303128428,1.5510428635131621,0.13669683202122346,0.7200673088779009,0,0.375,0.1875,0.09375,0.08695652173913043,9.507017752372928,0.0021344604122874433,0.0,0.9717965975970159,1.1028827052940893e-06,1.1028827052940893e-06,0.12169312169312169,0.47715736040609136,4.609000000000378
discovery,7144,701,brain1,clean,0.0,418001,clean.npz,35,116.26748332105768,36,0.27918781725888325,True,False,9.50798870160124,115488.29441624366,0.16698552055162208,0.006036941718326795,0.0,0.9969541601942484,0.0,0.2652678568523694,0.6428559714902724,0,1.0,0.15625,0.125,0.14492753623188406,9.50798870160124,0.006036941718326795,0.0,0.9969541601942484,0.0,0.0,0.12422360248447205,,
discovery,7144,701,brain1,flat,0.0003,418001,dose1_flat.npz,35,116.26748332105768,36,0.26903553299492383,True,False,9.700386293303525,116690.75634517767,0.15831218960626037,0.005811416208741226,0.0,0.9965934406749325,1.2270483947721018,0.25221775885660414,0.7259192213490543,0,1.0,0.15625,0.125,0.11594202898550725,9.69633966298829,0.005811425391019008,0.0,0.996593425088452,2.9539314698734074e-12,2.9539314698733714e-12,0.11180124223602485,0.7563451776649747,11.0
discovery,7144,701,brain1,training_sd,0.0003,418001,dose1_training_sd.npz,35,116.26748332105768,36,0.2893401015228426,True,False,9.795100033464132,116014.0304568528,0.1631933982728324,0.005906601090170136,0.0,0.9966003666360146,0.8288832105255032,0.26653591008155714,0.6844470909102354,0,1.0,0.15625,0.15625,0.14492753623188406,9.791429146636109,0.005906607565112785,0.0,0.9966003312046027,3.048377181980205e-12,3.0483771819802532e-12,0.13664596273291926,0.7614213197969543,10.375
discovery,7144,701,brain1,flat,0.03,418001,dose2_flat.npz,1,3.321928094887362,2,0.116751269035533,False,False,10.605358425117764,116493.53299492385,0.1597347572117236,0.005848987368661418,0.0,0.9959164366628067,2.413268907199178,0.11704327303563436,0.7785451045613813,0,0.125,0.0,0.15625,0.13043478260869565,9.197757900971151,0.005849797458923097,0.0,0.9959271726696642,2.9539314698734083e-08,2.95393146987341e-08,0.11282051282051282,0.20304568527918782,10.531000000000859
discovery,7144,701,brain1,training_sd,0.03,418001,dose2_training_sd.npz,22,73.08241808752197,23,0.19289340101522842,False,False,10.193528804027332,115796.42639593908,0.16476297148753904,0.006017503354852111,0.0,0.9967889040125401,1.2472691824548385,0.1803892125632647,0.6420174217798441,0,0.6875,0.0625,0.109375,0.10144927536231885,8.989120594433794,0.0060181509762224,0.0,0.9968039626187146,3.0483771819802056e-08,3.048377181980205e-08,0.09195402298850575,0.6903553299492385,10.20299999999952
discovery,7144,701,brain1,flat,0.3,418001,dose3_flat.npz,0,0.0,1,0.07614213197969544,False,False,22.51279247313215,116337.78172588833,0.16085818762477855,0.00590542915124394,0.0,0.9946394866202616,19.37366867824857,0.07864545184608172,0.8330140657835706,0,0.0,0.03125,0.125,0.08695652173913043,8.873625602101898,0.0059052673927017406,0.0,0.9957868299928408,2.9539314698734078e-06,2.9539314698734078e-06,0.07653061224489796,0.08629441624365482,10.343999999999141
discovery,7144,701,brain1,training_sd,0.3,418001,dose3_training_sd.npz,4,13.287712379549449,5,0.15736040609137056,False,False,20.172432075156305,115202.81725888325,0.16904466088991366,0.0062501051382691806,0.0,0.996635247177806,1.305404308358249,0.15133270898822504,0.6003263652117468,0,0.25,0.03125,0.140625,0.18840579710144928,8.712152934054659,0.006256579180103537,0.0,0.9977028609443779,3.048377181980205e-06,3.048377181980205e-06,0.140625,0.38578680203045684,10.985000000000582
discovery,7144,702,legacy5,clean,0.0,418001,clean.npz,38,126.23326760571976,39,0.28426395939086296,True,False,14.76656654617176,645.9441624365483,0.058390433765964644,0.012935396012468044,0.00021150592216582064,0.9762985509733244,0.0,0.2752519936352323,0.8879376357017258,0,1.0,0.25,0.171875,0.07246376811594203,14.76656654617176,0.012935396012468044,0.00021150592216582064,0.9762985509733244,0.0,0.0,0.11392405063291139,,
discovery,7144,702,legacy5,flat,0.0003,418001,dose1_flat.npz,38,126.23326760571976,39,0.28426395939086296,True,False,14.773641693734579,645.9441624365483,0.058390433765964644,0.012935394347122434,0.0,0.976298242592722,5.377606612292712e-07,0.27526000387903593,0.8869308390294386,0,1.0,0.25,0.171875,0.07246376811594203,14.76656654617176,0.012935396012468044,0.00021150592216582064,0.9762985509733244,4.4943189958549044e-11,4.494318995855031e-11,0.11392405063291139,0.8629441624365483,0.031000000000858563
discovery,7144,702,legacy5,training_sd,0.0003,418001,dose1_training_sd.npz,38,126.23326760571976,39,0.28426395939086296,True,False,14.770439220986734,645.9441624365483,0.058390433765964644,0.012935395279449629,0.0,0.9762982162180114,4.655510883641506e-08,0.27526072836832816,0.8877804318347327,0,1.0,0.25,0.171875,0.07246376811594203,14.76656654617176,0.012935396012468044,0.00021150592216582064,0.9762985509733244,4.437236616100017e-11,4.4372366160998725e-11,0.11392405063291139,0.8629441624365483,0.030999999999039574
discovery,7144,702,legacy5,flat,0.03,418001,dose2_flat.npz,0,0.0,1,0.07614213197969544,False,False,16.627419553749856,645.9441624365483,0.058390433765964644,0.012872851188485775,0.0,0.9773801901915258,1.9285512310213486,0.07681933893949243,0.8611769172656439,0,0.03125,0.09375,0.046875,0.11594202898550725,15.446722806443828,0.012872488323983997,0.00021150592216582064,0.9774256664338565,4.4943189958549054e-07,4.494318995854905e-07,0.07653061224489796,0.5380710659898477,0.031000000000858563
discovery,7144,702,legacy5,training_sd,0.03,418001,dose2_training_sd.npz,10,33.219280948873624,11,0.15228426395939088,False,False,16.17616554941038,645.9441624365483,0.058390433765964644,0.012716144267304365,0.0,0.9762401505256055,1.7344035481615088,0.1431692354074327,0.8512633223729431,0,0.375,0.0625,0.125,0.11594202898550725,15.329819299386036,0.012716580194368514,0.00021150592216582064,0.9762787448807415,4.4372366161000184e-07,4.4372366161000184e-07,0.10752688172043011,0.7766497461928934,0.0319999999992433
discovery,7144,702,legacy5,flat,0.3,418001,dose3_flat.npz,0,0.0,1,0.07106598984771574,False,False,27.309276144234527,645.9441624365483,0.058390433765964644,0.012154773510925731,0.0,0.9724080458125463,2.5855124794212334,0.08174723860650304,0.8928720858524533,0,0.09375,0.0,0.0625,0.10144927536231885,15.795476202329777,0.01212907402797595,0.00021150592216582064,0.9770065491511023,4.494318995854907e-05,4.4943189958549046e-05,0.07142857142857142,0.15228426395939088,0.014999999999417923
discovery,7144,702,legacy5,training_sd,0.3,418001,dose3_training_sd.npz,0,0.0,1,0.1065989847715736,False,False,23.59260737346546,645.9441624365483,0.058390433765964644,0.012852914372258975,0.0,0.9721065770310459,1.794936446278529,0.10769769493797779,0.8531058111490264,0,0.09375,0.125,0.078125,0.13043478260869565,15.275032538287093,0.012833086381857844,0.00021150592216582064,0.9761071512306033,4.437236616100018e-05,4.437236616100018e-05,0.10714285714285714,0.37055837563451777,0.014999999999417923
discovery,7144,702,brain5,clean,0.0,418001,clean.npz,35,116.26748332105768,36,0.25380710659898476,True,False,9.945163860012189,81047.59898477157,0.4154054848580012,0.0020713553155155195,0.0,0.9809152831452091,0.0,0.23867763886849963,0.8286154804852532,0,1.0,0.21875,0.0625,0.10144927536231885,9.945163860012189,0.0020713553155155195,0.0,0.9809152831452091,0.0,0.0,0.09316770186335403,,
discovery,7144,702,brain5,flat,0.0003,418001,dose1_flat.npz,35,116.26748332105768,36,0.24873096446700507,True,False,10.179581175436331,81192.87817258883,0.4143575893320868,0.002092858118401661,0.00010575296108291032,0.9808002377967189,0.5585146916811239,0.2385200110845383,0.8302306401081568,0,1.0,0.21875,0.09375,0.057971014492753624,10.177636642291366,0.002092857721770102,0.0,0.9808002685471469,4.604039957054852e-13,4.604039957054836e-13,0.08695652173913043,0.8121827411167513,4.29700000000048
discovery,7144,702,brain5,training_sd,0.0003,418001,dose1_training_sd.npz,35,116.26748332105768,36,0.25380710659898476,True,False,9.945863595466713,81047.59898477157,0.4154054848580012,0.0020713560075132044,0.0,0.9809151673492519,1.3876110722120082e-08,0.23868453594478223,0.8286038316859059,0,1.0,0.21875,0.0625,0.10144927536231885,9.945163860012189,0.0020713553155155195,0.0,0.9809152831452091,4.4899690142448714e-13,4.489969014244941e-13,0.09316770186335403,0.8121827411167513,3.9059999999990396
discovery,7144,702,brain5,flat,0.03,418001,dose2_flat.npz,0,0.0,1,0.09644670050761421,False,False,11.344848935504261,81450.93908629441,0.41249620174485957,0.0020740792595408887,0.0,0.9809158498923366,1.5464714865424478,0.09860517349882844,0.8326102716904167,0,0.09375,0.15625,0.15625,0.014492753623188406,10.545312340370769,0.0020738919206263647,0.00010575296108291032,0.9809344610166965,4.604039957054852e-09,4.604039957054851e-09,0.09693877551020408,0.233502538071066,4.015999999999622
discovery,7144,702,brain5,training_sd,0.03,418001,dose2_training_sd.npz,35,116.26748332105768,36,0.27411167512690354,True,False,10.530389402950165,81073.65482233503,0.41521754468558614,0.0020814259043435025,0.0,0.98073295663953,0.43217294776659276,0.2533527649999179,0.827187057250536,0,1.0,0.21875,0.109375,0.11594202898550725,10.164928219062102,0.0020814140566874618,0.0,0.9807539665116602,4.489969014244873e-09,4.489969014244874e-09,0.11801242236024845,0.8020304568527918,3.9060000000008586
discovery,7144,702,brain5,flat,0.3,418001,dose3_flat.npz,0,0.0,1,0.1116751269035533,False,False,19.174637042931074,80979.27411167513,0.4158983106364361,0.0021168434916413997,0.0,0.9824559228313112,11.96257521062973,0.11020063270643544,0.8746854931378087,0,0.09375,0.09375,0.15625,0.08695652173913043,10.603648421603824,0.0021064249095722734,0.0,0.9834427736613313,4.604039957054851e-07,4.604039957054851e-07,0.11224489795918367,0.1116751269035533,4.04700000000048
discovery,7144,702,brain5,training_sd,0.3,418001,dose3_training_sd.npz,12,39.86313713864835,13,0.16751269035532995,False,False,14.319139183792547,80570.94416243654,0.4188435854093253,0.0020731483874762155,0.0,0.9815025684017693,1.4201698310617532,0.1668234338762649,0.798687634988122,0,0.46875,0.03125,0.171875,0.08695652173913043,10.673815751824346,0.0020714076372144864,0.00010575296108291032,0.9824098014234011,4.489969014244871e-07,4.489969014244871e-07,0.11413043478260869,0.48223350253807107,3.9689999999991414
discovery,7144,702,brain1,clean,0.0,418001,clean.npz,35,116.26748332105768,36,0.25380710659898476,True,False,7.743647907886019,106113.7461928934,0.2346039267962593,0.005465849592102702,0.0,0.9990913722037231,0.0,0.24871821868107016,0.9450751879655959,0,1.0,0.1875,0.078125,0.10144927536231885,7.743647907886019,0.005465849592102702,0.0,0.9990913722037231,0.0,0.0,0.09316770186335403,,
discovery,7144,702,brain1,flat,0.0003,418001,dose1_flat.npz,35,116.26748332105768,36,0.25380710659898476,True,False,7.754553712436446,106113.7461928934,0.2346039267962593,0.005465849538542062,0.0,0.9990913287415879,2.052351567164873e-05,0.24860973337686174,0.9453657762535296,0,1.0,0.1875,0.078125,0.10144927536231885,7.743647907886019,0.005465849592102702,0.0,0.9990913722037231,2.8381182148166423e-12,2.83811821481664e-12,0.09316770186335403,0.8071065989847716,9.875
discovery,7144,702,brain1,training_sd,0.0003,418001,dose1_training_sd.npz,35,116.26748332105768,36,0.25380710659898476,True,False,7.751027690092467,106113.7461928934,0.2346039267962593,0.005465849893435487,0.0,0.9990913183395774,6.862617329668949e-08,0.24873418767504885,0.9451536224624866,0,1.0,0.1875,0.078125,0.10144927536231885,7.743647907886019,0.005465849592102702,0.0,0.9990913722037231,2.807398032940485e-12,2.807398032940417e-12,0.09316770186335403,0.817258883248731,10.265999999999622
discovery,7144,702,brain1,flat,0.03,418001,dose2_flat.npz,1,3.321928094887362,2,0.08121827411167512,False,False,12.585763447947608,104127.538071066,0.24893040146664358,0.005570774680178818,0.0,0.9974055055834534,2.4325818330238604,0.08715409103611872,0.8096646884326698,0,0.0625,0.0625,0.09375,0.08695652173913043,10.507424703904018,0.005570327503299732,0.00021150592216582064,0.9974187942820967,2.838118214816643e-08,2.838118214816643e-08,0.07692307692307693,0.20304568527918782,10.264999999999418
discovery,7144,702,brain1,training_sd,0.03,418001,dose2_training_sd.npz,1,3.321928094887362,2,0.1116751269035533,False,False,7.414367755679554,105197.25888324874,0.2412145292215846,0.005401955676744669,0.0,0.9996935624222191,1.0244045598839997,0.11719800049598982,0.9594020625499711,0,0.09375,0.21875,0.078125,0.10144927536231885,5.174008951100419,0.005401926369657435,0.0,0.9997101127443145,2.8073980329404854e-08,2.807398032940485e-08,0.1076923076923077,0.6903553299492385,10.406000000000859
discovery,7144,702,brain1,flat,0.3,418001,dose3_flat.npz,0,0.0,1,0.08121827411167512,False,False,28.588710234318427,103473.80203045685,0.2536457848768612,0.00561062865306286,0.0,0.9959193581237221,22.943058735319966,0.09476608667928574,0.8727557498417766,0,0.09375,0.0625,0.109375,0.057971014492753624,10.908514621785484,0.005600314358105741,0.00010575296108291032,0.9972924575805863,2.838118214816643e-06,2.838118214816643e-06,0.08163265306122448,0.10152284263959391,11.078999999999724
discovery,7144,702,brain1,training_sd,0.3,418001,dose3_training_sd.npz,0,0.0,1,0.09137055837563451,False,False,19.76964101397313,105972.461928934,0.2356230070259162,0.0055446424421101564,0.0,0.9973519369756085,0.7792722544589719,0.08775664423027887,0.8274643197810724,0,0.09375,0.0625,0.078125,0.11594202898550725,7.935271308062911,0.005544338327095268,0.00010575296108291032,0.9986668782696783,2.8073980329404853e-06,2.8073980329404853e-06,0.09183673469387756,0.39593908629441626,11.125
discovery,7145,701,legacy5,clean,0.0,418001,clean.npz,32,106.30169903639559,33,0.22842639593908629,True,False,14.151178556076472,647.9340101522843,0.055489781119119175,0.012969889598497663,0.00021150592216582064,0.966949443900931,0.0,0.231450690317604,0.8298789121424536,0,1.0,0.125,0.046875,0.08695652173913043,14.151178556076472,0.012969889598497663,0.00021150592216582064,0.966949443900931,0.0,0.0,0.07926829268292683,,
discovery,7145,701,legacy5,flat,0.0003,418001,dose1_flat.npz,32,106.30169903639559,33,0.22842639593908629,True,False,14.157960767332417,647.9340101522843,0.055489781119119175,0.012969900731751778,0.0,0.9669496211261014,9.806054596747066e-07,0.2314343469103298,0.8293892336508376,0,1.0,0.125,0.046875,0.08695652173913043,14.151178556076472,0.012969889598497663,0.00021150592216582064,0.966949443900931,7.903694103858954e-11,7.903694103859024e-11,0.07926829268292683,0.8477157360406091,0.031000000000858563
discovery,7145,701,legacy5,training_sd,0.0003,418001,dose1_training_sd.npz,32,106.30169903639559,33,0.22842639593908629,True,False,14.155625999862366,647.9340101522843,0.055489781119119175,0.012969907514751458,0.00010575296108291032,0.9669497591942267,5.342107204786634e-08,0.23147065235997136,0.82981457479917,0,1.0,0.125,0.046875,0.08695652173913043,14.151178556076472,0.012969889598497663,0.00021150592216582064,0.966949443900931,8.133757120906813e-11,8.13375712090682e-11,0.07926829268292683,0.8527918781725888,0.014999999999417923
discovery,7145,701,legacy5,flat,0.03,418001,dose2_flat.npz,3,9.965784284662087,4,0.1065989847715736,False,False,15.063526630862835,647.9340101522843,0.055489781119119175,0.01220770170957448,0.0,0.9662840215661425,2.023574206499356,0.11294002866034708,0.8065373698977978,0,0.21875,0.03125,0.09375,0.10144927536231885,13.85293618979694,0.012207196796282923,0.00021150592216582064,0.9663094620473313,7.903694103858958e-07,7.903694103858958e-07,0.09326424870466321,0.5431472081218274,0.0319999999992433
discovery,7145,701,legacy5,training_sd,0.03,418001,dose2_training_sd.npz,32,106.30169903639559,33,0.25888324873096447,True,False,15.509910030716938,647.9340101522843,0.055489781119119175,0.013171252367339474,0.0,0.968881104310923,1.7742854599539988,0.24463160297848624,0.8188609897767107,0,1.0,0.15625,0.125,0.08695652173913043,14.602510063845784,0.013169074886292851,0.00021150592216582064,0.9688885085490402,8.133757120906813e-07,8.133757120906813e-07,0.11585365853658537,0.7918781725888325,0.015000000001236913
discovery,7145,701,legacy5,flat,0.3,418001,dose3_flat.npz,1,3.321928094887362,2,0.08121827411167512,False,False,26.74164421965257,647.9340101522843,0.055489781119119175,0.012758787649006259,0.0,0.9595714494422903,3.0123544267666236,0.09851332090259897,0.8521125276102606,0,0.15625,0.09375,0.078125,0.043478260869565216,14.482783185447817,0.012715295000344556,0.00021150592216582064,0.966419863491933,7.903694103858958e-05,7.903694103858958e-05,0.07692307692307693,0.17766497461928935,0.0319999999992433
discovery,7145,701,legacy5,training_sd,0.3,418001,dose3_training_sd.npz,0,0.0,1,0.1065989847715736,False,False,23.285122538905586,647.9340101522843,0.055489781119119175,0.012109839265777023,0.0,0.9554646484909753,2.169843188817326,0.11397280848440439,0.8422492590473182,0,0.125,0.03125,0.203125,0.043478260869565216,14.41284661082278,0.012058580941060944,0.00021150592216582064,0.9632713975000898,8.133757120906815e-05,8.133757120906815e-05,0.10714285714285714,0.3604060913705584,0.014999999999417923
discovery,7145,701,brain5,clean,0.0,418001,clean.npz,32,106.30169903639559,33,0.2436548223350254,True,False,9.88864814499931,87542.82741116751,0.36855554778116173,0.0022222994003223513,0.0,0.9757597637395112,0.0,0.24423939204552872,0.7418358065697369,0,1.0,0.0625,0.140625,0.07246376811594203,9.88864814499931,0.0022222994003223513,0.0,0.9757597637395112,0.0,0.0,0.0975609756097561,,
discovery,7145,701,brain5,flat,0.0003,418001,dose1_flat.npz,32,106.30169903639559,33,0.2233502538071066,True,False,10.297966184929598,87112.26395939087,0.37166119230958916,0.002245884609084163,0.00010575296108291032,0.9765475626813875,1.2801358882249567,0.22310174290377213,0.7727743336703495,0,1.0,0.0625,0.078125,0.07246376811594203,10.296202953473564,0.0022458827347600257,0.0,0.9765474361609209,5.551899410915193e-13,5.551899410915187e-13,0.07317073170731707,0.7969543147208121,4.109000000000378
discovery,7145,701,brain5,training_sd,0.0003,418001,dose1_training_sd.npz,32,106.30169903639559,33,0.2436548223350254,True,False,9.889216662707957,87542.82741116751,0.36855554778116173,0.002222300613542836,0.0,0.9757598645625427,1.2956456060610948e-08,0.24423141667838036,0.7418122503708136,0,1.0,0.0625,0.140625,0.07246376811594203,9.88864814499931,0.0022222994003223513,0.0,0.9757597637395112,5.681475629700588e-13,5.681475629700902e-13,0.0975609756097561,0.817258883248731,4.0789999999997235
discovery,7145,701,brain5,flat,0.03,418001,dose2_flat.npz,0,0.0,1,0.14213197969543148,False,False,11.257630234124992,86215.78680203046,0.37812746195492997,0.002283710931428287,0.0,0.9764192323611907,2.041097643007167,0.13635484891756638,0.7919797066774833,0,0.15625,0.09375,0.140625,0.15942028985507245,10.51659492603248,0.0022834097677010934,0.0,0.9764210451100281,5.551899410915195e-09,5.551899410915194e-09,0.14285714285714285,0.25380710659898476,3.936999999999898
discovery,7145,701,brain5,training_sd,0.03,418001,dose2_training_sd.npz,32,106.30169903639559,33,0.27411167512690354,True,False,10.347123534034985,87302.72588832487,0.3702873946845774,0.0022414662460293806,0.0,0.9767994689169563,1.4128703943466423,0.24807251603126976,0.7355049789376822,0,1.0,0.0625,0.1875,0.11594202898550725,10.025158511963882,0.0022412312600111795,0.0,0.9768143854530001,5.681475629700587e-09,5.681475629700589e-09,0.13414634146341464,0.7766497461928934,4.063000000000102
discovery,7145,701,brain5,flat,0.3,418001,dose3_flat.npz,0,0.0,1,0.116751269035533,False,False,18.89997698693841,86418.11675126903,0.37666806056543234,0.002373798715027497,0.0,0.9778442494678017,10.772332356784107,0.11748830123968339,0.7973074788827437,0,0.1875,0.09375,0.140625,0.07246376811594203,10.69318981610819,0.0023638862943267587,0.0,0.9786747040608325,5.551899410915195e-07,5.551899410915195e-07,0.11734693877551021,0.13705583756345177,4.0
discovery,7145,701,brain5,training_sd,0.3,418001,dose3_training_sd.npz,6,19.931568569324174,7,0.17258883248730963,False,False,13.589182040326422,87041.03553299492,0.37217496135290273,0.0022195683223798124,0.0,0.9750628004770892,2.059704102257409,0.1629722853646891,0.7469767341739105,0,0.28125,0.125,0.140625,0.17391304347826086,10.088536898397916,0.0022167591453635255,0.0,0.9759349560487024,5.681475629700589e-07,5.681475629700588e-07,0.14736842105263157,0.5025380710659898,4.063000000000102
discovery,7145,701,brain1,clean,0.0,418001,clean.npz,35,116.26748332105768,36,0.27918781725888325,True,False,10.61837155136943,113786.40609137056,0.17926120289838676,0.005803274767305971,0.00010575296108291032,0.9966635856950484,0.0,0.27188270895192523,0.7886647685472175,0,1.0,0.1875,0.125,0.13043478260869565,10.61837155136943,0.005803274767305971,0.00010575296108291032,0.9966635856950484,0.0,0.0,0.12422360248447205,,
discovery,7145,701,brain1,flat,0.0003,418001,dose1_flat.npz,35,116.26748332105768,36,0.27918781725888325,True,False,10.62374261598132,113786.40609137056,0.17926120289838676,0.005803276765652584,0.0,0.9966635656922325,1.8928247681092554e-05,0.27205613445279647,0.7873167742727775,0,1.0,0.1875,0.125,0.13043478260869565,10.61837155136943,0.005803274767305971,0.00010575296108291032,0.9966635856950484,3.439993657735591e-12,3.439993657735711e-12,0.12422360248447205,0.7715736040609137,11.063000000000102
discovery,7145,701,brain1,training_sd,0.0003,418001,dose1_training_sd.npz,35,116.26748332105768,36,0.27918781725888325,True,False,10.620955644981198,113786.40609137056,0.17926120289838676,0.005803277462069113,0.00010575296108291032,0.9966635755971011,6.689911758082788e-08,0.2719225977305651,0.7886244027167463,0,1.0,0.1875,0.125,0.13043478260869565,10.61837155136943,0.005803274767305971,0.00010575296108291032,0.9966635856950484,3.458421617212223e-12,3.4584216172123363e-12,0.12422360248447205,0.7868020304568528,9.765999999999622
discovery,7145,701,brain1,flat,0.03,418001,dose2_flat.npz,1,3.321928094887362,2,0.10152284263959391,False,False,13.13217001976038,114821.0304568528,0.17179848053684177,0.005788365277715258,0.0,0.9965565895279056,1.677856318271689,0.09396590210745745,0.817480205756705,0,0.03125,0.15625,0.09375,0.11594202898550725,10.937028966463004,0.005787765036666399,0.0,0.9965755877265081,3.439993657735591e-08,3.43999365773559e-08,0.09743589743589744,0.2182741116751269,10.609000000000378
discovery,7145,701,brain1,training_sd,0.03,418001,dose2_training_sd.npz,8,26.575424759098897,9,0.1319796954314721,False,False,12.772840816216261,113564.46700507615,0.18086204455401333,0.005832360980284029,0.0,0.9968365506319836,1.4873740432738614,0.12432420846995372,0.7975510957841744,0,0.40625,0.125,0.046875,0.08695652173913043,11.13851039746517,0.005832092265001886,0.0,0.9968440485799338,3.4584216172122246e-08,3.458421617212223e-08,0.09574468085106383,0.6446700507614214,11.061999999999898
discovery,7145,701,brain1,flat,0.3,418001,dose3_flat.npz,0,0.0,1,0.1116751269035533,False,False,27.14030513636331,117069.62436548223,0.15557942306650918,0.005812925005954257,0.0,0.9946084258482876,20.407475764136457,0.10499537730243905,0.9095597435328874,0,0.125,0.0625,0.140625,0.10144927536231885,10.144808324910782,0.00580035455400335,0.0,0.9961472236194985,3.4399936577355904e-06,3.4399936577355904e-06,0.11224489795918367,0.08121827411167512,10.031999999999243
discovery,7145,701,brain1,training_sd,0.3,418001,dose3_training_sd.npz,0,0.0,1,0.09644670050761421,False,False,23.39640639650773,113804.8578680203,0.1791281106469298,0.005843830272261188,0.00010575296108291032,0.9951721142968875,1.4794206974471007,0.09898507089933384,0.8044577421756519,0,0.21875,0.09375,0.109375,0.028985507246376812,10.950775566382365,0.005841094181572657,0.00010575296108291032,0.9966785257492533,3.4584216172122234e-06,3.4584216172122243e-06,0.09693877551020408,0.27918781725888325,10.54700000000048
discovery,7145,702,legacy5,clean,0.0,418001,clean.npz,39,129.55519570060713,40,0.2893401015228426,True,False,13.984661259474269,645.9340101522843,0.058405233014162894,0.012055997635433134,0.00021150592216582064,0.9673001142633733,0.0,0.26980066124115254,0.8021116032803863,0,1.0,0.28125,0.078125,0.15942028985507245,13.984661259474269,0.012055997635433134,0.00021150592216582064,0.9673001142633733,0.0,0.0,0.11464968152866242,,
discovery,7145,702,legacy5,flat,0.0003,418001,dose1_flat.npz,39,129.55519570060713,40,0.2893401015228426,True,False,13.989986197248808,645.9340101522843,0.058405233014162894,0.01205599649911041,0.0,0.967299852766072,6.517517303758685e-07,0.2700286318360469,0.8022266392715212,0,1.0,0.28125,0.078125,0.15942028985507245,13.984661259474269,0.012055997635433134,0.00021150592216582064,0.9673001142633733,3.601029881636868e-11,3.601029881636866e-11,0.11464968152866242,0.8527918781725888,0.01600000000144064
discovery,7145,702,legacy5,training_sd,0.0003,418001,dose1_training_sd.npz,39,129.55519570060713,40,0.2893401015228426,True,False,13.987051631966056,645.9340101522843,0.058405233014162894,0.012055997492957467,0.0,0.9672994942057982,3.079153968688276e-08,0.2698769889933298,0.8022240696093512,0,1.0,0.28125,0.078125,0.15942028985507245,13.984661259474269,0.012055997635433134,0.00021150592216582064,0.9673001142633733,3.717434688583977e-11,3.717434688583841e-11,0.11464968152866242,0.8527918781725888,0.014999999999417923
discovery,7145,702,legacy5,flat,0.03,418001,dose2_flat.npz,0,0.0,1,0.06598984771573604,False,False,14.365074301732262,645.9340101522843,0.058405233014162894,0.01192759184180596,0.0,0.9692198893794866,1.642791326735043,0.08066651124155871,0.8013939216131198,0,0.09375,0.03125,0.0625,0.07246376811594203,13.449647543692665,0.011927617589492439,0.00021150592216582064,0.9692469066877942,3.601029881636868e-07,3.60102988163687e-07,0.0663265306122449,0.6598984771573604,0.0319999999992433
discovery,7145,702,legacy5,training_sd,0.03,418001,dose2_training_sd.npz,35,116.26748332105768,36,0.28426395939086296,True,False,14.77726143707014,645.9340101522843,0.058405233014162894,0.012223284562830313,0.0,0.9679542154690238,1.6749344812683051,0.25828008386670126,0.8016503594860449,0,1.0,0.28125,0.109375,0.11594202898550725,14.257243614004283,0.012222984517705548,0.00021150592216582064,0.9680468263695886,3.717434688583978e-07,3.7174346885839764e-07,0.13043478260869565,0.817258883248731,0.015000000001236913
discovery,7145,702,legacy5,flat,0.3,418001,dose3_flat.npz,0,0.0,1,0.1065989847715736,False,False,23.89091654560358,645.9340101522843,0.058405233014162894,0.012092418613091283,0.0,0.9619416633355522,2.6136548304758995,0.10748958226983393,0.8601427155347089,0,0.09375,0.125,0.125,0.08695652173913043,14.207117137594272,0.012075798189826351,0.00021150592216582064,0.9650847315002898,3.601029881636869e-05,3.601029881636868e-05,0.10714285714285714,0.22842639593908629,0.01599999999962165
discovery,7145,702,legacy5,training_sd,0.3,418001,dose3_training_sd.npz,0,0.0,1,0.16243654822335024,False,False,20.285052191127463,645.9340101522843,0.058405233014162894,0.012104051856964724,0.0,0.965827107113056,2.154712225175222,0.14653147269883654,0.8023121230420363,0,0.09375,0.1875,0.15625,0.18840579710144928,14.277627038548356,0.012091084207160504,0.00021150592216582064,0.9689010922078566,3.7174346885839775e-05,3.7174346885839775e-05,0.16326530612244897,0.4619289340101523,0.01599999999962165
discovery,7145,702,brain5,clean,0.0,418001,clean.npz,12,39.86313713864835,13,0.19289340101522842,False,False,8.953166455536593,76709.16243654823,0.44669853045284347,0.0020592404435500725,0.0,0.980097743090885,0.0,0.1802048900392333,0.8726650644523681,0,0.5,0.28125,0.046875,0.14492753623188406,8.953166455536593,0.0020592404435500725,0.0,0.980097743090885,0.0,0.0,0.14130434782608695,,
discovery,7145,702,brain5,flat,0.0003,418001,dose1_flat.npz,12,39.86313713864835,13,0.14213197969543148,False,False,9.278757141416245,77205.39086294416,0.4431192459340867,0.0020733154862801985,0.0,0.9796846194692261,1.912177773321951,0.14691643541566962,0.8812385455645917,0,0.4375,0.09375,0.109375,0.057971014492753624,9.274108881142137,0.0020733141892128053,0.00010575296108291032,0.9796847053753402,7.056450262511204e-13,7.056450262511165e-13,0.08695652173913043,0.7461928934010152,3.9680000000007567
discovery,7145,702,brain5,training_sd,0.0003,418001,dose1_training_sd.npz,12,39.86313713864835,13,0.19289340101522842,False,False,8.954487032758676,76709.16243654823,0.44669853045284347,0.0020592415032364836,0.0,0.980097266071961,1.7451445804907304e-08,0.1801989778485457,0.872665775272032,0,0.5,0.28125,0.046875,0.14492753623188406,8.953166455536593,0.0020592404435500725,0.0,0.980097743090885,7.291252002587691e-13,7.291252002587719e-13,0.14130434782608695,0.7411167512690355,4.140999999999622
discovery,7145,702,brain5,flat,0.03,418001,dose2_flat.npz,0,0.0,1,0.08629441624365482,False,False,11.489594421907796,76236.72588832487,0.4501062046875347,0.002019265855917457,0.0,0.9831103788266996,1.835701416591073,0.08702430193872632,0.895746388505188,0,0.03125,0.03125,0.09375,0.13043478260869565,10.539509658665859,0.0020188539518382247,0.00021150592216582064,0.9831198650126416,7.056450262511203e-09,7.056450262511203e-09,0.08673469387755102,0.15736040609137056,4.186999999999898
discovery,7145,702,brain5,training_sd,0.03,418001,dose2_training_sd.npz,12,39.86313713864835,13,0.1319796954314721,False,False,10.118548332016735,77070.73604060913,0.4440905081498775,0.002093073632614709,0.00010575296108291032,0.977310554406154,1.75100639971459,0.1376720769223513,0.845492478035572,0,0.40625,0.09375,0.078125,0.07246376811594203,9.795969598620404,0.002092990024140028,0.00010575296108291032,0.9773149127781133,7.2912520025876905e-09,7.291252002587694e-09,0.07608695652173914,0.7258883248730964,4.3289999999997235
discovery,7145,702,brain5,flat,0.3,418001,dose3_flat.npz,0,0.0,1,0.09137055837563451,False,False,19.04912308374434,76706.79187817259,0.44671562923728103,0.002071474908869117,0.0,0.9779647069584267,18.60733164447699,0.09217913736265435,0.924638614831488,0,0.03125,0.03125,0.109375,0.13043478260869565,9.826735022438896,0.002057141386573163,0.0,0.9792297773144777,7.056450262511203e-07,7.056450262511203e-07,0.09183673469387756,0.1065989847715736,4.25
discovery,7145,702,brain5,training_sd,0.3,418001,dose3_training_sd.npz,3,9.965784284662087,4,0.08629441624365482,False,False,13.508768345398137,76502.41116751269,0.4481898227229517,0.0020660736130107406,0.00010575296108291032,0.9813639322237288,2.2349461473297634,0.09132639172300741,0.8895740351862209,0,0.09375,0.09375,0.09375,0.07246376811594203,9.932030050072425,0.0020633919445839006,0.0,0.9824234224594259,7.29125200258769e-07,7.291252002587692e-07,0.07253886010362694,0.4416243654822335,3.9680000000007567
discovery,7145,702,brain1,clean,0.0,418001,clean.npz,33,109.62362713128296,34,0.22842639593908629,True,False,11.237242391443834,106727.0304568528,0.23018032114446296,0.005714486828220895,0.0,0.9975501980974055,0.0,0.2291186765632184,0.7369448201353938,0,1.0,0.125,0.0625,0.07246376811594203,11.237242391443834,0.005714486828220895,0.0,0.9975501980974055,0.0,0.0,0.0736196319018405,,
discovery,7145,702,brain1,flat,0.0003,418001,dose1_flat.npz,33,109.62362713128296,34,0.2131979695431472,True,False,11.110051712543385,106937.42639593908,0.22866273995095843,0.005716352296367074,0.0,0.9976350362597902,0.7922288455244783,0.21771225476347933,0.7502172438951648,0,1.0,0.125,0.015625,0.07246376811594203,11.10610730567942,0.005716353778756864,0.0,0.9976350811991471,2.0287549757461757e-12,2.0287549757462497e-12,0.05521472392638037,0.7360406091370558,9.764999999999418
discovery,7145,702,brain1,training_sd,0.0003,418001,dose1_training_sd.npz,33,109.62362713128296,34,0.25888324873096447,True,False,11.305414380248134,107444.0304568528,0.2250086162129502,0.005744479433287002,0.0,0.9975531488842219,0.9648984798653069,0.23537187550067862,0.7403977663906927,0,1.0,0.125,0.125,0.10144927536231885,11.302764497421757,0.005744480804774056,0.0,0.9975531489436902,2.011425588034536e-12,2.0114255880345448e-12,0.11042944785276074,0.7360406091370558,10.67200000000048
discovery,7145,702,brain1,flat,0.03,418001,dose2_flat.npz,1,3.321928094887362,2,0.1218274111675127,False,False,13.395786892884873,107216.79695431472,0.2266476463742907,0.005678325725614195,0.0,0.9975580805232119,1.2311244787113573,0.11575696004128273,0.782445125424108,0,0.09375,0.15625,0.125,0.11594202898550725,11.491637654939801,0.005678291033361959,0.0,0.997570339388577,2.028754975746176e-08,2.028754975746176e-08,0.11794871794871795,0.26903553299492383,10.57799999999952
discovery,7145,702,brain1,training_sd,0.03,418001,dose2_training_sd.npz,8,26.575424759098897,9,0.12690355329949238,False,False,12.459208744722432,108077.31472081218,0.22044075100936833,0.005738287994028192,0.0,0.997607076965161,1.1855281132710904,0.12471235507411815,0.7377222169756369,0,0.3125,0.09375,0.078125,0.10144927536231885,11.177944158461655,0.005738412019618371,0.0,0.9976150859728037,2.011425588034536e-08,2.011425588034534e-08,0.09042553191489362,0.6649746192893401,10.375
discovery,7145,702,brain1,flat,0.3,418001,dose3_flat.npz,0,0.0,1,0.06598984771573604,False,False,27.810523872090016,106033.94416243654,0.23517953705352357,0.005669977986180104,0.0,0.9966272092372472,10.424567668550734,0.06763559271847677,0.761672912484787,0,0.09375,0.03125,0.046875,0.08695652173913043,11.397742400130443,0.005662463118681829,0.00010575296108291032,0.9975408395097176,2.0287549757461757e-06,2.028754975746176e-06,0.0663265306122449,0.10152284263959391,6.7039999999997235
discovery,7145,702,brain1,training_sd,0.3,418001,dose3_training_sd.npz,1,3.321928094887362,2,0.1116751269035533,False,False,22.70490638766838,107068.59390862944,0.22771663162148137,0.0057389236253843744,0.0,0.9968180317041857,1.298240161148003,0.11200564480404249,0.7507496627925604,0,0.125,0.125,0.125,0.08695652173913043,11.383240174494906,0.005739550008205808,0.0,0.9976379406531548,2.011425588034536e-06,2.0114255880345365e-06,0.1076923076923077,0.3401015228426396,12.45299999999952
discovery,7146,701,legacy5,clean,0.0,418001,clean.npz,32,106.30169903639559,33,0.22842639593908629,True,False,13.808320598271806,647.9492385786803,0.0554675822468218,0.012030012473429086,0.00021150592216582064,0.9619271863427449,0.0,0.2131791845103157,0.7963725559437941,0,1.0,0.09375,0.09375,0.057971014492753624,13.808320598271806,0.012030012473429086,0.00021150592216582064,0.9619271863427449,0.0,0.0,0.07926829268292683,,
discovery,7146,701,legacy5,flat,0.0003,418001,dose1_flat.npz,32,106.30169903639559,33,0.25380710659898476,True,False,14.531109531515705,647.9492385786803,0.0554675822468218,0.012003585034214637,0.0,0.9638287064576142,1.0827975319083223,0.2450351184300732,0.7732317365178357,0,1.0,0.09375,0.109375,0.11594202898550725,14.52533164065901,0.012003572565230167,0.00021150592216582064,0.9638289565771387,4.9435471583046865e-11,4.943547158304598e-11,0.10975609756097561,0.7461928934010152,0.01599999999962165
discovery,7146,701,legacy5,training_sd,0.0003,418001,dose1_training_sd.npz,32,106.30169903639559,33,0.22842639593908629,True,False,13.81219394920744,647.9492385786803,0.0554675822468218,0.012030024731974436,0.00010575296108291032,0.961927079153731,3.948561293727182e-08,0.21317494995541308,0.796421118143397,0,1.0,0.09375,0.09375,0.057971014492753624,13.808320598271806,0.012030012473429086,0.00021150592216582064,0.9619271863427449,4.972634815702906e-11,4.972634815702918e-11,0.07926829268292683,0.7461928934010152,0.01599999999962165
discovery,7146,701,legacy5,flat,0.03,418001,dose2_flat.npz,32,106.30169903639559,33,0.22842639593908629,True,False,16.103367747958277,647.9492385786803,0.0554675822468218,0.012067554362993284,0.0,0.9637145831368863,1.6515067136876913,0.22073109766483118,0.7452472492128142,0,1.0,0.1875,0.046875,0.057971014492753624,15.086755027110822,0.012066293825051913,0.00021150592216582064,0.9638112526389976,4.943547158304687e-07,4.943547158304687e-07,0.07926829268292683,0.6598984771573604,0.030999999999039574
discovery,7146,701,legacy5,training_sd,0.03,418001,dose2_training_sd.npz,32,106.30169903639559,33,0.2436548223350254,True,False,15.722560507111098,647.9492385786803,0.0554675822468218,0.011939574332312247,0.0,0.9645056939500772,1.417867241050464,0.23765109410638705,0.7759369704481509,0,1.0,0.0625,0.15625,0.057971014492753624,14.979812722022247,0.011938179792383858,0.00021150592216582064,0.9646078434308979,4.972634815702906e-07,4.972634815702907e-07,0.0975609756097561,0.7360406091370558,0.01600000000144064
discovery,7146,701,legacy5,flat,0.3,418001,dose3_flat.npz,1,3.321928094887362,2,0.1065989847715736,False,False,25.245588305689648,647.9492385786803,0.0554675822468218,0.01211566780960707,0.0,0.9588793658778386,2.472749326786464,0.1014682860876316,0.7663570103119273,0,0.125,0.21875,0.0625,0.08695652173913043,14.793325478226947,0.012083490944193327,0.00021150592216582064,0.9631932641436434,4.9435471583046874e-05,4.9435471583046874e-05,0.10256410256410256,0.27918781725888325,0.030999999999039574
discovery,7146,701,legacy5,training_sd,0.3,418001,dose3_training_sd.npz,1,3.321928094887362,2,0.1065989847715736,False,False,21.4919763905689,647.9492385786803,0.0554675822468218,0.012148546615716942,0.0,0.9603130573368095,1.8735245381905012,0.11164168890927018,0.7544751820803934,0,0.09375,0.21875,0.09375,0.07246376811594203,14.474806609383965,0.012120604237810289,0.00021150592216582064,0.9643164717883386,4.972634815702906e-05,4.972634815702907e-05,0.10256410256410256,0.4517766497461929,0.01599999999962165
discovery,7146,701,brain5,clean,0.0,418001,clean.npz,32,106.30169903639559,33,0.23857868020304568,True,False,7.52723202801059,85208.81725888325,0.3853907107027369,0.002230078740429989,0.0,0.9879078728813309,0.0,0.22565818474182683,0.907919811449545,0,1.0,0.0625,0.125,0.07246376811594203,7.52723202801059,0.002230078740429989,0.0,0.9879078728813309,0.0,0.0,0.09146341463414634,,
discovery,7146,701,brain5,flat,0.0003,418001,dose1_flat.npz,32,106.30169903639559,33,0.23857868020304568,True,False,7.530232768483701,85208.81725888325,0.3853907107027369,0.002230082274064507,0.0,0.9879077317628413,1.8490317011775958e-05,0.22421200422131096,0.905228793470792,0,1.0,0.0625,0.125,0.07246376811594203,7.52723202801059,0.002230078740429989,0.0,0.9879078728813309,1.1095182153119505e-12,1.1095182153119462e-12,0.09146341463414634,0.8071065989847716,3.9840000000003783
discovery,7146,701,brain5,training_sd,0.0003,418001,dose1_training_sd.npz,32,106.30169903639559,33,0.23857868020304568,True,False,7.528120054564204,85208.81725888325,0.3853907107027369,0.0022300812038497054,0.0,0.987907435667003,2.5985665308039788e-08,0.2256489700083739,0.9079619328851006,0,1.0,0.0625,0.125,0.07246376811594203,7.52723202801059,0.002230078740429989,0.0,0.9879078728813309,1.1471007883440361e-12,1.1471007883440214e-12,0.09146341463414634,0.8121827411167513,4.015999999999622
discovery,7146,701,brain5,flat,0.03,418001,dose2_flat.npz,1,3.321928094887362,2,0.1065989847715736,False,False,11.32550876716894,85281.69543147208,0.38486504207710615,0.002081306771785658,0.00010575296108291032,0.9735337650932636,2.6362521812400397,0.10229351106874629,0.8294184203779706,0,0.1875,0.15625,0.109375,0.043478260869565216,10.351653875326576,0.0020808019940801127,0.0,0.9735414788882604,1.1095182153119507e-08,1.109518215311951e-08,0.10256410256410256,0.23857868020304568,4.04700000000048
discovery,7146,701,brain5,training_sd,0.03,418001,dose2_training_sd.npz,32,106.30169903639559,33,0.23857868020304568,True,False,7.939083756411931,85208.81725888325,0.3853907107027369,0.0022303858725460537,0.0,0.9878461515999628,0.00025985665308040094,0.22150200152767652,0.9058599735074185,0,1.0,0.0625,0.125,0.07246376811594203,7.52723202801059,0.002230078740429989,0.0,0.9879078728813309,1.1471007883440365e-08,1.1471007883440363e-08,0.09146341463414634,0.7461928934010152,3.9840000000003783
discovery,7146,701,brain5,flat,0.3,418001,dose3_flat.npz,1,3.321928094887362,2,0.1218274111675127,False,False,19.986466538306853,85731.01522842639,0.3816241084512555,0.00207510907455746,0.0,0.9700687903761231,21.330479490742665,0.1116041548325395,0.8114573737525679,0,0.15625,0.0625,0.15625,0.10144927536231885,10.16053369768759,0.0020563200215351998,0.0,0.9720481878890644,1.1095182153119506e-06,1.1095182153119506e-06,0.11794871794871795,0.09644670050761421,3.875
discovery,7146,701,brain5,training_sd,0.3,418001,dose3_training_sd.npz,1,3.321928094887362,2,0.08629441624365482,False,False,12.73315247630336,72897.39086294416,0.47419275338869904,0.002476799644755826,0.00010575296108291032,0.9965199855049532,6.597130033472171,0.0905925114509957,0.985071098110981,0,0.15625,0.03125,0.140625,0.028985507246376812,4.096843988070033,0.0024728645831592778,0.0,0.9978857133293408,1.1471007883440365e-06,1.147100788344036e-06,0.08205128205128205,0.4416243654822335,3.936999999999898
discovery,7146,701,brain1,clean,0.0,418001,clean.npz,37,122.9113395108324,38,0.26903553299492383,True,False,11.148343618047239,113342.1421319797,0.1824656688811973,0.005597744268309469,0.0,0.9970028203550209,0.0,0.2485594510518384,0.7281434865675084,0,1.0,0.28125,0.109375,0.07246376811594203,11.148343618047239,0.005597744268309469,0.0,0.9970028203550209,0.0,0.0,0.10062893081761007,,
discovery,7146,701,brain1,flat,0.0003,418001,dose1_flat.npz,37,122.9113395108324,38,0.27918781725888325,True,False,11.34471495858387,113194.10152284264,0.18353348247720602,0.005600804308671103,0.0,0.9969472820609605,0.6561773919757208,0.24942261759109619,0.7547899628518634,0,1.0,0.28125,0.09375,0.11594202898550725,11.336826901104065,0.005600800971183156,0.00010575296108291032,0.9969472484693929,3.0015354456889725e-12,3.0015354456889854e-12,0.11320754716981132,0.7055837563451777,11.406000000000859
discovery,7146,701,brain1,training_sd,0.0003,418001,dose1_training_sd.npz,37,122.9113395108324,38,0.26903553299492383,True,False,11.153599171665272,113342.1421319797,0.1824656688811973,0.005597747662923027,0.0,0.9970028759631894,7.038653407287134e-08,0.24859954208553162,0.7282032943412405,0,1.0,0.28125,0.109375,0.07246376811594203,11.148343618047239,0.005597744268309469,0.0,0.9970028203550209,3.097616062627757e-12,3.097616062627652e-12,0.10062893081761007,0.7106598984771574,10.593999999999141
discovery,7146,701,brain1,flat,0.03,418001,dose2_flat.npz,0,0.0,1,0.1218274111675127,False,False,13.645473846653081,113509.52284263959,0.18125835556632985,0.005628479014072512,0.0,0.9969726488720045,1.2582484651567474,0.10993623014187147,0.762544814100678,0,0.03125,0.15625,0.140625,0.13043478260869565,11.521550600933578,0.005627817580936017,0.0,0.9969932981437901,3.001535445688973e-08,3.001535445688973e-08,0.12244897959183673,0.25380710659898476,9.703000000001339
discovery,7146,701,brain1,training_sd,0.03,418001,dose2_training_sd.npz,12,39.86313713864835,13,0.17766497461928935,False,False,12.526169378693178,114621.32487309644,0.1732389524369301,0.00572725812173752,0.0,0.9969397879178881,1.3221714363230135,0.1738973338589936,0.7238341855900018,0,0.4375,0.0,0.203125,0.11594202898550725,11.13000815198895,0.005726919256638022,0.0,0.9969568029229889,3.097616062627758e-08,3.097616062627759e-08,0.125,0.6598984771573604,10.20299999999952
discovery,7146,701,brain1,flat,0.3,418001,dose3_flat.npz,0,0.0,1,0.1319796954314721,False,False,30.08909333093725,111688.31979695431,0.19439465232038378,0.005467142716052501,0.0,0.9954340023847208,15.586746675607923,0.12903057210199495,0.8615965297228476,0,0.28125,0.0625,0.125,0.10144927536231885,11.092082503513764,0.005453590766299985,0.00010575296108291032,0.9969138909766705,3.001535445688972e-06,3.0015354456889733e-06,0.1326530612244898,0.14720812182741116,10.5
discovery,7146,701,brain1,training_sd,0.3,418001,dose3_training_sd.npz,0,0.0,1,0.1218274111675127,False,False,23.204104854712003,115149.02030456853,0.16943269711575726,0.00573636951523408,0.0,0.9957037345212357,1.6027036405224926,0.1162778459510741,0.7213603291600378,0,0.25,0.03125,0.1875,0.043478260869565216,11.139792624868393,0.005732972650122676,0.0,0.9970591221297356,3.097616062627758e-06,3.097616062627758e-06,0.12244897959183673,0.3197969543147208,11.04700000000048
discovery,7146,702,legacy5,clean,0.0,418001,clean.npz,32,106.30169903639559,33,0.233502538071066,True,False,13.928934989444004,645.9441624365483,0.058390433765964644,0.012890959710642788,0.00021150592216582064,0.9694958593399814,0.0,0.2327285035523751,0.7281955256301379,0,1.0,0.0625,0.03125,0.14492753623188406,13.928934989444004,0.012890959710642788,0.00021150592216582064,0.9694958593399814,0.0,0.0,0.08536585365853659,,
discovery,7146,702,legacy5,flat,0.0003,418001,dose1_flat.npz,32,106.30169903639559,33,0.233502538071066,True,False,13.93624166955957,645.9441624365483,0.058390433765964644,0.012890964463209944,0.0,0.9694955737424426,5.375463231992441e-07,0.23269420423352202,0.7282181333999638,0,1.0,0.0625,0.03125,0.14492753623188406,13.928934989444004,0.012890959710642788,0.00021150592216582064,0.9694958593399814,5.4529565356802786e-11,5.4529565356802786e-11,0.08536585365853659,0.7715736040609137,0.015000000001236913
discovery,7146,702,legacy5,training_sd,0.0003,418001,dose1_training_sd.npz,32,106.30169903639559,33,0.233502538071066,True,False,13.933513526679722,645.9441624365483,0.058390433765964644,0.012890976428222284,0.0,0.9694951502861721,4.217986701071011e-08,0.23272094351716507,0.7282524677803194,0,1.0,0.0625,0.03125,0.14492753623188406,13.928934989444004,0.012890959710642788,0.00021150592216582064,0.9694958593399814,5.439150440094172e-11,5.4391504400940894e-11,0.08536585365853659,0.7715736040609137,0.01599999999962165
discovery,7146,702,legacy5,flat,0.03,418001,dose2_flat.npz,7,23.253496664211536,8,0.1065989847715736,False,False,15.949579031422708,645.9441624365483,0.058390433765964644,0.012933332043600297,0.0,0.9687726519100983,1.6017741441931976,0.11610691157458271,0.7168903042552321,0,0.25,0.1875,0.046875,0.057971014492753624,14.754444214304597,0.012931839148193085,0.00021150592216582064,0.968806294096117,5.45295653568028e-07,5.452956535680278e-07,0.07407407407407407,0.6294416243654822,0.014999999999417923
discovery,7146,702,legacy5,training_sd,0.03,418001,dose2_training_sd.npz,32,106.30169903639559,33,0.2182741116751269,True,False,14.777111591514936,645.9441624365483,0.058390433765964644,0.013091860012629544,0.0,0.9710614853862609,1.2279917385819985,0.22301301040390387,0.7342867542018181,0,1.0,0.0625,0.03125,0.10144927536231885,14.065651659309978,0.013089817347565227,0.00021150592216582064,0.9712222907809146,5.439150440094173e-07,5.439150440094173e-07,0.06707317073170732,0.7461928934010152,0.01600000000144064
discovery,7146,702,legacy5,flat,0.3,418001,dose3_flat.npz,0,0.0,1,0.07614213197969544,False,False,25.966255867013324,645.9441624365483,0.058390433765964644,0.013102712916146762,0.0,0.9642447005016779,2.3417443240613736,0.0820549982175743,0.7978390234809478,0,0.09375,0.09375,0.03125,0.10144927536231885,14.709905322700694,0.013069346520634661,0.00021150592216582064,0.9685784334717563,5.45295653568028e-05,5.4529565356802815e-05,0.07653061224489796,0.18781725888324874,0.030999999999039574
discovery,7146,702,legacy5,training_sd,0.3,418001,dose3_training_sd.npz,1,3.321928094887362,2,0.116751269035533,False,False,22.423986461639807,645.9441624365483,0.058390433765964644,0.013242178485635817,0.0,0.9651060932611382,1.8889869988542618,0.11447367448862683,0.7529695950564291,0,0.09375,0.15625,0.15625,0.07246376811594203,14.552126062907751,0.013215602253879967,0.00021150592216582064,0.9689231750867507,5.4391504400941745e-05,5.4391504400941745e-05,0.11282051282051282,0.4467005076142132,0.01599999999962165
discovery,7146,702,brain5,clean,0.0,418001,clean.npz,35,116.26748332105768,36,0.27411167512690354,True,False,9.905444368129963,82242.3502538071,0.40678777072968575,0.0021534747016003185,0.00010575296108291032,0.9797665296890268,0.0,0.2506748384490671,0.7593590101085108,0,1.0,0.21875,0.0625,0.15942028985507245,9.905444368129963,0.0021534747016003185,0.00010575296108291032,0.9797665296890268,0.0,0.0,0.11801242236024845,,
discovery,7146,702,brain5,flat,0.0003,418001,dose1_flat.npz,35,116.26748332105768,36,0.25380710659898476,True,False,8.265047147852439,83474.59390862944,0.3978996248629214,0.0022651083564621693,0.0,0.9740142831285861,1.7836317981660308,0.23910486703815853,0.8271283792251173,0,1.0,0.21875,0.109375,0.057971014492753624,8.262498416990214,0.0022651072995410796,0.0,0.9740141231537108,9.956250759292583e-13,9.956250759292702e-13,0.09316770186335403,0.8477157360406091,3.875
discovery,7146,702,brain5,training_sd,0.0003,418001,dose1_training_sd.npz,35,116.26748332105768,36,0.27411167512690354,True,False,9.906156655609212,82242.3502538071,0.40678777072968575,0.0021534752220864523,0.00010575296108291032,0.9797665145223858,2.2554286355827682e-08,0.2506053605159444,0.7593338703922523,0,1.0,0.21875,0.0625,0.15942028985507245,9.905444368129963,0.0021534747016003185,0.00010575296108291032,0.9797665296890268,1.0034836167617534e-12,1.0034836167618e-12,0.11801242236024845,0.8578680203045685,3.7340000000003783
discovery,7146,702,brain5,flat,0.03,418001,dose2_flat.npz,1,3.321928094887362,2,0.09644670050761421,False,False,10.410819492436266,82076.20812182741,0.4079861502042902,0.0021613693973956717,0.0,0.976340767658184,2.166342637497203,0.09480049882795853,0.7927142906300472,0,0.125,0.125,0.078125,0.08695652173913043,9.46565810368326,0.002160941025450828,0.00010575296108291032,0.9763554465282761,9.956250759292583e-09,9.956250759292583e-09,0.09230769230769231,0.18274111675126903,3.875
discovery,7146,702,brain5,training_sd,0.03,418001,dose2_training_sd.npz,35,116.26748332105768,36,0.27411167512690354,True,False,9.622017113060462,82582.62436548223,0.40433338118796136,0.002196382099610507,0.0,0.978367050508198,1.768056215400223,0.26441926074641586,0.743605146077754,0,1.0,0.21875,0.0625,0.15942028985507245,9.27243489223604,0.0021961180011454014,0.00021150592216582064,0.9784493104598151,1.0034836167617533e-08,1.0034836167617531e-08,0.11801242236024845,0.8426395939086294,3.859999999998763
discovery,7146,702,brain5,flat,0.3,418001,dose3_flat.npz,1,3.321928094887362,2,0.09644670050761421,False,False,19.939089820525076,81464.29949238579,0.41239983343513875,0.0021125463086185585,0.0,0.9761829510254892,21.474802317490845,0.08698273445964216,0.8493512598058945,0,0.125,0.03125,0.078125,0.13043478260869565,9.57660003046233,0.002095512703936844,0.00031725888324873094,0.9779018634253674,9.956250759292583e-07,9.956250759292583e-07,0.09230769230769231,0.116751269035533,4.078000000001339
discovery,7146,702,brain5,training_sd,0.3,418001,dose3_training_sd.npz,1,3.321928094887362,2,0.08121827411167512,False,False,13.760677171568574,82257.77157360406,0.40667653709559315,0.0021905921802492195,0.00010575296108291032,0.9754507636167893,1.9363045173366236,0.07737537761070054,0.791817983960702,0,0.0625,0.03125,0.09375,0.10144927536231885,9.72220277768174,0.0021854936524025948,0.0,0.9771979344869176,1.0034836167617531e-06,1.0034836167617531e-06,0.07692307692307693,0.48223350253807107,4.063000000000102
discovery,7146,702,brain1,clean,0.0,418001,clean.npz,32,106.30169903639559,33,0.25380710659898476,True,False,9.954498705258821,107715.6497461929,0.2230494323661243,0.005792263065262103,0.0,0.9970202391641417,0.0,0.23459007294090747,0.7450813238454479,0,1.0,0.09375,0.109375,0.11594202898550725,9.954498705258821,0.005792263065262103,0.0,0.9970202391641417,0.0,0.0,0.10975609756097561,,
discovery,7146,702,brain1,flat,0.0003,418001,dose1_flat.npz,32,106.30169903639559,33,0.25380710659898476,True,False,9.961719658773978,107715.6497461929,0.2230494323661243,0.005792265286459832,0.0,0.9970202377466335,1.0776929303103487e-05,0.23404003556352876,0.74521067880471,0,1.0,0.09375,0.109375,0.11594202898550725,9.954498705258821,0.005792263065262103,0.0,0.9970202391641417,2.434989464109246e-12,2.4349894641092916e-12,0.10975609756097561,0.751269035532995,9.593999999999141
discovery,7146,702,brain1,training_sd,0.0003,418001,dose1_training_sd.npz,32,106.30169903639559,33,0.25380710659898476,True,False,9.95851836633797,107715.6497461929,0.2230494323661243,0.005792265652211576,0.0,0.9970202290930071,6.22746790738767e-08,0.2345012964691195,0.745090724907062,0,1.0,0.09375,0.109375,0.11594202898550725,9.954498705258821,0.005792263065262103,0.0,0.9970202391641417,2.407601516790379e-12,2.407601516790316e-12,0.10975609756097561,0.751269035532995,10.203000000001339
discovery,7146,702,brain1,flat,0.03,418001,dose2_flat.npz,2,6.643856189774724,3,0.10152284263959391,False,False,11.795597244701876,106780.78680203046,0.22979257783141493,0.0058200447476506895,0.00010575296108291032,0.9971141942609797,1.5186720446269004,0.11188824566644735,0.8004142722679952,0,0.1875,0.15625,0.0625,0.07246376811594203,10.045649076694236,0.005819485766955565,0.0,0.9971278712642117,2.434989464109246e-08,2.4349894641092472e-08,0.09278350515463918,0.23857868020304568,10.561999999999898
discovery,7146,702,brain1,training_sd,0.03,418001,dose2_training_sd.npz,32,106.30169903639559,33,0.2436548223350254,True,False,12.04880773728781,107146.54822335026,0.22715434889641262,0.005821792843812543,0.0,0.9971527513671711,0.9134435210056041,0.2207590068820556,0.7695328042937384,0,1.0,0.0625,0.109375,0.10144927536231885,10.561598230808062,0.005821533939900293,0.0,0.9971629102434063,2.4076015167903796e-08,2.4076015167903796e-08,0.0975609756097561,0.6954314720812182,11.781999999999243
discovery,7146,702,brain1,flat,0.3,418001,dose3_flat.npz,0,0.0,1,0.1116751269035533,False,False,26.935299274194946,105762.61421319797,0.2371366338966815,0.005909594662847058,0.0,0.9965723521118548,12.159813969939998,0.10572278154947998,0.865734879933284,0,0.0625,0.09375,0.140625,0.11594202898550725,10.496633688025339,0.005898404588834003,0.0,0.997594554354406,2.434989464109246e-06,2.434989464109246e-06,0.11224489795918367,0.1116751269035533,11.75
discovery,7146,702,brain1,training_sd,0.3,418001,dose3_training_sd.npz,2,6.643856189774724,3,0.1218274111675127,False,False,21.90002434573582,106959.90862944162,0.22850057610454766,0.005845982242653284,0.0,0.9963847670957614,1.416824285772465,0.10711292191470081,0.7961738202540225,0,0.1875,0.0625,0.1875,0.057971014492753624,10.080169405884842,0.005843397122740198,0.0,0.9973412480043131,2.4076015167903788e-06,2.407601516790379e-06,0.1134020618556701,0.3248730964467005,11.561999999999898
confirmation,381142,701,legacy5,clean,0.0,418001,clean.npz,33,109.62362713128296,34,0.2436548223350254,True,False,13.158634489559537,647.9543147208121,0.05546018262272279,0.016966578596922792,0.00021150592216582064,0.9709964176492779,0.0,0.2368858773887993,0.863154779962852,0,1.0,0.09375,0.09375,0.10144927536231885,13.158634489559537,0.016966578596922792,0.00021150592216582064,0.9709964176492779,0.0,0.0,0.09202453987730061,,
confirmation,381142,701,legacy5,flat,0.0003,418001,dose1_flat.npz,33,109.62362713128296,34,0.2436548223350254,True,False,13.163141326789766,647.9543147208121,0.05546018262272279,0.016966588904508476,0.0,0.9709965308143168,3.718335774110916e-07,0.23665382241402624,0.8629852391858809,0,1.0,0.09375,0.09375,0.10144927536231885,13.158634489559537,0.016966578596922792,0.00021150592216582064,0.9709964176492779,5.6116187521136974e-11,5.611618752113563e-11,0.09202453987730061,0.8426395939086294,0.031000000000858563
confirmation,381142,701,legacy5,training_sd,0.0003,418001,dose1_training_sd.npz,33,109.62362713128296,34,0.2436548223350254,True,False,13.160698552824721,647.9543147208121,0.05546018262272279,0.01696658205372565,0.0,0.9709967408161696,2.7307555754891362e-08,0.23679755381238277,0.8630289821223073,0,1.0,0.09375,0.09375,0.10144927536231885,13.158634489559537,0.016966578596922792,0.00021150592216582064,0.9709964176492779,5.717932681632348e-11,5.717932681632586e-11,0.09202453987730061,0.8426395939086294,0.01599999999962165
confirmation,381142,701,legacy5,flat,0.03,418001,dose2_flat.npz,7,23.253496664211536,8,0.1065989847715736,False,False,14.575875534955419,647.9543147208121,0.05546018262272279,0.01693888451165782,0.0,0.9730472799255117,1.8712052397932593,0.10427689942095808,0.8342391165664161,0,0.25,0.15625,0.015625,0.10144927536231885,13.7100744822112,0.01693777315847025,0.00021150592216582064,0.9730773109647409,5.6116187521137e-07,5.611618752113701e-07,0.07407407407407407,0.6243654822335025,0.031000000000858563
confirmation,381142,701,legacy5,training_sd,0.03,418001,dose2_training_sd.npz,33,109.62362713128296,34,0.2436548223350254,True,False,13.68366289835607,647.9543147208121,0.05546018262272279,0.0166740970012251,0.0,0.9710355936952866,1.6383601671528158,0.2300545504107404,0.8674111081179758,0,1.0,0.15625,0.078125,0.08695652173913043,13.161232695775317,0.016673786297837247,0.00021150592216582064,0.9710998486549596,5.717932681632348e-07,5.717932681632349e-07,0.09202453987730061,0.8223350253807107,0.030999999999039574
confirmation,381142,701,legacy5,flat,0.3,418001,dose3_flat.npz,2,6.643856189774724,3,0.1218274111675127,False,False,23.11350949245215,647.9543147208121,0.05546018262272279,0.01722011818429817,0.0,0.9697610553938874,2.336449524465078,0.1182165916579105,0.8597976825995044,0,0.125,0.1875,0.109375,0.10144927536231885,13.523979263831423,0.017202502350732184,0.00021150592216582064,0.9722618780188205,5.6116187521137e-05,5.6116187521137e-05,0.1134020618556701,0.2182741116751269,0.031000000000858563
confirmation,381142,701,legacy5,training_sd,0.3,418001,dose3_training_sd.npz,2,6.643856189774724,3,0.12690355329949238,False,False,19.44234049119026,647.9543147208121,0.05546018262272279,0.016846330200212867,0.0,0.9708736625362799,1.8879893300259816,0.1220049158656864,0.8321477729172679,0,0.15625,0.1875,0.046875,0.15942028985507245,13.749232403970055,0.016837256466765337,0.00021150592216582064,0.9731655772701278,5.717932681632349e-05,5.7179326816323504e-05,0.11855670103092783,0.4619289340101523,0.01599999999962165
confirmation,381142,701,brain5,clean,0.0,418001,clean.npz,35,116.26748332105768,36,0.2639593908629442,True,False,9.849859269599795,90652.74111675126,0.3461238099181957,0.0025436363938546374,0.0,0.9729968230606949,0.0,0.24685452106639652,0.829112711545529,0,1.0,0.21875,0.140625,0.057971014492753624,9.849859269599795,0.0025436363938546374,0.0,0.9729968230606949,0.0,0.0,0.10559006211180125,,
confirmation,381142,701,brain5,flat,0.0003,418001,dose1_flat.npz,35,116.26748332105768,36,0.2639593908629442,True,False,9.85259687187035,90652.74111675126,0.3461238099181957,0.002543638092179313,0.0,0.972996883816963,1.8930046534007506e-05,0.2466231007725216,0.8274003243019382,0,1.0,0.21875,0.140625,0.057971014492753624,9.849859269599795,0.0025436363938546374,0.0,0.9729968230606949,1.2881569098964392e-12,1.288156909896447e-12,0.10559006211180125,0.7969543147208121,3.9690000000009604
confirmation,381142,701,brain5,training_sd,0.0003,418001,dose1_training_sd.npz,35,116.26748332105768,36,0.2639593908629442,True,False,9.850483522302389,90652.74111675126,0.3461238099181957,0.002543636698445033,0.0,0.9729969098869646,2.127127647832888e-08,0.24680732781450634,0.8290431323892855,0,1.0,0.21875,0.140625,0.057971014492753624,9.849859269599795,0.0025436363938546374,0.0,0.9729968230606949,1.293772879175122e-12,1.2937728791751114e-12,0.10559006211180125,0.8020304568527918,4.0
confirmation,381142,701,brain5,flat,0.03,418001,dose2_flat.npz,1,3.321928094887362,2,0.12690355329949238,False,False,10.933367149732172,89919.17258883249,0.35141502327027396,0.0024996734174877852,0.0,0.9708987925492465,1.974992504031695,0.1289954949333224,0.8020798599432408,0,0.3125,0.0625,0.109375,0.08695652173913043,9.962184384893597,0.0024991285427992138,0.0,0.9709282558749565,1.2881569098964397e-08,1.2881569098964397e-08,0.12307692307692308,0.3147208121827411,4.125
confirmation,381142,701,brain5,training_sd,0.03,418001,dose2_training_sd.npz,35,116.26748332105768,36,0.29441624365482233,True,False,10.226691838552387,90329.15228426395,0.3484578489150675,0.0025344887946032522,0.0,0.9728231527914297,1.3749065229966215,0.2756550599551006,0.8351191525156301,0,1.0,0.15625,0.15625,0.15942028985507245,9.765090718145055,0.002534463564057582,0.0,0.9728320571127891,1.2937728791751222e-08,1.2937728791751219e-08,0.14285714285714285,0.7868020304568528,4.063000000000102
confirmation,381142,701,brain5,flat,0.3,418001,dose3_flat.npz,1,3.321928094887362,2,0.09137055837563451,False,False,19.36116287421383,88136.85279187818,0.3642708560226331,0.0023616091133225304,0.0,0.9690578082880685,21.395886426632092,0.09807545550531369,0.897022883797428,0,0.15625,0.0,0.109375,0.08695652173913043,8.63806437136183,0.002344026106525053,0.00010575296108291032,0.9711735533413622,1.2881569098964396e-06,1.2881569098964396e-06,0.08717948717948718,0.1065989847715736,4.109000000000378
confirmation,381142,701,brain5,training_sd,0.3,418001,dose3_training_sd.npz,1,3.321928094887362,2,0.10152284263959391,False,False,14.29804543888129,90809.21319796954,0.34499518030302045,0.0025751100188249605,0.0,0.9689754432096991,1.9332922831680972,0.10164869563100376,0.7479823280763517,0,0.125,0.125,0.09375,0.08695652173913043,9.997378127264593,0.002574677811246689,0.0,0.9709094849648816,1.2937728791751224e-06,1.2937728791751224e-06,0.09743589743589744,0.4619289340101523,4.186999999999898
confirmation,381142,701,brain1,clean,0.0,418001,clean.npz,32,106.30169903639559,33,0.19796954314720813,True,False,10.860705106106488,115818.42131979695,0.16460432259467428,0.006311684708845079,0.0,0.997199719108767,0.0,0.1979577803266631,0.7540142624450583,0,1.0,0.0625,0.046875,0.028985507246376812,10.860705106106488,0.006311684708845079,0.0,0.997199719108767,0.0,0.0,0.042682926829268296,,
confirmation,381142,701,brain1,flat,0.0003,418001,dose1_flat.npz,32,106.30169903639559,33,0.2182741116751269,True,False,10.749914548423568,115676.68527918782,0.16562666147918104,0.0063145114712625655,0.0,0.9972347958820199,0.704433350193932,0.21360094583457764,0.7578549824628399,0,1.0,0.0625,0.046875,0.08695652173913043,10.745298248694324,0.006314511506229007,0.0,0.9972347919864128,2.795986852098267e-12,2.7959868520982372e-12,0.06707317073170732,0.751269035532995,11.921999999998661
confirmation,381142,701,brain1,training_sd,0.0003,418001,dose1_training_sd.npz,32,106.30169903639559,33,0.19796954314720813,True,False,10.862862913027184,115818.42131979695,0.16460432259467428,0.0063116856586522664,0.0,0.9971997185153445,5.637590121534424e-08,0.19799803146783745,0.753950802486373,0,1.0,0.0625,0.046875,0.028985507246376812,10.860705106106488,0.006311684708845079,0.0,0.997199719108767,2.8320769786734833e-12,2.8320769786733638e-12,0.042682926829268296,0.766497461928934,9.436999999999898
confirmation,381142,701,brain1,flat,0.03,418001,dose2_flat.npz,1,3.321928094887362,2,0.10152284263959391,False,False,12.522769482647613,116124.45177664974,0.16239693176775838,0.006360336543421562,0.0,0.9973119761757606,1.4509242342083422,0.10331281498321038,0.7479482591416705,0,0.125,0.09375,0.0625,0.13043478260869565,10.659981797925449,0.006360086340026364,0.0,0.9973153031958684,2.795986852098267e-08,2.795986852098268e-08,0.09743589743589744,0.23857868020304568,10.578000000001339
confirmation,381142,701,brain1,training_sd,0.03,418001,dose2_training_sd.npz,27,89.69205856195877,28,0.22842639593908629,False,False,12.663893550132613,116616.35532994923,0.1588488424617226,0.006286212996799205,0.0,0.9970906527174886,1.1214371185858936,0.20594469318075714,0.7672257492230815,0,0.84375,0.09375,0.09375,0.13043478260869565,11.27967035385099,0.006286118240586667,0.0,0.9970987856565082,2.832076978673484e-08,2.832076978673483e-08,0.10650887573964497,0.6751269035532995,11.546999999998661
confirmation,381142,701,brain1,flat,0.3,418001,dose3_flat.npz,0,0.0,1,0.1116751269035533,False,False,26.927781738876774,115952.01015228426,0.16364074933976547,0.0064799545937080545,0.0,0.9965660253340209,13.465062062859364,0.10009701450526902,0.7718964872025614,0,0.125,0.09375,0.140625,0.08695652173913043,10.978780059481418,0.006471203334378386,0.0,0.997432029855682,2.795986852098267e-06,2.7959868520982666e-06,0.11224489795918367,0.1116751269035533,9.656000000000859
confirmation,381142,701,brain1,training_sd,0.3,418001,dose3_training_sd.npz,2,6.643856189774724,3,0.1065989847715736,False,False,22.14802969781629,116255.67512690356,0.1614504206831876,0.006276211903779673,0.0,0.9961351064176205,1.267104099502174,0.11771417989891296,0.7554456752923737,0,0.15625,0.125,0.09375,0.08695652173913043,11.022574868005673,0.006275244078707026,0.0,0.997235903903551,2.8320769786734845e-06,2.8320769786734845e-06,0.0979381443298969,0.2639593908629442,11.360000000000582
confirmation,381142,702,legacy5,clean,0.0,418001,clean.npz,32,106.30169903639559,33,0.27918781725888325,True,False,13.35330800204949,645.9492385786803,0.05838303414186552,0.01210936849363229,0.00021150592216582064,0.9720780987698912,0.0,0.2767340989648523,0.857651661044899,0,1.0,0.0625,0.171875,0.14492753623188406,13.35330800204949,0.01210936849363229,0.00021150592216582064,0.9720780987698912,0.0,0.0,0.1402439024390244,,
confirmation,381142,702,legacy5,flat,0.0003,418001,dose1_flat.npz,32,106.30169903639559,33,0.27918781725888325,True,False,13.35978346838218,645.9492385786803,0.05838303414186552,0.012109362745535859,0.0,0.9720782871402732,7.334340275622417e-07,0.27674878850413603,0.8581258523247962,0,1.0,0.0625,0.171875,0.14492753623188406,13.35330800204949,0.01210936849363229,0.00021150592216582064,0.9720780987698912,6.134096642585288e-11,6.134096642585356e-11,0.1402439024390244,0.8426395939086294,0.0319999999992433
confirmation,381142,702,legacy5,training_sd,0.0003,418001,dose1_training_sd.npz,32,106.30169903639559,33,0.27918781725888325,True,False,13.357760444962253,645.9492385786803,0.05838303414186552,0.01210936700959579,0.0,0.9720784198086108,5.946472599246552e-08,0.27674244839863743,0.8577304048161346,0,1.0,0.0625,0.171875,0.14492753623188406,13.35330800204949,0.01210936849363229,0.00021150592216582064,0.9720780987698912,6.244606315232854e-11,6.244606315232881e-11,0.1402439024390244,0.8426395939086294,0.031000000000858563
confirmation,381142,702,legacy5,flat,0.03,418001,dose2_flat.npz,14,46.50699332842307,15,0.15736040609137056,False,False,15.719099877213427,645.9492385786803,0.05838303414186552,0.011996968357845557,0.0,0.9711882817561147,2.490360855770655,0.14824806529808776,0.7658836748204219,0,0.46875,0.0625,0.078125,0.13043478260869565,14.513212092052004,0.011996975887869694,0.00021150592216582064,0.9712537969298709,6.134096642585288e-07,6.134096642585287e-07,0.09340659340659341,0.6091370558375635,0.01599999999962165
confirmation,381142,702,legacy5,training_sd,0.03,418001,dose2_training_sd.npz,20,66.43856189774725,21,0.2182741116751269,False,False,14.715210256148875,645.9492385786803,0.05838303414186552,0.011581510198886664,0.0,0.972069341335089,2.6872206854256997,0.20572374885680686,0.8286097207880664,0,0.6875,0.25,0.109375,0.08695652173913043,13.883008809796962,0.011582068300056548,0.00021150592216582064,0.9721034095678998,6.244606315232856e-07,6.244606315232853e-07,0.13068181818181818,0.7969543147208121,0.014999999999417923
confirmation,381142,702,legacy5,flat,0.3,418001,dose3_flat.npz,1,3.321928094887362,2,0.08629441624365482,False,False,28.911097440008113,645.9492385786803,0.05838303414186552,0.011879598325076532,0.0,0.965483097988584,3.044623444157772,0.08871112587050793,0.861504028513287,0,0.0625,0.09375,0.09375,0.08695652173913043,16.10347555000964,0.011848898046453034,0.00021150592216582064,0.97163500656007,6.134096642585286e-05,6.134096642585286e-05,0.08205128205128205,0.19796954314720813,0.01600000000144064
confirmation,381142,702,legacy5,training_sd,0.3,418001,dose3_training_sd.npz,2,6.643856189774724,3,0.1218274111675127,False,False,23.665568397625893,645.9492385786803,0.05838303414186552,0.011631325890663574,0.0,0.9634873458331931,2.095305069258574,0.12603825691860718,0.8155003878451094,0,0.1875,0.1875,0.09375,0.08695652173913043,14.51747290382224,0.01161060572811146,0.00021150592216582064,0.9698385314658687,6.244606315232855e-05,6.244606315232855e-05,0.1134020618556701,0.38578680203045684,0.030999999999039574
confirmation,381142,702,brain5,clean,0.0,418001,clean.npz,32,106.30169903639559,33,0.26903553299492383,True,False,9.800925565850731,83068.89340101523,0.40082593353230167,0.0020789807206773214,0.0,0.9803497254724762,0.0,0.24973083564922793,0.8162467126292118,0,1.0,0.03125,0.125,0.17391304347826086,9.800925565850731,0.0020789807206773214,0.0,0.9803497254724762,0.0,0.0,0.12804878048780488,,
confirmation,381142,702,brain5,flat,0.0003,418001,dose1_flat.npz,32,106.30169903639559,33,0.22842639593908629,True,False,10.708491557027306,82525.27411167513,0.4047470472834114,0.0020467544581371645,0.00021150592216582064,0.9797676641342324,1.8060537174202973,0.22215885927401996,0.8263192796428122,0,1.0,0.0625,0.046875,0.11594202898550725,10.705418318123979,0.0020467540767180707,0.00021150592216582064,0.9797675975026134,8.99892511013559e-13,8.998925110135757e-13,0.07926829268292683,0.8477157360406091,3.985000000000582
confirmation,381142,702,brain5,training_sd,0.0003,418001,dose1_training_sd.npz,32,106.30169903639559,33,0.26903553299492383,True,False,9.803294698246278,83068.89340101523,0.40082593353230167,0.002078981376331513,0.0,0.980349736198439,2.8777725614181416e-08,0.2498146776415961,0.8162131782594931,0,1.0,0.03125,0.125,0.17391304347826086,9.800925565850731,0.0020789807206773214,0.0,0.9803497254724762,9.214294867192212e-13,9.2142948671921e-13,0.12804878048780488,0.8426395939086294,3.9059999999990396
confirmation,381142,702,brain5,flat,0.03,418001,dose2_flat.npz,1,3.321928094887362,2,0.08121827411167512,False,False,11.953607319055022,81718.31472081218,0.4105676272851637,0.0020262555209331324,0.0,0.9818495190380241,2.484464666632611,0.08795320262452763,0.8310490229177401,0,0.125,0.09375,0.09375,0.043478260869565216,10.939161541619352,0.002025932668005265,0.00010575296108291032,0.9818716124358897,8.99892511013559e-09,8.99892511013559e-09,0.07692307692307693,0.26903553299492383,3.9840000000003783
confirmation,381142,702,brain5,training_sd,0.03,418001,dose2_training_sd.npz,32,106.30169903639559,33,0.2233502538071066,True,False,10.977910959502733,83114.13705583756,0.4004995920640111,0.0020670628547138654,0.00021150592216582064,0.9797250148198443,1.715528356466783,0.21983804110361527,0.8184637200881738,0,1.0,0.03125,0.09375,0.07246376811594203,10.450007407634294,0.002066950824608735,0.00021150592216582064,0.9797141562274024,9.214294867192212e-09,9.21429486719221e-09,0.07317073170731707,0.8223350253807107,3.79700000000048
confirmation,381142,702,brain5,flat,0.3,418001,dose3_flat.npz,0,0.0,1,0.09644670050761421,False,False,22.265561841734847,79510.53299492385,0.4264923073960152,0.0020547688042854085,0.0,0.9814808716662285,18.13282612418655,0.10672258981843352,0.8544410410044244,0,0.1875,0.0625,0.046875,0.11594202898550725,11.210261809244178,0.0020373262851832033,0.0,0.9832494902277275,8.998925110135592e-07,8.998925110135592e-07,0.09693877551020408,0.09137055837563451,4.5
confirmation,381142,702,brain5,training_sd,0.3,418001,dose3_training_sd.npz,1,3.321928094887362,2,0.1065989847715736,False,False,15.855022216670505,82912.63959390864,0.401952988741201,0.0020253174303115984,0.00010575296108291032,0.9774525336955269,2.2133015902990083,0.11908716467272065,0.7952242461207019,0,0.15625,0.09375,0.09375,0.10144927536231885,10.735320643614282,0.0020225224540016593,0.0,0.9795439619301026,9.214294867192211e-07,9.214294867192212e-07,0.10256410256410256,0.4517766497461929,3.82799999999952
confirmation,381142,702,brain1,clean,0.0,418001,clean.npz,32,106.30169903639559,33,0.23857868020304568,True,False,10.348781856750353,108794.34010152284,0.21526886300735837,0.005901645350020094,0.00021150592216582064,0.9967497247646903,0.0,0.22017407355791727,0.7094720679076187,0,1.0,0.125,0.078125,0.08695652173913043,10.348781856750353,0.005901645350020094,0.00021150592216582064,0.9967497247646903,0.0,0.0,0.09146341463414634,,
confirmation,381142,702,brain1,flat,0.0003,418001,dose1_flat.npz,32,106.30169903639559,33,0.24873096446700507,True,False,10.322360134863633,107865.1269035533,0.22197125697997455,0.005912333880599081,0.00010575296108291032,0.9967877935763819,1.1882531456568948,0.2313549951017346,0.696296210367597,0,1.0,0.125,0.140625,0.057971014492753624,10.31753827021295,0.005912334447109851,0.00010575296108291032,0.9967878379164409,2.614585137716462e-12,2.6145851377165005e-12,0.10365853658536585,0.6802030456852792,9.53099999999904
confirmation,381142,702,brain1,training_sd,0.0003,418001,dose1_training_sd.npz,32,106.30169903639559,33,0.23857868020304568,True,False,10.352177051100094,108794.34010152284,0.21526886300735837,0.005901645052465263,0.00021150592216582064,0.9967496606496231,6.215469309774983e-08,0.2201313728227521,0.7095131932477928,0,1.0,0.125,0.078125,0.08695652173913043,10.348781856750353,0.005901645350020094,0.00021150592216582064,0.9967497247646903,2.6123183654841795e-12,2.6123183654839977e-12,0.09146341463414634,0.6852791878172588,10.45299999999952
confirmation,381142,702,brain1,flat,0.03,418001,dose2_flat.npz,0,0.0,1,0.08629441624365482,False,False,13.26849699651168,108467.06598984772,0.21762948384042213,0.005885836460472019,0.0,0.997042281546368,1.4889935383489994,0.09425183192362832,0.7334269397252939,0,0.15625,0.0625,0.0625,0.08695652173913043,11.268907086029854,0.005885717985745498,0.0,0.9970522772223895,2.614585137716463e-08,2.614585137716462e-08,0.08673469387755102,0.26903553299492383,10.5
confirmation,381142,702,brain1,training_sd,0.03,418001,dose2_training_sd.npz,16,53.150849518197795,17,0.15228426395939088,False,False,11.764783135918808,108740.78172588833,0.21565517837052828,0.0058521421762146066,0.0,0.9970076754363086,1.6513291344686083,0.14557008261007554,0.7321352527953431,0,0.53125,0.09375,0.078125,0.07246376811594203,10.502743027754649,0.005852160886120193,0.0,0.9970209609942174,2.61231836548418e-08,2.6123183654841797e-08,0.07777777777777778,0.6345177664974619,10.5
confirmation,381142,702,brain1,flat,0.3,418001,dose3_flat.npz,0,0.0,1,0.09644670050761421,False,False,28.319736396062677,109784.47208121828,0.20812706322738705,0.005838266066500544,0.0,0.99628159748832,9.074990081439823,0.0973170431634946,0.8439011693029727,0,0.0625,0.0,0.171875,0.08695652173913043,11.086154085073497,0.005829659631050068,0.0,0.9972969995216351,2.6145851377164625e-06,2.6145851377164625e-06,0.09693877551020408,0.1218274111675127,11.218999999999141
confirmation,381142,702,brain1,training_sd,0.3,418001,dose3_training_sd.npz,1,3.321928094887362,2,0.09644670050761421,False,False,22.543035807904026,109535.2385786802,0.2099247788956916,0.005969929483494281,0.0,0.9960376891741006,1.568002932749857,0.09963786828777442,0.7025702565343782,0,0.1875,0.09375,0.078125,0.07246376811594203,10.898871555930567,0.005969725114305327,0.0,0.9971070096328459,2.61231836548418e-06,2.6123183654841793e-06,0.09230769230769231,0.29441624365482233,11.32799999999952
confirmation,381143,701,legacy5,clean,0.0,418001,clean.npz,39,129.55519570060713,40,0.29441624365482233,True,False,11.810706541984535,647.9543147208121,0.05546018262272279,0.010166503072071321,0.00021150592216582064,0.9921938082327267,0.0,0.26820560458770404,0.39698259318225504,0,1.0,0.28125,0.125,0.13043478260869565,11.810706541984535,0.010166503072071321,0.00021150592216582064,0.9921938082327267,0.0,0.0,0.12101910828025478,,
confirmation,381143,701,legacy5,flat,0.0003,418001,dose1_flat.npz,39,129.55519570060713,40,0.29441624365482233,True,False,11.821398254424679,647.9543147208121,0.05546018262272279,0.010166518961842381,0.0,0.9921937768131937,4.0144656892163535e-07,0.2682264864782109,0.3969857485506275,0,1.0,0.28125,0.125,0.13043478260869565,11.810706541984535,0.010166503072071321,0.00021150592216582064,0.9921938082327267,6.676997755858965e-11,6.676997755859026e-11,0.12101910828025478,0.7918781725888325,0.0
confirmation,381143,701,legacy5,training_sd,0.0003,418001,dose1_training_sd.npz,39,129.55519570060713,40,0.29441624365482233,True,False,11.817468238083158,647.9543147208121,0.05546018262272279,0.010166513120819459,0.0,0.9921938404744424,4.6747497472135395e-08,0.26821948258181183,0.39699812346296953,0,1.0,0.28125,0.125,0.13043478260869565,11.810706541984535,0.010166503072071321,0.00021150592216582064,0.9921938082327267,6.742153936422737e-11,6.74215393642273e-11,0.12101910828025478,0.7969543147208121,0.0319999999992433
confirmation,381143,701,legacy5,flat,0.03,418001,dose2_flat.npz,15,49.82892142331043,16,0.14720812182741116,False,False,13.8111580253218,647.9543147208121,0.05546018262272279,0.014567194944108859,0.0,0.9755625460576036,4.200725700249839,0.1514445978412112,0.7823533740551804,0,0.5,0.09375,0.03125,0.11594202898550725,12.603264273152558,0.01456825935099314,0.00021150592216582064,0.9756311043424348,6.676997755858967e-07,6.676997755858964e-07,0.07734806629834254,0.5939086294416244,0.015000000001236913
confirmation,381143,701,legacy5,training_sd,0.03,418001,dose2_training_sd.npz,39,129.55519570060713,40,0.29441624365482233,True,False,13.127312622950457,647.9543147208121,0.05546018262272279,0.010167568349431277,0.0,0.9921031485271499,0.0004674749747213487,0.26572180396627393,0.3947245977665353,0,1.0,0.28125,0.125,0.13043478260869565,11.810706541984535,0.010166503072071321,0.00021150592216582064,0.9921938082327267,6.742153936422737e-07,6.742153936422737e-07,0.12101910828025478,0.7461928934010152,0.0319999999992433
confirmation,381143,701,legacy5,flat,0.3,418001,dose3_flat.npz,0,0.0,1,0.10152284263959391,False,False,25.07333569164447,647.9543147208121,0.05546018262272279,0.014709924141755877,0.0,0.9678601655594425,4.46373068940202,0.09759893888984669,0.8039960307865648,0,0.0625,0.09375,0.09375,0.13043478260869565,14.124072297255276,0.014702801448944966,0.00021150592216582064,0.9723407106018405,6.676997755858966e-05,6.676997755858966e-05,0.10204081632653061,0.20304568527918782,0.014999999999417923
confirmation,381143,701,legacy5,training_sd,0.3,418001,dose3_training_sd.npz,1,3.321928094887362,2,0.116751269035533,False,False,20.27168912869861,647.9543147208121,0.05546018262272279,0.011318320741782038,0.0,0.9788593452987602,1.0448778157289105,0.10076521260440774,0.44187987664094186,0,0.15625,0.09375,0.140625,0.08695652173913043,11.511810385249063,0.01127069774589493,0.00021150592216582064,0.9866118437453143,6.742153936422738e-05,6.742153936422738e-05,0.11282051282051282,0.40609137055837563,0.01600000000144064
confirmation,381143,701,brain5,clean,0.0,418001,clean.npz,32,106.30169903639559,33,0.22842639593908629,True,False,9.739130162319851,83018.25888324874,0.40119115917419534,0.002068063108485824,0.0,0.9827606614277424,0.0,0.24208511058865315,0.5953565668692127,0,1.0,0.03125,0.09375,0.08695652173913043,9.739130162319851,0.002068063108485824,0.0,0.9827606614277424,0.0,0.0,0.07926829268292683,,
confirmation,381143,701,brain5,flat,0.0003,418001,dose1_flat.npz,32,106.30169903639559,33,0.23857868020304568,True,False,9.713613791683596,83157.09644670051,0.4001897269404676,0.002050997905338591,0.0,0.9826932745763516,1.3031797619111225,0.23516570256324099,0.6054746198969885,0,1.0,0.0625,0.09375,0.10144927536231885,9.70842642507568,0.002050998978107005,0.0,0.9826933430433095,1.6712000450524492e-12,1.6712000450524411e-12,0.09146341463414634,0.7766497461928934,3.811999999999898
confirmation,381143,701,brain5,training_sd,0.0003,418001,dose1_training_sd.npz,32,106.30169903639559,33,0.22842639593908629,True,False,9.739785463003052,83018.25888324874,0.40119115917419534,0.0020680619140917298,0.0,0.9827606854839019,3.627827663982997e-08,0.24208590898791266,0.5953085724911006,0,1.0,0.03125,0.09375,0.08695652173913043,9.739130162319851,0.002068063108485824,0.0,0.9827606614277424,1.7033386335818725e-12,1.703338633581851e-12,0.07926829268292683,0.7766497461928934,4.031000000000859
confirmation,381143,701,brain5,flat,0.03,418001,dose2_flat.npz,0,0.0,1,0.09644670050761421,False,False,11.527942897971021,82335.730964467,0.406114217756425,0.002071283461937374,0.0,0.9816302535671562,2.3056010266218707,0.1024619603578227,0.7319258290439027,0,0.1875,0.09375,0.09375,0.057971014492753624,10.134533927496504,0.0020708120723202284,0.0,0.9816851827593724,1.6712000450524497e-08,1.6712000450524497e-08,0.09693877551020408,0.18274111675126903,3.813000000000102
confirmation,381143,701,brain5,training_sd,0.03,418001,dose2_training_sd.npz,32,106.30169903639559,33,0.233502538071066,True,False,10.554551532190395,83653.72588832487,0.3966075499078552,0.0021577033459851615,0.00010575296108291032,0.9798777713222161,1.8169102039597191,0.23153757979490347,0.6961421520366291,0,1.0,0.0625,0.09375,0.08695652173913043,9.99264088002425,0.0021577010695311414,0.0,0.9798867845884143,1.7033386335818727e-08,1.7033386335818734e-08,0.08536585365853659,0.7563451776649747,3.9539999999997235
confirmation,381143,701,brain5,flat,0.3,418001,dose3_flat.npz,0,0.0,1,0.07614213197969544,False,False,23.43833798880051,82364.9187817259,0.4059036866846566,0.0021323936492332928,0.0,0.97778966882997,28.735700232507213,0.07817937304663806,0.8866062997357375,0,0.0625,0.0625,0.09375,0.07246376811594203,10.136463790630797,0.002109886122953526,0.0,0.9810220425650694,1.6712000450524494e-06,1.6712000450524494e-06,0.07653061224489796,0.08629441624365482,3.8280000000013388
confirmation,381143,701,brain5,training_sd,0.3,418001,dose3_training_sd.npz,3,9.965784284662087,4,0.14720812182741116,False,False,16.279518429381067,83313.01015228426,0.3990651248762307,0.002164395578921151,0.0,0.9750647526055619,2.0069258422458964,0.13001889997047925,0.668151514764842,0,0.25,0.125,0.125,0.13043478260869565,10.291549907836957,0.002160726557312488,0.0,0.9784321422894864,1.7033386335818728e-06,1.7033386335818728e-06,0.13471502590673576,0.4416243654822335,3.7659999999996217
confirmation,381143,701,brain1,clean,0.0,418001,clean.npz,38,126.23326760571976,39,0.23857868020304568,True,False,10.10172937715188,112474.56852791877,0.1887234578443383,0.005532556275576013,0.0,0.9963196080739299,0.0,0.2274965873896282,0.799158101442897,0,1.0,0.25,0.0625,0.043478260869565216,10.10172937715188,0.005532556275576013,0.0,0.9963196080739299,0.0,0.0,0.056962025316455694,,
confirmation,381143,701,brain1,flat,0.0003,418001,dose1_flat.npz,38,126.23326760571976,39,0.26903553299492383,True,False,10.86892095475169,112389.42131979695,0.18933762274831067,0.005625872066347843,0.0,0.9964460712606252,1.4755032045463756,0.25052481827978884,0.7745871550570446,0,1.0,0.3125,0.046875,0.11594202898550725,10.864112326374249,0.00562587443061115,0.0,0.9964460622109157,2.8902097551346383e-12,2.8902097551346626e-12,0.0949367088607595,0.7918781725888325,11.671000000000276
confirmation,381143,701,brain1,training_sd,0.0003,418001,dose1_training_sd.npz,38,126.23326760571976,39,0.23857868020304568,True,False,10.106710226706669,112474.56852791877,0.1887234578443383,0.005532553063220253,0.0,0.9963196532731768,6.482158691097757e-08,0.2274682796067717,0.7992005293772991,0,1.0,0.25,0.0625,0.043478260869565216,10.10172937715188,0.005532556275576013,0.0,0.9963196080739299,2.8979272665651827e-12,2.897927266565283e-12,0.056962025316455694,0.7969543147208121,9.313000000000102
confirmation,381143,701,brain1,flat,0.03,418001,dose2_flat.npz,0,0.0,1,0.15228426395939088,False,False,12.212066210306137,113200.86294416244,0.18348471249675458,0.005563447243593847,0.0,0.9965767980139357,1.7529223539797762,0.1461877940429664,0.7871746343183665,0,0.25,0.28125,0.046875,0.14492753623188406,10.450959809621464,0.005563433064843472,0.0,0.9965904631878337,2.8902097551346392e-08,2.8902097551346382e-08,0.15306122448979592,0.28426395939086296,10.109000000000378
confirmation,381143,701,brain1,training_sd,0.03,418001,dose2_training_sd.npz,7,23.253496664211536,8,0.14213197969543148,False,False,11.910626408360388,112222.86294416244,0.19053900457906914,0.005679633310603904,0.0,0.9966333803911932,1.7562314185719312,0.1401886121567424,0.7465640699327672,0,0.3125,0.09375,0.140625,0.08695652173913043,10.554861660196895,0.00567995420992938,0.0,0.9966465895007101,2.8979272665651818e-08,2.8979272665651818e-08,0.1111111111111111,0.6903553299492385,10.468999999999141
confirmation,381143,701,brain1,flat,0.3,418001,dose3_flat.npz,0,0.0,1,0.116751269035533,False,False,28.03193859456027,112136.20812182741,0.19116404387057462,0.005572677195903645,0.0,0.9954036563797336,9.709054827722891,0.11008628002236315,0.7582026283755957,0,0.0625,0.1875,0.15625,0.07246376811594203,11.447134859394396,0.005567581966357898,0.0,0.9966986253946084,2.8902097551346386e-06,2.8902097551346386e-06,0.11734693877551021,0.12690355329949238,9.828000000001339
confirmation,381143,701,brain1,training_sd,0.3,418001,dose3_training_sd.npz,0,0.0,1,0.09137055837563451,False,False,22.033269287652306,112818.07106598985,0.18624578173537143,0.005597670117288072,0.0,0.995081020481806,2.0123217637842545,0.09063499118528247,0.7582214085140974,0,0.0625,0.09375,0.078125,0.11594202898550725,10.415505366422176,0.005600838811687902,0.0,0.9963070661789553,2.8979272665651817e-06,2.8979272665651817e-06,0.09183673469387756,0.3096446700507614,10.531999999999243
confirmation,381143,702,legacy5,clean,0.0,418001,clean.npz,32,106.30169903639559,33,0.20304568527918782,True,False,13.532496954943616,645.9441624365483,0.058390433765964644,0.012814753640555692,0.00021150592216582064,0.9658406563305999,0.0,0.21060506812865565,0.8548173251195219,0,1.0,0.0,0.046875,0.07246376811594203,13.532496954943616,0.012814753640555692,0.00021150592216582064,0.9658406563305999,0.0,0.0,0.04878048780487805,,
confirmation,381143,702,legacy5,flat,0.0003,418001,dose1_flat.npz,32,106.30169903639559,33,0.23857868020304568,True,False,13.604599614303327,645.9441624365483,0.058390433765964644,0.012912684077140813,0.0,0.9658243221918527,1.0533079310108242,0.2461147378054532,0.8525114440441405,0,1.0,0.0,0.09375,0.13043478260869565,13.597959865546326,0.012912662698550403,0.00021150592216582064,0.9658240531147451,5.902114764895032e-11,5.902114764895123e-11,0.09146341463414634,0.9187817258883249,0.01599999999962165
confirmation,381143,702,legacy5,training_sd,0.0003,418001,dose1_training_sd.npz,32,106.30169903639559,33,0.233502538071066,True,False,13.310540126280502,645.9441624365483,0.058390433765964644,0.01332250033866915,0.0,0.9644956121064546,1.2257841470934747,0.2264292560989999,0.8473226056025037,0,1.0,0.0,0.109375,0.10144927536231885,13.307036628622134,0.013322480092684523,0.00021150592216582064,0.9644952079876723,6.149977755759365e-11,6.149977755759117e-11,0.08536585365853659,0.9187817258883249,0.015000000001236913
confirmation,381143,702,legacy5,flat,0.03,418001,dose2_flat.npz,3,9.965784284662087,4,0.116751269035533,False,False,14.03693081216848,645.9441624365483,0.058390433765964644,0.013331680912399552,0.0,0.9663959672703536,2.075440480829004,0.11154858930455111,0.8614737191778307,0,0.15625,0.0625,0.109375,0.13043478260869565,13.021091441157287,0.013329106812980388,0.00021150592216582064,0.9664037771548459,5.902114764895033e-07,5.902114764895032e-07,0.10362694300518134,0.6802030456852792,0.01599999999962165
confirmation,381143,702,legacy5,training_sd,0.03,418001,dose2_training_sd.npz,38,126.23326760571976,39,0.26903553299492383,True,False,14.256444221064138,645.9441624365483,0.058390433765964644,0.013039590630465064,0.0,0.9663074436532602,1.8316121840545672,0.2565961035145149,0.8623892035856371,0,1.0,0.25,0.078125,0.11594202898550725,13.530654894749391,0.013037180422610217,0.00021150592216582064,0.9663724099891885,6.149977755759365e-07,6.149977755759365e-07,0.0949367088607595,0.8934010152284264,0.030999999999039574
confirmation,381143,702,legacy5,flat,0.3,418001,dose3_flat.npz,3,9.965784284662087,4,0.1116751269035533,False,False,23.882157066741318,645.9441624365483,0.058390433765964644,0.013222313771927043,0.0,0.965292285515736,2.475576584860463,0.1138886235258416,0.865139396707371,0,0.21875,0.09375,0.09375,0.08695652173913043,13.279854901657794,0.013171745502738997,0.00021150592216582064,0.9698470121896924,5.902114764895033e-05,5.9021147648950334e-05,0.09844559585492228,0.18781725888324874,0.01600000000144064
confirmation,381143,702,legacy5,training_sd,0.3,418001,dose3_training_sd.npz,3,9.965784284662087,4,0.1218274111675127,False,False,19.658136996668652,645.9441624365483,0.058390433765964644,0.01315118814043164,0.0,0.9602196299076327,2.065542374996392,0.12010934252770276,0.8455695251131766,0,0.15625,0.15625,0.078125,0.13043478260869565,12.357722566702979,0.013105984597537658,0.00021150592216582064,0.965456047808031,6.149977755759367e-05,6.149977755759367e-05,0.10880829015544041,0.4416243654822335,0.030999999999039574
confirmation,381143,702,brain5,clean,0.0,418001,clean.npz,33,109.62362713128296,34,0.24873096446700507,True,False,8.659683585868672,83005.95939086295,0.4012798751371335,0.0020098949280806513,0.0,0.9833680313043255,0.0,0.24061206552364814,0.6327751472248074,0,1.0,0.15625,0.09375,0.08695652173913043,8.659683585868672,0.0020098949280806513,0.0,0.9833680313043255,0.0,0.0,0.09815950920245399,,
confirmation,381143,702,brain5,flat,0.0003,418001,dose1_flat.npz,33,109.62362713128296,34,0.26903553299492383,True,False,9.708115679533783,82230.36040609136,0.4068742532325582,0.0020722084380365093,0.00042301184433164127,0.9807620025226843,0.9004769133648113,0.25203894868333127,0.6798131703124163,0,1.0,0.15625,0.171875,0.07246376811594203,9.704813999837766,0.00207220266974817,0.0,0.9807618040468691,9.133562054357648e-13,9.133562054357686e-13,0.12269938650306748,0.7411167512690355,4.0
confirmation,381143,702,brain5,training_sd,0.0003,418001,dose1_training_sd.npz,33,109.62362713128296,34,0.24873096446700507,True,False,8.661588245272055,83005.95939086295,0.4012798751371335,0.002009897163795466,0.0,0.9833682996932718,2.0787841351066658e-08,0.24059848188045324,0.6328053192944342,0,1.0,0.15625,0.09375,0.08695652173913043,8.659683585868672,0.0020098949280806513,0.0,0.9833680313043255,9.474686279295777e-13,9.474686279296092e-13,0.09815950920245399,0.751269035532995,3.9219999999986612
confirmation,381143,702,brain5,flat,0.03,418001,dose2_flat.npz,1,3.321928094887362,2,0.14720812182741116,False,False,10.992694766671383,81860.45177664974,0.4095423958868014,0.002176134819889609,0.0,0.9768158116445533,2.08220655773468,0.14243496759262728,0.7253812311763573,0,0.1875,0.15625,0.125,0.14492753623188406,10.001595622045725,0.0021753265541339358,0.0,0.9768284654230569,9.13356205435765e-09,9.133562054357648e-09,0.14358974358974358,0.2182741116751269,3.936999999999898
confirmation,381143,702,brain5,training_sd,0.03,418001,dose2_training_sd.npz,33,109.62362713128296,34,0.26903553299492383,True,False,9.96236525912096,80084.81218274112,0.4223500444843,0.002092501361576963,0.0,0.975158121234731,1.6115690389369288,0.2374154173902814,0.7627352123973974,0,1.0,0.15625,0.078125,0.15942028985507245,9.496324525473895,0.002092208820143134,0.0,0.9752049041322224,9.474686279295778e-09,9.474686279295783e-09,0.12269938650306748,0.7411167512690355,3.984999999998763
confirmation,381143,702,brain5,flat,0.3,418001,dose3_flat.npz,0,0.0,1,0.09644670050761421,False,False,19.98021843132185,82786.02030456853,0.4028662908375815,0.0022047917010302623,0.0,0.975552390970285,19.68598360088995,0.09210874371218154,0.8126124375480247,0,0.0625,0.15625,0.09375,0.08695652173913043,10.083930431095341,0.002187421070367413,0.00021150592216582064,0.9772432537621957,9.13356205435765e-07,9.13356205435765e-07,0.09693877551020408,0.1218274111675127,3.936999999999898
confirmation,381143,702,brain5,training_sd,0.3,418001,dose3_training_sd.npz,2,6.643856189774724,3,0.1218274111675127,False,False,14.53928678164612,80063.71573604061,0.4225022126815643,0.0020842112591310425,0.0,0.9765940667581701,1.897669723570181,0.12299901989330174,0.7368886837057315,0,0.25,0.09375,0.109375,0.08695652173913043,10.082667601842823,0.002079625347603418,0.00021150592216582064,0.9782231253701839,9.474686279295778e-07,9.474686279295778e-07,0.1134020618556701,0.4517766497461929,3.9839999999985594
confirmation,381143,702,brain1,clean,0.0,418001,clean.npz,51,169.41833283925547,52,0.3553299492385787,True,False,11.193499506611722,111745.44670050761,0.19398259724530897,0.005571695959137265,0.0,0.9973319777582428,0.0,0.30089358622062407,0.7297026710400757,0,1.0,0.625,0.125,0.14492753623188406,11.193499506611722,0.005571695959137265,0.0,0.9973319777582428,0.0,0.0,0.1310344827586207,,
confirmation,381143,702,brain1,flat,0.0003,418001,dose1_flat.npz,51,169.41833283925547,52,0.3553299492385787,True,False,11.20009831744118,111745.44670050761,0.19398259724530897,0.005571700060065062,0.0,0.9973319629711388,1.563408696333238e-05,0.3003925115805118,0.7311198557701976,0,1.0,0.625,0.125,0.14492753623188406,11.193499506611722,0.005571695959137265,0.0,0.9973319777582428,2.4742777305006304e-12,2.474277730500607e-12,0.1310344827586207,0.7309644670050761,9.140999999999622
confirmation,381143,702,brain1,training_sd,0.0003,418001,dose1_training_sd.npz,51,169.41833283925547,52,0.3553299492385787,True,False,11.197228777007158,111745.44670050761,0.19398259724530897,0.005571702096400863,0.0,0.9973319586931734,6.31294305443963e-08,0.3008904392975247,0.7297797883212966,0,1.0,0.625,0.125,0.14492753623188406,11.193499506611722,0.005571695959137265,0.0,0.9973319777582428,2.5430620911477985e-12,2.5430620911477953e-12,0.1310344827586207,0.7360406091370558,10.109000000000378
confirmation,381143,702,brain1,flat,0.03,418001,dose2_flat.npz,0,0.0,1,0.08121827411167512,False,False,13.482513882669432,109460.67005076142,0.21046264001643533,0.00562526609107939,0.0,0.9972283485219534,1.410816768277228,0.08754497167083831,0.7416326829166657,0,0.09375,0.125,0.046875,0.08695652173913043,11.487452242621393,0.005624398243526968,0.0,0.9972384990972581,2.4742777305006318e-08,2.474277730500632e-08,0.08163265306122448,0.20812182741116753,10.015999999999622
confirmation,381143,702,brain1,training_sd,0.03,418001,dose2_training_sd.npz,37,122.9113395108324,38,0.2436548223350254,True,False,12.972436381791717,110746.91370558375,0.20118499335985007,0.0056237985684759895,0.0,0.9973360814348345,1.075866587087531,0.22493545355445327,0.7525590650636239,0,1.0,0.25,0.09375,0.028985507246376812,11.48661829371347,0.005623184487397021,0.0,0.9973472278399651,2.5430620911477996e-08,2.5430620911477996e-08,0.06918238993710692,0.6598984771573604,10.593999999999141
confirmation,381143,702,brain1,flat,0.3,418001,dose3_flat.npz,0,0.0,1,0.12690355329949238,False,False,28.784493584426777,112184.79695431472,0.19081357371075436,0.00550920666729391,0.0,0.996047047576998,16.970666448481232,0.12715296032201695,0.7812090791581878,0,0.0625,0.15625,0.140625,0.13043478260869565,11.587314206678197,0.005495531984187616,0.0,0.9971792113002841,2.4742777305006313e-06,2.4742777305006313e-06,0.12755102040816327,0.1065989847715736,13.375
confirmation,381143,702,brain1,training_sd,0.3,418001,dose3_training_sd.npz,1,3.321928094887362,2,0.12690355329949238,False,False,23.162519881267315,111271.269035533,0.19740283011610726,0.005609586295463138,0.00010575296108291032,0.9960630091708915,1.416898894633614,0.10677540774286934,0.7047366283679258,0,0.125,0.125,0.125,0.13043478260869565,11.546817486220728,0.00560344540860497,0.0,0.9972483390987078,2.5430620911478e-06,2.543062091147799e-06,0.12307692307692308,0.25888324873096447,12.936999999999898
confirmation,381144,701,legacy5,clean,0.0,418001,clean.npz,38,126.23326760571976,39,0.25888324873096447,True,False,14.226994007475103,647.9593908629441,0.05545278299862366,0.014307402767512136,0.00021150592216582064,0.9694736580939219,0.0,0.24344098951642068,0.7716236914223555,0,1.0,0.4375,0.046875,0.028985507246376812,14.226994007475103,0.014307402767512136,0.00021150592216582064,0.9694736580939219,0.0,0.0,0.08227848101265822,,
confirmation,381144,701,legacy5,flat,0.0003,418001,dose1_flat.npz,38,126.23326760571976,39,0.25888324873096447,True,False,14.232234584116737,647.9593908629441,0.05545278299862366,0.014307406235841365,0.0,0.9694738184710701,2.3574650138219904e-07,0.24350213321028505,0.7718035970252466,0,1.0,0.4375,0.046875,0.028985507246376812,14.226994007475103,0.014307402767512136,0.00021150592216582064,0.9694736580939219,5.082168996020322e-11,5.082168996020198e-11,0.08227848101265822,0.7715736040609137,0.014999999999417923
confirmation,381144,701,legacy5,training_sd,0.0003,418001,dose1_training_sd.npz,38,126.23326760571976,39,0.25888324873096447,True,False,14.229350463918276,647.9593908629441,0.05545278299862366,0.01430740957217096,0.0,0.9694735549868323,2.7300632897453178e-08,0.24344524659937972,0.7716475739494097,0,1.0,0.4375,0.046875,0.028985507246376812,14.226994007475103,0.014307402767512136,0.00021150592216582064,0.9694736580939219,5.089889246595666e-11,5.089889246595793e-11,0.08227848101265822,0.7715736040609137,0.0319999999992433
confirmation,381144,701,legacy5,flat,0.03,418001,dose2_flat.npz,5,16.609640474436812,6,0.1116751269035533,False,False,15.030366986846781,647.9593908629441,0.05545278299862366,0.014734388081194764,0.0,0.9706815822371537,1.941068472056407,0.11986119571452308,0.7319938703039658,0,0.28125,0.125,0.0625,0.07246376811594203,14.142037771140272,0.014734709761804061,0.00021150592216582064,0.9706909349022383,5.082168996020323e-07,5.082168996020322e-07,0.08900523560209424,0.6294416243654822,0.015000000001236913
confirmation,381144,701,legacy5,training_sd,0.03,418001,dose2_training_sd.npz,20,66.43856189774725,21,0.18781725888324874,False,False,14.880931038224901,647.9593908629441,0.05545278299862366,0.014518001542609186,0.0,0.9724387153541306,1.7780318487095437,0.1822314567936269,0.7861138091616224,0,0.625,0.15625,0.078125,0.10144927536231885,14.387710679509945,0.014517876316251115,0.00021150592216582064,0.9724819533547356,5.089889246595666e-07,5.089889246595664e-07,0.09659090909090909,0.7157360406091371,0.01599999999962165
confirmation,381144,701,legacy5,flat,0.3,418001,dose3_flat.npz,0,0.0,1,0.09644670050761421,False,False,24.318733454727152,647.9593908629441,0.05545278299862366,0.014844388755806076,0.0,0.9693459923643966,2.293205858961121,0.10366932687082948,0.7727365227587726,0,0.21875,0.09375,0.078125,0.057971014492753624,14.273484642275152,0.01482616686320784,0.00021150592216582064,0.9725058688768817,5.082168996020323e-05,5.082168996020323e-05,0.09693877551020408,0.29949238578680204,0.030999999999039574
confirmation,381144,701,legacy5,training_sd,0.3,418001,dose3_training_sd.npz,5,16.609640474436812,6,0.1319796954314721,False,False,20.344300260096357,647.9593908629441,0.05545278299862366,0.014450840756227027,0.0,0.9674135815821318,1.8361131900071945,0.12305852267558806,0.7222132163202227,0,0.3125,0.1875,0.0625,0.08695652173913043,14.413099803114708,0.014433944391627946,0.00021150592216582064,0.9703535415189095,5.089889246595665e-05,5.089889246595666e-05,0.1099476439790576,0.4517766497461929,0.01600000000144064
confirmation,381144,701,brain5,clean,0.0,418001,clean.npz,32,106.30169903639559,33,0.2131979695431472,True,False,7.747647032094424,93343.73604060913,0.32671372383954633,0.0023860954850964343,0.0,0.9913704516655465,0.0,0.20783815225642444,0.8819832760144063,0,1.0,0.0,0.078125,0.07246376811594203,7.747647032094424,0.0023860954850964343,0.0,0.9913704516655465,0.0,0.0,0.06097560975609756,,
confirmation,381144,701,brain5,flat,0.0003,418001,dose1_flat.npz,32,106.30169903639559,33,0.2233502538071066,True,False,7.97771674222591,93450.40101522843,0.32594435176805636,0.0023914125553088795,0.0,0.9878755306754112,0.8150483877019903,0.21593618290147662,0.8243591037000569,0,1.0,0.0,0.109375,0.07246376811594203,7.975299206496544,0.002391411791853227,0.00010575296108291032,0.9878755007318633,1.317012523458859e-12,1.3170125234588213e-12,0.07317073170731707,0.7918781725888325,4.015999999999622
confirmation,381144,701,brain5,training_sd,0.0003,418001,dose1_training_sd.npz,32,106.30169903639559,33,0.2131979695431472,True,False,7.748610946177411,93343.73604060913,0.32671372383954633,0.0023860967273678134,0.0,0.9913705687878355,2.3435593542933847e-08,0.207834666384352,0.8819551688191695,0,1.0,0.0,0.078125,0.07246376811594203,7.747647032094424,0.0023860954850964343,0.0,0.9913704516655465,1.2916260486379087e-12,1.2916260486379138e-12,0.06097560975609756,0.8020304568527918,3.936999999999898
confirmation,381144,701,brain5,flat,0.03,418001,dose2_flat.npz,2,6.643856189774724,3,0.10152284263959391,False,False,10.550786418511466,91378.75126903554,0.34088711496018054,0.002377634092477666,0.00021150592216582064,0.9744849739053649,3.336809254097135,0.10410506653678486,0.7810382612599558,0,0.0625,0.0625,0.140625,0.10144927536231885,9.539547637084643,0.0023773317557767917,0.0,0.9745064359886433,1.3170125234588592e-08,1.3170125234588592e-08,0.09278350515463918,0.2182741116751269,3.8289999999997235
confirmation,381144,701,brain5,training_sd,0.03,418001,dose2_training_sd.npz,32,106.30169903639559,33,0.2182741116751269,True,False,8.295691208158413,93029.10152284264,0.32898317556500956,0.0023728318411767495,0.0,0.9939676243829221,0.7670326619118055,0.20552432569271356,0.9291959448108716,0,1.0,0.03125,0.078125,0.07246376811594203,7.666400748169623,0.002372262745038972,0.0,0.9939962178490851,1.2916260486379093e-08,1.2916260486379093e-08,0.06707317073170732,0.7766497461928934,3.889999999999418
confirmation,381144,701,brain5,flat,0.3,418001,dose3_flat.npz,1,3.321928094887362,2,0.08121827411167512,False,False,20.19243206430372,91729.37055837564,0.33835810588380155,0.0023897707548091785,0.0,0.9720665054721556,22.884417362909666,0.07943950829806187,0.8273074893405308,0,0.09375,0.0625,0.078125,0.08695652173913043,9.651464022704088,0.002375214220190535,0.0,0.974056711551436,1.317012523458859e-06,1.317012523458859e-06,0.07692307692307693,0.09644670050761421,3.92200000000048
confirmation,381144,701,brain5,training_sd,0.3,418001,dose3_training_sd.npz,2,6.643856189774724,3,0.13705583756345177,False,False,12.816924979649661,92685.37055837564,0.3314624993084512,0.002375973901421617,0.0,0.9861194507004708,2.122898047036691,0.11908115325018315,0.868923276822766,0,0.1875,0.15625,0.078125,0.15942028985507245,8.188317701997335,0.0023687763867023238,0.0,0.98805023617622,1.2916260486379093e-06,1.2916260486379095e-06,0.12886597938144329,0.5025380710659898,4.09400000000096
confirmation,381144,701,brain1,clean,0.0,418001,clean.npz,37,122.9113395108324,38,0.25380710659898476,True,False,10.561456422770746,117447.41624365482,0.15285441871583882,0.005880103121814632,0.0,0.9969353654424676,0.0,0.24091231496620766,0.7733080098862951,0,1.0,0.25,0.0625,0.08695652173913043,10.561456422770746,0.005880103121814632,0.0,0.9969353654424676,0.0,0.0,0.08176100628930817,,
confirmation,381144,701,brain1,flat,0.0003,418001,dose1_flat.npz,37,122.9113395108324,38,0.25888324873096447,True,False,10.324276675347383,117714.28426395939,0.15092950566608687,0.005902486627784873,0.0,0.9969795931350649,0.857574680636641,0.23385489045482638,0.7777305347812214,0,1.0,0.25,0.09375,0.07246376811594203,10.314922347603277,0.005902487613177392,0.0,0.9969795712111141,2.5073733906783793e-12,2.50737339067837e-12,0.0880503144654088,0.7614213197969543,13.15599999999904
confirmation,381144,701,brain1,training_sd,0.0003,418001,dose1_training_sd.npz,37,122.9113395108324,38,0.25380710659898476,True,False,10.565027298398205,117447.41624365482,0.15285441871583882,0.005880102312659472,0.0,0.9969354093877123,6.347484669202031e-08,0.24095031247298443,0.773315399764817,0,1.0,0.25,0.0625,0.08695652173913043,10.561456422770746,0.005880103121814632,0.0,0.9969353654424676,2.500534841553038e-12,2.5005348415530974e-12,0.08176100628930817,0.7715736040609137,12.125
confirmation,381144,701,brain1,flat,0.03,418001,dose2_flat.npz,1,3.321928094887362,2,0.10152284263959391,False,False,12.538791131352115,118560.33502538071,0.14482696048456267,0.005817518992100602,0.0,0.9968328584708849,1.5210465171194143,0.1090824002025432,0.7901577533607268,0,0.0625,0.0625,0.125,0.11594202898550725,10.727608568937715,0.005817314640560671,0.0,0.996843543449726,2.50737339067838e-08,2.50737339067838e-08,0.09743589743589744,0.2893401015228426,10.96900000000096
confirmation,381144,701,brain1,training_sd,0.03,418001,dose2_training_sd.npz,37,122.9113395108324,38,0.27411167512690354,True,False,12.020797725535658,117407.32994923858,0.15314356025910036,0.005913646602690906,0.0,0.9969259446607519,0.5344666637392538,0.2540945227281298,0.775925041193634,0,1.0,0.28125,0.109375,0.08695652173913043,10.39337180717676,0.005913727151327458,0.0,0.9969403755255843,2.5005348415530385e-08,2.5005348415530385e-08,0.1069182389937107,0.7258883248730964,10.968999999999141
confirmation,381144,701,brain1,flat,0.3,418001,dose3_flat.npz,1,3.321928094887362,2,0.12690355329949238,False,False,27.56389243386671,118663.10152284264,0.14408570804144116,0.005886873308281269,0.0,0.9961297699245659,11.639598052412504,0.13371276813705485,0.9035991643003315,0,0.125,0.125,0.0625,0.18840579710144928,10.244186508086338,0.0058794754469833265,0.0,0.9971922172630852,2.507373390678381e-06,2.50737339067838e-06,0.12307692307692308,0.17258883248730963,10.25
confirmation,381144,701,brain1,training_sd,0.3,418001,dose3_training_sd.npz,1,3.321928094887362,2,0.1116751269035533,False,False,22.554459407423813,118429.45685279187,0.14577098181037174,0.0058063776512979545,0.0,0.9957823224536521,1.4380667288580489,0.12084900886833252,0.7817519970377154,0,0.1875,0.0625,0.109375,0.10144927536231885,10.649691072628608,0.0058071675002858555,0.0,0.9968365668140371,2.5005348415530393e-06,2.500534841553038e-06,0.1076923076923077,0.30456852791878175,12.061999999999898
confirmation,381144,702,legacy5,clean,0.0,418001,clean.npz,35,116.26748332105768,36,0.27411167512690354,True,False,13.74339797540929,645.9441624365483,0.058390433765964644,0.012124265058379501,0.00021150592216582064,0.9679999825824426,0.0,0.26232727254400606,0.8245298619922969,0,1.0,0.1875,0.140625,0.10144927536231885,13.74339797540929,0.012124265058379501,0.00021150592216582064,0.9679999825824426,0.0,0.0,0.11801242236024845,,
confirmation,381144,702,legacy5,flat,0.0003,418001,dose1_flat.npz,35,116.26748332105768,36,0.27411167512690354,True,False,13.750165498744629,645.9441624365483,0.058390433765964644,0.012124278795207367,0.0,0.9679998295687356,6.756713127644689e-07,0.2623406921098135,0.8248909423269715,0,1.0,0.1875,0.140625,0.10144927536231885,13.74339797540929,0.012124265058379501,0.00021150592216582064,0.9679999825824426,5.412623344526921e-11,5.412623344527053e-11,0.11801242236024845,0.817258883248731,0.031000000000858563
confirmation,381144,702,legacy5,training_sd,0.0003,418001,dose1_training_sd.npz,35,116.26748332105768,36,0.27411167512690354,True,False,13.746424324475553,645.9441624365483,0.058390433765964644,0.01212428400614171,0.0,0.9680001689549921,3.5767507802754556e-08,0.2623371047225111,0.8246234633830541,0,1.0,0.1875,0.140625,0.10144927536231885,13.74339797540929,0.012124265058379501,0.00021150592216582064,0.9679999825824426,5.187879850711579e-11,5.187879850711576e-11,0.11801242236024845,0.8223350253807107,0.01599999999962165
confirmation,381144,702,legacy5,flat,0.03,418001,dose2_flat.npz,1,3.321928094887362,2,0.1065989847715736,False,False,15.187290425246992,645.9441624365483,0.058390433765964644,0.012094848492087994,0.0,0.9652388871917816,1.8582338521443782,0.11727744463714658,0.8045059674188132,0,0.21875,0.03125,0.125,0.07246376811594203,14.048572040336213,0.012093579330494098,0.00021150592216582064,0.9653167065442698,5.412623344526922e-07,5.412623344526922e-07,0.10256410256410256,0.6395939086294417,0.030999999999039574
confirmation,381144,702,legacy5,training_sd,0.03,418001,dose2_training_sd.npz,35,116.26748332105768,36,0.27918781725888325,True,False,15.020940646482137,645.9441624365483,0.058390433765964644,0.012075152755178828,0.0,0.9637294066642408,0.6328311567289446,0.26308317994508473,0.7994139999103418,0,1.0,0.1875,0.125,0.13043478260869565,14.342690989424419,0.012073986117616254,0.00021150592216582064,0.963677924281193,5.18787985071158e-07,5.18787985071158e-07,0.12422360248447205,0.7918781725888325,0.01600000000144064
confirmation,381144,702,legacy5,flat,0.3,418001,dose3_flat.npz,0,0.0,1,0.10152284263959391,False,False,25.007835261910746,645.9441624365483,0.058390433765964644,0.012129506494589205,0.0,0.9562537490321589,2.6561289652811158,0.1058186249388993,0.7979287914578073,0,0.0625,0.21875,0.078125,0.08695652173913043,14.402981696048863,0.01208179158570079,0.00021150592216582064,0.9612027465239716,5.412623344526921e-05,5.412623344526921e-05,0.10204081632653061,0.2436548223350254,0.030999999999039574
confirmation,381144,702,legacy5,training_sd,0.3,418001,dose3_training_sd.npz,1,3.321928094887362,2,0.14720812182741116,False,False,20.775326273916992,645.9441624365483,0.058390433765964644,0.012097833180547676,0.0,0.959239617364066,1.5744765389658932,0.14142918674030963,0.7926337713491585,0,0.15625,0.15625,0.15625,0.13043478260869565,13.95177183733975,0.012056286843369245,0.00021150592216582064,0.9629041665935876,5.1878798507115796e-05,5.1878798507115796e-05,0.14358974358974358,0.48223350253807107,0.01599999999962165
confirmation,381144,702,brain5,clean,0.0,418001,clean.npz,35,116.26748332105768,36,0.25380710659898476,True,False,10.234098061720807,81403.75126903554,0.41283656641323485,0.00204577339017045,0.0,0.9761497264577542,0.0,0.24146543968421177,0.7882914898974606,0,1.0,0.21875,0.125,0.043478260869565216,10.234098061720807,0.00204577339017045,0.0,0.9761497264577542,0.0,0.0,0.09316770186335403,,
confirmation,381144,702,brain5,flat,0.0003,418001,dose1_flat.npz,35,116.26748332105768,36,0.3147208121827411,True,False,10.072404585214699,81324.1269035533,0.4134108951770187,0.002017058530828385,0.0,0.9743588388654245,1.3803879860289463,0.28392799222967385,0.7724005147076041,0,1.0,0.21875,0.125,0.21739130434782608,10.068759377013013,0.002017058770588052,0.0,0.9743585155914966,1.2030330557681767e-12,1.2030330557681995e-12,0.16770186335403728,0.7969543147208121,4.203000000001339
confirmation,381144,702,brain5,training_sd,0.0003,418001,dose1_training_sd.npz,35,116.26748332105768,36,0.25380710659898476,True,False,10.234832908330233,81403.75126903554,0.41283656641323485,0.0020457773959872607,0.0,0.9761494475171948,2.680142057705941e-08,0.24145910236274337,0.7882793040085554,0,1.0,0.21875,0.125,0.043478260869565216,10.234098061720807,0.00204577339017045,0.0,0.9761497264577542,1.1749387524738263e-12,1.1749387524738126e-12,0.09316770186335403,0.817258883248731,4.109999999998763
confirmation,381144,702,brain5,flat,0.03,418001,dose2_flat.npz,0,0.0,1,0.09644670050761421,False,False,11.433933941453295,80721.6497461929,0.4177565494111116,0.0020142367951650917,0.0,0.9755118636447888,1.710618574117449,0.09392359143304368,0.7899326697332405,0,0.25,0.125,0.03125,0.07246376811594203,10.265560605213267,0.002013685705454037,0.00010575296108291032,0.9755112112301862,1.2030330557681766e-08,1.203033055768177e-08,0.09693877551020408,0.15736040609137056,4.156000000000859
confirmation,381144,702,brain5,training_sd,0.03,418001,dose2_training_sd.npz,32,106.30169903639559,33,0.22842639593908629,True,False,10.480099640206342,80258.21827411167,0.4210992702333999,0.0020044334334819217,0.0,0.9755006626306009,1.596890095019941,0.2164239253528641,0.8096905738700017,0,1.0,0.0625,0.078125,0.08695652173913043,9.97734280728414,0.002004225502778886,0.00010575296108291032,0.9754763444401168,1.1749387524738263e-08,1.1749387524738263e-08,0.07926829268292683,0.7918781725888325,4.29700000000048
confirmation,381144,702,brain5,flat,0.3,418001,dose3_flat.npz,0,0.0,1,0.08121827411167512,False,False,21.65626082887107,79369.42131979695,0.42751014274629107,0.0020103223947246186,0.0,0.9731781565753892,26.115981002483274,0.08115570204500197,0.824426704521318,0,0.125,0.09375,0.078125,0.057971014492753624,10.229316997934731,0.001988284071381914,0.00010575296108291032,0.9757700073544816,1.2030330557681768e-06,1.2030330557681766e-06,0.08163265306122448,0.1116751269035533,4.15599999999904
confirmation,381144,702,brain5,training_sd,0.3,418001,dose3_training_sd.npz,4,13.287712379549449,5,0.1116751269035533,False,False,14.41630946037123,81421.71065989848,0.4127070257294233,0.002024508422972415,0.00010575296108291032,0.9723206032033849,1.8096622042395878,0.10248027998311637,0.7486301364498715,0,0.125,0.0625,0.125,0.11594202898550725,9.516476997229924,0.0020193217249840347,0.0,0.9744091704320917,1.1749387524738263e-06,1.1749387524738263e-06,0.09375,0.47715736040609136,4.186999999999898
confirmation,381144,702,brain1,clean,0.0,418001,clean.npz,35,116.26748332105768,36,0.2639593908629442,True,False,11.09765391605491,113253.538071066,0.1831047679868868,0.005495074213662162,0.0,0.9970999333570438,0.0,0.24106412157342255,0.773415501540259,0,1.0,0.1875,0.09375,0.11594202898550725,11.09765391605491,0.005495074213662162,0.0,0.9970999333570438,0.0,0.0,0.10559006211180125,,
confirmation,381144,702,brain1,flat,0.0003,418001,dose1_flat.npz,35,116.26748332105768,36,0.27411167512690354,True,False,11.255265725865188,113564.77157360406,0.18085984770804708,0.005519176568902682,0.0,0.9972345134726459,0.7861405338394049,0.2550632444775369,0.8118377865946286,0,1.0,0.1875,0.125,0.11594202898550725,11.249379474751725,0.0055191723519213524,0.0,0.9972345569055777,2.1036999774378483e-12,2.103699977437821e-12,0.11801242236024845,0.7766497461928934,9.360000000000582
confirmation,381144,702,brain1,training_sd,0.0003,418001,dose1_training_sd.npz,35,116.26748332105768,36,0.2639593908629442,True,False,11.101316312901034,113253.538071066,0.1831047679868868,0.005495077420306885,0.0,0.9970998944768872,5.371572185021191e-08,0.2411913387734997,0.7735628743349866,0,1.0,0.1875,0.09375,0.11594202898550725,11.09765391605491,0.005495074213662162,0.0,0.9970999333570438,2.1208431915245446e-12,2.120843191524627e-12,0.10559006211180125,0.7817258883248731,8.421999999998661
confirmation,381144,702,brain1,flat,0.03,418001,dose2_flat.npz,1,3.321928094887362,2,0.14213197969543148,False,False,13.323672048839525,113015.81218274112,0.18481947949176547,0.005459531443963136,0.0,0.9971426144786468,1.3822824542510874,0.12932316625413115,0.8372561793715296,0,0.28125,0.09375,0.140625,0.10144927536231885,11.334971829770401,0.005458883373214318,0.0,0.9971489297445353,2.1036999774378483e-08,2.1036999774378483e-08,0.13846153846153847,0.25380710659898476,8.531000000000859
confirmation,381144,702,brain1,training_sd,0.03,418001,dose2_training_sd.npz,2,6.643856189774724,3,0.09137055837563451,False,False,12.884524878049497,112813.90355329949,0.18627584191101,0.005521011523000464,0.0,0.9971630632799839,1.0757024259927277,0.09599637841827721,0.7806215792030924,0,0.125,0.0625,0.125,0.057971014492753624,11.46084820801173,0.005520678576729634,0.0,0.997172206718597,2.1208431915245442e-08,2.1208431915245442e-08,0.08247422680412371,0.649746192893401,8.20299999999952
confirmation,381144,702,brain1,flat,0.3,418001,dose3_flat.npz,0,0.0,1,0.17766497461928935,False,False,26.24988119565898,114272.52791878172,0.1757548170516109,0.0055328230851265136,0.0,0.9965583370583573,9.009694202802525,0.16882774103564613,0.9401402570827446,0,0.25,0.09375,0.234375,0.13043478260869565,10.274226050465995,0.005521885154756718,0.0,0.997504271137292,2.1036999774378484e-06,2.1036999774378484e-06,0.17857142857142858,0.17258883248730963,8.313000000000102
confirmation,381144,702,brain1,training_sd,0.3,418001,dose3_training_sd.npz,2,6.643856189774724,3,0.1218274111675127,False,False,23.85658758275986,113760.75126903554,0.17944625055694619,0.0054457313281846866,0.0,0.9961222021224924,1.172371928712213,0.11337068821167672,0.7827863775200161,0,0.1875,0.0625,0.109375,0.13043478260869565,11.418935545324874,0.005442089832786243,0.0,0.9970748165517739,2.120843191524545e-06,2.120843191524545e-06,0.1134020618556701,0.29441624365482233,8.625
