cohort,level,source_arm,target_arm,seed,dataset_seed,circuit_seed,lag,test_accuracy,train_accuracy,frequency_accuracy,null_accuracy,frequency_excess,null_excess,r2_vs_frequency,within_accuracy,transfer_difference,changed_target_count,changed_target_accuracy,same_target_count,same_target_accuracy,current_symbol_equality_fraction
main,brain1,low,high,27142,28142,701,0,1.0,1.0,0.23529411764705882,0.31092436974789917,0.7647058823529411,0.6890756302521008,0.9497229334653408,1.0,0.0,46,1.0,73,1.0,0.6134453781512605
main,brain1,low,high,27142,28142,701,1,0.9747899159663865,1.0,0.2605042016806723,0.31092436974789917,0.7142857142857142,0.6638655462184874,0.7347058780451003,0.9747899159663865,0.0,46,0.9782608695652174,73,0.9726027397260274,0.6134453781512605
main,brain1,low,high,27142,28142,701,2,0.6302521008403361,0.7920792079207921,0.2689075630252101,0.2773109243697479,0.36134453781512604,0.3529411764705882,0.3198964118471196,0.6470588235294118,-0.01680672268907568,46,0.5652173913043478,73,0.6712328767123288,0.6134453781512605
main,brain1,low,high,27142,28142,701,3,0.5294117647058824,0.7920792079207921,0.24369747899159663,0.31932773109243695,0.2857142857142857,0.2100840336134454,0.2119601392997179,0.5882352941176471,-0.05882352941176472,46,0.5217391304347826,73,0.5342465753424658,0.6134453781512605
main,brain1,low,high,27142,28142,701,4,0.5126050420168067,0.7376237623762376,0.23529411764705882,0.31092436974789917,0.27731092436974786,0.2016806722689075,0.13366595569729944,0.5882352941176471,-0.0756302521008404,45,0.5111111111111111,74,0.5135135135135135,0.6134453781512605
main,brain1,low,high,27142,28142,701,5,0.4369747899159664,0.6633663366336634,0.24369747899159663,0.31092436974789917,0.19327731092436976,0.12605042016806722,0.02492252533807493,0.5042016806722689,-0.0672268907563025,45,0.35555555555555557,74,0.4864864864864865,0.6134453781512605
main,brain1,low,high,27142,28142,701,8,0.3025210084033613,0.5544554455445545,0.25210084033613445,0.2773109243697479,0.05042016806722688,0.02521008403361341,-0.1326944872517124,0.36134453781512604,-0.05882352941176472,44,0.3181818181818182,75,0.29333333333333333,0.6134453781512605
main,brain1,low,high,27142,28142,701,-1,0.226890756302521,0.5891089108910891,0.23529411764705882,0.2689075630252101,-0.008403361344537813,-0.042016806722689065,-0.3359408173277143,0.21008403361344538,0.016806722689075626,47,0.2127659574468085,72,0.2361111111111111,0.6134453781512605
main,brain1,high,low,27142,28142,701,0,1.0,1.0,0.23529411764705882,0.18487394957983194,0.7647058823529411,0.8151260504201681,0.9460350079992753,1.0,0.0,46,1.0,73,1.0,0.6134453781512605
main,brain1,high,low,27142,28142,701,1,0.9915966386554622,0.9900990099009901,0.24369747899159663,0.19327731092436976,0.7478991596638656,0.7983193277310925,0.7540596778216204,0.9747899159663865,0.01680672268907568,46,1.0,73,0.9863013698630136,0.6134453781512605
main,brain1,high,low,27142,28142,701,2,0.6890756302521008,0.6881188118811881,0.2773109243697479,0.2184873949579832,0.4117647058823529,0.47058823529411764,0.3667318064258208,0.6050420168067226,0.08403361344537819,46,0.6304347826086957,73,0.726027397260274,0.6134453781512605
main,brain1,high,low,27142,28142,701,3,0.6218487394957983,0.6336633663366337,0.2689075630252101,0.20168067226890757,0.35294117647058826,0.42016806722689076,0.306226597962456,0.5798319327731093,0.04201680672268904,46,0.6086956521739131,73,0.6301369863013698,0.6134453781512605
main,brain1,high,low,27142,28142,701,4,0.4789915966386555,0.6188118811881188,0.2689075630252101,0.23529411764705882,0.2100840336134454,0.24369747899159666,0.16861570087255517,0.5462184873949579,-0.06722689075630245,45,0.4,74,0.527027027027027,0.6134453781512605
main,brain1,high,low,27142,28142,701,5,0.3949579831932773,0.5792079207920792,0.2605042016806723,0.23529411764705882,0.134453781512605,0.15966386554621848,0.079903257648692,0.4369747899159664,-0.04201680672268909,45,0.3111111111111111,74,0.44594594594594594,0.6134453781512605
main,brain1,high,low,27142,28142,701,8,0.2857142857142857,0.5841584158415841,0.226890756302521,0.226890756302521,0.05882352941176469,0.05882352941176469,-0.14838693680874404,0.3277310924369748,-0.04201680672268909,44,0.2727272727272727,75,0.29333333333333333,0.6134453781512605
main,brain1,high,low,27142,28142,701,-1,0.2605042016806723,0.5198019801980198,0.25210084033613445,0.19327731092436976,0.00840336134453784,0.06722689075630253,-0.3383402259428674,0.21008403361344538,0.050420168067226906,47,0.2978723404255319,72,0.2361111111111111,0.6134453781512605
main,brain1,low,high,27143,28143,701,0,0.9915966386554622,1.0,0.18487394957983194,0.21008403361344538,0.8067226890756303,0.7815126050420168,0.8388173481979497,0.9915966386554622,0.0,46,1.0,73,0.9863013698630136,0.6134453781512605
main,brain1,low,high,27143,28143,701,1,0.8235294117647058,0.9108910891089109,0.20168067226890757,0.13445378151260504,0.6218487394957983,0.6890756302521008,0.4454197066007439,0.8403361344537815,-0.01680672268907568,45,0.8888888888888888,74,0.7837837837837838,0.6134453781512605
main,brain1,low,high,27143,28143,701,2,0.5546218487394958,0.7079207920792079,0.24369747899159663,0.23529411764705882,0.31092436974789917,0.319327731092437,0.23450643876747612,0.5294117647058824,0.025210084033613467,46,0.6739130434782609,73,0.4794520547945205,0.6134453781512605
main,brain1,low,high,27143,28143,701,3,0.5294117647058824,0.6287128712871287,0.2184873949579832,0.2773109243697479,0.31092436974789917,0.25210084033613445,0.14222974703071867,0.5462184873949579,-0.01680672268907557,46,0.5434782608695652,73,0.5205479452054794,0.6134453781512605
main,brain1,low,high,27143,28143,701,4,0.4369747899159664,0.5643564356435643,0.23529411764705882,0.25210084033613445,0.20168067226890757,0.18487394957983194,0.0880209769979754,0.453781512605042,-0.016806722689075626,45,0.4444444444444444,74,0.43243243243243246,0.6134453781512605
main,brain1,low,high,27143,28143,701,5,0.4117647058823529,0.5445544554455446,0.24369747899159663,0.2689075630252101,0.1680672268907563,0.14285714285714285,0.007031842870256488,0.35294117647058826,0.05882352941176466,45,0.37777777777777777,74,0.43243243243243246,0.6134453781512605
main,brain1,low,high,27143,28143,701,8,0.33613445378151263,0.5198019801980198,0.20168067226890757,0.19327731092436976,0.13445378151260506,0.14285714285714288,-0.13089081621657206,0.33613445378151263,0.0,43,0.3488372093023256,76,0.32894736842105265,0.6134453781512605
main,brain1,low,high,27143,28143,701,-1,0.18487394957983194,0.5297029702970297,0.17647058823529413,0.24369747899159663,0.008403361344537813,-0.05882352941176469,-0.6318999885932308,0.2184873949579832,-0.03361344537815125,47,0.19148936170212766,72,0.18055555555555555,0.6134453781512605
main,brain1,high,low,27143,28143,701,0,1.0,1.0,0.21008403361344538,0.20168067226890757,0.7899159663865546,0.7983193277310925,0.8576566059993858,1.0,0.0,46,1.0,73,1.0,0.6134453781512605
main,brain1,high,low,27143,28143,701,1,0.8487394957983193,0.8811881188118812,0.21008403361344538,0.2184873949579832,0.6386554621848739,0.6302521008403361,0.5124610829578593,0.8571428571428571,-0.008403361344537785,45,0.8666666666666667,74,0.8378378378378378,0.6134453781512605
main,brain1,high,low,27143,28143,701,2,0.5546218487394958,0.6584158415841584,0.2184873949579832,0.15966386554621848,0.33613445378151263,0.39495798319327735,0.23986080856719472,0.6134453781512605,-0.05882352941176472,46,0.5869565217391305,73,0.5342465753424658,0.6134453781512605
main,brain1,high,low,27143,28143,701,3,0.5378151260504201,0.5742574257425742,0.2184873949579832,0.226890756302521,0.31932773109243695,0.31092436974789917,0.20465869889420307,0.5210084033613446,0.01680672268907557,46,0.5434782608695652,73,0.5342465753424658,0.6134453781512605
main,brain1,high,low,27143,28143,701,4,0.44537815126050423,0.5742574257425742,0.20168067226890757,0.21008403361344538,0.24369747899159666,0.23529411764705885,0.09072852120743902,0.46218487394957986,-0.016806722689075626,45,0.4666666666666667,74,0.43243243243243246,0.6134453781512605
main,brain1,high,low,27143,28143,701,5,0.3865546218487395,0.5643564356435643,0.19327731092436976,0.18487394957983194,0.19327731092436976,0.20168067226890757,0.03376855588010219,0.47058823529411764,-0.08403361344537813,45,0.4,74,0.3783783783783784,0.6134453781512605
main,brain1,high,low,27143,28143,701,8,0.3277310924369748,0.5544554455445545,0.21008403361344538,0.20168067226890757,0.11764705882352941,0.12605042016806722,-0.1362272569909293,0.3277310924369748,0.0,43,0.23255813953488372,76,0.3815789473684211,0.6134453781512605
main,brain1,high,low,27143,28143,701,-1,0.23529411764705882,0.5148514851485149,0.21008403361344538,0.2605042016806723,0.02521008403361344,-0.025210084033613467,-0.46727334605094506,0.25210084033613445,-0.016806722689075626,47,0.23404255319148937,72,0.2361111111111111,0.6134453781512605
main,brain1,low,high,27144,28144,701,0,1.0,1.0,0.23529411764705882,0.20168067226890757,0.7647058823529411,0.7983193277310925,0.8770615026657187,0.9831932773109243,0.01680672268907568,56,1.0,63,1.0,0.5294117647058824
main,brain1,low,high,27144,28144,701,1,0.8739495798319328,0.9405940594059405,0.25210084033613445,0.226890756302521,0.6218487394957983,0.6470588235294118,0.5477619584996016,0.8487394957983193,0.025210084033613467,56,0.8928571428571429,63,0.8571428571428571,0.5294117647058824
main,brain1,low,high,27144,28144,701,2,0.6218487394957983,0.7178217821782178,0.25210084033613445,0.2184873949579832,0.3697478991596639,0.40336134453781514,0.3637550349709827,0.6890756302521008,-0.0672268907563025,56,0.6071428571428571,63,0.6349206349206349,0.5294117647058824
main,brain1,low,high,27144,28144,701,3,0.5462184873949579,0.6633663366336634,0.2605042016806723,0.29411764705882354,0.28571428571428564,0.2521008403361344,0.1997151590053622,0.6302521008403361,-0.08403361344537819,56,0.5535714285714286,63,0.5396825396825397,0.5294117647058824
main,brain1,low,high,27144,28144,701,4,0.5042016806722689,0.6336633663366337,0.2689075630252101,0.25210084033613445,0.23529411764705882,0.25210084033613445,0.10799938225804995,0.5126050420168067,-0.008403361344537785,56,0.48214285714285715,63,0.5238095238095238,0.5294117647058824
main,brain1,low,high,27144,28144,701,5,0.453781512605042,0.6287128712871287,0.2689075630252101,0.2773109243697479,0.18487394957983194,0.1764705882352941,-1.3840110579366183e-05,0.40336134453781514,0.05042016806722688,55,0.43636363636363634,64,0.46875,0.5294117647058824
main,brain1,low,high,27144,28144,701,8,0.3277310924369748,0.5396039603960396,0.24369747899159663,0.226890756302521,0.08403361344537816,0.10084033613445378,-0.07784693889103877,0.3865546218487395,-0.05882352941176472,55,0.32727272727272727,64,0.328125,0.5294117647058824
main,brain1,low,high,27144,28144,701,-1,0.226890756302521,0.5495049504950495,0.226890756302521,0.3277310924369748,0.0,-0.10084033613445378,-0.4161736749268319,0.29411764705882354,-0.06722689075630253,55,0.2,64,0.25,0.5294117647058824
main,brain1,high,low,27144,28144,701,0,0.9915966386554622,1.0,0.19327731092436976,0.2605042016806723,0.7983193277310925,0.73109243697479,0.8912362817409129,1.0,-0.008403361344537785,56,0.9821428571428571,63,1.0,0.5294117647058824
main,brain1,high,low,27144,28144,701,1,0.8907563025210085,0.9356435643564357,0.18487394957983194,0.2773109243697479,0.7058823529411765,0.6134453781512605,0.5928562405109037,0.8739495798319328,0.01680672268907568,56,0.9107142857142857,63,0.873015873015873,0.5294117647058824
main,brain1,high,low,27144,28144,701,2,0.6722689075630253,0.7623762376237624,0.19327731092436976,0.2605042016806723,0.47899159663865554,0.411764705882353,0.3772774801292915,0.5966386554621849,0.0756302521008404,56,0.7142857142857143,63,0.6349206349206349,0.5294117647058824
main,brain1,high,low,27144,28144,701,3,0.6050420168067226,0.6584158415841584,0.226890756302521,0.226890756302521,0.37815126050420167,0.37815126050420167,0.25332996569927835,0.6050420168067226,0.0,56,0.625,63,0.5873015873015873,0.5294117647058824
main,brain1,high,low,27144,28144,701,4,0.5294117647058824,0.6435643564356436,0.24369747899159663,0.25210084033613445,0.2857142857142857,0.2773109243697479,0.08678459283692685,0.5378151260504201,-0.008403361344537785,56,0.48214285714285715,63,0.5714285714285714,0.5294117647058824
main,brain1,high,low,27144,28144,701,5,0.42016806722689076,0.5891089108910891,0.226890756302521,0.2184873949579832,0.19327731092436976,0.20168067226890757,0.1204984451579374,0.48739495798319327,-0.0672268907563025,55,0.41818181818181815,64,0.421875,0.5294117647058824
main,brain1,high,low,27144,28144,701,8,0.4117647058823529,0.5,0.226890756302521,0.226890756302521,0.18487394957983191,0.18487394957983191,0.007904434295687213,0.4117647058823529,0.0,55,0.4909090909090909,64,0.34375,0.5294117647058824
main,brain1,high,low,27144,28144,701,-1,0.226890756302521,0.5247524752475248,0.23529411764705882,0.2689075630252101,-0.008403361344537813,-0.042016806722689065,-0.2807114292660766,0.23529411764705882,-0.008403361344537813,55,0.2727272727272727,64,0.1875,0.5294117647058824
main,brain1,low,high,27145,28145,701,0,0.9915966386554622,1.0,0.2184873949579832,0.15126050420168066,0.773109243697479,0.8403361344537815,0.906017497256691,0.9915966386554622,0.0,52,1.0,67,0.9850746268656716,0.5630252100840336
main,brain1,low,high,27145,28145,701,1,0.957983193277311,0.9752475247524752,0.21008403361344538,0.21008403361344538,0.7478991596638656,0.7478991596638656,0.6246765427592698,0.9327731092436975,0.025210084033613467,51,0.9607843137254902,68,0.9558823529411765,0.5630252100840336
main,brain1,low,high,27145,28145,701,2,0.6470588235294118,0.7227722772277227,0.2184873949579832,0.24369747899159663,0.4285714285714286,0.40336134453781514,0.33231678868043546,0.6554621848739496,-0.008403361344537785,51,0.6274509803921569,68,0.6617647058823529,0.5630252100840336
main,brain1,low,high,27145,28145,701,3,0.5882352941176471,0.6782178217821783,0.25210084033613445,0.15966386554621848,0.33613445378151263,0.4285714285714286,0.275563223921821,0.6638655462184874,-0.07563025210084029,51,0.5882352941176471,68,0.5882352941176471,0.5630252100840336
main,brain1,low,high,27145,28145,701,4,0.42016806722689076,0.6039603960396039,0.226890756302521,0.21008403361344538,0.19327731092436976,0.21008403361344538,0.13366512430673805,0.4789915966386555,-0.05882352941176472,52,0.5,67,0.3582089552238806,0.5630252100840336
main,brain1,low,high,27145,28145,701,5,0.47058823529411764,0.5891089108910891,0.2773109243697479,0.29411764705882354,0.19327731092436973,0.1764705882352941,0.08053412640686008,0.4789915966386555,-0.00840336134453784,53,0.4716981132075472,66,0.4696969696969697,0.5630252100840336
main,brain1,low,high,27145,28145,701,8,0.3865546218487395,0.5544554455445545,0.24369747899159663,0.226890756302521,0.14285714285714288,0.1596638655462185,-0.059196204427947485,0.3445378151260504,0.04201680672268909,51,0.45098039215686275,68,0.3382352941176471,0.5630252100840336
main,brain1,low,high,27145,28145,701,-1,0.21008403361344538,0.5396039603960396,0.25210084033613445,0.2689075630252101,-0.042016806722689065,-0.05882352941176469,-0.25109414022083576,0.226890756302521,-0.016806722689075626,52,0.3076923076923077,67,0.13432835820895522,0.5630252100840336
main,brain1,high,low,27145,28145,701,0,0.9831932773109243,1.0,0.2773109243697479,0.2605042016806723,0.7058823529411764,0.722689075630252,0.8950260909843906,0.9915966386554622,-0.008403361344537896,52,1.0,67,0.9701492537313433,0.5630252100840336
main,brain1,high,low,27145,28145,701,1,0.957983193277311,0.9752475247524752,0.2689075630252101,0.14285714285714285,0.6890756302521008,0.8151260504201681,0.6167329722956995,0.9243697478991597,0.03361344537815125,51,0.9411764705882353,68,0.9705882352941176,0.5630252100840336
main,brain1,high,low,27145,28145,701,2,0.6638655462184874,0.6584158415841584,0.25210084033613445,0.17647058823529413,0.4117647058823529,0.4873949579831932,0.29522466050675467,0.6218487394957983,0.04201680672268904,51,0.6470588235294118,68,0.6764705882352942,0.5630252100840336
main,brain1,high,low,27145,28145,701,3,0.6302521008403361,0.6782178217821783,0.25210084033613445,0.19327731092436976,0.37815126050420167,0.4369747899159664,0.3084106510434723,0.6050420168067226,0.025210084033613467,51,0.6274509803921569,68,0.6323529411764706,0.5630252100840336
main,brain1,high,low,27145,28145,701,4,0.46218487394957986,0.5544554455445545,0.24369747899159663,0.24369747899159663,0.21848739495798322,0.21848739495798322,0.18381400146719806,0.4957983193277311,-0.03361344537815125,52,0.5,67,0.43283582089552236,0.5630252100840336
main,brain1,high,low,27145,28145,701,5,0.3865546218487395,0.5643564356435643,0.2605042016806723,0.24369747899159663,0.12605042016806722,0.14285714285714288,0.07910041330925255,0.46218487394957986,-0.07563025210084034,53,0.4339622641509434,66,0.3484848484848485,0.5630252100840336
main,brain1,high,low,27145,28145,701,8,0.37815126050420167,0.5396039603960396,0.226890756302521,0.23529411764705882,0.15126050420168066,0.14285714285714285,-0.014981004921108099,0.3949579831932773,-0.016806722689075626,51,0.45098039215686275,68,0.3235294117647059,0.5630252100840336
main,brain1,high,low,27145,28145,701,-1,0.21008403361344538,0.45544554455445546,0.2773109243697479,0.2605042016806723,-0.06722689075630253,-0.050420168067226906,-0.19242806477305696,0.226890756302521,-0.016806722689075626,52,0.21153846153846154,67,0.208955223880597,0.5630252100840336
main,brain1,low,high,27146,28146,701,0,1.0,1.0,0.23529411764705882,0.2184873949579832,0.7647058823529411,0.7815126050420168,0.899705235386829,0.9915966386554622,0.008403361344537785,44,1.0,75,1.0,0.6302521008403361
main,brain1,low,high,27146,28146,701,1,0.8571428571428571,0.9257425742574258,0.19327731092436976,0.2605042016806723,0.6638655462184874,0.5966386554621848,0.5457302567878543,0.865546218487395,-0.008403361344537896,45,0.9111111111111111,74,0.8243243243243243,0.6302521008403361
main,brain1,low,high,27146,28146,701,2,0.6218487394957983,0.7079207920792079,0.19327731092436976,0.18487394957983194,0.4285714285714286,0.4369747899159664,0.334104060270616,0.5882352941176471,0.03361344537815125,44,0.6136363636363636,75,0.6266666666666667,0.6302521008403361
main,brain1,low,high,27146,28146,701,3,0.5462184873949579,0.6287128712871287,0.18487394957983194,0.20168067226890757,0.361344537815126,0.34453781512605036,0.22032077707824826,0.5294117647058824,0.01680672268907557,44,0.5909090909090909,75,0.52,0.6302521008403361
main,brain1,low,high,27146,28146,701,4,0.48739495798319327,0.5643564356435643,0.20168067226890757,0.25210084033613445,0.2857142857142857,0.23529411764705882,0.10192437764373785,0.4789915966386555,0.008403361344537785,44,0.5227272727272727,75,0.4666666666666667,0.6302521008403361
main,brain1,low,high,27146,28146,701,5,0.4789915966386555,0.5792079207920792,0.21008403361344538,0.226890756302521,0.26890756302521013,0.25210084033613445,0.12788568602496386,0.4957983193277311,-0.016806722689075626,44,0.45454545454545453,75,0.49333333333333335,0.6302521008403361
main,brain1,low,high,27146,28146,701,8,0.36134453781512604,0.5099009900990099,0.18487394957983194,0.2184873949579832,0.1764705882352941,0.14285714285714285,0.014406890326713606,0.36134453781512604,0.0,43,0.32558139534883723,76,0.3815789473684211,0.6302521008403361
main,brain1,low,high,27146,28146,701,-1,0.2773109243697479,0.5396039603960396,0.23529411764705882,0.20168067226890757,0.04201680672268909,0.07563025210084034,-0.35218501304941974,0.226890756302521,0.050420168067226906,44,0.22727272727272727,75,0.30666666666666664,0.6302521008403361
main,brain1,high,low,27146,28146,701,0,1.0,1.0,0.18487394957983194,0.15126050420168066,0.8151260504201681,0.8487394957983193,0.9225495740832986,0.9915966386554622,0.008403361344537785,44,1.0,75,1.0,0.6302521008403361
main,brain1,high,low,27146,28146,701,1,0.8823529411764706,0.9653465346534653,0.18487394957983194,0.17647058823529413,0.6974789915966386,0.7058823529411764,0.6239176160714814,0.8823529411764706,0.0,45,0.8888888888888888,74,0.8783783783783784,0.6302521008403361
main,brain1,high,low,27146,28146,701,2,0.6134453781512605,0.7128712871287128,0.19327731092436976,0.18487394957983194,0.4201680672268908,0.4285714285714286,0.35490346493070857,0.6638655462184874,-0.05042016806722682,44,0.5909090909090909,75,0.6266666666666667,0.6302521008403361
main,brain1,high,low,27146,28146,701,3,0.5714285714285714,0.6336633663366337,0.19327731092436976,0.15126050420168066,0.37815126050420167,0.4201680672268907,0.25127032016230166,0.5126050420168067,0.05882352941176472,44,0.6136363636363636,75,0.5466666666666666,0.6302521008403361
main,brain1,high,low,27146,28146,701,4,0.5462184873949579,0.5742574257425742,0.18487394957983194,0.15966386554621848,0.361344537815126,0.38655462184873945,0.1691123945292039,0.5210084033613446,0.025210084033613356,44,0.6136363636363636,75,0.5066666666666667,0.6302521008403361
main,brain1,high,low,27146,28146,701,5,0.42016806722689076,0.5891089108910891,0.19327731092436976,0.18487394957983194,0.226890756302521,0.23529411764705882,0.1228409454051066,0.44537815126050423,-0.025210084033613467,44,0.4318181818181818,75,0.41333333333333333,0.6302521008403361
main,brain1,high,low,27146,28146,701,8,0.3445378151260504,0.5346534653465347,0.17647058823529413,0.226890756302521,0.1680672268907563,0.11764705882352941,-0.017836742902404223,0.33613445378151263,0.008403361344537785,43,0.3953488372093023,76,0.3157894736842105,0.6302521008403361
main,brain1,high,low,27146,28146,701,-1,0.29411764705882354,0.48514851485148514,0.14285714285714285,0.2773109243697479,0.1512605042016807,0.016806722689075626,-0.266039797480492,0.2773109243697479,0.016806722689075626,44,0.25,75,0.32,0.6302521008403361
main,brain1,low,high,27142,28142,702,0,0.9915966386554622,1.0,0.23529411764705882,0.3277310924369748,0.7563025210084033,0.6638655462184875,0.9176170604488123,1.0,-0.008403361344537785,46,1.0,73,0.9863013698630136,0.6134453781512605
main,brain1,low,high,27142,28142,702,1,0.9495798319327731,0.9801980198019802,0.2605042016806723,0.2605042016806723,0.6890756302521008,0.6890756302521008,0.39530160877697396,0.9495798319327731,0.0,46,0.9347826086956522,73,0.958904109589041,0.6134453781512605
main,brain1,low,high,27142,28142,702,2,0.6386554621848739,0.7673267326732673,0.2689075630252101,0.2773109243697479,0.36974789915966383,0.361344537815126,0.12505736743407903,0.6470588235294118,-0.008403361344537896,46,0.5652173913043478,73,0.684931506849315,0.6134453781512605
main,brain1,low,high,27142,28142,702,3,0.5630252100840336,0.7079207920792079,0.24369747899159663,0.25210084033613445,0.31932773109243695,0.31092436974789917,0.06581408696309654,0.6050420168067226,-0.04201680672268904,46,0.5217391304347826,73,0.589041095890411,0.6134453781512605
main,brain1,low,high,27142,28142,702,4,0.5210084033613446,0.7277227722772277,0.23529411764705882,0.2773109243697479,0.28571428571428575,0.24369747899159666,0.1364118204163267,0.6134453781512605,-0.09243697478991597,45,0.4888888888888889,74,0.5405405405405406,0.6134453781512605
main,brain1,low,high,27142,28142,702,5,0.4369747899159664,0.6435643564356436,0.24369747899159663,0.31092436974789917,0.19327731092436976,0.12605042016806722,-0.0859998881093178,0.5546218487394958,-0.11764705882352944,45,0.4,74,0.4594594594594595,0.6134453781512605
main,brain1,low,high,27142,28142,702,8,0.2857142857142857,0.5643564356435643,0.25210084033613445,0.3025210084033613,0.03361344537815125,-0.016806722689075626,-0.22851924827327963,0.3277310924369748,-0.04201680672268909,44,0.36363636363636365,75,0.24,0.6134453781512605
main,brain1,low,high,27142,28142,702,-1,0.2857142857142857,0.5792079207920792,0.23529411764705882,0.2857142857142857,0.05042016806722688,0.0,-0.3398444142843331,0.2773109243697479,0.008403361344537785,47,0.2553191489361702,72,0.3055555555555556,0.6134453781512605
main,brain1,high,low,27142,28142,702,0,0.9915966386554622,1.0,0.23529411764705882,0.23529411764705882,0.7563025210084033,0.7563025210084033,0.8856281103929778,0.9915966386554622,0.0,46,1.0,73,0.9863013698630136,0.6134453781512605
main,brain1,high,low,27142,28142,702,1,0.9495798319327731,0.9851485148514851,0.24369747899159663,0.21008403361344538,0.7058823529411764,0.7394957983193277,0.19859965294848148,0.8991596638655462,0.05042016806722682,46,0.9782608695652174,73,0.9315068493150684,0.6134453781512605
main,brain1,high,low,27142,28142,702,2,0.6554621848739496,0.6831683168316832,0.2773109243697479,0.18487394957983194,0.37815126050420167,0.47058823529411764,0.009407648624380593,0.5882352941176471,0.0672268907563025,46,0.5869565217391305,73,0.6986301369863014,0.6134453781512605
main,brain1,high,low,27142,28142,702,3,0.6134453781512605,0.6188118811881188,0.2689075630252101,0.21008403361344538,0.3445378151260505,0.40336134453781514,0.056051365179239476,0.5546218487394958,0.05882352941176472,46,0.5869565217391305,73,0.6301369863013698,0.6134453781512605
main,brain1,high,low,27142,28142,702,4,0.5126050420168067,0.6435643564356436,0.2689075630252101,0.25210084033613445,0.2436974789915966,0.26050420168067223,0.06838502549188419,0.5798319327731093,-0.06722689075630262,45,0.4222222222222222,74,0.5675675675675675,0.6134453781512605
main,brain1,high,low,27142,28142,702,5,0.40336134453781514,0.6089108910891089,0.2605042016806723,0.19327731092436976,0.14285714285714285,0.21008403361344538,-0.07232489542364084,0.4789915966386555,-0.07563025210084034,45,0.3111111111111111,74,0.4594594594594595,0.6134453781512605
main,brain1,high,low,27142,28142,702,8,0.2857142857142857,0.5594059405940595,0.226890756302521,0.23529411764705882,0.05882352941176469,0.05042016806722688,-0.39073955501091806,0.35294117647058826,-0.06722689075630256,44,0.3181818181818182,75,0.26666666666666666,0.6134453781512605
main,brain1,high,low,27142,28142,702,-1,0.24369747899159663,0.5396039603960396,0.25210084033613445,0.226890756302521,-0.008403361344537813,0.016806722689075626,-0.19993682565236992,0.24369747899159663,0.0,47,0.2765957446808511,72,0.2222222222222222,0.6134453781512605
main,brain1,low,high,27143,28143,702,0,0.9747899159663865,1.0,0.18487394957983194,0.23529411764705882,0.7899159663865546,0.7394957983193278,0.7103012310024529,0.9831932773109243,-0.008403361344537785,46,0.9565217391304348,73,0.9863013698630136,0.6134453781512605
main,brain1,low,high,27143,28143,702,1,0.907563025210084,0.9653465346534653,0.20168067226890757,0.15966386554621848,0.7058823529411764,0.7478991596638656,0.18731638492254576,0.8823529411764706,0.025210084033613467,45,0.9555555555555556,74,0.8783783783783784,0.6134453781512605
main,brain1,low,high,27143,28143,702,2,0.6134453781512605,0.7623762376237624,0.24369747899159663,0.2605042016806723,0.3697478991596639,0.35294117647058826,0.2243574645504286,0.6218487394957983,-0.008403361344537785,46,0.717391304347826,73,0.547945205479452,0.6134453781512605
main,brain1,low,high,27143,28143,702,3,0.5630252100840336,0.6633663366336634,0.2184873949579832,0.2689075630252101,0.3445378151260504,0.29411764705882354,0.05270504753226224,0.5294117647058824,0.03361344537815125,46,0.5652173913043478,73,0.5616438356164384,0.6134453781512605
main,brain1,low,high,27143,28143,702,4,0.48739495798319327,0.599009900990099,0.23529411764705882,0.29411764705882354,0.25210084033613445,0.19327731092436973,0.09803555219401128,0.4369747899159664,0.05042016806722688,45,0.4222222222222222,74,0.527027027027027,0.6134453781512605
main,brain1,low,high,27143,28143,702,5,0.42016806722689076,0.599009900990099,0.24369747899159663,0.2689075630252101,0.17647058823529413,0.1512605042016807,-0.12306503489514964,0.40336134453781514,0.016806722689075626,45,0.35555555555555557,74,0.4594594594594595,0.6134453781512605
main,brain1,low,high,27143,28143,702,8,0.3949579831932773,0.5891089108910891,0.20168067226890757,0.226890756302521,0.19327731092436973,0.1680672268907563,-0.2420923564369275,0.3949579831932773,0.0,43,0.4186046511627907,76,0.3815789473684211,0.6134453781512605
main,brain1,low,high,27143,28143,702,-1,0.21008403361344538,0.5742574257425742,0.17647058823529413,0.2184873949579832,0.03361344537815125,-0.008403361344537813,-0.8282244802359857,0.31932773109243695,-0.10924369747899157,47,0.1702127659574468,72,0.2361111111111111,0.6134453781512605
main,brain1,high,low,27143,28143,702,0,0.9831932773109243,1.0,0.21008403361344538,0.226890756302521,0.7731092436974789,0.7563025210084033,0.7672505336121788,0.9831932773109243,0.0,46,0.9782608695652174,73,0.9863013698630136,0.6134453781512605
main,brain1,high,low,27143,28143,702,1,0.9411764705882353,0.9702970297029703,0.21008403361344538,0.16806722689075632,0.7310924369747899,0.7731092436974789,0.3443969010974256,0.907563025210084,0.03361344537815125,45,0.9777777777777777,74,0.918918918918919,0.6134453781512605
main,brain1,high,low,27143,28143,702,2,0.6134453781512605,0.7079207920792079,0.2184873949579832,0.21008403361344538,0.39495798319327735,0.40336134453781514,0.2941265644774118,0.6302521008403361,-0.01680672268907557,46,0.6521739130434783,73,0.589041095890411,0.6134453781512605
main,brain1,high,low,27143,28143,702,3,0.5630252100840336,0.6039603960396039,0.2184873949579832,0.2184873949579832,0.3445378151260504,0.3445378151260504,0.167110497997495,0.5714285714285714,-0.008403361344537785,46,0.5869565217391305,73,0.547945205479452,0.6134453781512605
main,brain1,high,low,27143,28143,702,4,0.47058823529411764,0.6089108910891089,0.20168067226890757,0.19327731092436976,0.2689075630252101,0.2773109243697479,0.05297887192358752,0.4957983193277311,-0.025210084033613467,45,0.4666666666666667,74,0.47297297297297297,0.6134453781512605
main,brain1,high,low,27143,28143,702,5,0.3949579831932773,0.5495049504950495,0.19327731092436976,0.15966386554621848,0.20168067226890754,0.23529411764705882,0.0429141811987257,0.46218487394957986,-0.06722689075630256,45,0.37777777777777777,74,0.40540540540540543,0.6134453781512605
main,brain1,high,low,27143,28143,702,8,0.35294117647058826,0.5346534653465347,0.21008403361344538,0.21008403361344538,0.14285714285714288,0.14285714285714288,-0.20349197112093487,0.35294117647058826,0.0,43,0.3023255813953488,76,0.3815789473684211,0.6134453781512605
main,brain1,high,low,27143,28143,702,-1,0.25210084033613445,0.504950495049505,0.21008403361344538,0.23529411764705882,0.042016806722689065,0.016806722689075626,-0.4971739621267044,0.20168067226890757,0.05042016806722688,47,0.23404255319148937,72,0.2638888888888889,0.6134453781512605
main,brain1,low,high,27144,28144,702,0,1.0,1.0,0.23529411764705882,0.20168067226890757,0.7647058823529411,0.7983193277310925,0.9168838884639532,0.9915966386554622,0.008403361344537785,56,1.0,63,1.0,0.5294117647058824
main,brain1,low,high,27144,28144,702,1,0.8823529411764706,0.9851485148514851,0.25210084033613445,0.21008403361344538,0.6302521008403361,0.6722689075630252,0.6597986924618764,0.9411764705882353,-0.05882352941176472,56,0.8928571428571429,63,0.873015873015873,0.5294117647058824
main,brain1,low,high,27144,28144,702,2,0.6638655462184874,0.7178217821782178,0.25210084033613445,0.226890756302521,0.4117647058823529,0.4369747899159664,0.36083325145185685,0.680672268907563,-0.01680672268907568,56,0.6607142857142857,63,0.6666666666666666,0.5294117647058824
main,brain1,low,high,27144,28144,702,3,0.5546218487394958,0.6485148514851485,0.2605042016806723,0.24369747899159663,0.29411764705882354,0.31092436974789917,0.2528984399201549,0.6554621848739496,-0.10084033613445376,56,0.5178571428571429,63,0.5873015873015873,0.5294117647058824
main,brain1,low,high,27144,28144,702,4,0.5042016806722689,0.6386138613861386,0.2689075630252101,0.24369747899159663,0.23529411764705882,0.26050420168067223,0.1403281337808343,0.5882352941176471,-0.08403361344537819,56,0.5,63,0.5079365079365079,0.5294117647058824
main,brain1,low,high,27144,28144,702,5,0.44537815126050423,0.6188118811881188,0.2689075630252101,0.2689075630252101,0.17647058823529416,0.17647058823529416,0.06871245322015263,0.46218487394957986,-0.016806722689075626,55,0.36363636363636365,64,0.515625,0.5294117647058824
main,brain1,low,high,27144,28144,702,8,0.33613445378151263,0.5544554455445545,0.24369747899159663,0.2184873949579832,0.092436974789916,0.11764705882352944,-0.03276469005867755,0.35294117647058826,-0.016806722689075626,55,0.36363636363636365,64,0.3125,0.5294117647058824
main,brain1,low,high,27144,28144,702,-1,0.2689075630252101,0.5495049504950495,0.226890756302521,0.2773109243697479,0.042016806722689065,-0.00840336134453784,-0.31549965977699657,0.3025210084033613,-0.03361344537815125,55,0.2545454545454545,64,0.28125,0.5294117647058824
main,brain1,high,low,27144,28144,702,0,0.9915966386554622,1.0,0.19327731092436976,0.24369747899159663,0.7983193277310925,0.7478991596638656,0.9200341777710891,1.0,-0.008403361344537785,56,0.9821428571428571,63,1.0,0.5294117647058824
main,brain1,high,low,27144,28144,702,1,0.9495798319327731,0.9504950495049505,0.18487394957983194,0.2857142857142857,0.7647058823529411,0.6638655462184874,0.6762264019467747,0.8991596638655462,0.05042016806722682,56,0.9464285714285714,63,0.9523809523809523,0.5294117647058824
main,brain1,high,low,27144,28144,702,2,0.6470588235294118,0.7128712871287128,0.19327731092436976,0.2605042016806723,0.45378151260504207,0.3865546218487395,0.3378536616712995,0.6470588235294118,0.0,56,0.6607142857142857,63,0.6349206349206349,0.5294117647058824
main,brain1,high,low,27144,28144,702,3,0.6134453781512605,0.6485148514851485,0.226890756302521,0.20168067226890757,0.38655462184873957,0.411764705882353,0.27188757960223275,0.5882352941176471,0.025210084033613467,56,0.6607142857142857,63,0.5714285714285714,0.5294117647058824
main,brain1,high,low,27144,28144,702,4,0.5210084033613446,0.6089108910891089,0.24369747899159663,0.24369747899159663,0.2773109243697479,0.2773109243697479,0.14720625815310817,0.5042016806722689,0.01680672268907568,56,0.4642857142857143,63,0.5714285714285714,0.5294117647058824
main,brain1,high,low,27144,28144,702,5,0.44537815126050423,0.594059405940594,0.226890756302521,0.24369747899159663,0.21848739495798322,0.2016806722689076,0.0994770749038838,0.453781512605042,-0.008403361344537785,55,0.4,64,0.484375,0.5294117647058824
main,brain1,high,low,27144,28144,702,8,0.36134453781512604,0.5247524752475248,0.226890756302521,0.21008403361344538,0.13445378151260504,0.15126050420168066,0.005957695079256031,0.36134453781512604,0.0,55,0.36363636363636365,64,0.359375,0.5294117647058824
main,brain1,high,low,27144,28144,702,-1,0.25210084033613445,0.48514851485148514,0.23529411764705882,0.226890756302521,0.016806722689075626,0.02521008403361344,-0.21647294869460643,0.25210084033613445,0.0,55,0.3090909090909091,64,0.203125,0.5294117647058824
main,brain1,low,high,27145,28145,702,0,0.9831932773109243,1.0,0.2184873949579832,0.2184873949579832,0.7647058823529411,0.7647058823529411,0.875455147992683,0.9831932773109243,0.0,52,1.0,67,0.9701492537313433,0.5630252100840336
main,brain1,low,high,27145,28145,702,1,0.9831932773109243,1.0,0.21008403361344538,0.21008403361344538,0.7731092436974789,0.7731092436974789,0.6343000144541696,0.957983193277311,0.025210084033613356,51,0.9607843137254902,68,1.0,0.5630252100840336
main,brain1,low,high,27145,28145,702,2,0.6134453781512605,0.7277227722772277,0.2184873949579832,0.20168067226890757,0.39495798319327735,0.411764705882353,0.22737485255455392,0.6554621848739496,-0.04201680672268904,51,0.5686274509803921,68,0.6470588235294118,0.5630252100840336
main,brain1,low,high,27145,28145,702,3,0.6386554621848739,0.7326732673267327,0.25210084033613445,0.18487394957983194,0.38655462184873945,0.45378151260504196,0.3080487195422148,0.680672268907563,-0.04201680672268915,51,0.6274509803921569,68,0.6470588235294118,0.5630252100840336
main,brain1,low,high,27145,28145,702,4,0.46218487394957986,0.6089108910891089,0.226890756302521,0.2184873949579832,0.23529411764705885,0.24369747899159666,0.14675353167795646,0.48739495798319327,-0.02521008403361341,52,0.5576923076923077,67,0.3880597014925373,0.5630252100840336
main,brain1,low,high,27145,28145,702,5,0.42857142857142855,0.6336633663366337,0.2773109243697479,0.31932773109243695,0.15126050420168063,0.1092436974789916,-0.040314496068539096,0.44537815126050423,-0.01680672268907568,53,0.49056603773584906,66,0.3787878787878788,0.5630252100840336
main,brain1,low,high,27145,28145,702,8,0.3277310924369748,0.5495049504950495,0.24369747899159663,0.25210084033613445,0.08403361344537816,0.07563025210084034,-0.0838271134916928,0.3445378151260504,-0.016806722689075626,51,0.37254901960784315,68,0.29411764705882354,0.5630252100840336
main,brain1,low,high,27145,28145,702,-1,0.23529411764705882,0.5495049504950495,0.25210084033613445,0.2689075630252101,-0.016806722689075626,-0.03361344537815125,-0.2732513453644656,0.23529411764705882,0.0,52,0.28846153846153844,67,0.19402985074626866,0.5630252100840336
main,brain1,high,low,27145,28145,702,0,0.9747899159663865,1.0,0.2773109243697479,0.226890756302521,0.6974789915966386,0.7478991596638656,0.8373955888397296,0.9831932773109243,-0.008403361344537785,52,0.9807692307692307,67,0.9701492537313433,0.5630252100840336
main,brain1,high,low,27145,28145,702,1,0.9663865546218487,0.995049504950495,0.2689075630252101,0.15966386554621848,0.6974789915966386,0.8067226890756303,0.6277678689693709,0.957983193277311,0.008403361344537785,51,0.9607843137254902,68,0.9705882352941176,0.5630252100840336
main,brain1,high,low,27145,28145,702,2,0.680672268907563,0.7227722772277227,0.25210084033613445,0.17647058823529413,0.4285714285714286,0.5042016806722689,0.18403639369269054,0.6134453781512605,0.0672268907563025,51,0.6862745098039216,68,0.6764705882352942,0.5630252100840336
main,brain1,high,low,27145,28145,702,3,0.6134453781512605,0.6881188118811881,0.25210084033613445,0.20168067226890757,0.3613445378151261,0.411764705882353,0.2719112697493925,0.6386554621848739,-0.025210084033613356,51,0.6078431372549019,68,0.6176470588235294,0.5630252100840336
main,brain1,high,low,27145,28145,702,4,0.48739495798319327,0.5792079207920792,0.24369747899159663,0.23529411764705882,0.24369747899159663,0.25210084033613445,0.08922209670143333,0.4789915966386555,0.008403361344537785,52,0.5192307692307693,67,0.4626865671641791,0.5630252100840336
main,brain1,high,low,27145,28145,702,5,0.3865546218487395,0.5742574257425742,0.2605042016806723,0.226890756302521,0.12605042016806722,0.1596638655462185,-0.06665161779215367,0.42857142857142855,-0.04201680672268904,53,0.41509433962264153,66,0.36363636363636365,0.5630252100840336
main,brain1,high,low,27145,28145,702,8,0.3697478991596639,0.5099009900990099,0.226890756302521,0.19327731092436976,0.14285714285714288,0.17647058823529413,0.011178588901033293,0.3949579831932773,-0.02521008403361341,51,0.43137254901960786,68,0.3235294117647059,0.5630252100840336
main,brain1,high,low,27145,28145,702,-1,0.21008403361344538,0.4752475247524752,0.2773109243697479,0.25210084033613445,-0.06722689075630253,-0.042016806722689065,-0.300133334126077,0.20168067226890757,0.008403361344537813,52,0.21153846153846154,67,0.208955223880597,0.5630252100840336
main,brain1,low,high,27146,28146,702,0,0.9831932773109243,1.0,0.23529411764705882,0.226890756302521,0.7478991596638656,0.7563025210084033,0.8396117630671317,1.0,-0.01680672268907568,44,0.9545454545454546,75,1.0,0.6302521008403361
main,brain1,low,high,27146,28146,702,1,0.8403361344537815,0.9554455445544554,0.19327731092436976,0.23529411764705882,0.6470588235294118,0.6050420168067228,0.5511829459826572,0.8067226890756303,0.03361344537815125,45,0.8888888888888888,74,0.8108108108108109,0.6302521008403361
main,brain1,low,high,27146,28146,702,2,0.6050420168067226,0.6485148514851485,0.19327731092436976,0.20168067226890757,0.4117647058823529,0.4033613445378151,0.19797406036543064,0.5882352941176471,0.01680672268907557,44,0.5909090909090909,75,0.6133333333333333,0.6302521008403361
main,brain1,low,high,27146,28146,702,3,0.5462184873949579,0.6039603960396039,0.18487394957983194,0.24369747899159663,0.361344537815126,0.30252100840336127,0.2117884418027981,0.5462184873949579,0.0,44,0.5681818181818182,75,0.5333333333333333,0.6302521008403361
main,brain1,low,high,27146,28146,702,4,0.5042016806722689,0.5445544554455446,0.20168067226890757,0.24369747899159663,0.3025210084033613,0.26050420168067223,0.1507476501991185,0.48739495798319327,0.016806722689075626,44,0.5,75,0.5066666666666667,0.6302521008403361
main,brain1,low,high,27146,28146,702,5,0.4117647058823529,0.5841584158415841,0.21008403361344538,0.21008403361344538,0.20168067226890754,0.20168067226890754,0.0871005991878473,0.4789915966386555,-0.06722689075630256,44,0.4090909090909091,75,0.41333333333333333,0.6302521008403361
main,brain1,low,high,27146,28146,702,8,0.3865546218487395,0.5198019801980198,0.18487394957983194,0.23529411764705882,0.20168067226890757,0.1512605042016807,-0.015426113348340431,0.37815126050420167,0.00840336134453784,43,0.4186046511627907,76,0.3684210526315789,0.6302521008403361
main,brain1,low,high,27146,28146,702,-1,0.24369747899159663,0.5396039603960396,0.23529411764705882,0.21008403361344538,0.008403361344537813,0.03361344537815125,-0.32108546242415104,0.24369747899159663,0.0,44,0.18181818181818182,75,0.28,0.6302521008403361
main,brain1,high,low,27146,28146,702,0,1.0,1.0,0.18487394957983194,0.15126050420168066,0.8151260504201681,0.8487394957983193,0.7380601418447261,0.9831932773109243,0.01680672268907568,44,1.0,75,1.0,0.6302521008403361
main,brain1,high,low,27146,28146,702,1,0.8823529411764706,0.9504950495049505,0.18487394957983194,0.21008403361344538,0.6974789915966386,0.6722689075630252,0.5447300521471501,0.8823529411764706,0.0,45,0.8666666666666667,74,0.8918918918918919,0.6302521008403361
main,brain1,high,low,27146,28146,702,2,0.5882352941176471,0.6732673267326733,0.19327731092436976,0.17647058823529413,0.39495798319327735,0.4117647058823529,0.1799237987589618,0.5630252100840336,0.025210084033613467,44,0.5681818181818182,75,0.6,0.6302521008403361
main,brain1,high,low,27146,28146,702,3,0.5462184873949579,0.6039603960396039,0.19327731092436976,0.18487394957983194,0.3529411764705882,0.361344537815126,0.15188710016603402,0.48739495798319327,0.05882352941176466,44,0.5454545454545454,75,0.5466666666666666,0.6302521008403361
main,brain1,high,low,27146,28146,702,4,0.5714285714285714,0.5643564356435643,0.18487394957983194,0.14285714285714285,0.38655462184873945,0.42857142857142855,0.1640913559333601,0.4957983193277311,0.07563025210084029,44,0.6136363636363636,75,0.5466666666666666,0.6302521008403361
main,brain1,high,low,27146,28146,702,5,0.46218487394957986,0.5495049504950495,0.19327731092436976,0.16806722689075632,0.26890756302521013,0.29411764705882354,-0.04670073571181543,0.40336134453781514,0.05882352941176472,44,0.4772727272727273,75,0.4533333333333333,0.6302521008403361
main,brain1,high,low,27146,28146,702,8,0.36134453781512604,0.5346534653465347,0.17647058823529413,0.24369747899159663,0.18487394957983191,0.11764705882352941,-0.1318430422431467,0.36134453781512604,0.0,43,0.4186046511627907,76,0.32894736842105265,0.6302521008403361
main,brain1,high,low,27146,28146,702,-1,0.2605042016806723,0.4603960396039604,0.14285714285714285,0.24369747899159663,0.11764705882352944,0.016806722689075654,-0.34071984869113914,0.2689075630252101,-0.008403361344537785,44,0.20454545454545456,75,0.29333333333333333,0.6302521008403361
main,legacy5,low,high,27142,28142,701,0,1.0,1.0,0.23529411764705882,0.35294117647058826,0.7647058823529411,0.6470588235294117,0.9895086640439407,1.0,0.0,46,1.0,73,1.0,0.6134453781512605
main,legacy5,low,high,27142,28142,701,1,1.0,1.0,0.2605042016806723,0.3445378151260504,0.7394957983193278,0.6554621848739496,0.8809678094862209,1.0,0.0,46,1.0,73,1.0,0.6134453781512605
main,legacy5,low,high,27142,28142,701,2,0.7899159663865546,0.8910891089108911,0.2689075630252101,0.29411764705882354,0.5210084033613445,0.49579831932773105,0.4866232185669108,0.7563025210084033,0.03361344537815125,46,0.8043478260869565,73,0.7808219178082192,0.6134453781512605
main,legacy5,low,high,27142,28142,701,3,0.5882352941176471,0.8514851485148515,0.24369747899159663,0.2773109243697479,0.3445378151260504,0.31092436974789917,0.3365941442582535,0.680672268907563,-0.09243697478991597,46,0.5434782608695652,73,0.6164383561643836,0.6134453781512605
main,legacy5,low,high,27142,28142,701,4,0.5294117647058824,0.7920792079207921,0.23529411764705882,0.2773109243697479,0.29411764705882354,0.25210084033613445,0.23047437223125578,0.6638655462184874,-0.134453781512605,45,0.4888888888888889,74,0.5540540540540541,0.6134453781512605
main,legacy5,low,high,27142,28142,701,5,0.5126050420168067,0.7425742574257426,0.24369747899159663,0.3025210084033613,0.26890756302521,0.21008403361344535,0.1742891285533713,0.5966386554621849,-0.08403361344537819,45,0.4888888888888889,74,0.527027027027027,0.6134453781512605
main,legacy5,low,high,27142,28142,701,8,0.29411764705882354,0.5495049504950495,0.25210084033613445,0.3025210084033613,0.04201680672268909,-0.008403361344537785,-0.061983096945023686,0.3277310924369748,-0.03361344537815125,44,0.2727272727272727,75,0.30666666666666664,0.6134453781512605
main,legacy5,low,high,27142,28142,701,-1,0.24369747899159663,0.599009900990099,0.23529411764705882,0.2184873949579832,0.008403361344537813,0.02521008403361344,-0.2385513217058326,0.25210084033613445,-0.008403361344537813,47,0.2765957446808511,72,0.2222222222222222,0.6134453781512605
main,legacy5,high,low,27142,28142,701,0,1.0,1.0,0.23529411764705882,0.24369747899159663,0.7647058823529411,0.7563025210084033,0.992559650969188,1.0,0.0,46,1.0,73,1.0,0.6134453781512605
main,legacy5,high,low,27142,28142,701,1,1.0,1.0,0.24369747899159663,0.19327731092436976,0.7563025210084033,0.8067226890756303,0.90057557066409,1.0,0.0,46,1.0,73,1.0,0.6134453781512605
main,legacy5,high,low,27142,28142,701,2,0.8067226890756303,0.8811881188118812,0.2773109243697479,0.20168067226890757,0.5294117647058824,0.6050420168067228,0.5360300021688174,0.7478991596638656,0.05882352941176472,46,0.7391304347826086,73,0.8493150684931506,0.6134453781512605
main,legacy5,high,low,27142,28142,701,3,0.7478991596638656,0.7326732673267327,0.2689075630252101,0.18487394957983194,0.4789915966386555,0.5630252100840336,0.4364913010283622,0.6386554621848739,0.10924369747899165,46,0.6739130434782609,73,0.7945205479452054,0.6134453781512605
main,legacy5,high,low,27142,28142,701,4,0.5798319327731093,0.693069306930693,0.2689075630252101,0.18487394957983194,0.3109243697478992,0.39495798319327735,0.28097275091827734,0.5714285714285714,0.008403361344537896,45,0.4444444444444444,74,0.6621621621621622,0.6134453781512605
main,legacy5,high,low,27142,28142,701,5,0.5294117647058824,0.6683168316831684,0.2605042016806723,0.23529411764705882,0.2689075630252101,0.29411764705882354,0.2024633314516633,0.5378151260504201,-0.008403361344537785,45,0.4888888888888889,74,0.5540540540540541,0.6134453781512605
main,legacy5,high,low,27142,28142,701,8,0.3445378151260504,0.599009900990099,0.226890756302521,0.24369747899159663,0.11764705882352941,0.10084033613445378,-0.09443715470442116,0.35294117647058826,-0.00840336134453784,44,0.36363636363636365,75,0.3333333333333333,0.6134453781512605
main,legacy5,high,low,27142,28142,701,-1,0.25210084033613445,0.5148514851485149,0.25210084033613445,0.20168067226890757,0.0,0.05042016806722688,-0.2641279836458992,0.24369747899159663,0.008403361344537813,47,0.2978723404255319,72,0.2222222222222222,0.6134453781512605
main,legacy5,low,high,27143,28143,701,0,1.0,1.0,0.18487394957983194,0.20168067226890757,0.8151260504201681,0.7983193277310925,0.9681603667198282,1.0,0.0,46,1.0,73,1.0,0.6134453781512605
main,legacy5,low,high,27143,28143,701,1,0.9915966386554622,1.0,0.20168067226890757,0.12605042016806722,0.7899159663865547,0.865546218487395,0.8093054879893136,0.9915966386554622,0.0,45,1.0,74,0.9864864864864865,0.6134453781512605
main,legacy5,low,high,27143,28143,701,2,0.6974789915966386,0.8712871287128713,0.24369747899159663,0.3025210084033613,0.45378151260504196,0.3949579831932773,0.46831432766918246,0.7478991596638656,-0.050420168067226934,46,0.8260869565217391,73,0.6164383561643836,0.6134453781512605
main,legacy5,low,high,27143,28143,701,3,0.5966386554621849,0.7376237623762376,0.2184873949579832,0.24369747899159663,0.37815126050420167,0.3529411764705882,0.295181257994545,0.6554621848739496,-0.05882352941176472,46,0.6956521739130435,73,0.5342465753424658,0.6134453781512605
main,legacy5,low,high,27143,28143,701,4,0.5378151260504201,0.6633663366336634,0.23529411764705882,0.23529411764705882,0.3025210084033613,0.3025210084033613,0.20481643820489692,0.5714285714285714,-0.03361344537815125,45,0.6,74,0.5,0.6134453781512605
main,legacy5,low,high,27143,28143,701,5,0.42857142857142855,0.6188118811881188,0.24369747899159663,0.23529411764705882,0.18487394957983191,0.19327731092436973,0.09630898694124579,0.4957983193277311,-0.06722689075630256,45,0.37777777777777777,74,0.4594594594594595,0.6134453781512605
main,legacy5,low,high,27143,28143,701,8,0.31932773109243695,0.5841584158415841,0.20168067226890757,0.24369747899159663,0.11764705882352938,0.07563025210084032,-0.07337589232933772,0.36134453781512604,-0.04201680672268909,43,0.3488372093023256,76,0.3026315789473684,0.6134453781512605
main,legacy5,low,high,27143,28143,701,-1,0.15966386554621848,0.5693069306930693,0.17647058823529413,0.2689075630252101,-0.016806722689075654,-0.1092436974789916,-0.5730269920897941,0.2689075630252101,-0.1092436974789916,47,0.1276595744680851,72,0.18055555555555555,0.6134453781512605
main,legacy5,high,low,27143,28143,701,0,1.0,1.0,0.21008403361344538,0.25210084033613445,0.7899159663865546,0.7478991596638656,0.9739528272747028,1.0,0.0,46,1.0,73,1.0,0.6134453781512605
main,legacy5,high,low,27143,28143,701,1,0.9915966386554622,1.0,0.21008403361344538,0.23529411764705882,0.7815126050420168,0.7563025210084033,0.8349405667788152,0.9915966386554622,0.0,45,1.0,74,0.9864864864864865,0.6134453781512605
main,legacy5,high,low,27143,28143,701,2,0.7226890756302521,0.8910891089108911,0.2184873949579832,0.20168067226890757,0.5042016806722689,0.5210084033613445,0.4681719238892055,0.7815126050420168,-0.05882352941176472,46,0.6956521739130435,73,0.7397260273972602,0.6134453781512605
main,legacy5,high,low,27143,28143,701,3,0.5546218487394958,0.6584158415841584,0.2184873949579832,0.20168067226890757,0.33613445378151263,0.35294117647058826,0.3132852844788525,0.5882352941176471,-0.03361344537815125,46,0.6086956521739131,73,0.5205479452054794,0.6134453781512605
main,legacy5,high,low,27143,28143,701,4,0.5546218487394958,0.6188118811881188,0.20168067226890757,0.19327731092436976,0.35294117647058826,0.3613445378151261,0.20240439023994372,0.4957983193277311,0.05882352941176472,45,0.5555555555555556,74,0.5540540540540541,0.6134453781512605
main,legacy5,high,low,27143,28143,701,5,0.453781512605042,0.6287128712871287,0.19327731092436976,0.21008403361344538,0.26050420168067223,0.24369747899159663,0.11679725125843066,0.48739495798319327,-0.03361344537815125,45,0.5333333333333333,74,0.40540540540540543,0.6134453781512605
main,legacy5,high,low,27143,28143,701,8,0.33613445378151263,0.594059405940594,0.21008403361344538,0.17647058823529413,0.12605042016806725,0.1596638655462185,-0.038859177468754336,0.3865546218487395,-0.05042016806722688,43,0.3023255813953488,76,0.35526315789473684,0.6134453781512605
main,legacy5,high,low,27143,28143,701,-1,0.18487394957983194,0.5346534653465347,0.21008403361344538,0.23529411764705882,-0.02521008403361344,-0.05042016806722688,-0.4872672450400224,0.2184873949579832,-0.03361344537815125,47,0.2127659574468085,72,0.16666666666666666,0.6134453781512605
main,legacy5,low,high,27144,28144,701,0,1.0,1.0,0.23529411764705882,0.2857142857142857,0.7647058823529411,0.7142857142857143,0.9829187562418453,1.0,0.0,56,1.0,63,1.0,0.5294117647058824
main,legacy5,low,high,27144,28144,701,1,1.0,1.0,0.25210084033613445,0.23529411764705882,0.7478991596638656,0.7647058823529411,0.8821472859777284,1.0,0.0,56,1.0,63,1.0,0.5294117647058824
main,legacy5,low,high,27144,28144,701,2,0.8319327731092437,0.9158415841584159,0.25210084033613445,0.2689075630252101,0.5798319327731093,0.5630252100840336,0.5516045671593997,0.8823529411764706,-0.05042016806722682,56,0.8035714285714286,63,0.8571428571428571,0.5294117647058824
main,legacy5,low,high,27144,28144,701,3,0.6470588235294118,0.7722772277227723,0.2605042016806723,0.29411764705882354,0.3865546218487395,0.35294117647058826,0.3800340743650651,0.7394957983193278,-0.09243697478991597,56,0.6607142857142857,63,0.6349206349206349,0.5294117647058824
main,legacy5,low,high,27144,28144,701,4,0.5630252100840336,0.6732673267326733,0.2689075630252101,0.21008403361344538,0.29411764705882354,0.3529411764705882,0.2426576889868991,0.6386554621848739,-0.07563025210084029,56,0.5714285714285714,63,0.5555555555555556,0.5294117647058824
main,legacy5,low,high,27144,28144,701,5,0.5630252100840336,0.6485148514851485,0.2689075630252101,0.226890756302521,0.29411764705882354,0.33613445378151263,0.18683073799438776,0.5546218487394958,0.008403361344537785,55,0.5818181818181818,64,0.546875,0.5294117647058824
main,legacy5,low,high,27144,28144,701,8,0.3277310924369748,0.5841584158415841,0.24369747899159663,0.23529411764705882,0.08403361344537816,0.09243697478991597,-0.054806692347449504,0.3277310924369748,0.0,55,0.3090909090909091,64,0.34375,0.5294117647058824
main,legacy5,low,high,27144,28144,701,-1,0.25210084033613445,0.5594059405940595,0.226890756302521,0.33613445378151263,0.02521008403361344,-0.08403361344537819,-0.2763999309209282,0.33613445378151263,-0.08403361344537819,55,0.2,64,0.296875,0.5294117647058824
main,legacy5,high,low,27144,28144,701,0,1.0,1.0,0.19327731092436976,0.2857142857142857,0.8067226890756303,0.7142857142857143,0.9838289075671441,1.0,0.0,56,1.0,63,1.0,0.5294117647058824
main,legacy5,high,low,27144,28144,701,1,1.0,1.0,0.18487394957983194,0.2773109243697479,0.8151260504201681,0.7226890756302521,0.8802089149745367,1.0,0.0,56,1.0,63,1.0,0.5294117647058824
main,legacy5,high,low,27144,28144,701,2,0.8235294117647058,0.8811881188118812,0.19327731092436976,0.2773109243697479,0.6302521008403361,0.5462184873949579,0.5449751274621897,0.8067226890756303,0.01680672268907557,56,0.8571428571428571,63,0.7936507936507936,0.5294117647058824
main,legacy5,high,low,27144,28144,701,3,0.6554621848739496,0.7425742574257426,0.226890756302521,0.226890756302521,0.4285714285714286,0.4285714285714286,0.4059758713680881,0.6890756302521008,-0.03361344537815125,56,0.6785714285714286,63,0.6349206349206349,0.5294117647058824
main,legacy5,high,low,27144,28144,701,4,0.5882352941176471,0.693069306930693,0.24369747899159663,0.2773109243697479,0.3445378151260504,0.31092436974789917,0.2622970847782705,0.6050420168067226,-0.01680672268907557,56,0.6071428571428571,63,0.5714285714285714,0.5294117647058824
main,legacy5,high,low,27144,28144,701,5,0.5294117647058824,0.6633663366336634,0.226890756302521,0.226890756302521,0.3025210084033614,0.3025210084033614,0.2004021912131867,0.5378151260504201,-0.008403361344537785,55,0.4909090909090909,64,0.5625,0.5294117647058824
main,legacy5,high,low,27144,28144,701,8,0.3277310924369748,0.5693069306930693,0.226890756302521,0.226890756302521,0.10084033613445378,0.10084033613445378,-0.004317725162681363,0.33613445378151263,-0.00840336134453784,55,0.3090909090909091,64,0.34375,0.5294117647058824
main,legacy5,high,low,27144,28144,701,-1,0.2184873949579832,0.5297029702970297,0.23529411764705882,0.21008403361344538,-0.016806722689075626,0.008403361344537813,-0.20552870817697722,0.2605042016806723,-0.04201680672268909,55,0.2909090909090909,64,0.15625,0.5294117647058824
main,legacy5,low,high,27145,28145,701,0,1.0,1.0,0.2184873949579832,0.15966386554621848,0.7815126050420168,0.8403361344537815,0.9842667427405373,1.0,0.0,52,1.0,67,1.0,0.5630252100840336
main,legacy5,low,high,27145,28145,701,1,1.0,1.0,0.21008403361344538,0.23529411764705882,0.7899159663865546,0.7647058823529411,0.8665107251966061,1.0,0.0,51,1.0,68,1.0,0.5630252100840336
main,legacy5,low,high,27145,28145,701,2,0.7899159663865546,0.8861386138613861,0.2184873949579832,0.23529411764705882,0.5714285714285714,0.5546218487394958,0.49059096781602785,0.8151260504201681,-0.025210084033613467,51,0.7254901960784313,68,0.8382352941176471,0.5630252100840336
main,legacy5,low,high,27145,28145,701,3,0.7058823529411765,0.7623762376237624,0.25210084033613445,0.2184873949579832,0.45378151260504207,0.4873949579831933,0.4050353049303741,0.7226890756302521,-0.01680672268907557,51,0.6862745098039216,68,0.7205882352941176,0.5630252100840336
main,legacy5,low,high,27145,28145,701,4,0.5126050420168067,0.6633663366336634,0.226890756302521,0.25210084033613445,0.2857142857142857,0.26050420168067223,0.23421846527910506,0.5714285714285714,-0.05882352941176472,52,0.5576923076923077,67,0.47761194029850745,0.5630252100840336
main,legacy5,low,high,27145,28145,701,5,0.4789915966386555,0.6386138613861386,0.2773109243697479,0.31092436974789917,0.20168067226890757,0.16806722689075632,0.16761609509944764,0.4369747899159664,0.04201680672268909,53,0.5471698113207547,66,0.42424242424242425,0.5630252100840336
main,legacy5,low,high,27145,28145,701,8,0.3445378151260504,0.5544554455445545,0.24369747899159663,0.20168067226890757,0.10084033613445378,0.14285714285714285,-0.02241356705821307,0.35294117647058826,-0.00840336134453784,51,0.39215686274509803,68,0.3088235294117647,0.5630252100840336
main,legacy5,low,high,27145,28145,701,-1,0.2184873949579832,0.5594059405940595,0.25210084033613445,0.19327731092436976,-0.03361344537815125,0.02521008403361344,-0.24476329397114882,0.24369747899159663,-0.02521008403361344,52,0.28846153846153844,67,0.16417910447761194,0.5630252100840336
main,legacy5,high,low,27145,28145,701,0,1.0,1.0,0.2773109243697479,0.2773109243697479,0.7226890756302521,0.7226890756302521,0.9867560028396642,1.0,0.0,52,1.0,67,1.0,0.5630252100840336
main,legacy5,high,low,27145,28145,701,1,1.0,1.0,0.2689075630252101,0.14285714285714285,0.73109243697479,0.8571428571428572,0.8784363089168115,1.0,0.0,51,1.0,68,1.0,0.5630252100840336
main,legacy5,high,low,27145,28145,701,2,0.8067226890756303,0.8366336633663366,0.25210084033613445,0.19327731092436976,0.5546218487394958,0.6134453781512605,0.4995199932570944,0.7647058823529411,0.04201680672268915,51,0.7843137254901961,68,0.8235294117647058,0.5630252100840336
main,legacy5,high,low,27145,28145,701,3,0.7226890756302521,0.7623762376237624,0.25210084033613445,0.2184873949579832,0.47058823529411764,0.5042016806722689,0.4187658394983942,0.6554621848739496,0.0672268907563025,51,0.6862745098039216,68,0.75,0.5630252100840336
main,legacy5,high,low,27145,28145,701,4,0.5462184873949579,0.6287128712871287,0.24369747899159663,0.24369747899159663,0.30252100840336127,0.30252100840336127,0.24704156456094317,0.5378151260504201,0.008403361344537785,52,0.5384615384615384,67,0.5522388059701493,0.5630252100840336
main,legacy5,high,low,27145,28145,701,5,0.4789915966386555,0.6584158415841584,0.2605042016806723,0.24369747899159663,0.2184873949579832,0.23529411764705885,0.17723158282631835,0.5294117647058824,-0.05042016806722688,53,0.5094339622641509,66,0.45454545454545453,0.5630252100840336
main,legacy5,high,low,27145,28145,701,8,0.36134453781512604,0.5445544554455446,0.226890756302521,0.16806722689075632,0.13445378151260504,0.19327731092436973,0.0008084532167897951,0.40336134453781514,-0.04201680672268909,51,0.43137254901960786,68,0.3088235294117647,0.5630252100840336
main,legacy5,high,low,27145,28145,701,-1,0.19327731092436976,0.4801980198019802,0.2773109243697479,0.2689075630252101,-0.08403361344537816,-0.07563025210084032,-0.24879498919202492,0.17647058823529413,0.016806722689075626,52,0.19230769230769232,67,0.19402985074626866,0.5630252100840336
main,legacy5,low,high,27146,28146,701,0,1.0,1.0,0.23529411764705882,0.17647058823529413,0.7647058823529411,0.8235294117647058,0.9900020568253244,1.0,0.0,44,1.0,75,1.0,0.6302521008403361
main,legacy5,low,high,27146,28146,701,1,1.0,1.0,0.19327731092436976,0.24369747899159663,0.8067226890756303,0.7563025210084033,0.8534555306584695,1.0,0.0,45,1.0,74,1.0,0.6302521008403361
main,legacy5,low,high,27146,28146,701,2,0.6974789915966386,0.8415841584158416,0.19327731092436976,0.17647058823529413,0.5042016806722689,0.5210084033613445,0.42994985326172064,0.6890756302521008,0.008403361344537785,44,0.7272727272727273,75,0.68,0.6302521008403361
main,legacy5,low,high,27146,28146,701,3,0.6050420168067226,0.7326732673267327,0.18487394957983194,0.226890756302521,0.4201680672268907,0.37815126050420167,0.3300817185835926,0.5882352941176471,0.01680672268907557,44,0.5681818181818182,75,0.6266666666666667,0.6302521008403361
main,legacy5,low,high,27146,28146,701,4,0.5210084033613446,0.6287128712871287,0.20168067226890757,0.24369747899159663,0.319327731092437,0.2773109243697479,0.23852105770600063,0.5042016806722689,0.01680672268907568,44,0.5454545454545454,75,0.5066666666666667,0.6302521008403361
main,legacy5,low,high,27146,28146,701,5,0.5126050420168067,0.6287128712871287,0.21008403361344538,0.19327731092436976,0.30252100840336127,0.31932773109243695,0.18927726536685063,0.5378151260504201,-0.025210084033613467,44,0.5909090909090909,75,0.4666666666666667,0.6302521008403361
main,legacy5,low,high,27146,28146,701,8,0.3445378151260504,0.504950495049505,0.18487394957983194,0.24369747899159663,0.15966386554621848,0.10084033613445378,0.006585004504066072,0.33613445378151263,0.008403361344537785,43,0.3488372093023256,76,0.34210526315789475,0.6302521008403361
main,legacy5,low,high,27146,28146,701,-1,0.226890756302521,0.5099009900990099,0.23529411764705882,0.17647058823529413,-0.008403361344537813,0.05042016806722688,-0.20377758153044878,0.19327731092436976,0.03361344537815125,44,0.20454545454545456,75,0.24,0.6302521008403361
main,legacy5,high,low,27146,28146,701,0,1.0,1.0,0.18487394957983194,0.17647058823529413,0.8151260504201681,0.8235294117647058,0.991533939497921,1.0,0.0,44,1.0,75,1.0,0.6302521008403361
main,legacy5,high,low,27146,28146,701,1,1.0,1.0,0.18487394957983194,0.20168067226890757,0.8151260504201681,0.7983193277310925,0.8575248098817658,1.0,0.0,45,1.0,74,1.0,0.6302521008403361
main,legacy5,high,low,27146,28146,701,2,0.7142857142857143,0.8316831683168316,0.19327731092436976,0.21008403361344538,0.5210084033613446,0.5042016806722689,0.44514068744938573,0.7058823529411765,0.008403361344537785,44,0.6818181818181818,75,0.7333333333333333,0.6302521008403361
main,legacy5,high,low,27146,28146,701,3,0.6470588235294118,0.7029702970297029,0.19327731092436976,0.18487394957983194,0.45378151260504207,0.46218487394957986,0.3487844223046772,0.5630252100840336,0.08403361344537819,44,0.6363636363636364,75,0.6533333333333333,0.6302521008403361
main,legacy5,high,low,27146,28146,701,4,0.5210084033613446,0.6188118811881188,0.18487394957983194,0.14285714285714285,0.33613445378151263,0.3781512605042017,0.2488809630777925,0.5126050420168067,0.008403361344537896,44,0.5681818181818182,75,0.49333333333333335,0.6302521008403361
main,legacy5,high,low,27146,28146,701,5,0.4789915966386555,0.6336633663366337,0.19327731092436976,0.21008403361344538,0.2857142857142857,0.26890756302521013,0.16984718765892515,0.4789915966386555,0.0,44,0.5,75,0.4666666666666667,0.6302521008403361
main,legacy5,high,low,27146,28146,701,8,0.37815126050420167,0.5891089108910891,0.17647058823529413,0.226890756302521,0.20168067226890754,0.15126050420168066,-0.011715358581487978,0.35294117647058826,0.02521008403361341,43,0.4418604651162791,76,0.34210526315789475,0.6302521008403361
main,legacy5,high,low,27146,28146,701,-1,0.25210084033613445,0.5396039603960396,0.14285714285714285,0.2773109243697479,0.1092436974789916,-0.025210084033613467,-0.23259344075401645,0.2773109243697479,-0.025210084033613467,44,0.20454545454545456,75,0.28,0.6302521008403361
main,legacy5,low,high,27142,28142,702,0,1.0,1.0,0.23529411764705882,0.40336134453781514,0.7647058823529411,0.5966386554621849,0.9922762028973393,1.0,0.0,46,1.0,73,1.0,0.6134453781512605
main,legacy5,low,high,27142,28142,702,1,1.0,1.0,0.2605042016806723,0.3277310924369748,0.7394957983193278,0.6722689075630253,0.8848601000839562,1.0,0.0,46,1.0,73,1.0,0.6134453781512605
main,legacy5,low,high,27142,28142,702,2,0.7899159663865546,0.9504950495049505,0.2689075630252101,0.23529411764705882,0.5210084033613445,0.5546218487394958,0.5107010041700756,0.8487394957983193,-0.05882352941176472,46,0.8043478260869565,73,0.7808219178082192,0.6134453781512605
main,legacy5,low,high,27142,28142,702,3,0.5714285714285714,0.8118811881188119,0.24369747899159663,0.2689075630252101,0.32773109243697474,0.3025210084033613,0.33234033803358887,0.7058823529411765,-0.13445378151260512,46,0.5,73,0.6164383561643836,0.6134453781512605
main,legacy5,low,high,27142,28142,702,4,0.5714285714285714,0.7920792079207921,0.23529411764705882,0.2689075630252101,0.3361344537815126,0.3025210084033613,0.24714465819713527,0.680672268907563,-0.10924369747899165,45,0.5777777777777777,74,0.5675675675675675,0.6134453781512605
main,legacy5,low,high,27142,28142,702,5,0.5042016806722689,0.7376237623762376,0.24369747899159663,0.3445378151260504,0.26050420168067223,0.15966386554621848,0.14423578564715134,0.5966386554621849,-0.09243697478991597,45,0.4666666666666667,74,0.527027027027027,0.6134453781512605
main,legacy5,low,high,27142,28142,702,8,0.36134453781512604,0.5841584158415841,0.25210084033613445,0.3025210084033613,0.1092436974789916,0.05882352941176472,-0.06261203899638601,0.36134453781512604,0.0,44,0.4318181818181818,75,0.32,0.6134453781512605
main,legacy5,low,high,27142,28142,702,-1,0.2773109243697479,0.5841584158415841,0.23529411764705882,0.2605042016806723,0.04201680672268909,0.016806722689075626,-0.2483209025318227,0.2689075630252101,0.00840336134453784,47,0.23404255319148937,72,0.3055555555555556,0.6134453781512605
main,legacy5,high,low,27142,28142,702,0,1.0,1.0,0.23529411764705882,0.25210084033613445,0.7647058823529411,0.7478991596638656,0.993598626073866,1.0,0.0,46,1.0,73,1.0,0.6134453781512605
main,legacy5,high,low,27142,28142,702,1,1.0,1.0,0.24369747899159663,0.226890756302521,0.7563025210084033,0.773109243697479,0.9031673318507265,1.0,0.0,46,1.0,73,1.0,0.6134453781512605
main,legacy5,high,low,27142,28142,702,2,0.8571428571428571,0.9257425742574258,0.2773109243697479,0.21008403361344538,0.5798319327731092,0.6470588235294117,0.5843237051007837,0.8151260504201681,0.04201680672268904,46,0.8043478260869565,73,0.8904109589041096,0.6134453781512605
main,legacy5,high,low,27142,28142,702,3,0.6890756302521008,0.7326732673267327,0.2689075630252101,0.20168067226890757,0.42016806722689076,0.48739495798319327,0.4269208578576442,0.6218487394957983,0.0672268907563025,46,0.6521739130434783,73,0.7123287671232876,0.6134453781512605
main,legacy5,high,low,27142,28142,702,4,0.5966386554621849,0.698019801980198,0.2689075630252101,0.21008403361344538,0.3277310924369748,0.38655462184873945,0.3126455494033876,0.5714285714285714,0.025210084033613467,45,0.5111111111111111,74,0.6486486486486487,0.6134453781512605
main,legacy5,high,low,27142,28142,702,5,0.46218487394957986,0.693069306930693,0.2605042016806723,0.25210084033613445,0.20168067226890757,0.2100840336134454,0.18817917921900562,0.5882352941176471,-0.12605042016806722,45,0.4222222222222222,74,0.4864864864864865,0.6134453781512605
main,legacy5,high,low,27142,28142,702,8,0.3277310924369748,0.6287128712871287,0.226890756302521,0.24369747899159663,0.10084033613445378,0.08403361344537816,-0.09691644023348323,0.4117647058823529,-0.08403361344537813,44,0.25,75,0.37333333333333335,0.6134453781512605
main,legacy5,high,low,27142,28142,702,-1,0.2689075630252101,0.5445544554455446,0.25210084033613445,0.21008403361344538,0.016806722689075626,0.05882352941176469,-0.276032960852191,0.2689075630252101,0.0,47,0.2978723404255319,72,0.25,0.6134453781512605
main,legacy5,low,high,27143,28143,702,0,1.0,1.0,0.18487394957983194,0.2184873949579832,0.8151260504201681,0.7815126050420168,0.9773192940486412,1.0,0.0,46,1.0,73,1.0,0.6134453781512605
main,legacy5,low,high,27143,28143,702,1,1.0,1.0,0.20168067226890757,0.15966386554621848,0.7983193277310925,0.8403361344537815,0.8848782519640479,1.0,0.0,45,1.0,74,1.0,0.6134453781512605
main,legacy5,low,high,27143,28143,702,2,0.8571428571428571,0.9356435643564357,0.24369747899159663,0.29411764705882354,0.6134453781512604,0.5630252100840336,0.502320496394957,0.8571428571428571,0.0,46,0.9130434782608695,73,0.821917808219178,0.6134453781512605
main,legacy5,low,high,27143,28143,702,3,0.6386554621848739,0.7673267326732673,0.2184873949579832,0.2605042016806723,0.4201680672268907,0.3781512605042016,0.31138633441083285,0.680672268907563,-0.04201680672268915,46,0.7391304347826086,73,0.5753424657534246,0.6134453781512605
main,legacy5,low,high,27143,28143,702,4,0.5714285714285714,0.7277227722772277,0.23529411764705882,0.2773109243697479,0.3361344537815126,0.2941176470588235,0.23624722481095262,0.6218487394957983,-0.050420168067226934,45,0.6888888888888889,74,0.5,0.6134453781512605
main,legacy5,low,high,27143,28143,702,5,0.44537815126050423,0.6386138613861386,0.24369747899159663,0.18487394957983194,0.2016806722689076,0.2605042016806723,0.09059999889918602,0.4369747899159664,0.00840336134453784,45,0.5111111111111111,74,0.40540540540540543,0.6134453781512605
main,legacy5,low,high,27143,28143,702,8,0.35294117647058826,0.6138613861386139,0.20168067226890757,0.17647058823529413,0.1512605042016807,0.17647058823529413,-0.06904257578958606,0.3697478991596639,-0.016806722689075626,43,0.3023255813953488,76,0.3815789473684211,0.6134453781512605
main,legacy5,low,high,27143,28143,702,-1,0.15126050420168066,0.6188118811881188,0.17647058823529413,0.2689075630252101,-0.025210084033613467,-0.11764705882352941,-0.6748636313703811,0.2857142857142857,-0.13445378151260504,47,0.10638297872340426,72,0.18055555555555555,0.6134453781512605
main,legacy5,high,low,27143,28143,702,0,1.0,1.0,0.21008403361344538,0.2605042016806723,0.7899159663865546,0.7394957983193278,0.9829832387949451,1.0,0.0,46,1.0,73,1.0,0.6134453781512605
main,legacy5,high,low,27143,28143,702,1,1.0,1.0,0.21008403361344538,0.2184873949579832,0.7899159663865546,0.7815126050420168,0.8988596839166393,1.0,0.0,45,1.0,74,1.0,0.6134453781512605
main,legacy5,high,low,27143,28143,702,2,0.8403361344537815,0.905940594059406,0.2184873949579832,0.226890756302521,0.6218487394957983,0.6134453781512605,0.5153279862533511,0.8403361344537815,0.0,46,0.8260869565217391,73,0.8493150684931506,0.6134453781512605
main,legacy5,high,low,27143,28143,702,3,0.6638655462184874,0.7128712871287128,0.2184873949579832,0.20168067226890757,0.4453781512605042,0.4621848739495798,0.34058158732321964,0.6218487394957983,0.04201680672268904,46,0.6956521739130435,73,0.6438356164383562,0.6134453781512605
main,legacy5,high,low,27143,28143,702,4,0.5462184873949579,0.7029702970297029,0.20168067226890757,0.20168067226890757,0.34453781512605036,0.34453781512605036,0.25725954185622046,0.5630252100840336,-0.01680672268907568,45,0.6222222222222222,74,0.5,0.6134453781512605
main,legacy5,high,low,27143,28143,702,5,0.46218487394957986,0.6782178217821783,0.19327731092436976,0.20168067226890757,0.26890756302521013,0.2605042016806723,0.12073912985181456,0.46218487394957986,0.0,45,0.5111111111111111,74,0.43243243243243246,0.6134453781512605
main,legacy5,high,low,27143,28143,702,8,0.33613445378151263,0.5841584158415841,0.21008403361344538,0.17647058823529413,0.12605042016806725,0.1596638655462185,-0.06317794505131302,0.31092436974789917,0.025210084033613467,43,0.32558139534883723,76,0.34210526315789475,0.6134453781512605
main,legacy5,high,low,27143,28143,702,-1,0.20168067226890757,0.5643564356435643,0.21008403361344538,0.25210084033613445,-0.008403361344537813,-0.05042016806722688,-0.4848975447926065,0.2184873949579832,-0.016806722689075626,47,0.2127659574468085,72,0.19444444444444445,0.6134453781512605
main,legacy5,low,high,27144,28144,702,0,1.0,1.0,0.23529411764705882,0.2773109243697479,0.7647058823529411,0.7226890756302521,0.9889997012937592,1.0,0.0,56,1.0,63,1.0,0.5294117647058824
main,legacy5,low,high,27144,28144,702,1,1.0,1.0,0.25210084033613445,0.2184873949579832,0.7478991596638656,0.7815126050420168,0.8895889835010324,1.0,0.0,56,1.0,63,1.0,0.5294117647058824
main,legacy5,low,high,27144,28144,702,2,0.8403361344537815,0.9356435643564357,0.25210084033613445,0.21008403361344538,0.5882352941176471,0.6302521008403361,0.5751328893485623,0.8571428571428571,-0.01680672268907557,56,0.8035714285714286,63,0.873015873015873,0.5294117647058824
main,legacy5,low,high,27144,28144,702,3,0.7142857142857143,0.7722772277227723,0.2605042016806723,0.31932773109243695,0.453781512605042,0.39495798319327735,0.4170203252624628,0.6722689075630253,0.04201680672268904,56,0.7142857142857143,63,0.7142857142857143,0.5294117647058824
main,legacy5,low,high,27144,28144,702,4,0.6050420168067226,0.7079207920792079,0.2689075630252101,0.226890756302521,0.3361344537815126,0.37815126050420167,0.2944965111393677,0.6890756302521008,-0.08403361344537819,56,0.6607142857142857,63,0.5555555555555556,0.5294117647058824
main,legacy5,low,high,27144,28144,702,5,0.5882352941176471,0.6831683168316832,0.2689075630252101,0.21008403361344538,0.319327731092437,0.37815126050420167,0.207318064744466,0.5798319327731093,0.008403361344537785,55,0.5636363636363636,64,0.609375,0.5294117647058824
main,legacy5,low,high,27144,28144,702,8,0.31932773109243695,0.5841584158415841,0.24369747899159663,0.2184873949579832,0.07563025210084032,0.10084033613445376,-0.080975923677298,0.31932773109243695,0.0,55,0.2909090909090909,64,0.34375,0.5294117647058824
main,legacy5,low,high,27144,28144,702,-1,0.24369747899159663,0.5841584158415841,0.226890756302521,0.35294117647058826,0.016806722689075626,-0.10924369747899162,-0.2921888302727116,0.3025210084033613,-0.05882352941176469,55,0.21818181818181817,64,0.265625,0.5294117647058824
main,legacy5,high,low,27144,28144,702,0,1.0,1.0,0.19327731092436976,0.2605042016806723,0.8067226890756303,0.7394957983193278,0.9897964145101887,1.0,0.0,56,1.0,63,1.0,0.5294117647058824
main,legacy5,high,low,27144,28144,702,1,1.0,1.0,0.18487394957983194,0.2689075630252101,0.8151260504201681,0.73109243697479,0.8857173853254937,1.0,0.0,56,1.0,63,1.0,0.5294117647058824
main,legacy5,high,low,27144,28144,702,2,0.8151260504201681,0.8960396039603961,0.19327731092436976,0.2689075630252101,0.6218487394957983,0.546218487394958,0.5500349621665463,0.8067226890756303,0.008403361344537785,56,0.8035714285714286,63,0.8253968253968254,0.5294117647058824
main,legacy5,high,low,27144,28144,702,3,0.680672268907563,0.801980198019802,0.226890756302521,0.23529411764705882,0.45378151260504207,0.44537815126050423,0.4367855607828529,0.6974789915966386,-0.01680672268907557,56,0.6964285714285714,63,0.6666666666666666,0.5294117647058824
main,legacy5,high,low,27144,28144,702,4,0.6050420168067226,0.7277227722772277,0.24369747899159663,0.2857142857142857,0.361344537815126,0.31932773109243695,0.2951086325193738,0.6134453781512605,-0.008403361344537896,56,0.6071428571428571,63,0.6031746031746031,0.5294117647058824
main,legacy5,high,low,27144,28144,702,5,0.5630252100840336,0.7128712871287128,0.226890756302521,0.2605042016806723,0.33613445378151263,0.3025210084033613,0.2237746453182181,0.5882352941176471,-0.025210084033613467,55,0.5454545454545454,64,0.578125,0.5294117647058824
main,legacy5,high,low,27144,28144,702,8,0.31092436974789917,0.5445544554455446,0.226890756302521,0.2184873949579832,0.08403361344537816,0.09243697478991597,-0.0240329825484622,0.3277310924369748,-0.016806722689075626,55,0.21818181818181817,64,0.390625,0.5294117647058824
main,legacy5,high,low,27144,28144,702,-1,0.19327731092436976,0.5742574257425742,0.23529411764705882,0.23529411764705882,-0.042016806722689065,-0.042016806722689065,-0.24881488071669589,0.2689075630252101,-0.07563025210084032,55,0.2,64,0.1875,0.5294117647058824
main,legacy5,low,high,27145,28145,702,0,1.0,1.0,0.2184873949579832,0.17647058823529413,0.7815126050420168,0.8235294117647058,0.9787293672257088,1.0,0.0,52,1.0,67,1.0,0.5630252100840336
main,legacy5,low,high,27145,28145,702,1,1.0,1.0,0.21008403361344538,0.25210084033613445,0.7899159663865546,0.7478991596638656,0.8717714265973052,1.0,0.0,51,1.0,68,1.0,0.5630252100840336
main,legacy5,low,high,27145,28145,702,2,0.8235294117647058,0.9554455445544554,0.2184873949579832,0.21008403361344538,0.6050420168067226,0.6134453781512604,0.570891979080471,0.8487394957983193,-0.025210084033613467,51,0.803921568627451,68,0.8382352941176471,0.5630252100840336
main,legacy5,low,high,27145,28145,702,3,0.7142857142857143,0.7920792079207921,0.25210084033613445,0.16806722689075632,0.46218487394957986,0.546218487394958,0.3901857185456985,0.7142857142857143,0.0,51,0.7647058823529411,68,0.6764705882352942,0.5630252100840336
main,legacy5,low,high,27145,28145,702,4,0.5462184873949579,0.7425742574257426,0.226890756302521,0.25210084033613445,0.31932773109243695,0.2941176470588235,0.27857120894650467,0.6554621848739496,-0.10924369747899165,52,0.4807692307692308,67,0.5970149253731343,0.5630252100840336
main,legacy5,low,high,27145,28145,702,5,0.5042016806722689,0.7029702970297029,0.2773109243697479,0.2605042016806723,0.22689075630252098,0.2436974789915966,0.21001363656342598,0.5378151260504201,-0.03361344537815125,53,0.5283018867924528,66,0.48484848484848486,0.5630252100840336
main,legacy5,low,high,27145,28145,702,8,0.3865546218487395,0.6089108910891089,0.24369747899159663,0.24369747899159663,0.14285714285714288,0.14285714285714288,-0.03970157015790199,0.453781512605042,-0.0672268907563025,51,0.39215686274509803,68,0.38235294117647056,0.5630252100840336
main,legacy5,low,high,27145,28145,702,-1,0.21008403361344538,0.5792079207920792,0.25210084033613445,0.21008403361344538,-0.042016806722689065,0.0,-0.22279191516520913,0.2605042016806723,-0.050420168067226906,52,0.21153846153846154,67,0.208955223880597,0.5630252100840336
main,legacy5,high,low,27145,28145,702,0,1.0,1.0,0.2773109243697479,0.226890756302521,0.7226890756302521,0.773109243697479,0.9800431531446584,1.0,0.0,52,1.0,67,1.0,0.5630252100840336
main,legacy5,high,low,27145,28145,702,1,1.0,1.0,0.2689075630252101,0.21008403361344538,0.73109243697479,0.7899159663865546,0.8804098442899843,1.0,0.0,51,1.0,68,1.0,0.5630252100840336
main,legacy5,high,low,27145,28145,702,2,0.865546218487395,0.9158415841584159,0.25210084033613445,0.18487394957983194,0.6134453781512605,0.680672268907563,0.5879863184474255,0.8403361344537815,0.025210084033613467,51,0.8431372549019608,68,0.8823529411764706,0.5630252100840336
main,legacy5,high,low,27145,28145,702,3,0.7478991596638656,0.7524752475247525,0.25210084033613445,0.19327731092436976,0.4957983193277311,0.5546218487394958,0.4297842337044647,0.6722689075630253,0.07563025210084029,51,0.7843137254901961,68,0.7205882352941176,0.5630252100840336
main,legacy5,high,low,27145,28145,702,4,0.6302521008403361,0.6782178217821783,0.24369747899159663,0.20168067226890757,0.38655462184873945,0.42857142857142855,0.29671029340282573,0.5546218487394958,0.07563025210084029,52,0.6538461538461539,67,0.6119402985074627,0.5630252100840336
main,legacy5,high,low,27145,28145,702,5,0.5462184873949579,0.6683168316831684,0.2605042016806723,0.24369747899159663,0.28571428571428564,0.30252100840336127,0.2421287168161267,0.5210084033613446,0.025210084033613356,53,0.6226415094339622,66,0.48484848484848486,0.5630252100840336
main,legacy5,high,low,27145,28145,702,8,0.36134453781512604,0.5742574257425742,0.226890756302521,0.226890756302521,0.13445378151260504,0.13445378151260504,0.016677440939805832,0.3697478991596639,-0.00840336134453784,51,0.45098039215686275,68,0.29411764705882354,0.5630252100840336
main,legacy5,high,low,27145,28145,702,-1,0.226890756302521,0.5148514851485149,0.2773109243697479,0.24369747899159663,-0.050420168067226906,-0.016806722689075626,-0.28685951913960706,0.21008403361344538,0.016806722689075626,52,0.25,67,0.208955223880597,0.5630252100840336
main,legacy5,low,high,27146,28146,702,0,1.0,1.0,0.23529411764705882,0.2184873949579832,0.7647058823529411,0.7815126050420168,0.9870623307024367,1.0,0.0,44,1.0,75,1.0,0.6302521008403361
main,legacy5,low,high,27146,28146,702,1,1.0,1.0,0.19327731092436976,0.21008403361344538,0.8067226890756303,0.7899159663865546,0.8514832939478019,0.9915966386554622,0.008403361344537785,45,1.0,74,1.0,0.6302521008403361
main,legacy5,low,high,27146,28146,702,2,0.7478991596638656,0.8960396039603961,0.19327731092436976,0.16806722689075632,0.5546218487394958,0.5798319327731092,0.46701002262248037,0.8067226890756303,-0.05882352941176472,44,0.75,75,0.7466666666666667,0.6302521008403361
main,legacy5,low,high,27146,28146,702,3,0.6050420168067226,0.7326732673267327,0.18487394957983194,0.21008403361344538,0.4201680672268907,0.39495798319327724,0.3439142675425264,0.5546218487394958,0.05042016806722682,44,0.5909090909090909,75,0.6133333333333333,0.6302521008403361
main,legacy5,low,high,27146,28146,702,4,0.5714285714285714,0.693069306930693,0.20168067226890757,0.24369747899159663,0.36974789915966383,0.32773109243697474,0.29231198477059006,0.5714285714285714,0.0,44,0.5681818181818182,75,0.5733333333333334,0.6302521008403361
main,legacy5,low,high,27146,28146,702,5,0.5546218487394958,0.6138613861386139,0.21008403361344538,0.23529411764705882,0.3445378151260504,0.319327731092437,0.23212235377056656,0.5210084033613446,0.03361344537815125,44,0.5909090909090909,75,0.5333333333333333,0.6302521008403361
main,legacy5,low,high,27146,28146,702,8,0.42016806722689076,0.6188118811881188,0.18487394957983194,0.18487394957983194,0.23529411764705882,0.23529411764705882,0.09778221560322853,0.453781512605042,-0.03361344537815125,43,0.5116279069767442,76,0.3684210526315789,0.6302521008403361
main,legacy5,low,high,27146,28146,702,-1,0.24369747899159663,0.5198019801980198,0.23529411764705882,0.16806722689075632,0.008403361344537813,0.07563025210084032,-0.19708723459772703,0.2184873949579832,0.02521008403361344,44,0.22727272727272727,75,0.25333333333333335,0.6302521008403361
main,legacy5,high,low,27146,28146,702,0,1.0,1.0,0.18487394957983194,0.19327731092436976,0.8151260504201681,0.8067226890756303,0.9887828875503911,1.0,0.0,44,1.0,75,1.0,0.6302521008403361
main,legacy5,high,low,27146,28146,702,1,1.0,1.0,0.18487394957983194,0.25210084033613445,0.8151260504201681,0.7478991596638656,0.8699161404234992,1.0,0.0,45,1.0,74,1.0,0.6302521008403361
main,legacy5,high,low,27146,28146,702,2,0.8067226890756303,0.8861386138613861,0.19327731092436976,0.20168067226890757,0.6134453781512605,0.6050420168067228,0.5064319434156126,0.7478991596638656,0.05882352941176472,44,0.8181818181818182,75,0.8,0.6302521008403361
main,legacy5,high,low,27146,28146,702,3,0.6386554621848739,0.7227722772277227,0.19327731092436976,0.20168067226890757,0.4453781512605042,0.43697478991596633,0.35714020016669923,0.6134453781512605,0.025210084033613356,44,0.5909090909090909,75,0.6666666666666666,0.6302521008403361
main,legacy5,high,low,27146,28146,702,4,0.5966386554621849,0.6881188118811881,0.18487394957983194,0.12605042016806722,0.4117647058823529,0.47058823529411764,0.29240985539051934,0.5630252100840336,0.03361344537815125,44,0.6363636363636364,75,0.5733333333333334,0.6302521008403361
main,legacy5,high,low,27146,28146,702,5,0.5378151260504201,0.6831683168316832,0.19327731092436976,0.226890756302521,0.3445378151260504,0.31092436974789917,0.2203325874488664,0.5378151260504201,0.0,44,0.5227272727272727,75,0.5466666666666666,0.6302521008403361
main,legacy5,high,low,27146,28146,702,8,0.4369747899159664,0.5841584158415841,0.17647058823529413,0.21008403361344538,0.26050420168067223,0.226890756302521,0.0767060466655759,0.3697478991596639,0.0672268907563025,43,0.5581395348837209,76,0.3684210526315789,0.6302521008403361
main,legacy5,high,low,27146,28146,702,-1,0.19327731092436976,0.5693069306930693,0.14285714285714285,0.2605042016806723,0.050420168067226906,-0.06722689075630253,-0.2564809168716775,0.226890756302521,-0.03361344537815125,44,0.1590909090909091,75,0.21333333333333335,0.6302521008403361
confirmation,brain1,low,high,29142,30142,701,0,1.0,1.0,0.18487394957983194,0.20168067226890757,0.8151260504201681,0.7983193277310925,0.8777532475033264,1.0,0.0,52,1.0,67,1.0,0.5630252100840336
confirmation,brain1,low,high,29142,30142,701,1,0.9159663865546218,0.9603960396039604,0.19327731092436976,0.24369747899159663,0.7226890756302521,0.6722689075630252,0.6151380422917327,0.9243697478991597,-0.008403361344537896,52,0.9230769230769231,67,0.9104477611940298,0.5630252100840336
confirmation,brain1,low,high,29142,30142,701,2,0.6722689075630253,0.7722772277227723,0.19327731092436976,0.2689075630252101,0.47899159663865554,0.4033613445378152,0.3693597332688263,0.7142857142857143,-0.04201680672268904,51,0.6470588235294118,68,0.6911764705882353,0.5630252100840336
confirmation,brain1,low,high,29142,30142,701,3,0.6722689075630253,0.7079207920792079,0.20168067226890757,0.2689075630252101,0.4705882352941177,0.4033613445378152,0.32153168364699347,0.6218487394957983,0.050420168067226934,51,0.6274509803921569,68,0.7058823529411765,0.5630252100840336
confirmation,brain1,low,high,29142,30142,701,4,0.47058823529411764,0.6782178217821783,0.21008403361344538,0.2773109243697479,0.26050420168067223,0.19327731092436973,0.13271697880192002,0.4957983193277311,-0.025210084033613467,50,0.46,69,0.4782608695652174,0.5630252100840336
confirmation,brain1,low,high,29142,30142,701,5,0.4957983193277311,0.6633663366336634,0.2184873949579832,0.23529411764705882,0.2773109243697479,0.2605042016806723,0.11120284208513331,0.5378151260504201,-0.04201680672268904,50,0.44,69,0.5362318840579711,0.5630252100840336
confirmation,brain1,low,high,29142,30142,701,8,0.44537815126050423,0.6089108910891089,0.2184873949579832,0.2184873949579832,0.22689075630252103,0.22689075630252103,0.015306413448737954,0.5126050420168067,-0.06722689075630245,50,0.36,69,0.5072463768115942,0.5630252100840336
confirmation,brain1,low,high,29142,30142,701,-1,0.3025210084033613,0.5792079207920792,0.16806722689075632,0.226890756302521,0.134453781512605,0.07563025210084032,-0.24705401533410676,0.2605042016806723,0.04201680672268904,52,0.38461538461538464,67,0.23880597014925373,0.5630252100840336
confirmation,brain1,high,low,29142,30142,701,0,1.0,1.0,0.18487394957983194,0.07563025210084033,0.8151260504201681,0.9243697478991597,0.8654977478614716,1.0,0.0,52,1.0,67,1.0,0.5630252100840336
confirmation,brain1,high,low,29142,30142,701,1,0.8991596638655462,0.9603960396039604,0.21008403361344538,0.1092436974789916,0.6890756302521008,0.7899159663865547,0.6073929773569214,0.9243697478991597,-0.025210084033613467,52,0.9423076923076923,67,0.8656716417910447,0.5630252100840336
confirmation,brain1,high,low,29142,30142,701,2,0.7226890756302521,0.7574257425742574,0.19327731092436976,0.18487394957983194,0.5294117647058824,0.5378151260504201,0.4215968067934084,0.6890756302521008,0.03361344537815125,51,0.7647058823529411,68,0.6911764705882353,0.5630252100840336
confirmation,brain1,high,low,29142,30142,701,3,0.5882352941176471,0.693069306930693,0.2184873949579832,0.14285714285714285,0.3697478991596639,0.44537815126050423,0.33766982937961043,0.5966386554621849,-0.008403361344537785,51,0.6470588235294118,68,0.5441176470588235,0.5630252100840336
confirmation,brain1,high,low,29142,30142,701,4,0.5630252100840336,0.6237623762376238,0.21008403361344538,0.18487394957983194,0.3529411764705882,0.37815126050420167,0.2505457568219245,0.48739495798319327,0.07563025210084034,50,0.64,69,0.5072463768115942,0.5630252100840336
confirmation,brain1,high,low,29142,30142,701,5,0.5210084033613446,0.6138613861386139,0.24369747899159663,0.17647058823529413,0.2773109243697479,0.3445378151260504,0.17209882769291618,0.4789915966386555,0.04201680672268909,50,0.54,69,0.5072463768115942,0.5630252100840336
confirmation,brain1,high,low,29142,30142,701,8,0.48739495798319327,0.6188118811881188,0.2184873949579832,0.12605042016806722,0.2689075630252101,0.36134453781512604,0.11073963310077939,0.4789915966386555,0.008403361344537785,50,0.46,69,0.5072463768115942,0.5630252100840336
confirmation,brain1,high,low,29142,30142,701,-1,0.21008403361344538,0.5148514851485149,0.14285714285714285,0.15966386554621848,0.06722689075630253,0.050420168067226906,-0.22621060167690654,0.16806722689075632,0.042016806722689065,52,0.19230769230769232,67,0.22388059701492538,0.5630252100840336
confirmation,brain1,low,high,29143,30143,701,0,0.9831932773109243,1.0,0.17647058823529413,0.20168067226890757,0.8067226890756302,0.7815126050420167,0.8319846921420455,0.9831932773109243,0.0,42,1.0,77,0.974025974025974,0.6470588235294118
confirmation,brain1,low,high,29143,30143,701,1,0.8571428571428571,0.9306930693069307,0.18487394957983194,0.2184873949579832,0.6722689075630252,0.6386554621848739,0.3465598858753586,0.8739495798319328,-0.01680672268907568,42,0.9285714285714286,77,0.8181818181818182,0.6470588235294118
confirmation,brain1,low,high,29143,30143,701,2,0.6470588235294118,0.6584158415841584,0.20168067226890757,0.23529411764705882,0.44537815126050423,0.411764705882353,0.19951843839132288,0.5210084033613446,0.12605042016806722,41,0.6097560975609756,78,0.6666666666666666,0.6470588235294118
confirmation,brain1,low,high,29143,30143,701,3,0.5966386554621849,0.6336633663366337,0.20168067226890757,0.19327731092436976,0.3949579831932773,0.40336134453781514,0.12640952651447146,0.5378151260504201,0.05882352941176472,41,0.6585365853658537,78,0.5641025641025641,0.6470588235294118
confirmation,brain1,low,high,29143,30143,701,4,0.42016806722689076,0.6138613861386139,0.20168067226890757,0.15126050420168066,0.2184873949579832,0.26890756302521013,0.04396921767367168,0.5126050420168067,-0.09243697478991592,42,0.3333333333333333,77,0.4675324675324675,0.6470588235294118
confirmation,brain1,low,high,29143,30143,701,5,0.4117647058823529,0.6188118811881188,0.19327731092436976,0.2184873949579832,0.21848739495798317,0.19327731092436973,-0.39567675453300777,0.4369747899159664,-0.025210084033613467,43,0.37209302325581395,76,0.4342105263157895,0.6470588235294118
confirmation,brain1,low,high,29143,30143,701,8,0.29411764705882354,0.5544554455445545,0.19327731092436976,0.2184873949579832,0.10084033613445378,0.07563025210084034,-0.12102405931611515,0.29411764705882354,0.0,42,0.23809523809523808,77,0.3246753246753247,0.6470588235294118
confirmation,brain1,low,high,29143,30143,701,-1,0.15966386554621848,0.46534653465346537,0.19327731092436976,0.2184873949579832,-0.03361344537815128,-0.05882352941176472,-0.6509202590616567,0.18487394957983194,-0.025210084033613467,42,0.16666666666666666,77,0.15584415584415584,0.6470588235294118
confirmation,brain1,high,low,29143,30143,701,0,0.9915966386554622,1.0,0.21008403361344538,0.16806722689075632,0.7815126050420168,0.8235294117647058,0.8512431183753604,0.9915966386554622,0.0,42,1.0,77,0.987012987012987,0.6470588235294118
confirmation,brain1,high,low,29143,30143,701,1,0.8571428571428571,0.9158415841584159,0.2184873949579832,0.15126050420168066,0.6386554621848739,0.7058823529411764,0.28224932969404615,0.9159663865546218,-0.05882352941176472,42,0.8333333333333334,77,0.8701298701298701,0.6470588235294118
confirmation,brain1,high,low,29143,30143,701,2,0.5378151260504201,0.7326732673267327,0.19327731092436976,0.16806722689075632,0.3445378151260504,0.36974789915966383,0.19631585889926284,0.5882352941176471,-0.050420168067226934,41,0.4878048780487805,78,0.5641025641025641,0.6470588235294118
confirmation,brain1,high,low,29143,30143,701,3,0.5294117647058824,0.6881188118811881,0.18487394957983194,0.13445378151260504,0.3445378151260504,0.39495798319327735,0.017345136457006527,0.5630252100840336,-0.03361344537815125,41,0.5121951219512195,78,0.5384615384615384,0.6470588235294118
confirmation,brain1,high,low,29143,30143,701,4,0.4789915966386555,0.5742574257425742,0.18487394957983194,0.15966386554621848,0.29411764705882354,0.319327731092437,-0.005299750487092636,0.36134453781512604,0.11764705882352944,42,0.5238095238095238,77,0.45454545454545453,0.6470588235294118
confirmation,brain1,high,low,29143,30143,701,5,0.44537815126050423,0.6039603960396039,0.17647058823529413,0.16806722689075632,0.26890756302521013,0.2773109243697479,0.047483003495535026,0.42016806722689076,0.025210084033613467,43,0.3953488372093023,76,0.47368421052631576,0.6470588235294118
confirmation,brain1,high,low,29143,30143,701,8,0.3025210084033613,0.5,0.17647058823529413,0.16806722689075632,0.1260504201680672,0.134453781512605,-0.13601179331337088,0.3025210084033613,0.0,42,0.2619047619047619,77,0.3246753246753247,0.6470588235294118
confirmation,brain1,high,low,29143,30143,701,-1,0.15966386554621848,0.5247524752475248,0.21008403361344538,0.29411764705882354,-0.050420168067226906,-0.13445378151260506,-0.5734460620664652,0.2184873949579832,-0.05882352941176472,42,0.14285714285714285,77,0.16883116883116883,0.6470588235294118
confirmation,brain1,low,high,29144,30144,701,0,0.9915966386554622,1.0,0.18487394957983194,0.14285714285714285,0.8067226890756303,0.8487394957983194,0.8680343545061903,0.9915966386554622,0.0,48,1.0,71,0.9859154929577465,0.5966386554621849
confirmation,brain1,low,high,29144,30144,701,1,0.8319327731092437,0.9504950495049505,0.18487394957983194,0.17647058823529413,0.6470588235294118,0.6554621848739496,0.5235463670711165,0.8823529411764706,-0.05042016806722682,48,0.875,71,0.8028169014084507,0.5966386554621849
confirmation,brain1,low,high,29144,30144,701,2,0.6890756302521008,0.8217821782178217,0.19327731092436976,0.20168067226890757,0.4957983193277311,0.48739495798319327,0.4396714157154238,0.7563025210084033,-0.0672268907563025,49,0.6530612244897959,70,0.7142857142857143,0.5966386554621849
confirmation,brain1,low,high,29144,30144,701,3,0.6050420168067226,0.7029702970297029,0.20168067226890757,0.15126050420168066,0.4033613445378151,0.45378151260504196,0.2764430659349485,0.5882352941176471,0.01680672268907557,49,0.5714285714285714,70,0.6285714285714286,0.5966386554621849
confirmation,brain1,low,high,29144,30144,701,4,0.5294117647058824,0.6633663366336634,0.18487394957983194,0.21008403361344538,0.3445378151260504,0.31932773109243695,0.19813295271033748,0.48739495798319327,0.04201680672268909,49,0.5102040816326531,70,0.5428571428571428,0.5966386554621849
confirmation,brain1,low,high,29144,30144,701,5,0.4957983193277311,0.6336633663366337,0.18487394957983194,0.16806722689075632,0.31092436974789917,0.3277310924369748,0.17416879211814407,0.453781512605042,0.04201680672268909,48,0.4583333333333333,71,0.5211267605633803,0.5966386554621849
confirmation,brain1,low,high,29144,30144,701,8,0.3277310924369748,0.6435643564356436,0.25210084033613445,0.2184873949579832,0.07563025210084034,0.1092436974789916,-0.1627070724962203,0.36134453781512604,-0.03361344537815125,45,0.15555555555555556,74,0.43243243243243246,0.5966386554621849
confirmation,brain1,low,high,29144,30144,701,-1,0.2689075630252101,0.5643564356435643,0.18487394957983194,0.17647058823529413,0.08403361344537813,0.09243697478991594,-0.26876450980702327,0.31092436974789917,-0.04201680672268909,49,0.24489795918367346,70,0.2857142857142857,0.5966386554621849
confirmation,brain1,high,low,29144,30144,701,0,0.9915966386554622,1.0,0.19327731092436976,0.3025210084033613,0.7983193277310925,0.6890756302521008,0.8683384578455037,0.9915966386554622,0.0,48,1.0,71,0.9859154929577465,0.5966386554621849
confirmation,brain1,high,low,29144,30144,701,1,0.8403361344537815,0.9306930693069307,0.19327731092436976,0.2857142857142857,0.6470588235294118,0.5546218487394958,0.5121433688490952,0.8151260504201681,0.025210084033613467,48,0.7916666666666666,71,0.8732394366197183,0.5966386554621849
confirmation,brain1,high,low,29144,30144,701,2,0.773109243697479,0.7623762376237624,0.25210084033613445,0.31092436974789917,0.5210084033613446,0.46218487394957986,0.4574243484636984,0.6974789915966386,0.0756302521008404,49,0.7346938775510204,70,0.8,0.5966386554621849
confirmation,brain1,high,low,29144,30144,701,3,0.6050420168067226,0.7079207920792079,0.2605042016806723,0.3445378151260504,0.34453781512605036,0.26050420168067223,0.29063372579764124,0.5714285714285714,0.03361344537815125,49,0.5918367346938775,70,0.6142857142857143,0.5966386554621849
confirmation,brain1,high,low,29144,30144,701,4,0.5210084033613446,0.6435643564356436,0.2605042016806723,0.31932773109243695,0.2605042016806723,0.20168067226890762,0.16143415576991516,0.4789915966386555,0.04201680672268909,49,0.5918367346938775,70,0.4714285714285714,0.5966386554621849
confirmation,brain1,high,low,29144,30144,701,5,0.5378151260504201,0.6435643564356436,0.2605042016806723,0.3445378151260504,0.27731092436974786,0.19327731092436973,0.16014750634703778,0.4957983193277311,0.04201680672268904,48,0.5208333333333334,71,0.5492957746478874,0.5966386554621849
confirmation,brain1,high,low,29144,30144,701,8,0.42857142857142855,0.5742574257425742,0.2184873949579832,0.31932773109243695,0.21008403361344535,0.1092436974789916,-0.02759979381987554,0.37815126050420167,0.05042016806722688,45,0.35555555555555557,74,0.47297297297297297,0.5966386554621849
confirmation,brain1,high,low,29144,30144,701,-1,0.25210084033613445,0.5594059405940595,0.24369747899159663,0.21008403361344538,0.008403361344537813,0.042016806722689065,-0.31743808418178654,0.16806722689075632,0.08403361344537813,49,0.1836734693877551,70,0.3,0.5966386554621849
confirmation,brain1,low,high,29142,30142,702,0,0.9915966386554622,1.0,0.18487394957983194,0.19327731092436976,0.8067226890756303,0.7983193277310925,0.8835083022262568,1.0,-0.008403361344537785,52,1.0,67,0.9850746268656716,0.5630252100840336
confirmation,brain1,low,high,29142,30142,702,1,0.9159663865546218,0.9603960396039604,0.19327731092436976,0.2184873949579832,0.7226890756302521,0.6974789915966386,0.6148012227019055,0.8991596638655462,0.01680672268907557,52,0.9038461538461539,67,0.9253731343283582,0.5630252100840336
confirmation,brain1,low,high,29142,30142,702,2,0.6470588235294118,0.7574257425742574,0.19327731092436976,0.2689075630252101,0.45378151260504207,0.3781512605042017,0.36676460229222174,0.6722689075630253,-0.025210084033613467,51,0.5882352941176471,68,0.6911764705882353,0.5630252100840336
confirmation,brain1,low,high,29142,30142,702,3,0.6302521008403361,0.693069306930693,0.20168067226890757,0.17647058823529413,0.42857142857142855,0.45378151260504196,0.2840063111377088,0.6134453781512605,0.01680672268907557,51,0.5686274509803921,68,0.6764705882352942,0.5630252100840336
confirmation,brain1,low,high,29142,30142,702,4,0.48739495798319327,0.6683168316831684,0.21008403361344538,0.2689075630252101,0.2773109243697479,0.2184873949579832,0.15686876286243356,0.5462184873949579,-0.05882352941176466,50,0.46,69,0.5072463768115942,0.5630252100840336
confirmation,brain1,low,high,29142,30142,702,5,0.5042016806722689,0.6534653465346535,0.2184873949579832,0.2857142857142857,0.2857142857142857,0.2184873949579832,0.1440091604616639,0.5210084033613446,-0.01680672268907568,50,0.54,69,0.4782608695652174,0.5630252100840336
confirmation,brain1,low,high,29142,30142,702,8,0.44537815126050423,0.6138613861386139,0.2184873949579832,0.226890756302521,0.22689075630252103,0.21848739495798322,0.06723309292159085,0.5210084033613446,-0.07563025210084034,50,0.4,69,0.4782608695652174,0.5630252100840336
confirmation,brain1,low,high,29142,30142,702,-1,0.2857142857142857,0.5792079207920792,0.16806722689075632,0.2605042016806723,0.11764705882352938,0.02521008403361341,-0.23455500098976279,0.2857142857142857,0.0,52,0.3076923076923077,67,0.26865671641791045,0.5630252100840336
confirmation,brain1,high,low,29142,30142,702,0,0.9915966386554622,1.0,0.18487394957983194,0.13445378151260504,0.8067226890756303,0.8571428571428572,0.8868004715410852,0.9915966386554622,0.0,52,1.0,67,0.9850746268656716,0.5630252100840336
confirmation,brain1,high,low,29142,30142,702,1,0.957983193277311,0.9504950495049505,0.21008403361344538,0.11764705882352941,0.7478991596638656,0.8403361344537815,0.6631503398870069,0.8991596638655462,0.05882352941176472,52,0.9230769230769231,67,0.9850746268656716,0.5630252100840336
confirmation,brain1,high,low,29142,30142,702,2,0.6722689075630253,0.7574257425742574,0.19327731092436976,0.15126050420168066,0.47899159663865554,0.5210084033613446,0.3928520204191347,0.6218487394957983,0.050420168067226934,51,0.6862745098039216,68,0.6617647058823529,0.5630252100840336
confirmation,brain1,high,low,29142,30142,702,3,0.5966386554621849,0.7029702970297029,0.2184873949579832,0.13445378151260504,0.37815126050420167,0.46218487394957986,0.3579736343610712,0.6050420168067226,-0.008403361344537785,51,0.6470588235294118,68,0.5588235294117647,0.5630252100840336
confirmation,brain1,high,low,29142,30142,702,4,0.5546218487394958,0.6386138613861386,0.21008403361344538,0.226890756302521,0.3445378151260504,0.32773109243697485,0.2197941189940582,0.5042016806722689,0.050420168067226934,50,0.6,69,0.5217391304347826,0.5630252100840336
confirmation,brain1,high,low,29142,30142,702,5,0.5294117647058824,0.5742574257425742,0.24369747899159663,0.19327731092436976,0.2857142857142857,0.33613445378151263,0.17246099958229255,0.48739495798319327,0.04201680672268909,50,0.48,69,0.5652173913043478,0.5630252100840336
confirmation,brain1,high,low,29142,30142,702,8,0.4369747899159664,0.6089108910891089,0.2184873949579832,0.20168067226890757,0.2184873949579832,0.23529411764705882,0.09171602811542934,0.40336134453781514,0.03361344537815125,50,0.42,69,0.4492753623188406,0.5630252100840336
confirmation,brain1,high,low,29142,30142,702,-1,0.2605042016806723,0.4603960396039604,0.14285714285714285,0.18487394957983194,0.11764705882352944,0.07563025210084034,-0.14508890080384074,0.2184873949579832,0.04201680672268909,52,0.21153846153846154,67,0.29850746268656714,0.5630252100840336
confirmation,brain1,low,high,29143,30143,702,0,1.0,1.0,0.17647058823529413,0.20168067226890757,0.8235294117647058,0.7983193277310925,0.8887105303960536,1.0,0.0,42,1.0,77,1.0,0.6470588235294118
confirmation,brain1,low,high,29143,30143,702,1,0.7983193277310925,0.8960396039603961,0.18487394957983194,0.19327731092436976,0.6134453781512605,0.6050420168067228,0.483324556123536,0.8487394957983193,-0.05042016806722682,42,0.8095238095238095,77,0.7922077922077922,0.6470588235294118
confirmation,brain1,low,high,29143,30143,702,2,0.6218487394957983,0.6386138613861386,0.20168067226890757,0.25210084033613445,0.42016806722689076,0.3697478991596639,0.3298649432149833,0.5966386554621849,0.025210084033613467,41,0.6341463414634146,78,0.6153846153846154,0.6470588235294118
confirmation,brain1,low,high,29143,30143,702,3,0.5294117647058824,0.5742574257425742,0.20168067226890757,0.16806722689075632,0.3277310924369748,0.36134453781512604,0.14312472669324827,0.5378151260504201,-0.008403361344537785,41,0.5365853658536586,78,0.5256410256410257,0.6470588235294118
confirmation,brain1,low,high,29143,30143,702,4,0.453781512605042,0.6039603960396039,0.20168067226890757,0.20168067226890757,0.25210084033613445,0.25210084033613445,0.11641328691746178,0.46218487394957986,-0.00840336134453784,42,0.38095238095238093,77,0.4935064935064935,0.6470588235294118
confirmation,brain1,low,high,29143,30143,702,5,0.4369747899159664,0.6188118811881188,0.19327731092436976,0.226890756302521,0.24369747899159663,0.21008403361344538,0.07674272036844954,0.4957983193277311,-0.05882352941176472,43,0.46511627906976744,76,0.42105263157894735,0.6470588235294118
confirmation,brain1,low,high,29143,30143,702,8,0.24369747899159663,0.5346534653465347,0.19327731092436976,0.25210084033613445,0.05042016806722688,-0.008403361344537813,-0.12361368080028168,0.23529411764705882,0.008403361344537813,42,0.23809523809523808,77,0.24675324675324675,0.6470588235294118
confirmation,brain1,low,high,29143,30143,702,-1,0.16806722689075632,0.4504950495049505,0.19327731092436976,0.2184873949579832,-0.02521008403361344,-0.05042016806722688,-0.4276024474482756,0.17647058823529413,-0.008403361344537813,42,0.14285714285714285,77,0.18181818181818182,0.6470588235294118
confirmation,brain1,high,low,29143,30143,702,0,1.0,1.0,0.21008403361344538,0.21008403361344538,0.7899159663865546,0.7899159663865546,0.8741919999691998,1.0,0.0,42,1.0,77,1.0,0.6470588235294118
confirmation,brain1,high,low,29143,30143,702,1,0.8319327731092437,0.900990099009901,0.2184873949579832,0.17647058823529413,0.6134453781512605,0.6554621848739496,0.47441600504435744,0.8151260504201681,0.01680672268907568,42,0.8095238095238095,77,0.8441558441558441,0.6470588235294118
confirmation,brain1,high,low,29143,30143,702,2,0.5714285714285714,0.7178217821782178,0.19327731092436976,0.2184873949579832,0.37815126050420167,0.3529411764705882,0.20802424282210052,0.5462184873949579,0.025210084033613467,41,0.5609756097560976,78,0.5769230769230769,0.6470588235294118
confirmation,brain1,high,low,29143,30143,702,3,0.47058823529411764,0.6534653465346535,0.18487394957983194,0.15966386554621848,0.2857142857142857,0.31092436974789917,0.17387788078050737,0.47058823529411764,0.0,41,0.43902439024390244,78,0.48717948717948717,0.6470588235294118
confirmation,brain1,high,low,29143,30143,702,4,0.46218487394957986,0.5841584158415841,0.18487394957983194,0.14285714285714285,0.2773109243697479,0.319327731092437,0.043185485465148665,0.42857142857142855,0.03361344537815131,42,0.47619047619047616,77,0.45454545454545453,0.6470588235294118
confirmation,brain1,high,low,29143,30143,702,5,0.4789915966386555,0.6435643564356436,0.17647058823529413,0.16806722689075632,0.3025210084033614,0.31092436974789917,0.11590230839981353,0.3949579831932773,0.08403361344537819,43,0.3953488372093023,76,0.5263157894736842,0.6470588235294118
confirmation,brain1,high,low,29143,30143,702,8,0.29411764705882354,0.5,0.17647058823529413,0.18487394957983194,0.11764705882352941,0.1092436974789916,-0.048685070372668005,0.31092436974789917,-0.016806722689075626,42,0.3333333333333333,77,0.2727272727272727,0.6470588235294118
confirmation,brain1,high,low,29143,30143,702,-1,0.16806722689075632,0.5396039603960396,0.21008403361344538,0.2773109243697479,-0.042016806722689065,-0.1092436974789916,-0.6063867470255468,0.20168067226890757,-0.03361344537815125,42,0.14285714285714285,77,0.18181818181818182,0.6470588235294118
confirmation,brain1,low,high,29144,30144,702,0,1.0,1.0,0.18487394957983194,0.12605042016806722,0.8151260504201681,0.8739495798319328,0.8946698414124973,0.9915966386554622,0.008403361344537785,48,1.0,71,1.0,0.5966386554621849
confirmation,brain1,low,high,29144,30144,702,1,0.8907563025210085,0.9455445544554455,0.18487394957983194,0.20168067226890757,0.7058823529411765,0.6890756302521008,0.5191826492684648,0.8991596638655462,-0.008403361344537785,48,0.8333333333333334,71,0.9295774647887324,0.5966386554621849
confirmation,brain1,low,high,29144,30144,702,2,0.7310924369747899,0.7673267326732673,0.19327731092436976,0.19327731092436976,0.5378151260504201,0.5378151260504201,0.3734252870910205,0.7142857142857143,0.01680672268907557,49,0.7755102040816326,70,0.7,0.5966386554621849
confirmation,brain1,low,high,29144,30144,702,3,0.6134453781512605,0.7376237623762376,0.20168067226890757,0.15126050420168066,0.411764705882353,0.46218487394957986,0.16606707959691225,0.6302521008403361,-0.01680672268907557,49,0.5714285714285714,70,0.6428571428571429,0.5966386554621849
confirmation,brain1,low,high,29144,30144,702,4,0.4789915966386555,0.6485148514851485,0.18487394957983194,0.20168067226890757,0.29411764705882354,0.2773109243697479,0.0686111896905206,0.5126050420168067,-0.0336134453781512,49,0.42857142857142855,70,0.5142857142857142,0.5966386554621849
confirmation,brain1,low,high,29144,30144,702,5,0.5126050420168067,0.6089108910891089,0.18487394957983194,0.20168067226890757,0.32773109243697474,0.3109243697478991,0.026242333025298104,0.48739495798319327,0.02521008403361341,48,0.5416666666666666,71,0.49295774647887325,0.5966386554621849
confirmation,brain1,low,high,29144,30144,702,8,0.3025210084033613,0.6386138613861386,0.25210084033613445,0.19327731092436976,0.05042016806722688,0.10924369747899157,-0.22967314674088013,0.31932773109243695,-0.016806722689075626,45,0.2222222222222222,74,0.35135135135135137,0.5966386554621849
confirmation,brain1,low,high,29144,30144,702,-1,0.2689075630252101,0.5495049504950495,0.18487394957983194,0.21008403361344538,0.08403361344537813,0.05882352941176469,-0.35180887644854786,0.33613445378151263,-0.06722689075630256,49,0.2653061224489796,70,0.2714285714285714,0.5966386554621849
confirmation,brain1,high,low,29144,30144,702,0,0.9915966386554622,1.0,0.19327731092436976,0.2689075630252101,0.7983193277310925,0.7226890756302522,0.86920856227596,1.0,-0.008403361344537785,48,0.9791666666666666,71,1.0,0.5966386554621849
confirmation,brain1,high,low,29144,30144,702,1,0.907563025210084,0.9603960396039604,0.19327731092436976,0.25210084033613445,0.7142857142857143,0.6554621848739496,0.45479610963252914,0.8907563025210085,0.01680672268907557,48,0.8541666666666666,71,0.9436619718309859,0.5966386554621849
confirmation,brain1,high,low,29144,30144,702,2,0.7310924369747899,0.7425742574257426,0.25210084033613445,0.21008403361344538,0.4789915966386554,0.5210084033613445,0.40504609245065903,0.6554621848739496,0.07563025210084029,49,0.6938775510204082,70,0.7571428571428571,0.5966386554621849
confirmation,brain1,high,low,29144,30144,702,3,0.6134453781512605,0.7079207920792079,0.2605042016806723,0.3025210084033613,0.35294117647058826,0.3109243697478992,0.1531485210069461,0.5714285714285714,0.04201680672268915,49,0.5714285714285714,70,0.6428571428571429,0.5966386554621849
confirmation,brain1,high,low,29144,30144,702,4,0.5042016806722689,0.6138613861386139,0.2605042016806723,0.36134453781512604,0.2436974789915966,0.14285714285714285,0.1158056765935046,0.46218487394957986,0.04201680672268904,49,0.5102040816326531,70,0.5,0.5966386554621849
confirmation,brain1,high,low,29144,30144,702,5,0.47058823529411764,0.6534653465346535,0.2605042016806723,0.2857142857142857,0.21008403361344535,0.18487394957983194,0.05597205870896016,0.44537815126050423,0.02521008403361341,48,0.4375,71,0.49295774647887325,0.5966386554621849
confirmation,brain1,high,low,29144,30144,702,8,0.3949579831932773,0.5346534653465347,0.2184873949579832,0.36134453781512604,0.1764705882352941,0.03361344537815125,-0.05372577390038513,0.2857142857142857,0.1092436974789916,45,0.4,74,0.3918918918918919,0.5966386554621849
confirmation,brain1,high,low,29144,30144,702,-1,0.25210084033613445,0.5445544554455446,0.24369747899159663,0.25210084033613445,0.008403361344537813,0.0,-0.35094371418199644,0.21008403361344538,0.042016806722689065,49,0.2857142857142857,70,0.22857142857142856,0.5966386554621849
confirmation,legacy5,low,high,29142,30142,701,0,1.0,1.0,0.18487394957983194,0.2689075630252101,0.8151260504201681,0.73109243697479,0.9855536765454707,1.0,0.0,52,1.0,67,1.0,0.5630252100840336
confirmation,legacy5,low,high,29142,30142,701,1,1.0,1.0,0.19327731092436976,0.23529411764705882,0.8067226890756303,0.7647058823529411,0.8780163236084872,1.0,0.0,52,1.0,67,1.0,0.5630252100840336
confirmation,legacy5,low,high,29142,30142,701,2,0.8151260504201681,0.9108910891089109,0.19327731092436976,0.31092436974789917,0.6218487394957983,0.5042016806722689,0.5614318535197862,0.8151260504201681,0.0,51,0.7843137254901961,68,0.8382352941176471,0.5630252100840336
confirmation,legacy5,low,high,29142,30142,701,3,0.6890756302521008,0.7920792079207921,0.20168067226890757,0.31092436974789917,0.48739495798319327,0.37815126050420167,0.40444684029787736,0.6974789915966386,-0.008403361344537785,51,0.6666666666666666,68,0.7058823529411765,0.5630252100840336
confirmation,legacy5,low,high,29142,30142,701,4,0.5882352941176471,0.7673267326732673,0.21008403361344538,0.2857142857142857,0.37815126050420167,0.3025210084033614,0.3080368045414067,0.6470588235294118,-0.05882352941176472,50,0.6,69,0.5797101449275363,0.5630252100840336
confirmation,legacy5,low,high,29142,30142,701,5,0.5210084033613446,0.7029702970297029,0.2184873949579832,0.23529411764705882,0.3025210084033614,0.28571428571428575,0.20663693569446417,0.6134453781512605,-0.09243697478991597,50,0.54,69,0.5072463768115942,0.5630252100840336
confirmation,legacy5,low,high,29142,30142,701,8,0.42016806722689076,0.6782178217821783,0.2184873949579832,0.21008403361344538,0.20168067226890757,0.21008403361344538,0.0945055489625708,0.5546218487394958,-0.13445378151260506,50,0.38,69,0.4492753623188406,0.5630252100840336
confirmation,legacy5,low,high,29142,30142,701,-1,0.3025210084033613,0.6237623762376238,0.16806722689075632,0.2857142857142857,0.134453781512605,0.016806722689075626,-0.1822523075828657,0.29411764705882354,0.008403361344537785,52,0.28846153846153844,67,0.31343283582089554,0.5630252100840336
confirmation,legacy5,high,low,29142,30142,701,0,1.0,1.0,0.18487394957983194,0.07563025210084033,0.8151260504201681,0.9243697478991597,0.9900884328744793,1.0,0.0,52,1.0,67,1.0,0.5630252100840336
confirmation,legacy5,high,low,29142,30142,701,1,1.0,1.0,0.21008403361344538,0.12605042016806722,0.7899159663865546,0.8739495798319328,0.904086451867703,1.0,0.0,52,1.0,67,1.0,0.5630252100840336
confirmation,legacy5,high,low,29142,30142,701,2,0.8487394957983193,0.9108910891089109,0.19327731092436976,0.14285714285714285,0.6554621848739496,0.7058823529411764,0.6040336042015517,0.8319327731092437,0.01680672268907557,51,0.8627450980392157,68,0.8382352941176471,0.5630252100840336
confirmation,legacy5,high,low,29142,30142,701,3,0.6722689075630253,0.7821782178217822,0.2184873949579832,0.1092436974789916,0.45378151260504207,0.5630252100840336,0.45311820393466995,0.6890756302521008,-0.01680672268907557,51,0.6666666666666666,68,0.6764705882352942,0.5630252100840336
confirmation,legacy5,high,low,29142,30142,701,4,0.6218487394957983,0.7326732673267327,0.21008403361344538,0.13445378151260504,0.4117647058823529,0.4873949579831933,0.35092294593848816,0.6302521008403361,-0.008403361344537785,50,0.7,69,0.5652173913043478,0.5630252100840336
confirmation,legacy5,high,low,29142,30142,701,5,0.5798319327731093,0.6831683168316832,0.24369747899159663,0.18487394957983194,0.33613445378151263,0.39495798319327735,0.3116205022646139,0.5462184873949579,0.03361344537815136,50,0.68,69,0.5072463768115942,0.5630252100840336
confirmation,legacy5,high,low,29142,30142,701,8,0.42857142857142855,0.6534653465346535,0.2184873949579832,0.17647058823529413,0.21008403361344535,0.25210084033613445,0.07711397413467502,0.40336134453781514,0.02521008403361341,50,0.42,69,0.43478260869565216,0.5630252100840336
confirmation,legacy5,high,low,29142,30142,701,-1,0.2689075630252101,0.5198019801980198,0.14285714285714285,0.21008403361344538,0.12605042016806722,0.05882352941176469,-0.2331809427080711,0.226890756302521,0.042016806722689065,52,0.25,67,0.2835820895522388,0.5630252100840336
confirmation,legacy5,low,high,29143,30143,701,0,1.0,1.0,0.17647058823529413,0.226890756302521,0.8235294117647058,0.773109243697479,0.9701220007170348,1.0,0.0,42,1.0,77,1.0,0.6470588235294118
confirmation,legacy5,low,high,29143,30143,701,1,1.0,0.995049504950495,0.18487394957983194,0.2773109243697479,0.8151260504201681,0.7226890756302521,0.8303818265271283,0.9915966386554622,0.008403361344537785,42,1.0,77,1.0,0.6470588235294118
confirmation,legacy5,low,high,29143,30143,701,2,0.8319327731092437,0.8861386138613861,0.20168067226890757,0.2184873949579832,0.6302521008403361,0.6134453781512605,0.520145550461892,0.8235294117647058,0.008403361344537896,41,0.8292682926829268,78,0.8333333333333334,0.6470588235294118
confirmation,legacy5,low,high,29143,30143,701,3,0.6974789915966386,0.6881188118811881,0.20168067226890757,0.18487394957983194,0.49579831932773105,0.5126050420168067,0.3859620630847903,0.6218487394957983,0.07563025210084029,41,0.7804878048780488,78,0.6538461538461539,0.6470588235294118
confirmation,legacy5,low,high,29143,30143,701,4,0.5462184873949579,0.7029702970297029,0.20168067226890757,0.15126050420168066,0.34453781512605036,0.39495798319327724,0.2587151639180808,0.5882352941176471,-0.04201680672268915,42,0.5476190476190477,77,0.5454545454545454,0.6470588235294118
confirmation,legacy5,low,high,29143,30143,701,5,0.48739495798319327,0.7178217821782178,0.19327731092436976,0.21008403361344538,0.2941176470588235,0.2773109243697479,0.16934243241140057,0.5462184873949579,-0.05882352941176466,43,0.4186046511627907,76,0.5263157894736842,0.6470588235294118
confirmation,legacy5,low,high,29143,30143,701,8,0.31092436974789917,0.5841584158415841,0.19327731092436976,0.23529411764705882,0.11764705882352941,0.07563025210084034,-0.04732711827305214,0.3277310924369748,-0.016806722689075626,42,0.30952380952380953,77,0.3116883116883117,0.6470588235294118
confirmation,legacy5,low,high,29143,30143,701,-1,0.14285714285714285,0.46534653465346537,0.19327731092436976,0.20168067226890757,-0.050420168067226906,-0.05882352941176472,-0.34804854134088625,0.15966386554621848,-0.016806722689075626,42,0.14285714285714285,77,0.14285714285714285,0.6470588235294118
confirmation,legacy5,high,low,29143,30143,701,0,1.0,1.0,0.21008403361344538,0.15126050420168066,0.7899159663865546,0.8487394957983193,0.9726047670076081,1.0,0.0,42,1.0,77,1.0,0.6470588235294118
confirmation,legacy5,high,low,29143,30143,701,1,0.9915966386554622,1.0,0.2184873949579832,0.13445378151260504,0.773109243697479,0.8571428571428572,0.8393068213757012,1.0,-0.008403361344537785,42,0.9761904761904762,77,1.0,0.6470588235294118
confirmation,legacy5,high,low,29143,30143,701,2,0.7899159663865546,0.8712871287128713,0.19327731092436976,0.20168067226890757,0.5966386554621849,0.588235294117647,0.505343928838057,0.7563025210084033,0.03361344537815125,41,0.8048780487804879,78,0.782051282051282,0.6470588235294118
confirmation,legacy5,high,low,29143,30143,701,3,0.6218487394957983,0.801980198019802,0.18487394957983194,0.15126050420168066,0.4369747899159664,0.47058823529411764,0.37219094303499023,0.6470588235294118,-0.025210084033613467,41,0.5853658536585366,78,0.6410256410256411,0.6470588235294118
confirmation,legacy5,high,low,29143,30143,701,4,0.5378151260504201,0.6485148514851485,0.18487394957983194,0.13445378151260504,0.3529411764705882,0.40336134453781514,0.2520745783005002,0.4369747899159664,0.10084033613445376,42,0.5476190476190477,77,0.5324675324675324,0.6470588235294118
confirmation,legacy5,high,low,29143,30143,701,5,0.5630252100840336,0.6782178217821783,0.17647058823529413,0.16806722689075632,0.38655462184873945,0.3949579831932773,0.2185961558782219,0.42016806722689076,0.14285714285714285,43,0.6046511627906976,76,0.5394736842105263,0.6470588235294118
confirmation,legacy5,high,low,29143,30143,701,8,0.37815126050420167,0.5891089108910891,0.17647058823529413,0.19327731092436976,0.20168067226890754,0.18487394957983191,0.018715192660688662,0.40336134453781514,-0.025210084033613467,42,0.30952380952380953,77,0.4155844155844156,0.6470588235294118
confirmation,legacy5,high,low,29143,30143,701,-1,0.19327731092436976,0.5297029702970297,0.21008403361344538,0.2773109243697479,-0.016806722689075626,-0.08403361344537816,-0.3684456958878237,0.17647058823529413,0.016806722689075626,42,0.14285714285714285,77,0.22077922077922077,0.6470588235294118
confirmation,legacy5,low,high,29144,30144,701,0,1.0,1.0,0.18487394957983194,0.18487394957983194,0.8151260504201681,0.8151260504201681,0.9878794435259208,1.0,0.0,48,1.0,71,1.0,0.5966386554621849
confirmation,legacy5,low,high,29144,30144,701,1,1.0,1.0,0.18487394957983194,0.19327731092436976,0.8151260504201681,0.8067226890756303,0.8615343035792794,1.0,0.0,48,1.0,71,1.0,0.5966386554621849
confirmation,legacy5,low,high,29144,30144,701,2,0.8151260504201681,0.8465346534653465,0.19327731092436976,0.16806722689075632,0.6218487394957983,0.6470588235294117,0.5327986644139955,0.7815126050420168,0.03361344537815125,49,0.8775510204081632,70,0.7714285714285715,0.5966386554621849
confirmation,legacy5,low,high,29144,30144,701,3,0.7142857142857143,0.8118811881188119,0.20168067226890757,0.18487394957983194,0.5126050420168067,0.5294117647058824,0.45983444752948,0.7563025210084033,-0.04201680672268904,49,0.7346938775510204,70,0.7,0.5966386554621849
confirmation,legacy5,low,high,29144,30144,701,4,0.6050420168067226,0.7376237623762376,0.18487394957983194,0.19327731092436976,0.4201680672268907,0.4117647058823529,0.3189677065016365,0.5630252100840336,0.04201680672268904,49,0.5714285714285714,70,0.6285714285714286,0.5966386554621849
confirmation,legacy5,low,high,29144,30144,701,5,0.5210084033613446,0.7128712871287128,0.18487394957983194,0.2605042016806723,0.33613445378151263,0.2605042016806723,0.20613905445579517,0.5042016806722689,0.01680672268907568,48,0.5,71,0.5352112676056338,0.5966386554621849
confirmation,legacy5,low,high,29144,30144,701,8,0.3865546218487395,0.6732673267326733,0.25210084033613445,0.23529411764705882,0.13445378151260506,0.1512605042016807,-0.08403053816364903,0.3865546218487395,0.0,45,0.3111111111111111,74,0.43243243243243246,0.5966386554621849
confirmation,legacy5,low,high,29144,30144,701,-1,0.24369747899159663,0.5841584158415841,0.18487394957983194,0.15966386554621848,0.05882352941176469,0.08403361344537816,-0.3076168737065914,0.3025210084033613,-0.05882352941176469,49,0.2653061224489796,70,0.22857142857142856,0.5966386554621849
confirmation,legacy5,high,low,29144,30144,701,0,1.0,1.0,0.19327731092436976,0.2605042016806723,0.8067226890756303,0.7394957983193278,0.9869420755479396,1.0,0.0,48,1.0,71,1.0,0.5966386554621849
confirmation,legacy5,high,low,29144,30144,701,1,1.0,1.0,0.19327731092436976,0.2605042016806723,0.8067226890756303,0.7394957983193278,0.8557068304202642,1.0,0.0,48,1.0,71,1.0,0.5966386554621849
confirmation,legacy5,high,low,29144,30144,701,2,0.7983193277310925,0.8811881188118812,0.25210084033613445,0.2605042016806723,0.546218487394958,0.5378151260504203,0.520425392479087,0.8235294117647058,-0.025210084033613356,49,0.7346938775510204,70,0.8428571428571429,0.5966386554621849
confirmation,legacy5,high,low,29144,30144,701,3,0.7226890756302521,0.8118811881188119,0.2605042016806723,0.29411764705882354,0.4621848739495798,0.42857142857142855,0.4581345138424604,0.7647058823529411,-0.04201680672268904,49,0.6530612244897959,70,0.7714285714285715,0.5966386554621849
confirmation,legacy5,high,low,29144,30144,701,4,0.5966386554621849,0.7079207920792079,0.2605042016806723,0.33613445378151263,0.3361344537815126,0.26050420168067223,0.28930809976439165,0.5714285714285714,0.025210084033613467,49,0.6122448979591837,70,0.5857142857142857,0.5966386554621849
confirmation,legacy5,high,low,29144,30144,701,5,0.4957983193277311,0.7128712871287128,0.2605042016806723,0.3277310924369748,0.23529411764705882,0.16806722689075632,0.19390736075701354,0.5042016806722689,-0.008403361344537785,48,0.4583333333333333,71,0.5211267605633803,0.5966386554621849
confirmation,legacy5,high,low,29144,30144,701,8,0.3949579831932773,0.6089108910891089,0.2184873949579832,0.31932773109243695,0.1764705882352941,0.07563025210084034,0.05414564931806942,0.36134453781512604,0.03361344537815125,45,0.3333333333333333,74,0.43243243243243246,0.5966386554621849
confirmation,legacy5,high,low,29144,30144,701,-1,0.24369747899159663,0.5693069306930693,0.24369747899159663,0.25210084033613445,0.0,-0.008403361344537813,-0.3126182823431154,0.21008403361344538,0.03361344537815125,49,0.22448979591836735,70,0.2571428571428571,0.5966386554621849
confirmation,legacy5,low,high,29142,30142,702,0,1.0,1.0,0.18487394957983194,0.2857142857142857,0.8151260504201681,0.7142857142857143,0.9842947929713802,1.0,0.0,52,1.0,67,1.0,0.5630252100840336
confirmation,legacy5,low,high,29142,30142,702,1,1.0,1.0,0.19327731092436976,0.2184873949579832,0.8067226890756303,0.7815126050420168,0.8919440058782147,1.0,0.0,52,1.0,67,1.0,0.5630252100840336
confirmation,legacy5,low,high,29142,30142,702,2,0.7647058823529411,0.9306930693069307,0.19327731092436976,0.3277310924369748,0.5714285714285714,0.43697478991596633,0.5426064992408764,0.8319327731092437,-0.06722689075630262,51,0.7647058823529411,68,0.7647058823529411,0.5630252100840336
confirmation,legacy5,low,high,29142,30142,702,3,0.7058823529411765,0.806930693069307,0.20168067226890757,0.3025210084033613,0.5042016806722689,0.4033613445378152,0.41875476821278734,0.7142857142857143,-0.008403361344537785,51,0.7058823529411765,68,0.7058823529411765,0.5630252100840336
confirmation,legacy5,low,high,29142,30142,702,4,0.6386554621848739,0.7227722772277227,0.21008403361344538,0.29411764705882354,0.4285714285714285,0.34453781512605036,0.2697816621258212,0.5798319327731093,0.05882352941176461,50,0.6,69,0.6666666666666666,0.5630252100840336
confirmation,legacy5,low,high,29142,30142,702,5,0.5378151260504201,0.7178217821782178,0.2184873949579832,0.2773109243697479,0.31932773109243695,0.26050420168067223,0.21868785330277019,0.6050420168067226,-0.0672268907563025,50,0.54,69,0.5362318840579711,0.5630252100840336
confirmation,legacy5,low,high,29142,30142,702,8,0.4369747899159664,0.6386138613861386,0.2184873949579832,0.24369747899159663,0.2184873949579832,0.19327731092436976,0.04788821929097842,0.48739495798319327,-0.05042016806722688,50,0.36,69,0.4927536231884058,0.5630252100840336
confirmation,legacy5,low,high,29142,30142,702,-1,0.2773109243697479,0.6039603960396039,0.16806722689075632,0.2605042016806723,0.1092436974789916,0.016806722689075626,-0.1503742554051506,0.25210084033613445,0.025210084033613467,52,0.28846153846153844,67,0.26865671641791045,0.5630252100840336
confirmation,legacy5,high,low,29142,30142,702,0,1.0,1.0,0.18487394957983194,0.06722689075630252,0.8151260504201681,0.9327731092436975,0.9844011254872863,1.0,0.0,52,1.0,67,1.0,0.5630252100840336
confirmation,legacy5,high,low,29142,30142,702,1,1.0,1.0,0.21008403361344538,0.15966386554621848,0.7899159663865546,0.8403361344537815,0.9058839507411235,1.0,0.0,52,1.0,67,1.0,0.5630252100840336
confirmation,legacy5,high,low,29142,30142,702,2,0.8403361344537815,0.8564356435643564,0.19327731092436976,0.15966386554621848,0.6470588235294118,0.680672268907563,0.6064795159984757,0.7394957983193278,0.10084033613445376,51,0.8823529411764706,68,0.8088235294117647,0.5630252100840336
confirmation,legacy5,high,low,29142,30142,702,3,0.7058823529411765,0.7871287128712872,0.2184873949579832,0.13445378151260504,0.4873949579831933,0.5714285714285715,0.4680789489454782,0.6722689075630253,0.03361344537815125,51,0.7254901960784313,68,0.6911764705882353,0.5630252100840336
confirmation,legacy5,high,low,29142,30142,702,4,0.6218487394957983,0.698019801980198,0.21008403361344538,0.16806722689075632,0.4117647058823529,0.453781512605042,0.352385585795459,0.5882352941176471,0.03361344537815125,50,0.72,69,0.5507246376811594,0.5630252100840336
confirmation,legacy5,high,low,29142,30142,702,5,0.5462184873949579,0.6732673267326733,0.24369747899159663,0.2184873949579832,0.30252100840336127,0.32773109243697474,0.2763705553208444,0.5630252100840336,-0.01680672268907568,50,0.62,69,0.4927536231884058,0.5630252100840336
confirmation,legacy5,high,low,29142,30142,702,8,0.47058823529411764,0.6633663366336634,0.2184873949579832,0.19327731092436976,0.25210084033613445,0.2773109243697479,0.08087516381457849,0.3865546218487395,0.08403361344537813,50,0.48,69,0.463768115942029,0.5630252100840336
confirmation,legacy5,high,low,29142,30142,702,-1,0.2605042016806723,0.4900990099009901,0.14285714285714285,0.17647058823529413,0.11764705882352944,0.08403361344537816,-0.20976613058170712,0.21008403361344538,0.050420168067226906,52,0.2692307692307692,67,0.2537313432835821,0.5630252100840336
confirmation,legacy5,low,high,29143,30143,702,0,1.0,1.0,0.17647058823529413,0.2184873949579832,0.8235294117647058,0.7815126050420168,0.9836642803156981,1.0,0.0,42,1.0,77,1.0,0.6470588235294118
confirmation,legacy5,low,high,29143,30143,702,1,1.0,1.0,0.18487394957983194,0.21008403361344538,0.8151260504201681,0.7899159663865546,0.8467417396549968,1.0,0.0,42,1.0,77,1.0,0.6470588235294118
confirmation,legacy5,low,high,29143,30143,702,2,0.7899159663865546,0.8960396039603961,0.20168067226890757,0.226890756302521,0.588235294117647,0.5630252100840336,0.5187345723691863,0.8235294117647058,-0.03361344537815125,41,0.7560975609756098,78,0.8076923076923077,0.6470588235294118
confirmation,legacy5,low,high,29143,30143,702,3,0.7058823529411765,0.7128712871287128,0.20168067226890757,0.17647058823529413,0.5042016806722689,0.5294117647058824,0.4000162502329937,0.6890756302521008,0.01680672268907568,41,0.7317073170731707,78,0.6923076923076923,0.6470588235294118
confirmation,legacy5,low,high,29143,30143,702,4,0.5714285714285714,0.7277227722772277,0.20168067226890757,0.14285714285714285,0.36974789915966383,0.42857142857142855,0.2708979253730899,0.6302521008403361,-0.05882352941176472,42,0.5238095238095238,77,0.5974025974025974,0.6470588235294118
confirmation,legacy5,low,high,29143,30143,702,5,0.5546218487394958,0.7326732673267327,0.19327731092436976,0.19327731092436976,0.3613445378151261,0.3613445378151261,0.17014502636028173,0.5462184873949579,0.008403361344537896,43,0.4883720930232558,76,0.5921052631578947,0.6470588235294118
confirmation,legacy5,low,high,29143,30143,702,8,0.3025210084033613,0.5594059405940595,0.19327731092436976,0.24369747899159663,0.10924369747899157,0.05882352941176469,-0.06263047066384497,0.29411764705882354,0.008403361344537785,42,0.2857142857142857,77,0.3116883116883117,0.6470588235294118
confirmation,legacy5,low,high,29143,30143,702,-1,0.13445378151260504,0.504950495049505,0.19327731092436976,0.24369747899159663,-0.05882352941176472,-0.1092436974789916,-0.3992107825802418,0.17647058823529413,-0.04201680672268909,42,0.11904761904761904,77,0.14285714285714285,0.6470588235294118
confirmation,legacy5,high,low,29143,30143,702,0,1.0,1.0,0.21008403361344538,0.17647058823529413,0.7899159663865546,0.8235294117647058,0.9826655157590637,1.0,0.0,42,1.0,77,1.0,0.6470588235294118
confirmation,legacy5,high,low,29143,30143,702,1,1.0,1.0,0.2184873949579832,0.18487394957983194,0.7815126050420168,0.8151260504201681,0.8386282839841346,1.0,0.0,42,1.0,77,1.0,0.6470588235294118
confirmation,legacy5,high,low,29143,30143,702,2,0.7478991596638656,0.8910891089108911,0.19327731092436976,0.15966386554621848,0.5546218487394958,0.5882352941176471,0.5213346928058619,0.8319327731092437,-0.08403361344537819,41,0.6829268292682927,78,0.782051282051282,0.6470588235294118
confirmation,legacy5,high,low,29143,30143,702,3,0.6218487394957983,0.806930693069307,0.18487394957983194,0.13445378151260504,0.4369747899159664,0.4873949579831933,0.3711054005322907,0.680672268907563,-0.05882352941176472,41,0.5853658536585366,78,0.6410256410256411,0.6470588235294118
confirmation,legacy5,high,low,29143,30143,702,4,0.5546218487394958,0.7524752475247525,0.18487394957983194,0.11764705882352941,0.3697478991596639,0.4369747899159664,0.28770212428531217,0.5210084033613446,0.03361344537815125,42,0.5476190476190477,77,0.5584415584415584,0.6470588235294118
confirmation,legacy5,high,low,29143,30143,702,5,0.5462184873949579,0.7128712871287128,0.17647058823529413,0.15966386554621848,0.3697478991596638,0.38655462184873945,0.25814441880692707,0.42857142857142855,0.11764705882352938,43,0.5116279069767442,76,0.5657894736842105,0.6470588235294118
confirmation,legacy5,high,low,29143,30143,702,8,0.42016806722689076,0.5841584158415841,0.17647058823529413,0.2184873949579832,0.24369747899159663,0.20168067226890757,0.05413025547981365,0.4369747899159664,-0.016806722689075626,42,0.35714285714285715,77,0.45454545454545453,0.6470588235294118
confirmation,legacy5,high,low,29143,30143,702,-1,0.17647058823529413,0.5396039603960396,0.21008403361344538,0.2857142857142857,-0.03361344537815125,-0.10924369747899157,-0.3672475081912532,0.20168067226890757,-0.02521008403361344,42,0.16666666666666666,77,0.18181818181818182,0.6470588235294118
confirmation,legacy5,low,high,29144,30144,702,0,1.0,1.0,0.18487394957983194,0.15966386554621848,0.8151260504201681,0.8403361344537815,0.9904952771928384,1.0,0.0,48,1.0,71,1.0,0.5966386554621849
confirmation,legacy5,low,high,29144,30144,702,1,1.0,1.0,0.18487394957983194,0.226890756302521,0.8151260504201681,0.773109243697479,0.8952788875234367,1.0,0.0,48,1.0,71,1.0,0.5966386554621849
confirmation,legacy5,low,high,29144,30144,702,2,0.8571428571428571,0.9207920792079208,0.19327731092436976,0.19327731092436976,0.6638655462184874,0.6638655462184874,0.6044209756519054,0.8151260504201681,0.04201680672268904,49,0.9183673469387755,70,0.8142857142857143,0.5966386554621849
confirmation,legacy5,low,high,29144,30144,702,3,0.7310924369747899,0.806930693069307,0.20168067226890757,0.14285714285714285,0.5294117647058822,0.588235294117647,0.4506421000156172,0.7226890756302521,0.008403361344537785,49,0.7346938775510204,70,0.7285714285714285,0.5966386554621849
confirmation,legacy5,low,high,29144,30144,702,4,0.5966386554621849,0.7425742574257426,0.18487394957983194,0.19327731092436976,0.4117647058823529,0.40336134453781514,0.3362660311198883,0.6134453781512605,-0.01680672268907568,49,0.5510204081632653,70,0.6285714285714286,0.5966386554621849
confirmation,legacy5,low,high,29144,30144,702,5,0.5126050420168067,0.7128712871287128,0.18487394957983194,0.24369747899159663,0.32773109243697474,0.26890756302521,0.2515381226892409,0.5294117647058824,-0.01680672268907568,48,0.5,71,0.5211267605633803,0.5966386554621849
confirmation,legacy5,low,high,29144,30144,702,8,0.33613445378151263,0.6732673267326733,0.25210084033613445,0.2184873949579832,0.08403361344537819,0.11764705882352944,-0.1262905459534982,0.35294117647058826,-0.016806722689075626,45,0.26666666666666666,74,0.3783783783783784,0.5966386554621849
confirmation,legacy5,low,high,29144,30144,702,-1,0.24369747899159663,0.6089108910891089,0.18487394957983194,0.12605042016806722,0.05882352941176469,0.11764705882352941,-0.37255528162808416,0.3277310924369748,-0.08403361344537816,49,0.22448979591836735,70,0.2571428571428571,0.5966386554621849
confirmation,legacy5,high,low,29144,30144,702,0,1.0,1.0,0.19327731092436976,0.2689075630252101,0.8067226890756303,0.73109243697479,0.9905689410582106,1.0,0.0,48,1.0,71,1.0,0.5966386554621849
confirmation,legacy5,high,low,29144,30144,702,1,1.0,1.0,0.19327731092436976,0.23529411764705882,0.8067226890756303,0.7647058823529411,0.8894025667294057,1.0,0.0,48,1.0,71,1.0,0.5966386554621849
confirmation,legacy5,high,low,29144,30144,702,2,0.865546218487395,0.900990099009901,0.25210084033613445,0.31092436974789917,0.6134453781512605,0.5546218487394958,0.5916157888350118,0.8739495798319328,-0.008403361344537785,49,0.8367346938775511,70,0.8857142857142857,0.5966386554621849
confirmation,legacy5,high,low,29144,30144,702,3,0.7142857142857143,0.8118811881188119,0.2605042016806723,0.31092436974789917,0.453781512605042,0.40336134453781514,0.4513723230907589,0.7647058823529411,-0.05042016806722682,49,0.673469387755102,70,0.7428571428571429,0.5966386554621849
confirmation,legacy5,high,low,29144,30144,702,4,0.6218487394957983,0.698019801980198,0.2605042016806723,0.3697478991596639,0.36134453781512604,0.25210084033613445,0.3233119463309698,0.5966386554621849,0.025210084033613467,49,0.6938775510204082,70,0.5714285714285714,0.5966386554621849
confirmation,legacy5,high,low,29144,30144,702,5,0.5294117647058824,0.7326732673267327,0.2605042016806723,0.31092436974789917,0.2689075630252101,0.2184873949579832,0.21782222109203675,0.5126050420168067,0.01680672268907568,48,0.5208333333333334,71,0.5352112676056338,0.5966386554621849
confirmation,legacy5,high,low,29144,30144,702,8,0.4117647058823529,0.599009900990099,0.2184873949579832,0.31932773109243695,0.19327731092436973,0.09243697478991597,0.03516472667351167,0.3697478991596639,0.04201680672268904,45,0.3333333333333333,74,0.4594594594594595,0.5966386554621849
confirmation,legacy5,high,low,29144,30144,702,-1,0.19327731092436976,0.5891089108910891,0.24369747899159663,0.17647058823529413,-0.05042016806722688,0.016806722689075626,-0.29839272124562854,0.16806722689075632,0.02521008403361344,49,0.1836734693877551,70,0.2,0.5966386554621849
