circuit,seed,normalization,model,reward_delay,direction,alpha,view,event_index,pi_memory_score,train_accuracy,weight_sha256,readout_sha256,relative_plastic_change,max_budget_error
flywire_783_mb_left_kc512_s701,542,spectral,fly,0,reward_trace,0.0,fixed,0,5,0.3768844221105528,dc57b2536a1697e2695991689f43c3164be70f324fd3de3a866124dfca597ddb,a929ae23ce3e1f618dad788f9c3c6d7195460933cd73d4eea6b2376ab2366ebe,0.0,0.0
flywire_783_mb_left_kc512_s701,542,spectral,fly,0,reward_trace,0.0,stats_only,0,5,0.3768844221105528,dc57b2536a1697e2695991689f43c3164be70f324fd3de3a866124dfca597ddb,a929ae23ce3e1f618dad788f9c3c6d7195460933cd73d4eea6b2376ab2366ebe,0.0,0.0
flywire_783_mb_left_kc512_s701,542,spectral,fly,0,reward_trace,0.0,coefficients_only,0,5,0.3768844221105528,dc57b2536a1697e2695991689f43c3164be70f324fd3de3a866124dfca597ddb,a929ae23ce3e1f618dad788f9c3c6d7195460933cd73d4eea6b2376ab2366ebe,0.0,0.0
flywire_783_mb_left_kc512_s701,542,spectral,fly,0,reward_trace,0.0,full_refit,0,5,0.3768844221105528,dc57b2536a1697e2695991689f43c3164be70f324fd3de3a866124dfca597ddb,a929ae23ce3e1f618dad788f9c3c6d7195460933cd73d4eea6b2376ab2366ebe,0.0,0.0
flywire_783_mb_left_kc512_s701,542,spectral,fly,0,reward_trace,0.01,fixed,0,5,0.37185929648241206,fbddc6c61ce5b307658e5b3a6666b3e79eb9f9f39a6208cb2ce0a8f3fe983f4b,a929ae23ce3e1f618dad788f9c3c6d7195460933cd73d4eea6b2376ab2366ebe,0.002259927530971871,4.440892098500626e-16
flywire_783_mb_left_kc512_s701,542,spectral,fly,0,reward_trace,0.01,stats_only,0,5,0.38190954773869346,fbddc6c61ce5b307658e5b3a6666b3e79eb9f9f39a6208cb2ce0a8f3fe983f4b,befdb5984b99a38db9cc0c464ede2d8b76e13642a48d6738ee76346690c3dc5b,0.002259927530971871,4.440892098500626e-16
flywire_783_mb_left_kc512_s701,542,spectral,fly,0,reward_trace,0.01,coefficients_only,0,5,0.37185929648241206,fbddc6c61ce5b307658e5b3a6666b3e79eb9f9f39a6208cb2ce0a8f3fe983f4b,e50da7adbb93e5ea4ed0f2b0d659d88307e5459b2b7161b1f77255673fd76623,0.002259927530971871,4.440892098500626e-16
flywire_783_mb_left_kc512_s701,542,spectral,fly,0,reward_trace,0.01,full_refit,0,5,0.3768844221105528,fbddc6c61ce5b307658e5b3a6666b3e79eb9f9f39a6208cb2ce0a8f3fe983f4b,ca556b14015671b165d7ca4bad364409f88b38c26286ee830e077e9a1534e917,0.002259927530971871,4.440892098500626e-16
flywire_783_mb_left_kc512_s701,542,spectral,fly,0,reward_trace,0.03,fixed,0,5,0.3969849246231156,85cc0814b4a483bfa435ba40750c927e981353da409261afc4035ba5abf6cf0a,a929ae23ce3e1f618dad788f9c3c6d7195460933cd73d4eea6b2376ab2366ebe,0.006779782592915616,8.881784197001252e-16
flywire_783_mb_left_kc512_s701,542,spectral,fly,0,reward_trace,0.03,stats_only,0,5,0.39195979899497485,85cc0814b4a483bfa435ba40750c927e981353da409261afc4035ba5abf6cf0a,35273342535b623c4016f8f304bf57ab2b168a9e52b9be66ebc275e7e76d0b23,0.006779782592915616,8.881784197001252e-16
flywire_783_mb_left_kc512_s701,542,spectral,fly,0,reward_trace,0.03,coefficients_only,0,5,0.3768844221105528,85cc0814b4a483bfa435ba40750c927e981353da409261afc4035ba5abf6cf0a,21960e08d52990558d8bca6ff3e3ef1c9c73b97d11010e58fd08a989cd5ca0c1,0.006779782592915616,8.881784197001252e-16
flywire_783_mb_left_kc512_s701,542,spectral,fly,0,reward_trace,0.03,full_refit,0,5,0.3768844221105528,85cc0814b4a483bfa435ba40750c927e981353da409261afc4035ba5abf6cf0a,acad8d5bd7b0acd6e9dee3874831f395db32fca3fbc03423a71f268f392990e2,0.006779782592915616,8.881784197001252e-16
flywire_783_mb_left_kc512_s701,542,spectral,fly,0,reward_trace,0.1,fixed,0,5,0.3417085427135678,162bd071ce6315a357eba1517daa678b62121e2f99cdfdb358a389e9b37394e1,a929ae23ce3e1f618dad788f9c3c6d7195460933cd73d4eea6b2376ab2366ebe,0.022599275309718714,4.440892098500626e-16
flywire_783_mb_left_kc512_s701,542,spectral,fly,0,reward_trace,0.1,stats_only,0,5,0.35175879396984927,162bd071ce6315a357eba1517daa678b62121e2f99cdfdb358a389e9b37394e1,9b889db0f0c7a6befa5e9f5a962ba6e9087dc4651c0f90c8e3fd2ddb25041505,0.022599275309718714,4.440892098500626e-16
flywire_783_mb_left_kc512_s701,542,spectral,fly,0,reward_trace,0.1,coefficients_only,0,5,0.38190954773869346,162bd071ce6315a357eba1517daa678b62121e2f99cdfdb358a389e9b37394e1,fe2e257a83d44fe0daea5ecebef015d611164177fcf7f6b7706f5d30f13f9f5d,0.022599275309718714,4.440892098500626e-16
flywire_783_mb_left_kc512_s701,542,spectral,fly,0,reward_trace,0.1,full_refit,0,5,0.38190954773869346,162bd071ce6315a357eba1517daa678b62121e2f99cdfdb358a389e9b37394e1,8aedd9e32b215661269a859abae14c9d2b819f8de08b0af3e75e2a12d49455c8,0.022599275309718714,4.440892098500626e-16
flywire_783_mb_left_kc512_s701,542,spectral,fly,0,reward_trace,0.3,fixed,0,0,0.24120603015075376,728b6396c6473968704ca3ceed8cced406e4848ad70afc1b3b73302ca4384aa3,a929ae23ce3e1f618dad788f9c3c6d7195460933cd73d4eea6b2376ab2366ebe,0.06779782592915613,1.3322676295501878e-15
flywire_783_mb_left_kc512_s701,542,spectral,fly,0,reward_trace,0.3,stats_only,0,0,0.2562814070351759,728b6396c6473968704ca3ceed8cced406e4848ad70afc1b3b73302ca4384aa3,bef903b79944c7cb1f6a6e82a7f3a90d5675793a71ca1fd4cabb0d54f3f4328e,0.06779782592915613,1.3322676295501878e-15
flywire_783_mb_left_kc512_s701,542,spectral,fly,0,reward_trace,0.3,coefficients_only,0,5,0.3969849246231156,728b6396c6473968704ca3ceed8cced406e4848ad70afc1b3b73302ca4384aa3,c7ec9bef0fe086f49c95f895b0a322bc8a843be0710c70c84ed57b69a0ca9b35,0.06779782592915613,1.3322676295501878e-15
flywire_783_mb_left_kc512_s701,542,spectral,fly,0,reward_trace,0.3,full_refit,0,5,0.4020100502512563,728b6396c6473968704ca3ceed8cced406e4848ad70afc1b3b73302ca4384aa3,af82e5441f337e07475e57c73b8bae365077e6b67d39e3bca1df72ae9c30e590,0.06779782592915613,1.3322676295501878e-15
flywire_783_mb_left_kc512_s701,542,spectral,fly,0,reward_trace,1.0,fixed,0,0,0.17587939698492464,6b712be91d86a1c99987895ccce243c509e0fb9eabc4c3f87ee0b574483da69c,a929ae23ce3e1f618dad788f9c3c6d7195460933cd73d4eea6b2376ab2366ebe,0.22599275309718714,1.3322676295501878e-15
flywire_783_mb_left_kc512_s701,542,spectral,fly,0,reward_trace,1.0,stats_only,0,0,0.18090452261306533,6b712be91d86a1c99987895ccce243c509e0fb9eabc4c3f87ee0b574483da69c,d22189f817330c742546c2979e93f05d52e967bcae67a2869bebf181f54bb1f6,0.22599275309718714,1.3322676295501878e-15
flywire_783_mb_left_kc512_s701,542,spectral,fly,0,reward_trace,1.0,coefficients_only,0,5,0.4221105527638191,6b712be91d86a1c99987895ccce243c509e0fb9eabc4c3f87ee0b574483da69c,61fb6905b10a19a7936bc4a33da480bbb2f35b096ad1752b321d3149e78b0893,0.22599275309718714,1.3322676295501878e-15
flywire_783_mb_left_kc512_s701,542,spectral,fly,0,reward_trace,1.0,full_refit,0,5,0.4221105527638191,6b712be91d86a1c99987895ccce243c509e0fb9eabc4c3f87ee0b574483da69c,b95ffd8cb5167e1734e3030b07a071f8a582bce44973dae4aa338ee931049d3b,0.22599275309718714,1.3322676295501878e-15
flywire_783_mb_left_kc512_s701,542,spectral,fly,0,yoked_reward,0.0,fixed,1,5,0.3768844221105528,dc57b2536a1697e2695991689f43c3164be70f324fd3de3a866124dfca597ddb,a929ae23ce3e1f618dad788f9c3c6d7195460933cd73d4eea6b2376ab2366ebe,0.0,0.0
flywire_783_mb_left_kc512_s701,542,spectral,fly,0,yoked_reward,0.0,stats_only,1,5,0.3768844221105528,dc57b2536a1697e2695991689f43c3164be70f324fd3de3a866124dfca597ddb,a929ae23ce3e1f618dad788f9c3c6d7195460933cd73d4eea6b2376ab2366ebe,0.0,0.0
flywire_783_mb_left_kc512_s701,542,spectral,fly,0,yoked_reward,0.0,coefficients_only,1,5,0.3768844221105528,dc57b2536a1697e2695991689f43c3164be70f324fd3de3a866124dfca597ddb,a929ae23ce3e1f618dad788f9c3c6d7195460933cd73d4eea6b2376ab2366ebe,0.0,0.0
flywire_783_mb_left_kc512_s701,542,spectral,fly,0,yoked_reward,0.0,full_refit,1,5,0.3768844221105528,dc57b2536a1697e2695991689f43c3164be70f324fd3de3a866124dfca597ddb,a929ae23ce3e1f618dad788f9c3c6d7195460933cd73d4eea6b2376ab2366ebe,0.0,0.0
flywire_783_mb_left_kc512_s701,542,spectral,fly,0,yoked_reward,0.01,fixed,1,5,0.36180904522613067,9b0bd1032738a38dda00e07103bd5efcabdf6dcec879723f4fa23d4d9c85ced3,a929ae23ce3e1f618dad788f9c3c6d7195460933cd73d4eea6b2376ab2366ebe,0.0022545455857799377,8.881784197001252e-16
flywire_783_mb_left_kc512_s701,542,spectral,fly,0,yoked_reward,0.01,stats_only,1,5,0.37185929648241206,9b0bd1032738a38dda00e07103bd5efcabdf6dcec879723f4fa23d4d9c85ced3,29f0c7b377cf8444e1769162cbdb5d0dc671c6f53c617c5d2c8d502a53231846,0.0022545455857799377,8.881784197001252e-16
flywire_783_mb_left_kc512_s701,542,spectral,fly,0,yoked_reward,0.01,coefficients_only,1,5,0.3768844221105528,9b0bd1032738a38dda00e07103bd5efcabdf6dcec879723f4fa23d4d9c85ced3,4ff31673dce2eccc532e36bde4612a1685da0dd5f25862740f247fbb590f3e28,0.0022545455857799377,8.881784197001252e-16
flywire_783_mb_left_kc512_s701,542,spectral,fly,0,yoked_reward,0.01,full_refit,1,5,0.37185929648241206,9b0bd1032738a38dda00e07103bd5efcabdf6dcec879723f4fa23d4d9c85ced3,0a7a881bcf864766dc015d2de434e59a51cee06a562bdd83fd842a7eb590f27e,0.0022545455857799377,8.881784197001252e-16
flywire_783_mb_left_kc512_s701,542,spectral,fly,0,yoked_reward,0.03,fixed,1,5,0.3768844221105528,d533b364679813af8f385fd6ecd310f09c38cd8f284b8cda2a392cf2c8f247b6,a929ae23ce3e1f618dad788f9c3c6d7195460933cd73d4eea6b2376ab2366ebe,0.006763636757339815,4.440892098500626e-16
flywire_783_mb_left_kc512_s701,542,spectral,fly,0,yoked_reward,0.03,stats_only,1,5,0.36180904522613067,d533b364679813af8f385fd6ecd310f09c38cd8f284b8cda2a392cf2c8f247b6,4d36683507d6187cc109c2c70e5143c340cd1cf31580cadd642815146df861d7,0.006763636757339815,4.440892098500626e-16
flywire_783_mb_left_kc512_s701,542,spectral,fly,0,yoked_reward,0.03,coefficients_only,1,5,0.36683417085427134,d533b364679813af8f385fd6ecd310f09c38cd8f284b8cda2a392cf2c8f247b6,34cde9104dacf7d4432f34b420116cda91a064ff11bc7d4b2d124056182f5934,0.006763636757339815,4.440892098500626e-16
flywire_783_mb_left_kc512_s701,542,spectral,fly,0,yoked_reward,0.03,full_refit,1,5,0.36683417085427134,d533b364679813af8f385fd6ecd310f09c38cd8f284b8cda2a392cf2c8f247b6,ae50a9c7eb372d3659388186ec0a5a06281c121fc123da5127a916876978039a,0.006763636757339815,4.440892098500626e-16
flywire_783_mb_left_kc512_s701,542,spectral,fly,0,yoked_reward,0.1,fixed,1,5,0.2914572864321608,784b3d8acc9e198130a8ecffccc79e6cca591d5f1e74d4e02f7e5bcb3103ed04,a929ae23ce3e1f618dad788f9c3c6d7195460933cd73d4eea6b2376ab2366ebe,0.022545455857799383,8.881784197001252e-16
flywire_783_mb_left_kc512_s701,542,spectral,fly,0,yoked_reward,0.1,stats_only,1,0,0.32663316582914576,784b3d8acc9e198130a8ecffccc79e6cca591d5f1e74d4e02f7e5bcb3103ed04,429d8abcbd07227bd39b79cda53944809bd1aca067079270f1e81f030d321c59,0.022545455857799383,8.881784197001252e-16
flywire_783_mb_left_kc512_s701,542,spectral,fly,0,yoked_reward,0.1,coefficients_only,1,5,0.37185929648241206,784b3d8acc9e198130a8ecffccc79e6cca591d5f1e74d4e02f7e5bcb3103ed04,86f90417085f41938d2a5f5860241530fe9d8dfc8096d28f7f4572802a84d227,0.022545455857799383,8.881784197001252e-16
flywire_783_mb_left_kc512_s701,542,spectral,fly,0,yoked_reward,0.1,full_refit,1,5,0.36683417085427134,784b3d8acc9e198130a8ecffccc79e6cca591d5f1e74d4e02f7e5bcb3103ed04,5f96c375a64ebb27eaa1fc06d98d87dbd9fedd8975394b10c7f2d8d56e29cc42,0.022545455857799383,8.881784197001252e-16
flywire_783_mb_left_kc512_s701,542,spectral,fly,0,yoked_reward,0.3,fixed,1,0,0.16080402010050251,a7e99fe855a6ed65f37a1f2ac1d54a6574eedd7a0efb2592331a167c4f7ea773,a929ae23ce3e1f618dad788f9c3c6d7195460933cd73d4eea6b2376ab2366ebe,0.06763636757339812,4.440892098500626e-16
flywire_783_mb_left_kc512_s701,542,spectral,fly,0,yoked_reward,0.3,stats_only,1,0,0.22613065326633167,a7e99fe855a6ed65f37a1f2ac1d54a6574eedd7a0efb2592331a167c4f7ea773,a91eadab8d08c9c4b42ca8526e0a8e4bf14ef38441f906a5e497396b7c3dc34b,0.06763636757339812,4.440892098500626e-16
flywire_783_mb_left_kc512_s701,542,spectral,fly,0,yoked_reward,0.3,coefficients_only,1,5,0.36683417085427134,a7e99fe855a6ed65f37a1f2ac1d54a6574eedd7a0efb2592331a167c4f7ea773,0bf5865a9abca5d34e4c33cabc8f2dd4121d6d05fc0b53b80f3c19981d55fa0c,0.06763636757339812,4.440892098500626e-16
flywire_783_mb_left_kc512_s701,542,spectral,fly,0,yoked_reward,0.3,full_refit,1,5,0.36180904522613067,a7e99fe855a6ed65f37a1f2ac1d54a6574eedd7a0efb2592331a167c4f7ea773,3b864deef03107e8268beec983e0b89b53255f89618ffc5bf47b76378c91c263,0.06763636757339812,4.440892098500626e-16
flywire_783_mb_left_kc512_s701,542,spectral,fly,0,yoked_reward,1.0,fixed,1,0,0.11557788944723618,5374b0d78270a7c9e4d86f979882e8f0703a5581e633a3aa09e47ebc1c30bc54,a929ae23ce3e1f618dad788f9c3c6d7195460933cd73d4eea6b2376ab2366ebe,0.22545455857799376,1.1102230246251565e-15
flywire_783_mb_left_kc512_s701,542,spectral,fly,0,yoked_reward,1.0,stats_only,1,0,0.12060301507537688,5374b0d78270a7c9e4d86f979882e8f0703a5581e633a3aa09e47ebc1c30bc54,609e9f7350438093bc3d2b64f867671a1803844589c892a59919bf0c1dbdfe0e,0.22545455857799376,1.1102230246251565e-15
flywire_783_mb_left_kc512_s701,542,spectral,fly,0,yoked_reward,1.0,coefficients_only,1,5,0.41708542713567837,5374b0d78270a7c9e4d86f979882e8f0703a5581e633a3aa09e47ebc1c30bc54,a5ad8cdf4f05b1576ea6a5e9a57d2a2ad714f05a63dbb4c03f4924d0bd389731,0.22545455857799376,1.1102230246251565e-15
flywire_783_mb_left_kc512_s701,542,spectral,fly,0,yoked_reward,1.0,full_refit,1,5,0.4120603015075377,5374b0d78270a7c9e4d86f979882e8f0703a5581e633a3aa09e47ebc1c30bc54,701ba3c490cdfa4415e6303f935973ced32c2dafc469f82b9ef043d199d63c38,0.22545455857799376,1.1102230246251565e-15
flywire_783_mb_left_kc512_s701,542,spectral,fly,3,reward_trace,0.0,fixed,2,5,0.3768844221105528,dc57b2536a1697e2695991689f43c3164be70f324fd3de3a866124dfca597ddb,a929ae23ce3e1f618dad788f9c3c6d7195460933cd73d4eea6b2376ab2366ebe,0.0,0.0
flywire_783_mb_left_kc512_s701,542,spectral,fly,3,reward_trace,0.0,stats_only,2,5,0.3768844221105528,dc57b2536a1697e2695991689f43c3164be70f324fd3de3a866124dfca597ddb,a929ae23ce3e1f618dad788f9c3c6d7195460933cd73d4eea6b2376ab2366ebe,0.0,0.0
flywire_783_mb_left_kc512_s701,542,spectral,fly,3,reward_trace,0.0,coefficients_only,2,5,0.3768844221105528,dc57b2536a1697e2695991689f43c3164be70f324fd3de3a866124dfca597ddb,a929ae23ce3e1f618dad788f9c3c6d7195460933cd73d4eea6b2376ab2366ebe,0.0,0.0
flywire_783_mb_left_kc512_s701,542,spectral,fly,3,reward_trace,0.0,full_refit,2,5,0.3768844221105528,dc57b2536a1697e2695991689f43c3164be70f324fd3de3a866124dfca597ddb,a929ae23ce3e1f618dad788f9c3c6d7195460933cd73d4eea6b2376ab2366ebe,0.0,0.0
flywire_783_mb_left_kc512_s701,542,spectral,fly,3,reward_trace,0.01,fixed,2,5,0.37185929648241206,484c720163ed20a4902592aa5d9aeebd5075791b77f915be44b2df9b221ec23c,a929ae23ce3e1f618dad788f9c3c6d7195460933cd73d4eea6b2376ab2366ebe,0.002577718653033325,8.881784197001252e-16
flywire_783_mb_left_kc512_s701,542,spectral,fly,3,reward_trace,0.01,stats_only,2,5,0.38190954773869346,484c720163ed20a4902592aa5d9aeebd5075791b77f915be44b2df9b221ec23c,fecd3fec9acdc85fe45b6714985b9eff92069bc59093259fa239ab10851302d8,0.002577718653033325,8.881784197001252e-16
flywire_783_mb_left_kc512_s701,542,spectral,fly,3,reward_trace,0.01,coefficients_only,2,5,0.37185929648241206,484c720163ed20a4902592aa5d9aeebd5075791b77f915be44b2df9b221ec23c,104c2bbcda278fa1196df4b597e8e7fc80ff390ebe62a9e2a4665d33aeadaa79,0.002577718653033325,8.881784197001252e-16
flywire_783_mb_left_kc512_s701,542,spectral,fly,3,reward_trace,0.01,full_refit,2,5,0.37185929648241206,484c720163ed20a4902592aa5d9aeebd5075791b77f915be44b2df9b221ec23c,eea138437ebc278101bc3b4f8d1bfbe543d494871ce934b1a2e4564d1078ad93,0.002577718653033325,8.881784197001252e-16
flywire_783_mb_left_kc512_s701,542,spectral,fly,3,reward_trace,0.03,fixed,2,5,0.36683417085427134,da07aeb577f12463b92c08f5014eb89bd84c22c937cb1d94cedeaf3a56b5ef1e,a929ae23ce3e1f618dad788f9c3c6d7195460933cd73d4eea6b2376ab2366ebe,0.0077331559590999785,4.440892098500626e-16
flywire_783_mb_left_kc512_s701,542,spectral,fly,3,reward_trace,0.03,stats_only,2,5,0.37185929648241206,da07aeb577f12463b92c08f5014eb89bd84c22c937cb1d94cedeaf3a56b5ef1e,3f5be2d299a2c323fd6928ee6e2ea28ee48ebab2e50caee61704cf264f2a7f47,0.0077331559590999785,4.440892098500626e-16
flywire_783_mb_left_kc512_s701,542,spectral,fly,3,reward_trace,0.03,coefficients_only,2,5,0.3768844221105528,da07aeb577f12463b92c08f5014eb89bd84c22c937cb1d94cedeaf3a56b5ef1e,0f63ab62eb1665826f07887130e965dadcbf2f824ec15c433d78bdb648db9f8e,0.0077331559590999785,4.440892098500626e-16
flywire_783_mb_left_kc512_s701,542,spectral,fly,3,reward_trace,0.03,full_refit,2,5,0.3768844221105528,da07aeb577f12463b92c08f5014eb89bd84c22c937cb1d94cedeaf3a56b5ef1e,200c3f4f62c192649c7599eb4cbe2d583c0961f43912bb3d65bc7a90cf7ce4be,0.0077331559590999785,4.440892098500626e-16
flywire_783_mb_left_kc512_s701,542,spectral,fly,3,reward_trace,0.1,fixed,2,0,0.32663316582914576,a7e6719b272355f72cb23949d715d825c2018730dbd64f222a5411eaf70e749b,a929ae23ce3e1f618dad788f9c3c6d7195460933cd73d4eea6b2376ab2366ebe,0.025777186530333267,8.881784197001252e-16
flywire_783_mb_left_kc512_s701,542,spectral,fly,3,reward_trace,0.1,stats_only,2,5,0.33668341708542715,a7e6719b272355f72cb23949d715d825c2018730dbd64f222a5411eaf70e749b,863b519395d9d62ea5de2d63efde228667efc3d4d061dd45e9ff642e3ebb4f54,0.025777186530333267,8.881784197001252e-16
flywire_783_mb_left_kc512_s701,542,spectral,fly,3,reward_trace,0.1,coefficients_only,2,5,0.38190954773869346,a7e6719b272355f72cb23949d715d825c2018730dbd64f222a5411eaf70e749b,039b60e4e10e119814515ee98bb5c5e8bb52438b547ec3da669052c6f4b53312,0.025777186530333267,8.881784197001252e-16
flywire_783_mb_left_kc512_s701,542,spectral,fly,3,reward_trace,0.1,full_refit,2,5,0.38190954773869346,a7e6719b272355f72cb23949d715d825c2018730dbd64f222a5411eaf70e749b,e6e5f9b9f0a6b5376df3f6f66831cf7b8ede6afdf2e340383d366e5bfa4ce1a9,0.025777186530333267,8.881784197001252e-16
flywire_783_mb_left_kc512_s701,542,spectral,fly,3,reward_trace,0.3,fixed,2,0,0.21105527638190955,58966261754407cd5ddd2b006276c7c4f1dde519681016985e9fb36502d0a047,a929ae23ce3e1f618dad788f9c3c6d7195460933cd73d4eea6b2376ab2366ebe,0.07733155959099978,8.881784197001252e-16
flywire_783_mb_left_kc512_s701,542,spectral,fly,3,reward_trace,0.3,stats_only,2,1,0.2814070351758794,58966261754407cd5ddd2b006276c7c4f1dde519681016985e9fb36502d0a047,2b7b8bd3e4549481e45a3c22ee0089a8a67c22d247e5cf3de200d1ec3cb5b1ef,0.07733155959099978,8.881784197001252e-16
flywire_783_mb_left_kc512_s701,542,spectral,fly,3,reward_trace,0.3,coefficients_only,2,5,0.3869346733668342,58966261754407cd5ddd2b006276c7c4f1dde519681016985e9fb36502d0a047,d03f38ac72394717ea9f235fa0dbb2c92252cbea949197f6c174c1c6347e1bc2,0.07733155959099978,8.881784197001252e-16
flywire_783_mb_left_kc512_s701,542,spectral,fly,3,reward_trace,0.3,full_refit,2,5,0.38190954773869346,58966261754407cd5ddd2b006276c7c4f1dde519681016985e9fb36502d0a047,0296fe7afd94ea7c375f2f26242f01af9868757dbabb6fd659e15f6baf8a163e,0.07733155959099978,8.881784197001252e-16
flywire_783_mb_left_kc512_s701,542,spectral,fly,3,reward_trace,1.0,fixed,2,0,0.1708542713567839,3278a65b842c59b4dcd98c7126ff1f46fab8c0fa240619baf535e89e4dfc737f,a929ae23ce3e1f618dad788f9c3c6d7195460933cd73d4eea6b2376ab2366ebe,0.2577718653033326,1.3322676295501878e-15
flywire_783_mb_left_kc512_s701,542,spectral,fly,3,reward_trace,1.0,stats_only,2,0,0.22613065326633167,3278a65b842c59b4dcd98c7126ff1f46fab8c0fa240619baf535e89e4dfc737f,10f40f21b3d5a250e59ee878b6e88185f51775501e2dd07720494e9b47e04372,0.2577718653033326,1.3322676295501878e-15
flywire_783_mb_left_kc512_s701,542,spectral,fly,3,reward_trace,1.0,coefficients_only,2,5,0.3969849246231156,3278a65b842c59b4dcd98c7126ff1f46fab8c0fa240619baf535e89e4dfc737f,0710bb0c3057fe4e3ac527c4257e11a5c9ca07c49e671499d5f90241d89f16e5,0.2577718653033326,1.3322676295501878e-15
flywire_783_mb_left_kc512_s701,542,spectral,fly,3,reward_trace,1.0,full_refit,2,5,0.3869346733668342,3278a65b842c59b4dcd98c7126ff1f46fab8c0fa240619baf535e89e4dfc737f,3ad9e1015503646c06692eb58d393755d1c8eb6750837310b0229bbc325a4569,0.2577718653033326,1.3322676295501878e-15
flywire_783_mb_left_kc512_s701,542,spectral,fly,3,yoked_reward,0.0,fixed,3,5,0.3768844221105528,dc57b2536a1697e2695991689f43c3164be70f324fd3de3a866124dfca597ddb,a929ae23ce3e1f618dad788f9c3c6d7195460933cd73d4eea6b2376ab2366ebe,0.0,0.0
flywire_783_mb_left_kc512_s701,542,spectral,fly,3,yoked_reward,0.0,stats_only,3,5,0.3768844221105528,dc57b2536a1697e2695991689f43c3164be70f324fd3de3a866124dfca597ddb,a929ae23ce3e1f618dad788f9c3c6d7195460933cd73d4eea6b2376ab2366ebe,0.0,0.0
flywire_783_mb_left_kc512_s701,542,spectral,fly,3,yoked_reward,0.0,coefficients_only,3,5,0.3768844221105528,dc57b2536a1697e2695991689f43c3164be70f324fd3de3a866124dfca597ddb,a929ae23ce3e1f618dad788f9c3c6d7195460933cd73d4eea6b2376ab2366ebe,0.0,0.0
flywire_783_mb_left_kc512_s701,542,spectral,fly,3,yoked_reward,0.0,full_refit,3,5,0.3768844221105528,dc57b2536a1697e2695991689f43c3164be70f324fd3de3a866124dfca597ddb,a929ae23ce3e1f618dad788f9c3c6d7195460933cd73d4eea6b2376ab2366ebe,0.0,0.0
flywire_783_mb_left_kc512_s701,542,spectral,fly,3,yoked_reward,0.01,fixed,3,5,0.37185929648241206,8bbdf02d7716a602e6e47f4416418612c76067cbbfdfe502bfc7f9ad26956d0b,a929ae23ce3e1f618dad788f9c3c6d7195460933cd73d4eea6b2376ab2366ebe,0.0020443567454864675,8.881784197001252e-16
flywire_783_mb_left_kc512_s701,542,spectral,fly,3,yoked_reward,0.01,stats_only,3,5,0.3768844221105528,8bbdf02d7716a602e6e47f4416418612c76067cbbfdfe502bfc7f9ad26956d0b,aae0a784f59934087a86f8addd91bfbd90e2f972e431e226d33476e73dbce858,0.0020443567454864675,8.881784197001252e-16
flywire_783_mb_left_kc512_s701,542,spectral,fly,3,yoked_reward,0.01,coefficients_only,3,5,0.3768844221105528,8bbdf02d7716a602e6e47f4416418612c76067cbbfdfe502bfc7f9ad26956d0b,b118e8a15cb923b3794163f6c4f4166f03ef8c5758d9158b20b69c700e96450a,0.0020443567454864675,8.881784197001252e-16
flywire_783_mb_left_kc512_s701,542,spectral,fly,3,yoked_reward,0.01,full_refit,3,5,0.3768844221105528,8bbdf02d7716a602e6e47f4416418612c76067cbbfdfe502bfc7f9ad26956d0b,c1e5a04049e9403dd6dac44315c9c5e4e8bf0ae23278bbbf5cc44013977bab79,0.0020443567454864675,8.881784197001252e-16
flywire_783_mb_left_kc512_s701,542,spectral,fly,3,yoked_reward,0.03,fixed,3,5,0.34673366834170855,63976f10f7771f7b892e3ae94401ce8580fc03a1bc9e27187caf5d70057de5aa,a929ae23ce3e1f618dad788f9c3c6d7195460933cd73d4eea6b2376ab2366ebe,0.006133070236459406,6.661338147750939e-16
flywire_783_mb_left_kc512_s701,542,spectral,fly,3,yoked_reward,0.03,stats_only,3,5,0.3768844221105528,63976f10f7771f7b892e3ae94401ce8580fc03a1bc9e27187caf5d70057de5aa,2a01c75ce774cae0f2bb1c4caca4f12fe1bca13e556a62ebcd7534575bf0f79c,0.006133070236459406,6.661338147750939e-16
flywire_783_mb_left_kc512_s701,542,spectral,fly,3,yoked_reward,0.03,coefficients_only,3,5,0.3768844221105528,63976f10f7771f7b892e3ae94401ce8580fc03a1bc9e27187caf5d70057de5aa,85a6542299727733c51fe34db6effb1f468da47a3424a4073131931b356372ab,0.006133070236459406,6.661338147750939e-16
flywire_783_mb_left_kc512_s701,542,spectral,fly,3,yoked_reward,0.03,full_refit,3,5,0.37185929648241206,63976f10f7771f7b892e3ae94401ce8580fc03a1bc9e27187caf5d70057de5aa,164221439ce3beb7059c028bb19feff838929302a4e6c2e4784b96be2a37e4dc,0.006133070236459406,6.661338147750939e-16
flywire_783_mb_left_kc512_s701,542,spectral,fly,3,yoked_reward,0.1,fixed,3,3,0.31155778894472363,17cdd442a5887c21d6848d6c51fcf33144b28d1637da56a703622b7554f7b2dc,a929ae23ce3e1f618dad788f9c3c6d7195460933cd73d4eea6b2376ab2366ebe,0.02044356745486469,8.881784197001252e-16
flywire_783_mb_left_kc512_s701,542,spectral,fly,3,yoked_reward,0.1,stats_only,3,5,0.37185929648241206,17cdd442a5887c21d6848d6c51fcf33144b28d1637da56a703622b7554f7b2dc,3a745265f246c65dcb6f9af74d7de2d55f0c9336409d75de801200891771d2d4,0.02044356745486469,8.881784197001252e-16
flywire_783_mb_left_kc512_s701,542,spectral,fly,3,yoked_reward,0.1,coefficients_only,3,5,0.38190954773869346,17cdd442a5887c21d6848d6c51fcf33144b28d1637da56a703622b7554f7b2dc,dc322a422fd1e70f3e636ee95b87dc32a2d427788bceda64865dbb1476c88014,0.02044356745486469,8.881784197001252e-16
flywire_783_mb_left_kc512_s701,542,spectral,fly,3,yoked_reward,0.1,full_refit,3,5,0.37185929648241206,17cdd442a5887c21d6848d6c51fcf33144b28d1637da56a703622b7554f7b2dc,14499b76172765c625a8387ddda694988f3850d70834fe5a2054aeb5c5f22d58,0.02044356745486469,8.881784197001252e-16
flywire_783_mb_left_kc512_s701,542,spectral,fly,3,yoked_reward,0.3,fixed,3,0,0.20100502512562815,3aa593a009c1aa4275ce596a1a280e799108828ac1433949a6bf360360aaebb2,a929ae23ce3e1f618dad788f9c3c6d7195460933cd73d4eea6b2376ab2366ebe,0.06133070236459408,1.3322676295501878e-15
flywire_783_mb_left_kc512_s701,542,spectral,fly,3,yoked_reward,0.3,stats_only,3,0,0.2814070351758794,3aa593a009c1aa4275ce596a1a280e799108828ac1433949a6bf360360aaebb2,c96af429c8667074ed140d9690281dc15e06ba8c0150b50e0e767e630e684e82,0.06133070236459408,1.3322676295501878e-15
flywire_783_mb_left_kc512_s701,542,spectral,fly,3,yoked_reward,0.3,coefficients_only,3,5,0.3869346733668342,3aa593a009c1aa4275ce596a1a280e799108828ac1433949a6bf360360aaebb2,f483575085855e8b84cf7946053bb37e1bfc065062c7612f8f29f83ea5e7d50b,0.06133070236459408,1.3322676295501878e-15
flywire_783_mb_left_kc512_s701,542,spectral,fly,3,yoked_reward,0.3,full_refit,3,5,0.3768844221105528,3aa593a009c1aa4275ce596a1a280e799108828ac1433949a6bf360360aaebb2,6b488663aad0b5d5362fc4e18f59a27a52114f628ed9290e39747438a5b5218a,0.06133070236459408,1.3322676295501878e-15
flywire_783_mb_left_kc512_s701,542,spectral,fly,3,yoked_reward,1.0,fixed,3,0,0.1407035175879397,03b740d1c1281feead236c3a960196ad9b7e149b6c46af70948a1285bc5484dc,a929ae23ce3e1f618dad788f9c3c6d7195460933cd73d4eea6b2376ab2366ebe,0.2044356745486469,1.7763568394002505e-15
flywire_783_mb_left_kc512_s701,542,spectral,fly,3,yoked_reward,1.0,stats_only,3,0,0.15577889447236182,03b740d1c1281feead236c3a960196ad9b7e149b6c46af70948a1285bc5484dc,43128b09133802eecc29325808da79385e5f0923a40edac6116810c40fce5bec,0.2044356745486469,1.7763568394002505e-15
flywire_783_mb_left_kc512_s701,542,spectral,fly,3,yoked_reward,1.0,coefficients_only,3,5,0.3869346733668342,03b740d1c1281feead236c3a960196ad9b7e149b6c46af70948a1285bc5484dc,ed92ab2edbf604167a21bbef87f8bfcb4aad2ef3a789b6b925465016c1e9e290,0.2044356745486469,1.7763568394002505e-15
flywire_783_mb_left_kc512_s701,542,spectral,fly,3,yoked_reward,1.0,full_refit,3,5,0.38190954773869346,03b740d1c1281feead236c3a960196ad9b7e149b6c46af70948a1285bc5484dc,be350200b65c0537b9330a4279097307de828af886cd0e34e11188c0da5c1352,0.2044356745486469,1.7763568394002505e-15
flywire_783_mb_left_kc512_s701,542,spectral,role_shuffled,0,reward_trace,0.0,fixed,4,5,0.37185929648241206,0ad203de7a612da4c1301b59cc6c76a5ceb48a9f77aef15f90f8ab08ff6c7284,60067fe0636f8a340efa260e6a2ef03c3491b4561f68beb4a81a4887dcc7b60d,0.0,0.0
flywire_783_mb_left_kc512_s701,542,spectral,role_shuffled,0,reward_trace,0.0,stats_only,4,5,0.37185929648241206,0ad203de7a612da4c1301b59cc6c76a5ceb48a9f77aef15f90f8ab08ff6c7284,60067fe0636f8a340efa260e6a2ef03c3491b4561f68beb4a81a4887dcc7b60d,0.0,0.0
flywire_783_mb_left_kc512_s701,542,spectral,role_shuffled,0,reward_trace,0.0,coefficients_only,4,5,0.37185929648241206,0ad203de7a612da4c1301b59cc6c76a5ceb48a9f77aef15f90f8ab08ff6c7284,60067fe0636f8a340efa260e6a2ef03c3491b4561f68beb4a81a4887dcc7b60d,0.0,0.0
flywire_783_mb_left_kc512_s701,542,spectral,role_shuffled,0,reward_trace,0.0,full_refit,4,5,0.37185929648241206,0ad203de7a612da4c1301b59cc6c76a5ceb48a9f77aef15f90f8ab08ff6c7284,60067fe0636f8a340efa260e6a2ef03c3491b4561f68beb4a81a4887dcc7b60d,0.0,0.0
flywire_783_mb_left_kc512_s701,542,spectral,role_shuffled,0,reward_trace,0.01,fixed,4,5,0.3768844221105528,3c8050b07126aefc8251e1fb863101b3b62326a008078ef4981409e9dec6a0cc,60067fe0636f8a340efa260e6a2ef03c3491b4561f68beb4a81a4887dcc7b60d,0.0025366490904595272,8.881784197001252e-16
flywire_783_mb_left_kc512_s701,542,spectral,role_shuffled,0,reward_trace,0.01,stats_only,4,5,0.3768844221105528,3c8050b07126aefc8251e1fb863101b3b62326a008078ef4981409e9dec6a0cc,ba325792f79d1238237d2785d0b57cdbacc84198376ec73e394c8bf868a168ed,0.0025366490904595272,8.881784197001252e-16
flywire_783_mb_left_kc512_s701,542,spectral,role_shuffled,0,reward_trace,0.01,coefficients_only,4,5,0.3768844221105528,3c8050b07126aefc8251e1fb863101b3b62326a008078ef4981409e9dec6a0cc,30c02a2427329efcee3b0b4aa0a395edb6c52731c35f91b1e17edf474635b70b,0.0025366490904595272,8.881784197001252e-16
flywire_783_mb_left_kc512_s701,542,spectral,role_shuffled,0,reward_trace,0.01,full_refit,4,5,0.3768844221105528,3c8050b07126aefc8251e1fb863101b3b62326a008078ef4981409e9dec6a0cc,71115ffdf27387c7119977e1d4b9a1c2ca4f829c3f25aaf53224660a18642b07,0.0025366490904595272,8.881784197001252e-16
flywire_783_mb_left_kc512_s701,542,spectral,role_shuffled,0,reward_trace,0.03,fixed,4,5,0.3768844221105528,d88433c0be2fa000cdf135c09c443aac225b24c39f0305808b2aeb5515d5db8c,60067fe0636f8a340efa260e6a2ef03c3491b4561f68beb4a81a4887dcc7b60d,0.007609947271378595,4.440892098500626e-16
flywire_783_mb_left_kc512_s701,542,spectral,role_shuffled,0,reward_trace,0.03,stats_only,4,5,0.36683417085427134,d88433c0be2fa000cdf135c09c443aac225b24c39f0305808b2aeb5515d5db8c,0e92e29446871bb959f2f1d77edd338364e734bb11e1c35dc0ac427d6bd98c22,0.007609947271378595,4.440892098500626e-16
flywire_783_mb_left_kc512_s701,542,spectral,role_shuffled,0,reward_trace,0.03,coefficients_only,4,5,0.3768844221105528,d88433c0be2fa000cdf135c09c443aac225b24c39f0305808b2aeb5515d5db8c,ee6b3c00874da0423ada5fcb1675b40a2efc03c5e5d85aabe7dae02fb2121d65,0.007609947271378595,4.440892098500626e-16
flywire_783_mb_left_kc512_s701,542,spectral,role_shuffled,0,reward_trace,0.03,full_refit,4,5,0.3768844221105528,d88433c0be2fa000cdf135c09c443aac225b24c39f0305808b2aeb5515d5db8c,1cfe5044af7c8d419cc685159d0d540e938781a0c4b82bbc402ca173e7047eb7,0.007609947271378595,4.440892098500626e-16
flywire_783_mb_left_kc512_s701,542,spectral,role_shuffled,0,reward_trace,0.1,fixed,4,8,0.36180904522613067,27585dc91f23f2f940600ebaa4d6b5b0c4a05f52503790d2b73fcff7d9b73974,60067fe0636f8a340efa260e6a2ef03c3491b4561f68beb4a81a4887dcc7b60d,0.02536649090459531,8.881784197001252e-16
flywire_783_mb_left_kc512_s701,542,spectral,role_shuffled,0,reward_trace,0.1,stats_only,4,7,0.32160804020100503,27585dc91f23f2f940600ebaa4d6b5b0c4a05f52503790d2b73fcff7d9b73974,131b352a095d124c661061baa9dcc497b137ee296083ac5d15bb2ab3ea9abcaa,0.02536649090459531,8.881784197001252e-16
flywire_783_mb_left_kc512_s701,542,spectral,role_shuffled,0,reward_trace,0.1,coefficients_only,4,5,0.3768844221105528,27585dc91f23f2f940600ebaa4d6b5b0c4a05f52503790d2b73fcff7d9b73974,e72be0a5ae8c4f8b1deb8d0b4c77d33fdcd45328d4b197fa34e0d2d7fbf187ba,0.02536649090459531,8.881784197001252e-16
flywire_783_mb_left_kc512_s701,542,spectral,role_shuffled,0,reward_trace,0.1,full_refit,4,5,0.38190954773869346,27585dc91f23f2f940600ebaa4d6b5b0c4a05f52503790d2b73fcff7d9b73974,e2a2d3e35cbdd52c322c147d501e8cb91a5ca2243e8b95c7eb660f71549207f6,0.02536649090459531,8.881784197001252e-16
flywire_783_mb_left_kc512_s701,542,spectral,role_shuffled,0,reward_trace,0.3,fixed,4,0,0.2613065326633166,ee02e1785238627defca0e0b647051469d9ad6a9ed5fc3bb750af4d348403c2c,60067fe0636f8a340efa260e6a2ef03c3491b4561f68beb4a81a4887dcc7b60d,0.07609947271378592,8.881784197001252e-16
flywire_783_mb_left_kc512_s701,542,spectral,role_shuffled,0,reward_trace,0.3,stats_only,4,3,0.24623115577889448,ee02e1785238627defca0e0b647051469d9ad6a9ed5fc3bb750af4d348403c2c,00b7241b851e767dccf01dc6e725a37f23bbc617cc3b5a1ea876f02d80a8513b,0.07609947271378592,8.881784197001252e-16
flywire_783_mb_left_kc512_s701,542,spectral,role_shuffled,0,reward_trace,0.3,coefficients_only,4,5,0.37185929648241206,ee02e1785238627defca0e0b647051469d9ad6a9ed5fc3bb750af4d348403c2c,f020f7a4c0229b5346c18cb65e4387e33389d646dbc3ca490a823dd91a18cc77,0.07609947271378592,8.881784197001252e-16
flywire_783_mb_left_kc512_s701,542,spectral,role_shuffled,0,reward_trace,0.3,full_refit,4,5,0.37185929648241206,ee02e1785238627defca0e0b647051469d9ad6a9ed5fc3bb750af4d348403c2c,8c8f048f391519ded8603afbe0107c9b9c1b1a972a2e55cb7497302fbc20b89c,0.07609947271378592,8.881784197001252e-16
flywire_783_mb_left_kc512_s701,542,spectral,role_shuffled,0,reward_trace,1.0,fixed,4,0,0.18090452261306533,29cea5e54bf54267f2a269d321bed03f0d8e96d78419e68e2a60bead22241996,60067fe0636f8a340efa260e6a2ef03c3491b4561f68beb4a81a4887dcc7b60d,0.25366490904595307,2.6645352591003757e-15
flywire_783_mb_left_kc512_s701,542,spectral,role_shuffled,0,reward_trace,1.0,stats_only,4,0,0.20100502512562815,29cea5e54bf54267f2a269d321bed03f0d8e96d78419e68e2a60bead22241996,b466b2477a818f035af2d9191dedd6d121f9c905edde59e264297a5df5af5452,0.25366490904595307,2.6645352591003757e-15
flywire_783_mb_left_kc512_s701,542,spectral,role_shuffled,0,reward_trace,1.0,coefficients_only,4,5,0.3869346733668342,29cea5e54bf54267f2a269d321bed03f0d8e96d78419e68e2a60bead22241996,10e0825b75ba9ccc415403d9183a6b6fab61042701708010610dc00af0f873f0,0.25366490904595307,2.6645352591003757e-15
flywire_783_mb_left_kc512_s701,542,spectral,role_shuffled,0,reward_trace,1.0,full_refit,4,5,0.3869346733668342,29cea5e54bf54267f2a269d321bed03f0d8e96d78419e68e2a60bead22241996,4a62a180ee48ea5fea56a5f81dea12dd20feabc06f5dc53119eb0416043fa835,0.25366490904595307,2.6645352591003757e-15
flywire_783_mb_left_kc512_s701,542,spectral,role_shuffled,0,yoked_reward,0.0,fixed,5,5,0.37185929648241206,0ad203de7a612da4c1301b59cc6c76a5ceb48a9f77aef15f90f8ab08ff6c7284,60067fe0636f8a340efa260e6a2ef03c3491b4561f68beb4a81a4887dcc7b60d,0.0,0.0
flywire_783_mb_left_kc512_s701,542,spectral,role_shuffled,0,yoked_reward,0.0,stats_only,5,5,0.37185929648241206,0ad203de7a612da4c1301b59cc6c76a5ceb48a9f77aef15f90f8ab08ff6c7284,60067fe0636f8a340efa260e6a2ef03c3491b4561f68beb4a81a4887dcc7b60d,0.0,0.0
flywire_783_mb_left_kc512_s701,542,spectral,role_shuffled,0,yoked_reward,0.0,coefficients_only,5,5,0.37185929648241206,0ad203de7a612da4c1301b59cc6c76a5ceb48a9f77aef15f90f8ab08ff6c7284,60067fe0636f8a340efa260e6a2ef03c3491b4561f68beb4a81a4887dcc7b60d,0.0,0.0
flywire_783_mb_left_kc512_s701,542,spectral,role_shuffled,0,yoked_reward,0.0,full_refit,5,5,0.37185929648241206,0ad203de7a612da4c1301b59cc6c76a5ceb48a9f77aef15f90f8ab08ff6c7284,60067fe0636f8a340efa260e6a2ef03c3491b4561f68beb4a81a4887dcc7b60d,0.0,0.0
flywire_783_mb_left_kc512_s701,542,spectral,role_shuffled,0,yoked_reward,0.01,fixed,5,5,0.37185929648241206,13bad197faba59c3b2e01d40057b8012b86cb07dffb333de3a7f260bce3da1b4,60067fe0636f8a340efa260e6a2ef03c3491b4561f68beb4a81a4887dcc7b60d,0.00208637440933514,6.661338147750939e-16
flywire_783_mb_left_kc512_s701,542,spectral,role_shuffled,0,yoked_reward,0.01,stats_only,5,5,0.38190954773869346,13bad197faba59c3b2e01d40057b8012b86cb07dffb333de3a7f260bce3da1b4,5b92f052e9a60a48320e180cb4f25e8492942d0c67dc8b22238ff78b9929fcd5,0.00208637440933514,6.661338147750939e-16
flywire_783_mb_left_kc512_s701,542,spectral,role_shuffled,0,yoked_reward,0.01,coefficients_only,5,5,0.37185929648241206,13bad197faba59c3b2e01d40057b8012b86cb07dffb333de3a7f260bce3da1b4,4c8d5cd6da7492c9cffe694d785f0a5fbb91f304c15d30573c746bba50bb0927,0.00208637440933514,6.661338147750939e-16
flywire_783_mb_left_kc512_s701,542,spectral,role_shuffled,0,yoked_reward,0.01,full_refit,5,5,0.37185929648241206,13bad197faba59c3b2e01d40057b8012b86cb07dffb333de3a7f260bce3da1b4,f24e80b3f64589a1e3894e099b600538de0e98c27cde97a60ff9594032010160,0.00208637440933514,6.661338147750939e-16
flywire_783_mb_left_kc512_s701,542,spectral,role_shuffled,0,yoked_reward,0.03,fixed,5,5,0.36683417085427134,84035be42d7eff3f155bffbd72044a7258dfb68f840f93d381ecd668543a6173,60067fe0636f8a340efa260e6a2ef03c3491b4561f68beb4a81a4887dcc7b60d,0.006259123228005416,4.440892098500626e-16
flywire_783_mb_left_kc512_s701,542,spectral,role_shuffled,0,yoked_reward,0.03,stats_only,5,5,0.37185929648241206,84035be42d7eff3f155bffbd72044a7258dfb68f840f93d381ecd668543a6173,34c0d1f1f87c2594167907720babefd13c6e94857b28ec92fd0aeb0617fa5307,0.006259123228005416,4.440892098500626e-16
flywire_783_mb_left_kc512_s701,542,spectral,role_shuffled,0,yoked_reward,0.03,coefficients_only,5,5,0.37185929648241206,84035be42d7eff3f155bffbd72044a7258dfb68f840f93d381ecd668543a6173,f89fa16ca58e89a54f74fd4c20c9d2becceaad7ec2026dc58d0671329e34abd1,0.006259123228005416,4.440892098500626e-16
flywire_783_mb_left_kc512_s701,542,spectral,role_shuffled,0,yoked_reward,0.03,full_refit,5,5,0.37185929648241206,84035be42d7eff3f155bffbd72044a7258dfb68f840f93d381ecd668543a6173,9dd844bd6c0620c1989e37ab92ca52d2e679980d2e68bcc5b19c74e6b389e82d,0.006259123228005416,4.440892098500626e-16
flywire_783_mb_left_kc512_s701,542,spectral,role_shuffled,0,yoked_reward,0.1,fixed,5,5,0.35678391959798994,17a89f443a1a023ffc0104672bcbd2ab37b6269d7b0e53bae214c389da18d53d,60067fe0636f8a340efa260e6a2ef03c3491b4561f68beb4a81a4887dcc7b60d,0.020863744093351386,6.661338147750939e-16
flywire_783_mb_left_kc512_s701,542,spectral,role_shuffled,0,yoked_reward,0.1,stats_only,5,5,0.36180904522613067,17a89f443a1a023ffc0104672bcbd2ab37b6269d7b0e53bae214c389da18d53d,db7936eff04ceee8f04e95b0a1a62a436d9203a329d8df79e4308b5766b9b3dd,0.020863744093351386,6.661338147750939e-16
flywire_783_mb_left_kc512_s701,542,spectral,role_shuffled,0,yoked_reward,0.1,coefficients_only,5,5,0.3768844221105528,17a89f443a1a023ffc0104672bcbd2ab37b6269d7b0e53bae214c389da18d53d,eec7adaa7a9b198b176ed87618850f3ba4233f4f61de89db891aebdf83c78107,0.020863744093351386,6.661338147750939e-16
flywire_783_mb_left_kc512_s701,542,spectral,role_shuffled,0,yoked_reward,0.1,full_refit,5,5,0.37185929648241206,17a89f443a1a023ffc0104672bcbd2ab37b6269d7b0e53bae214c389da18d53d,7c5d658fc9743c332054ca115d2832c5433d4b6a8483c751ac3e11f9aa88d53b,0.020863744093351386,6.661338147750939e-16
flywire_783_mb_left_kc512_s701,542,spectral,role_shuffled,0,yoked_reward,0.3,fixed,5,0,0.23618090452261306,01f2d3626e9d5762c02da2ebc76b41adf2c2943ed85118cc3cc46b43b30475c5,60067fe0636f8a340efa260e6a2ef03c3491b4561f68beb4a81a4887dcc7b60d,0.06259123228005416,8.881784197001252e-16
flywire_783_mb_left_kc512_s701,542,spectral,role_shuffled,0,yoked_reward,0.3,stats_only,5,2,0.25125628140703515,01f2d3626e9d5762c02da2ebc76b41adf2c2943ed85118cc3cc46b43b30475c5,8e7d2bb887ac5f48c21a3f302314eeea3a1a03f23e6a139a70bcc143df826fa1,0.06259123228005416,8.881784197001252e-16
flywire_783_mb_left_kc512_s701,542,spectral,role_shuffled,0,yoked_reward,0.3,coefficients_only,5,5,0.38190954773869346,01f2d3626e9d5762c02da2ebc76b41adf2c2943ed85118cc3cc46b43b30475c5,23b691425d5b4a546b007ae06d79fc23630fd69114be5d76cb9f9b705ccc44e4,0.06259123228005416,8.881784197001252e-16
flywire_783_mb_left_kc512_s701,542,spectral,role_shuffled,0,yoked_reward,0.3,full_refit,5,5,0.3869346733668342,01f2d3626e9d5762c02da2ebc76b41adf2c2943ed85118cc3cc46b43b30475c5,7e4b013b3b76a8c3e6e2a39699af3eeecc1f16dc4d986926fa7958a0f2f5373f,0.06259123228005416,8.881784197001252e-16
flywire_783_mb_left_kc512_s701,542,spectral,role_shuffled,0,yoked_reward,1.0,fixed,5,0,0.16080402010050251,7929d32571badd8da2220772bee14cdc369a28e069837f184571482d5a7d432b,60067fe0636f8a340efa260e6a2ef03c3491b4561f68beb4a81a4887dcc7b60d,0.2086374409335139,4.440892098500626e-15
flywire_783_mb_left_kc512_s701,542,spectral,role_shuffled,0,yoked_reward,1.0,stats_only,5,2,0.16080402010050251,7929d32571badd8da2220772bee14cdc369a28e069837f184571482d5a7d432b,dd4d750fc3238510474202e3b3bb32b8b1fb762d0d20093653fac41d8021697a,0.2086374409335139,4.440892098500626e-15
flywire_783_mb_left_kc512_s701,542,spectral,role_shuffled,0,yoked_reward,1.0,coefficients_only,5,5,0.41708542713567837,7929d32571badd8da2220772bee14cdc369a28e069837f184571482d5a7d432b,f71aef9024ed1bf127654f8078259e3fd34801ff2f49a4a2466d8e42bead05cb,0.2086374409335139,4.440892098500626e-15
flywire_783_mb_left_kc512_s701,542,spectral,role_shuffled,0,yoked_reward,1.0,full_refit,5,5,0.4120603015075377,7929d32571badd8da2220772bee14cdc369a28e069837f184571482d5a7d432b,0ed106c74725ca3988ae2d92a715370e473276e6657602d81868c97d38d83d03,0.2086374409335139,4.440892098500626e-15
flywire_783_mb_left_kc512_s701,542,spectral,role_shuffled,3,reward_trace,0.0,fixed,6,5,0.37185929648241206,0ad203de7a612da4c1301b59cc6c76a5ceb48a9f77aef15f90f8ab08ff6c7284,60067fe0636f8a340efa260e6a2ef03c3491b4561f68beb4a81a4887dcc7b60d,0.0,0.0
flywire_783_mb_left_kc512_s701,542,spectral,role_shuffled,3,reward_trace,0.0,stats_only,6,5,0.37185929648241206,0ad203de7a612da4c1301b59cc6c76a5ceb48a9f77aef15f90f8ab08ff6c7284,60067fe0636f8a340efa260e6a2ef03c3491b4561f68beb4a81a4887dcc7b60d,0.0,0.0
flywire_783_mb_left_kc512_s701,542,spectral,role_shuffled,3,reward_trace,0.0,coefficients_only,6,5,0.37185929648241206,0ad203de7a612da4c1301b59cc6c76a5ceb48a9f77aef15f90f8ab08ff6c7284,60067fe0636f8a340efa260e6a2ef03c3491b4561f68beb4a81a4887dcc7b60d,0.0,0.0
flywire_783_mb_left_kc512_s701,542,spectral,role_shuffled,3,reward_trace,0.0,full_refit,6,5,0.37185929648241206,0ad203de7a612da4c1301b59cc6c76a5ceb48a9f77aef15f90f8ab08ff6c7284,60067fe0636f8a340efa260e6a2ef03c3491b4561f68beb4a81a4887dcc7b60d,0.0,0.0
flywire_783_mb_left_kc512_s701,542,spectral,role_shuffled,3,reward_trace,0.01,fixed,6,5,0.39195979899497485,84b35c23bc5666211bcb269e06ebe3a2e6fbebca058ba7e5c5f343fdda741e89,60067fe0636f8a340efa260e6a2ef03c3491b4561f68beb4a81a4887dcc7b60d,0.0027555031935916035,4.440892098500626e-16
flywire_783_mb_left_kc512_s701,542,spectral,role_shuffled,3,reward_trace,0.01,stats_only,6,5,0.39195979899497485,84b35c23bc5666211bcb269e06ebe3a2e6fbebca058ba7e5c5f343fdda741e89,09cc6a17b56f019ca19fd3dfe364f524660eb51c4b0b39600c50b8c386d78466,0.0027555031935916035,4.440892098500626e-16
flywire_783_mb_left_kc512_s701,542,spectral,role_shuffled,3,reward_trace,0.01,coefficients_only,6,5,0.37185929648241206,84b35c23bc5666211bcb269e06ebe3a2e6fbebca058ba7e5c5f343fdda741e89,f742aaeaebce2adbce4db9f56c94991e710611c8fc34c9be4644e8bab66c7772,0.0027555031935916035,4.440892098500626e-16
flywire_783_mb_left_kc512_s701,542,spectral,role_shuffled,3,reward_trace,0.01,full_refit,6,5,0.37185929648241206,84b35c23bc5666211bcb269e06ebe3a2e6fbebca058ba7e5c5f343fdda741e89,af3414f768b9274e071f044fe5bc75babf57ea6faf070ab9a0fb943795c8058e,0.0027555031935916035,4.440892098500626e-16
flywire_783_mb_left_kc512_s701,542,spectral,role_shuffled,3,reward_trace,0.03,fixed,6,5,0.39195979899497485,a1c4635071f57a3b2f1ae6df730759cc8f185b0def5f047763fca4095271fcf0,60067fe0636f8a340efa260e6a2ef03c3491b4561f68beb4a81a4887dcc7b60d,0.00826650958077481,4.440892098500626e-16
flywire_783_mb_left_kc512_s701,542,spectral,role_shuffled,3,reward_trace,0.03,stats_only,6,5,0.40703517587939697,a1c4635071f57a3b2f1ae6df730759cc8f185b0def5f047763fca4095271fcf0,d0464ce49d033e0f51c352cdcd351c94b37acdecfb83160950698e7820f37dad,0.00826650958077481,4.440892098500626e-16
flywire_783_mb_left_kc512_s701,542,spectral,role_shuffled,3,reward_trace,0.03,coefficients_only,6,5,0.37185929648241206,a1c4635071f57a3b2f1ae6df730759cc8f185b0def5f047763fca4095271fcf0,ec78c7a7409e6ebaf737e2dd26b3a2a6a8c53de0485fcf09f386582040a2e908,0.00826650958077481,4.440892098500626e-16
flywire_783_mb_left_kc512_s701,542,spectral,role_shuffled,3,reward_trace,0.03,full_refit,6,5,0.37185929648241206,a1c4635071f57a3b2f1ae6df730759cc8f185b0def5f047763fca4095271fcf0,6438c7a08f0ecde47724a53b2f8f5b3a18bd2a8014d66ecefc09ac34527d6dac,0.00826650958077481,4.440892098500626e-16
flywire_783_mb_left_kc512_s701,542,spectral,role_shuffled,3,reward_trace,0.1,fixed,6,0,0.35175879396984927,0e33b9a8865b5f4d3a9832fdc274ef5ed5d43f58368769e6d261785b204bcaef,60067fe0636f8a340efa260e6a2ef03c3491b4561f68beb4a81a4887dcc7b60d,0.027555031935916033,4.440892098500626e-16
flywire_783_mb_left_kc512_s701,542,spectral,role_shuffled,3,reward_trace,0.1,stats_only,6,0,0.35175879396984927,0e33b9a8865b5f4d3a9832fdc274ef5ed5d43f58368769e6d261785b204bcaef,db4202dddb6c6a715a1d950e4382f68296431b10ac1e25aceea6628b398093f2,0.027555031935916033,4.440892098500626e-16
flywire_783_mb_left_kc512_s701,542,spectral,role_shuffled,3,reward_trace,0.1,coefficients_only,6,5,0.3768844221105528,0e33b9a8865b5f4d3a9832fdc274ef5ed5d43f58368769e6d261785b204bcaef,e628e9cfabf6452e7e595dfd5bdf1ace8109f6826375df1c39c2162286375784,0.027555031935916033,4.440892098500626e-16
flywire_783_mb_left_kc512_s701,542,spectral,role_shuffled,3,reward_trace,0.1,full_refit,6,5,0.3768844221105528,0e33b9a8865b5f4d3a9832fdc274ef5ed5d43f58368769e6d261785b204bcaef,08f41f530f7eacc9e7b2e7b63a322d6036efbecb15c9d2d20444e015ba516e96,0.027555031935916033,4.440892098500626e-16
flywire_783_mb_left_kc512_s701,542,spectral,role_shuffled,3,reward_trace,0.3,fixed,6,0,0.22110552763819097,100d163cc895e2dc0e3d3bd39418ec907127c0a757222ffeb04af69b65fe96b1,60067fe0636f8a340efa260e6a2ef03c3491b4561f68beb4a81a4887dcc7b60d,0.08266509580774808,8.881784197001252e-16
flywire_783_mb_left_kc512_s701,542,spectral,role_shuffled,3,reward_trace,0.3,stats_only,6,0,0.25125628140703515,100d163cc895e2dc0e3d3bd39418ec907127c0a757222ffeb04af69b65fe96b1,414d891f0021958cd1b96fb1f6fbb99b9e5102409e629b686d029ae4fa40ce5e,0.08266509580774808,8.881784197001252e-16
flywire_783_mb_left_kc512_s701,542,spectral,role_shuffled,3,reward_trace,0.3,coefficients_only,6,5,0.3768844221105528,100d163cc895e2dc0e3d3bd39418ec907127c0a757222ffeb04af69b65fe96b1,f5b8a3cd7580de8b7b294c3e72581fae08f5191a3926e0489bece14465f9bb6a,0.08266509580774808,8.881784197001252e-16
flywire_783_mb_left_kc512_s701,542,spectral,role_shuffled,3,reward_trace,0.3,full_refit,6,5,0.3768844221105528,100d163cc895e2dc0e3d3bd39418ec907127c0a757222ffeb04af69b65fe96b1,6db03abe5b2dec864b8e530b2c7510079025b450fbc0b4ad2f497c123f51790a,0.08266509580774808,8.881784197001252e-16
flywire_783_mb_left_kc512_s701,542,spectral,role_shuffled,3,reward_trace,1.0,fixed,6,0,0.1658291457286432,94fb1685b6635712b402b2b943a3b0b5c6e8f5002e154d874fe240316b6493b8,60067fe0636f8a340efa260e6a2ef03c3491b4561f68beb4a81a4887dcc7b60d,0.27555031935916036,3.552713678800501e-15
flywire_783_mb_left_kc512_s701,542,spectral,role_shuffled,3,reward_trace,1.0,stats_only,6,0,0.15577889447236182,94fb1685b6635712b402b2b943a3b0b5c6e8f5002e154d874fe240316b6493b8,ff53d71d6e39b596fa6f19236ea76254abe43827ea8fa87bdb4cdd9a4666f8b7,0.27555031935916036,3.552713678800501e-15
flywire_783_mb_left_kc512_s701,542,spectral,role_shuffled,3,reward_trace,1.0,coefficients_only,6,5,0.4020100502512563,94fb1685b6635712b402b2b943a3b0b5c6e8f5002e154d874fe240316b6493b8,c04d5835e908b666a1e9ebc98a0915db4eb0b812f13d65737d4e9d057099be45,0.27555031935916036,3.552713678800501e-15
flywire_783_mb_left_kc512_s701,542,spectral,role_shuffled,3,reward_trace,1.0,full_refit,6,5,0.40703517587939697,94fb1685b6635712b402b2b943a3b0b5c6e8f5002e154d874fe240316b6493b8,7240797d78c73de214d0982025784103c90a49b1afc90b4ddacb472e9b1c84c4,0.27555031935916036,3.552713678800501e-15
flywire_783_mb_left_kc512_s701,542,spectral,role_shuffled,3,yoked_reward,0.0,fixed,7,5,0.37185929648241206,0ad203de7a612da4c1301b59cc6c76a5ceb48a9f77aef15f90f8ab08ff6c7284,60067fe0636f8a340efa260e6a2ef03c3491b4561f68beb4a81a4887dcc7b60d,0.0,0.0
flywire_783_mb_left_kc512_s701,542,spectral,role_shuffled,3,yoked_reward,0.0,stats_only,7,5,0.37185929648241206,0ad203de7a612da4c1301b59cc6c76a5ceb48a9f77aef15f90f8ab08ff6c7284,60067fe0636f8a340efa260e6a2ef03c3491b4561f68beb4a81a4887dcc7b60d,0.0,0.0
flywire_783_mb_left_kc512_s701,542,spectral,role_shuffled,3,yoked_reward,0.0,coefficients_only,7,5,0.37185929648241206,0ad203de7a612da4c1301b59cc6c76a5ceb48a9f77aef15f90f8ab08ff6c7284,60067fe0636f8a340efa260e6a2ef03c3491b4561f68beb4a81a4887dcc7b60d,0.0,0.0
flywire_783_mb_left_kc512_s701,542,spectral,role_shuffled,3,yoked_reward,0.0,full_refit,7,5,0.37185929648241206,0ad203de7a612da4c1301b59cc6c76a5ceb48a9f77aef15f90f8ab08ff6c7284,60067fe0636f8a340efa260e6a2ef03c3491b4561f68beb4a81a4887dcc7b60d,0.0,0.0
flywire_783_mb_left_kc512_s701,542,spectral,role_shuffled,3,yoked_reward,0.01,fixed,7,5,0.38190954773869346,bfbf5b69ab77135291261630f3101b292b802078e41bca2d2a44a088d46bb702,60067fe0636f8a340efa260e6a2ef03c3491b4561f68beb4a81a4887dcc7b60d,0.0021773248894679698,4.440892098500626e-16
flywire_783_mb_left_kc512_s701,542,spectral,role_shuffled,3,yoked_reward,0.01,stats_only,7,5,0.3869346733668342,bfbf5b69ab77135291261630f3101b292b802078e41bca2d2a44a088d46bb702,3417a18604b9f65fbfe68e1dd749b97eb70047448083df64ab9d4485359ca444,0.0021773248894679698,4.440892098500626e-16
flywire_783_mb_left_kc512_s701,542,spectral,role_shuffled,3,yoked_reward,0.01,coefficients_only,7,5,0.37185929648241206,bfbf5b69ab77135291261630f3101b292b802078e41bca2d2a44a088d46bb702,fbc71e885dca177e8eaea2baa9ef6a3516fed08cc4d38e363ba4a98915cc449a,0.0021773248894679698,4.440892098500626e-16
flywire_783_mb_left_kc512_s701,542,spectral,role_shuffled,3,yoked_reward,0.01,full_refit,7,5,0.37185929648241206,bfbf5b69ab77135291261630f3101b292b802078e41bca2d2a44a088d46bb702,1cc828c3839436e4d3069ffb23b48187fdd9392bfa6703a20bba4687aac2adf4,0.0021773248894679698,4.440892098500626e-16
flywire_783_mb_left_kc512_s701,542,spectral,role_shuffled,3,yoked_reward,0.03,fixed,7,5,0.3768844221105528,80cf2b152c890a9da3872759fbf72891f327600c0738c2ff0b7a2d5d5138533c,60067fe0636f8a340efa260e6a2ef03c3491b4561f68beb4a81a4887dcc7b60d,0.00653197466840391,8.881784197001252e-16
flywire_783_mb_left_kc512_s701,542,spectral,role_shuffled,3,yoked_reward,0.03,stats_only,7,5,0.38190954773869346,80cf2b152c890a9da3872759fbf72891f327600c0738c2ff0b7a2d5d5138533c,dee081aff5ae6e24360ace23e0409e84eaaa988400471170b77063a9b096383c,0.00653197466840391,8.881784197001252e-16
flywire_783_mb_left_kc512_s701,542,spectral,role_shuffled,3,yoked_reward,0.03,coefficients_only,7,5,0.37185929648241206,80cf2b152c890a9da3872759fbf72891f327600c0738c2ff0b7a2d5d5138533c,031b72851691dc672d2dfc77a8a6f34c9bfd6cfa878d0953549577cfe5138ba2,0.00653197466840391,8.881784197001252e-16
flywire_783_mb_left_kc512_s701,542,spectral,role_shuffled,3,yoked_reward,0.03,full_refit,7,5,0.37185929648241206,80cf2b152c890a9da3872759fbf72891f327600c0738c2ff0b7a2d5d5138533c,698c6cc60a9a0990613bac86390fa8e8ece7290a9153a6b83f05c166607a01b1,0.00653197466840391,8.881784197001252e-16
flywire_783_mb_left_kc512_s701,542,spectral,role_shuffled,3,yoked_reward,0.1,fixed,7,1,0.3015075376884422,bb0024a9420cda5b990b141046b5f81e336e6d2934b80be5ce3b4df861459a90,60067fe0636f8a340efa260e6a2ef03c3491b4561f68beb4a81a4887dcc7b60d,0.021773248894679704,8.881784197001252e-16
flywire_783_mb_left_kc512_s701,542,spectral,role_shuffled,3,yoked_reward,0.1,stats_only,7,1,0.34673366834170855,bb0024a9420cda5b990b141046b5f81e336e6d2934b80be5ce3b4df861459a90,64fe3ae51bb3bb2f8ff15718467f6cb6c8e4a12977e31218e07cde7f2d6ebce0,0.021773248894679704,8.881784197001252e-16
flywire_783_mb_left_kc512_s701,542,spectral,role_shuffled,3,yoked_reward,0.1,coefficients_only,7,5,0.37185929648241206,bb0024a9420cda5b990b141046b5f81e336e6d2934b80be5ce3b4df861459a90,c2e944174e3ae53a4110c70c9005245a851ab3acd7f4fae7c1e0027105c39a60,0.021773248894679704,8.881784197001252e-16
flywire_783_mb_left_kc512_s701,542,spectral,role_shuffled,3,yoked_reward,0.1,full_refit,7,5,0.37185929648241206,bb0024a9420cda5b990b141046b5f81e336e6d2934b80be5ce3b4df861459a90,2848bf19d6ded2af75fb4fd06dccc8e70c3d7f6ee9d42b23d6321f41b7854efb,0.021773248894679704,8.881784197001252e-16
flywire_783_mb_left_kc512_s701,542,spectral,role_shuffled,3,yoked_reward,0.3,fixed,7,1,0.20100502512562815,54f286d9d44afade8c880477f2236336c5cdc546392e5ac53b76abfa9b1304ec,60067fe0636f8a340efa260e6a2ef03c3491b4561f68beb4a81a4887dcc7b60d,0.0653197466840391,8.881784197001252e-16
flywire_783_mb_left_kc512_s701,542,spectral,role_shuffled,3,yoked_reward,0.3,stats_only,7,1,0.22110552763819097,54f286d9d44afade8c880477f2236336c5cdc546392e5ac53b76abfa9b1304ec,1c02d6308767c17e0bf2dabb6c57da2612ce3b2f937c4719c31a18e9f2490bd1,0.0653197466840391,8.881784197001252e-16
flywire_783_mb_left_kc512_s701,542,spectral,role_shuffled,3,yoked_reward,0.3,coefficients_only,7,5,0.3869346733668342,54f286d9d44afade8c880477f2236336c5cdc546392e5ac53b76abfa9b1304ec,c25d7274a929417736d95049fdb538f5e7404465b6c3eb3d4e3921a0b8137d5a,0.0653197466840391,8.881784197001252e-16
flywire_783_mb_left_kc512_s701,542,spectral,role_shuffled,3,yoked_reward,0.3,full_refit,7,5,0.3869346733668342,54f286d9d44afade8c880477f2236336c5cdc546392e5ac53b76abfa9b1304ec,e735dbe76b2fb844d2aca8c47f223245148680bf4af71e832d0d1c14c6870806,0.0653197466840391,8.881784197001252e-16
flywire_783_mb_left_kc512_s701,542,spectral,role_shuffled,3,yoked_reward,1.0,fixed,7,1,0.1457286432160804,7d8c469a85c1aaadf1c90649503849d77df3200e68c86afc8c45f74963695759,60067fe0636f8a340efa260e6a2ef03c3491b4561f68beb4a81a4887dcc7b60d,0.217732488946797,2.4424906541753444e-15
flywire_783_mb_left_kc512_s701,542,spectral,role_shuffled,3,yoked_reward,1.0,stats_only,7,1,0.15577889447236182,7d8c469a85c1aaadf1c90649503849d77df3200e68c86afc8c45f74963695759,ba035f699eedd2247dddd9c5ee8f3d35b6cf9c05ac62a4a72ceb6e0e90839578,0.217732488946797,2.4424906541753444e-15
flywire_783_mb_left_kc512_s701,542,spectral,role_shuffled,3,yoked_reward,1.0,coefficients_only,7,6,0.4020100502512563,7d8c469a85c1aaadf1c90649503849d77df3200e68c86afc8c45f74963695759,d086c60178fdebb39b687d8606c9d650f58eb49a626ef563d73f5321f56ff34d,0.217732488946797,2.4424906541753444e-15
flywire_783_mb_left_kc512_s701,542,spectral,role_shuffled,3,yoked_reward,1.0,full_refit,7,6,0.4020100502512563,7d8c469a85c1aaadf1c90649503849d77df3200e68c86afc8c45f74963695759,f8229cc084349c6205ef12152b106e8ca13d705d62461d6d75a8b762d286e2a0,0.217732488946797,2.4424906541753444e-15
flywire_783_mb_left_kc512_s701,542,incoming_l1,fly,0,reward_trace,0.0,fixed,8,5,0.4221105527638191,aef93307ea7829859419c0c00817f894b98a62402bc4985874f5b1bfe68b4029,1d7b256795203d6163a317a5cbe072aed6f2387810049af8241b82ceae0cb1c9,0.0,0.0
flywire_783_mb_left_kc512_s701,542,incoming_l1,fly,0,reward_trace,0.0,stats_only,8,5,0.4221105527638191,aef93307ea7829859419c0c00817f894b98a62402bc4985874f5b1bfe68b4029,1d7b256795203d6163a317a5cbe072aed6f2387810049af8241b82ceae0cb1c9,0.0,0.0
flywire_783_mb_left_kc512_s701,542,incoming_l1,fly,0,reward_trace,0.0,coefficients_only,8,5,0.4221105527638191,aef93307ea7829859419c0c00817f894b98a62402bc4985874f5b1bfe68b4029,1d7b256795203d6163a317a5cbe072aed6f2387810049af8241b82ceae0cb1c9,0.0,0.0
flywire_783_mb_left_kc512_s701,542,incoming_l1,fly,0,reward_trace,0.0,full_refit,8,5,0.4221105527638191,aef93307ea7829859419c0c00817f894b98a62402bc4985874f5b1bfe68b4029,1d7b256795203d6163a317a5cbe072aed6f2387810049af8241b82ceae0cb1c9,0.0,0.0
flywire_783_mb_left_kc512_s701,542,incoming_l1,fly,0,reward_trace,0.01,fixed,8,5,0.3768844221105528,e9376e9f2add38587deb03766676737106c7434c6e5fcc99ef23791d646edb9e,1d7b256795203d6163a317a5cbe072aed6f2387810049af8241b82ceae0cb1c9,0.002005777451295517,4.440892098500626e-16
flywire_783_mb_left_kc512_s701,542,incoming_l1,fly,0,reward_trace,0.01,stats_only,8,5,0.3969849246231156,e9376e9f2add38587deb03766676737106c7434c6e5fcc99ef23791d646edb9e,096c7c8215b64981f68dc81571e50c9fdc7a764aa7d92196d86699de76c0559a,0.002005777451295517,4.440892098500626e-16
flywire_783_mb_left_kc512_s701,542,incoming_l1,fly,0,reward_trace,0.01,coefficients_only,8,5,0.4221105527638191,e9376e9f2add38587deb03766676737106c7434c6e5fcc99ef23791d646edb9e,ddb2e0752874e158d301e11d66acdbe322c9691f5c08b1bd4781065a9daf15bb,0.002005777451295517,4.440892098500626e-16
flywire_783_mb_left_kc512_s701,542,incoming_l1,fly,0,reward_trace,0.01,full_refit,8,5,0.4221105527638191,e9376e9f2add38587deb03766676737106c7434c6e5fcc99ef23791d646edb9e,25b581d790abcdaceaf87fb46ad877ff5fad2d1997e9fbb21a30f625981b8e48,0.002005777451295517,4.440892098500626e-16
flywire_783_mb_left_kc512_s701,542,incoming_l1,fly,0,reward_trace,0.03,fixed,8,5,0.35175879396984927,4805439bd76d01345b77fff0b9dd1a38f2c19627ca93ea1ab687325059093b22,1d7b256795203d6163a317a5cbe072aed6f2387810049af8241b82ceae0cb1c9,0.006017332353886535,4.440892098500626e-16
flywire_783_mb_left_kc512_s701,542,incoming_l1,fly,0,reward_trace,0.03,stats_only,8,5,0.40703517587939697,4805439bd76d01345b77fff0b9dd1a38f2c19627ca93ea1ab687325059093b22,cfff15a6075f0ca813b1e5e02e409e58318f11d989407b95b683b5df5f1c1251,0.006017332353886535,4.440892098500626e-16
flywire_783_mb_left_kc512_s701,542,incoming_l1,fly,0,reward_trace,0.03,coefficients_only,8,5,0.41708542713567837,4805439bd76d01345b77fff0b9dd1a38f2c19627ca93ea1ab687325059093b22,1347264f66fa284ff79b677aac973df79ee584df66df4ae75c8ee8dd8dfb6353,0.006017332353886535,4.440892098500626e-16
flywire_783_mb_left_kc512_s701,542,incoming_l1,fly,0,reward_trace,0.03,full_refit,8,5,0.41708542713567837,4805439bd76d01345b77fff0b9dd1a38f2c19627ca93ea1ab687325059093b22,44e740ca404ac293b40e31b265b7b7afed315eb0a0f0926e96743d3ca9543f36,0.006017332353886535,4.440892098500626e-16
flywire_783_mb_left_kc512_s701,542,incoming_l1,fly,0,reward_trace,0.1,fixed,8,0,0.31155778894472363,fc1f1dc973f7b4dc35e044b55e31dbe7c19d7feabb3ab3e11d1383e3b3d30773,1d7b256795203d6163a317a5cbe072aed6f2387810049af8241b82ceae0cb1c9,0.020057774512955127,3.3306690738754696e-16
flywire_783_mb_left_kc512_s701,542,incoming_l1,fly,0,reward_trace,0.1,stats_only,8,5,0.35678391959798994,fc1f1dc973f7b4dc35e044b55e31dbe7c19d7feabb3ab3e11d1383e3b3d30773,7dcd280c3594df9a2f3b311a86348095759a6a40f994803dc7ffb9042bf39334,0.020057774512955127,3.3306690738754696e-16
flywire_783_mb_left_kc512_s701,542,incoming_l1,fly,0,reward_trace,0.1,coefficients_only,8,5,0.4221105527638191,fc1f1dc973f7b4dc35e044b55e31dbe7c19d7feabb3ab3e11d1383e3b3d30773,741e66c3aa28952907eb64e3c68dea22c77430496e7661b8369c022ab36787ca,0.020057774512955127,3.3306690738754696e-16
flywire_783_mb_left_kc512_s701,542,incoming_l1,fly,0,reward_trace,0.1,full_refit,8,5,0.4221105527638191,fc1f1dc973f7b4dc35e044b55e31dbe7c19d7feabb3ab3e11d1383e3b3d30773,3e2f1b96936288ddc6995772c73a199d89ddd26b00d43022bdd9a8e14b085d84,0.020057774512955127,3.3306690738754696e-16
flywire_783_mb_left_kc512_s701,542,incoming_l1,fly,0,reward_trace,0.3,fixed,8,0,0.25125628140703515,fef41b839c6c18571cf9bb4997ebd52cfe07f64afd7d8559dfbf91e28827e9dc,1d7b256795203d6163a317a5cbe072aed6f2387810049af8241b82ceae0cb1c9,0.06017332353886538,3.3306690738754696e-16
flywire_783_mb_left_kc512_s701,542,incoming_l1,fly,0,reward_trace,0.3,stats_only,8,0,0.2562814070351759,fef41b839c6c18571cf9bb4997ebd52cfe07f64afd7d8559dfbf91e28827e9dc,bec761617c7ed9b109ee3380f20a861620591ac6bf934b14354197aea11801d6,0.06017332353886538,3.3306690738754696e-16
flywire_783_mb_left_kc512_s701,542,incoming_l1,fly,0,reward_trace,0.3,coefficients_only,8,5,0.41708542713567837,fef41b839c6c18571cf9bb4997ebd52cfe07f64afd7d8559dfbf91e28827e9dc,1b83583be36270a98211bcd87ad48aa596aa8208bc88dec51c4540494253d87b,0.06017332353886538,3.3306690738754696e-16
flywire_783_mb_left_kc512_s701,542,incoming_l1,fly,0,reward_trace,0.3,full_refit,8,5,0.4120603015075377,fef41b839c6c18571cf9bb4997ebd52cfe07f64afd7d8559dfbf91e28827e9dc,a81620493e4c83dbd334412f07bb02d0b285a2bb9c6ede5d9bd76ffaee774d89,0.06017332353886538,3.3306690738754696e-16
flywire_783_mb_left_kc512_s701,542,incoming_l1,fly,0,reward_trace,1.0,fixed,8,0,0.20100502512562815,6b68704f8f899406cffe0fe9e8a32e7d3abdb144200d187ab37ae8a53fca0fc2,1d7b256795203d6163a317a5cbe072aed6f2387810049af8241b82ceae0cb1c9,0.20057774512955126,8.881784197001252e-16
flywire_783_mb_left_kc512_s701,542,incoming_l1,fly,0,reward_trace,1.0,stats_only,8,0,0.21608040201005024,6b68704f8f899406cffe0fe9e8a32e7d3abdb144200d187ab37ae8a53fca0fc2,ba01ca52c5679cd93982487fe7d50756ee8eff9cd9c3b88b83f1ea2641299210,0.20057774512955126,8.881784197001252e-16
flywire_783_mb_left_kc512_s701,542,incoming_l1,fly,0,reward_trace,1.0,coefficients_only,8,5,0.4020100502512563,6b68704f8f899406cffe0fe9e8a32e7d3abdb144200d187ab37ae8a53fca0fc2,c715844a4d31a8fae671755177e2b4b4c5a9d5d07c716b17a7b85c87b287b0c8,0.20057774512955126,8.881784197001252e-16
flywire_783_mb_left_kc512_s701,542,incoming_l1,fly,0,reward_trace,1.0,full_refit,8,5,0.39195979899497485,6b68704f8f899406cffe0fe9e8a32e7d3abdb144200d187ab37ae8a53fca0fc2,6930f8571afcab93026d537945f49fae0ab075f7e99552804a13444cfc452f8b,0.20057774512955126,8.881784197001252e-16
flywire_783_mb_left_kc512_s701,542,incoming_l1,fly,0,yoked_reward,0.0,fixed,9,5,0.4221105527638191,aef93307ea7829859419c0c00817f894b98a62402bc4985874f5b1bfe68b4029,1d7b256795203d6163a317a5cbe072aed6f2387810049af8241b82ceae0cb1c9,0.0,0.0
flywire_783_mb_left_kc512_s701,542,incoming_l1,fly,0,yoked_reward,0.0,stats_only,9,5,0.4221105527638191,aef93307ea7829859419c0c00817f894b98a62402bc4985874f5b1bfe68b4029,1d7b256795203d6163a317a5cbe072aed6f2387810049af8241b82ceae0cb1c9,0.0,0.0
flywire_783_mb_left_kc512_s701,542,incoming_l1,fly,0,yoked_reward,0.0,coefficients_only,9,5,0.4221105527638191,aef93307ea7829859419c0c00817f894b98a62402bc4985874f5b1bfe68b4029,1d7b256795203d6163a317a5cbe072aed6f2387810049af8241b82ceae0cb1c9,0.0,0.0
flywire_783_mb_left_kc512_s701,542,incoming_l1,fly,0,yoked_reward,0.0,full_refit,9,5,0.4221105527638191,aef93307ea7829859419c0c00817f894b98a62402bc4985874f5b1bfe68b4029,1d7b256795203d6163a317a5cbe072aed6f2387810049af8241b82ceae0cb1c9,0.0,0.0
flywire_783_mb_left_kc512_s701,542,incoming_l1,fly,0,yoked_reward,0.01,fixed,9,5,0.41708542713567837,a68d429c2be5601336c5f3fb0139d8a3a4dc95befd630daae987daaee73782bf,1d7b256795203d6163a317a5cbe072aed6f2387810049af8241b82ceae0cb1c9,0.001955869600632331,3.3306690738754696e-16
flywire_783_mb_left_kc512_s701,542,incoming_l1,fly,0,yoked_reward,0.01,stats_only,9,5,0.4371859296482412,a68d429c2be5601336c5f3fb0139d8a3a4dc95befd630daae987daaee73782bf,5d3894437277e60a9d6073d97f00c4fad038c39c6f5de287cc4683b4d1d0f553,0.001955869600632331,3.3306690738754696e-16
flywire_783_mb_left_kc512_s701,542,incoming_l1,fly,0,yoked_reward,0.01,coefficients_only,9,5,0.4221105527638191,a68d429c2be5601336c5f3fb0139d8a3a4dc95befd630daae987daaee73782bf,14bb3294ffc7265510575d24818979c577bb09edd37802353aaa8437e51c5a67,0.001955869600632331,3.3306690738754696e-16
flywire_783_mb_left_kc512_s701,542,incoming_l1,fly,0,yoked_reward,0.01,full_refit,9,5,0.4221105527638191,a68d429c2be5601336c5f3fb0139d8a3a4dc95befd630daae987daaee73782bf,728c98fc98c6662cb969e8562dd53607874fd10c1c2ca0e330a28e8c48ba91b1,0.001955869600632331,3.3306690738754696e-16
flywire_783_mb_left_kc512_s701,542,incoming_l1,fly,0,yoked_reward,0.03,fixed,9,5,0.37185929648241206,8d24f771e65a1a84027779f3b482ad09e8aca3ec9a7cecb14eeb43abb198a4d8,1d7b256795203d6163a317a5cbe072aed6f2387810049af8241b82ceae0cb1c9,0.005867608801896991,3.3306690738754696e-16
flywire_783_mb_left_kc512_s701,542,incoming_l1,fly,0,yoked_reward,0.03,stats_only,9,5,0.39195979899497485,8d24f771e65a1a84027779f3b482ad09e8aca3ec9a7cecb14eeb43abb198a4d8,2021eafde21817947c9456291cd6fbe0ab21cd277dc0b11509b73d8fbf5d294d,0.005867608801896991,3.3306690738754696e-16
flywire_783_mb_left_kc512_s701,542,incoming_l1,fly,0,yoked_reward,0.03,coefficients_only,9,5,0.4221105527638191,8d24f771e65a1a84027779f3b482ad09e8aca3ec9a7cecb14eeb43abb198a4d8,f34c3069990cf16292a4bc209eaabc2c11c0e7dba6da55a0e617b916b1d01460,0.005867608801896991,3.3306690738754696e-16
flywire_783_mb_left_kc512_s701,542,incoming_l1,fly,0,yoked_reward,0.03,full_refit,9,5,0.4221105527638191,8d24f771e65a1a84027779f3b482ad09e8aca3ec9a7cecb14eeb43abb198a4d8,c61937c82bff131569b1f1c6c2d7aca321be8fbeffff81d43f7895ae5af119f3,0.005867608801896991,3.3306690738754696e-16
flywire_783_mb_left_kc512_s701,542,incoming_l1,fly,0,yoked_reward,0.1,fixed,9,3,0.23618090452261306,b159c06237983400b0a15edecca2f16553d5420f6a9fc6e629a7d399e3aff9df,1d7b256795203d6163a317a5cbe072aed6f2387810049af8241b82ceae0cb1c9,0.019558696006323317,3.3306690738754696e-16
flywire_783_mb_left_kc512_s701,542,incoming_l1,fly,0,yoked_reward,0.1,stats_only,9,3,0.3316582914572864,b159c06237983400b0a15edecca2f16553d5420f6a9fc6e629a7d399e3aff9df,564dc0e66a6527b66a25bccf8e1ec229c18c1eaac2398dcfb1a7242175461b35,0.019558696006323317,3.3306690738754696e-16
flywire_783_mb_left_kc512_s701,542,incoming_l1,fly,0,yoked_reward,0.1,coefficients_only,9,5,0.41708542713567837,b159c06237983400b0a15edecca2f16553d5420f6a9fc6e629a7d399e3aff9df,9ae35f4eec7fc797d79e7cc0a669524e3e11ff5a94952152087d204873331e34,0.019558696006323317,3.3306690738754696e-16
flywire_783_mb_left_kc512_s701,542,incoming_l1,fly,0,yoked_reward,0.1,full_refit,9,5,0.41708542713567837,b159c06237983400b0a15edecca2f16553d5420f6a9fc6e629a7d399e3aff9df,ebfa50166b9bb568d345dbee955a70554cfd079938dc40cbf0ce3ae03b08d7df,0.019558696006323317,3.3306690738754696e-16
flywire_783_mb_left_kc512_s701,542,incoming_l1,fly,0,yoked_reward,0.3,fixed,9,2,0.10552763819095477,a4ea15733af5616949a81c5294df6f3b8828442725a9516bedcec1444137b1a4,1d7b256795203d6163a317a5cbe072aed6f2387810049af8241b82ceae0cb1c9,0.05867608801896994,3.3306690738754696e-16
flywire_783_mb_left_kc512_s701,542,incoming_l1,fly,0,yoked_reward,0.3,stats_only,9,0,0.18592964824120603,a4ea15733af5616949a81c5294df6f3b8828442725a9516bedcec1444137b1a4,327c73747e4ab13b2f032746a4be5710a8f5342262d2a975923e7bcd32c57d66,0.05867608801896994,3.3306690738754696e-16
flywire_783_mb_left_kc512_s701,542,incoming_l1,fly,0,yoked_reward,0.3,coefficients_only,9,5,0.40703517587939697,a4ea15733af5616949a81c5294df6f3b8828442725a9516bedcec1444137b1a4,1b7afc0ecb1dd94464a9cf76579cb38d1be97a999de8f98f83531f6080a63e14,0.05867608801896994,3.3306690738754696e-16
flywire_783_mb_left_kc512_s701,542,incoming_l1,fly,0,yoked_reward,0.3,full_refit,9,5,0.4020100502512563,a4ea15733af5616949a81c5294df6f3b8828442725a9516bedcec1444137b1a4,94894e5ad41b300928cd1df728c2d09ff19ec1d10e79d355b2e56add64f74e78,0.05867608801896994,3.3306690738754696e-16
flywire_783_mb_left_kc512_s701,542,incoming_l1,fly,0,yoked_reward,1.0,fixed,9,1,0.09045226130653267,5e3a4e25ecee11d831b2189502686b7cd6b66e22f4f02a5ddb456962a78a5abc,1d7b256795203d6163a317a5cbe072aed6f2387810049af8241b82ceae0cb1c9,0.19558696006323315,9.992007221626409e-16
flywire_783_mb_left_kc512_s701,542,incoming_l1,fly,0,yoked_reward,1.0,stats_only,9,0,0.11055276381909548,5e3a4e25ecee11d831b2189502686b7cd6b66e22f4f02a5ddb456962a78a5abc,92b0b50e37eaecfc8f653bec4f92f3c9780c95a82c8d1d92d536b4e2f7a1ae3e,0.19558696006323315,9.992007221626409e-16
flywire_783_mb_left_kc512_s701,542,incoming_l1,fly,0,yoked_reward,1.0,coefficients_only,9,3,0.3869346733668342,5e3a4e25ecee11d831b2189502686b7cd6b66e22f4f02a5ddb456962a78a5abc,babb356ea043a168c57c8258eb2a2c5a3c8aa5f4cb93a77268e73863cba305fd,0.19558696006323315,9.992007221626409e-16
flywire_783_mb_left_kc512_s701,542,incoming_l1,fly,0,yoked_reward,1.0,full_refit,9,3,0.3969849246231156,5e3a4e25ecee11d831b2189502686b7cd6b66e22f4f02a5ddb456962a78a5abc,321b04b681eb3e2f14ff2b47a71b76041c52df8700b117c750a9c727634c9c92,0.19558696006323315,9.992007221626409e-16
flywire_783_mb_left_kc512_s701,542,incoming_l1,fly,3,reward_trace,0.0,fixed,10,5,0.4221105527638191,aef93307ea7829859419c0c00817f894b98a62402bc4985874f5b1bfe68b4029,1d7b256795203d6163a317a5cbe072aed6f2387810049af8241b82ceae0cb1c9,0.0,0.0
flywire_783_mb_left_kc512_s701,542,incoming_l1,fly,3,reward_trace,0.0,stats_only,10,5,0.4221105527638191,aef93307ea7829859419c0c00817f894b98a62402bc4985874f5b1bfe68b4029,1d7b256795203d6163a317a5cbe072aed6f2387810049af8241b82ceae0cb1c9,0.0,0.0
flywire_783_mb_left_kc512_s701,542,incoming_l1,fly,3,reward_trace,0.0,coefficients_only,10,5,0.4221105527638191,aef93307ea7829859419c0c00817f894b98a62402bc4985874f5b1bfe68b4029,1d7b256795203d6163a317a5cbe072aed6f2387810049af8241b82ceae0cb1c9,0.0,0.0
flywire_783_mb_left_kc512_s701,542,incoming_l1,fly,3,reward_trace,0.0,full_refit,10,5,0.4221105527638191,aef93307ea7829859419c0c00817f894b98a62402bc4985874f5b1bfe68b4029,1d7b256795203d6163a317a5cbe072aed6f2387810049af8241b82ceae0cb1c9,0.0,0.0
flywire_783_mb_left_kc512_s701,542,incoming_l1,fly,3,reward_trace,0.01,fixed,10,5,0.4221105527638191,411b267efbede399a12101d52658b334f47af4c475b0881fad7b7c9fa3cc4c7e,1d7b256795203d6163a317a5cbe072aed6f2387810049af8241b82ceae0cb1c9,0.0018345402818306736,3.3306690738754696e-16
flywire_783_mb_left_kc512_s701,542,incoming_l1,fly,3,reward_trace,0.01,stats_only,10,5,0.4020100502512563,411b267efbede399a12101d52658b334f47af4c475b0881fad7b7c9fa3cc4c7e,2a4226169b3fc29246a13d1c4b45ecffcede17cd82aa37ba94cbcbc83eaa031c,0.0018345402818306736,3.3306690738754696e-16
flywire_783_mb_left_kc512_s701,542,incoming_l1,fly,3,reward_trace,0.01,coefficients_only,10,5,0.4221105527638191,411b267efbede399a12101d52658b334f47af4c475b0881fad7b7c9fa3cc4c7e,47d7495e604366e5a991f0896f0b53a5e20f25794c2b621027a761c65426b5f3,0.0018345402818306736,3.3306690738754696e-16
flywire_783_mb_left_kc512_s701,542,incoming_l1,fly,3,reward_trace,0.01,full_refit,10,5,0.4221105527638191,411b267efbede399a12101d52658b334f47af4c475b0881fad7b7c9fa3cc4c7e,aa36d6aa3a85c4fd829f2ac7d1716cb58a1d060d5bd31ea25ac3c5417da65c16,0.0018345402818306736,3.3306690738754696e-16
flywire_783_mb_left_kc512_s701,542,incoming_l1,fly,3,reward_trace,0.03,fixed,10,5,0.4020100502512563,24ddbe939d7b1336b8a273144e2b706e36dfee5956f7b6be05f6cc2faa15c758,1d7b256795203d6163a317a5cbe072aed6f2387810049af8241b82ceae0cb1c9,0.005503620845492026,3.3306690738754696e-16
flywire_783_mb_left_kc512_s701,542,incoming_l1,fly,3,reward_trace,0.03,stats_only,10,5,0.3969849246231156,24ddbe939d7b1336b8a273144e2b706e36dfee5956f7b6be05f6cc2faa15c758,805270dceba35fca9cd2a2de94fda17592f64dfabda900fa4bc2437517834a81,0.005503620845492026,3.3306690738754696e-16
flywire_783_mb_left_kc512_s701,542,incoming_l1,fly,3,reward_trace,0.03,coefficients_only,10,5,0.41708542713567837,24ddbe939d7b1336b8a273144e2b706e36dfee5956f7b6be05f6cc2faa15c758,5774423c6a4d602c834fe15f1dd48c9763f1caad6c8c003e6a06889c593fe90a,0.005503620845492026,3.3306690738754696e-16
flywire_783_mb_left_kc512_s701,542,incoming_l1,fly,3,reward_trace,0.03,full_refit,10,5,0.41708542713567837,24ddbe939d7b1336b8a273144e2b706e36dfee5956f7b6be05f6cc2faa15c758,fc89522cc0bdb5f9d8ea3844df6e7aaac4787685a72b6adeab9eabe54a3f79db,0.005503620845492026,3.3306690738754696e-16
flywire_783_mb_left_kc512_s701,542,incoming_l1,fly,3,reward_trace,0.1,fixed,10,0,0.2814070351758794,70ebcf9c2a4a62d9693d75978d055133f678032e1f0a5a4170c0e82fc4f408da,1d7b256795203d6163a317a5cbe072aed6f2387810049af8241b82ceae0cb1c9,0.018345402818306752,3.3306690738754696e-16
flywire_783_mb_left_kc512_s701,542,incoming_l1,fly,3,reward_trace,0.1,stats_only,10,0,0.3316582914572864,70ebcf9c2a4a62d9693d75978d055133f678032e1f0a5a4170c0e82fc4f408da,8909bf238ef7569d59d4cf54fa688a53fa0179bc13326220ad40c7c1a7458fe4,0.018345402818306752,3.3306690738754696e-16
flywire_783_mb_left_kc512_s701,542,incoming_l1,fly,3,reward_trace,0.1,coefficients_only,10,5,0.40703517587939697,70ebcf9c2a4a62d9693d75978d055133f678032e1f0a5a4170c0e82fc4f408da,aaa7a23bab1b80199e2894b29b390f317e98c14937ce4d15028d5c651e02cfa2,0.018345402818306752,3.3306690738754696e-16
flywire_783_mb_left_kc512_s701,542,incoming_l1,fly,3,reward_trace,0.1,full_refit,10,5,0.40703517587939697,70ebcf9c2a4a62d9693d75978d055133f678032e1f0a5a4170c0e82fc4f408da,d33b3631e95940fa22668a35170eb98c62d80581272e5da9956b930fa35f9d9f,0.018345402818306752,3.3306690738754696e-16
flywire_783_mb_left_kc512_s701,542,incoming_l1,fly,3,reward_trace,0.3,fixed,10,0,0.18090452261306533,22fb945e8d28c089ad758b89c3ca69c31dd462ed51809ee39a47472fff24eb97,1d7b256795203d6163a317a5cbe072aed6f2387810049af8241b82ceae0cb1c9,0.05503620845492026,3.3306690738754696e-16
flywire_783_mb_left_kc512_s701,542,incoming_l1,fly,3,reward_trace,0.3,stats_only,10,0,0.19597989949748743,22fb945e8d28c089ad758b89c3ca69c31dd462ed51809ee39a47472fff24eb97,153c1c8da9ad66b297a2a5bb2204127913cc64c78dbc447d15dbb036b88b7acf,0.05503620845492026,3.3306690738754696e-16
flywire_783_mb_left_kc512_s701,542,incoming_l1,fly,3,reward_trace,0.3,coefficients_only,10,5,0.40703517587939697,22fb945e8d28c089ad758b89c3ca69c31dd462ed51809ee39a47472fff24eb97,c1b0239358344b54086a997e8fbe0d11ba3f709dde4497f0bf22cb9cc7d85a5a,0.05503620845492026,3.3306690738754696e-16
flywire_783_mb_left_kc512_s701,542,incoming_l1,fly,3,reward_trace,0.3,full_refit,10,5,0.4120603015075377,22fb945e8d28c089ad758b89c3ca69c31dd462ed51809ee39a47472fff24eb97,9d3f39b8a8bfaf342e841d40b56ced7bf9f5ac855e7fddada810e4493f9dff73,0.05503620845492026,3.3306690738754696e-16
flywire_783_mb_left_kc512_s701,542,incoming_l1,fly,3,reward_trace,1.0,fixed,10,0,0.135678391959799,8891a923de7d2fdedc9585072711fc04414fb93aaa53865d69ff80f7ecfb4c61,1d7b256795203d6163a317a5cbe072aed6f2387810049af8241b82ceae0cb1c9,0.18345402818306758,9.992007221626409e-16
flywire_783_mb_left_kc512_s701,542,incoming_l1,fly,3,reward_trace,1.0,stats_only,10,0,0.1457286432160804,8891a923de7d2fdedc9585072711fc04414fb93aaa53865d69ff80f7ecfb4c61,0faf34eecb757f170437ae805fa06ca3bba60e3f8309d1ea44cf67ff6e6b86a1,0.18345402818306758,9.992007221626409e-16
flywire_783_mb_left_kc512_s701,542,incoming_l1,fly,3,reward_trace,1.0,coefficients_only,10,5,0.3869346733668342,8891a923de7d2fdedc9585072711fc04414fb93aaa53865d69ff80f7ecfb4c61,4467a23df4a071dff94fec7594364faff0c15df3aaaabe669837363674331c00,0.18345402818306758,9.992007221626409e-16
flywire_783_mb_left_kc512_s701,542,incoming_l1,fly,3,reward_trace,1.0,full_refit,10,5,0.4020100502512563,8891a923de7d2fdedc9585072711fc04414fb93aaa53865d69ff80f7ecfb4c61,afe3b049a5f7c3de3b24ad48e2936a2d52edf99e70d5556ccaa26c2ce841158f,0.18345402818306758,9.992007221626409e-16
flywire_783_mb_left_kc512_s701,542,incoming_l1,fly,3,yoked_reward,0.0,fixed,11,5,0.4221105527638191,aef93307ea7829859419c0c00817f894b98a62402bc4985874f5b1bfe68b4029,1d7b256795203d6163a317a5cbe072aed6f2387810049af8241b82ceae0cb1c9,0.0,0.0
flywire_783_mb_left_kc512_s701,542,incoming_l1,fly,3,yoked_reward,0.0,stats_only,11,5,0.4221105527638191,aef93307ea7829859419c0c00817f894b98a62402bc4985874f5b1bfe68b4029,1d7b256795203d6163a317a5cbe072aed6f2387810049af8241b82ceae0cb1c9,0.0,0.0
flywire_783_mb_left_kc512_s701,542,incoming_l1,fly,3,yoked_reward,0.0,coefficients_only,11,5,0.4221105527638191,aef93307ea7829859419c0c00817f894b98a62402bc4985874f5b1bfe68b4029,1d7b256795203d6163a317a5cbe072aed6f2387810049af8241b82ceae0cb1c9,0.0,0.0
flywire_783_mb_left_kc512_s701,542,incoming_l1,fly,3,yoked_reward,0.0,full_refit,11,5,0.4221105527638191,aef93307ea7829859419c0c00817f894b98a62402bc4985874f5b1bfe68b4029,1d7b256795203d6163a317a5cbe072aed6f2387810049af8241b82ceae0cb1c9,0.0,0.0
flywire_783_mb_left_kc512_s701,542,incoming_l1,fly,3,yoked_reward,0.01,fixed,11,5,0.4371859296482412,5b9d90843e82c357e5a8e654f7a200cb891731e35f33be8b59094997a67c4556,1d7b256795203d6163a317a5cbe072aed6f2387810049af8241b82ceae0cb1c9,0.0018338563254284943,4.440892098500626e-16
flywire_783_mb_left_kc512_s701,542,incoming_l1,fly,3,yoked_reward,0.01,stats_only,11,5,0.4221105527638191,5b9d90843e82c357e5a8e654f7a200cb891731e35f33be8b59094997a67c4556,18c42eae0a4bde2744c9ddc0055f0f9e9b96da7150dc9b2f889cb85fcee59e86,0.0018338563254284943,4.440892098500626e-16
flywire_783_mb_left_kc512_s701,542,incoming_l1,fly,3,yoked_reward,0.01,coefficients_only,11,5,0.41708542713567837,5b9d90843e82c357e5a8e654f7a200cb891731e35f33be8b59094997a67c4556,db3a1d63a09089f55c643e8c38c1669703c1f9e4da4683da32af9d8f5b17caab,0.0018338563254284943,4.440892098500626e-16
flywire_783_mb_left_kc512_s701,542,incoming_l1,fly,3,yoked_reward,0.01,full_refit,11,5,0.41708542713567837,5b9d90843e82c357e5a8e654f7a200cb891731e35f33be8b59094997a67c4556,9d2aea0cfd4a77ba298a644d0daf7878863643314f43d297fb53b5cad37375da,0.0018338563254284943,4.440892098500626e-16
flywire_783_mb_left_kc512_s701,542,incoming_l1,fly,3,yoked_reward,0.03,fixed,11,5,0.3969849246231156,7c6acd86f7e1a0fce32477b8a2b02bd69366bc6d381d7b147e670816f6c35f29,1d7b256795203d6163a317a5cbe072aed6f2387810049af8241b82ceae0cb1c9,0.0055015689762854805,3.3306690738754696e-16
flywire_783_mb_left_kc512_s701,542,incoming_l1,fly,3,yoked_reward,0.03,stats_only,11,5,0.4221105527638191,7c6acd86f7e1a0fce32477b8a2b02bd69366bc6d381d7b147e670816f6c35f29,dc8c6ce0d02bf2bf66af1eb0400ea5edce633d382fff39e2e81383b5ea33d1e4,0.0055015689762854805,3.3306690738754696e-16
flywire_783_mb_left_kc512_s701,542,incoming_l1,fly,3,yoked_reward,0.03,coefficients_only,11,5,0.4120603015075377,7c6acd86f7e1a0fce32477b8a2b02bd69366bc6d381d7b147e670816f6c35f29,40c7b925a638461454d80feeb987f72058bc294f8282ca4813432f82fc299bd7,0.0055015689762854805,3.3306690738754696e-16
flywire_783_mb_left_kc512_s701,542,incoming_l1,fly,3,yoked_reward,0.03,full_refit,11,5,0.4120603015075377,7c6acd86f7e1a0fce32477b8a2b02bd69366bc6d381d7b147e670816f6c35f29,7028c4250ed23312da5a237b542031c6f7c2a4ca1d0d503cad7155c9b2bec7ca,0.0055015689762854805,3.3306690738754696e-16
flywire_783_mb_left_kc512_s701,542,incoming_l1,fly,3,yoked_reward,0.1,fixed,11,1,0.27638190954773867,65f5155bab810ccd8b48bb8979ed879fde06990144d8f132b9590ec2df4c0c60,1d7b256795203d6163a317a5cbe072aed6f2387810049af8241b82ceae0cb1c9,0.018338563254284942,2.220446049250313e-16
flywire_783_mb_left_kc512_s701,542,incoming_l1,fly,3,yoked_reward,0.1,stats_only,11,1,0.3316582914572864,65f5155bab810ccd8b48bb8979ed879fde06990144d8f132b9590ec2df4c0c60,eb249f3e3f184579df76591cb6f36ea74376d6ebd1bc440886f3ccaa7a2d749d,0.018338563254284942,2.220446049250313e-16
flywire_783_mb_left_kc512_s701,542,incoming_l1,fly,3,yoked_reward,0.1,coefficients_only,11,5,0.4020100502512563,65f5155bab810ccd8b48bb8979ed879fde06990144d8f132b9590ec2df4c0c60,049c71c50c29f1693e401bbce202030ef9bd2be43096b7f89b1c950762a525f8,0.018338563254284942,2.220446049250313e-16
flywire_783_mb_left_kc512_s701,542,incoming_l1,fly,3,yoked_reward,0.1,full_refit,11,5,0.40703517587939697,65f5155bab810ccd8b48bb8979ed879fde06990144d8f132b9590ec2df4c0c60,33937ef538fee86f99f8158f49db3677d79670bcb170b9f07e186503e5e9f276,0.018338563254284942,2.220446049250313e-16
flywire_783_mb_left_kc512_s701,542,incoming_l1,fly,3,yoked_reward,0.3,fixed,11,1,0.12060301507537688,3c65ae66ed49cdcb9534f0c9b6f743552c86bd3f923de81eae50d4ecc0822aae,1d7b256795203d6163a317a5cbe072aed6f2387810049af8241b82ceae0cb1c9,0.055015689762854834,5.551115123125783e-16
flywire_783_mb_left_kc512_s701,542,incoming_l1,fly,3,yoked_reward,0.3,stats_only,11,1,0.1708542713567839,3c65ae66ed49cdcb9534f0c9b6f743552c86bd3f923de81eae50d4ecc0822aae,db7aeb349d4ab0debf3d8e10def63ce217aa60e80c43592886b63013c3792cc9,0.055015689762854834,5.551115123125783e-16
flywire_783_mb_left_kc512_s701,542,incoming_l1,fly,3,yoked_reward,0.3,coefficients_only,11,5,0.4120603015075377,3c65ae66ed49cdcb9534f0c9b6f743552c86bd3f923de81eae50d4ecc0822aae,264629b2ed811a2923219b6df843c49d1477c023b52bc63d562293a0e1cd1f9f,0.055015689762854834,5.551115123125783e-16
flywire_783_mb_left_kc512_s701,542,incoming_l1,fly,3,yoked_reward,0.3,full_refit,11,5,0.4221105527638191,3c65ae66ed49cdcb9534f0c9b6f743552c86bd3f923de81eae50d4ecc0822aae,824f89520316ff240015251d050e54b78cb208ae40835d79bca3d7767207947d,0.055015689762854834,5.551115123125783e-16
flywire_783_mb_left_kc512_s701,542,incoming_l1,fly,3,yoked_reward,1.0,fixed,11,0,0.09547738693467336,ca48e3e65ce6c28f72796c09b9995f81337c31a5fba74739986278cc975bdeb1,1d7b256795203d6163a317a5cbe072aed6f2387810049af8241b82ceae0cb1c9,0.18338563254284945,8.881784197001252e-16
flywire_783_mb_left_kc512_s701,542,incoming_l1,fly,3,yoked_reward,1.0,stats_only,11,0,0.09547738693467336,ca48e3e65ce6c28f72796c09b9995f81337c31a5fba74739986278cc975bdeb1,e0227b7fcc48318795485be2622bc45aaa439b01fd231397a02bd5f919a0a4e8,0.18338563254284945,8.881784197001252e-16
flywire_783_mb_left_kc512_s701,542,incoming_l1,fly,3,yoked_reward,1.0,coefficients_only,11,5,0.3969849246231156,ca48e3e65ce6c28f72796c09b9995f81337c31a5fba74739986278cc975bdeb1,ffbb9a3f1d38a3dd845069b6e13df31f9979745049023157d3408153b30ed68d,0.18338563254284945,8.881784197001252e-16
flywire_783_mb_left_kc512_s701,542,incoming_l1,fly,3,yoked_reward,1.0,full_refit,11,5,0.39195979899497485,ca48e3e65ce6c28f72796c09b9995f81337c31a5fba74739986278cc975bdeb1,bde53d1b83be25343d029cb4ed3febcb788e9dcda75b25e755fdbab5ea009487,0.18338563254284945,8.881784197001252e-16
flywire_783_mb_left_kc512_s701,542,incoming_l1,role_shuffled,0,reward_trace,0.0,fixed,12,5,0.46733668341708545,3a28c7ce84180e9a7b91799c81e689ed5f1a94893d051e4fca7d7f33c49b6fa6,4eb2970dfddb6fb09e6605e614c374489909c3e9d107ee6a9872d1c25d52fd32,0.0,0.0
flywire_783_mb_left_kc512_s701,542,incoming_l1,role_shuffled,0,reward_trace,0.0,stats_only,12,5,0.46733668341708545,3a28c7ce84180e9a7b91799c81e689ed5f1a94893d051e4fca7d7f33c49b6fa6,4eb2970dfddb6fb09e6605e614c374489909c3e9d107ee6a9872d1c25d52fd32,0.0,0.0
flywire_783_mb_left_kc512_s701,542,incoming_l1,role_shuffled,0,reward_trace,0.0,coefficients_only,12,5,0.46733668341708545,3a28c7ce84180e9a7b91799c81e689ed5f1a94893d051e4fca7d7f33c49b6fa6,4eb2970dfddb6fb09e6605e614c374489909c3e9d107ee6a9872d1c25d52fd32,0.0,0.0
flywire_783_mb_left_kc512_s701,542,incoming_l1,role_shuffled,0,reward_trace,0.0,full_refit,12,5,0.46733668341708545,3a28c7ce84180e9a7b91799c81e689ed5f1a94893d051e4fca7d7f33c49b6fa6,4eb2970dfddb6fb09e6605e614c374489909c3e9d107ee6a9872d1c25d52fd32,0.0,0.0
flywire_783_mb_left_kc512_s701,542,incoming_l1,role_shuffled,0,reward_trace,0.01,fixed,12,5,0.48743718592964824,e9b60524be2c6b88398f85760017eadd0dfdca43d5332054ab67a48997278596,4eb2970dfddb6fb09e6605e614c374489909c3e9d107ee6a9872d1c25d52fd32,0.002135551474299804,3.3306690738754696e-16
flywire_783_mb_left_kc512_s701,542,incoming_l1,role_shuffled,0,reward_trace,0.01,stats_only,12,5,0.4723618090452261,e9b60524be2c6b88398f85760017eadd0dfdca43d5332054ab67a48997278596,8136e4dd0697c8e0db26d6f02dec405c36d3db3270a2053b00d84c8aed5c2af3,0.002135551474299804,3.3306690738754696e-16
flywire_783_mb_left_kc512_s701,542,incoming_l1,role_shuffled,0,reward_trace,0.01,coefficients_only,12,5,0.46733668341708545,e9b60524be2c6b88398f85760017eadd0dfdca43d5332054ab67a48997278596,367ed4ba404374eef93c37759cb652f2402c01e17b4da7a1f4737a6a8d01ae3d,0.002135551474299804,3.3306690738754696e-16
flywire_783_mb_left_kc512_s701,542,incoming_l1,role_shuffled,0,reward_trace,0.01,full_refit,12,5,0.46733668341708545,e9b60524be2c6b88398f85760017eadd0dfdca43d5332054ab67a48997278596,210c27139ab3eff84209b509fbf593adf86c6ade697ada54d9dda63711fde383,0.002135551474299804,3.3306690738754696e-16
flywire_783_mb_left_kc512_s701,542,incoming_l1,role_shuffled,0,reward_trace,0.03,fixed,12,5,0.4472361809045226,0136eaa5fe96837bcb8d9450e8428d77dedbe6a2da14dc6ef1344057990ac77e,4eb2970dfddb6fb09e6605e614c374489909c3e9d107ee6a9872d1c25d52fd32,0.00640665442289941,2.220446049250313e-16
flywire_783_mb_left_kc512_s701,542,incoming_l1,role_shuffled,0,reward_trace,0.03,stats_only,12,5,0.46733668341708545,0136eaa5fe96837bcb8d9450e8428d77dedbe6a2da14dc6ef1344057990ac77e,059f355ba2ec84229d9d643f9a584e58c062ff852637ca0e7c173d616f3cb58c,0.00640665442289941,2.220446049250313e-16
flywire_783_mb_left_kc512_s701,542,incoming_l1,role_shuffled,0,reward_trace,0.03,coefficients_only,12,5,0.4723618090452261,0136eaa5fe96837bcb8d9450e8428d77dedbe6a2da14dc6ef1344057990ac77e,17d6e8287e728a6528863479b21df0f691d4e4886ded2ecfde240de7b1fbdbb6,0.00640665442289941,2.220446049250313e-16
flywire_783_mb_left_kc512_s701,542,incoming_l1,role_shuffled,0,reward_trace,0.03,full_refit,12,5,0.4723618090452261,0136eaa5fe96837bcb8d9450e8428d77dedbe6a2da14dc6ef1344057990ac77e,d73dc093655e31910b011f774432616e6e7d829262a8b9cc49bfd75da819f731,0.00640665442289941,2.220446049250313e-16
flywire_783_mb_left_kc512_s701,542,incoming_l1,role_shuffled,0,reward_trace,0.1,fixed,12,0,0.2914572864321608,f633ae9ccf2821adb9be195e6e9c5d4a937ce9d7983cc4f4620deb91e95b24c1,4eb2970dfddb6fb09e6605e614c374489909c3e9d107ee6a9872d1c25d52fd32,0.021355514742998037,3.3306690738754696e-16
flywire_783_mb_left_kc512_s701,542,incoming_l1,role_shuffled,0,reward_trace,0.1,stats_only,12,2,0.37185929648241206,f633ae9ccf2821adb9be195e6e9c5d4a937ce9d7983cc4f4620deb91e95b24c1,a0081d2dee6bc2ba3687ae370e3282ac1c81de7ddd5a28909795423b554a621c,0.021355514742998037,3.3306690738754696e-16
flywire_783_mb_left_kc512_s701,542,incoming_l1,role_shuffled,0,reward_trace,0.1,coefficients_only,12,5,0.47738693467336685,f633ae9ccf2821adb9be195e6e9c5d4a937ce9d7983cc4f4620deb91e95b24c1,0147d4a5100e40f2034e17350024a47fd375ff1b3b760d5018be99210dbe154e,0.021355514742998037,3.3306690738754696e-16
flywire_783_mb_left_kc512_s701,542,incoming_l1,role_shuffled,0,reward_trace,0.1,full_refit,12,5,0.47738693467336685,f633ae9ccf2821adb9be195e6e9c5d4a937ce9d7983cc4f4620deb91e95b24c1,f7084c78cb3e3dc2f5294fb8543a0ae167fa179588664191d289865356c9cd10,0.021355514742998037,3.3306690738754696e-16
flywire_783_mb_left_kc512_s701,542,incoming_l1,role_shuffled,0,reward_trace,0.3,fixed,12,0,0.22613065326633167,c269b3045e38e005fedf6dfdd0e2d44377499299126df7870d1ac89aa77ae10e,4eb2970dfddb6fb09e6605e614c374489909c3e9d107ee6a9872d1c25d52fd32,0.06406654422899408,5.551115123125783e-16
flywire_783_mb_left_kc512_s701,542,incoming_l1,role_shuffled,0,reward_trace,0.3,stats_only,12,0,0.25125628140703515,c269b3045e38e005fedf6dfdd0e2d44377499299126df7870d1ac89aa77ae10e,404c79d5d464ab114d5c61b97ade69f01cbf73265db2c4b37c6a4ed56c8361e6,0.06406654422899408,5.551115123125783e-16
flywire_783_mb_left_kc512_s701,542,incoming_l1,role_shuffled,0,reward_trace,0.3,coefficients_only,12,5,0.4723618090452261,c269b3045e38e005fedf6dfdd0e2d44377499299126df7870d1ac89aa77ae10e,f17cde6890fd1ded26f11527331701b488abd32094064563e26a63841fcaab6e,0.06406654422899408,5.551115123125783e-16
flywire_783_mb_left_kc512_s701,542,incoming_l1,role_shuffled,0,reward_trace,0.3,full_refit,12,5,0.4723618090452261,c269b3045e38e005fedf6dfdd0e2d44377499299126df7870d1ac89aa77ae10e,ec37b4801e7146dae9aa57b8e6bb77ba6cc0ca87ce8cbee16b454402587e76d8,0.06406654422899408,5.551115123125783e-16
flywire_783_mb_left_kc512_s701,542,incoming_l1,role_shuffled,0,reward_trace,1.0,fixed,12,0,0.19597989949748743,60b9995193f01dea3525d0957552aca7ba928c42afb275e3fd466f2516a2a8d6,4eb2970dfddb6fb09e6605e614c374489909c3e9d107ee6a9872d1c25d52fd32,0.2135551474299803,1.2212453270876722e-15
flywire_783_mb_left_kc512_s701,542,incoming_l1,role_shuffled,0,reward_trace,1.0,stats_only,12,0,0.19095477386934673,60b9995193f01dea3525d0957552aca7ba928c42afb275e3fd466f2516a2a8d6,dc8c272e5658ab537702c3f9e1ef399d0d2d75a04d43c577c96b79f85a37f4d4,0.2135551474299803,1.2212453270876722e-15
flywire_783_mb_left_kc512_s701,542,incoming_l1,role_shuffled,0,reward_trace,1.0,coefficients_only,12,5,0.4271356783919598,60b9995193f01dea3525d0957552aca7ba928c42afb275e3fd466f2516a2a8d6,ddbd58cce202b8f5a09ea2f171aaec3b07a211c043e03932d4e83ce186702f22,0.2135551474299803,1.2212453270876722e-15
flywire_783_mb_left_kc512_s701,542,incoming_l1,role_shuffled,0,reward_trace,1.0,full_refit,12,5,0.45226130653266333,60b9995193f01dea3525d0957552aca7ba928c42afb275e3fd466f2516a2a8d6,87b48128805f3556b5de3b739b5a12eec6dfae0dd9748f5c92c20cc6cd954cb7,0.2135551474299803,1.2212453270876722e-15
flywire_783_mb_left_kc512_s701,542,incoming_l1,role_shuffled,0,yoked_reward,0.0,fixed,13,5,0.46733668341708545,3a28c7ce84180e9a7b91799c81e689ed5f1a94893d051e4fca7d7f33c49b6fa6,4eb2970dfddb6fb09e6605e614c374489909c3e9d107ee6a9872d1c25d52fd32,0.0,0.0
flywire_783_mb_left_kc512_s701,542,incoming_l1,role_shuffled,0,yoked_reward,0.0,stats_only,13,5,0.46733668341708545,3a28c7ce84180e9a7b91799c81e689ed5f1a94893d051e4fca7d7f33c49b6fa6,4eb2970dfddb6fb09e6605e614c374489909c3e9d107ee6a9872d1c25d52fd32,0.0,0.0
flywire_783_mb_left_kc512_s701,542,incoming_l1,role_shuffled,0,yoked_reward,0.0,coefficients_only,13,5,0.46733668341708545,3a28c7ce84180e9a7b91799c81e689ed5f1a94893d051e4fca7d7f33c49b6fa6,4eb2970dfddb6fb09e6605e614c374489909c3e9d107ee6a9872d1c25d52fd32,0.0,0.0
flywire_783_mb_left_kc512_s701,542,incoming_l1,role_shuffled,0,yoked_reward,0.0,full_refit,13,5,0.46733668341708545,3a28c7ce84180e9a7b91799c81e689ed5f1a94893d051e4fca7d7f33c49b6fa6,4eb2970dfddb6fb09e6605e614c374489909c3e9d107ee6a9872d1c25d52fd32,0.0,0.0
flywire_783_mb_left_kc512_s701,542,incoming_l1,role_shuffled,0,yoked_reward,0.01,fixed,13,5,0.4723618090452261,644675e3e8fd991aabd00eaa35f84fb14b266f11e10bd76e43e282dbf0746ee5,4eb2970dfddb6fb09e6605e614c374489909c3e9d107ee6a9872d1c25d52fd32,0.0020323315408936372,2.220446049250313e-16
flywire_783_mb_left_kc512_s701,542,incoming_l1,role_shuffled,0,yoked_reward,0.01,stats_only,13,5,0.45226130653266333,644675e3e8fd991aabd00eaa35f84fb14b266f11e10bd76e43e282dbf0746ee5,2259c29870e09e9360a18a38c9de0403e2569f1d3a1ab3d43d9331d677a2b57d,0.0020323315408936372,2.220446049250313e-16
flywire_783_mb_left_kc512_s701,542,incoming_l1,role_shuffled,0,yoked_reward,0.01,coefficients_only,13,5,0.46733668341708545,644675e3e8fd991aabd00eaa35f84fb14b266f11e10bd76e43e282dbf0746ee5,e0433dd5c648ef87d3fcb0f7b8f4ba82d481526f9aee0e292f91aaa187b88c81,0.0020323315408936372,2.220446049250313e-16
flywire_783_mb_left_kc512_s701,542,incoming_l1,role_shuffled,0,yoked_reward,0.01,full_refit,13,5,0.46733668341708545,644675e3e8fd991aabd00eaa35f84fb14b266f11e10bd76e43e282dbf0746ee5,bb7601256eb91b277ea65ba226304bf7c76a205b053ccc3c26e1fe608d6c9ed9,0.0020323315408936372,2.220446049250313e-16
flywire_783_mb_left_kc512_s701,542,incoming_l1,role_shuffled,0,yoked_reward,0.03,fixed,13,5,0.4472361809045226,5d9cb282fc72af40b1ebd703c42bd0cf6fa57fd0347510ed43b37336ccf7274d,4eb2970dfddb6fb09e6605e614c374489909c3e9d107ee6a9872d1c25d52fd32,0.0060969946226809,2.220446049250313e-16
flywire_783_mb_left_kc512_s701,542,incoming_l1,role_shuffled,0,yoked_reward,0.03,stats_only,13,5,0.4371859296482412,5d9cb282fc72af40b1ebd703c42bd0cf6fa57fd0347510ed43b37336ccf7274d,4ac95e2e5bc217463d8c9cf04e500f8adddec67973a82d5eadf1442a600ce005,0.0060969946226809,2.220446049250313e-16
flywire_783_mb_left_kc512_s701,542,incoming_l1,role_shuffled,0,yoked_reward,0.03,coefficients_only,13,5,0.46733668341708545,5d9cb282fc72af40b1ebd703c42bd0cf6fa57fd0347510ed43b37336ccf7274d,2ea56e54c461b1efbb6c964ce03165b2c03bce0ed20b27bdd5da3073678e9d87,0.0060969946226809,2.220446049250313e-16
flywire_783_mb_left_kc512_s701,542,incoming_l1,role_shuffled,0,yoked_reward,0.03,full_refit,13,5,0.46733668341708545,5d9cb282fc72af40b1ebd703c42bd0cf6fa57fd0347510ed43b37336ccf7274d,7af1cae7c1866d8df27e46c9b4df2c285daca36c90e2ddb44811d0dc502cb1cc,0.0060969946226809,2.220446049250313e-16
flywire_783_mb_left_kc512_s701,542,incoming_l1,role_shuffled,0,yoked_reward,0.1,fixed,13,0,0.27638190954773867,5cf6555547dfc52ea77709f189166b4d34fb483bebf431332f07547fd74a4451,4eb2970dfddb6fb09e6605e614c374489909c3e9d107ee6a9872d1c25d52fd32,0.020323315408936345,3.3306690738754696e-16
flywire_783_mb_left_kc512_s701,542,incoming_l1,role_shuffled,0,yoked_reward,0.1,stats_only,13,0,0.36683417085427134,5cf6555547dfc52ea77709f189166b4d34fb483bebf431332f07547fd74a4451,5b7fe6f8e3d044096e55e9f94f6e15af467fb50b5c167ae76e6dfef3fd12197a,0.020323315408936345,3.3306690738754696e-16
flywire_783_mb_left_kc512_s701,542,incoming_l1,role_shuffled,0,yoked_reward,0.1,coefficients_only,13,5,0.47738693467336685,5cf6555547dfc52ea77709f189166b4d34fb483bebf431332f07547fd74a4451,d461560ee6bcf92cbd315a652e30aafe0d66a54035b49a532fb78b767336a36d,0.020323315408936345,3.3306690738754696e-16
flywire_783_mb_left_kc512_s701,542,incoming_l1,role_shuffled,0,yoked_reward,0.1,full_refit,13,5,0.47738693467336685,5cf6555547dfc52ea77709f189166b4d34fb483bebf431332f07547fd74a4451,f2c612f4e04a981613f0b208a5a5732fb2d7da7b792b4a043b0677f324c39d35,0.020323315408936345,3.3306690738754696e-16
flywire_783_mb_left_kc512_s701,542,incoming_l1,role_shuffled,0,yoked_reward,0.3,fixed,13,0,0.18592964824120603,69c786803c97123bdd97b5b9892394654fed6ed7152cd3b55657f083d3aa02db,4eb2970dfddb6fb09e6605e614c374489909c3e9d107ee6a9872d1c25d52fd32,0.06096994622680902,5.551115123125783e-16
flywire_783_mb_left_kc512_s701,542,incoming_l1,role_shuffled,0,yoked_reward,0.3,stats_only,13,0,0.21608040201005024,69c786803c97123bdd97b5b9892394654fed6ed7152cd3b55657f083d3aa02db,aa4c567ba84b60e395758e36201a12f964a78375088a39efc5e198460523441f,0.06096994622680902,5.551115123125783e-16
flywire_783_mb_left_kc512_s701,542,incoming_l1,role_shuffled,0,yoked_reward,0.3,coefficients_only,13,5,0.4723618090452261,69c786803c97123bdd97b5b9892394654fed6ed7152cd3b55657f083d3aa02db,5de70d1b470c573655f88e2ea3b75d22443fc50100e0da540548ef8f0cc00e28,0.06096994622680902,5.551115123125783e-16
flywire_783_mb_left_kc512_s701,542,incoming_l1,role_shuffled,0,yoked_reward,0.3,full_refit,13,5,0.4723618090452261,69c786803c97123bdd97b5b9892394654fed6ed7152cd3b55657f083d3aa02db,df2f83e5cad369bb33b34a6a604ed3dfb3b6f7ac8ab9f1fbb05b7fa1f17bfb5d,0.06096994622680902,5.551115123125783e-16
flywire_783_mb_left_kc512_s701,542,incoming_l1,role_shuffled,0,yoked_reward,1.0,fixed,13,0,0.12562814070351758,81461f3ccc3752a4941b3d07e21c3e1a74f2aa3dd411c53d478e1b1ad4ca366d,4eb2970dfddb6fb09e6605e614c374489909c3e9d107ee6a9872d1c25d52fd32,0.2032331540893634,1.3322676295501878e-15
flywire_783_mb_left_kc512_s701,542,incoming_l1,role_shuffled,0,yoked_reward,1.0,stats_only,13,0,0.1407035175879397,81461f3ccc3752a4941b3d07e21c3e1a74f2aa3dd411c53d478e1b1ad4ca366d,7e45835259fa59611f1dc0d573c943106b380dcafc1bd0cdec080cfd9ede9035,0.2032331540893634,1.3322676295501878e-15
flywire_783_mb_left_kc512_s701,542,incoming_l1,role_shuffled,0,yoked_reward,1.0,coefficients_only,13,5,0.47738693467336685,81461f3ccc3752a4941b3d07e21c3e1a74f2aa3dd411c53d478e1b1ad4ca366d,dc34d2551643b8e51676d465591d3b8502becad10300c9dae33f451cb43d1909,0.2032331540893634,1.3322676295501878e-15
flywire_783_mb_left_kc512_s701,542,incoming_l1,role_shuffled,0,yoked_reward,1.0,full_refit,13,5,0.46733668341708545,81461f3ccc3752a4941b3d07e21c3e1a74f2aa3dd411c53d478e1b1ad4ca366d,fa63a54cc0d2162e98b046dcb26aeeb89c76cfbe3fac1852ac40e1e1ef10bd53,0.2032331540893634,1.3322676295501878e-15
flywire_783_mb_left_kc512_s701,542,incoming_l1,role_shuffled,3,reward_trace,0.0,fixed,14,5,0.46733668341708545,3a28c7ce84180e9a7b91799c81e689ed5f1a94893d051e4fca7d7f33c49b6fa6,4eb2970dfddb6fb09e6605e614c374489909c3e9d107ee6a9872d1c25d52fd32,0.0,0.0
flywire_783_mb_left_kc512_s701,542,incoming_l1,role_shuffled,3,reward_trace,0.0,stats_only,14,5,0.46733668341708545,3a28c7ce84180e9a7b91799c81e689ed5f1a94893d051e4fca7d7f33c49b6fa6,4eb2970dfddb6fb09e6605e614c374489909c3e9d107ee6a9872d1c25d52fd32,0.0,0.0
flywire_783_mb_left_kc512_s701,542,incoming_l1,role_shuffled,3,reward_trace,0.0,coefficients_only,14,5,0.46733668341708545,3a28c7ce84180e9a7b91799c81e689ed5f1a94893d051e4fca7d7f33c49b6fa6,4eb2970dfddb6fb09e6605e614c374489909c3e9d107ee6a9872d1c25d52fd32,0.0,0.0
flywire_783_mb_left_kc512_s701,542,incoming_l1,role_shuffled,3,reward_trace,0.0,full_refit,14,5,0.46733668341708545,3a28c7ce84180e9a7b91799c81e689ed5f1a94893d051e4fca7d7f33c49b6fa6,4eb2970dfddb6fb09e6605e614c374489909c3e9d107ee6a9872d1c25d52fd32,0.0,0.0
flywire_783_mb_left_kc512_s701,542,incoming_l1,role_shuffled,3,reward_trace,0.01,fixed,14,5,0.4623115577889447,b5f4bc813a47fcf9387c1b80bcda90df60c3b7428a7fd9fcac5e4d548846efed,4eb2970dfddb6fb09e6605e614c374489909c3e9d107ee6a9872d1c25d52fd32,0.001760282286231842,3.3306690738754696e-16
flywire_783_mb_left_kc512_s701,542,incoming_l1,role_shuffled,3,reward_trace,0.01,stats_only,14,5,0.4723618090452261,b5f4bc813a47fcf9387c1b80bcda90df60c3b7428a7fd9fcac5e4d548846efed,4a60cef365bce48f6ad5b792a5ce33e2c2514a31ad63c0ef4d60ee407df60899,0.001760282286231842,3.3306690738754696e-16
flywire_783_mb_left_kc512_s701,542,incoming_l1,role_shuffled,3,reward_trace,0.01,coefficients_only,14,5,0.4723618090452261,b5f4bc813a47fcf9387c1b80bcda90df60c3b7428a7fd9fcac5e4d548846efed,1229891a356c6b2c657300817a7eb36671c4efc2784ffbf7877cdd8b8d682bf4,0.001760282286231842,3.3306690738754696e-16
flywire_783_mb_left_kc512_s701,542,incoming_l1,role_shuffled,3,reward_trace,0.01,full_refit,14,5,0.4723618090452261,b5f4bc813a47fcf9387c1b80bcda90df60c3b7428a7fd9fcac5e4d548846efed,b73754e4a5960e8879e131e67ca544b4b336e0f78146e288c2e04b6e614d5130,0.001760282286231842,3.3306690738754696e-16
flywire_783_mb_left_kc512_s701,542,incoming_l1,role_shuffled,3,reward_trace,0.03,fixed,14,5,0.4371859296482412,39352e53668f81e583fef2c9e3d16e4094504e4434e18f857fc927223c20c2d7,4eb2970dfddb6fb09e6605e614c374489909c3e9d107ee6a9872d1c25d52fd32,0.005280846858695524,2.220446049250313e-16
flywire_783_mb_left_kc512_s701,542,incoming_l1,role_shuffled,3,reward_trace,0.03,stats_only,14,5,0.4623115577889447,39352e53668f81e583fef2c9e3d16e4094504e4434e18f857fc927223c20c2d7,c3dabfc61f5df6c8cc6034ef9f4671839129b4e0008b30a2de61d06458dc593f,0.005280846858695524,2.220446049250313e-16
flywire_783_mb_left_kc512_s701,542,incoming_l1,role_shuffled,3,reward_trace,0.03,coefficients_only,14,5,0.4723618090452261,39352e53668f81e583fef2c9e3d16e4094504e4434e18f857fc927223c20c2d7,f246185836903e8c99f93210edf368f82ea20615d6359f106524d2248454c62d,0.005280846858695524,2.220446049250313e-16
flywire_783_mb_left_kc512_s701,542,incoming_l1,role_shuffled,3,reward_trace,0.03,full_refit,14,5,0.4723618090452261,39352e53668f81e583fef2c9e3d16e4094504e4434e18f857fc927223c20c2d7,f338990f8ee6cecd3b1b2e134cb67f049395e6f422db27bdb21d5ee716c43716,0.005280846858695524,2.220446049250313e-16
flywire_783_mb_left_kc512_s701,542,incoming_l1,role_shuffled,3,reward_trace,0.1,fixed,14,5,0.32160804020100503,d7cf28a95e5063106d803692639ffceec69c7fdfe3da16811b7ed0c2bc6cd75c,4eb2970dfddb6fb09e6605e614c374489909c3e9d107ee6a9872d1c25d52fd32,0.017602822862318415,4.440892098500626e-16
flywire_783_mb_left_kc512_s701,542,incoming_l1,role_shuffled,3,reward_trace,0.1,stats_only,14,5,0.3869346733668342,d7cf28a95e5063106d803692639ffceec69c7fdfe3da16811b7ed0c2bc6cd75c,39736dc11e5b36d296a2b8e5f49955dab7268b88b710baefe522fc33186f787b,0.017602822862318415,4.440892098500626e-16
flywire_783_mb_left_kc512_s701,542,incoming_l1,role_shuffled,3,reward_trace,0.1,coefficients_only,14,5,0.46733668341708545,d7cf28a95e5063106d803692639ffceec69c7fdfe3da16811b7ed0c2bc6cd75c,ab3923de613c020c6c6eaa20bbea962e953908b7ec7a2154afc7038e39902f2d,0.017602822862318415,4.440892098500626e-16
flywire_783_mb_left_kc512_s701,542,incoming_l1,role_shuffled,3,reward_trace,0.1,full_refit,14,5,0.46733668341708545,d7cf28a95e5063106d803692639ffceec69c7fdfe3da16811b7ed0c2bc6cd75c,2477f9c4e4a08b010987e21f4ba0815ddba731840cf8abc3f13f123f9b810ba8,0.017602822862318415,4.440892098500626e-16
flywire_783_mb_left_kc512_s701,542,incoming_l1,role_shuffled,3,reward_trace,0.3,fixed,14,2,0.1507537688442211,51128c93a474073a5ab16151a28ea631a9de875916f596bcd83d5d0463ef7421,4eb2970dfddb6fb09e6605e614c374489909c3e9d107ee6a9872d1c25d52fd32,0.05280846858695523,4.440892098500626e-16
flywire_783_mb_left_kc512_s701,542,incoming_l1,role_shuffled,3,reward_trace,0.3,stats_only,14,2,0.21608040201005024,51128c93a474073a5ab16151a28ea631a9de875916f596bcd83d5d0463ef7421,8da1ec81bb1a71453f7c71c3b146de87624cc0a86870f8f895f25b86f0b6a720,0.05280846858695523,4.440892098500626e-16
flywire_783_mb_left_kc512_s701,542,incoming_l1,role_shuffled,3,reward_trace,0.3,coefficients_only,14,5,0.4623115577889447,51128c93a474073a5ab16151a28ea631a9de875916f596bcd83d5d0463ef7421,730d816c5ffec55fadc86ce21723ba97982474b593376623b360c022caa83d68,0.05280846858695523,4.440892098500626e-16
flywire_783_mb_left_kc512_s701,542,incoming_l1,role_shuffled,3,reward_trace,0.3,full_refit,14,5,0.4623115577889447,51128c93a474073a5ab16151a28ea631a9de875916f596bcd83d5d0463ef7421,0f6452ed8a5f70cd22113105eba1d5b989b906c622441084830a4b592eafdc60,0.05280846858695523,4.440892098500626e-16
flywire_783_mb_left_kc512_s701,542,incoming_l1,role_shuffled,3,reward_trace,1.0,fixed,14,2,0.11055276381909548,3c9d0a6894729dbb04c4f13de9f0a350a8653100dc4bfcd051288d83914b2412,4eb2970dfddb6fb09e6605e614c374489909c3e9d107ee6a9872d1c25d52fd32,0.17602822862318412,1.5543122344752192e-15
flywire_783_mb_left_kc512_s701,542,incoming_l1,role_shuffled,3,reward_trace,1.0,stats_only,14,0,0.11055276381909548,3c9d0a6894729dbb04c4f13de9f0a350a8653100dc4bfcd051288d83914b2412,88aed3f3e29829497dbb4a0dde100cabe63dc7fd302033cc531bc1a65cdee440,0.17602822862318412,1.5543122344752192e-15
flywire_783_mb_left_kc512_s701,542,incoming_l1,role_shuffled,3,reward_trace,1.0,coefficients_only,14,5,0.4271356783919598,3c9d0a6894729dbb04c4f13de9f0a350a8653100dc4bfcd051288d83914b2412,9dccb9f04e19b101a252227e6e8f90c9cdb5202eba00e968115001457a33b39e,0.17602822862318412,1.5543122344752192e-15
flywire_783_mb_left_kc512_s701,542,incoming_l1,role_shuffled,3,reward_trace,1.0,full_refit,14,5,0.4371859296482412,3c9d0a6894729dbb04c4f13de9f0a350a8653100dc4bfcd051288d83914b2412,a3ec43a97cd19d2654665c2247479fff0bc88e69f478cdeb82cf748e8f0f3352,0.17602822862318412,1.5543122344752192e-15
flywire_783_mb_left_kc512_s701,542,incoming_l1,role_shuffled,3,yoked_reward,0.0,fixed,15,5,0.46733668341708545,3a28c7ce84180e9a7b91799c81e689ed5f1a94893d051e4fca7d7f33c49b6fa6,4eb2970dfddb6fb09e6605e614c374489909c3e9d107ee6a9872d1c25d52fd32,0.0,0.0
flywire_783_mb_left_kc512_s701,542,incoming_l1,role_shuffled,3,yoked_reward,0.0,stats_only,15,5,0.46733668341708545,3a28c7ce84180e9a7b91799c81e689ed5f1a94893d051e4fca7d7f33c49b6fa6,4eb2970dfddb6fb09e6605e614c374489909c3e9d107ee6a9872d1c25d52fd32,0.0,0.0
flywire_783_mb_left_kc512_s701,542,incoming_l1,role_shuffled,3,yoked_reward,0.0,coefficients_only,15,5,0.46733668341708545,3a28c7ce84180e9a7b91799c81e689ed5f1a94893d051e4fca7d7f33c49b6fa6,4eb2970dfddb6fb09e6605e614c374489909c3e9d107ee6a9872d1c25d52fd32,0.0,0.0
flywire_783_mb_left_kc512_s701,542,incoming_l1,role_shuffled,3,yoked_reward,0.0,full_refit,15,5,0.46733668341708545,3a28c7ce84180e9a7b91799c81e689ed5f1a94893d051e4fca7d7f33c49b6fa6,4eb2970dfddb6fb09e6605e614c374489909c3e9d107ee6a9872d1c25d52fd32,0.0,0.0
flywire_783_mb_left_kc512_s701,542,incoming_l1,role_shuffled,3,yoked_reward,0.01,fixed,15,5,0.457286432160804,a86a3001756b0171da11f909139bca56f632c43f25615a3166999e31682b657c,4eb2970dfddb6fb09e6605e614c374489909c3e9d107ee6a9872d1c25d52fd32,0.0015707662101090173,3.3306690738754696e-16
flywire_783_mb_left_kc512_s701,542,incoming_l1,role_shuffled,3,yoked_reward,0.01,stats_only,15,5,0.46733668341708545,a86a3001756b0171da11f909139bca56f632c43f25615a3166999e31682b657c,0b476ed4acb1e0cc71c590cf365061375f502268a9c22705db2a84f9829551a4,0.0015707662101090173,3.3306690738754696e-16
flywire_783_mb_left_kc512_s701,542,incoming_l1,role_shuffled,3,yoked_reward,0.01,coefficients_only,15,5,0.46733668341708545,a86a3001756b0171da11f909139bca56f632c43f25615a3166999e31682b657c,2622f019a66370bc8b6083a4fc09b61620d6bd00e4dd99e36dd43c97ecd3dada,0.0015707662101090173,3.3306690738754696e-16
flywire_783_mb_left_kc512_s701,542,incoming_l1,role_shuffled,3,yoked_reward,0.01,full_refit,15,5,0.46733668341708545,a86a3001756b0171da11f909139bca56f632c43f25615a3166999e31682b657c,af4bbfebee5866136c329b8c69681761b825da3d3e51eca7b2fdc36f8b7625d1,0.0015707662101090173,3.3306690738754696e-16
flywire_783_mb_left_kc512_s701,542,incoming_l1,role_shuffled,3,yoked_reward,0.03,fixed,15,5,0.4271356783919598,2535cf17a391dc5e507727e373e7d7ee38a40d8b4272593e48200134f3642d1f,4eb2970dfddb6fb09e6605e614c374489909c3e9d107ee6a9872d1c25d52fd32,0.004712298630327066,2.220446049250313e-16
flywire_783_mb_left_kc512_s701,542,incoming_l1,role_shuffled,3,yoked_reward,0.03,stats_only,15,5,0.45226130653266333,2535cf17a391dc5e507727e373e7d7ee38a40d8b4272593e48200134f3642d1f,1f748b63194d9e2e7d91add0eb139fd1f2b4545c8348f216335dc71e3a853464,0.004712298630327066,2.220446049250313e-16
flywire_783_mb_left_kc512_s701,542,incoming_l1,role_shuffled,3,yoked_reward,0.03,coefficients_only,15,5,0.4723618090452261,2535cf17a391dc5e507727e373e7d7ee38a40d8b4272593e48200134f3642d1f,0cb7a6cdceffcaadf2e8d0ed10835901a8081d57d4304c1b05346e24205f706c,0.004712298630327066,2.220446049250313e-16
flywire_783_mb_left_kc512_s701,542,incoming_l1,role_shuffled,3,yoked_reward,0.03,full_refit,15,5,0.46733668341708545,2535cf17a391dc5e507727e373e7d7ee38a40d8b4272593e48200134f3642d1f,97a6341fca542b41a2d0864c6bc0ddaeea90a491e989195d760f00e56bf70fe4,0.004712298630327066,2.220446049250313e-16
flywire_783_mb_left_kc512_s701,542,incoming_l1,role_shuffled,3,yoked_reward,0.1,fixed,15,5,0.35175879396984927,f3765e0d3463050e7a7441804568a937b3f2a5d4321e4a53ac4dd7bc39178b47,4eb2970dfddb6fb09e6605e614c374489909c3e9d107ee6a9872d1c25d52fd32,0.015707662101090217,3.3306690738754696e-16
flywire_783_mb_left_kc512_s701,542,incoming_l1,role_shuffled,3,yoked_reward,0.1,stats_only,15,5,0.36683417085427134,f3765e0d3463050e7a7441804568a937b3f2a5d4321e4a53ac4dd7bc39178b47,39924a309416d8ec95419cd06273bfbea1769618102a1f157e862b7df1c20944,0.015707662101090217,3.3306690738754696e-16
flywire_783_mb_left_kc512_s701,542,incoming_l1,role_shuffled,3,yoked_reward,0.1,coefficients_only,15,5,0.4623115577889447,f3765e0d3463050e7a7441804568a937b3f2a5d4321e4a53ac4dd7bc39178b47,338698f359bb18bf71c7a8aa9d8fa2817df60f1895e9f48d300e16332d340faf,0.015707662101090217,3.3306690738754696e-16
flywire_783_mb_left_kc512_s701,542,incoming_l1,role_shuffled,3,yoked_reward,0.1,full_refit,15,5,0.4623115577889447,f3765e0d3463050e7a7441804568a937b3f2a5d4321e4a53ac4dd7bc39178b47,46ed233ef04a8f55e12aa4b64232f3f71690d6fe3476426d00c5c21534c25f31,0.015707662101090217,3.3306690738754696e-16
flywire_783_mb_left_kc512_s701,542,incoming_l1,role_shuffled,3,yoked_reward,0.3,fixed,15,0,0.19597989949748743,74f802c79010e03b8eb611225e60c053dcb908322b574d6d311b772f64dbed79,4eb2970dfddb6fb09e6605e614c374489909c3e9d107ee6a9872d1c25d52fd32,0.047122986303270664,5.551115123125783e-16
flywire_783_mb_left_kc512_s701,542,incoming_l1,role_shuffled,3,yoked_reward,0.3,stats_only,15,0,0.20100502512562815,74f802c79010e03b8eb611225e60c053dcb908322b574d6d311b772f64dbed79,7f0ccdaca0c58a8f4dd0beb5fcbfecb79d65ee8d7fb9a2d18706dfcc4d9afc2e,0.047122986303270664,5.551115123125783e-16
flywire_783_mb_left_kc512_s701,542,incoming_l1,role_shuffled,3,yoked_reward,0.3,coefficients_only,15,5,0.46733668341708545,74f802c79010e03b8eb611225e60c053dcb908322b574d6d311b772f64dbed79,e5b412b39b38c96bcfcddb92a4656a79f02ee66094cc1e8eec55b015b6182ec3,0.047122986303270664,5.551115123125783e-16
flywire_783_mb_left_kc512_s701,542,incoming_l1,role_shuffled,3,yoked_reward,0.3,full_refit,15,5,0.4623115577889447,74f802c79010e03b8eb611225e60c053dcb908322b574d6d311b772f64dbed79,7fa686400c453d6c74b45f1f8e040ca88c1f26de6d9fef59e05d9f6581034b2e,0.047122986303270664,5.551115123125783e-16
flywire_783_mb_left_kc512_s701,542,incoming_l1,role_shuffled,3,yoked_reward,1.0,fixed,15,0,0.1407035175879397,e6d402518cb081a1048f50788fa63864fbdd45b17f7537dda2fe56ff982f7f31,4eb2970dfddb6fb09e6605e614c374489909c3e9d107ee6a9872d1c25d52fd32,0.15707662101090217,1.5543122344752192e-15
flywire_783_mb_left_kc512_s701,542,incoming_l1,role_shuffled,3,yoked_reward,1.0,stats_only,15,0,0.135678391959799,e6d402518cb081a1048f50788fa63864fbdd45b17f7537dda2fe56ff982f7f31,4edaf9311e0ec4af345558eccf1ae207ac29fa536e7dbccc307088b668656027,0.15707662101090217,1.5543122344752192e-15
flywire_783_mb_left_kc512_s701,542,incoming_l1,role_shuffled,3,yoked_reward,1.0,coefficients_only,15,5,0.4321608040201005,e6d402518cb081a1048f50788fa63864fbdd45b17f7537dda2fe56ff982f7f31,297b4edfc136344558660f0b0ca9c07fcaf4f84d8cb891c389b8dd785fcc0223,0.15707662101090217,1.5543122344752192e-15
flywire_783_mb_left_kc512_s701,542,incoming_l1,role_shuffled,3,yoked_reward,1.0,full_refit,15,5,0.4271356783919598,e6d402518cb081a1048f50788fa63864fbdd45b17f7537dda2fe56ff982f7f31,576bdf17eef8ab3e6709c49b230ecfee2cea27f4ececbdeca685d91613012840,0.15707662101090217,1.5543122344752192e-15
flywire_783_mb_left_kc512_s701,543,spectral,fly,0,reward_trace,0.0,fixed,16,4,0.3969849246231156,dc57b2536a1697e2695991689f43c3164be70f324fd3de3a866124dfca597ddb,a313849780e4766443a20b99a3efc608b7130adc936e187cefb0de243fb6a596,0.0,0.0
flywire_783_mb_left_kc512_s701,543,spectral,fly,0,reward_trace,0.0,stats_only,16,4,0.3969849246231156,dc57b2536a1697e2695991689f43c3164be70f324fd3de3a866124dfca597ddb,a313849780e4766443a20b99a3efc608b7130adc936e187cefb0de243fb6a596,0.0,0.0
flywire_783_mb_left_kc512_s701,543,spectral,fly,0,reward_trace,0.0,coefficients_only,16,4,0.3969849246231156,dc57b2536a1697e2695991689f43c3164be70f324fd3de3a866124dfca597ddb,a313849780e4766443a20b99a3efc608b7130adc936e187cefb0de243fb6a596,0.0,0.0
flywire_783_mb_left_kc512_s701,543,spectral,fly,0,reward_trace,0.0,full_refit,16,4,0.3969849246231156,dc57b2536a1697e2695991689f43c3164be70f324fd3de3a866124dfca597ddb,a313849780e4766443a20b99a3efc608b7130adc936e187cefb0de243fb6a596,0.0,0.0
flywire_783_mb_left_kc512_s701,543,spectral,fly,0,reward_trace,0.01,fixed,16,4,0.3969849246231156,c9acc8116a86420f8c99671a25d8a5af0bd492b7fe41607eb7965c14d5fe1bf8,a313849780e4766443a20b99a3efc608b7130adc936e187cefb0de243fb6a596,0.0022686771353689224,4.440892098500626e-16
flywire_783_mb_left_kc512_s701,543,spectral,fly,0,reward_trace,0.01,stats_only,16,4,0.3969849246231156,c9acc8116a86420f8c99671a25d8a5af0bd492b7fe41607eb7965c14d5fe1bf8,c3102a70f1524d7707554e05fbed090ec31e15da2d9e80da5b591c0331799a82,0.0022686771353689224,4.440892098500626e-16
flywire_783_mb_left_kc512_s701,543,spectral,fly,0,reward_trace,0.01,coefficients_only,16,4,0.3969849246231156,c9acc8116a86420f8c99671a25d8a5af0bd492b7fe41607eb7965c14d5fe1bf8,dc96f0fe1b02cb4db8435d9191a9465368ebf1aab739d1b7f4614aeb4d08b6aa,0.0022686771353689224,4.440892098500626e-16
flywire_783_mb_left_kc512_s701,543,spectral,fly,0,reward_trace,0.01,full_refit,16,4,0.39195979899497485,c9acc8116a86420f8c99671a25d8a5af0bd492b7fe41607eb7965c14d5fe1bf8,275d29b2a4579448ff2146320bc4f6c6bdbafd23595e98649ae9c67fa50153f3,0.0022686771353689224,4.440892098500626e-16
flywire_783_mb_left_kc512_s701,543,spectral,fly,0,reward_trace,0.03,fixed,16,4,0.35678391959798994,ecef5b6c55567dac882e9df9414a9e5080044e56d8c8bfc63801c0c83f2c9bde,a313849780e4766443a20b99a3efc608b7130adc936e187cefb0de243fb6a596,0.006806031406106762,8.881784197001252e-16
flywire_783_mb_left_kc512_s701,543,spectral,fly,0,reward_trace,0.03,stats_only,16,4,0.3969849246231156,ecef5b6c55567dac882e9df9414a9e5080044e56d8c8bfc63801c0c83f2c9bde,20c4a4b5ede62335199165f20064d23838df0fd115fbc5cd0e2c33749b7af396,0.006806031406106762,8.881784197001252e-16
flywire_783_mb_left_kc512_s701,543,spectral,fly,0,reward_trace,0.03,coefficients_only,16,9,0.3969849246231156,ecef5b6c55567dac882e9df9414a9e5080044e56d8c8bfc63801c0c83f2c9bde,9fa7c3d5b682fcbffadd89b77820f76f0256f712c0a093b3781afad0471a05f5,0.006806031406106762,8.881784197001252e-16
flywire_783_mb_left_kc512_s701,543,spectral,fly,0,reward_trace,0.03,full_refit,16,9,0.3969849246231156,ecef5b6c55567dac882e9df9414a9e5080044e56d8c8bfc63801c0c83f2c9bde,1d0c04e7727a9ea74278babfaf9fa99ddc9361f10f14458172e5ac3bad5790c3,0.006806031406106762,8.881784197001252e-16
flywire_783_mb_left_kc512_s701,543,spectral,fly,0,reward_trace,0.1,fixed,16,4,0.35175879396984927,a78cd1e663a0d6aff8aa99a325ef7dbc201e86c3487b4ff6678aab7f8b97c381,a313849780e4766443a20b99a3efc608b7130adc936e187cefb0de243fb6a596,0.022686771353689194,4.440892098500626e-16
flywire_783_mb_left_kc512_s701,543,spectral,fly,0,reward_trace,0.1,stats_only,16,4,0.3417085427135678,a78cd1e663a0d6aff8aa99a325ef7dbc201e86c3487b4ff6678aab7f8b97c381,a12079557390e6c438694930f17da3faac646a2dd20d3704229cfa74b4297b1f,0.022686771353689194,4.440892098500626e-16
flywire_783_mb_left_kc512_s701,543,spectral,fly,0,reward_trace,0.1,coefficients_only,16,9,0.39195979899497485,a78cd1e663a0d6aff8aa99a325ef7dbc201e86c3487b4ff6678aab7f8b97c381,bd64a9a571e3cd9684cc17c601a820b3cdb9d9b306345756508efcc445a4cdaf,0.022686771353689194,4.440892098500626e-16
flywire_783_mb_left_kc512_s701,543,spectral,fly,0,reward_trace,0.1,full_refit,16,9,0.39195979899497485,a78cd1e663a0d6aff8aa99a325ef7dbc201e86c3487b4ff6678aab7f8b97c381,c60613e8bf728aad7f4139b08ddd038e10b109bbe7da6dbdda417bac06f038f7,0.022686771353689194,4.440892098500626e-16
flywire_783_mb_left_kc512_s701,543,spectral,fly,0,reward_trace,0.3,fixed,16,0,0.23115577889447236,75c2a3f37016aa753ec0c1e3c6d5c7d91f0738bf5e532fb73fc78c5f56a0f327,a313849780e4766443a20b99a3efc608b7130adc936e187cefb0de243fb6a596,0.06806031406106759,4.440892098500626e-16
flywire_783_mb_left_kc512_s701,543,spectral,fly,0,reward_trace,0.3,stats_only,16,6,0.24623115577889448,75c2a3f37016aa753ec0c1e3c6d5c7d91f0738bf5e532fb73fc78c5f56a0f327,013c68910301a13cb2e907a0c754808bf1aaef0e78e805a5a043bc143875a7eb,0.06806031406106759,4.440892098500626e-16
flywire_783_mb_left_kc512_s701,543,spectral,fly,0,reward_trace,0.3,coefficients_only,16,9,0.39195979899497485,75c2a3f37016aa753ec0c1e3c6d5c7d91f0738bf5e532fb73fc78c5f56a0f327,bfb50185c06766f7a8566829121c633dbf2e7d0fa5dd5b5870030c48d9fb3d8a,0.06806031406106759,4.440892098500626e-16
flywire_783_mb_left_kc512_s701,543,spectral,fly,0,reward_trace,0.3,full_refit,16,9,0.39195979899497485,75c2a3f37016aa753ec0c1e3c6d5c7d91f0738bf5e532fb73fc78c5f56a0f327,f5e37ffd0009c1dd4dbf5fbbf7f193d7e828a1e628904920eaecea76504e770f,0.06806031406106759,4.440892098500626e-16
flywire_783_mb_left_kc512_s701,543,spectral,fly,0,reward_trace,1.0,fixed,16,0,0.20603015075376885,8124cd23e81a8d649c92bb9c27e8ad8a03e90f51b0534698a7827103f2591dd2,a313849780e4766443a20b99a3efc608b7130adc936e187cefb0de243fb6a596,0.226867713536892,8.881784197001252e-16
flywire_783_mb_left_kc512_s701,543,spectral,fly,0,reward_trace,1.0,stats_only,16,1,0.1658291457286432,8124cd23e81a8d649c92bb9c27e8ad8a03e90f51b0534698a7827103f2591dd2,0e70e9f648657ea0159eb57144b21ed593612a96f54ff1d740afce931bc18c2d,0.226867713536892,8.881784197001252e-16
flywire_783_mb_left_kc512_s701,543,spectral,fly,0,reward_trace,1.0,coefficients_only,16,9,0.3869346733668342,8124cd23e81a8d649c92bb9c27e8ad8a03e90f51b0534698a7827103f2591dd2,22bc7e5e6cc23a16be239114079b6fd1d1ed080fe2d4b5e89d9e8970ee918551,0.226867713536892,8.881784197001252e-16
flywire_783_mb_left_kc512_s701,543,spectral,fly,0,reward_trace,1.0,full_refit,16,9,0.39195979899497485,8124cd23e81a8d649c92bb9c27e8ad8a03e90f51b0534698a7827103f2591dd2,79005ed1306c0f138688d74bd37f6a715bb6a87a97c763c6336a4d8c64daaf8a,0.226867713536892,8.881784197001252e-16
flywire_783_mb_left_kc512_s701,543,spectral,fly,0,yoked_reward,0.0,fixed,17,4,0.3969849246231156,dc57b2536a1697e2695991689f43c3164be70f324fd3de3a866124dfca597ddb,a313849780e4766443a20b99a3efc608b7130adc936e187cefb0de243fb6a596,0.0,0.0
flywire_783_mb_left_kc512_s701,543,spectral,fly,0,yoked_reward,0.0,stats_only,17,4,0.3969849246231156,dc57b2536a1697e2695991689f43c3164be70f324fd3de3a866124dfca597ddb,a313849780e4766443a20b99a3efc608b7130adc936e187cefb0de243fb6a596,0.0,0.0
flywire_783_mb_left_kc512_s701,543,spectral,fly,0,yoked_reward,0.0,coefficients_only,17,4,0.3969849246231156,dc57b2536a1697e2695991689f43c3164be70f324fd3de3a866124dfca597ddb,a313849780e4766443a20b99a3efc608b7130adc936e187cefb0de243fb6a596,0.0,0.0
flywire_783_mb_left_kc512_s701,543,spectral,fly,0,yoked_reward,0.0,full_refit,17,4,0.3969849246231156,dc57b2536a1697e2695991689f43c3164be70f324fd3de3a866124dfca597ddb,a313849780e4766443a20b99a3efc608b7130adc936e187cefb0de243fb6a596,0.0,0.0
flywire_783_mb_left_kc512_s701,543,spectral,fly,0,yoked_reward,0.01,fixed,17,9,0.41708542713567837,03f40e5aced6c1d0e24523f20c1eba00249ba85db3934b647f2eaf42663ac5ed,a313849780e4766443a20b99a3efc608b7130adc936e187cefb0de243fb6a596,0.0019989324620512568,4.440892098500626e-16
flywire_783_mb_left_kc512_s701,543,spectral,fly,0,yoked_reward,0.01,stats_only,17,9,0.4221105527638191,03f40e5aced6c1d0e24523f20c1eba00249ba85db3934b647f2eaf42663ac5ed,592ec9b7c5b924f3852122e65ea719231cd4af4d820d03981b09e3df76f63aff,0.0019989324620512568,4.440892098500626e-16
flywire_783_mb_left_kc512_s701,543,spectral,fly,0,yoked_reward,0.01,coefficients_only,17,4,0.3969849246231156,03f40e5aced6c1d0e24523f20c1eba00249ba85db3934b647f2eaf42663ac5ed,1b7e7f3e77f2afd140665241d22eec9c56e49c6294c2ce360da98d1aef2aea03,0.0019989324620512568,4.440892098500626e-16
flywire_783_mb_left_kc512_s701,543,spectral,fly,0,yoked_reward,0.01,full_refit,17,4,0.3969849246231156,03f40e5aced6c1d0e24523f20c1eba00249ba85db3934b647f2eaf42663ac5ed,8ea983579b510281dd9d9ed24b173eecd012ac3000ddadf272b12890b883a303,0.0019989324620512568,4.440892098500626e-16
flywire_783_mb_left_kc512_s701,543,spectral,fly,0,yoked_reward,0.03,fixed,17,2,0.3768844221105528,461e70120e3e5f671a6a202d8129dd441543b63f530043e8b31aeff5aca24154,a313849780e4766443a20b99a3efc608b7130adc936e187cefb0de243fb6a596,0.005996797386153768,4.440892098500626e-16
flywire_783_mb_left_kc512_s701,543,spectral,fly,0,yoked_reward,0.03,stats_only,17,9,0.4120603015075377,461e70120e3e5f671a6a202d8129dd441543b63f530043e8b31aeff5aca24154,de4eb2c47ff6bdea2e56a3dc0e24a2887d647eb1280d5e465512dabffada7d4e,0.005996797386153768,4.440892098500626e-16
flywire_783_mb_left_kc512_s701,543,spectral,fly,0,yoked_reward,0.03,coefficients_only,17,4,0.39195979899497485,461e70120e3e5f671a6a202d8129dd441543b63f530043e8b31aeff5aca24154,1a587f0136dbe252204fe689fbbd7739299189dc70f9f7fbf453970fa535a207,0.005996797386153768,4.440892098500626e-16
flywire_783_mb_left_kc512_s701,543,spectral,fly,0,yoked_reward,0.03,full_refit,17,4,0.39195979899497485,461e70120e3e5f671a6a202d8129dd441543b63f530043e8b31aeff5aca24154,ba18a17a85fd87633d6a2b751bd50aac545c854a0fe8b57ac1c2c7896cef1047,0.005996797386153768,4.440892098500626e-16
flywire_783_mb_left_kc512_s701,543,spectral,fly,0,yoked_reward,0.1,fixed,17,2,0.31155778894472363,06a9f55358997a2609d343ef771c999862bb11140c1541c763ecc3468733ceb7,a313849780e4766443a20b99a3efc608b7130adc936e187cefb0de243fb6a596,0.019989324620512564,8.881784197001252e-16
flywire_783_mb_left_kc512_s701,543,spectral,fly,0,yoked_reward,0.1,stats_only,17,2,0.33668341708542715,06a9f55358997a2609d343ef771c999862bb11140c1541c763ecc3468733ceb7,8e01cab78dd5bedd90ba7ae1b0ce7412f2efd37333378eec5663259d9e408233,0.019989324620512564,8.881784197001252e-16
flywire_783_mb_left_kc512_s701,543,spectral,fly,0,yoked_reward,0.1,coefficients_only,17,4,0.3969849246231156,06a9f55358997a2609d343ef771c999862bb11140c1541c763ecc3468733ceb7,35b6a040917a07159b75b446bf88c3f99705ee08c19488543615fd9eabf15679,0.019989324620512564,8.881784197001252e-16
flywire_783_mb_left_kc512_s701,543,spectral,fly,0,yoked_reward,0.1,full_refit,17,4,0.4020100502512563,06a9f55358997a2609d343ef771c999862bb11140c1541c763ecc3468733ceb7,dc9aa1b60bf7facd08ef6dca56e76672ea0a83dea42f1a92e3effdfd7de8d5b9,0.019989324620512564,8.881784197001252e-16
flywire_783_mb_left_kc512_s701,543,spectral,fly,0,yoked_reward,0.3,fixed,17,0,0.21105527638190955,b1a31caba0d45b45c06cf1d9b8867add10ff471615656f726e7342c5074de51a,a313849780e4766443a20b99a3efc608b7130adc936e187cefb0de243fb6a596,0.05996797386153769,8.881784197001252e-16
flywire_783_mb_left_kc512_s701,543,spectral,fly,0,yoked_reward,0.3,stats_only,17,2,0.2613065326633166,b1a31caba0d45b45c06cf1d9b8867add10ff471615656f726e7342c5074de51a,9dcd1e7a02e27adad9f44799ae56231df82175ee38c3f8144552cc5aec0bb96f,0.05996797386153769,8.881784197001252e-16
flywire_783_mb_left_kc512_s701,543,spectral,fly,0,yoked_reward,0.3,coefficients_only,17,4,0.4020100502512563,b1a31caba0d45b45c06cf1d9b8867add10ff471615656f726e7342c5074de51a,fb03b9d8032b716c854d55c66fabeb655eea6135cfc758ac19fd7be06b2ad716,0.05996797386153769,8.881784197001252e-16
flywire_783_mb_left_kc512_s701,543,spectral,fly,0,yoked_reward,0.3,full_refit,17,4,0.4020100502512563,b1a31caba0d45b45c06cf1d9b8867add10ff471615656f726e7342c5074de51a,8d997b3942463697b382f0aaf7ca7400acd7b64add502d3fe64e84ae4292cbfb,0.05996797386153769,8.881784197001252e-16
flywire_783_mb_left_kc512_s701,543,spectral,fly,0,yoked_reward,1.0,fixed,17,0,0.1507537688442211,5b44f1a281534ce34230b352d972d141203c8f7cfb081be8b5db0b5639faf05b,a313849780e4766443a20b99a3efc608b7130adc936e187cefb0de243fb6a596,0.19989324620512566,1.3322676295501878e-15
flywire_783_mb_left_kc512_s701,543,spectral,fly,0,yoked_reward,1.0,stats_only,17,1,0.1708542713567839,5b44f1a281534ce34230b352d972d141203c8f7cfb081be8b5db0b5639faf05b,7681fdf66835eff43cdf4bdd451b8eb576f092ef2fdc5ad092f6158ae9de543e,0.19989324620512566,1.3322676295501878e-15
flywire_783_mb_left_kc512_s701,543,spectral,fly,0,yoked_reward,1.0,coefficients_only,17,5,0.40703517587939697,5b44f1a281534ce34230b352d972d141203c8f7cfb081be8b5db0b5639faf05b,7210e9834d1583ea5ec12fd845fd53d24e03d016ccc912b8f6ea8d4f0f540ef5,0.19989324620512566,1.3322676295501878e-15
flywire_783_mb_left_kc512_s701,543,spectral,fly,0,yoked_reward,1.0,full_refit,17,5,0.3869346733668342,5b44f1a281534ce34230b352d972d141203c8f7cfb081be8b5db0b5639faf05b,04bfb83066f8339796b3cfc92a0ce6a5bbe3fc22780218f66ac99dd9d4acfa40,0.19989324620512566,1.3322676295501878e-15
flywire_783_mb_left_kc512_s701,543,spectral,fly,3,reward_trace,0.0,fixed,18,4,0.3969849246231156,dc57b2536a1697e2695991689f43c3164be70f324fd3de3a866124dfca597ddb,a313849780e4766443a20b99a3efc608b7130adc936e187cefb0de243fb6a596,0.0,0.0
flywire_783_mb_left_kc512_s701,543,spectral,fly,3,reward_trace,0.0,stats_only,18,4,0.3969849246231156,dc57b2536a1697e2695991689f43c3164be70f324fd3de3a866124dfca597ddb,a313849780e4766443a20b99a3efc608b7130adc936e187cefb0de243fb6a596,0.0,0.0
flywire_783_mb_left_kc512_s701,543,spectral,fly,3,reward_trace,0.0,coefficients_only,18,4,0.3969849246231156,dc57b2536a1697e2695991689f43c3164be70f324fd3de3a866124dfca597ddb,a313849780e4766443a20b99a3efc608b7130adc936e187cefb0de243fb6a596,0.0,0.0
flywire_783_mb_left_kc512_s701,543,spectral,fly,3,reward_trace,0.0,full_refit,18,4,0.3969849246231156,dc57b2536a1697e2695991689f43c3164be70f324fd3de3a866124dfca597ddb,a313849780e4766443a20b99a3efc608b7130adc936e187cefb0de243fb6a596,0.0,0.0
flywire_783_mb_left_kc512_s701,543,spectral,fly,3,reward_trace,0.01,fixed,18,4,0.38190954773869346,7c539f6a6c2b5f5035555b7da6cdaaa9cae1b3319e1425620ac4d80ee9f1cc96,a313849780e4766443a20b99a3efc608b7130adc936e187cefb0de243fb6a596,0.0022373706632316166,8.881784197001252e-16
flywire_783_mb_left_kc512_s701,543,spectral,fly,3,reward_trace,0.01,stats_only,18,4,0.4020100502512563,7c539f6a6c2b5f5035555b7da6cdaaa9cae1b3319e1425620ac4d80ee9f1cc96,c626873d73a4ac14cb3426804f6544235548126408f1750b439df45eb73d0ee8,0.0022373706632316166,8.881784197001252e-16
flywire_783_mb_left_kc512_s701,543,spectral,fly,3,reward_trace,0.01,coefficients_only,18,4,0.4020100502512563,7c539f6a6c2b5f5035555b7da6cdaaa9cae1b3319e1425620ac4d80ee9f1cc96,fcd85e62d50903822ae9b5e834e9a69d5f79947dd4db67043ddcc4bbfb2419ef,0.0022373706632316166,8.881784197001252e-16
flywire_783_mb_left_kc512_s701,543,spectral,fly,3,reward_trace,0.01,full_refit,18,4,0.4020100502512563,7c539f6a6c2b5f5035555b7da6cdaaa9cae1b3319e1425620ac4d80ee9f1cc96,f0559465677f4969160689d3d81864274c20352697319b3bcc016a4ba9974030,0.0022373706632316166,8.881784197001252e-16
flywire_783_mb_left_kc512_s701,543,spectral,fly,3,reward_trace,0.03,fixed,18,4,0.36180904522613067,390d6bee3864f5941fde8681b8262a34087ee28ad8b481a2185656a8dca8c1fe,a313849780e4766443a20b99a3efc608b7130adc936e187cefb0de243fb6a596,0.006712111989694854,8.881784197001252e-16
flywire_783_mb_left_kc512_s701,543,spectral,fly,3,reward_trace,0.03,stats_only,18,4,0.39195979899497485,390d6bee3864f5941fde8681b8262a34087ee28ad8b481a2185656a8dca8c1fe,d45f41c7df5c96263544568f2f3ce0df56a2f540a75b124df76d31206eb5e25b,0.006712111989694854,8.881784197001252e-16
flywire_783_mb_left_kc512_s701,543,spectral,fly,3,reward_trace,0.03,coefficients_only,18,9,0.4020100502512563,390d6bee3864f5941fde8681b8262a34087ee28ad8b481a2185656a8dca8c1fe,66b7ba0f36f6384b80b37350f648ec721aa51452022144d73ddb250489c86df3,0.006712111989694854,8.881784197001252e-16
flywire_783_mb_left_kc512_s701,543,spectral,fly,3,reward_trace,0.03,full_refit,18,9,0.4020100502512563,390d6bee3864f5941fde8681b8262a34087ee28ad8b481a2185656a8dca8c1fe,a201689c9448954bd6568439b3469944e4ba9a22dc5ee699a5e6c28e84267f11,0.006712111989694854,8.881784197001252e-16
flywire_783_mb_left_kc512_s701,543,spectral,fly,3,reward_trace,0.1,fixed,18,1,0.3065326633165829,498ee57b30e8b4f5f6faae7f2197035d32e243c2335dd27e0409a1064b48c7eb,a313849780e4766443a20b99a3efc608b7130adc936e187cefb0de243fb6a596,0.022373706632316175,6.661338147750939e-16
flywire_783_mb_left_kc512_s701,543,spectral,fly,3,reward_trace,0.1,stats_only,18,4,0.36683417085427134,498ee57b30e8b4f5f6faae7f2197035d32e243c2335dd27e0409a1064b48c7eb,403068b67432dcd9be8f0c8fb52d87675f058dbcb62d4924da67de770b80b8ba,0.022373706632316175,6.661338147750939e-16
flywire_783_mb_left_kc512_s701,543,spectral,fly,3,reward_trace,0.1,coefficients_only,18,9,0.3969849246231156,498ee57b30e8b4f5f6faae7f2197035d32e243c2335dd27e0409a1064b48c7eb,e5ab926d397a289589368b2dcc21d2cde39cd60f6328848bbd1c6e3c33d956b5,0.022373706632316175,6.661338147750939e-16
flywire_783_mb_left_kc512_s701,543,spectral,fly,3,reward_trace,0.1,full_refit,18,9,0.3969849246231156,498ee57b30e8b4f5f6faae7f2197035d32e243c2335dd27e0409a1064b48c7eb,1631774ff7efbf450e45c5a455afe99117cadd36e3f1ed6c5dfe241c01fd2377,0.022373706632316175,6.661338147750939e-16
flywire_783_mb_left_kc512_s701,543,spectral,fly,3,reward_trace,0.3,fixed,18,1,0.21608040201005024,cbc139062f0f6356a20bac14cb2d774d3484bf69a957ddf8d5ab61e284262d62,a313849780e4766443a20b99a3efc608b7130adc936e187cefb0de243fb6a596,0.06712111989694854,8.881784197001252e-16
flywire_783_mb_left_kc512_s701,543,spectral,fly,3,reward_trace,0.3,stats_only,18,1,0.33668341708542715,cbc139062f0f6356a20bac14cb2d774d3484bf69a957ddf8d5ab61e284262d62,7aa01a6eacec9dfe6cac0f9062fc3eb5fe0338e88ed2f615f6ce606e506d798b,0.06712111989694854,8.881784197001252e-16
flywire_783_mb_left_kc512_s701,543,spectral,fly,3,reward_trace,0.3,coefficients_only,18,9,0.3869346733668342,cbc139062f0f6356a20bac14cb2d774d3484bf69a957ddf8d5ab61e284262d62,530101ac101bddc5931c3eaca3329af07e77ce74520a38f469021aab7df7fd13,0.06712111989694854,8.881784197001252e-16
flywire_783_mb_left_kc512_s701,543,spectral,fly,3,reward_trace,0.3,full_refit,18,9,0.38190954773869346,cbc139062f0f6356a20bac14cb2d774d3484bf69a957ddf8d5ab61e284262d62,f0c6a11b1080212999875ecffc97ca64a88e2a14b7a611048a02685341fb5169,0.06712111989694854,8.881784197001252e-16
flywire_783_mb_left_kc512_s701,543,spectral,fly,3,reward_trace,1.0,fixed,18,1,0.20100502512562815,15d229fb3887b25f329e990752a1547e616dd4fd0c31616ffec9218d10c4f2ff,a313849780e4766443a20b99a3efc608b7130adc936e187cefb0de243fb6a596,0.22373706632316184,1.3322676295501878e-15
flywire_783_mb_left_kc512_s701,543,spectral,fly,3,reward_trace,1.0,stats_only,18,1,0.22613065326633167,15d229fb3887b25f329e990752a1547e616dd4fd0c31616ffec9218d10c4f2ff,1595af65d085bc8f7469c0acb0601c4ca3d42522d83954b546d77681a26bac09,0.22373706632316184,1.3322676295501878e-15
flywire_783_mb_left_kc512_s701,543,spectral,fly,3,reward_trace,1.0,coefficients_only,18,5,0.35678391959798994,15d229fb3887b25f329e990752a1547e616dd4fd0c31616ffec9218d10c4f2ff,0544e90897078fe5461dd6789269c2045802db57061ef3af1499f19f086eff57,0.22373706632316184,1.3322676295501878e-15
flywire_783_mb_left_kc512_s701,543,spectral,fly,3,reward_trace,1.0,full_refit,18,5,0.36180904522613067,15d229fb3887b25f329e990752a1547e616dd4fd0c31616ffec9218d10c4f2ff,7386c8fa149edddb166b697c59a85ff0502b1c7bc3eb212d7dc5e79b0fdc1697,0.22373706632316184,1.3322676295501878e-15
flywire_783_mb_left_kc512_s701,543,spectral,fly,3,yoked_reward,0.0,fixed,19,4,0.3969849246231156,dc57b2536a1697e2695991689f43c3164be70f324fd3de3a866124dfca597ddb,a313849780e4766443a20b99a3efc608b7130adc936e187cefb0de243fb6a596,0.0,0.0
flywire_783_mb_left_kc512_s701,543,spectral,fly,3,yoked_reward,0.0,stats_only,19,4,0.3969849246231156,dc57b2536a1697e2695991689f43c3164be70f324fd3de3a866124dfca597ddb,a313849780e4766443a20b99a3efc608b7130adc936e187cefb0de243fb6a596,0.0,0.0
flywire_783_mb_left_kc512_s701,543,spectral,fly,3,yoked_reward,0.0,coefficients_only,19,4,0.3969849246231156,dc57b2536a1697e2695991689f43c3164be70f324fd3de3a866124dfca597ddb,a313849780e4766443a20b99a3efc608b7130adc936e187cefb0de243fb6a596,0.0,0.0
flywire_783_mb_left_kc512_s701,543,spectral,fly,3,yoked_reward,0.0,full_refit,19,4,0.3969849246231156,dc57b2536a1697e2695991689f43c3164be70f324fd3de3a866124dfca597ddb,a313849780e4766443a20b99a3efc608b7130adc936e187cefb0de243fb6a596,0.0,0.0
flywire_783_mb_left_kc512_s701,543,spectral,fly,3,yoked_reward,0.01,fixed,19,4,0.3869346733668342,352d484d822e599f196c79dc3cf2be16ca384dcde255059c249a6644ef0a3213,a313849780e4766443a20b99a3efc608b7130adc936e187cefb0de243fb6a596,0.002063084470538248,8.881784197001252e-16
flywire_783_mb_left_kc512_s701,543,spectral,fly,3,yoked_reward,0.01,stats_only,19,4,0.3768844221105528,352d484d822e599f196c79dc3cf2be16ca384dcde255059c249a6644ef0a3213,6893c9a75cdef3b2afafff840590f003c9f1765f546848b7ce0f9752be71c7ce,0.002063084470538248,8.881784197001252e-16
flywire_783_mb_left_kc512_s701,543,spectral,fly,3,yoked_reward,0.01,coefficients_only,19,4,0.4020100502512563,352d484d822e599f196c79dc3cf2be16ca384dcde255059c249a6644ef0a3213,c436aac12f9079ef929b4adc91588001daeff6aa1ed283fb6587bb271ad48557,0.002063084470538248,8.881784197001252e-16
flywire_783_mb_left_kc512_s701,543,spectral,fly,3,yoked_reward,0.01,full_refit,19,4,0.4020100502512563,352d484d822e599f196c79dc3cf2be16ca384dcde255059c249a6644ef0a3213,9d5633b0b06242ad1149b904b84af56086af858413c4fd99a7bf18b7381d3160,0.002063084470538248,8.881784197001252e-16
flywire_783_mb_left_kc512_s701,543,spectral,fly,3,yoked_reward,0.03,fixed,19,4,0.3768844221105528,08fc72336bf785ac4c0ff8a086be125a344bc2fa8b86561dfb55cb3a36adb15c,a313849780e4766443a20b99a3efc608b7130adc936e187cefb0de243fb6a596,0.006189253411614749,4.440892098500626e-16
flywire_783_mb_left_kc512_s701,543,spectral,fly,3,yoked_reward,0.03,stats_only,19,4,0.36683417085427134,08fc72336bf785ac4c0ff8a086be125a344bc2fa8b86561dfb55cb3a36adb15c,24bd30a94f8ce5e2d07a63a12ccff9cb47155cd8892ab84f9d102f93dc8a4e81,0.006189253411614749,4.440892098500626e-16
flywire_783_mb_left_kc512_s701,543,spectral,fly,3,yoked_reward,0.03,coefficients_only,19,9,0.3969849246231156,08fc72336bf785ac4c0ff8a086be125a344bc2fa8b86561dfb55cb3a36adb15c,f8dfb795b21e5926e9bad8c1979a1974cbbd0e77e785b087a2d41f9df459c8a8,0.006189253411614749,4.440892098500626e-16
flywire_783_mb_left_kc512_s701,543,spectral,fly,3,yoked_reward,0.03,full_refit,19,9,0.3969849246231156,08fc72336bf785ac4c0ff8a086be125a344bc2fa8b86561dfb55cb3a36adb15c,b1f095a2afd2b3c0cc7f97fe22cd06859a90e57d61b190174ba3aafa7a747bfe,0.006189253411614749,4.440892098500626e-16
flywire_783_mb_left_kc512_s701,543,spectral,fly,3,yoked_reward,0.1,fixed,19,4,0.32663316582914576,9c747f398b25aa0260e53ad78d15c889294fbaef09c6745c10d2364004905aab,a313849780e4766443a20b99a3efc608b7130adc936e187cefb0de243fb6a596,0.0206308447053825,8.881784197001252e-16
flywire_783_mb_left_kc512_s701,543,spectral,fly,3,yoked_reward,0.1,stats_only,19,4,0.3165829145728643,9c747f398b25aa0260e53ad78d15c889294fbaef09c6745c10d2364004905aab,9c33ce30fa364187b039f7617e24837150db71f4a1d3e2df87068923e7533eeb,0.0206308447053825,8.881784197001252e-16
flywire_783_mb_left_kc512_s701,543,spectral,fly,3,yoked_reward,0.1,coefficients_only,19,9,0.3969849246231156,9c747f398b25aa0260e53ad78d15c889294fbaef09c6745c10d2364004905aab,b9887517e2d1367e52ac9dae5a307ac268617fabc6390b4671492736177a78b3,0.0206308447053825,8.881784197001252e-16
flywire_783_mb_left_kc512_s701,543,spectral,fly,3,yoked_reward,0.1,full_refit,19,9,0.3969849246231156,9c747f398b25aa0260e53ad78d15c889294fbaef09c6745c10d2364004905aab,5aaec76624d2d2deba364e2cd4934b3e780ad64685865ca0427974dd29dc9871,0.0206308447053825,8.881784197001252e-16
flywire_783_mb_left_kc512_s701,543,spectral,fly,3,yoked_reward,0.3,fixed,19,1,0.21608040201005024,a17d943d92de37dfa1d92cdc2eca60a67e43246d1c7f0ca5cc63c18fd4b88386,a313849780e4766443a20b99a3efc608b7130adc936e187cefb0de243fb6a596,0.06189253411614749,8.881784197001252e-16
flywire_783_mb_left_kc512_s701,543,spectral,fly,3,yoked_reward,0.3,stats_only,19,3,0.25125628140703515,a17d943d92de37dfa1d92cdc2eca60a67e43246d1c7f0ca5cc63c18fd4b88386,720bda7bb3352c9ba58abcca095c2e927eda17623c74acebfad0a48a41323bca,0.06189253411614749,8.881784197001252e-16
flywire_783_mb_left_kc512_s701,543,spectral,fly,3,yoked_reward,0.3,coefficients_only,19,9,0.3969849246231156,a17d943d92de37dfa1d92cdc2eca60a67e43246d1c7f0ca5cc63c18fd4b88386,76e5697b72842249757ee742f2d2291bae304db83dd5016bb36c1c280f3ff942,0.06189253411614749,8.881784197001252e-16
flywire_783_mb_left_kc512_s701,543,spectral,fly,3,yoked_reward,0.3,full_refit,19,9,0.4020100502512563,a17d943d92de37dfa1d92cdc2eca60a67e43246d1c7f0ca5cc63c18fd4b88386,fa6b1c849c08530d0d6ef1ff61468f4ceb6fc795d15969e6d732b5b5598e4736,0.06189253411614749,8.881784197001252e-16
flywire_783_mb_left_kc512_s701,543,spectral,fly,3,yoked_reward,1.0,fixed,19,1,0.1407035175879397,99e94f6a5a87a2f5b9fe91eaa0f90af47b37a9f67dda9183a7148de71b1601be,a313849780e4766443a20b99a3efc608b7130adc936e187cefb0de243fb6a596,0.206308447053825,1.1102230246251565e-15
flywire_783_mb_left_kc512_s701,543,spectral,fly,3,yoked_reward,1.0,stats_only,19,0,0.15577889447236182,99e94f6a5a87a2f5b9fe91eaa0f90af47b37a9f67dda9183a7148de71b1601be,17bea3241df3ec6b378542b8530c53f9b8077a55124af645d2dc35671851d31a,0.206308447053825,1.1102230246251565e-15
flywire_783_mb_left_kc512_s701,543,spectral,fly,3,yoked_reward,1.0,coefficients_only,19,2,0.4020100502512563,99e94f6a5a87a2f5b9fe91eaa0f90af47b37a9f67dda9183a7148de71b1601be,c76a76df01255a4be46378600fd8eec79e5419fc66824f9207cbf699db1eb1bb,0.206308447053825,1.1102230246251565e-15
flywire_783_mb_left_kc512_s701,543,spectral,fly,3,yoked_reward,1.0,full_refit,19,2,0.3969849246231156,99e94f6a5a87a2f5b9fe91eaa0f90af47b37a9f67dda9183a7148de71b1601be,2705615e8758c5b7302a5b11262cf932b3b36d48a85afa7efa3f842cf5c6529d,0.206308447053825,1.1102230246251565e-15
flywire_783_mb_left_kc512_s701,543,spectral,role_shuffled,0,reward_trace,0.0,fixed,20,5,0.3969849246231156,0c5c627ae7548e3fb60e3674e718481d5aed948f45394facf583a4617cd4ba9c,57c4b06c7fabe5daab0eb84b8ca6cb2ad1103a158f913f4c7308209621cdf4fa,0.0,0.0
flywire_783_mb_left_kc512_s701,543,spectral,role_shuffled,0,reward_trace,0.0,stats_only,20,5,0.3969849246231156,0c5c627ae7548e3fb60e3674e718481d5aed948f45394facf583a4617cd4ba9c,57c4b06c7fabe5daab0eb84b8ca6cb2ad1103a158f913f4c7308209621cdf4fa,0.0,0.0
flywire_783_mb_left_kc512_s701,543,spectral,role_shuffled,0,reward_trace,0.0,coefficients_only,20,5,0.3969849246231156,0c5c627ae7548e3fb60e3674e718481d5aed948f45394facf583a4617cd4ba9c,57c4b06c7fabe5daab0eb84b8ca6cb2ad1103a158f913f4c7308209621cdf4fa,0.0,0.0
flywire_783_mb_left_kc512_s701,543,spectral,role_shuffled,0,reward_trace,0.0,full_refit,20,5,0.3969849246231156,0c5c627ae7548e3fb60e3674e718481d5aed948f45394facf583a4617cd4ba9c,57c4b06c7fabe5daab0eb84b8ca6cb2ad1103a158f913f4c7308209621cdf4fa,0.0,0.0
flywire_783_mb_left_kc512_s701,543,spectral,role_shuffled,0,reward_trace,0.01,fixed,20,5,0.38190954773869346,7d27c8d4421b04e3e3065191552857827c1d89169834c889a983dae33f47432f,57c4b06c7fabe5daab0eb84b8ca6cb2ad1103a158f913f4c7308209621cdf4fa,0.0022689585923044756,4.440892098500626e-16
flywire_783_mb_left_kc512_s701,543,spectral,role_shuffled,0,reward_trace,0.01,stats_only,20,5,0.39195979899497485,7d27c8d4421b04e3e3065191552857827c1d89169834c889a983dae33f47432f,0459ee459e779f5180213cf0c9a196f211ad6fc9ec0b7c8b6cb7eb2ae50a2488,0.0022689585923044756,4.440892098500626e-16
flywire_783_mb_left_kc512_s701,543,spectral,role_shuffled,0,reward_trace,0.01,coefficients_only,20,5,0.3969849246231156,7d27c8d4421b04e3e3065191552857827c1d89169834c889a983dae33f47432f,eff62a49a9ec80c366937786b370257e01d0baa73c87302a086546045aa51260,0.0022689585923044756,4.440892098500626e-16
flywire_783_mb_left_kc512_s701,543,spectral,role_shuffled,0,reward_trace,0.01,full_refit,20,5,0.3969849246231156,7d27c8d4421b04e3e3065191552857827c1d89169834c889a983dae33f47432f,3646ba73905a11058c8bb2c20c14c1070807acb3281168e5fabf1d064381c508,0.0022689585923044756,4.440892098500626e-16
flywire_783_mb_left_kc512_s701,543,spectral,role_shuffled,0,reward_trace,0.03,fixed,20,5,0.36683417085427134,f22244d399256f4a2b6406bb18c26e4cc22abe2a6b42155894927f6d5fb6edd4,57c4b06c7fabe5daab0eb84b8ca6cb2ad1103a158f913f4c7308209621cdf4fa,0.00680687577691343,6.661338147750939e-16
flywire_783_mb_left_kc512_s701,543,spectral,role_shuffled,0,reward_trace,0.03,stats_only,20,5,0.36683417085427134,f22244d399256f4a2b6406bb18c26e4cc22abe2a6b42155894927f6d5fb6edd4,2136eeae60ac2d9905500ba4da14837a5760859205d3b9f986c21b22bba23ebb,0.00680687577691343,6.661338147750939e-16
flywire_783_mb_left_kc512_s701,543,spectral,role_shuffled,0,reward_trace,0.03,coefficients_only,20,5,0.39195979899497485,f22244d399256f4a2b6406bb18c26e4cc22abe2a6b42155894927f6d5fb6edd4,7357926c951460627c4c0fba85a8297baf34d3f13c3f18464a0e6300f990f4d6,0.00680687577691343,6.661338147750939e-16
flywire_783_mb_left_kc512_s701,543,spectral,role_shuffled,0,reward_trace,0.03,full_refit,20,5,0.3969849246231156,f22244d399256f4a2b6406bb18c26e4cc22abe2a6b42155894927f6d5fb6edd4,4ad36a652e56e2949e1458f456dcc58a47340051acbf9c50019bc4a6a014a26d,0.00680687577691343,6.661338147750939e-16
flywire_783_mb_left_kc512_s701,543,spectral,role_shuffled,0,reward_trace,0.1,fixed,20,4,0.33668341708542715,b4282ed9b2a50708f7086592248bb0de91482bd94f437e55ebdb8692f843dd44,57c4b06c7fabe5daab0eb84b8ca6cb2ad1103a158f913f4c7308209621cdf4fa,0.02268958592304477,6.661338147750939e-16
flywire_783_mb_left_kc512_s701,543,spectral,role_shuffled,0,reward_trace,0.1,stats_only,20,4,0.35175879396984927,b4282ed9b2a50708f7086592248bb0de91482bd94f437e55ebdb8692f843dd44,d9a622f6323bb55aa170cb05da62016d5123b0bd3a299b5473d8308eaf46a233,0.02268958592304477,6.661338147750939e-16
flywire_783_mb_left_kc512_s701,543,spectral,role_shuffled,0,reward_trace,0.1,coefficients_only,20,5,0.3869346733668342,b4282ed9b2a50708f7086592248bb0de91482bd94f437e55ebdb8692f843dd44,d5899db552037f4a3a300159a07863b9c2235b70acc214086a599fd74aa9d45f,0.02268958592304477,6.661338147750939e-16
flywire_783_mb_left_kc512_s701,543,spectral,role_shuffled,0,reward_trace,0.1,full_refit,20,5,0.3869346733668342,b4282ed9b2a50708f7086592248bb0de91482bd94f437e55ebdb8692f843dd44,a60778b832ffa02d1dcfabebaffbfeba83f1a96bf915e86261b9041c0c3d61cd,0.02268958592304477,6.661338147750939e-16
flywire_783_mb_left_kc512_s701,543,spectral,role_shuffled,0,reward_trace,0.3,fixed,20,2,0.23618090452261306,c81e3313b95f20e3aea136c3abb8245845d501caba8779ebf1f8a1ba4cfe5b62,57c4b06c7fabe5daab0eb84b8ca6cb2ad1103a158f913f4c7308209621cdf4fa,0.06806875776913429,1.1102230246251565e-15
flywire_783_mb_left_kc512_s701,543,spectral,role_shuffled,0,reward_trace,0.3,stats_only,20,1,0.271356783919598,c81e3313b95f20e3aea136c3abb8245845d501caba8779ebf1f8a1ba4cfe5b62,c9adf136f37c0ad09226bfc4ec7568e43cd91ad13f26dc9093c026c6f59aacbd,0.06806875776913429,1.1102230246251565e-15
flywire_783_mb_left_kc512_s701,543,spectral,role_shuffled,0,reward_trace,0.3,coefficients_only,20,5,0.39195979899497485,c81e3313b95f20e3aea136c3abb8245845d501caba8779ebf1f8a1ba4cfe5b62,b9f57ec962f6a070280b78d7cca1e3c245b35e15de6733607427a0c33cb29a87,0.06806875776913429,1.1102230246251565e-15
flywire_783_mb_left_kc512_s701,543,spectral,role_shuffled,0,reward_trace,0.3,full_refit,20,5,0.39195979899497485,c81e3313b95f20e3aea136c3abb8245845d501caba8779ebf1f8a1ba4cfe5b62,7bb22102be948aac26e59d88c74963ce6e754efd29baeb766e954e946010b8a0,0.06806875776913429,1.1102230246251565e-15
flywire_783_mb_left_kc512_s701,543,spectral,role_shuffled,0,reward_trace,1.0,fixed,20,0,0.17587939698492464,7daec621ac292a31b875d7687890b85852201a009379fb299032489a85ce0951,57c4b06c7fabe5daab0eb84b8ca6cb2ad1103a158f913f4c7308209621cdf4fa,0.22689585923044767,3.9968028886505635e-15
flywire_783_mb_left_kc512_s701,543,spectral,role_shuffled,0,reward_trace,1.0,stats_only,20,1,0.18592964824120603,7daec621ac292a31b875d7687890b85852201a009379fb299032489a85ce0951,9fa0d95eaa95a4b9cfa9b05827d5d97e0e39b89cd7dcffcddd1ffb86c011def1,0.22689585923044767,3.9968028886505635e-15
flywire_783_mb_left_kc512_s701,543,spectral,role_shuffled,0,reward_trace,1.0,coefficients_only,20,5,0.4020100502512563,7daec621ac292a31b875d7687890b85852201a009379fb299032489a85ce0951,4fbe572563dd67c529d60806d96eed5033c279c027a28ecabced7c6ffef19f52,0.22689585923044767,3.9968028886505635e-15
flywire_783_mb_left_kc512_s701,543,spectral,role_shuffled,0,reward_trace,1.0,full_refit,20,5,0.4221105527638191,7daec621ac292a31b875d7687890b85852201a009379fb299032489a85ce0951,348a9ef27ce6bd6df4408ffcfc6029d5eaea30959d03f2afed909e746cfe0c76,0.22689585923044767,3.9968028886505635e-15
flywire_783_mb_left_kc512_s701,543,spectral,role_shuffled,0,yoked_reward,0.0,fixed,21,5,0.3969849246231156,0c5c627ae7548e3fb60e3674e718481d5aed948f45394facf583a4617cd4ba9c,57c4b06c7fabe5daab0eb84b8ca6cb2ad1103a158f913f4c7308209621cdf4fa,0.0,0.0
flywire_783_mb_left_kc512_s701,543,spectral,role_shuffled,0,yoked_reward,0.0,stats_only,21,5,0.3969849246231156,0c5c627ae7548e3fb60e3674e718481d5aed948f45394facf583a4617cd4ba9c,57c4b06c7fabe5daab0eb84b8ca6cb2ad1103a158f913f4c7308209621cdf4fa,0.0,0.0
flywire_783_mb_left_kc512_s701,543,spectral,role_shuffled,0,yoked_reward,0.0,coefficients_only,21,5,0.3969849246231156,0c5c627ae7548e3fb60e3674e718481d5aed948f45394facf583a4617cd4ba9c,57c4b06c7fabe5daab0eb84b8ca6cb2ad1103a158f913f4c7308209621cdf4fa,0.0,0.0
flywire_783_mb_left_kc512_s701,543,spectral,role_shuffled,0,yoked_reward,0.0,full_refit,21,5,0.3969849246231156,0c5c627ae7548e3fb60e3674e718481d5aed948f45394facf583a4617cd4ba9c,57c4b06c7fabe5daab0eb84b8ca6cb2ad1103a158f913f4c7308209621cdf4fa,0.0,0.0
flywire_783_mb_left_kc512_s701,543,spectral,role_shuffled,0,yoked_reward,0.01,fixed,21,5,0.4020100502512563,ed106ca26ab22524fa547bb2c2ba1e46ed514571877955fb6dcbc9b9359cd137,57c4b06c7fabe5daab0eb84b8ca6cb2ad1103a158f913f4c7308209621cdf4fa,0.0021826307788856848,6.661338147750939e-16
flywire_783_mb_left_kc512_s701,543,spectral,role_shuffled,0,yoked_reward,0.01,stats_only,21,5,0.3869346733668342,ed106ca26ab22524fa547bb2c2ba1e46ed514571877955fb6dcbc9b9359cd137,86a30fb3047bc3a3d7798a5f2c898435a2578018785b91f2c7b5088ea25ef181,0.0021826307788856848,6.661338147750939e-16
flywire_783_mb_left_kc512_s701,543,spectral,role_shuffled,0,yoked_reward,0.01,coefficients_only,21,5,0.3969849246231156,ed106ca26ab22524fa547bb2c2ba1e46ed514571877955fb6dcbc9b9359cd137,3cc1e38535a6aac60c655c9a6013cd2da18c95d459d81d82a800662b5f7689ea,0.0021826307788856848,6.661338147750939e-16
flywire_783_mb_left_kc512_s701,543,spectral,role_shuffled,0,yoked_reward,0.01,full_refit,21,5,0.3969849246231156,ed106ca26ab22524fa547bb2c2ba1e46ed514571877955fb6dcbc9b9359cd137,07c3f817df66a1e44a4fa3ca8507bb014061dd584c5f8d3a7d4784f01a6aff19,0.0021826307788856848,6.661338147750939e-16
flywire_783_mb_left_kc512_s701,543,spectral,role_shuffled,0,yoked_reward,0.03,fixed,21,5,0.3768844221105528,3fe1f02e1532562567a0270d5b3ed58d979dcb7be1437ee1840c1472148fe200,57c4b06c7fabe5daab0eb84b8ca6cb2ad1103a158f913f4c7308209621cdf4fa,0.006547892336657055,4.440892098500626e-16
flywire_783_mb_left_kc512_s701,543,spectral,role_shuffled,0,yoked_reward,0.03,stats_only,21,5,0.37185929648241206,3fe1f02e1532562567a0270d5b3ed58d979dcb7be1437ee1840c1472148fe200,52e3edee971041d844ae37817e0a861370ff4d401c0f199056327c86c7f0878e,0.006547892336657055,4.440892098500626e-16
flywire_783_mb_left_kc512_s701,543,spectral,role_shuffled,0,yoked_reward,0.03,coefficients_only,21,5,0.3969849246231156,3fe1f02e1532562567a0270d5b3ed58d979dcb7be1437ee1840c1472148fe200,fbf889b261a467561f4f32b2b8f700f68ca36194a9605226a6c9eeed45b2bfdb,0.006547892336657055,4.440892098500626e-16
flywire_783_mb_left_kc512_s701,543,spectral,role_shuffled,0,yoked_reward,0.03,full_refit,21,5,0.3969849246231156,3fe1f02e1532562567a0270d5b3ed58d979dcb7be1437ee1840c1472148fe200,2f7803657b72d98b4d49c33b7f916f6d99ced4e6212510835713cb40aa39a228,0.006547892336657055,4.440892098500626e-16
flywire_783_mb_left_kc512_s701,543,spectral,role_shuffled,0,yoked_reward,0.1,fixed,21,5,0.27638190954773867,0496c4a16c338f9cf96a1d08efc64e5aeca854ec28773bd454820efd4cdf2e89,57c4b06c7fabe5daab0eb84b8ca6cb2ad1103a158f913f4c7308209621cdf4fa,0.02182630778885685,6.661338147750939e-16
flywire_783_mb_left_kc512_s701,543,spectral,role_shuffled,0,yoked_reward,0.1,stats_only,21,2,0.2814070351758794,0496c4a16c338f9cf96a1d08efc64e5aeca854ec28773bd454820efd4cdf2e89,c07178e5ef90270ac872f9f56a16a7c1d13d1b73e11b9e643f80e30658c1cb85,0.02182630778885685,6.661338147750939e-16
flywire_783_mb_left_kc512_s701,543,spectral,role_shuffled,0,yoked_reward,0.1,coefficients_only,21,5,0.3869346733668342,0496c4a16c338f9cf96a1d08efc64e5aeca854ec28773bd454820efd4cdf2e89,7cbcd795ec77d81a1887f99a148d1c32ade1d7affa24c915e8a118d5974dee70,0.02182630778885685,6.661338147750939e-16
flywire_783_mb_left_kc512_s701,543,spectral,role_shuffled,0,yoked_reward,0.1,full_refit,21,5,0.39195979899497485,0496c4a16c338f9cf96a1d08efc64e5aeca854ec28773bd454820efd4cdf2e89,dd368f1f66bdabb73ab965d44adc5a6ee59e208ec9b81c7e98790464af527e10,0.02182630778885685,6.661338147750939e-16
flywire_783_mb_left_kc512_s701,543,spectral,role_shuffled,0,yoked_reward,0.3,fixed,21,1,0.1658291457286432,52f8336c747edcc3db819b8cc7ecdd01258744fb8d6a9793c1dfb5986e4f0ef8,57c4b06c7fabe5daab0eb84b8ca6cb2ad1103a158f913f4c7308209621cdf4fa,0.06547892336657055,1.3322676295501878e-15
flywire_783_mb_left_kc512_s701,543,spectral,role_shuffled,0,yoked_reward,0.3,stats_only,21,2,0.21608040201005024,52f8336c747edcc3db819b8cc7ecdd01258744fb8d6a9793c1dfb5986e4f0ef8,3631c85b210f2ef82a5e24dab9e8359d26eb6ece98a6734203eb16c2267f8f79,0.06547892336657055,1.3322676295501878e-15
flywire_783_mb_left_kc512_s701,543,spectral,role_shuffled,0,yoked_reward,0.3,coefficients_only,21,5,0.3768844221105528,52f8336c747edcc3db819b8cc7ecdd01258744fb8d6a9793c1dfb5986e4f0ef8,9b4d5505a007fe4eebf015b085479a407f75b34e1481fa8a75bfbb3314d53348,0.06547892336657055,1.3322676295501878e-15
flywire_783_mb_left_kc512_s701,543,spectral,role_shuffled,0,yoked_reward,0.3,full_refit,21,5,0.3768844221105528,52f8336c747edcc3db819b8cc7ecdd01258744fb8d6a9793c1dfb5986e4f0ef8,e9ea8219eae06435899b01db40adda637f906248f93be1c2b64727b0c1642b0a,0.06547892336657055,1.3322676295501878e-15
flywire_783_mb_left_kc512_s701,543,spectral,role_shuffled,0,yoked_reward,1.0,fixed,21,1,0.12562814070351758,d0aaed5729b03f3debf01cb52947e43dff7f936bcf9ef1b11368629b7b460695,57c4b06c7fabe5daab0eb84b8ca6cb2ad1103a158f913f4c7308209621cdf4fa,0.2182630778885685,4.884981308350689e-15
flywire_783_mb_left_kc512_s701,543,spectral,role_shuffled,0,yoked_reward,1.0,stats_only,21,1,0.1457286432160804,d0aaed5729b03f3debf01cb52947e43dff7f936bcf9ef1b11368629b7b460695,7fb97b2caecd202357a458bd6c54147d58396262d9374500bb9570770dde9738,0.2182630778885685,4.884981308350689e-15
flywire_783_mb_left_kc512_s701,543,spectral,role_shuffled,0,yoked_reward,1.0,coefficients_only,21,5,0.36683417085427134,d0aaed5729b03f3debf01cb52947e43dff7f936bcf9ef1b11368629b7b460695,f40424f14b0ba207555a7983da10d3d0e9bfd3adfd34614849a4ad5fb076096c,0.2182630778885685,4.884981308350689e-15
flywire_783_mb_left_kc512_s701,543,spectral,role_shuffled,0,yoked_reward,1.0,full_refit,21,5,0.36683417085427134,d0aaed5729b03f3debf01cb52947e43dff7f936bcf9ef1b11368629b7b460695,fd1a27add9cf8f727307d50a634c8eb9b79f09e6f9ca0bc66f4dc931c9be12a7,0.2182630778885685,4.884981308350689e-15
flywire_783_mb_left_kc512_s701,543,spectral,role_shuffled,3,reward_trace,0.0,fixed,22,5,0.3969849246231156,0c5c627ae7548e3fb60e3674e718481d5aed948f45394facf583a4617cd4ba9c,57c4b06c7fabe5daab0eb84b8ca6cb2ad1103a158f913f4c7308209621cdf4fa,0.0,0.0
flywire_783_mb_left_kc512_s701,543,spectral,role_shuffled,3,reward_trace,0.0,stats_only,22,5,0.3969849246231156,0c5c627ae7548e3fb60e3674e718481d5aed948f45394facf583a4617cd4ba9c,57c4b06c7fabe5daab0eb84b8ca6cb2ad1103a158f913f4c7308209621cdf4fa,0.0,0.0
flywire_783_mb_left_kc512_s701,543,spectral,role_shuffled,3,reward_trace,0.0,coefficients_only,22,5,0.3969849246231156,0c5c627ae7548e3fb60e3674e718481d5aed948f45394facf583a4617cd4ba9c,57c4b06c7fabe5daab0eb84b8ca6cb2ad1103a158f913f4c7308209621cdf4fa,0.0,0.0
flywire_783_mb_left_kc512_s701,543,spectral,role_shuffled,3,reward_trace,0.0,full_refit,22,5,0.3969849246231156,0c5c627ae7548e3fb60e3674e718481d5aed948f45394facf583a4617cd4ba9c,57c4b06c7fabe5daab0eb84b8ca6cb2ad1103a158f913f4c7308209621cdf4fa,0.0,0.0
flywire_783_mb_left_kc512_s701,543,spectral,role_shuffled,3,reward_trace,0.01,fixed,22,5,0.38190954773869346,1b2cfbfb53901e0739682947d2959caf6dee2f59ed83554aee09cd90d89889b0,57c4b06c7fabe5daab0eb84b8ca6cb2ad1103a158f913f4c7308209621cdf4fa,0.0022131865780087427,4.440892098500626e-16
flywire_783_mb_left_kc512_s701,543,spectral,role_shuffled,3,reward_trace,0.01,stats_only,22,5,0.38190954773869346,1b2cfbfb53901e0739682947d2959caf6dee2f59ed83554aee09cd90d89889b0,13d86fbe8ef0684de4eec3a5d9dab7a8c4ff363411653a30f7fdf43a4b0e9a7b,0.0022131865780087427,4.440892098500626e-16
flywire_783_mb_left_kc512_s701,543,spectral,role_shuffled,3,reward_trace,0.01,coefficients_only,22,5,0.3969849246231156,1b2cfbfb53901e0739682947d2959caf6dee2f59ed83554aee09cd90d89889b0,fbaaacda7864db772180a8c61f321417cad2ad313eda64b73310037d932e563b,0.0022131865780087427,4.440892098500626e-16
flywire_783_mb_left_kc512_s701,543,spectral,role_shuffled,3,reward_trace,0.01,full_refit,22,5,0.3969849246231156,1b2cfbfb53901e0739682947d2959caf6dee2f59ed83554aee09cd90d89889b0,b31e20298944d6f03d3f44b4557e58afa60ae0ebbf42e15a06a48a9ed5ad6729,0.0022131865780087427,4.440892098500626e-16
flywire_783_mb_left_kc512_s701,543,spectral,role_shuffled,3,reward_trace,0.03,fixed,22,5,0.38190954773869346,19d2d64aacddb3e47efb2c06fd49da500a6948d76481a9817e5b41ee438ebed7,57c4b06c7fabe5daab0eb84b8ca6cb2ad1103a158f913f4c7308209621cdf4fa,0.006639559734026226,4.440892098500626e-16
flywire_783_mb_left_kc512_s701,543,spectral,role_shuffled,3,reward_trace,0.03,stats_only,22,5,0.3768844221105528,19d2d64aacddb3e47efb2c06fd49da500a6948d76481a9817e5b41ee438ebed7,bd74166373d9a50f3a1eede4bb1a041b89c8090935149d079ea1b56ee2fce590,0.006639559734026226,4.440892098500626e-16
flywire_783_mb_left_kc512_s701,543,spectral,role_shuffled,3,reward_trace,0.03,coefficients_only,22,5,0.39195979899497485,19d2d64aacddb3e47efb2c06fd49da500a6948d76481a9817e5b41ee438ebed7,c0ddd5edcd13c6fe1edaf15e51c03e772457d9acb42dbcb563163d9884694fd9,0.006639559734026226,4.440892098500626e-16
flywire_783_mb_left_kc512_s701,543,spectral,role_shuffled,3,reward_trace,0.03,full_refit,22,5,0.39195979899497485,19d2d64aacddb3e47efb2c06fd49da500a6948d76481a9817e5b41ee438ebed7,8195c28a4d13097e66038d3235d9ef03db58eaa06b336390db3fba0661ac4bf1,0.006639559734026226,4.440892098500626e-16
flywire_783_mb_left_kc512_s701,543,spectral,role_shuffled,3,reward_trace,0.1,fixed,22,2,0.3316582914572864,e27039d3c1b90a0d4f5a8f2f681e575c1fefd9030a9cb1b761d7cbaee64a7e97,57c4b06c7fabe5daab0eb84b8ca6cb2ad1103a158f913f4c7308209621cdf4fa,0.022131865780087422,4.440892098500626e-16
flywire_783_mb_left_kc512_s701,543,spectral,role_shuffled,3,reward_trace,0.1,stats_only,22,2,0.33668341708542715,e27039d3c1b90a0d4f5a8f2f681e575c1fefd9030a9cb1b761d7cbaee64a7e97,e17db8df253e1bf8ef904fe33112a57ab2141ba82bb839808bb48818446da8ce,0.022131865780087422,4.440892098500626e-16
flywire_783_mb_left_kc512_s701,543,spectral,role_shuffled,3,reward_trace,0.1,coefficients_only,22,5,0.3869346733668342,e27039d3c1b90a0d4f5a8f2f681e575c1fefd9030a9cb1b761d7cbaee64a7e97,e5934b1aac72728b0513ecb355fed959ceb84500170016d70e3f63babb62f509,0.022131865780087422,4.440892098500626e-16
flywire_783_mb_left_kc512_s701,543,spectral,role_shuffled,3,reward_trace,0.1,full_refit,22,5,0.3869346733668342,e27039d3c1b90a0d4f5a8f2f681e575c1fefd9030a9cb1b761d7cbaee64a7e97,5fabcc97d68d3a57ae1f3791ecf1bfeee34bba9952e2b0c036346e62cb8dd650,0.022131865780087422,4.440892098500626e-16
flywire_783_mb_left_kc512_s701,543,spectral,role_shuffled,3,reward_trace,0.3,fixed,22,1,0.2562814070351759,10285143d0ef0020f2cdb046bbf7580da715a81d963709ff9521655902853dd2,57c4b06c7fabe5daab0eb84b8ca6cb2ad1103a158f913f4c7308209621cdf4fa,0.06639559734026226,1.3322676295501878e-15
flywire_783_mb_left_kc512_s701,543,spectral,role_shuffled,3,reward_trace,0.3,stats_only,22,1,0.2864321608040201,10285143d0ef0020f2cdb046bbf7580da715a81d963709ff9521655902853dd2,55a5044492423a30fbff53f25ddca2a9ce9fff9153b07b768a6fe99ffc7b29dc,0.06639559734026226,1.3322676295501878e-15
flywire_783_mb_left_kc512_s701,543,spectral,role_shuffled,3,reward_trace,0.3,coefficients_only,22,5,0.4020100502512563,10285143d0ef0020f2cdb046bbf7580da715a81d963709ff9521655902853dd2,dca7aed8a589525ca7b4c8099494f6c2ce77ee97f2bef71c025e85cf1b33b038,0.06639559734026226,1.3322676295501878e-15
flywire_783_mb_left_kc512_s701,543,spectral,role_shuffled,3,reward_trace,0.3,full_refit,22,5,0.4020100502512563,10285143d0ef0020f2cdb046bbf7580da715a81d963709ff9521655902853dd2,6806d8d8045082eccf8baea7b0b8dfa78664defe4b1e2ded9628c2b4c5c3d355,0.06639559734026226,1.3322676295501878e-15
flywire_783_mb_left_kc512_s701,543,spectral,role_shuffled,3,reward_trace,1.0,fixed,22,1,0.19597989949748743,3c003dd7998b023371b4af73c2c7135c092756376211d3a6105c2a30926b02d5,57c4b06c7fabe5daab0eb84b8ca6cb2ad1103a158f913f4c7308209621cdf4fa,0.22131865780087426,4.884981308350689e-15
flywire_783_mb_left_kc512_s701,543,spectral,role_shuffled,3,reward_trace,1.0,stats_only,22,1,0.19095477386934673,3c003dd7998b023371b4af73c2c7135c092756376211d3a6105c2a30926b02d5,853f419c4287b4f12bb1dc29b8e28f7407bca0b4e4aa0e492430d2e133db4290,0.22131865780087426,4.884981308350689e-15
flywire_783_mb_left_kc512_s701,543,spectral,role_shuffled,3,reward_trace,1.0,coefficients_only,22,5,0.4020100502512563,3c003dd7998b023371b4af73c2c7135c092756376211d3a6105c2a30926b02d5,7ad8506818721a4bbccc60efb835bbde4243cd20c8bedf1c9fb3266770faa646,0.22131865780087426,4.884981308350689e-15
flywire_783_mb_left_kc512_s701,543,spectral,role_shuffled,3,reward_trace,1.0,full_refit,22,5,0.4221105527638191,3c003dd7998b023371b4af73c2c7135c092756376211d3a6105c2a30926b02d5,05831820c12613a6c9677f090731b23f74485c622561ecb811b11602f0b451ab,0.22131865780087426,4.884981308350689e-15
flywire_783_mb_left_kc512_s701,543,spectral,role_shuffled,3,yoked_reward,0.0,fixed,23,5,0.3969849246231156,0c5c627ae7548e3fb60e3674e718481d5aed948f45394facf583a4617cd4ba9c,57c4b06c7fabe5daab0eb84b8ca6cb2ad1103a158f913f4c7308209621cdf4fa,0.0,0.0
flywire_783_mb_left_kc512_s701,543,spectral,role_shuffled,3,yoked_reward,0.0,stats_only,23,5,0.3969849246231156,0c5c627ae7548e3fb60e3674e718481d5aed948f45394facf583a4617cd4ba9c,57c4b06c7fabe5daab0eb84b8ca6cb2ad1103a158f913f4c7308209621cdf4fa,0.0,0.0
flywire_783_mb_left_kc512_s701,543,spectral,role_shuffled,3,yoked_reward,0.0,coefficients_only,23,5,0.3969849246231156,0c5c627ae7548e3fb60e3674e718481d5aed948f45394facf583a4617cd4ba9c,57c4b06c7fabe5daab0eb84b8ca6cb2ad1103a158f913f4c7308209621cdf4fa,0.0,0.0
flywire_783_mb_left_kc512_s701,543,spectral,role_shuffled,3,yoked_reward,0.0,full_refit,23,5,0.3969849246231156,0c5c627ae7548e3fb60e3674e718481d5aed948f45394facf583a4617cd4ba9c,57c4b06c7fabe5daab0eb84b8ca6cb2ad1103a158f913f4c7308209621cdf4fa,0.0,0.0
flywire_783_mb_left_kc512_s701,543,spectral,role_shuffled,3,yoked_reward,0.01,fixed,23,5,0.3768844221105528,ddd78415f0043eb556655815c86515d02c035f6bf3cde9a39afc74863a0de0da,57c4b06c7fabe5daab0eb84b8ca6cb2ad1103a158f913f4c7308209621cdf4fa,0.0021149571376192144,6.661338147750939e-16
flywire_783_mb_left_kc512_s701,543,spectral,role_shuffled,3,yoked_reward,0.01,stats_only,23,5,0.38190954773869346,ddd78415f0043eb556655815c86515d02c035f6bf3cde9a39afc74863a0de0da,b5bec9f8418078446a696071c8be3dc2c5acfabbd3367f9c538254ef3f695628,0.0021149571376192144,6.661338147750939e-16
flywire_783_mb_left_kc512_s701,543,spectral,role_shuffled,3,yoked_reward,0.01,coefficients_only,23,5,0.3969849246231156,ddd78415f0043eb556655815c86515d02c035f6bf3cde9a39afc74863a0de0da,0df62e03e5beafd83ad0f950b93b19eaeea4aacf37e06d34e199a858f4261217,0.0021149571376192144,6.661338147750939e-16
flywire_783_mb_left_kc512_s701,543,spectral,role_shuffled,3,yoked_reward,0.01,full_refit,23,5,0.3969849246231156,ddd78415f0043eb556655815c86515d02c035f6bf3cde9a39afc74863a0de0da,faf99ae8a3ae5814b235ad11e4f37d92bfc35fa0ecf595aaf5f19eae6d4afa2c,0.0021149571376192144,6.661338147750939e-16
flywire_783_mb_left_kc512_s701,543,spectral,role_shuffled,3,yoked_reward,0.03,fixed,23,5,0.38190954773869346,16a7fba095fdb12885a49307bda5be11b92cfa48a92850d2c3c484cf091fc0de,57c4b06c7fabe5daab0eb84b8ca6cb2ad1103a158f913f4c7308209621cdf4fa,0.00634487141285764,6.661338147750939e-16
flywire_783_mb_left_kc512_s701,543,spectral,role_shuffled,3,yoked_reward,0.03,stats_only,23,5,0.3768844221105528,16a7fba095fdb12885a49307bda5be11b92cfa48a92850d2c3c484cf091fc0de,deb1831a2231c5cd0c6a9d0009bfa428fac37d227ac0e6b2e52737671a3d825a,0.00634487141285764,6.661338147750939e-16
flywire_783_mb_left_kc512_s701,543,spectral,role_shuffled,3,yoked_reward,0.03,coefficients_only,23,5,0.3969849246231156,16a7fba095fdb12885a49307bda5be11b92cfa48a92850d2c3c484cf091fc0de,b4c14c6ffad0b0f421bc456f56b485411be2d9fc2fcbcdf5e6de6a6352641c3d,0.00634487141285764,6.661338147750939e-16
flywire_783_mb_left_kc512_s701,543,spectral,role_shuffled,3,yoked_reward,0.03,full_refit,23,5,0.3969849246231156,16a7fba095fdb12885a49307bda5be11b92cfa48a92850d2c3c484cf091fc0de,15396fbdfb9bf9d57c3284b0f47cc81d6eb9f51a08928997f219187c7aa16c8e,0.00634487141285764,6.661338147750939e-16
flywire_783_mb_left_kc512_s701,543,spectral,role_shuffled,3,yoked_reward,0.1,fixed,23,4,0.35175879396984927,7f4c004af426e9f4d346b9181506d58344bc6e22c0b2304ef0d355c67297474d,57c4b06c7fabe5daab0eb84b8ca6cb2ad1103a158f913f4c7308209621cdf4fa,0.02114957137619213,4.440892098500626e-16
flywire_783_mb_left_kc512_s701,543,spectral,role_shuffled,3,yoked_reward,0.1,stats_only,23,0,0.36683417085427134,7f4c004af426e9f4d346b9181506d58344bc6e22c0b2304ef0d355c67297474d,98ab261fa045f65a04d1d77155d9c4b2e4a6f184a8d5248a98a7939d903fcc20,0.02114957137619213,4.440892098500626e-16
flywire_783_mb_left_kc512_s701,543,spectral,role_shuffled,3,yoked_reward,0.1,coefficients_only,23,5,0.39195979899497485,7f4c004af426e9f4d346b9181506d58344bc6e22c0b2304ef0d355c67297474d,5a5f4740f082a8b595905c40df28601ef974f309b5ff53dfa73fefbc05a50999,0.02114957137619213,4.440892098500626e-16
flywire_783_mb_left_kc512_s701,543,spectral,role_shuffled,3,yoked_reward,0.1,full_refit,23,5,0.39195979899497485,7f4c004af426e9f4d346b9181506d58344bc6e22c0b2304ef0d355c67297474d,f564b02d7b17f2bc3b74a4ae1ec2196cf3159e991b37d7df974b2d5b5b7a85bd,0.02114957137619213,4.440892098500626e-16
flywire_783_mb_left_kc512_s701,543,spectral,role_shuffled,3,yoked_reward,0.3,fixed,23,0,0.24623115577889448,17f8b517192a185327b66332eb20e44df2bfede2c7baabc9881852b0e5379dd4,57c4b06c7fabe5daab0eb84b8ca6cb2ad1103a158f913f4c7308209621cdf4fa,0.06344871412857638,1.3322676295501878e-15
flywire_783_mb_left_kc512_s701,543,spectral,role_shuffled,3,yoked_reward,0.3,stats_only,23,0,0.24623115577889448,17f8b517192a185327b66332eb20e44df2bfede2c7baabc9881852b0e5379dd4,4a721befb15a5b9f473d7b5e76271f9faa93f311828f4c20bb912292e56a2433,0.06344871412857638,1.3322676295501878e-15
flywire_783_mb_left_kc512_s701,543,spectral,role_shuffled,3,yoked_reward,0.3,coefficients_only,23,5,0.3869346733668342,17f8b517192a185327b66332eb20e44df2bfede2c7baabc9881852b0e5379dd4,09e38d1765c85f6d090bd11e6748bf3553efe51cd9815a0c8e6c6c8949978dad,0.06344871412857638,1.3322676295501878e-15
flywire_783_mb_left_kc512_s701,543,spectral,role_shuffled,3,yoked_reward,0.3,full_refit,23,5,0.39195979899497485,17f8b517192a185327b66332eb20e44df2bfede2c7baabc9881852b0e5379dd4,5d7e36011afc1a4b22a0db34c93a96a3b1b13e47b98c03c814797f4379fd1308,0.06344871412857638,1.3322676295501878e-15
flywire_783_mb_left_kc512_s701,543,spectral,role_shuffled,3,yoked_reward,1.0,fixed,23,0,0.18592964824120603,e15aff642e6ed458ff62e1736aaddf7f20280c5bede42be7a69d2067b1f1ae2b,57c4b06c7fabe5daab0eb84b8ca6cb2ad1103a158f913f4c7308209621cdf4fa,0.21149571376192125,4.884981308350689e-15
flywire_783_mb_left_kc512_s701,543,spectral,role_shuffled,3,yoked_reward,1.0,stats_only,23,0,0.20100502512562815,e15aff642e6ed458ff62e1736aaddf7f20280c5bede42be7a69d2067b1f1ae2b,c1e4d34047e4fe85977a4bfe944e823afa3bcc963b086443e7c1b532b6e0fcc6,0.21149571376192125,4.884981308350689e-15
flywire_783_mb_left_kc512_s701,543,spectral,role_shuffled,3,yoked_reward,1.0,coefficients_only,23,5,0.41708542713567837,e15aff642e6ed458ff62e1736aaddf7f20280c5bede42be7a69d2067b1f1ae2b,c51f3dba7060e35fcf8419fa3df26826f5ce3a66db99a44b17c181fc3ee74c49,0.21149571376192125,4.884981308350689e-15
flywire_783_mb_left_kc512_s701,543,spectral,role_shuffled,3,yoked_reward,1.0,full_refit,23,5,0.4221105527638191,e15aff642e6ed458ff62e1736aaddf7f20280c5bede42be7a69d2067b1f1ae2b,c9dfba3685d0934f35b3d42767f8c9a33c5c6508a3d94d8df2af9b76de88a816,0.21149571376192125,4.884981308350689e-15
flywire_783_mb_left_kc512_s701,543,incoming_l1,fly,0,reward_trace,0.0,fixed,24,5,0.3869346733668342,aef93307ea7829859419c0c00817f894b98a62402bc4985874f5b1bfe68b4029,e586dc7b81a22e53be30e681c687846324f58d1f4d9038001961c89d4f773e71,0.0,0.0
flywire_783_mb_left_kc512_s701,543,incoming_l1,fly,0,reward_trace,0.0,stats_only,24,5,0.3869346733668342,aef93307ea7829859419c0c00817f894b98a62402bc4985874f5b1bfe68b4029,e586dc7b81a22e53be30e681c687846324f58d1f4d9038001961c89d4f773e71,0.0,0.0
flywire_783_mb_left_kc512_s701,543,incoming_l1,fly,0,reward_trace,0.0,coefficients_only,24,5,0.3869346733668342,aef93307ea7829859419c0c00817f894b98a62402bc4985874f5b1bfe68b4029,e586dc7b81a22e53be30e681c687846324f58d1f4d9038001961c89d4f773e71,0.0,0.0
flywire_783_mb_left_kc512_s701,543,incoming_l1,fly,0,reward_trace,0.0,full_refit,24,5,0.3869346733668342,aef93307ea7829859419c0c00817f894b98a62402bc4985874f5b1bfe68b4029,e586dc7b81a22e53be30e681c687846324f58d1f4d9038001961c89d4f773e71,0.0,0.0
flywire_783_mb_left_kc512_s701,543,incoming_l1,fly,0,reward_trace,0.01,fixed,24,5,0.3969849246231156,4fd8eaa72a4ca5f48f2edc27c4170cdc9780fe4ef31c1ea2d5d4a78fd2f14cf3,e586dc7b81a22e53be30e681c687846324f58d1f4d9038001961c89d4f773e71,0.001865782039240255,3.3306690738754696e-16
flywire_783_mb_left_kc512_s701,543,incoming_l1,fly,0,reward_trace,0.01,stats_only,24,5,0.3869346733668342,4fd8eaa72a4ca5f48f2edc27c4170cdc9780fe4ef31c1ea2d5d4a78fd2f14cf3,9e8b0ce0f9deb461638a793a56d23c488bd5bb8dbcbb9ebee4cc4ed51b570a88,0.001865782039240255,3.3306690738754696e-16
flywire_783_mb_left_kc512_s701,543,incoming_l1,fly,0,reward_trace,0.01,coefficients_only,24,5,0.3869346733668342,4fd8eaa72a4ca5f48f2edc27c4170cdc9780fe4ef31c1ea2d5d4a78fd2f14cf3,0e4ac586a55ea74a6a0ae931812c5aa13b54446c37715de1c6232e43227ee07f,0.001865782039240255,3.3306690738754696e-16
flywire_783_mb_left_kc512_s701,543,incoming_l1,fly,0,reward_trace,0.01,full_refit,24,5,0.3869346733668342,4fd8eaa72a4ca5f48f2edc27c4170cdc9780fe4ef31c1ea2d5d4a78fd2f14cf3,aef4e5ef26e3da81da72f8d76d260011e02e26f28eff78b69628cca738777b02,0.001865782039240255,3.3306690738754696e-16
flywire_783_mb_left_kc512_s701,543,incoming_l1,fly,0,reward_trace,0.03,fixed,24,5,0.36683417085427134,a6e509a94941ee004049c872ba1b2cbb23924ca2d4a7604eaea07910a3eed814,e586dc7b81a22e53be30e681c687846324f58d1f4d9038001961c89d4f773e71,0.005597346117720774,3.3306690738754696e-16
flywire_783_mb_left_kc512_s701,543,incoming_l1,fly,0,reward_trace,0.03,stats_only,24,5,0.3768844221105528,a6e509a94941ee004049c872ba1b2cbb23924ca2d4a7604eaea07910a3eed814,e8840255ccaf3e5f38cb51a926a8203cbae864d932d03a0d1042ca3ae1044e60,0.005597346117720774,3.3306690738754696e-16
flywire_783_mb_left_kc512_s701,543,incoming_l1,fly,0,reward_trace,0.03,coefficients_only,24,5,0.3869346733668342,a6e509a94941ee004049c872ba1b2cbb23924ca2d4a7604eaea07910a3eed814,ec7bb7b2de897bbd90cbb358a6781cf2a36181db8eb9f0184e3f423104bfa8d7,0.005597346117720774,3.3306690738754696e-16
flywire_783_mb_left_kc512_s701,543,incoming_l1,fly,0,reward_trace,0.03,full_refit,24,5,0.3869346733668342,a6e509a94941ee004049c872ba1b2cbb23924ca2d4a7604eaea07910a3eed814,cfc0138f90b0725ff6720cb87ff87254b3e96f3cc3c4bb754920306a224596e4,0.005597346117720774,3.3306690738754696e-16
flywire_783_mb_left_kc512_s701,543,incoming_l1,fly,0,reward_trace,0.1,fixed,24,4,0.2964824120603015,d317016e34a8edd4f2193851206e03f98a17efa03427d0edbee1594445e7adf3,e586dc7b81a22e53be30e681c687846324f58d1f4d9038001961c89d4f773e71,0.018657820392402585,3.3306690738754696e-16
flywire_783_mb_left_kc512_s701,543,incoming_l1,fly,0,reward_trace,0.1,stats_only,24,5,0.31155778894472363,d317016e34a8edd4f2193851206e03f98a17efa03427d0edbee1594445e7adf3,0b526bf9be542d7541c91e687e6bd44930f8f2015aba21d5e5e7db80bc9bf1e3,0.018657820392402585,3.3306690738754696e-16
flywire_783_mb_left_kc512_s701,543,incoming_l1,fly,0,reward_trace,0.1,coefficients_only,24,5,0.3869346733668342,d317016e34a8edd4f2193851206e03f98a17efa03427d0edbee1594445e7adf3,44da617b3460653cf4b1773f0b2a38b1a0cef23e60fcb59f34521ecda0a00454,0.018657820392402585,3.3306690738754696e-16
flywire_783_mb_left_kc512_s701,543,incoming_l1,fly,0,reward_trace,0.1,full_refit,24,5,0.3869346733668342,d317016e34a8edd4f2193851206e03f98a17efa03427d0edbee1594445e7adf3,0dbc0983bec683f1f8859a57fc7e7d7ada1bcde401dd4aff884a06970dffa735,0.018657820392402585,3.3306690738754696e-16
flywire_783_mb_left_kc512_s701,543,incoming_l1,fly,0,reward_trace,0.3,fixed,24,0,0.19597989949748743,ccdd65a1dd451c3832e2f414a4437ed6cf4cfb33ea8402d1777e1f2cac36b0e1,e586dc7b81a22e53be30e681c687846324f58d1f4d9038001961c89d4f773e71,0.05597346117720776,4.440892098500626e-16
flywire_783_mb_left_kc512_s701,543,incoming_l1,fly,0,reward_trace,0.3,stats_only,24,0,0.20603015075376885,ccdd65a1dd451c3832e2f414a4437ed6cf4cfb33ea8402d1777e1f2cac36b0e1,0fc1590391a3fd4a3e145ebb53d5cccad8b4d6321c5660a9f046638cf48353a7,0.05597346117720776,4.440892098500626e-16
flywire_783_mb_left_kc512_s701,543,incoming_l1,fly,0,reward_trace,0.3,coefficients_only,24,5,0.3969849246231156,ccdd65a1dd451c3832e2f414a4437ed6cf4cfb33ea8402d1777e1f2cac36b0e1,635241d1d460332dea361a669e18b9258fe4819eec773f4b14508a3eb8ddfefc,0.05597346117720776,4.440892098500626e-16
flywire_783_mb_left_kc512_s701,543,incoming_l1,fly,0,reward_trace,0.3,full_refit,24,5,0.3869346733668342,ccdd65a1dd451c3832e2f414a4437ed6cf4cfb33ea8402d1777e1f2cac36b0e1,87c642f3074082ad4766c8f9c2a1a8d1ceae01df1282dce94b8434ea33c4ddb3,0.05597346117720776,4.440892098500626e-16
flywire_783_mb_left_kc512_s701,543,incoming_l1,fly,0,reward_trace,1.0,fixed,24,0,0.15577889447236182,11cbe5d1b6c8a2c4ba88548b7deaf9677e391fcafcf0502d95618cc263d67be1,e586dc7b81a22e53be30e681c687846324f58d1f4d9038001961c89d4f773e71,0.18657820392402583,8.881784197001252e-16
flywire_783_mb_left_kc512_s701,543,incoming_l1,fly,0,reward_trace,1.0,stats_only,24,0,0.135678391959799,11cbe5d1b6c8a2c4ba88548b7deaf9677e391fcafcf0502d95618cc263d67be1,78c3c99b5270d10cf90ae313e67e91b2526d878a1c08882ea3401feab075610c,0.18657820392402583,8.881784197001252e-16
flywire_783_mb_left_kc512_s701,543,incoming_l1,fly,0,reward_trace,1.0,coefficients_only,24,4,0.38190954773869346,11cbe5d1b6c8a2c4ba88548b7deaf9677e391fcafcf0502d95618cc263d67be1,b46fe688c25ce4237f78e8b7821f4518c479944a4fb4012607ce6cfb6e9fe691,0.18657820392402583,8.881784197001252e-16
flywire_783_mb_left_kc512_s701,543,incoming_l1,fly,0,reward_trace,1.0,full_refit,24,5,0.3969849246231156,11cbe5d1b6c8a2c4ba88548b7deaf9677e391fcafcf0502d95618cc263d67be1,0dfb0c08b25a1704daef562a5536d8556b5aac0e186df48244f0c651cbf70596,0.18657820392402583,8.881784197001252e-16
flywire_783_mb_left_kc512_s701,543,incoming_l1,fly,0,yoked_reward,0.0,fixed,25,5,0.3869346733668342,aef93307ea7829859419c0c00817f894b98a62402bc4985874f5b1bfe68b4029,e586dc7b81a22e53be30e681c687846324f58d1f4d9038001961c89d4f773e71,0.0,0.0
flywire_783_mb_left_kc512_s701,543,incoming_l1,fly,0,yoked_reward,0.0,stats_only,25,5,0.3869346733668342,aef93307ea7829859419c0c00817f894b98a62402bc4985874f5b1bfe68b4029,e586dc7b81a22e53be30e681c687846324f58d1f4d9038001961c89d4f773e71,0.0,0.0
flywire_783_mb_left_kc512_s701,543,incoming_l1,fly,0,yoked_reward,0.0,coefficients_only,25,5,0.3869346733668342,aef93307ea7829859419c0c00817f894b98a62402bc4985874f5b1bfe68b4029,e586dc7b81a22e53be30e681c687846324f58d1f4d9038001961c89d4f773e71,0.0,0.0
flywire_783_mb_left_kc512_s701,543,incoming_l1,fly,0,yoked_reward,0.0,full_refit,25,5,0.3869346733668342,aef93307ea7829859419c0c00817f894b98a62402bc4985874f5b1bfe68b4029,e586dc7b81a22e53be30e681c687846324f58d1f4d9038001961c89d4f773e71,0.0,0.0
flywire_783_mb_left_kc512_s701,543,incoming_l1,fly,0,yoked_reward,0.01,fixed,25,5,0.38190954773869346,cca9461a8ef5678c8e7f89f0e65355b95910d295e419685a837016138e69dfd0,e586dc7b81a22e53be30e681c687846324f58d1f4d9038001961c89d4f773e71,0.0018570228236445712,3.3306690738754696e-16
flywire_783_mb_left_kc512_s701,543,incoming_l1,fly,0,yoked_reward,0.01,stats_only,25,5,0.4020100502512563,cca9461a8ef5678c8e7f89f0e65355b95910d295e419685a837016138e69dfd0,4f992bdb7ece1edd444b9e664d5ca9c1ee21b782f82b73ca2e7eee333345e32e,0.0018570228236445712,3.3306690738754696e-16
flywire_783_mb_left_kc512_s701,543,incoming_l1,fly,0,yoked_reward,0.01,coefficients_only,25,5,0.3869346733668342,cca9461a8ef5678c8e7f89f0e65355b95910d295e419685a837016138e69dfd0,a78c93c2d29a7571d65d79118ed238236cd90257380549ec000eae18cce9d953,0.0018570228236445712,3.3306690738754696e-16
flywire_783_mb_left_kc512_s701,543,incoming_l1,fly,0,yoked_reward,0.01,full_refit,25,5,0.3869346733668342,cca9461a8ef5678c8e7f89f0e65355b95910d295e419685a837016138e69dfd0,1857f364a12397af24f48d436061cf58f0a519872a9705130449e5a454e89eeb,0.0018570228236445712,3.3306690738754696e-16
flywire_783_mb_left_kc512_s701,543,incoming_l1,fly,0,yoked_reward,0.03,fixed,25,5,0.3768844221105528,67a5d3b8d41410f7fe7e31bcd634acf0127c6ec5e6d437e305cece42b2b4f365,e586dc7b81a22e53be30e681c687846324f58d1f4d9038001961c89d4f773e71,0.00557106847093372,3.3306690738754696e-16
flywire_783_mb_left_kc512_s701,543,incoming_l1,fly,0,yoked_reward,0.03,stats_only,25,4,0.4120603015075377,67a5d3b8d41410f7fe7e31bcd634acf0127c6ec5e6d437e305cece42b2b4f365,4533fb9ec41687d05d05993c60f8b84f9c2bb555780e5a897dd8746fe143ef1d,0.00557106847093372,3.3306690738754696e-16
flywire_783_mb_left_kc512_s701,543,incoming_l1,fly,0,yoked_reward,0.03,coefficients_only,25,5,0.3869346733668342,67a5d3b8d41410f7fe7e31bcd634acf0127c6ec5e6d437e305cece42b2b4f365,75ee71106c949cb50e1bafe571b8ff427d83ad14356abbbb26b8256cdcf1ccca,0.00557106847093372,3.3306690738754696e-16
flywire_783_mb_left_kc512_s701,543,incoming_l1,fly,0,yoked_reward,0.03,full_refit,25,5,0.3869346733668342,67a5d3b8d41410f7fe7e31bcd634acf0127c6ec5e6d437e305cece42b2b4f365,32991d90e9caba1308d9c4ed81c4ea374c47a825b06cdbeda309803fa61a37d6,0.00557106847093372,3.3306690738754696e-16
flywire_783_mb_left_kc512_s701,543,incoming_l1,fly,0,yoked_reward,0.1,fixed,25,1,0.22110552763819097,7280d7a206080b204466dea3833c0024ba9e96e55c1c7edbe5fc3eb0f013186f,e586dc7b81a22e53be30e681c687846324f58d1f4d9038001961c89d4f773e71,0.018570228236445736,3.3306690738754696e-16
flywire_783_mb_left_kc512_s701,543,incoming_l1,fly,0,yoked_reward,0.1,stats_only,25,1,0.32160804020100503,7280d7a206080b204466dea3833c0024ba9e96e55c1c7edbe5fc3eb0f013186f,f9079ea209f2a36f970061f106fefdaaa5bb90d47c600e8c698f614ca530c51f,0.018570228236445736,3.3306690738754696e-16
flywire_783_mb_left_kc512_s701,543,incoming_l1,fly,0,yoked_reward,0.1,coefficients_only,25,5,0.3869346733668342,7280d7a206080b204466dea3833c0024ba9e96e55c1c7edbe5fc3eb0f013186f,e5949dce0af9b6032155ea6aeed3d63ec1df7c7edb56f44642bd848162c255d7,0.018570228236445736,3.3306690738754696e-16
flywire_783_mb_left_kc512_s701,543,incoming_l1,fly,0,yoked_reward,0.1,full_refit,25,5,0.3869346733668342,7280d7a206080b204466dea3833c0024ba9e96e55c1c7edbe5fc3eb0f013186f,f1514113a6ea280b439c0819df765a1f3900ed742db33a3bfb2d170493595fa2,0.018570228236445736,3.3306690738754696e-16
flywire_783_mb_left_kc512_s701,543,incoming_l1,fly,0,yoked_reward,0.3,fixed,25,0,0.12060301507537688,824afe3bad46249cdf6b72bab199e3354591613cad1d2ebc2d73add9c83d4154,e586dc7b81a22e53be30e681c687846324f58d1f4d9038001961c89d4f773e71,0.0557106847093372,4.440892098500626e-16
flywire_783_mb_left_kc512_s701,543,incoming_l1,fly,0,yoked_reward,0.3,stats_only,25,1,0.18592964824120603,824afe3bad46249cdf6b72bab199e3354591613cad1d2ebc2d73add9c83d4154,2be549e1c2cecf983d226a655a10743d997efc187a4d993777be502bf6d3078d,0.0557106847093372,4.440892098500626e-16
flywire_783_mb_left_kc512_s701,543,incoming_l1,fly,0,yoked_reward,0.3,coefficients_only,25,4,0.37185929648241206,824afe3bad46249cdf6b72bab199e3354591613cad1d2ebc2d73add9c83d4154,7d32e1270cd859200e712dec4289daffe98fd13cc867c5d3fdcda7bf7fe02471,0.0557106847093372,4.440892098500626e-16
flywire_783_mb_left_kc512_s701,543,incoming_l1,fly,0,yoked_reward,0.3,full_refit,25,5,0.3768844221105528,824afe3bad46249cdf6b72bab199e3354591613cad1d2ebc2d73add9c83d4154,dd4c398a1a8e47a570a599e8b8c838aeaf6e8da08e3fc0705b04b4b472915d67,0.0557106847093372,4.440892098500626e-16
flywire_783_mb_left_kc512_s701,543,incoming_l1,fly,0,yoked_reward,1.0,fixed,25,0,0.08040201005025126,6aa6c70f1510c9477588639b9336ab350a945611056e6df7ede41e9823a71463,e586dc7b81a22e53be30e681c687846324f58d1f4d9038001961c89d4f773e71,0.18570228236445738,8.881784197001252e-16
flywire_783_mb_left_kc512_s701,543,incoming_l1,fly,0,yoked_reward,1.0,stats_only,25,1,0.08542713567839195,6aa6c70f1510c9477588639b9336ab350a945611056e6df7ede41e9823a71463,7670e3d87707b2f87bdd634492d4e3a19fde5d4f054a6df0ddc2ba2e8529dc4c,0.18570228236445738,8.881784197001252e-16
flywire_783_mb_left_kc512_s701,543,incoming_l1,fly,0,yoked_reward,1.0,coefficients_only,25,5,0.41708542713567837,6aa6c70f1510c9477588639b9336ab350a945611056e6df7ede41e9823a71463,25a933b70dc6ce59fed9b413ccfdfaadb890710b4316d13b9443ecb409aaa2ee,0.18570228236445738,8.881784197001252e-16
flywire_783_mb_left_kc512_s701,543,incoming_l1,fly,0,yoked_reward,1.0,full_refit,25,5,0.41708542713567837,6aa6c70f1510c9477588639b9336ab350a945611056e6df7ede41e9823a71463,632ca80695317583ebaf373f9785476eb26b1907781c52710936d665e1e3333b,0.18570228236445738,8.881784197001252e-16
flywire_783_mb_left_kc512_s701,543,incoming_l1,fly,3,reward_trace,0.0,fixed,26,5,0.3869346733668342,aef93307ea7829859419c0c00817f894b98a62402bc4985874f5b1bfe68b4029,e586dc7b81a22e53be30e681c687846324f58d1f4d9038001961c89d4f773e71,0.0,0.0
flywire_783_mb_left_kc512_s701,543,incoming_l1,fly,3,reward_trace,0.0,stats_only,26,5,0.3869346733668342,aef93307ea7829859419c0c00817f894b98a62402bc4985874f5b1bfe68b4029,e586dc7b81a22e53be30e681c687846324f58d1f4d9038001961c89d4f773e71,0.0,0.0
flywire_783_mb_left_kc512_s701,543,incoming_l1,fly,3,reward_trace,0.0,coefficients_only,26,5,0.3869346733668342,aef93307ea7829859419c0c00817f894b98a62402bc4985874f5b1bfe68b4029,e586dc7b81a22e53be30e681c687846324f58d1f4d9038001961c89d4f773e71,0.0,0.0
flywire_783_mb_left_kc512_s701,543,incoming_l1,fly,3,reward_trace,0.0,full_refit,26,5,0.3869346733668342,aef93307ea7829859419c0c00817f894b98a62402bc4985874f5b1bfe68b4029,e586dc7b81a22e53be30e681c687846324f58d1f4d9038001961c89d4f773e71,0.0,0.0
flywire_783_mb_left_kc512_s701,543,incoming_l1,fly,3,reward_trace,0.01,fixed,26,5,0.39195979899497485,70618bde1fe2b32c0652a5e88a9c4c6c7cdb68bfd5af81146b642b9a536768ca,e586dc7b81a22e53be30e681c687846324f58d1f4d9038001961c89d4f773e71,0.0017065435679528935,2.220446049250313e-16
flywire_783_mb_left_kc512_s701,543,incoming_l1,fly,3,reward_trace,0.01,stats_only,26,5,0.39195979899497485,70618bde1fe2b32c0652a5e88a9c4c6c7cdb68bfd5af81146b642b9a536768ca,bc678988cc9d8bd78692a4cf1895c2bc742b23c0200326d68ed45d928c43ae2c,0.0017065435679528935,2.220446049250313e-16
flywire_783_mb_left_kc512_s701,543,incoming_l1,fly,3,reward_trace,0.01,coefficients_only,26,5,0.3869346733668342,70618bde1fe2b32c0652a5e88a9c4c6c7cdb68bfd5af81146b642b9a536768ca,6c294d3d09dff249298054930874fff641be886272be4018b5775d815887f678,0.0017065435679528935,2.220446049250313e-16
flywire_783_mb_left_kc512_s701,543,incoming_l1,fly,3,reward_trace,0.01,full_refit,26,5,0.3869346733668342,70618bde1fe2b32c0652a5e88a9c4c6c7cdb68bfd5af81146b642b9a536768ca,062b28d2e67ea72223d90d5224bb5ddeef7c1d31ba9afc532609115b5d43ed72,0.0017065435679528935,2.220446049250313e-16
flywire_783_mb_left_kc512_s701,543,incoming_l1,fly,3,reward_trace,0.03,fixed,26,5,0.4020100502512563,00bafb9fb891ef53b03520afbc1bd885f76c000f9566f04af1ef3287cbe9c820,e586dc7b81a22e53be30e681c687846324f58d1f4d9038001961c89d4f773e71,0.00511963070385869,3.3306690738754696e-16
flywire_783_mb_left_kc512_s701,543,incoming_l1,fly,3,reward_trace,0.03,stats_only,26,5,0.4120603015075377,00bafb9fb891ef53b03520afbc1bd885f76c000f9566f04af1ef3287cbe9c820,0ea80a8d773a6105d01feb3acfd76385df85cd580c37a484187fff8b290557d0,0.00511963070385869,3.3306690738754696e-16
flywire_783_mb_left_kc512_s701,543,incoming_l1,fly,3,reward_trace,0.03,coefficients_only,26,5,0.39195979899497485,00bafb9fb891ef53b03520afbc1bd885f76c000f9566f04af1ef3287cbe9c820,fd3cc7ce5d472258b9a83e73321bce61e50f337dc1001f610a82e4a12f94d59f,0.00511963070385869,3.3306690738754696e-16
flywire_783_mb_left_kc512_s701,543,incoming_l1,fly,3,reward_trace,0.03,full_refit,26,5,0.39195979899497485,00bafb9fb891ef53b03520afbc1bd885f76c000f9566f04af1ef3287cbe9c820,0112377d4bcf119b7dc99d5fa0d4a61e7d03de960ddb081f64f4a6c91cf6200a,0.00511963070385869,3.3306690738754696e-16
flywire_783_mb_left_kc512_s701,543,incoming_l1,fly,3,reward_trace,0.1,fixed,26,3,0.31155778894472363,00841d3f7da0e2fb77496d4a5ad7f97647b3f28ba49a10080c39fbc23089b2e9,e586dc7b81a22e53be30e681c687846324f58d1f4d9038001961c89d4f773e71,0.017065435679528968,2.220446049250313e-16
flywire_783_mb_left_kc512_s701,543,incoming_l1,fly,3,reward_trace,0.1,stats_only,26,1,0.3417085427135678,00841d3f7da0e2fb77496d4a5ad7f97647b3f28ba49a10080c39fbc23089b2e9,4a021ac5a17052aa3f27f0635c5dfa22fc7e8ab9efc179d91d43348d701324e9,0.017065435679528968,2.220446049250313e-16
flywire_783_mb_left_kc512_s701,543,incoming_l1,fly,3,reward_trace,0.1,coefficients_only,26,5,0.39195979899497485,00841d3f7da0e2fb77496d4a5ad7f97647b3f28ba49a10080c39fbc23089b2e9,bd896dff0723fece4dcf6553d81eef8006d289244dbde49e809b4ccf2c46ff21,0.017065435679528968,2.220446049250313e-16
flywire_783_mb_left_kc512_s701,543,incoming_l1,fly,3,reward_trace,0.1,full_refit,26,5,0.39195979899497485,00841d3f7da0e2fb77496d4a5ad7f97647b3f28ba49a10080c39fbc23089b2e9,8c39934e767f20fec7257bbe0c298326eb27cd86618ada72f0f4b34a63460150,0.017065435679528968,2.220446049250313e-16
flywire_783_mb_left_kc512_s701,543,incoming_l1,fly,3,reward_trace,0.3,fixed,26,1,0.17587939698492464,cc24bce84209f45b4ef6b84fb2839bcf8b497154bdf946e5580e34bdaae600cb,e586dc7b81a22e53be30e681c687846324f58d1f4d9038001961c89d4f773e71,0.05119630703858691,3.3306690738754696e-16
flywire_783_mb_left_kc512_s701,543,incoming_l1,fly,3,reward_trace,0.3,stats_only,26,1,0.21608040201005024,cc24bce84209f45b4ef6b84fb2839bcf8b497154bdf946e5580e34bdaae600cb,efa16155adf2e6806cbc655ca8a8349b15afa954034654551bb075ccac8b712d,0.05119630703858691,3.3306690738754696e-16
flywire_783_mb_left_kc512_s701,543,incoming_l1,fly,3,reward_trace,0.3,coefficients_only,26,5,0.38190954773869346,cc24bce84209f45b4ef6b84fb2839bcf8b497154bdf946e5580e34bdaae600cb,b3073f31307f60044bead8f0d8c172a8cdbff0a562ed9f62c84320de81ce18dd,0.05119630703858691,3.3306690738754696e-16
flywire_783_mb_left_kc512_s701,543,incoming_l1,fly,3,reward_trace,0.3,full_refit,26,5,0.3869346733668342,cc24bce84209f45b4ef6b84fb2839bcf8b497154bdf946e5580e34bdaae600cb,8261f938e897b386d28816626401d60a2af73a1054108a9aee6d3dec57122ac7,0.05119630703858691,3.3306690738754696e-16
flywire_783_mb_left_kc512_s701,543,incoming_l1,fly,3,reward_trace,1.0,fixed,26,1,0.1407035175879397,cd068ec866264f2046b4758fcd282bca3c8592070ac5d035532538e6d6eb0817,e586dc7b81a22e53be30e681c687846324f58d1f4d9038001961c89d4f773e71,0.17065435679528967,1.3322676295501878e-15
flywire_783_mb_left_kc512_s701,543,incoming_l1,fly,3,reward_trace,1.0,stats_only,26,1,0.12562814070351758,cd068ec866264f2046b4758fcd282bca3c8592070ac5d035532538e6d6eb0817,f185af8bf3906797f8dd89bf0498c7f625a5ca64033cab122b13bd54e53c826f,0.17065435679528967,1.3322676295501878e-15
flywire_783_mb_left_kc512_s701,543,incoming_l1,fly,3,reward_trace,1.0,coefficients_only,26,5,0.41708542713567837,cd068ec866264f2046b4758fcd282bca3c8592070ac5d035532538e6d6eb0817,4bb6a620d4a5d5c46a28f8e13e307fd32f3dbf0467fa0ca450446af0b7ab1671,0.17065435679528967,1.3322676295501878e-15
flywire_783_mb_left_kc512_s701,543,incoming_l1,fly,3,reward_trace,1.0,full_refit,26,5,0.40703517587939697,cd068ec866264f2046b4758fcd282bca3c8592070ac5d035532538e6d6eb0817,3eb11ffadf506dae2f12da972bba7a81c05eb3b9c4d7e6ad860048b995e8a546,0.17065435679528967,1.3322676295501878e-15
flywire_783_mb_left_kc512_s701,543,incoming_l1,fly,3,yoked_reward,0.0,fixed,27,5,0.3869346733668342,aef93307ea7829859419c0c00817f894b98a62402bc4985874f5b1bfe68b4029,e586dc7b81a22e53be30e681c687846324f58d1f4d9038001961c89d4f773e71,0.0,0.0
flywire_783_mb_left_kc512_s701,543,incoming_l1,fly,3,yoked_reward,0.0,stats_only,27,5,0.3869346733668342,aef93307ea7829859419c0c00817f894b98a62402bc4985874f5b1bfe68b4029,e586dc7b81a22e53be30e681c687846324f58d1f4d9038001961c89d4f773e71,0.0,0.0
flywire_783_mb_left_kc512_s701,543,incoming_l1,fly,3,yoked_reward,0.0,coefficients_only,27,5,0.3869346733668342,aef93307ea7829859419c0c00817f894b98a62402bc4985874f5b1bfe68b4029,e586dc7b81a22e53be30e681c687846324f58d1f4d9038001961c89d4f773e71,0.0,0.0
flywire_783_mb_left_kc512_s701,543,incoming_l1,fly,3,yoked_reward,0.0,full_refit,27,5,0.3869346733668342,aef93307ea7829859419c0c00817f894b98a62402bc4985874f5b1bfe68b4029,e586dc7b81a22e53be30e681c687846324f58d1f4d9038001961c89d4f773e71,0.0,0.0
flywire_783_mb_left_kc512_s701,543,incoming_l1,fly,3,yoked_reward,0.01,fixed,27,5,0.41708542713567837,c258a2bca3e3e01b99cd85763aff3305a090b15c927dadedf7aab7cdd5f102c2,e586dc7b81a22e53be30e681c687846324f58d1f4d9038001961c89d4f773e71,0.001136351040444813,4.440892098500626e-16
flywire_783_mb_left_kc512_s701,543,incoming_l1,fly,3,yoked_reward,0.01,stats_only,27,5,0.3869346733668342,c258a2bca3e3e01b99cd85763aff3305a090b15c927dadedf7aab7cdd5f102c2,a1f5bf0c3a7e8e9b88f383963041c46eca399d84376918150538a4e3170c14f7,0.001136351040444813,4.440892098500626e-16
flywire_783_mb_left_kc512_s701,543,incoming_l1,fly,3,yoked_reward,0.01,coefficients_only,27,5,0.3869346733668342,c258a2bca3e3e01b99cd85763aff3305a090b15c927dadedf7aab7cdd5f102c2,b563ab9a6c07654dbc17c14fb48cad8621addde4337d7164be9cd268e25068a3,0.001136351040444813,4.440892098500626e-16
flywire_783_mb_left_kc512_s701,543,incoming_l1,fly,3,yoked_reward,0.01,full_refit,27,5,0.3869346733668342,c258a2bca3e3e01b99cd85763aff3305a090b15c927dadedf7aab7cdd5f102c2,b2e797820b0ae40171c1c66ed6272c4968fea5ae988f6ebb7c4785115113124d,0.001136351040444813,4.440892098500626e-16
flywire_783_mb_left_kc512_s701,543,incoming_l1,fly,3,yoked_reward,0.03,fixed,27,4,0.36180904522613067,64be1bc4b8430954b58dd0a3e42a4d96f2a379aa43c0e26151f828e0c62772e8,e586dc7b81a22e53be30e681c687846324f58d1f4d9038001961c89d4f773e71,0.00340905312133442,3.3306690738754696e-16
flywire_783_mb_left_kc512_s701,543,incoming_l1,fly,3,yoked_reward,0.03,stats_only,27,5,0.39195979899497485,64be1bc4b8430954b58dd0a3e42a4d96f2a379aa43c0e26151f828e0c62772e8,53bd58af7a670c8b8008696234944350a124283915b6b7443411ecf9cfc2db4d,0.00340905312133442,3.3306690738754696e-16
flywire_783_mb_left_kc512_s701,543,incoming_l1,fly,3,yoked_reward,0.03,coefficients_only,27,5,0.3869346733668342,64be1bc4b8430954b58dd0a3e42a4d96f2a379aa43c0e26151f828e0c62772e8,ec66eb188ddf85467332bc6fb49a0a74393a9be19e83c06a6cf873724bc8111a,0.00340905312133442,3.3306690738754696e-16
flywire_783_mb_left_kc512_s701,543,incoming_l1,fly,3,yoked_reward,0.03,full_refit,27,5,0.3869346733668342,64be1bc4b8430954b58dd0a3e42a4d96f2a379aa43c0e26151f828e0c62772e8,539efbfcb5a4ec6ce9896311363f606073978e954d450ca35470e14c50c0f06a,0.00340905312133442,3.3306690738754696e-16
flywire_783_mb_left_kc512_s701,543,incoming_l1,fly,3,yoked_reward,0.1,fixed,27,0,0.18592964824120603,93b6645bfc8ab4a843429d8a054cc58b2d08a3fd8ec7df99514d199c9036a750,e586dc7b81a22e53be30e681c687846324f58d1f4d9038001961c89d4f773e71,0.011363510404448081,3.3306690738754696e-16
flywire_783_mb_left_kc512_s701,543,incoming_l1,fly,3,yoked_reward,0.1,stats_only,27,1,0.37185929648241206,93b6645bfc8ab4a843429d8a054cc58b2d08a3fd8ec7df99514d199c9036a750,8ed9f3be6e2475b12a126ed856b16654fd83b7031be7304f2522c2fc73a21cc6,0.011363510404448081,3.3306690738754696e-16
flywire_783_mb_left_kc512_s701,543,incoming_l1,fly,3,yoked_reward,0.1,coefficients_only,27,5,0.3768844221105528,93b6645bfc8ab4a843429d8a054cc58b2d08a3fd8ec7df99514d199c9036a750,128f7a16263998addae2b0a948f7f9a34de2d80d350b6023db1169fbdc24e86e,0.011363510404448081,3.3306690738754696e-16
flywire_783_mb_left_kc512_s701,543,incoming_l1,fly,3,yoked_reward,0.1,full_refit,27,5,0.38190954773869346,93b6645bfc8ab4a843429d8a054cc58b2d08a3fd8ec7df99514d199c9036a750,9df5af52ab1c4044a528ba1343b9b72efea1d5cbf6bb167a8a8bd17149eb86db,0.011363510404448081,3.3306690738754696e-16
flywire_783_mb_left_kc512_s701,543,incoming_l1,fly,3,yoked_reward,0.3,fixed,27,0,0.12060301507537688,efc570af657e9f25e596a97220a13f524f04d1b259b685e9ae40319363553a6c,e586dc7b81a22e53be30e681c687846324f58d1f4d9038001961c89d4f773e71,0.034090531213344225,4.440892098500626e-16
flywire_783_mb_left_kc512_s701,543,incoming_l1,fly,3,yoked_reward,0.3,stats_only,27,1,0.31155778894472363,efc570af657e9f25e596a97220a13f524f04d1b259b685e9ae40319363553a6c,5a209ff10abe63ab7ca57f31278835dea8245548333d90730e35a024b3546231,0.034090531213344225,4.440892098500626e-16
flywire_783_mb_left_kc512_s701,543,incoming_l1,fly,3,yoked_reward,0.3,coefficients_only,27,5,0.38190954773869346,efc570af657e9f25e596a97220a13f524f04d1b259b685e9ae40319363553a6c,19e5d294747c7fe10a18853e57f11dab88979b550f76f10aeef385a074fa0a08,0.034090531213344225,4.440892098500626e-16
flywire_783_mb_left_kc512_s701,543,incoming_l1,fly,3,yoked_reward,0.3,full_refit,27,5,0.37185929648241206,efc570af657e9f25e596a97220a13f524f04d1b259b685e9ae40319363553a6c,431291300d81d4cceae9367d4edc7b3a37637db82f668314eda2f11eca20c373,0.034090531213344225,4.440892098500626e-16
flywire_783_mb_left_kc512_s701,543,incoming_l1,fly,3,yoked_reward,1.0,fixed,27,0,0.11557788944723618,a052daf5774eb26bb5f264394759140a043b65bfc22866990efa4f3b378d9635,e586dc7b81a22e53be30e681c687846324f58d1f4d9038001961c89d4f773e71,0.11363510404448077,9.992007221626409e-16
flywire_783_mb_left_kc512_s701,543,incoming_l1,fly,3,yoked_reward,1.0,stats_only,27,1,0.1658291457286432,a052daf5774eb26bb5f264394759140a043b65bfc22866990efa4f3b378d9635,33cdb0a22178ab1951f89ce492ed848a38750bcd19fe7402cdc39cfe7574e636,0.11363510404448077,9.992007221626409e-16
flywire_783_mb_left_kc512_s701,543,incoming_l1,fly,3,yoked_reward,1.0,coefficients_only,27,4,0.3969849246231156,a052daf5774eb26bb5f264394759140a043b65bfc22866990efa4f3b378d9635,10a62a1122d576b6cbc2dedccdc375488ab36c2d469cf2fd5de35273820e089f,0.11363510404448077,9.992007221626409e-16
flywire_783_mb_left_kc512_s701,543,incoming_l1,fly,3,yoked_reward,1.0,full_refit,27,5,0.4371859296482412,a052daf5774eb26bb5f264394759140a043b65bfc22866990efa4f3b378d9635,841a9a759c8312fc44609d3b13d11c1c9a40bb7b0ee42ad5c96cd26da006154b,0.11363510404448077,9.992007221626409e-16
flywire_783_mb_left_kc512_s701,543,incoming_l1,role_shuffled,0,reward_trace,0.0,fixed,28,5,0.47738693467336685,bf339c6ae82a27ddab8ba3f9beadfb5472b4546ca0767fe5544a3e81f8fdec87,9c9aec50d995e926092ff1b09eb47cab3ac6e1de1560b31e5f0df9fc12dfa45b,0.0,0.0
flywire_783_mb_left_kc512_s701,543,incoming_l1,role_shuffled,0,reward_trace,0.0,stats_only,28,5,0.47738693467336685,bf339c6ae82a27ddab8ba3f9beadfb5472b4546ca0767fe5544a3e81f8fdec87,9c9aec50d995e926092ff1b09eb47cab3ac6e1de1560b31e5f0df9fc12dfa45b,0.0,0.0
flywire_783_mb_left_kc512_s701,543,incoming_l1,role_shuffled,0,reward_trace,0.0,coefficients_only,28,5,0.47738693467336685,bf339c6ae82a27ddab8ba3f9beadfb5472b4546ca0767fe5544a3e81f8fdec87,9c9aec50d995e926092ff1b09eb47cab3ac6e1de1560b31e5f0df9fc12dfa45b,0.0,0.0
flywire_783_mb_left_kc512_s701,543,incoming_l1,role_shuffled,0,reward_trace,0.0,full_refit,28,5,0.47738693467336685,bf339c6ae82a27ddab8ba3f9beadfb5472b4546ca0767fe5544a3e81f8fdec87,9c9aec50d995e926092ff1b09eb47cab3ac6e1de1560b31e5f0df9fc12dfa45b,0.0,0.0
flywire_783_mb_left_kc512_s701,543,incoming_l1,role_shuffled,0,reward_trace,0.01,fixed,28,5,0.457286432160804,5270db09c975d86e66edc272aa6d2633e8c948c0ece3129cc280b2980a790351,9c9aec50d995e926092ff1b09eb47cab3ac6e1de1560b31e5f0df9fc12dfa45b,0.002133741254733816,3.3306690738754696e-16
flywire_783_mb_left_kc512_s701,543,incoming_l1,role_shuffled,0,reward_trace,0.01,stats_only,28,5,0.48743718592964824,5270db09c975d86e66edc272aa6d2633e8c948c0ece3129cc280b2980a790351,bfecce8af31e2271a5362e971ff45a4ea72d5486e13556c907813113fa546deb,0.002133741254733816,3.3306690738754696e-16
flywire_783_mb_left_kc512_s701,543,incoming_l1,role_shuffled,0,reward_trace,0.01,coefficients_only,28,5,0.4824120603015075,5270db09c975d86e66edc272aa6d2633e8c948c0ece3129cc280b2980a790351,09e56d3399f75b48afa50f26faf284b5eef8cba32eff8ed3f72c628deffc8097,0.002133741254733816,3.3306690738754696e-16
flywire_783_mb_left_kc512_s701,543,incoming_l1,role_shuffled,0,reward_trace,0.01,full_refit,28,5,0.4824120603015075,5270db09c975d86e66edc272aa6d2633e8c948c0ece3129cc280b2980a790351,634299c8febdac4555040fbde4d129c53a98415c7f04226f1fb63bded00ebbf6,0.002133741254733816,3.3306690738754696e-16
flywire_783_mb_left_kc512_s701,543,incoming_l1,role_shuffled,0,reward_trace,0.03,fixed,28,4,0.4120603015075377,ed6ba7fedcb4437ce3ec11201885e1019f31f3ba11c096523cd93529070c32cc,9c9aec50d995e926092ff1b09eb47cab3ac6e1de1560b31e5f0df9fc12dfa45b,0.006401223764201454,4.440892098500626e-16
flywire_783_mb_left_kc512_s701,543,incoming_l1,role_shuffled,0,reward_trace,0.03,stats_only,28,5,0.44221105527638194,ed6ba7fedcb4437ce3ec11201885e1019f31f3ba11c096523cd93529070c32cc,de7dc6c3a428e16d2e6c59c9341a7bc612073291129a73ff71f2e5a01b8cfe0c,0.006401223764201454,4.440892098500626e-16
flywire_783_mb_left_kc512_s701,543,incoming_l1,role_shuffled,0,reward_trace,0.03,coefficients_only,28,5,0.47738693467336685,ed6ba7fedcb4437ce3ec11201885e1019f31f3ba11c096523cd93529070c32cc,a4459c1e8781abc2e42dbd8cdd269c71eb0fdaa980bf2a6227754821f3693cc2,0.006401223764201454,4.440892098500626e-16
flywire_783_mb_left_kc512_s701,543,incoming_l1,role_shuffled,0,reward_trace,0.03,full_refit,28,5,0.47738693467336685,ed6ba7fedcb4437ce3ec11201885e1019f31f3ba11c096523cd93529070c32cc,d53ea9f15606c1511c0566cc884389e014c3e9159724a4fc137c8663896108d7,0.006401223764201454,4.440892098500626e-16
flywire_783_mb_left_kc512_s701,543,incoming_l1,role_shuffled,0,reward_trace,0.1,fixed,28,0,0.37185929648241206,b8ac8607106862d96f13e84998e890b36a6643355120b4a81107ea6bb25835a2,9c9aec50d995e926092ff1b09eb47cab3ac6e1de1560b31e5f0df9fc12dfa45b,0.021337412547338182,2.220446049250313e-16
flywire_783_mb_left_kc512_s701,543,incoming_l1,role_shuffled,0,reward_trace,0.1,stats_only,28,4,0.3768844221105528,b8ac8607106862d96f13e84998e890b36a6643355120b4a81107ea6bb25835a2,66226ba949f8982c8de3e938cfc028071dd7c4eca78675bb2463227e30f737c3,0.021337412547338182,2.220446049250313e-16
flywire_783_mb_left_kc512_s701,543,incoming_l1,role_shuffled,0,reward_trace,0.1,coefficients_only,28,5,0.4723618090452261,b8ac8607106862d96f13e84998e890b36a6643355120b4a81107ea6bb25835a2,b712cad53bde122fb46c4de5f088980d8ebd2704970c7aa3983804a66be2f2ff,0.021337412547338182,2.220446049250313e-16
flywire_783_mb_left_kc512_s701,543,incoming_l1,role_shuffled,0,reward_trace,0.1,full_refit,28,5,0.4723618090452261,b8ac8607106862d96f13e84998e890b36a6643355120b4a81107ea6bb25835a2,cb1d4f9573b6f80fbd570c29e063dfe235d404def6249faff292233ccc93dd94,0.021337412547338182,2.220446049250313e-16
flywire_783_mb_left_kc512_s701,543,incoming_l1,role_shuffled,0,reward_trace,0.3,fixed,28,0,0.2864321608040201,ab32df4e20b8ab75184e0d76168ee5e6f242279348ead3f3f72af8f0f30aa321,9c9aec50d995e926092ff1b09eb47cab3ac6e1de1560b31e5f0df9fc12dfa45b,0.06401223764201455,4.440892098500626e-16
flywire_783_mb_left_kc512_s701,543,incoming_l1,role_shuffled,0,reward_trace,0.3,stats_only,28,0,0.3065326633165829,ab32df4e20b8ab75184e0d76168ee5e6f242279348ead3f3f72af8f0f30aa321,c561b352f93eda07c94f3d783909e2c3a0b0b86d82d5b36d60e96d87f9d8c8ee,0.06401223764201455,4.440892098500626e-16
flywire_783_mb_left_kc512_s701,543,incoming_l1,role_shuffled,0,reward_trace,0.3,coefficients_only,28,5,0.4623115577889447,ab32df4e20b8ab75184e0d76168ee5e6f242279348ead3f3f72af8f0f30aa321,5fe37f968428e263734eeab374706477471e715c7bc1b5bfca0005490aad80ef,0.06401223764201455,4.440892098500626e-16
flywire_783_mb_left_kc512_s701,543,incoming_l1,role_shuffled,0,reward_trace,0.3,full_refit,28,5,0.4623115577889447,ab32df4e20b8ab75184e0d76168ee5e6f242279348ead3f3f72af8f0f30aa321,fa41fae5a7bb58f1d89a204900e8e62a48fc70cae07761e2bad73a2396d78bb8,0.06401223764201455,4.440892098500626e-16
flywire_783_mb_left_kc512_s701,543,incoming_l1,role_shuffled,0,reward_trace,1.0,fixed,28,0,0.22613065326633167,2cd8ba4274d95eb1400343f188b010b514d4319dee71bd5d0dcb40cec5826478,9c9aec50d995e926092ff1b09eb47cab3ac6e1de1560b31e5f0df9fc12dfa45b,0.21337412547338183,1.7763568394002505e-15
flywire_783_mb_left_kc512_s701,543,incoming_l1,role_shuffled,0,reward_trace,1.0,stats_only,28,0,0.21608040201005024,2cd8ba4274d95eb1400343f188b010b514d4319dee71bd5d0dcb40cec5826478,0dd5dcc84cc532f06e589b52ec3b5a2b678c4d86e9ba981ba2ccb7eedc81ce22,0.21337412547338183,1.7763568394002505e-15
flywire_783_mb_left_kc512_s701,543,incoming_l1,role_shuffled,0,reward_trace,1.0,coefficients_only,28,5,0.4221105527638191,2cd8ba4274d95eb1400343f188b010b514d4319dee71bd5d0dcb40cec5826478,31089baea1c5d2be9b7b9624513678cdefd66dddd56a447521def51b47105b5d,0.21337412547338183,1.7763568394002505e-15
flywire_783_mb_left_kc512_s701,543,incoming_l1,role_shuffled,0,reward_trace,1.0,full_refit,28,5,0.4321608040201005,2cd8ba4274d95eb1400343f188b010b514d4319dee71bd5d0dcb40cec5826478,35897e45792089130e1dc9cedf9ede0dc10dce15facf06c9a09c6bc7663841cf,0.21337412547338183,1.7763568394002505e-15
flywire_783_mb_left_kc512_s701,543,incoming_l1,role_shuffled,0,yoked_reward,0.0,fixed,29,5,0.47738693467336685,bf339c6ae82a27ddab8ba3f9beadfb5472b4546ca0767fe5544a3e81f8fdec87,9c9aec50d995e926092ff1b09eb47cab3ac6e1de1560b31e5f0df9fc12dfa45b,0.0,0.0
flywire_783_mb_left_kc512_s701,543,incoming_l1,role_shuffled,0,yoked_reward,0.0,stats_only,29,5,0.47738693467336685,bf339c6ae82a27ddab8ba3f9beadfb5472b4546ca0767fe5544a3e81f8fdec87,9c9aec50d995e926092ff1b09eb47cab3ac6e1de1560b31e5f0df9fc12dfa45b,0.0,0.0
flywire_783_mb_left_kc512_s701,543,incoming_l1,role_shuffled,0,yoked_reward,0.0,coefficients_only,29,5,0.47738693467336685,bf339c6ae82a27ddab8ba3f9beadfb5472b4546ca0767fe5544a3e81f8fdec87,9c9aec50d995e926092ff1b09eb47cab3ac6e1de1560b31e5f0df9fc12dfa45b,0.0,0.0
flywire_783_mb_left_kc512_s701,543,incoming_l1,role_shuffled,0,yoked_reward,0.0,full_refit,29,5,0.47738693467336685,bf339c6ae82a27ddab8ba3f9beadfb5472b4546ca0767fe5544a3e81f8fdec87,9c9aec50d995e926092ff1b09eb47cab3ac6e1de1560b31e5f0df9fc12dfa45b,0.0,0.0
flywire_783_mb_left_kc512_s701,543,incoming_l1,role_shuffled,0,yoked_reward,0.01,fixed,29,5,0.4472361809045226,595162704a3485966d67be37df9b620a5939f922d6273ec50233e786bfae09eb,9c9aec50d995e926092ff1b09eb47cab3ac6e1de1560b31e5f0df9fc12dfa45b,0.0020495807883474985,3.3306690738754696e-16
flywire_783_mb_left_kc512_s701,543,incoming_l1,role_shuffled,0,yoked_reward,0.01,stats_only,29,5,0.457286432160804,595162704a3485966d67be37df9b620a5939f922d6273ec50233e786bfae09eb,a4fe1e0090b9d226f9f4f4563403807815be40ae7fafe06c06216d4561c6b03b,0.0020495807883474985,3.3306690738754696e-16
flywire_783_mb_left_kc512_s701,543,incoming_l1,role_shuffled,0,yoked_reward,0.01,coefficients_only,29,5,0.47738693467336685,595162704a3485966d67be37df9b620a5939f922d6273ec50233e786bfae09eb,9bfc5254a3040f7967b1e05119d0dc94fa6cb06e5232a814a1cf0391046637e5,0.0020495807883474985,3.3306690738754696e-16
flywire_783_mb_left_kc512_s701,543,incoming_l1,role_shuffled,0,yoked_reward,0.01,full_refit,29,5,0.47738693467336685,595162704a3485966d67be37df9b620a5939f922d6273ec50233e786bfae09eb,da4b41929351e74d64548b16844bc2ec815462971b6c09321359bfb1e5adb269,0.0020495807883474985,3.3306690738754696e-16
flywire_783_mb_left_kc512_s701,543,incoming_l1,role_shuffled,0,yoked_reward,0.03,fixed,29,4,0.4321608040201005,973df01eab1f8cedc8e83a77f84d1e2dabab84470ba0c669b060a77b28ea4c38,9c9aec50d995e926092ff1b09eb47cab3ac6e1de1560b31e5f0df9fc12dfa45b,0.006148742365042496,3.3306690738754696e-16
flywire_783_mb_left_kc512_s701,543,incoming_l1,role_shuffled,0,yoked_reward,0.03,stats_only,29,5,0.4120603015075377,973df01eab1f8cedc8e83a77f84d1e2dabab84470ba0c669b060a77b28ea4c38,04f993291ac8bd82e643361133b955132cacdffdf877c40057162e252ae6c0ce,0.006148742365042496,3.3306690738754696e-16
flywire_783_mb_left_kc512_s701,543,incoming_l1,role_shuffled,0,yoked_reward,0.03,coefficients_only,29,5,0.4824120603015075,973df01eab1f8cedc8e83a77f84d1e2dabab84470ba0c669b060a77b28ea4c38,b52072fff3fb061f76f90527125536c29c901a00a8bf7c258d8ceccd6f21ed26,0.006148742365042496,3.3306690738754696e-16
flywire_783_mb_left_kc512_s701,543,incoming_l1,role_shuffled,0,yoked_reward,0.03,full_refit,29,5,0.4824120603015075,973df01eab1f8cedc8e83a77f84d1e2dabab84470ba0c669b060a77b28ea4c38,b81c344a97d50449c8ede55349c166e831e6227149405927c0e33f63d04f315a,0.006148742365042496,3.3306690738754696e-16
flywire_783_mb_left_kc512_s701,543,incoming_l1,role_shuffled,0,yoked_reward,0.1,fixed,29,0,0.3065326633165829,536a0bb33e413e5a55d08a04d88a6cc796d2d383db6202c52468feef5d7e59ee,9c9aec50d995e926092ff1b09eb47cab3ac6e1de1560b31e5f0df9fc12dfa45b,0.020495807883474996,2.220446049250313e-16
flywire_783_mb_left_kc512_s701,543,incoming_l1,role_shuffled,0,yoked_reward,0.1,stats_only,29,2,0.3417085427135678,536a0bb33e413e5a55d08a04d88a6cc796d2d383db6202c52468feef5d7e59ee,6b58e3d32bdad6881f5284b9c26f3aa885bc2a5af860d1f3101d79174be484e9,0.020495807883474996,2.220446049250313e-16
flywire_783_mb_left_kc512_s701,543,incoming_l1,role_shuffled,0,yoked_reward,0.1,coefficients_only,29,5,0.47738693467336685,536a0bb33e413e5a55d08a04d88a6cc796d2d383db6202c52468feef5d7e59ee,31d21ebb617530960422993cd062282081e1d686e20dc7dc88ff3fa30fda23b3,0.020495807883474996,2.220446049250313e-16
flywire_783_mb_left_kc512_s701,543,incoming_l1,role_shuffled,0,yoked_reward,0.1,full_refit,29,5,0.4723618090452261,536a0bb33e413e5a55d08a04d88a6cc796d2d383db6202c52468feef5d7e59ee,a650e1e7a63c2fb7f33e26b1bea4734eaeb0317eb8441b1e1e44d7796b67e787,0.020495807883474996,2.220446049250313e-16
flywire_783_mb_left_kc512_s701,543,incoming_l1,role_shuffled,0,yoked_reward,0.3,fixed,29,0,0.1708542713567839,d96c0dc5cc36adc2e7f8fae0d764ecb9d8d05267cd5bb7e35203024da92a6d27,9c9aec50d995e926092ff1b09eb47cab3ac6e1de1560b31e5f0df9fc12dfa45b,0.061487423650424984,3.3306690738754696e-16
flywire_783_mb_left_kc512_s701,543,incoming_l1,role_shuffled,0,yoked_reward,0.3,stats_only,29,2,0.24623115577889448,d96c0dc5cc36adc2e7f8fae0d764ecb9d8d05267cd5bb7e35203024da92a6d27,7d56bf8fe00bf818fd48de25abf1e33dd7bf0536954525dfc6fe95f31cfc67bc,0.061487423650424984,3.3306690738754696e-16
flywire_783_mb_left_kc512_s701,543,incoming_l1,role_shuffled,0,yoked_reward,0.3,coefficients_only,29,5,0.457286432160804,d96c0dc5cc36adc2e7f8fae0d764ecb9d8d05267cd5bb7e35203024da92a6d27,e86f862eb5e0b02f9a481b9347704a30820c01a4cec6013a8bad1f613179f17a,0.061487423650424984,3.3306690738754696e-16
flywire_783_mb_left_kc512_s701,543,incoming_l1,role_shuffled,0,yoked_reward,0.3,full_refit,29,5,0.4623115577889447,d96c0dc5cc36adc2e7f8fae0d764ecb9d8d05267cd5bb7e35203024da92a6d27,873ad22117baa79ef711b049ea9533379349d61288932dc62316551499dcdf63,0.061487423650424984,3.3306690738754696e-16
flywire_783_mb_left_kc512_s701,543,incoming_l1,role_shuffled,0,yoked_reward,1.0,fixed,29,0,0.1306532663316583,b75755df6b98de7aca9f32c319923b91d49b499f25ae4b1d5e7d80ff357a93ef,9c9aec50d995e926092ff1b09eb47cab3ac6e1de1560b31e5f0df9fc12dfa45b,0.20495807883474995,1.4432899320127035e-15
flywire_783_mb_left_kc512_s701,543,incoming_l1,role_shuffled,0,yoked_reward,1.0,stats_only,29,2,0.17587939698492464,b75755df6b98de7aca9f32c319923b91d49b499f25ae4b1d5e7d80ff357a93ef,945033975860c05a1d6b4c7478eae7bc4ddc0d2d2ae2faf15c15c245ae3ae585,0.20495807883474995,1.4432899320127035e-15
flywire_783_mb_left_kc512_s701,543,incoming_l1,role_shuffled,0,yoked_reward,1.0,coefficients_only,29,5,0.457286432160804,b75755df6b98de7aca9f32c319923b91d49b499f25ae4b1d5e7d80ff357a93ef,bc7e0e882e39b225f4199f5636664d54191c32f111824d6c4bec603ae67f60e6,0.20495807883474995,1.4432899320127035e-15
flywire_783_mb_left_kc512_s701,543,incoming_l1,role_shuffled,0,yoked_reward,1.0,full_refit,29,5,0.45226130653266333,b75755df6b98de7aca9f32c319923b91d49b499f25ae4b1d5e7d80ff357a93ef,b7f1ae21374c17e80f64c6c217ed1e7939b7a2f39ac788275b5d5be3797d2622,0.20495807883474995,1.4432899320127035e-15
flywire_783_mb_left_kc512_s701,543,incoming_l1,role_shuffled,3,reward_trace,0.0,fixed,30,5,0.47738693467336685,bf339c6ae82a27ddab8ba3f9beadfb5472b4546ca0767fe5544a3e81f8fdec87,9c9aec50d995e926092ff1b09eb47cab3ac6e1de1560b31e5f0df9fc12dfa45b,0.0,0.0
flywire_783_mb_left_kc512_s701,543,incoming_l1,role_shuffled,3,reward_trace,0.0,stats_only,30,5,0.47738693467336685,bf339c6ae82a27ddab8ba3f9beadfb5472b4546ca0767fe5544a3e81f8fdec87,9c9aec50d995e926092ff1b09eb47cab3ac6e1de1560b31e5f0df9fc12dfa45b,0.0,0.0
flywire_783_mb_left_kc512_s701,543,incoming_l1,role_shuffled,3,reward_trace,0.0,coefficients_only,30,5,0.47738693467336685,bf339c6ae82a27ddab8ba3f9beadfb5472b4546ca0767fe5544a3e81f8fdec87,9c9aec50d995e926092ff1b09eb47cab3ac6e1de1560b31e5f0df9fc12dfa45b,0.0,0.0
flywire_783_mb_left_kc512_s701,543,incoming_l1,role_shuffled,3,reward_trace,0.0,full_refit,30,5,0.47738693467336685,bf339c6ae82a27ddab8ba3f9beadfb5472b4546ca0767fe5544a3e81f8fdec87,9c9aec50d995e926092ff1b09eb47cab3ac6e1de1560b31e5f0df9fc12dfa45b,0.0,0.0
flywire_783_mb_left_kc512_s701,543,incoming_l1,role_shuffled,3,reward_trace,0.01,fixed,30,5,0.4321608040201005,a505b3ad798417ea611cd4bd12afe3f95b3247d43a32313769816cd382c09e61,9c9aec50d995e926092ff1b09eb47cab3ac6e1de1560b31e5f0df9fc12dfa45b,0.0021905891600481017,3.3306690738754696e-16
flywire_783_mb_left_kc512_s701,543,incoming_l1,role_shuffled,3,reward_trace,0.01,stats_only,30,5,0.457286432160804,a505b3ad798417ea611cd4bd12afe3f95b3247d43a32313769816cd382c09e61,d97d53991368c49083dc7e089065abd91bb64ebb6619314e138939789600ec0e,0.0021905891600481017,3.3306690738754696e-16
flywire_783_mb_left_kc512_s701,543,incoming_l1,role_shuffled,3,reward_trace,0.01,coefficients_only,30,5,0.4824120603015075,a505b3ad798417ea611cd4bd12afe3f95b3247d43a32313769816cd382c09e61,92093d7ca0ba6f2bf5519d23b90591f602cf94136311e2b0cc3e133f58444cc5,0.0021905891600481017,3.3306690738754696e-16
flywire_783_mb_left_kc512_s701,543,incoming_l1,role_shuffled,3,reward_trace,0.01,full_refit,30,5,0.4824120603015075,a505b3ad798417ea611cd4bd12afe3f95b3247d43a32313769816cd382c09e61,2173726a3a0034476be2e881ff60f7a8eb617e6dd5086731c54323fbdc121643,0.0021905891600481017,3.3306690738754696e-16
flywire_783_mb_left_kc512_s701,543,incoming_l1,role_shuffled,3,reward_trace,0.03,fixed,30,5,0.39195979899497485,95da2a57e6f67af7c07c665b0c776f22e68eaecc248ad36c0d76fd394e6e867a,9c9aec50d995e926092ff1b09eb47cab3ac6e1de1560b31e5f0df9fc12dfa45b,0.00657176748014428,3.3306690738754696e-16
flywire_783_mb_left_kc512_s701,543,incoming_l1,role_shuffled,3,reward_trace,0.03,stats_only,30,5,0.4271356783919598,95da2a57e6f67af7c07c665b0c776f22e68eaecc248ad36c0d76fd394e6e867a,8da56a7b8e2d394c9567c754aacc30444fb72be0438bf48a1372c3abf239efa1,0.00657176748014428,3.3306690738754696e-16
flywire_783_mb_left_kc512_s701,543,incoming_l1,role_shuffled,3,reward_trace,0.03,coefficients_only,30,5,0.47738693467336685,95da2a57e6f67af7c07c665b0c776f22e68eaecc248ad36c0d76fd394e6e867a,8b32e8d92395334666870f3654030afc4f98d16291d4bd0f6f048a2770a24904,0.00657176748014428,3.3306690738754696e-16
flywire_783_mb_left_kc512_s701,543,incoming_l1,role_shuffled,3,reward_trace,0.03,full_refit,30,5,0.47738693467336685,95da2a57e6f67af7c07c665b0c776f22e68eaecc248ad36c0d76fd394e6e867a,7869439275bd6c6f1cb998fe887af8423568cf8e72fe8bb7bdc2e187bb52539c,0.00657176748014428,3.3306690738754696e-16
flywire_783_mb_left_kc512_s701,543,incoming_l1,role_shuffled,3,reward_trace,0.1,fixed,30,0,0.27638190954773867,6c19730a6a3e23ce55339483c8c47fa51e36033d018cc8178a7300251fecd7a2,9c9aec50d995e926092ff1b09eb47cab3ac6e1de1560b31e5f0df9fc12dfa45b,0.021905891600480933,3.3306690738754696e-16
flywire_783_mb_left_kc512_s701,543,incoming_l1,role_shuffled,3,reward_trace,0.1,stats_only,30,2,0.39195979899497485,6c19730a6a3e23ce55339483c8c47fa51e36033d018cc8178a7300251fecd7a2,6d0ba7f42c381bc93b6a94ec31c1d9ab3864800984473b801bbbe2a4944a504c,0.021905891600480933,3.3306690738754696e-16
flywire_783_mb_left_kc512_s701,543,incoming_l1,role_shuffled,3,reward_trace,0.1,coefficients_only,30,5,0.46733668341708545,6c19730a6a3e23ce55339483c8c47fa51e36033d018cc8178a7300251fecd7a2,643506915f2e934a32a3cd4165aab3a8e9c682ddad5c1dc40e7eb9942b57d9c4,0.021905891600480933,3.3306690738754696e-16
flywire_783_mb_left_kc512_s701,543,incoming_l1,role_shuffled,3,reward_trace,0.1,full_refit,30,5,0.46733668341708545,6c19730a6a3e23ce55339483c8c47fa51e36033d018cc8178a7300251fecd7a2,be152dd2582a55b50ce9dcf5f69a1408d6be6716a585c54b496c6418e36ea41f,0.021905891600480933,3.3306690738754696e-16
flywire_783_mb_left_kc512_s701,543,incoming_l1,role_shuffled,3,reward_trace,0.3,fixed,30,0,0.19597989949748743,aeaf341f79c826372d9d05305c0d070f05c3092c641a4e3e92513faf7d839e55,9c9aec50d995e926092ff1b09eb47cab3ac6e1de1560b31e5f0df9fc12dfa45b,0.06571767480144283,3.3306690738754696e-16
flywire_783_mb_left_kc512_s701,543,incoming_l1,role_shuffled,3,reward_trace,0.3,stats_only,30,0,0.20603015075376885,aeaf341f79c826372d9d05305c0d070f05c3092c641a4e3e92513faf7d839e55,9cdcf0e34452aa7d0e118e834099be754630fb49bdd97383a465735daa88c4a4,0.06571767480144283,3.3306690738754696e-16
flywire_783_mb_left_kc512_s701,543,incoming_l1,role_shuffled,3,reward_trace,0.3,coefficients_only,30,5,0.46733668341708545,aeaf341f79c826372d9d05305c0d070f05c3092c641a4e3e92513faf7d839e55,afad3b968594212e701aa2e89935696a3e12d5e9142c3dff4a185d278569fdf4,0.06571767480144283,3.3306690738754696e-16
flywire_783_mb_left_kc512_s701,543,incoming_l1,role_shuffled,3,reward_trace,0.3,full_refit,30,5,0.46733668341708545,aeaf341f79c826372d9d05305c0d070f05c3092c641a4e3e92513faf7d839e55,756cdb44315d824f743cf09b7851c3ef7a1e69af4a7748b00a84132684d88141,0.06571767480144283,3.3306690738754696e-16
flywire_783_mb_left_kc512_s701,543,incoming_l1,role_shuffled,3,reward_trace,1.0,fixed,30,0,0.16080402010050251,faf65ec129f8f587186c3e351a9ff3c4edecac5ccbc6885e4697589cad96cb44,9c9aec50d995e926092ff1b09eb47cab3ac6e1de1560b31e5f0df9fc12dfa45b,0.2190589160048094,1.4432899320127035e-15
flywire_783_mb_left_kc512_s701,543,incoming_l1,role_shuffled,3,reward_trace,1.0,stats_only,30,0,0.16080402010050251,faf65ec129f8f587186c3e351a9ff3c4edecac5ccbc6885e4697589cad96cb44,22273eb3b2ce618270b6fde495ca4c0e616b3d0f3129927b935262442d86c231,0.2190589160048094,1.4432899320127035e-15
flywire_783_mb_left_kc512_s701,543,incoming_l1,role_shuffled,3,reward_trace,1.0,coefficients_only,30,5,0.45226130653266333,faf65ec129f8f587186c3e351a9ff3c4edecac5ccbc6885e4697589cad96cb44,16adebb98df71ceda058713c6947d6f045200bb4ff60bc9c1a37f36028da56ef,0.2190589160048094,1.4432899320127035e-15
flywire_783_mb_left_kc512_s701,543,incoming_l1,role_shuffled,3,reward_trace,1.0,full_refit,30,5,0.4623115577889447,faf65ec129f8f587186c3e351a9ff3c4edecac5ccbc6885e4697589cad96cb44,0a7f86eee8e0996b45ff682b9772dc373b2f6a1f2e05e030715a408c76d379b2,0.2190589160048094,1.4432899320127035e-15
flywire_783_mb_left_kc512_s701,543,incoming_l1,role_shuffled,3,yoked_reward,0.0,fixed,31,5,0.47738693467336685,bf339c6ae82a27ddab8ba3f9beadfb5472b4546ca0767fe5544a3e81f8fdec87,9c9aec50d995e926092ff1b09eb47cab3ac6e1de1560b31e5f0df9fc12dfa45b,0.0,0.0
flywire_783_mb_left_kc512_s701,543,incoming_l1,role_shuffled,3,yoked_reward,0.0,stats_only,31,5,0.47738693467336685,bf339c6ae82a27ddab8ba3f9beadfb5472b4546ca0767fe5544a3e81f8fdec87,9c9aec50d995e926092ff1b09eb47cab3ac6e1de1560b31e5f0df9fc12dfa45b,0.0,0.0
flywire_783_mb_left_kc512_s701,543,incoming_l1,role_shuffled,3,yoked_reward,0.0,coefficients_only,31,5,0.47738693467336685,bf339c6ae82a27ddab8ba3f9beadfb5472b4546ca0767fe5544a3e81f8fdec87,9c9aec50d995e926092ff1b09eb47cab3ac6e1de1560b31e5f0df9fc12dfa45b,0.0,0.0
flywire_783_mb_left_kc512_s701,543,incoming_l1,role_shuffled,3,yoked_reward,0.0,full_refit,31,5,0.47738693467336685,bf339c6ae82a27ddab8ba3f9beadfb5472b4546ca0767fe5544a3e81f8fdec87,9c9aec50d995e926092ff1b09eb47cab3ac6e1de1560b31e5f0df9fc12dfa45b,0.0,0.0
flywire_783_mb_left_kc512_s701,543,incoming_l1,role_shuffled,3,yoked_reward,0.01,fixed,31,5,0.45226130653266333,470fe1426d32c1c92bcf12ea122ddfb3679e0af8a173eee94f17ba0d6a66b62f,9c9aec50d995e926092ff1b09eb47cab3ac6e1de1560b31e5f0df9fc12dfa45b,0.0018546779528801284,2.220446049250313e-16
flywire_783_mb_left_kc512_s701,543,incoming_l1,role_shuffled,3,yoked_reward,0.01,stats_only,31,5,0.457286432160804,470fe1426d32c1c92bcf12ea122ddfb3679e0af8a173eee94f17ba0d6a66b62f,c823a8d7cdb64deb57bd74fcd6be8d0a00cd9e01ecd0ae2516b47618527f41ee,0.0018546779528801284,2.220446049250313e-16
flywire_783_mb_left_kc512_s701,543,incoming_l1,role_shuffled,3,yoked_reward,0.01,coefficients_only,31,5,0.47738693467336685,470fe1426d32c1c92bcf12ea122ddfb3679e0af8a173eee94f17ba0d6a66b62f,4293e8edd1744fe2115b3e2f5e055a42484914d21214339c0bb480c84cf07893,0.0018546779528801284,2.220446049250313e-16
flywire_783_mb_left_kc512_s701,543,incoming_l1,role_shuffled,3,yoked_reward,0.01,full_refit,31,5,0.4824120603015075,470fe1426d32c1c92bcf12ea122ddfb3679e0af8a173eee94f17ba0d6a66b62f,e3865d057128783e979e5f236e3b1f943c4d4edf567fb21ba6309e288add3f91,0.0018546779528801284,2.220446049250313e-16
flywire_783_mb_left_kc512_s701,543,incoming_l1,role_shuffled,3,yoked_reward,0.03,fixed,31,5,0.4221105527638191,8e30700acda3a33ad16f7d25c33a767b789a60ab54f41d5777652d7bdb34c2e4,9c9aec50d995e926092ff1b09eb47cab3ac6e1de1560b31e5f0df9fc12dfa45b,0.005564033858640393,3.3306690738754696e-16
flywire_783_mb_left_kc512_s701,543,incoming_l1,role_shuffled,3,yoked_reward,0.03,stats_only,31,5,0.4371859296482412,8e30700acda3a33ad16f7d25c33a767b789a60ab54f41d5777652d7bdb34c2e4,5df2ee93b85d39af0ba4df501ba70c9d0c35c9a811168cfd307631210fdb5d17,0.005564033858640393,3.3306690738754696e-16
flywire_783_mb_left_kc512_s701,543,incoming_l1,role_shuffled,3,yoked_reward,0.03,coefficients_only,31,5,0.4824120603015075,8e30700acda3a33ad16f7d25c33a767b789a60ab54f41d5777652d7bdb34c2e4,9bf0ce7de0724965fc68c7dee2cbf6948d9f86a8ede7f302e5b77ece17e162a6,0.005564033858640393,3.3306690738754696e-16
flywire_783_mb_left_kc512_s701,543,incoming_l1,role_shuffled,3,yoked_reward,0.03,full_refit,31,5,0.4824120603015075,8e30700acda3a33ad16f7d25c33a767b789a60ab54f41d5777652d7bdb34c2e4,8a6ad1d86a71d72014fff52bc4c012a7067277dce7461d51bccbb1753326158c,0.005564033858640393,3.3306690738754696e-16
flywire_783_mb_left_kc512_s701,543,incoming_l1,role_shuffled,3,yoked_reward,0.1,fixed,31,5,0.34673366834170855,5fbe371cbd06820361043e9bf163b8b9212e5d1c57e2b37c92547cd4954ff28b,9c9aec50d995e926092ff1b09eb47cab3ac6e1de1560b31e5f0df9fc12dfa45b,0.018546779528801318,2.220446049250313e-16
flywire_783_mb_left_kc512_s701,543,incoming_l1,role_shuffled,3,yoked_reward,0.1,stats_only,31,4,0.34673366834170855,5fbe371cbd06820361043e9bf163b8b9212e5d1c57e2b37c92547cd4954ff28b,b975b7b5626f0195db82b82e91f115951d21eba22738389d864c8d68fd25b003,0.018546779528801318,2.220446049250313e-16
flywire_783_mb_left_kc512_s701,543,incoming_l1,role_shuffled,3,yoked_reward,0.1,coefficients_only,31,5,0.46733668341708545,5fbe371cbd06820361043e9bf163b8b9212e5d1c57e2b37c92547cd4954ff28b,beeb6952e0e272ba9006b7c70b49ff71101798014d1774afda0d7252ad9d9418,0.018546779528801318,2.220446049250313e-16
flywire_783_mb_left_kc512_s701,543,incoming_l1,role_shuffled,3,yoked_reward,0.1,full_refit,31,5,0.4623115577889447,5fbe371cbd06820361043e9bf163b8b9212e5d1c57e2b37c92547cd4954ff28b,abecb0d654b1edad6baf1a1c21a94aa5d356b8a922cf825eb31a2d92b06f7fd2,0.018546779528801318,2.220446049250313e-16
flywire_783_mb_left_kc512_s701,543,incoming_l1,role_shuffled,3,yoked_reward,0.3,fixed,31,1,0.1708542713567839,5779473ce14bd361881b082ca4b400a6daab21a7e6dd313129af4f5e402ef96f,9c9aec50d995e926092ff1b09eb47cab3ac6e1de1560b31e5f0df9fc12dfa45b,0.055640338586403944,3.3306690738754696e-16
flywire_783_mb_left_kc512_s701,543,incoming_l1,role_shuffled,3,yoked_reward,0.3,stats_only,31,0,0.22110552763819097,5779473ce14bd361881b082ca4b400a6daab21a7e6dd313129af4f5e402ef96f,a7484197352ff3ce60d3b2630352919da910a46fa121048362fb62c27eb41e5e,0.055640338586403944,3.3306690738754696e-16
flywire_783_mb_left_kc512_s701,543,incoming_l1,role_shuffled,3,yoked_reward,0.3,coefficients_only,31,5,0.4221105527638191,5779473ce14bd361881b082ca4b400a6daab21a7e6dd313129af4f5e402ef96f,2c1666dcfff996fa245266a34044312d1e63c2fde3fb2532f705968027c8b3e5,0.055640338586403944,3.3306690738754696e-16
flywire_783_mb_left_kc512_s701,543,incoming_l1,role_shuffled,3,yoked_reward,0.3,full_refit,31,5,0.4271356783919598,5779473ce14bd361881b082ca4b400a6daab21a7e6dd313129af4f5e402ef96f,a5d6a45f1f78b29e974dee11a46fc2f7135fbd93d6b0595b02b5e6332ab6c6bf,0.055640338586403944,3.3306690738754696e-16
flywire_783_mb_left_kc512_s701,543,incoming_l1,role_shuffled,3,yoked_reward,1.0,fixed,31,0,0.12562814070351758,052ec961f1624d8a226b9a4742b585771ff0fabe95cc820b27fb683f099d2161,9c9aec50d995e926092ff1b09eb47cab3ac6e1de1560b31e5f0df9fc12dfa45b,0.18546779528801313,9.992007221626409e-16
flywire_783_mb_left_kc512_s701,543,incoming_l1,role_shuffled,3,yoked_reward,1.0,stats_only,31,0,0.1306532663316583,052ec961f1624d8a226b9a4742b585771ff0fabe95cc820b27fb683f099d2161,5522684ea75ba76d233ce8606fcac4de731a41bdbc641155468345d5ba757fa0,0.18546779528801313,9.992007221626409e-16
flywire_783_mb_left_kc512_s701,543,incoming_l1,role_shuffled,3,yoked_reward,1.0,coefficients_only,31,5,0.46733668341708545,052ec961f1624d8a226b9a4742b585771ff0fabe95cc820b27fb683f099d2161,3fbe26db0ff75c4963ccbc26716fc9412ce4248bb2d66903c5eba26d7289ced1,0.18546779528801313,9.992007221626409e-16
flywire_783_mb_left_kc512_s701,543,incoming_l1,role_shuffled,3,yoked_reward,1.0,full_refit,31,5,0.4824120603015075,052ec961f1624d8a226b9a4742b585771ff0fabe95cc820b27fb683f099d2161,83b5d70af8ed613a26dfee679ee75d74d28a84380a52875ed4427e261035d0e8,0.18546779528801313,9.992007221626409e-16
flywire_783_mb_left_kc512_s701,544,spectral,fly,0,reward_trace,0.0,fixed,32,5,0.38190954773869346,dc57b2536a1697e2695991689f43c3164be70f324fd3de3a866124dfca597ddb,837e9b2979058f373f54fbe1236a808b9d6dd539457aba96b102b71c87482d16,0.0,0.0
flywire_783_mb_left_kc512_s701,544,spectral,fly,0,reward_trace,0.0,stats_only,32,5,0.38190954773869346,dc57b2536a1697e2695991689f43c3164be70f324fd3de3a866124dfca597ddb,837e9b2979058f373f54fbe1236a808b9d6dd539457aba96b102b71c87482d16,0.0,0.0
flywire_783_mb_left_kc512_s701,544,spectral,fly,0,reward_trace,0.0,coefficients_only,32,5,0.38190954773869346,dc57b2536a1697e2695991689f43c3164be70f324fd3de3a866124dfca597ddb,837e9b2979058f373f54fbe1236a808b9d6dd539457aba96b102b71c87482d16,0.0,0.0
flywire_783_mb_left_kc512_s701,544,spectral,fly,0,reward_trace,0.0,full_refit,32,5,0.38190954773869346,dc57b2536a1697e2695991689f43c3164be70f324fd3de3a866124dfca597ddb,837e9b2979058f373f54fbe1236a808b9d6dd539457aba96b102b71c87482d16,0.0,0.0
flywire_783_mb_left_kc512_s701,544,spectral,fly,0,reward_trace,0.01,fixed,32,5,0.39195979899497485,8dc2f644d2a86bbed8d7e447c41d3dbd64dfb63efbd7066e8bdcae0b126f854e,837e9b2979058f373f54fbe1236a808b9d6dd539457aba96b102b71c87482d16,0.002559566470437603,4.440892098500626e-16
flywire_783_mb_left_kc512_s701,544,spectral,fly,0,reward_trace,0.01,stats_only,32,5,0.39195979899497485,8dc2f644d2a86bbed8d7e447c41d3dbd64dfb63efbd7066e8bdcae0b126f854e,916824e9e95664f66e3c7ff70835155241e26e28d7b6645a6e8332ff8d58ca79,0.002559566470437603,4.440892098500626e-16
flywire_783_mb_left_kc512_s701,544,spectral,fly,0,reward_trace,0.01,coefficients_only,32,5,0.38190954773869346,8dc2f644d2a86bbed8d7e447c41d3dbd64dfb63efbd7066e8bdcae0b126f854e,1cca3718ede3339df2823d099231071925fd88750032fba45a056af96aae6a88,0.002559566470437603,4.440892098500626e-16
flywire_783_mb_left_kc512_s701,544,spectral,fly,0,reward_trace,0.01,full_refit,32,5,0.38190954773869346,8dc2f644d2a86bbed8d7e447c41d3dbd64dfb63efbd7066e8bdcae0b126f854e,548f8397f1fb0c63fbad3c3639ef1fb775a2ec6e787ad1ea44241aad60970a10,0.002559566470437603,4.440892098500626e-16
flywire_783_mb_left_kc512_s701,544,spectral,fly,0,reward_trace,0.03,fixed,32,5,0.3869346733668342,ab3d18ae9c2d387b68b0850435f4e488f0251b7c167ed06e69c3171a56529e2e,837e9b2979058f373f54fbe1236a808b9d6dd539457aba96b102b71c87482d16,0.007678699411312807,8.881784197001252e-16
flywire_783_mb_left_kc512_s701,544,spectral,fly,0,reward_trace,0.03,stats_only,32,5,0.3869346733668342,ab3d18ae9c2d387b68b0850435f4e488f0251b7c167ed06e69c3171a56529e2e,9a27c8c5e109f944c6278d66ff6475ef0d08dc83f88363520aec8424952c7c82,0.007678699411312807,8.881784197001252e-16
flywire_783_mb_left_kc512_s701,544,spectral,fly,0,reward_trace,0.03,coefficients_only,32,5,0.3768844221105528,ab3d18ae9c2d387b68b0850435f4e488f0251b7c167ed06e69c3171a56529e2e,28bc4c915cab65aeba65325749e1ae5a5eb3566225ba0b0aec30d292183cdf7b,0.007678699411312807,8.881784197001252e-16
flywire_783_mb_left_kc512_s701,544,spectral,fly,0,reward_trace,0.03,full_refit,32,5,0.3768844221105528,ab3d18ae9c2d387b68b0850435f4e488f0251b7c167ed06e69c3171a56529e2e,9cea8b52aade9000738e2c5877045a7aec0460491fe0e51a3d3cc3c20a09d2c9,0.007678699411312807,8.881784197001252e-16
flywire_783_mb_left_kc512_s701,544,spectral,fly,0,reward_trace,0.1,fixed,32,4,0.32663316582914576,7952792d80019d1678987844a194a210ce0e761b03e007bb83907d94a90e2c9d,837e9b2979058f373f54fbe1236a808b9d6dd539457aba96b102b71c87482d16,0.025595664704376023,8.881784197001252e-16
flywire_783_mb_left_kc512_s701,544,spectral,fly,0,reward_trace,0.1,stats_only,32,5,0.35175879396984927,7952792d80019d1678987844a194a210ce0e761b03e007bb83907d94a90e2c9d,bb5dd43ac6d777144b42204e34b6534e5a0bbc842581b1903477e1b5cff41e94,0.025595664704376023,8.881784197001252e-16
flywire_783_mb_left_kc512_s701,544,spectral,fly,0,reward_trace,0.1,coefficients_only,32,5,0.3768844221105528,7952792d80019d1678987844a194a210ce0e761b03e007bb83907d94a90e2c9d,638c997b3d0205d8bb7c226a5dbb094fa2ea904dd819d8553e9249a47dc94c03,0.025595664704376023,8.881784197001252e-16
flywire_783_mb_left_kc512_s701,544,spectral,fly,0,reward_trace,0.1,full_refit,32,5,0.37185929648241206,7952792d80019d1678987844a194a210ce0e761b03e007bb83907d94a90e2c9d,79b77767affad8f46137c421e66b03c359465ac772bee9cd102fe8a575228c8d,0.025595664704376023,8.881784197001252e-16
flywire_783_mb_left_kc512_s701,544,spectral,fly,0,reward_trace,0.3,fixed,32,0,0.27638190954773867,02d242b57e368d3212e7d231e35a4ad7da972cf05a6dfea596aacf1fb80d0241,837e9b2979058f373f54fbe1236a808b9d6dd539457aba96b102b71c87482d16,0.07678699411312807,4.440892098500626e-16
flywire_783_mb_left_kc512_s701,544,spectral,fly,0,reward_trace,0.3,stats_only,32,1,0.32663316582914576,02d242b57e368d3212e7d231e35a4ad7da972cf05a6dfea596aacf1fb80d0241,01db24611547f20c04cbc4a06fe41ae7e20322f28c28e8dc090b63ab1d7a3c71,0.07678699411312807,4.440892098500626e-16
flywire_783_mb_left_kc512_s701,544,spectral,fly,0,reward_trace,0.3,coefficients_only,32,5,0.39195979899497485,02d242b57e368d3212e7d231e35a4ad7da972cf05a6dfea596aacf1fb80d0241,65c3bbd48c6654be73fdb8eb456bb7e29c44f1e15a9b9821880b810fb52dedfb,0.07678699411312807,4.440892098500626e-16
flywire_783_mb_left_kc512_s701,544,spectral,fly,0,reward_trace,0.3,full_refit,32,5,0.3869346733668342,02d242b57e368d3212e7d231e35a4ad7da972cf05a6dfea596aacf1fb80d0241,e96ef16ab81cda8ddf711e1d25a52675ee83b1b20561c7a7df3bf6c801d36330,0.07678699411312807,4.440892098500626e-16
flywire_783_mb_left_kc512_s701,544,spectral,fly,0,reward_trace,1.0,fixed,32,0,0.23115577889447236,5cbdf4a1bbe9e71a1bff4d6333bd32d7d7d7101ee41e07657aee68b6830f430f,837e9b2979058f373f54fbe1236a808b9d6dd539457aba96b102b71c87482d16,0.2559566470437603,1.7763568394002505e-15
flywire_783_mb_left_kc512_s701,544,spectral,fly,0,reward_trace,1.0,stats_only,32,1,0.21105527638190955,5cbdf4a1bbe9e71a1bff4d6333bd32d7d7d7101ee41e07657aee68b6830f430f,53e3afa4afa0d6481ea6808a94f3100075fdccbf5fc4ab00e44f64c1b5b64590,0.2559566470437603,1.7763568394002505e-15
flywire_783_mb_left_kc512_s701,544,spectral,fly,0,reward_trace,1.0,coefficients_only,32,5,0.4120603015075377,5cbdf4a1bbe9e71a1bff4d6333bd32d7d7d7101ee41e07657aee68b6830f430f,cf99853085d948a150dc9d374c2da8af8a32248253a6ca618570c02f526326cf,0.2559566470437603,1.7763568394002505e-15
flywire_783_mb_left_kc512_s701,544,spectral,fly,0,reward_trace,1.0,full_refit,32,5,0.4221105527638191,5cbdf4a1bbe9e71a1bff4d6333bd32d7d7d7101ee41e07657aee68b6830f430f,f19e2cb1f8c96d3300a598d6d9516da20f66568057e8653233c4fad2bb57ef21,0.2559566470437603,1.7763568394002505e-15
flywire_783_mb_left_kc512_s701,544,spectral,fly,0,yoked_reward,0.0,fixed,33,5,0.38190954773869346,dc57b2536a1697e2695991689f43c3164be70f324fd3de3a866124dfca597ddb,837e9b2979058f373f54fbe1236a808b9d6dd539457aba96b102b71c87482d16,0.0,0.0
flywire_783_mb_left_kc512_s701,544,spectral,fly,0,yoked_reward,0.0,stats_only,33,5,0.38190954773869346,dc57b2536a1697e2695991689f43c3164be70f324fd3de3a866124dfca597ddb,837e9b2979058f373f54fbe1236a808b9d6dd539457aba96b102b71c87482d16,0.0,0.0
flywire_783_mb_left_kc512_s701,544,spectral,fly,0,yoked_reward,0.0,coefficients_only,33,5,0.38190954773869346,dc57b2536a1697e2695991689f43c3164be70f324fd3de3a866124dfca597ddb,837e9b2979058f373f54fbe1236a808b9d6dd539457aba96b102b71c87482d16,0.0,0.0
flywire_783_mb_left_kc512_s701,544,spectral,fly,0,yoked_reward,0.0,full_refit,33,5,0.38190954773869346,dc57b2536a1697e2695991689f43c3164be70f324fd3de3a866124dfca597ddb,837e9b2979058f373f54fbe1236a808b9d6dd539457aba96b102b71c87482d16,0.0,0.0
flywire_783_mb_left_kc512_s701,544,spectral,fly,0,yoked_reward,0.01,fixed,33,5,0.3768844221105528,ea4e40b681d39b5952871668da306a60452383483b376fa92df25f0689957c0b,837e9b2979058f373f54fbe1236a808b9d6dd539457aba96b102b71c87482d16,0.0023633520309906684,8.881784197001252e-16
flywire_783_mb_left_kc512_s701,544,spectral,fly,0,yoked_reward,0.01,stats_only,33,5,0.3768844221105528,ea4e40b681d39b5952871668da306a60452383483b376fa92df25f0689957c0b,e7d69851ca43ae02ae26fd2af430391e778dd29b4be2c531f992db834f885834,0.0023633520309906684,8.881784197001252e-16
flywire_783_mb_left_kc512_s701,544,spectral,fly,0,yoked_reward,0.01,coefficients_only,33,5,0.38190954773869346,ea4e40b681d39b5952871668da306a60452383483b376fa92df25f0689957c0b,5978e05016e2c527a6a98e353b2f2c3d1c118b2f544deaec7aff029211f1444a,0.0023633520309906684,8.881784197001252e-16
flywire_783_mb_left_kc512_s701,544,spectral,fly,0,yoked_reward,0.01,full_refit,33,5,0.38190954773869346,ea4e40b681d39b5952871668da306a60452383483b376fa92df25f0689957c0b,ca790dec629a9d81b2fc8ba5a5ed73359eab4181ef673988be9ea089c3b7b324,0.0023633520309906684,8.881784197001252e-16
flywire_783_mb_left_kc512_s701,544,spectral,fly,0,yoked_reward,0.03,fixed,33,5,0.36683417085427134,ffd4096c07d3d3f26d8ee5335eca157bca6e8ea61008dfa1ffacfc4d9c9e993d,837e9b2979058f373f54fbe1236a808b9d6dd539457aba96b102b71c87482d16,0.007090056092971997,4.440892098500626e-16
flywire_783_mb_left_kc512_s701,544,spectral,fly,0,yoked_reward,0.03,stats_only,33,5,0.35678391959798994,ffd4096c07d3d3f26d8ee5335eca157bca6e8ea61008dfa1ffacfc4d9c9e993d,7acd488353f4dcdc677a16c1a036e0dbaf72610119da74c532d54ca0fa6a866c,0.007090056092971997,4.440892098500626e-16
flywire_783_mb_left_kc512_s701,544,spectral,fly,0,yoked_reward,0.03,coefficients_only,33,5,0.37185929648241206,ffd4096c07d3d3f26d8ee5335eca157bca6e8ea61008dfa1ffacfc4d9c9e993d,07f50c20b0de1f5453e6bb7b693945eae0ecdaeaf0c8cf74814cf9b52170e159,0.007090056092971997,4.440892098500626e-16
flywire_783_mb_left_kc512_s701,544,spectral,fly,0,yoked_reward,0.03,full_refit,33,5,0.37185929648241206,ffd4096c07d3d3f26d8ee5335eca157bca6e8ea61008dfa1ffacfc4d9c9e993d,014e94890032fe7f4b0019e30389e2fa134c661a3201ed9d267b80286ee32281,0.007090056092971997,4.440892098500626e-16
flywire_783_mb_left_kc512_s701,544,spectral,fly,0,yoked_reward,0.1,fixed,33,3,0.25125628140703515,fb80806130a9bc15507c399584b6d807e5062c6d029d0253faefcf4e6464eca1,837e9b2979058f373f54fbe1236a808b9d6dd539457aba96b102b71c87482d16,0.023633520309906658,4.440892098500626e-16
flywire_783_mb_left_kc512_s701,544,spectral,fly,0,yoked_reward,0.1,stats_only,33,5,0.32663316582914576,fb80806130a9bc15507c399584b6d807e5062c6d029d0253faefcf4e6464eca1,3be71d545dfdb257f990c8ca94314f152db6cb4521b806604846c8e2c53fe53d,0.023633520309906658,4.440892098500626e-16
flywire_783_mb_left_kc512_s701,544,spectral,fly,0,yoked_reward,0.1,coefficients_only,33,5,0.36180904522613067,fb80806130a9bc15507c399584b6d807e5062c6d029d0253faefcf4e6464eca1,223033743189d6c0a8e2a7f538022b8e196dd93c9ab6d7279a8d388afeb0cee6,0.023633520309906658,4.440892098500626e-16
flywire_783_mb_left_kc512_s701,544,spectral,fly,0,yoked_reward,0.1,full_refit,33,5,0.36180904522613067,fb80806130a9bc15507c399584b6d807e5062c6d029d0253faefcf4e6464eca1,13f95d8beb5efe57a766fdc845886e3969f99d897f3fade72e82bfaf6513afc6,0.023633520309906658,4.440892098500626e-16
flywire_783_mb_left_kc512_s701,544,spectral,fly,0,yoked_reward,0.3,fixed,33,3,0.15577889447236182,59396365463640afc30b4f4b77845810e9d2fbac496f13e1b069529d3ca0b07d,837e9b2979058f373f54fbe1236a808b9d6dd539457aba96b102b71c87482d16,0.07090056092971997,4.440892098500626e-16
flywire_783_mb_left_kc512_s701,544,spectral,fly,0,yoked_reward,0.3,stats_only,33,0,0.19597989949748743,59396365463640afc30b4f4b77845810e9d2fbac496f13e1b069529d3ca0b07d,c1eba9a19c90ef2ef5e498a9721cb349fd56e272faf6c4fea7194c0e18b9912f,0.07090056092971997,4.440892098500626e-16
flywire_783_mb_left_kc512_s701,544,spectral,fly,0,yoked_reward,0.3,coefficients_only,33,5,0.36683417085427134,59396365463640afc30b4f4b77845810e9d2fbac496f13e1b069529d3ca0b07d,49fcf11fafab87165a101d3f4be1598c72206d3d8cbef21ab6186b66fae01183,0.07090056092971997,4.440892098500626e-16
flywire_783_mb_left_kc512_s701,544,spectral,fly,0,yoked_reward,0.3,full_refit,33,5,0.37185929648241206,59396365463640afc30b4f4b77845810e9d2fbac496f13e1b069529d3ca0b07d,94b412d5934a4bc1c4e74706642ed46972eed0c4bcabb601e7e82607a78b0a2b,0.07090056092971997,4.440892098500626e-16
flywire_783_mb_left_kc512_s701,544,spectral,fly,0,yoked_reward,1.0,fixed,33,0,0.12060301507537688,b73d3124933f6181dc9055fcc34742bf14e539b9e670be095fc2fcfdc07c962f,837e9b2979058f373f54fbe1236a808b9d6dd539457aba96b102b71c87482d16,0.23633520309906658,1.1102230246251565e-15
flywire_783_mb_left_kc512_s701,544,spectral,fly,0,yoked_reward,1.0,stats_only,33,0,0.1306532663316583,b73d3124933f6181dc9055fcc34742bf14e539b9e670be095fc2fcfdc07c962f,445eebec6322161d1e6a3217c37603f4531c1e5c84ab9e736a3bd662784c7961,0.23633520309906658,1.1102230246251565e-15
flywire_783_mb_left_kc512_s701,544,spectral,fly,0,yoked_reward,1.0,coefficients_only,33,5,0.36683417085427134,b73d3124933f6181dc9055fcc34742bf14e539b9e670be095fc2fcfdc07c962f,d45762050a62757cd5a02fcaa6d072f4da9e3d650ebbe048ec9fe4a9ded800ae,0.23633520309906658,1.1102230246251565e-15
flywire_783_mb_left_kc512_s701,544,spectral,fly,0,yoked_reward,1.0,full_refit,33,5,0.37185929648241206,b73d3124933f6181dc9055fcc34742bf14e539b9e670be095fc2fcfdc07c962f,e3e59a32a53c717fd3654fc037108f1a65fe9fa6ee8af3e659f1e87cfcac7765,0.23633520309906658,1.1102230246251565e-15
flywire_783_mb_left_kc512_s701,544,spectral,fly,3,reward_trace,0.0,fixed,34,5,0.38190954773869346,dc57b2536a1697e2695991689f43c3164be70f324fd3de3a866124dfca597ddb,837e9b2979058f373f54fbe1236a808b9d6dd539457aba96b102b71c87482d16,0.0,0.0
flywire_783_mb_left_kc512_s701,544,spectral,fly,3,reward_trace,0.0,stats_only,34,5,0.38190954773869346,dc57b2536a1697e2695991689f43c3164be70f324fd3de3a866124dfca597ddb,837e9b2979058f373f54fbe1236a808b9d6dd539457aba96b102b71c87482d16,0.0,0.0
flywire_783_mb_left_kc512_s701,544,spectral,fly,3,reward_trace,0.0,coefficients_only,34,5,0.38190954773869346,dc57b2536a1697e2695991689f43c3164be70f324fd3de3a866124dfca597ddb,837e9b2979058f373f54fbe1236a808b9d6dd539457aba96b102b71c87482d16,0.0,0.0
flywire_783_mb_left_kc512_s701,544,spectral,fly,3,reward_trace,0.0,full_refit,34,5,0.38190954773869346,dc57b2536a1697e2695991689f43c3164be70f324fd3de3a866124dfca597ddb,837e9b2979058f373f54fbe1236a808b9d6dd539457aba96b102b71c87482d16,0.0,0.0
flywire_783_mb_left_kc512_s701,544,spectral,fly,3,reward_trace,0.01,fixed,34,5,0.4020100502512563,aa7396a8a388986366ec8ffbc4794ec73d4054992951391a2e950a0dc64c606e,837e9b2979058f373f54fbe1236a808b9d6dd539457aba96b102b71c87482d16,0.0022612287157024297,8.881784197001252e-16
flywire_783_mb_left_kc512_s701,544,spectral,fly,3,reward_trace,0.01,stats_only,34,5,0.3969849246231156,aa7396a8a388986366ec8ffbc4794ec73d4054992951391a2e950a0dc64c606e,08411e46b4dcbbd6255c22dce917ee0e4e49bf24c93d4587e2db8623734b7f24,0.0022612287157024297,8.881784197001252e-16
flywire_783_mb_left_kc512_s701,544,spectral,fly,3,reward_trace,0.01,coefficients_only,34,5,0.38190954773869346,aa7396a8a388986366ec8ffbc4794ec73d4054992951391a2e950a0dc64c606e,7830b4179317321170e9b3bb1c487bca400f15e55a7861166f6e1917d80a728c,0.0022612287157024297,8.881784197001252e-16
flywire_783_mb_left_kc512_s701,544,spectral,fly,3,reward_trace,0.01,full_refit,34,5,0.38190954773869346,aa7396a8a388986366ec8ffbc4794ec73d4054992951391a2e950a0dc64c606e,575df6915f4be253ae7702faecea3ef049e167db0e960702ef25db1c71bb4285,0.0022612287157024297,8.881784197001252e-16
flywire_783_mb_left_kc512_s701,544,spectral,fly,3,reward_trace,0.03,fixed,34,5,0.38190954773869346,062dced67def873b3d6a59ce1dca17b791dc47e6de93592db0128b55eeb1a868,837e9b2979058f373f54fbe1236a808b9d6dd539457aba96b102b71c87482d16,0.006783686147107298,8.881784197001252e-16
flywire_783_mb_left_kc512_s701,544,spectral,fly,3,reward_trace,0.03,stats_only,34,5,0.4020100502512563,062dced67def873b3d6a59ce1dca17b791dc47e6de93592db0128b55eeb1a868,a5ed20d8c93d23de944c9b4e726efb16972d1d9832a28b70f4b13365f37cdaff,0.006783686147107298,8.881784197001252e-16
flywire_783_mb_left_kc512_s701,544,spectral,fly,3,reward_trace,0.03,coefficients_only,34,5,0.38190954773869346,062dced67def873b3d6a59ce1dca17b791dc47e6de93592db0128b55eeb1a868,ba97fc4368bc1c16b029bfb3e5e93974271eb54fee63b26b628e4b2ff4d0f4ee,0.006783686147107298,8.881784197001252e-16
flywire_783_mb_left_kc512_s701,544,spectral,fly,3,reward_trace,0.03,full_refit,34,5,0.38190954773869346,062dced67def873b3d6a59ce1dca17b791dc47e6de93592db0128b55eeb1a868,44ef0374f825984ebe6fcf1287bb8990140f89e05ea5419b8004d05025bbe5ce,0.006783686147107298,8.881784197001252e-16
flywire_783_mb_left_kc512_s701,544,spectral,fly,3,reward_trace,0.1,fixed,34,5,0.31155778894472363,df2ce00145e9acf0c94dd319c332cfba2184d423714e25c78fa2077e1d79b703,837e9b2979058f373f54fbe1236a808b9d6dd539457aba96b102b71c87482d16,0.022612287157024326,8.881784197001252e-16
flywire_783_mb_left_kc512_s701,544,spectral,fly,3,reward_trace,0.1,stats_only,34,5,0.33668341708542715,df2ce00145e9acf0c94dd319c332cfba2184d423714e25c78fa2077e1d79b703,e907d770884931b9206c78188d30e841a15f457b50076d65db31a07474024194,0.022612287157024326,8.881784197001252e-16
flywire_783_mb_left_kc512_s701,544,spectral,fly,3,reward_trace,0.1,coefficients_only,34,5,0.39195979899497485,df2ce00145e9acf0c94dd319c332cfba2184d423714e25c78fa2077e1d79b703,92fc0e56a605c6088753b1ddf4f98e25f0d6682e6c499458c057786c17f99134,0.022612287157024326,8.881784197001252e-16
flywire_783_mb_left_kc512_s701,544,spectral,fly,3,reward_trace,0.1,full_refit,34,5,0.39195979899497485,df2ce00145e9acf0c94dd319c332cfba2184d423714e25c78fa2077e1d79b703,7086c4a7c8badd0d01f1f8d7c6e9e8ed2f5c3c2d2157407eecf1325ffb5daee9,0.022612287157024326,8.881784197001252e-16
flywire_783_mb_left_kc512_s701,544,spectral,fly,3,reward_trace,0.3,fixed,34,1,0.23618090452261306,9180e644cb256a3094e49eaafbe93b017515568555be25527b2840ec5a7e5cb6,837e9b2979058f373f54fbe1236a808b9d6dd539457aba96b102b71c87482d16,0.06783686147107297,6.661338147750939e-16
flywire_783_mb_left_kc512_s701,544,spectral,fly,3,reward_trace,0.3,stats_only,34,2,0.24623115577889448,9180e644cb256a3094e49eaafbe93b017515568555be25527b2840ec5a7e5cb6,5551cf8ee5b7313098317d27932d29932afeb94a58e399c38c5e3c9d41e36d15,0.06783686147107297,6.661338147750939e-16
flywire_783_mb_left_kc512_s701,544,spectral,fly,3,reward_trace,0.3,coefficients_only,34,5,0.39195979899497485,9180e644cb256a3094e49eaafbe93b017515568555be25527b2840ec5a7e5cb6,aae830bfcdae867c0f53dab445cb5c70fea64f8fcd5d1e59e695ff75209f071b,0.06783686147107297,6.661338147750939e-16
flywire_783_mb_left_kc512_s701,544,spectral,fly,3,reward_trace,0.3,full_refit,34,5,0.39195979899497485,9180e644cb256a3094e49eaafbe93b017515568555be25527b2840ec5a7e5cb6,00ea47b4c87e9afa0e3930ba63763b469a4bb89ef22d6b28ab97c5ba2b07e031,0.06783686147107297,6.661338147750939e-16
flywire_783_mb_left_kc512_s701,544,spectral,fly,3,reward_trace,1.0,fixed,34,1,0.20100502512562815,c3e4a438559b4a423ec21af4e6ca78387f56021ce4f568a51e99f0e74692ba49,837e9b2979058f373f54fbe1236a808b9d6dd539457aba96b102b71c87482d16,0.22612287157024322,1.3322676295501878e-15
flywire_783_mb_left_kc512_s701,544,spectral,fly,3,reward_trace,1.0,stats_only,34,2,0.19095477386934673,c3e4a438559b4a423ec21af4e6ca78387f56021ce4f568a51e99f0e74692ba49,654910cefa9584ca8f363aaa2fda287cea189f2185581b372862dda675eede83,0.22612287157024322,1.3322676295501878e-15
flywire_783_mb_left_kc512_s701,544,spectral,fly,3,reward_trace,1.0,coefficients_only,34,5,0.39195979899497485,c3e4a438559b4a423ec21af4e6ca78387f56021ce4f568a51e99f0e74692ba49,01e6456af9f2e49b2bd026ff3459f957f107b206a97ce7a830be71785244e50a,0.22612287157024322,1.3322676295501878e-15
flywire_783_mb_left_kc512_s701,544,spectral,fly,3,reward_trace,1.0,full_refit,34,5,0.3969849246231156,c3e4a438559b4a423ec21af4e6ca78387f56021ce4f568a51e99f0e74692ba49,9242d778e19cd9354d6c9555ec0eef76978583e9214dae302cc1021cbb5756f3,0.22612287157024322,1.3322676295501878e-15
flywire_783_mb_left_kc512_s701,544,spectral,fly,3,yoked_reward,0.0,fixed,35,5,0.38190954773869346,dc57b2536a1697e2695991689f43c3164be70f324fd3de3a866124dfca597ddb,837e9b2979058f373f54fbe1236a808b9d6dd539457aba96b102b71c87482d16,0.0,0.0
flywire_783_mb_left_kc512_s701,544,spectral,fly,3,yoked_reward,0.0,stats_only,35,5,0.38190954773869346,dc57b2536a1697e2695991689f43c3164be70f324fd3de3a866124dfca597ddb,837e9b2979058f373f54fbe1236a808b9d6dd539457aba96b102b71c87482d16,0.0,0.0
flywire_783_mb_left_kc512_s701,544,spectral,fly,3,yoked_reward,0.0,coefficients_only,35,5,0.38190954773869346,dc57b2536a1697e2695991689f43c3164be70f324fd3de3a866124dfca597ddb,837e9b2979058f373f54fbe1236a808b9d6dd539457aba96b102b71c87482d16,0.0,0.0
flywire_783_mb_left_kc512_s701,544,spectral,fly,3,yoked_reward,0.0,full_refit,35,5,0.38190954773869346,dc57b2536a1697e2695991689f43c3164be70f324fd3de3a866124dfca597ddb,837e9b2979058f373f54fbe1236a808b9d6dd539457aba96b102b71c87482d16,0.0,0.0
flywire_783_mb_left_kc512_s701,544,spectral,fly,3,yoked_reward,0.01,fixed,35,5,0.39195979899497485,cd3d5de746eeb7acca4e7407ea6328148dd591f9b5c9dfd66829bf00d4ad64c8,837e9b2979058f373f54fbe1236a808b9d6dd539457aba96b102b71c87482d16,0.002127650532035347,4.440892098500626e-16
flywire_783_mb_left_kc512_s701,544,spectral,fly,3,yoked_reward,0.01,stats_only,35,5,0.38190954773869346,cd3d5de746eeb7acca4e7407ea6328148dd591f9b5c9dfd66829bf00d4ad64c8,cf6cc93acc9829bf5d463064ed8af57a5c3170f8afa11bdc20193d957d4ed4e4,0.002127650532035347,4.440892098500626e-16
flywire_783_mb_left_kc512_s701,544,spectral,fly,3,yoked_reward,0.01,coefficients_only,35,5,0.38190954773869346,cd3d5de746eeb7acca4e7407ea6328148dd591f9b5c9dfd66829bf00d4ad64c8,0a19ec8758c4a09d0b408a27d618a727559a817667d43bed73752d335b67c9ff,0.002127650532035347,4.440892098500626e-16
flywire_783_mb_left_kc512_s701,544,spectral,fly,3,yoked_reward,0.01,full_refit,35,5,0.38190954773869346,cd3d5de746eeb7acca4e7407ea6328148dd591f9b5c9dfd66829bf00d4ad64c8,767599f3567efcfd299e9f9e75cd7564f47041e51c149fce53ef3a1aa3e3d10e,0.002127650532035347,4.440892098500626e-16
flywire_783_mb_left_kc512_s701,544,spectral,fly,3,yoked_reward,0.03,fixed,35,5,0.38190954773869346,c3d4f0d4bfa2613b0f705278901c38d7621e04bc94540bb96df7c5e67f590b30,837e9b2979058f373f54fbe1236a808b9d6dd539457aba96b102b71c87482d16,0.006382951596106039,4.440892098500626e-16
flywire_783_mb_left_kc512_s701,544,spectral,fly,3,yoked_reward,0.03,stats_only,35,5,0.3869346733668342,c3d4f0d4bfa2613b0f705278901c38d7621e04bc94540bb96df7c5e67f590b30,6c308450b05588c3d71133668d71a2ce026be1e12144e11dcc149dc17cf44673,0.006382951596106039,4.440892098500626e-16
flywire_783_mb_left_kc512_s701,544,spectral,fly,3,yoked_reward,0.03,coefficients_only,35,5,0.38190954773869346,c3d4f0d4bfa2613b0f705278901c38d7621e04bc94540bb96df7c5e67f590b30,7697aabfe21ee705a1b007748cb01b11d155c4efdda358f62913ae9079cfdcc4,0.006382951596106039,4.440892098500626e-16
flywire_783_mb_left_kc512_s701,544,spectral,fly,3,yoked_reward,0.03,full_refit,35,5,0.38190954773869346,c3d4f0d4bfa2613b0f705278901c38d7621e04bc94540bb96df7c5e67f590b30,12d010065a7042f89d25d4a541303f103b630a9edf705c449e33fd479923bced,0.006382951596106039,4.440892098500626e-16
flywire_783_mb_left_kc512_s701,544,spectral,fly,3,yoked_reward,0.1,fixed,35,4,0.2814070351758794,05364d70d2d2a6d2fb4f1b73e5d6449199eceb7b17757b71a7c0086f0b532c46,837e9b2979058f373f54fbe1236a808b9d6dd539457aba96b102b71c87482d16,0.021276505320353464,4.440892098500626e-16
flywire_783_mb_left_kc512_s701,544,spectral,fly,3,yoked_reward,0.1,stats_only,35,4,0.3417085427135678,05364d70d2d2a6d2fb4f1b73e5d6449199eceb7b17757b71a7c0086f0b532c46,cd4ac04b5694deb235cf4a1f2ec6ff36086ae6542cde48ef0c9ef47b1be6db1f,0.021276505320353464,4.440892098500626e-16
flywire_783_mb_left_kc512_s701,544,spectral,fly,3,yoked_reward,0.1,coefficients_only,35,5,0.3869346733668342,05364d70d2d2a6d2fb4f1b73e5d6449199eceb7b17757b71a7c0086f0b532c46,dc7738a1cbb89d739f5c665d521166f1164ec850bd2f225a9cfa30725d24b158,0.021276505320353464,4.440892098500626e-16
flywire_783_mb_left_kc512_s701,544,spectral,fly,3,yoked_reward,0.1,full_refit,35,5,0.3869346733668342,05364d70d2d2a6d2fb4f1b73e5d6449199eceb7b17757b71a7c0086f0b532c46,0b91678e59ccf6ebd736409a98e4bb916f54ce6e7efc14035ed379eb5d24e851,0.021276505320353464,4.440892098500626e-16
flywire_783_mb_left_kc512_s701,544,spectral,fly,3,yoked_reward,0.3,fixed,35,2,0.20100502512562815,8b1df5c97458373c29af475be5396a35ef26c9085ac8c8faec80c53b4ccd9db2,837e9b2979058f373f54fbe1236a808b9d6dd539457aba96b102b71c87482d16,0.0638295159610604,4.440892098500626e-16
flywire_783_mb_left_kc512_s701,544,spectral,fly,3,yoked_reward,0.3,stats_only,35,2,0.23115577889447236,8b1df5c97458373c29af475be5396a35ef26c9085ac8c8faec80c53b4ccd9db2,87f2e6f596ba8a61edf3b53d49c65119ff573a18b641b533ddff0420426b3106,0.0638295159610604,4.440892098500626e-16
flywire_783_mb_left_kc512_s701,544,spectral,fly,3,yoked_reward,0.3,coefficients_only,35,5,0.4020100502512563,8b1df5c97458373c29af475be5396a35ef26c9085ac8c8faec80c53b4ccd9db2,3b3ce521d6f0b9416b4279a3640104f7a700c2c632a7b4921c2def339da61291,0.0638295159610604,4.440892098500626e-16
flywire_783_mb_left_kc512_s701,544,spectral,fly,3,yoked_reward,0.3,full_refit,35,5,0.39195979899497485,8b1df5c97458373c29af475be5396a35ef26c9085ac8c8faec80c53b4ccd9db2,04dbee7ac03a6c4b76602d777fb397eff7d2aa858e6d7e6fb913e2cda62975c1,0.0638295159610604,4.440892098500626e-16
flywire_783_mb_left_kc512_s701,544,spectral,fly,3,yoked_reward,1.0,fixed,35,1,0.1407035175879397,8e23b748194755f54479bb2ee334300fe0874264deeb7ea741a29c267c24b44d,837e9b2979058f373f54fbe1236a808b9d6dd539457aba96b102b71c87482d16,0.21276505320353462,1.3322676295501878e-15
flywire_783_mb_left_kc512_s701,544,spectral,fly,3,yoked_reward,1.0,stats_only,35,2,0.1507537688442211,8e23b748194755f54479bb2ee334300fe0874264deeb7ea741a29c267c24b44d,5774dbd4a9c5897cf72a9fcf2676432fe45adb78c22287d1a498e8bc3885fe4f,0.21276505320353462,1.3322676295501878e-15
flywire_783_mb_left_kc512_s701,544,spectral,fly,3,yoked_reward,1.0,coefficients_only,35,4,0.36683417085427134,8e23b748194755f54479bb2ee334300fe0874264deeb7ea741a29c267c24b44d,fccb530f7ca6f5fa472734e91529c149ce71a85acfbfdc7613aa0dae231e16f6,0.21276505320353462,1.3322676295501878e-15
flywire_783_mb_left_kc512_s701,544,spectral,fly,3,yoked_reward,1.0,full_refit,35,4,0.37185929648241206,8e23b748194755f54479bb2ee334300fe0874264deeb7ea741a29c267c24b44d,8ff41509c05302e65cc20b3039df10feca3b4ff90b5265eb3aa84f823e9bde56,0.21276505320353462,1.3322676295501878e-15
flywire_783_mb_left_kc512_s701,544,spectral,role_shuffled,0,reward_trace,0.0,fixed,36,5,0.3969849246231156,99ca03a558ba4a70b5ff07dd3c625b609c3d4ba92550c0f94ad37545c897070f,b6da6f42f82f83f24d8f9746e417a32d41036503e4900804e8db8e890e977d73,0.0,0.0
flywire_783_mb_left_kc512_s701,544,spectral,role_shuffled,0,reward_trace,0.0,stats_only,36,5,0.3969849246231156,99ca03a558ba4a70b5ff07dd3c625b609c3d4ba92550c0f94ad37545c897070f,b6da6f42f82f83f24d8f9746e417a32d41036503e4900804e8db8e890e977d73,0.0,0.0
flywire_783_mb_left_kc512_s701,544,spectral,role_shuffled,0,reward_trace,0.0,coefficients_only,36,5,0.3969849246231156,99ca03a558ba4a70b5ff07dd3c625b609c3d4ba92550c0f94ad37545c897070f,b6da6f42f82f83f24d8f9746e417a32d41036503e4900804e8db8e890e977d73,0.0,0.0
flywire_783_mb_left_kc512_s701,544,spectral,role_shuffled,0,reward_trace,0.0,full_refit,36,5,0.3969849246231156,99ca03a558ba4a70b5ff07dd3c625b609c3d4ba92550c0f94ad37545c897070f,b6da6f42f82f83f24d8f9746e417a32d41036503e4900804e8db8e890e977d73,0.0,0.0
flywire_783_mb_left_kc512_s701,544,spectral,role_shuffled,0,reward_trace,0.01,fixed,36,5,0.3869346733668342,12cdd6781e57b9f9fab743e7649eb6cb87987852bc5527a7e3e7338f124f8f84,b6da6f42f82f83f24d8f9746e417a32d41036503e4900804e8db8e890e977d73,0.0024016787900440744,8.881784197001252e-16
flywire_783_mb_left_kc512_s701,544,spectral,role_shuffled,0,reward_trace,0.01,stats_only,36,5,0.3869346733668342,12cdd6781e57b9f9fab743e7649eb6cb87987852bc5527a7e3e7338f124f8f84,b6895581dadef01aeaef4f49564b5cd39589b07d70d664b956fe0838aa11bd76,0.0024016787900440744,8.881784197001252e-16
flywire_783_mb_left_kc512_s701,544,spectral,role_shuffled,0,reward_trace,0.01,coefficients_only,36,5,0.3969849246231156,12cdd6781e57b9f9fab743e7649eb6cb87987852bc5527a7e3e7338f124f8f84,345a6f63d4d35bc7cfcca1ab9c91a049588e36dbcdb693664234927a9b25893c,0.0024016787900440744,8.881784197001252e-16
flywire_783_mb_left_kc512_s701,544,spectral,role_shuffled,0,reward_trace,0.01,full_refit,36,5,0.3969849246231156,12cdd6781e57b9f9fab743e7649eb6cb87987852bc5527a7e3e7338f124f8f84,10ae33fb30387d6b72d4e8d7310607950283cc52b1fbaf0a38304d3784f8410f,0.0024016787900440744,8.881784197001252e-16
flywire_783_mb_left_kc512_s701,544,spectral,role_shuffled,0,reward_trace,0.03,fixed,36,5,0.38190954773869346,681632fe09b1068e7974051265f43dacfce3c8096d8d654a7d36cc6f123f9711,b6da6f42f82f83f24d8f9746e417a32d41036503e4900804e8db8e890e977d73,0.007205036370132228,8.881784197001252e-16
flywire_783_mb_left_kc512_s701,544,spectral,role_shuffled,0,reward_trace,0.03,stats_only,36,5,0.39195979899497485,681632fe09b1068e7974051265f43dacfce3c8096d8d654a7d36cc6f123f9711,81167f0c3dcb643651badfb4962e8eec984a173ee5f50ab07537d3d8e6af8acb,0.007205036370132228,8.881784197001252e-16
flywire_783_mb_left_kc512_s701,544,spectral,role_shuffled,0,reward_trace,0.03,coefficients_only,36,5,0.3969849246231156,681632fe09b1068e7974051265f43dacfce3c8096d8d654a7d36cc6f123f9711,21004fc1ea53ddb65c30d5dd5797c7b24b9dbb8b569f80b1d129356251101e99,0.007205036370132228,8.881784197001252e-16
flywire_783_mb_left_kc512_s701,544,spectral,role_shuffled,0,reward_trace,0.03,full_refit,36,5,0.3969849246231156,681632fe09b1068e7974051265f43dacfce3c8096d8d654a7d36cc6f123f9711,6d4e093c83d70f6952d8c10b04d235b1b438209bdfb773d2960aff83cf69da2e,0.007205036370132228,8.881784197001252e-16
flywire_783_mb_left_kc512_s701,544,spectral,role_shuffled,0,reward_trace,0.1,fixed,36,4,0.3316582914572864,704cd84bfffaf609e729577cc5f725572885229a559823d4103721525b38e2c8,b6da6f42f82f83f24d8f9746e417a32d41036503e4900804e8db8e890e977d73,0.024016787900440765,8.881784197001252e-16
flywire_783_mb_left_kc512_s701,544,spectral,role_shuffled,0,reward_trace,0.1,stats_only,36,4,0.3316582914572864,704cd84bfffaf609e729577cc5f725572885229a559823d4103721525b38e2c8,bc75db7d6818a2e3f73d6e93ac3b4a3844c42bd948789beb47a920fffde6bc24,0.024016787900440765,8.881784197001252e-16
flywire_783_mb_left_kc512_s701,544,spectral,role_shuffled,0,reward_trace,0.1,coefficients_only,36,5,0.39195979899497485,704cd84bfffaf609e729577cc5f725572885229a559823d4103721525b38e2c8,72f4fdb33afa9a3a338e416a70cf8f432302c6153bd8f86e083095503dc26adf,0.024016787900440765,8.881784197001252e-16
flywire_783_mb_left_kc512_s701,544,spectral,role_shuffled,0,reward_trace,0.1,full_refit,36,5,0.3969849246231156,704cd84bfffaf609e729577cc5f725572885229a559823d4103721525b38e2c8,d8330cb977a4451535913df8898b7afae0161683a1320daa58ce65d1e1d71450,0.024016787900440765,8.881784197001252e-16
flywire_783_mb_left_kc512_s701,544,spectral,role_shuffled,0,reward_trace,0.3,fixed,36,1,0.24623115577889448,e8df3d836ade3d2b300c468103192d1e683acd24a4c1607ad394978ed2901ba1,b6da6f42f82f83f24d8f9746e417a32d41036503e4900804e8db8e890e977d73,0.07205036370132228,4.440892098500626e-16
flywire_783_mb_left_kc512_s701,544,spectral,role_shuffled,0,reward_trace,0.3,stats_only,36,4,0.24120603015075376,e8df3d836ade3d2b300c468103192d1e683acd24a4c1607ad394978ed2901ba1,fde32235f8a47a29877b1f69cc28e8330363dcd2e15b0988ae878298721c9f7e,0.07205036370132228,4.440892098500626e-16
flywire_783_mb_left_kc512_s701,544,spectral,role_shuffled,0,reward_trace,0.3,coefficients_only,36,6,0.3969849246231156,e8df3d836ade3d2b300c468103192d1e683acd24a4c1607ad394978ed2901ba1,28cf3c711e48cd1aeb7687064f0fd99ab376b1242f2df2662bbe5843269fb58c,0.07205036370132228,4.440892098500626e-16
flywire_783_mb_left_kc512_s701,544,spectral,role_shuffled,0,reward_trace,0.3,full_refit,36,6,0.39195979899497485,e8df3d836ade3d2b300c468103192d1e683acd24a4c1607ad394978ed2901ba1,92bb99371cfb61a209d31fdffc8651cffd9706631e880ff8793d545e4e6f284d,0.07205036370132228,4.440892098500626e-16
flywire_783_mb_left_kc512_s701,544,spectral,role_shuffled,0,reward_trace,1.0,fixed,36,1,0.22613065326633167,84dd09575feac478dab6b6734a9779df01c1953fb88764a88d8058e4704b7982,b6da6f42f82f83f24d8f9746e417a32d41036503e4900804e8db8e890e977d73,0.24016787900440761,1.3322676295501878e-15
flywire_783_mb_left_kc512_s701,544,spectral,role_shuffled,0,reward_trace,1.0,stats_only,36,1,0.22110552763819097,84dd09575feac478dab6b6734a9779df01c1953fb88764a88d8058e4704b7982,d3a9d9edb23e85114f76ede1bae8c564afc6592a9c69a242ff9121dd2b7c4c12,0.24016787900440761,1.3322676295501878e-15
flywire_783_mb_left_kc512_s701,544,spectral,role_shuffled,0,reward_trace,1.0,coefficients_only,36,6,0.3869346733668342,84dd09575feac478dab6b6734a9779df01c1953fb88764a88d8058e4704b7982,92f64b46ef89732e8d7489aa57689784dc74b443792f9939038d2efe789271c3,0.24016787900440761,1.3322676295501878e-15
flywire_783_mb_left_kc512_s701,544,spectral,role_shuffled,0,reward_trace,1.0,full_refit,36,6,0.4120603015075377,84dd09575feac478dab6b6734a9779df01c1953fb88764a88d8058e4704b7982,179d10712861ed16ab7dc9fc6033441fafae5597a38381a6f8d4c7f50311e3e2,0.24016787900440761,1.3322676295501878e-15
flywire_783_mb_left_kc512_s701,544,spectral,role_shuffled,0,yoked_reward,0.0,fixed,37,5,0.3969849246231156,99ca03a558ba4a70b5ff07dd3c625b609c3d4ba92550c0f94ad37545c897070f,b6da6f42f82f83f24d8f9746e417a32d41036503e4900804e8db8e890e977d73,0.0,0.0
flywire_783_mb_left_kc512_s701,544,spectral,role_shuffled,0,yoked_reward,0.0,stats_only,37,5,0.3969849246231156,99ca03a558ba4a70b5ff07dd3c625b609c3d4ba92550c0f94ad37545c897070f,b6da6f42f82f83f24d8f9746e417a32d41036503e4900804e8db8e890e977d73,0.0,0.0
flywire_783_mb_left_kc512_s701,544,spectral,role_shuffled,0,yoked_reward,0.0,coefficients_only,37,5,0.3969849246231156,99ca03a558ba4a70b5ff07dd3c625b609c3d4ba92550c0f94ad37545c897070f,b6da6f42f82f83f24d8f9746e417a32d41036503e4900804e8db8e890e977d73,0.0,0.0
flywire_783_mb_left_kc512_s701,544,spectral,role_shuffled,0,yoked_reward,0.0,full_refit,37,5,0.3969849246231156,99ca03a558ba4a70b5ff07dd3c625b609c3d4ba92550c0f94ad37545c897070f,b6da6f42f82f83f24d8f9746e417a32d41036503e4900804e8db8e890e977d73,0.0,0.0
flywire_783_mb_left_kc512_s701,544,spectral,role_shuffled,0,yoked_reward,0.01,fixed,37,6,0.3869346733668342,77a87decfbf9a0e96c710eea61871cdc2737032ee67ec3eff0619f0307806d99,b6da6f42f82f83f24d8f9746e417a32d41036503e4900804e8db8e890e977d73,0.0024347527866050234,8.881784197001252e-16
flywire_783_mb_left_kc512_s701,544,spectral,role_shuffled,0,yoked_reward,0.01,stats_only,37,6,0.3969849246231156,77a87decfbf9a0e96c710eea61871cdc2737032ee67ec3eff0619f0307806d99,fba42b98fd9903fc3689de1c7fc850730496a527a5e0453ee3dd8fb8c71a53c5,0.0024347527866050234,8.881784197001252e-16
flywire_783_mb_left_kc512_s701,544,spectral,role_shuffled,0,yoked_reward,0.01,coefficients_only,37,5,0.3969849246231156,77a87decfbf9a0e96c710eea61871cdc2737032ee67ec3eff0619f0307806d99,fff684db9b5876678f866ac17856ed129f52b6c2dc45686f6efb8ec4ff2506ba,0.0024347527866050234,8.881784197001252e-16
flywire_783_mb_left_kc512_s701,544,spectral,role_shuffled,0,yoked_reward,0.01,full_refit,37,5,0.3969849246231156,77a87decfbf9a0e96c710eea61871cdc2737032ee67ec3eff0619f0307806d99,a452e6e79aecb208359986cbec8b608a35480f4c6fb6995cc3281faa99c647ea,0.0024347527866050234,8.881784197001252e-16
flywire_783_mb_left_kc512_s701,544,spectral,role_shuffled,0,yoked_reward,0.03,fixed,37,6,0.3869346733668342,134020e850ec07099c1192c11b9f6dd2ac21438e865a2242b5b0f825d7feac9c,b6da6f42f82f83f24d8f9746e417a32d41036503e4900804e8db8e890e977d73,0.007304258359815069,8.881784197001252e-16
flywire_783_mb_left_kc512_s701,544,spectral,role_shuffled,0,yoked_reward,0.03,stats_only,37,6,0.3768844221105528,134020e850ec07099c1192c11b9f6dd2ac21438e865a2242b5b0f825d7feac9c,889ebedeaadceb8b4896c3253c3b85201857e70097c16906546976c4fe5ca4b8,0.007304258359815069,8.881784197001252e-16
flywire_783_mb_left_kc512_s701,544,spectral,role_shuffled,0,yoked_reward,0.03,coefficients_only,37,5,0.3969849246231156,134020e850ec07099c1192c11b9f6dd2ac21438e865a2242b5b0f825d7feac9c,28b15df3b5c7f0ac3ed515ed4a501b439a0d2bb0674f7516ae3abcbede19bbf3,0.007304258359815069,8.881784197001252e-16
flywire_783_mb_left_kc512_s701,544,spectral,role_shuffled,0,yoked_reward,0.03,full_refit,37,5,0.3969849246231156,134020e850ec07099c1192c11b9f6dd2ac21438e865a2242b5b0f825d7feac9c,5a84b1982e81cf5cdca284c593e451bf74e50a3aab185df66aa4140c9f9eac16,0.007304258359815069,8.881784197001252e-16
flywire_783_mb_left_kc512_s701,544,spectral,role_shuffled,0,yoked_reward,0.1,fixed,37,6,0.32663316582914576,a1f32827872fcfbd05446cbfaf5cf82c31c46503cb772f22a6296b6fd675fcd5,b6da6f42f82f83f24d8f9746e417a32d41036503e4900804e8db8e890e977d73,0.02434752786605023,8.881784197001252e-16
flywire_783_mb_left_kc512_s701,544,spectral,role_shuffled,0,yoked_reward,0.1,stats_only,37,6,0.3417085427135678,a1f32827872fcfbd05446cbfaf5cf82c31c46503cb772f22a6296b6fd675fcd5,5ff063d1eabccc761186708dc7f202efcd7f3e21988c53af0b23c9e871abebdd,0.02434752786605023,8.881784197001252e-16
flywire_783_mb_left_kc512_s701,544,spectral,role_shuffled,0,yoked_reward,0.1,coefficients_only,37,5,0.3969849246231156,a1f32827872fcfbd05446cbfaf5cf82c31c46503cb772f22a6296b6fd675fcd5,1ae4afa3c9a3487fe544b785ef61aa9bf4a289509113075ec905fea5eefdcbf9,0.02434752786605023,8.881784197001252e-16
flywire_783_mb_left_kc512_s701,544,spectral,role_shuffled,0,yoked_reward,0.1,full_refit,37,5,0.3969849246231156,a1f32827872fcfbd05446cbfaf5cf82c31c46503cb772f22a6296b6fd675fcd5,1d306a21ba36889e064b8f40e0700deecbc8f2bf8151cc36516973246a28ddb1,0.02434752786605023,8.881784197001252e-16
flywire_783_mb_left_kc512_s701,544,spectral,role_shuffled,0,yoked_reward,0.3,fixed,37,0,0.17587939698492464,00ef57ca46091915e7702848ad1e5292d3869a65b22c0e902ab643d3525b9d94,b6da6f42f82f83f24d8f9746e417a32d41036503e4900804e8db8e890e977d73,0.07304258359815069,8.881784197001252e-16
flywire_783_mb_left_kc512_s701,544,spectral,role_shuffled,0,yoked_reward,0.3,stats_only,37,0,0.23618090452261306,00ef57ca46091915e7702848ad1e5292d3869a65b22c0e902ab643d3525b9d94,11913dccfd1aae282e827f070cb0a1ef6c08578cadd9ccdf6303f1195345d96f,0.07304258359815069,8.881784197001252e-16
flywire_783_mb_left_kc512_s701,544,spectral,role_shuffled,0,yoked_reward,0.3,coefficients_only,37,5,0.3969849246231156,00ef57ca46091915e7702848ad1e5292d3869a65b22c0e902ab643d3525b9d94,c8a7bd6fccccce7dd58135790d2ebd4a6cfaf957a94edebe78a01d9b60173dd2,0.07304258359815069,8.881784197001252e-16
flywire_783_mb_left_kc512_s701,544,spectral,role_shuffled,0,yoked_reward,0.3,full_refit,37,5,0.3969849246231156,00ef57ca46091915e7702848ad1e5292d3869a65b22c0e902ab643d3525b9d94,d787a573ee82b0289daa3b2482114da4dd0994ea29bf5764f75e4e7f3990b504,0.07304258359815069,8.881784197001252e-16
flywire_783_mb_left_kc512_s701,544,spectral,role_shuffled,0,yoked_reward,1.0,fixed,37,0,0.11557788944723618,33eaab47216cf299e429ad0640d01f4e9bbfb6cdffe91a4c541786b40e93c639,b6da6f42f82f83f24d8f9746e417a32d41036503e4900804e8db8e890e977d73,0.24347527866050225,1.3322676295501878e-15
flywire_783_mb_left_kc512_s701,544,spectral,role_shuffled,0,yoked_reward,1.0,stats_only,37,0,0.12060301507537688,33eaab47216cf299e429ad0640d01f4e9bbfb6cdffe91a4c541786b40e93c639,00715189b5dcb77cd780db6c99f8acda150a2073b0a75e331603b7277fd5c5c6,0.24347527866050225,1.3322676295501878e-15
flywire_783_mb_left_kc512_s701,544,spectral,role_shuffled,0,yoked_reward,1.0,coefficients_only,37,5,0.3768844221105528,33eaab47216cf299e429ad0640d01f4e9bbfb6cdffe91a4c541786b40e93c639,c07393967ea77ef288b811b83f5875c86bf59723a9f90a6df8b425e830c59fb6,0.24347527866050225,1.3322676295501878e-15
flywire_783_mb_left_kc512_s701,544,spectral,role_shuffled,0,yoked_reward,1.0,full_refit,37,5,0.38190954773869346,33eaab47216cf299e429ad0640d01f4e9bbfb6cdffe91a4c541786b40e93c639,76881d81df72bc205c6377e953abc6dda07b5d8be4cef9d7f6bcb0d80607a437,0.24347527866050225,1.3322676295501878e-15
flywire_783_mb_left_kc512_s701,544,spectral,role_shuffled,3,reward_trace,0.0,fixed,38,5,0.3969849246231156,99ca03a558ba4a70b5ff07dd3c625b609c3d4ba92550c0f94ad37545c897070f,b6da6f42f82f83f24d8f9746e417a32d41036503e4900804e8db8e890e977d73,0.0,0.0
flywire_783_mb_left_kc512_s701,544,spectral,role_shuffled,3,reward_trace,0.0,stats_only,38,5,0.3969849246231156,99ca03a558ba4a70b5ff07dd3c625b609c3d4ba92550c0f94ad37545c897070f,b6da6f42f82f83f24d8f9746e417a32d41036503e4900804e8db8e890e977d73,0.0,0.0
flywire_783_mb_left_kc512_s701,544,spectral,role_shuffled,3,reward_trace,0.0,coefficients_only,38,5,0.3969849246231156,99ca03a558ba4a70b5ff07dd3c625b609c3d4ba92550c0f94ad37545c897070f,b6da6f42f82f83f24d8f9746e417a32d41036503e4900804e8db8e890e977d73,0.0,0.0
flywire_783_mb_left_kc512_s701,544,spectral,role_shuffled,3,reward_trace,0.0,full_refit,38,5,0.3969849246231156,99ca03a558ba4a70b5ff07dd3c625b609c3d4ba92550c0f94ad37545c897070f,b6da6f42f82f83f24d8f9746e417a32d41036503e4900804e8db8e890e977d73,0.0,0.0
flywire_783_mb_left_kc512_s701,544,spectral,role_shuffled,3,reward_trace,0.01,fixed,38,5,0.3869346733668342,491340728ecc6676e75b3537d81e306ebbf5c7936763d79020a384497b819fee,b6da6f42f82f83f24d8f9746e417a32d41036503e4900804e8db8e890e977d73,0.0023557901594574394,8.881784197001252e-16
flywire_783_mb_left_kc512_s701,544,spectral,role_shuffled,3,reward_trace,0.01,stats_only,38,5,0.39195979899497485,491340728ecc6676e75b3537d81e306ebbf5c7936763d79020a384497b819fee,dc03b7c82688ae19d17130f87a3b2722b3a2a7727e40ed973803b2b1ec068faa,0.0023557901594574394,8.881784197001252e-16
flywire_783_mb_left_kc512_s701,544,spectral,role_shuffled,3,reward_trace,0.01,coefficients_only,38,5,0.3969849246231156,491340728ecc6676e75b3537d81e306ebbf5c7936763d79020a384497b819fee,c17e8f43d486f69aa229ca1e4eb9927d11c4800b57a3f1532f46a97d885e368c,0.0023557901594574394,8.881784197001252e-16
flywire_783_mb_left_kc512_s701,544,spectral,role_shuffled,3,reward_trace,0.01,full_refit,38,5,0.3969849246231156,491340728ecc6676e75b3537d81e306ebbf5c7936763d79020a384497b819fee,aa48becd2f58155cfc4efae325fd83bdf5a691f73836068fb849283ad21bf73c,0.0023557901594574394,8.881784197001252e-16
flywire_783_mb_left_kc512_s701,544,spectral,role_shuffled,3,reward_trace,0.03,fixed,38,5,0.37185929648241206,aff8a388f0c3a90688b5447bf5b67e1bd330047c1bf7613c5f2a97f48ed9c51e,b6da6f42f82f83f24d8f9746e417a32d41036503e4900804e8db8e890e977d73,0.007067370478372318,8.881784197001252e-16
flywire_783_mb_left_kc512_s701,544,spectral,role_shuffled,3,reward_trace,0.03,stats_only,38,5,0.3869346733668342,aff8a388f0c3a90688b5447bf5b67e1bd330047c1bf7613c5f2a97f48ed9c51e,a699441150b39b1bb248fbcda6b70c8e7065752c104607c87d4eece0f75803c2,0.007067370478372318,8.881784197001252e-16
flywire_783_mb_left_kc512_s701,544,spectral,role_shuffled,3,reward_trace,0.03,coefficients_only,38,5,0.39195979899497485,aff8a388f0c3a90688b5447bf5b67e1bd330047c1bf7613c5f2a97f48ed9c51e,2176213c69f1af04a0f78d282d53a50b821396bc449a92e94cc5eccc1a29323f,0.007067370478372318,8.881784197001252e-16
flywire_783_mb_left_kc512_s701,544,spectral,role_shuffled,3,reward_trace,0.03,full_refit,38,5,0.39195979899497485,aff8a388f0c3a90688b5447bf5b67e1bd330047c1bf7613c5f2a97f48ed9c51e,fd119ee4b2ad1e25b38bf66499abcc14ac51ea226573a1c1088fa16b2bc04025,0.007067370478372318,8.881784197001252e-16
flywire_783_mb_left_kc512_s701,544,spectral,role_shuffled,3,reward_trace,0.1,fixed,38,4,0.33668341708542715,6e342c85bff406db316c034dc29c83e26ecf0f7aa9a92e592eeeaff05a28b96e,b6da6f42f82f83f24d8f9746e417a32d41036503e4900804e8db8e890e977d73,0.0235579015945744,8.881784197001252e-16
flywire_783_mb_left_kc512_s701,544,spectral,role_shuffled,3,reward_trace,0.1,stats_only,38,4,0.37185929648241206,6e342c85bff406db316c034dc29c83e26ecf0f7aa9a92e592eeeaff05a28b96e,183181ef485a1d715ba8e99a11439757b1648173dfc54ccab70e2c24538ddf60,0.0235579015945744,8.881784197001252e-16
flywire_783_mb_left_kc512_s701,544,spectral,role_shuffled,3,reward_trace,0.1,coefficients_only,38,5,0.38190954773869346,6e342c85bff406db316c034dc29c83e26ecf0f7aa9a92e592eeeaff05a28b96e,dc6f170d1ecc515c9ede6593b7df74beb2b4cfa5180bb4ab3c7dc29d0058e136,0.0235579015945744,8.881784197001252e-16
flywire_783_mb_left_kc512_s701,544,spectral,role_shuffled,3,reward_trace,0.1,full_refit,38,5,0.3869346733668342,6e342c85bff406db316c034dc29c83e26ecf0f7aa9a92e592eeeaff05a28b96e,07292036385aa09eda017dc71e3bc75019968b5fd877a9c0b6984827c364dec7,0.0235579015945744,8.881784197001252e-16
flywire_783_mb_left_kc512_s701,544,spectral,role_shuffled,3,reward_trace,0.3,fixed,38,1,0.2562814070351759,1189caaa246f827d5014ccd04583ae4d667fb67b0ac1c92f89cd5d54b2b2768a,b6da6f42f82f83f24d8f9746e417a32d41036503e4900804e8db8e890e977d73,0.0706737047837232,1.3322676295501878e-15
flywire_783_mb_left_kc512_s701,544,spectral,role_shuffled,3,reward_trace,0.3,stats_only,38,1,0.2562814070351759,1189caaa246f827d5014ccd04583ae4d667fb67b0ac1c92f89cd5d54b2b2768a,752c668e108677b7fc98c9743ccf56b13e9258f1995ebb9579c60a3fa2dc68ee,0.0706737047837232,1.3322676295501878e-15
flywire_783_mb_left_kc512_s701,544,spectral,role_shuffled,3,reward_trace,0.3,coefficients_only,38,5,0.3768844221105528,1189caaa246f827d5014ccd04583ae4d667fb67b0ac1c92f89cd5d54b2b2768a,67d361323ad274bd9c14d58192cc3cea8d6d3410e7ee9be641d9c4c8b951a8d2,0.0706737047837232,1.3322676295501878e-15
flywire_783_mb_left_kc512_s701,544,spectral,role_shuffled,3,reward_trace,0.3,full_refit,38,5,0.38190954773869346,1189caaa246f827d5014ccd04583ae4d667fb67b0ac1c92f89cd5d54b2b2768a,37190ef9311d8d0b47100056b06dec5c3a3dc8e81887f1c8ee9cc4e1ada88009,0.0706737047837232,1.3322676295501878e-15
flywire_783_mb_left_kc512_s701,544,spectral,role_shuffled,3,reward_trace,1.0,fixed,38,1,0.18592964824120603,4b72e901c0576256cf245b8bcb75bfa2623eec0dc3c9b1d3ace432bbd75b77c2,b6da6f42f82f83f24d8f9746e417a32d41036503e4900804e8db8e890e977d73,0.23557901594574404,1.7763568394002505e-15
flywire_783_mb_left_kc512_s701,544,spectral,role_shuffled,3,reward_trace,1.0,stats_only,38,1,0.20100502512562815,4b72e901c0576256cf245b8bcb75bfa2623eec0dc3c9b1d3ace432bbd75b77c2,091e2b43884b6799a0d59ac0a458e4220255716db58ff475ef8d0ceee258df77,0.23557901594574404,1.7763568394002505e-15
flywire_783_mb_left_kc512_s701,544,spectral,role_shuffled,3,reward_trace,1.0,coefficients_only,38,6,0.3768844221105528,4b72e901c0576256cf245b8bcb75bfa2623eec0dc3c9b1d3ace432bbd75b77c2,d15303f71c1411eeefc3fa037834f0889b396514925e5e992e916b77fad239bb,0.23557901594574404,1.7763568394002505e-15
flywire_783_mb_left_kc512_s701,544,spectral,role_shuffled,3,reward_trace,1.0,full_refit,38,6,0.3768844221105528,4b72e901c0576256cf245b8bcb75bfa2623eec0dc3c9b1d3ace432bbd75b77c2,3f621aee42874db7e71872e83e6bace009aa54d7e5ba16de76ad7955140c9c7e,0.23557901594574404,1.7763568394002505e-15
flywire_783_mb_left_kc512_s701,544,spectral,role_shuffled,3,yoked_reward,0.0,fixed,39,5,0.3969849246231156,99ca03a558ba4a70b5ff07dd3c625b609c3d4ba92550c0f94ad37545c897070f,b6da6f42f82f83f24d8f9746e417a32d41036503e4900804e8db8e890e977d73,0.0,0.0
flywire_783_mb_left_kc512_s701,544,spectral,role_shuffled,3,yoked_reward,0.0,stats_only,39,5,0.3969849246231156,99ca03a558ba4a70b5ff07dd3c625b609c3d4ba92550c0f94ad37545c897070f,b6da6f42f82f83f24d8f9746e417a32d41036503e4900804e8db8e890e977d73,0.0,0.0
flywire_783_mb_left_kc512_s701,544,spectral,role_shuffled,3,yoked_reward,0.0,coefficients_only,39,5,0.3969849246231156,99ca03a558ba4a70b5ff07dd3c625b609c3d4ba92550c0f94ad37545c897070f,b6da6f42f82f83f24d8f9746e417a32d41036503e4900804e8db8e890e977d73,0.0,0.0
flywire_783_mb_left_kc512_s701,544,spectral,role_shuffled,3,yoked_reward,0.0,full_refit,39,5,0.3969849246231156,99ca03a558ba4a70b5ff07dd3c625b609c3d4ba92550c0f94ad37545c897070f,b6da6f42f82f83f24d8f9746e417a32d41036503e4900804e8db8e890e977d73,0.0,0.0
flywire_783_mb_left_kc512_s701,544,spectral,role_shuffled,3,yoked_reward,0.01,fixed,39,5,0.41708542713567837,3fd9344bf113270d7f581bc87903c64f44efe54f95e1bd74deeb4ce982919bb8,b6da6f42f82f83f24d8f9746e417a32d41036503e4900804e8db8e890e977d73,0.001928266087612658,8.881784197001252e-16
flywire_783_mb_left_kc512_s701,544,spectral,role_shuffled,3,yoked_reward,0.01,stats_only,39,5,0.40703517587939697,3fd9344bf113270d7f581bc87903c64f44efe54f95e1bd74deeb4ce982919bb8,585ea0b6962eafc9c5607fe010204b317525406074e6488226839b79d1b7a451,0.001928266087612658,8.881784197001252e-16
flywire_783_mb_left_kc512_s701,544,spectral,role_shuffled,3,yoked_reward,0.01,coefficients_only,39,5,0.3969849246231156,3fd9344bf113270d7f581bc87903c64f44efe54f95e1bd74deeb4ce982919bb8,bcafbd605c03b8a8d7c28cdc8cfc2584b7ae956e908c46e0d40516bdf7c04ec9,0.001928266087612658,8.881784197001252e-16
flywire_783_mb_left_kc512_s701,544,spectral,role_shuffled,3,yoked_reward,0.01,full_refit,39,5,0.3969849246231156,3fd9344bf113270d7f581bc87903c64f44efe54f95e1bd74deeb4ce982919bb8,19b5c564908ec7e2772a5678fc11882c7de24fa99ca32af21bd874c1c034aa8f,0.001928266087612658,8.881784197001252e-16
flywire_783_mb_left_kc512_s701,544,spectral,role_shuffled,3,yoked_reward,0.03,fixed,39,6,0.4020100502512563,948b09a0370ee08844dc2b50eb754fe6150183bc98e93eb12c67415d75e815d7,b6da6f42f82f83f24d8f9746e417a32d41036503e4900804e8db8e890e977d73,0.005784798262837969,8.881784197001252e-16
flywire_783_mb_left_kc512_s701,544,spectral,role_shuffled,3,yoked_reward,0.03,stats_only,39,6,0.3969849246231156,948b09a0370ee08844dc2b50eb754fe6150183bc98e93eb12c67415d75e815d7,3b4213dc5661d12aefcb00fb11c453c702d6c111864565b01cfff4c8b590387d,0.005784798262837969,8.881784197001252e-16
flywire_783_mb_left_kc512_s701,544,spectral,role_shuffled,3,yoked_reward,0.03,coefficients_only,39,5,0.3969849246231156,948b09a0370ee08844dc2b50eb754fe6150183bc98e93eb12c67415d75e815d7,267c240c6f20ff257a30b680303f2eda2388bb3c31d26b8d191cb720d5f606a6,0.005784798262837969,8.881784197001252e-16
flywire_783_mb_left_kc512_s701,544,spectral,role_shuffled,3,yoked_reward,0.03,full_refit,39,5,0.3969849246231156,948b09a0370ee08844dc2b50eb754fe6150183bc98e93eb12c67415d75e815d7,435ce15dbc73a6cc26a8b5bcbd0fe72af5ab8bb94866f6d07fbd650983e3d4be,0.005784798262837969,8.881784197001252e-16
flywire_783_mb_left_kc512_s701,544,spectral,role_shuffled,3,yoked_reward,0.1,fixed,39,4,0.32160804020100503,e903639af3ce2fa069274753b945a0386a3ef1f4c70a74e411b62e3c4e88ea70,b6da6f42f82f83f24d8f9746e417a32d41036503e4900804e8db8e890e977d73,0.019282660876126557,8.881784197001252e-16
flywire_783_mb_left_kc512_s701,544,spectral,role_shuffled,3,yoked_reward,0.1,stats_only,39,5,0.3869346733668342,e903639af3ce2fa069274753b945a0386a3ef1f4c70a74e411b62e3c4e88ea70,f4e209366b9ec43891e58a741f28da3e4d65d72721a866fe016d6f7fcab635f2,0.019282660876126557,8.881784197001252e-16
flywire_783_mb_left_kc512_s701,544,spectral,role_shuffled,3,yoked_reward,0.1,coefficients_only,39,5,0.3969849246231156,e903639af3ce2fa069274753b945a0386a3ef1f4c70a74e411b62e3c4e88ea70,2a26cc22f8c74449bf5ddacbcd89777fd9a6dc9e479e81f22781362028d7fc29,0.019282660876126557,8.881784197001252e-16
flywire_783_mb_left_kc512_s701,544,spectral,role_shuffled,3,yoked_reward,0.1,full_refit,39,5,0.3969849246231156,e903639af3ce2fa069274753b945a0386a3ef1f4c70a74e411b62e3c4e88ea70,7d558b9bb79eea05cb8ecf302468fe4663d93d0921ecdfb621f8fe6140e9aca0,0.019282660876126557,8.881784197001252e-16
flywire_783_mb_left_kc512_s701,544,spectral,role_shuffled,3,yoked_reward,0.3,fixed,39,1,0.22613065326633167,1d56b3f6314e2816e0314631e16b9a5faf4de2d113a870ebcd15539ba253d2df,b6da6f42f82f83f24d8f9746e417a32d41036503e4900804e8db8e890e977d73,0.05784798262837968,8.881784197001252e-16
flywire_783_mb_left_kc512_s701,544,spectral,role_shuffled,3,yoked_reward,0.3,stats_only,39,1,0.23115577889447236,1d56b3f6314e2816e0314631e16b9a5faf4de2d113a870ebcd15539ba253d2df,864882dc8123244b866417ad1d881a9e537c6256105a0f7397091c8be9c49aa9,0.05784798262837968,8.881784197001252e-16
flywire_783_mb_left_kc512_s701,544,spectral,role_shuffled,3,yoked_reward,0.3,coefficients_only,39,5,0.39195979899497485,1d56b3f6314e2816e0314631e16b9a5faf4de2d113a870ebcd15539ba253d2df,5a27565bfd4944fc0a75ca363d90a5096c17d9ac6368cc1760c314751563a0fb,0.05784798262837968,8.881784197001252e-16
flywire_783_mb_left_kc512_s701,544,spectral,role_shuffled,3,yoked_reward,0.3,full_refit,39,5,0.39195979899497485,1d56b3f6314e2816e0314631e16b9a5faf4de2d113a870ebcd15539ba253d2df,44c63c361e372ea4f968b6ee5737a6ab7dccaaea7698e5732bbdcbe72cf9e2cb,0.05784798262837968,8.881784197001252e-16
flywire_783_mb_left_kc512_s701,544,spectral,role_shuffled,3,yoked_reward,1.0,fixed,39,1,0.15577889447236182,d296fcdf63c81c1c77a17c428ba4b649006507e7592c15afccc08568968ed4e4,b6da6f42f82f83f24d8f9746e417a32d41036503e4900804e8db8e890e977d73,0.19282660876126564,1.1102230246251565e-15
flywire_783_mb_left_kc512_s701,544,spectral,role_shuffled,3,yoked_reward,1.0,stats_only,39,1,0.16080402010050251,d296fcdf63c81c1c77a17c428ba4b649006507e7592c15afccc08568968ed4e4,664f97a73620cd3f1569b7bac3f12a256088fce803065a502f514d27f024baa1,0.19282660876126564,1.1102230246251565e-15
flywire_783_mb_left_kc512_s701,544,spectral,role_shuffled,3,yoked_reward,1.0,coefficients_only,39,5,0.39195979899497485,d296fcdf63c81c1c77a17c428ba4b649006507e7592c15afccc08568968ed4e4,5ffeab29f96f93fb3879f5b45b574607f71750f90a8ea472b91f63cc7e16433f,0.19282660876126564,1.1102230246251565e-15
flywire_783_mb_left_kc512_s701,544,spectral,role_shuffled,3,yoked_reward,1.0,full_refit,39,5,0.39195979899497485,d296fcdf63c81c1c77a17c428ba4b649006507e7592c15afccc08568968ed4e4,bad8c70016ee01910a1adb0af264ea7f1153d167433900df80a363dce51a7bf4,0.19282660876126564,1.1102230246251565e-15
flywire_783_mb_left_kc512_s701,544,incoming_l1,fly,0,reward_trace,0.0,fixed,40,5,0.41708542713567837,aef93307ea7829859419c0c00817f894b98a62402bc4985874f5b1bfe68b4029,147ad4d755e2a0896aeb60b251c927c9b9adfdd6b9fcc8f2e656b8a74c20f5f6,0.0,0.0
flywire_783_mb_left_kc512_s701,544,incoming_l1,fly,0,reward_trace,0.0,stats_only,40,5,0.41708542713567837,aef93307ea7829859419c0c00817f894b98a62402bc4985874f5b1bfe68b4029,147ad4d755e2a0896aeb60b251c927c9b9adfdd6b9fcc8f2e656b8a74c20f5f6,0.0,0.0
flywire_783_mb_left_kc512_s701,544,incoming_l1,fly,0,reward_trace,0.0,coefficients_only,40,5,0.41708542713567837,aef93307ea7829859419c0c00817f894b98a62402bc4985874f5b1bfe68b4029,147ad4d755e2a0896aeb60b251c927c9b9adfdd6b9fcc8f2e656b8a74c20f5f6,0.0,0.0
flywire_783_mb_left_kc512_s701,544,incoming_l1,fly,0,reward_trace,0.0,full_refit,40,5,0.41708542713567837,aef93307ea7829859419c0c00817f894b98a62402bc4985874f5b1bfe68b4029,147ad4d755e2a0896aeb60b251c927c9b9adfdd6b9fcc8f2e656b8a74c20f5f6,0.0,0.0
flywire_783_mb_left_kc512_s701,544,incoming_l1,fly,0,reward_trace,0.01,fixed,40,5,0.41708542713567837,2e1ab7e0585d7ba8b3143a755d4d1c0eea219bdec5e24bc3d9705db6f9487b8a,147ad4d755e2a0896aeb60b251c927c9b9adfdd6b9fcc8f2e656b8a74c20f5f6,0.0015947930462079046,3.3306690738754696e-16
flywire_783_mb_left_kc512_s701,544,incoming_l1,fly,0,reward_trace,0.01,stats_only,40,5,0.40703517587939697,2e1ab7e0585d7ba8b3143a755d4d1c0eea219bdec5e24bc3d9705db6f9487b8a,798915a63f68d601313b6b2099478efc4c4953f062fae71b3f6edee06749b302,0.0015947930462079046,3.3306690738754696e-16
flywire_783_mb_left_kc512_s701,544,incoming_l1,fly,0,reward_trace,0.01,coefficients_only,40,5,0.41708542713567837,2e1ab7e0585d7ba8b3143a755d4d1c0eea219bdec5e24bc3d9705db6f9487b8a,45a9c1faece3c4421ea66e06aecfc7ce311f9050ffe37ac084697812413d3820,0.0015947930462079046,3.3306690738754696e-16
flywire_783_mb_left_kc512_s701,544,incoming_l1,fly,0,reward_trace,0.01,full_refit,40,5,0.41708542713567837,2e1ab7e0585d7ba8b3143a755d4d1c0eea219bdec5e24bc3d9705db6f9487b8a,7026db3db47944819bc3b7f0f3ca40a7bbdf369e8b6c782873b58449647a2b9d,0.0015947930462079046,3.3306690738754696e-16
flywire_783_mb_left_kc512_s701,544,incoming_l1,fly,0,reward_trace,0.03,fixed,40,5,0.3869346733668342,4151610c88c0086a333dae1fba8e2d77adc2e07bae5d51a4018ed12ae90efbce,147ad4d755e2a0896aeb60b251c927c9b9adfdd6b9fcc8f2e656b8a74c20f5f6,0.004784379138623697,2.220446049250313e-16
flywire_783_mb_left_kc512_s701,544,incoming_l1,fly,0,reward_trace,0.03,stats_only,40,5,0.3869346733668342,4151610c88c0086a333dae1fba8e2d77adc2e07bae5d51a4018ed12ae90efbce,b8a3602d237594428573aa91915b73b9108ec90d057968e6a5175cd786b3ecee,0.004784379138623697,2.220446049250313e-16
flywire_783_mb_left_kc512_s701,544,incoming_l1,fly,0,reward_trace,0.03,coefficients_only,40,5,0.41708542713567837,4151610c88c0086a333dae1fba8e2d77adc2e07bae5d51a4018ed12ae90efbce,81f2d287a7c98741bb38d35130baf69898d66756e3d5dd1ead8f655e545d632d,0.004784379138623697,2.220446049250313e-16
flywire_783_mb_left_kc512_s701,544,incoming_l1,fly,0,reward_trace,0.03,full_refit,40,5,0.4120603015075377,4151610c88c0086a333dae1fba8e2d77adc2e07bae5d51a4018ed12ae90efbce,82efdc1cfbd8362194541e586c9d2104d8937ae911254b22028347c5aeae8f50,0.004784379138623697,2.220446049250313e-16
flywire_783_mb_left_kc512_s701,544,incoming_l1,fly,0,reward_trace,0.1,fixed,40,4,0.2964824120603015,7cd66647d0b78b091d40c26f1bc3f47213b69b24b25f8673bf08d4a0970c7f93,147ad4d755e2a0896aeb60b251c927c9b9adfdd6b9fcc8f2e656b8a74c20f5f6,0.01594793046207899,2.220446049250313e-16
flywire_783_mb_left_kc512_s701,544,incoming_l1,fly,0,reward_trace,0.1,stats_only,40,5,0.35678391959798994,7cd66647d0b78b091d40c26f1bc3f47213b69b24b25f8673bf08d4a0970c7f93,befae02756b8547091ded82881bb3b64651b702d90fd9074f74d62cb647330a7,0.01594793046207899,2.220446049250313e-16
flywire_783_mb_left_kc512_s701,544,incoming_l1,fly,0,reward_trace,0.1,coefficients_only,40,5,0.41708542713567837,7cd66647d0b78b091d40c26f1bc3f47213b69b24b25f8673bf08d4a0970c7f93,2a4dd396fc47a4d188247bce3a8399f6b7633eb70c9bbf387bce93fdb6980470,0.01594793046207899,2.220446049250313e-16
flywire_783_mb_left_kc512_s701,544,incoming_l1,fly,0,reward_trace,0.1,full_refit,40,5,0.4120603015075377,7cd66647d0b78b091d40c26f1bc3f47213b69b24b25f8673bf08d4a0970c7f93,133a2d5e6e787fe1c54409b8bdd84bab02f1702f903dfd862a1a22db8090eff4,0.01594793046207899,2.220446049250313e-16
flywire_783_mb_left_kc512_s701,544,incoming_l1,fly,0,reward_trace,0.3,fixed,40,0,0.23115577889447236,f57f7a321ea6cb11a81efe546715246e1c816a4f2b5ed3dd6dea0a70a34a463b,147ad4d755e2a0896aeb60b251c927c9b9adfdd6b9fcc8f2e656b8a74c20f5f6,0.047843791386236977,2.220446049250313e-16
flywire_783_mb_left_kc512_s701,544,incoming_l1,fly,0,reward_trace,0.3,stats_only,40,4,0.24120603015075376,f57f7a321ea6cb11a81efe546715246e1c816a4f2b5ed3dd6dea0a70a34a463b,d58a65cd012faafb2c6cb8594e573b93acbe4eadec26f0c90d3f059275e9b779,0.047843791386236977,2.220446049250313e-16
flywire_783_mb_left_kc512_s701,544,incoming_l1,fly,0,reward_trace,0.3,coefficients_only,40,3,0.4120603015075377,f57f7a321ea6cb11a81efe546715246e1c816a4f2b5ed3dd6dea0a70a34a463b,c5bdaf99a7024f673313a3f26706a9fc393c75d820bf5ea923e7be2168a28f57,0.047843791386236977,2.220446049250313e-16
flywire_783_mb_left_kc512_s701,544,incoming_l1,fly,0,reward_trace,0.3,full_refit,40,3,0.4221105527638191,f57f7a321ea6cb11a81efe546715246e1c816a4f2b5ed3dd6dea0a70a34a463b,3f6bc10bbbf24d59ed0f673c7a4b810babe688222bf92f67636e3a100709d63e,0.047843791386236977,2.220446049250313e-16
flywire_783_mb_left_kc512_s701,544,incoming_l1,fly,0,reward_trace,1.0,fixed,40,0,0.17587939698492464,d3a2a5799813dd96e4467df6479fe20a34dfefe52e99034ae479e0f25cb1bfcf,147ad4d755e2a0896aeb60b251c927c9b9adfdd6b9fcc8f2e656b8a74c20f5f6,0.1594793046207899,6.661338147750939e-16
flywire_783_mb_left_kc512_s701,544,incoming_l1,fly,0,reward_trace,1.0,stats_only,40,0,0.18090452261306533,d3a2a5799813dd96e4467df6479fe20a34dfefe52e99034ae479e0f25cb1bfcf,11f34c1f943631cdb4dc54ab6e88b7c5b28a5acbb15986908b34ac0f7898aa1d,0.1594793046207899,6.661338147750939e-16
flywire_783_mb_left_kc512_s701,544,incoming_l1,fly,0,reward_trace,1.0,coefficients_only,40,3,0.4271356783919598,d3a2a5799813dd96e4467df6479fe20a34dfefe52e99034ae479e0f25cb1bfcf,8b18cfec9ca70c4eaf4a06487b48c2d12c21bc3f24a6740bf420fd13ffd2670e,0.1594793046207899,6.661338147750939e-16
flywire_783_mb_left_kc512_s701,544,incoming_l1,fly,0,reward_trace,1.0,full_refit,40,3,0.4371859296482412,d3a2a5799813dd96e4467df6479fe20a34dfefe52e99034ae479e0f25cb1bfcf,f243a12693b756db9084bc04cd9df50bfb2ed4e850c930521f070fd60a4d8215,0.1594793046207899,6.661338147750939e-16
flywire_783_mb_left_kc512_s701,544,incoming_l1,fly,0,yoked_reward,0.0,fixed,41,5,0.41708542713567837,aef93307ea7829859419c0c00817f894b98a62402bc4985874f5b1bfe68b4029,147ad4d755e2a0896aeb60b251c927c9b9adfdd6b9fcc8f2e656b8a74c20f5f6,0.0,0.0
flywire_783_mb_left_kc512_s701,544,incoming_l1,fly,0,yoked_reward,0.0,stats_only,41,5,0.41708542713567837,aef93307ea7829859419c0c00817f894b98a62402bc4985874f5b1bfe68b4029,147ad4d755e2a0896aeb60b251c927c9b9adfdd6b9fcc8f2e656b8a74c20f5f6,0.0,0.0
flywire_783_mb_left_kc512_s701,544,incoming_l1,fly,0,yoked_reward,0.0,coefficients_only,41,5,0.41708542713567837,aef93307ea7829859419c0c00817f894b98a62402bc4985874f5b1bfe68b4029,147ad4d755e2a0896aeb60b251c927c9b9adfdd6b9fcc8f2e656b8a74c20f5f6,0.0,0.0
flywire_783_mb_left_kc512_s701,544,incoming_l1,fly,0,yoked_reward,0.0,full_refit,41,5,0.41708542713567837,aef93307ea7829859419c0c00817f894b98a62402bc4985874f5b1bfe68b4029,147ad4d755e2a0896aeb60b251c927c9b9adfdd6b9fcc8f2e656b8a74c20f5f6,0.0,0.0
flywire_783_mb_left_kc512_s701,544,incoming_l1,fly,0,yoked_reward,0.01,fixed,41,5,0.4271356783919598,f2d62a8fab3de158aaade68b7c2a7dec16f46c58ee0b6129f515266a93f554b5,147ad4d755e2a0896aeb60b251c927c9b9adfdd6b9fcc8f2e656b8a74c20f5f6,0.0020487390567295346,3.3306690738754696e-16
flywire_783_mb_left_kc512_s701,544,incoming_l1,fly,0,yoked_reward,0.01,stats_only,41,5,0.4321608040201005,f2d62a8fab3de158aaade68b7c2a7dec16f46c58ee0b6129f515266a93f554b5,c8a107d415383151d3b4b96af84d30ee048717dbf440db27e5be3d682fc6e08f,0.0020487390567295346,3.3306690738754696e-16
flywire_783_mb_left_kc512_s701,544,incoming_l1,fly,0,yoked_reward,0.01,coefficients_only,41,5,0.41708542713567837,f2d62a8fab3de158aaade68b7c2a7dec16f46c58ee0b6129f515266a93f554b5,79acfa09acf5c8fdcb5129c2dc972e240dc1e39ec001dc79311b8d60a14a770f,0.0020487390567295346,3.3306690738754696e-16
flywire_783_mb_left_kc512_s701,544,incoming_l1,fly,0,yoked_reward,0.01,full_refit,41,5,0.41708542713567837,f2d62a8fab3de158aaade68b7c2a7dec16f46c58ee0b6129f515266a93f554b5,359bfa4c06f6d0aa4591d1fe430d6c228fe59d41d6edc1033dcb266f2c7f64ad,0.0020487390567295346,3.3306690738754696e-16
flywire_783_mb_left_kc512_s701,544,incoming_l1,fly,0,yoked_reward,0.03,fixed,41,3,0.39195979899497485,3e9aa539ea2e02b15d2071a4490c76105508e1d93c039b80d4f4430b9d3e3be5,147ad4d755e2a0896aeb60b251c927c9b9adfdd6b9fcc8f2e656b8a74c20f5f6,0.0061462171701886035,3.3306690738754696e-16
flywire_783_mb_left_kc512_s701,544,incoming_l1,fly,0,yoked_reward,0.03,stats_only,41,3,0.41708542713567837,3e9aa539ea2e02b15d2071a4490c76105508e1d93c039b80d4f4430b9d3e3be5,89d4746b5ff03b8d591dee1cdbdd6d7df04f16be32cd767e00c5ee9bda9b6f53,0.0061462171701886035,3.3306690738754696e-16
flywire_783_mb_left_kc512_s701,544,incoming_l1,fly,0,yoked_reward,0.03,coefficients_only,41,5,0.41708542713567837,3e9aa539ea2e02b15d2071a4490c76105508e1d93c039b80d4f4430b9d3e3be5,b4b84966a85b03065e10d10d3619a8cdbfb921e3756a2605c98c971b68a8f56b,0.0061462171701886035,3.3306690738754696e-16
flywire_783_mb_left_kc512_s701,544,incoming_l1,fly,0,yoked_reward,0.03,full_refit,41,5,0.41708542713567837,3e9aa539ea2e02b15d2071a4490c76105508e1d93c039b80d4f4430b9d3e3be5,5f81a202e43abfe6281a8c4c3c0b66f3a23474af2b1daa97a4c52f9853b2c11f,0.0061462171701886035,3.3306690738754696e-16
flywire_783_mb_left_kc512_s701,544,incoming_l1,fly,0,yoked_reward,0.1,fixed,41,3,0.3015075376884422,144dbed9cd4aed698220c01044cb3a0429b6baa712bdccf80f66d383890497da,147ad4d755e2a0896aeb60b251c927c9b9adfdd6b9fcc8f2e656b8a74c20f5f6,0.02048739056729535,2.220446049250313e-16
flywire_783_mb_left_kc512_s701,544,incoming_l1,fly,0,yoked_reward,0.1,stats_only,41,3,0.3165829145728643,144dbed9cd4aed698220c01044cb3a0429b6baa712bdccf80f66d383890497da,629afb854fa6316f836ab8a291f5de6671404a413a935c10f92156effdd5478f,0.02048739056729535,2.220446049250313e-16
flywire_783_mb_left_kc512_s701,544,incoming_l1,fly,0,yoked_reward,0.1,coefficients_only,41,5,0.4271356783919598,144dbed9cd4aed698220c01044cb3a0429b6baa712bdccf80f66d383890497da,9657d5db15b9b8a857df459d97995ba3ff56adcc447a4143553d7fd521d257ba,0.02048739056729535,2.220446049250313e-16
flywire_783_mb_left_kc512_s701,544,incoming_l1,fly,0,yoked_reward,0.1,full_refit,41,5,0.4271356783919598,144dbed9cd4aed698220c01044cb3a0429b6baa712bdccf80f66d383890497da,ad3700d1f8d75d0de868f174bdd8cdce180304ddaf2686da965b3f887400b7bb,0.02048739056729535,2.220446049250313e-16
flywire_783_mb_left_kc512_s701,544,incoming_l1,fly,0,yoked_reward,0.3,fixed,41,1,0.1658291457286432,f8485c41348c23551a4e941b912a2814c26445c81b00ca44ace265b6fc0fa5aa,147ad4d755e2a0896aeb60b251c927c9b9adfdd6b9fcc8f2e656b8a74c20f5f6,0.06146217170188606,3.3306690738754696e-16
flywire_783_mb_left_kc512_s701,544,incoming_l1,fly,0,yoked_reward,0.3,stats_only,41,1,0.21608040201005024,f8485c41348c23551a4e941b912a2814c26445c81b00ca44ace265b6fc0fa5aa,9c21dc5a26840a8c63eb032801ecf712550f8453a7299690107990f6b78ea2c5,0.06146217170188606,3.3306690738754696e-16
flywire_783_mb_left_kc512_s701,544,incoming_l1,fly,0,yoked_reward,0.3,coefficients_only,41,3,0.4221105527638191,f8485c41348c23551a4e941b912a2814c26445c81b00ca44ace265b6fc0fa5aa,038c1e487fea42b6134a86c0919295e3c07257a73c9b4978ab6d1a8dd7d9aa1e,0.06146217170188606,3.3306690738754696e-16
flywire_783_mb_left_kc512_s701,544,incoming_l1,fly,0,yoked_reward,0.3,full_refit,41,3,0.41708542713567837,f8485c41348c23551a4e941b912a2814c26445c81b00ca44ace265b6fc0fa5aa,81015ca3ec516754009aab8b6bf16ff9415de1f6c9477fd372298ddcefb40649,0.06146217170188606,3.3306690738754696e-16
flywire_783_mb_left_kc512_s701,544,incoming_l1,fly,0,yoked_reward,1.0,fixed,41,1,0.1407035175879397,615798871dc2da65b666e112a3df46bba8dc363e45528e1f43e581e55c7449c2,147ad4d755e2a0896aeb60b251c927c9b9adfdd6b9fcc8f2e656b8a74c20f5f6,0.20487390567295352,1.2212453270876722e-15
flywire_783_mb_left_kc512_s701,544,incoming_l1,fly,0,yoked_reward,1.0,stats_only,41,1,0.18090452261306533,615798871dc2da65b666e112a3df46bba8dc363e45528e1f43e581e55c7449c2,ae95b39554f3c8382c11c512753c2e7586421ac533b0b120c1c280b2d5ce4e1a,0.20487390567295352,1.2212453270876722e-15
flywire_783_mb_left_kc512_s701,544,incoming_l1,fly,0,yoked_reward,1.0,coefficients_only,41,3,0.4271356783919598,615798871dc2da65b666e112a3df46bba8dc363e45528e1f43e581e55c7449c2,e83b313616566c430e2459b59e285050e9fc607ed2b0bc4eb9fe310524b2bb47,0.20487390567295352,1.2212453270876722e-15
flywire_783_mb_left_kc512_s701,544,incoming_l1,fly,0,yoked_reward,1.0,full_refit,41,5,0.4472361809045226,615798871dc2da65b666e112a3df46bba8dc363e45528e1f43e581e55c7449c2,8d3a3db4b2de496ae4a66769e148bc007afac41a07c0f6ae0c892553ed4d39ca,0.20487390567295352,1.2212453270876722e-15
flywire_783_mb_left_kc512_s701,544,incoming_l1,fly,3,reward_trace,0.0,fixed,42,5,0.41708542713567837,aef93307ea7829859419c0c00817f894b98a62402bc4985874f5b1bfe68b4029,147ad4d755e2a0896aeb60b251c927c9b9adfdd6b9fcc8f2e656b8a74c20f5f6,0.0,0.0
flywire_783_mb_left_kc512_s701,544,incoming_l1,fly,3,reward_trace,0.0,stats_only,42,5,0.41708542713567837,aef93307ea7829859419c0c00817f894b98a62402bc4985874f5b1bfe68b4029,147ad4d755e2a0896aeb60b251c927c9b9adfdd6b9fcc8f2e656b8a74c20f5f6,0.0,0.0
flywire_783_mb_left_kc512_s701,544,incoming_l1,fly,3,reward_trace,0.0,coefficients_only,42,5,0.41708542713567837,aef93307ea7829859419c0c00817f894b98a62402bc4985874f5b1bfe68b4029,147ad4d755e2a0896aeb60b251c927c9b9adfdd6b9fcc8f2e656b8a74c20f5f6,0.0,0.0
flywire_783_mb_left_kc512_s701,544,incoming_l1,fly,3,reward_trace,0.0,full_refit,42,5,0.41708542713567837,aef93307ea7829859419c0c00817f894b98a62402bc4985874f5b1bfe68b4029,147ad4d755e2a0896aeb60b251c927c9b9adfdd6b9fcc8f2e656b8a74c20f5f6,0.0,0.0
flywire_783_mb_left_kc512_s701,544,incoming_l1,fly,3,reward_trace,0.01,fixed,42,5,0.40703517587939697,82b474ee53bcbb0b19e6a1bd618451abb0cb4646f934a3fa9113ba0be449a2b3,147ad4d755e2a0896aeb60b251c927c9b9adfdd6b9fcc8f2e656b8a74c20f5f6,0.0017940449914840345,2.220446049250313e-16
flywire_783_mb_left_kc512_s701,544,incoming_l1,fly,3,reward_trace,0.01,stats_only,42,5,0.4221105527638191,82b474ee53bcbb0b19e6a1bd618451abb0cb4646f934a3fa9113ba0be449a2b3,72cbd8baa6acbd44a3708429bc9cc368352cf50a17a5b60b56170b3b9efa4e8f,0.0017940449914840345,2.220446049250313e-16
flywire_783_mb_left_kc512_s701,544,incoming_l1,fly,3,reward_trace,0.01,coefficients_only,42,5,0.41708542713567837,82b474ee53bcbb0b19e6a1bd618451abb0cb4646f934a3fa9113ba0be449a2b3,0dc812eec4d8bc2cb854a544e08f86b446c0290f30b48e8c3afc34ae22590b33,0.0017940449914840345,2.220446049250313e-16
flywire_783_mb_left_kc512_s701,544,incoming_l1,fly,3,reward_trace,0.01,full_refit,42,5,0.41708542713567837,82b474ee53bcbb0b19e6a1bd618451abb0cb4646f934a3fa9113ba0be449a2b3,384ba1129424ebb414fd9a227118f3dddf5401bd17c663062b88bae21cbf182b,0.0017940449914840345,2.220446049250313e-16
flywire_783_mb_left_kc512_s701,544,incoming_l1,fly,3,reward_trace,0.03,fixed,42,5,0.38190954773869346,a312101c983ba81ee952f365c83cbc3866229c6cfd0ef9f08f5dc5de992430cd,147ad4d755e2a0896aeb60b251c927c9b9adfdd6b9fcc8f2e656b8a74c20f5f6,0.005382134974452103,4.440892098500626e-16
flywire_783_mb_left_kc512_s701,544,incoming_l1,fly,3,reward_trace,0.03,stats_only,42,5,0.4120603015075377,a312101c983ba81ee952f365c83cbc3866229c6cfd0ef9f08f5dc5de992430cd,8afd85b0f0d88d655fbd40489eecb898be99a3807ef8cf6bf9a3f93182ee1d2e,0.005382134974452103,4.440892098500626e-16
flywire_783_mb_left_kc512_s701,544,incoming_l1,fly,3,reward_trace,0.03,coefficients_only,42,5,0.41708542713567837,a312101c983ba81ee952f365c83cbc3866229c6cfd0ef9f08f5dc5de992430cd,263d17868c9683c409548fb76771f88c83ced56452d4f4a25c14aad73e51a63e,0.005382134974452103,4.440892098500626e-16
flywire_783_mb_left_kc512_s701,544,incoming_l1,fly,3,reward_trace,0.03,full_refit,42,5,0.41708542713567837,a312101c983ba81ee952f365c83cbc3866229c6cfd0ef9f08f5dc5de992430cd,d46df1256b6437f5ed732bb6efedb0f865a04f40fb8b072294fee8335a19c30a,0.005382134974452103,4.440892098500626e-16
flywire_783_mb_left_kc512_s701,544,incoming_l1,fly,3,reward_trace,0.1,fixed,42,1,0.2613065326633166,f39c24ff31b3bfe66ad37725de45d565d97e5641fb1cb84433dd5a8cb47b6c33,147ad4d755e2a0896aeb60b251c927c9b9adfdd6b9fcc8f2e656b8a74c20f5f6,0.01794044991484036,3.3306690738754696e-16
flywire_783_mb_left_kc512_s701,544,incoming_l1,fly,3,reward_trace,0.1,stats_only,42,5,0.3316582914572864,f39c24ff31b3bfe66ad37725de45d565d97e5641fb1cb84433dd5a8cb47b6c33,d41a7fc567fa0c223d2c14316bfc0d0b415289ac2ef7b4a239b21ded3f584f7a,0.01794044991484036,3.3306690738754696e-16
flywire_783_mb_left_kc512_s701,544,incoming_l1,fly,3,reward_trace,0.1,coefficients_only,42,5,0.4120603015075377,f39c24ff31b3bfe66ad37725de45d565d97e5641fb1cb84433dd5a8cb47b6c33,f97f031a70e83ddfee58d705d6b127084bd2439b889b9b67e0972c529883d5de,0.01794044991484036,3.3306690738754696e-16
flywire_783_mb_left_kc512_s701,544,incoming_l1,fly,3,reward_trace,0.1,full_refit,42,5,0.4120603015075377,f39c24ff31b3bfe66ad37725de45d565d97e5641fb1cb84433dd5a8cb47b6c33,13b8a5db255e1154907ad0c1ce6453931e02d853d8c9d825808141a01ae9bd1b,0.01794044991484036,3.3306690738754696e-16
flywire_783_mb_left_kc512_s701,544,incoming_l1,fly,3,reward_trace,0.3,fixed,42,0,0.21105527638190955,f7269d9cb9e4149d6343e413b00f649622225aab8739a5c350714e475f92c7c2,147ad4d755e2a0896aeb60b251c927c9b9adfdd6b9fcc8f2e656b8a74c20f5f6,0.053821349744521074,3.3306690738754696e-16
flywire_783_mb_left_kc512_s701,544,incoming_l1,fly,3,reward_trace,0.3,stats_only,42,0,0.24623115577889448,f7269d9cb9e4149d6343e413b00f649622225aab8739a5c350714e475f92c7c2,ff03e602d2dded3f3e5cf1f9986ed4b9dedd0ea4ce2eadf4aec212d06eedcd66,0.053821349744521074,3.3306690738754696e-16
flywire_783_mb_left_kc512_s701,544,incoming_l1,fly,3,reward_trace,0.3,coefficients_only,42,5,0.4120603015075377,f7269d9cb9e4149d6343e413b00f649622225aab8739a5c350714e475f92c7c2,e0a22d551faad3c463d4f0bdcc71b9289132e4b1dd97f25e5d32183237af6acd,0.053821349744521074,3.3306690738754696e-16
flywire_783_mb_left_kc512_s701,544,incoming_l1,fly,3,reward_trace,0.3,full_refit,42,5,0.4221105527638191,f7269d9cb9e4149d6343e413b00f649622225aab8739a5c350714e475f92c7c2,b14fbd630341f5003a2d0394d7515dbcad0fd3959aa642112f80c16098f6dfaa,0.053821349744521074,3.3306690738754696e-16
flywire_783_mb_left_kc512_s701,544,incoming_l1,fly,3,reward_trace,1.0,fixed,42,0,0.17587939698492464,edfb52e6e4b79688284a7aaa80004a7b44996ba0af5039a1362867198324f9a0,147ad4d755e2a0896aeb60b251c927c9b9adfdd6b9fcc8f2e656b8a74c20f5f6,0.17940449914840356,6.661338147750939e-16
flywire_783_mb_left_kc512_s701,544,incoming_l1,fly,3,reward_trace,1.0,stats_only,42,0,0.19095477386934673,edfb52e6e4b79688284a7aaa80004a7b44996ba0af5039a1362867198324f9a0,3452e331d76fdac14e4a63e0da59e05b14cc8bd9c7bf24041819e6efb7f53c6e,0.17940449914840356,6.661338147750939e-16
flywire_783_mb_left_kc512_s701,544,incoming_l1,fly,3,reward_trace,1.0,coefficients_only,42,5,0.39195979899497485,edfb52e6e4b79688284a7aaa80004a7b44996ba0af5039a1362867198324f9a0,da3d6d82ac0b68029ca9003fca8484ae5ba0e49367f2fc5096f4e8f75ff96375,0.17940449914840356,6.661338147750939e-16
flywire_783_mb_left_kc512_s701,544,incoming_l1,fly,3,reward_trace,1.0,full_refit,42,5,0.4120603015075377,edfb52e6e4b79688284a7aaa80004a7b44996ba0af5039a1362867198324f9a0,c29fb11fb6f584f3ec1d34f5a66d6270bff36d573f3313fb27168578c738f04c,0.17940449914840356,6.661338147750939e-16
flywire_783_mb_left_kc512_s701,544,incoming_l1,fly,3,yoked_reward,0.0,fixed,43,5,0.41708542713567837,aef93307ea7829859419c0c00817f894b98a62402bc4985874f5b1bfe68b4029,147ad4d755e2a0896aeb60b251c927c9b9adfdd6b9fcc8f2e656b8a74c20f5f6,0.0,0.0
flywire_783_mb_left_kc512_s701,544,incoming_l1,fly,3,yoked_reward,0.0,stats_only,43,5,0.41708542713567837,aef93307ea7829859419c0c00817f894b98a62402bc4985874f5b1bfe68b4029,147ad4d755e2a0896aeb60b251c927c9b9adfdd6b9fcc8f2e656b8a74c20f5f6,0.0,0.0
flywire_783_mb_left_kc512_s701,544,incoming_l1,fly,3,yoked_reward,0.0,coefficients_only,43,5,0.41708542713567837,aef93307ea7829859419c0c00817f894b98a62402bc4985874f5b1bfe68b4029,147ad4d755e2a0896aeb60b251c927c9b9adfdd6b9fcc8f2e656b8a74c20f5f6,0.0,0.0
flywire_783_mb_left_kc512_s701,544,incoming_l1,fly,3,yoked_reward,0.0,full_refit,43,5,0.41708542713567837,aef93307ea7829859419c0c00817f894b98a62402bc4985874f5b1bfe68b4029,147ad4d755e2a0896aeb60b251c927c9b9adfdd6b9fcc8f2e656b8a74c20f5f6,0.0,0.0
flywire_783_mb_left_kc512_s701,544,incoming_l1,fly,3,yoked_reward,0.01,fixed,43,5,0.4221105527638191,f9062b5dde0c8720bc20494de978174349fa7bc61e19d13bedc749822341999a,147ad4d755e2a0896aeb60b251c927c9b9adfdd6b9fcc8f2e656b8a74c20f5f6,0.0019386289831042683,3.3306690738754696e-16
flywire_783_mb_left_kc512_s701,544,incoming_l1,fly,3,yoked_reward,0.01,stats_only,43,5,0.4120603015075377,f9062b5dde0c8720bc20494de978174349fa7bc61e19d13bedc749822341999a,472d65f8615c4ecd643958b33a7317ed3afcb53e45adfd4c7bb0fcee766c6bd5,0.0019386289831042683,3.3306690738754696e-16
flywire_783_mb_left_kc512_s701,544,incoming_l1,fly,3,yoked_reward,0.01,coefficients_only,43,5,0.41708542713567837,f9062b5dde0c8720bc20494de978174349fa7bc61e19d13bedc749822341999a,b681f3d184878a318ae790881e14af6ce5c67b8eecbe002952ee3bc96420100f,0.0019386289831042683,3.3306690738754696e-16
flywire_783_mb_left_kc512_s701,544,incoming_l1,fly,3,yoked_reward,0.01,full_refit,43,5,0.41708542713567837,f9062b5dde0c8720bc20494de978174349fa7bc61e19d13bedc749822341999a,7e9f49933e3e83e6b8af1e28d75a37c788baa545c4507eafb4152dc8f1b38ac5,0.0019386289831042683,3.3306690738754696e-16
flywire_783_mb_left_kc512_s701,544,incoming_l1,fly,3,yoked_reward,0.03,fixed,43,5,0.4221105527638191,3d0e7bcccb68f488cee475cd67392bf1dc0b7dd43831ff2bf369303d99f8dcff,147ad4d755e2a0896aeb60b251c927c9b9adfdd6b9fcc8f2e656b8a74c20f5f6,0.005815886949312805,4.440892098500626e-16
flywire_783_mb_left_kc512_s701,544,incoming_l1,fly,3,yoked_reward,0.03,stats_only,43,5,0.4371859296482412,3d0e7bcccb68f488cee475cd67392bf1dc0b7dd43831ff2bf369303d99f8dcff,3ed0c01209a186105d5c766f5b50e6b306bb62f60748657f80b8a00d5933b6ae,0.005815886949312805,4.440892098500626e-16
flywire_783_mb_left_kc512_s701,544,incoming_l1,fly,3,yoked_reward,0.03,coefficients_only,43,5,0.40703517587939697,3d0e7bcccb68f488cee475cd67392bf1dc0b7dd43831ff2bf369303d99f8dcff,862a870fbd9fd886bd6d06a85fcadab55e9970f0502d1dd8d7ad90bffffd731a,0.005815886949312805,4.440892098500626e-16
flywire_783_mb_left_kc512_s701,544,incoming_l1,fly,3,yoked_reward,0.03,full_refit,43,5,0.4120603015075377,3d0e7bcccb68f488cee475cd67392bf1dc0b7dd43831ff2bf369303d99f8dcff,854b683bed93391f31ff009e3c58ea06277ab54ee17995b7c9f5fcfd4317760a,0.005815886949312805,4.440892098500626e-16
flywire_783_mb_left_kc512_s701,544,incoming_l1,fly,3,yoked_reward,0.1,fixed,43,4,0.32160804020100503,e5409f4ffacabb82a60f4568dc9ee5ba0de8dae5eefde813e90797fd90a2f735,147ad4d755e2a0896aeb60b251c927c9b9adfdd6b9fcc8f2e656b8a74c20f5f6,0.019386289831042684,3.3306690738754696e-16
flywire_783_mb_left_kc512_s701,544,incoming_l1,fly,3,yoked_reward,0.1,stats_only,43,4,0.37185929648241206,e5409f4ffacabb82a60f4568dc9ee5ba0de8dae5eefde813e90797fd90a2f735,a68a80ad49b9ea522b8242e353b11c7254c384ea46b9978c7e10b3c8c7faeb09,0.019386289831042684,3.3306690738754696e-16
flywire_783_mb_left_kc512_s701,544,incoming_l1,fly,3,yoked_reward,0.1,coefficients_only,43,5,0.4020100502512563,e5409f4ffacabb82a60f4568dc9ee5ba0de8dae5eefde813e90797fd90a2f735,6ab3869ae725f11c06f24163e9a321c33faf16ce0e5f5a837ffbbff599471b3f,0.019386289831042684,3.3306690738754696e-16
flywire_783_mb_left_kc512_s701,544,incoming_l1,fly,3,yoked_reward,0.1,full_refit,43,5,0.3969849246231156,e5409f4ffacabb82a60f4568dc9ee5ba0de8dae5eefde813e90797fd90a2f735,578cc4a8d127183b743b9b7e91bec38770685362c00e990a602391c317a3b4a3,0.019386289831042684,3.3306690738754696e-16
flywire_783_mb_left_kc512_s701,544,incoming_l1,fly,3,yoked_reward,0.3,fixed,43,1,0.21105527638190955,f7ccdf7fca7a37af479a14a18dc2ec165e3f640b77f9613c6afd9950fad7bea3,147ad4d755e2a0896aeb60b251c927c9b9adfdd6b9fcc8f2e656b8a74c20f5f6,0.058158869493128054,4.440892098500626e-16
flywire_783_mb_left_kc512_s701,544,incoming_l1,fly,3,yoked_reward,0.3,stats_only,43,0,0.25125628140703515,f7ccdf7fca7a37af479a14a18dc2ec165e3f640b77f9613c6afd9950fad7bea3,79fd57ee45858e06984590073a2632a13d760cf119826128ac8c5939992925ed,0.058158869493128054,4.440892098500626e-16
flywire_783_mb_left_kc512_s701,544,incoming_l1,fly,3,yoked_reward,0.3,coefficients_only,43,5,0.4020100502512563,f7ccdf7fca7a37af479a14a18dc2ec165e3f640b77f9613c6afd9950fad7bea3,ba2414ca14fa29e781c08db4e7e0f4ceb5c49450efeae25b5a5b82f458860df4,0.058158869493128054,4.440892098500626e-16
flywire_783_mb_left_kc512_s701,544,incoming_l1,fly,3,yoked_reward,0.3,full_refit,43,5,0.40703517587939697,f7ccdf7fca7a37af479a14a18dc2ec165e3f640b77f9613c6afd9950fad7bea3,46adbb089474023b4eb4739c7d23f1d84c89f3ae68399cb167e2a5a653d39cf7,0.058158869493128054,4.440892098500626e-16
flywire_783_mb_left_kc512_s701,544,incoming_l1,fly,3,yoked_reward,1.0,fixed,43,1,0.18090452261306533,1ff5067018edc260a9f8a3dffd2e5b4de6c50bd39c00a3cb5e81dd3fd1fb80e4,147ad4d755e2a0896aeb60b251c927c9b9adfdd6b9fcc8f2e656b8a74c20f5f6,0.19386289831042683,9.992007221626409e-16
flywire_783_mb_left_kc512_s701,544,incoming_l1,fly,3,yoked_reward,1.0,stats_only,43,0,0.15577889447236182,1ff5067018edc260a9f8a3dffd2e5b4de6c50bd39c00a3cb5e81dd3fd1fb80e4,1a9e06b713ceb1784ce78d9825dcd378a9d14a24c6f559f54f07324194294371,0.19386289831042683,9.992007221626409e-16
flywire_783_mb_left_kc512_s701,544,incoming_l1,fly,3,yoked_reward,1.0,coefficients_only,43,5,0.4371859296482412,1ff5067018edc260a9f8a3dffd2e5b4de6c50bd39c00a3cb5e81dd3fd1fb80e4,358702efc12d259a213556c4eb9f5e5f0461d2b87380b8ce7c0f70d79ff66a67,0.19386289831042683,9.992007221626409e-16
flywire_783_mb_left_kc512_s701,544,incoming_l1,fly,3,yoked_reward,1.0,full_refit,43,5,0.4271356783919598,1ff5067018edc260a9f8a3dffd2e5b4de6c50bd39c00a3cb5e81dd3fd1fb80e4,6111f48d4e97cf24a218935ff3fc3961dc49c6b0c9f426e1d92e3529d3339a36,0.19386289831042683,9.992007221626409e-16
flywire_783_mb_left_kc512_s701,544,incoming_l1,role_shuffled,0,reward_trace,0.0,fixed,44,5,0.44221105527638194,b19a7e6cbd8fe4ca986e4f6b2e99b41d5d9dc8c56c0381f14ae04c6139004ff7,711f227506a58d55a33a9ac182e51502eebf1ac58d65792ae1635dfcbe8af17c,0.0,0.0
flywire_783_mb_left_kc512_s701,544,incoming_l1,role_shuffled,0,reward_trace,0.0,stats_only,44,5,0.44221105527638194,b19a7e6cbd8fe4ca986e4f6b2e99b41d5d9dc8c56c0381f14ae04c6139004ff7,711f227506a58d55a33a9ac182e51502eebf1ac58d65792ae1635dfcbe8af17c,0.0,0.0
flywire_783_mb_left_kc512_s701,544,incoming_l1,role_shuffled,0,reward_trace,0.0,coefficients_only,44,5,0.44221105527638194,b19a7e6cbd8fe4ca986e4f6b2e99b41d5d9dc8c56c0381f14ae04c6139004ff7,711f227506a58d55a33a9ac182e51502eebf1ac58d65792ae1635dfcbe8af17c,0.0,0.0
flywire_783_mb_left_kc512_s701,544,incoming_l1,role_shuffled,0,reward_trace,0.0,full_refit,44,5,0.44221105527638194,b19a7e6cbd8fe4ca986e4f6b2e99b41d5d9dc8c56c0381f14ae04c6139004ff7,711f227506a58d55a33a9ac182e51502eebf1ac58d65792ae1635dfcbe8af17c,0.0,0.0
flywire_783_mb_left_kc512_s701,544,incoming_l1,role_shuffled,0,reward_trace,0.01,fixed,44,5,0.4472361809045226,df68346af86d49a9ca6da94480667cd838bbd232f734b291f8efd9e69dbb1e07,711f227506a58d55a33a9ac182e51502eebf1ac58d65792ae1635dfcbe8af17c,0.0020350058152653417,3.3306690738754696e-16
flywire_783_mb_left_kc512_s701,544,incoming_l1,role_shuffled,0,reward_trace,0.01,stats_only,44,5,0.45226130653266333,df68346af86d49a9ca6da94480667cd838bbd232f734b291f8efd9e69dbb1e07,85235f29c690d1603f0c6f3fd70616cef5d0367b4185e16e96810d7f21684deb,0.0020350058152653417,3.3306690738754696e-16
flywire_783_mb_left_kc512_s701,544,incoming_l1,role_shuffled,0,reward_trace,0.01,coefficients_only,44,5,0.44221105527638194,df68346af86d49a9ca6da94480667cd838bbd232f734b291f8efd9e69dbb1e07,6fa7eade05b0ba6f2314f08feb08caf39bc6e32439ee6a05d7f51643609e9d1f,0.0020350058152653417,3.3306690738754696e-16
flywire_783_mb_left_kc512_s701,544,incoming_l1,role_shuffled,0,reward_trace,0.01,full_refit,44,5,0.44221105527638194,df68346af86d49a9ca6da94480667cd838bbd232f734b291f8efd9e69dbb1e07,ee590a128df775af0f519f89506bc534ddda412228de5749d2aa6c068ea87f68,0.0020350058152653417,3.3306690738754696e-16
flywire_783_mb_left_kc512_s701,544,incoming_l1,role_shuffled,0,reward_trace,0.03,fixed,44,3,0.41708542713567837,da48e6b6106371e79441d29f3504772c40fb0488bba7f0f251a70d832a423b66,711f227506a58d55a33a9ac182e51502eebf1ac58d65792ae1635dfcbe8af17c,0.006105017445796019,2.220446049250313e-16
flywire_783_mb_left_kc512_s701,544,incoming_l1,role_shuffled,0,reward_trace,0.03,stats_only,44,5,0.45226130653266333,da48e6b6106371e79441d29f3504772c40fb0488bba7f0f251a70d832a423b66,9c4296e76011e18fab55c41db032ef25fae65efc40b3e7b115d080966327e75f,0.006105017445796019,2.220446049250313e-16
flywire_783_mb_left_kc512_s701,544,incoming_l1,role_shuffled,0,reward_trace,0.03,coefficients_only,44,5,0.4472361809045226,da48e6b6106371e79441d29f3504772c40fb0488bba7f0f251a70d832a423b66,1cd1ff5689605883d09861b55f95569d4374e008f81af5940c2b11d6a0e7181b,0.006105017445796019,2.220446049250313e-16
flywire_783_mb_left_kc512_s701,544,incoming_l1,role_shuffled,0,reward_trace,0.03,full_refit,44,5,0.4472361809045226,da48e6b6106371e79441d29f3504772c40fb0488bba7f0f251a70d832a423b66,373ee929860659d0199cd378d58f39473f70362a5d0a5054d2eacc8b2829ea0c,0.006105017445796019,2.220446049250313e-16
flywire_783_mb_left_kc512_s701,544,incoming_l1,role_shuffled,0,reward_trace,0.1,fixed,44,3,0.2964824120603015,230bf2ee61dbde50949c4a4a6a69f20f6961eb1f1ade07797a0976d8df75a685,711f227506a58d55a33a9ac182e51502eebf1ac58d65792ae1635dfcbe8af17c,0.020350058152653405,2.220446049250313e-16
flywire_783_mb_left_kc512_s701,544,incoming_l1,role_shuffled,0,reward_trace,0.1,stats_only,44,5,0.36683417085427134,230bf2ee61dbde50949c4a4a6a69f20f6961eb1f1ade07797a0976d8df75a685,2231683e70d371bd2d9e1870886296e0bf63e0efb4bf3f7efdf6eceeb7c0bd7a,0.020350058152653405,2.220446049250313e-16
flywire_783_mb_left_kc512_s701,544,incoming_l1,role_shuffled,0,reward_trace,0.1,coefficients_only,44,5,0.45226130653266333,230bf2ee61dbde50949c4a4a6a69f20f6961eb1f1ade07797a0976d8df75a685,d1a9374509c3e59692ec5ba896fa593e2f0e79b89a3fa8cb16dbcae2355c4eaa,0.020350058152653405,2.220446049250313e-16
flywire_783_mb_left_kc512_s701,544,incoming_l1,role_shuffled,0,reward_trace,0.1,full_refit,44,5,0.4472361809045226,230bf2ee61dbde50949c4a4a6a69f20f6961eb1f1ade07797a0976d8df75a685,5415a9ef9ba5281a5377345c6b79dc590d50ab95e11f71bf6b93bf8818cb96ad,0.020350058152653405,2.220446049250313e-16
flywire_783_mb_left_kc512_s701,544,incoming_l1,role_shuffled,0,reward_trace,0.3,fixed,44,0,0.21105527638190955,22425a0cc79a860d83168c640045cbe7c1a6154fd923d987c72e953d4d35f403,711f227506a58d55a33a9ac182e51502eebf1ac58d65792ae1635dfcbe8af17c,0.06105017445796019,4.440892098500626e-16
flywire_783_mb_left_kc512_s701,544,incoming_l1,role_shuffled,0,reward_trace,0.3,stats_only,44,0,0.25125628140703515,22425a0cc79a860d83168c640045cbe7c1a6154fd923d987c72e953d4d35f403,81165c35c648bf08277882548e9ee743a52f8c8f5aee615dc51f40a2df1d1bc0,0.06105017445796019,4.440892098500626e-16
flywire_783_mb_left_kc512_s701,544,incoming_l1,role_shuffled,0,reward_trace,0.3,coefficients_only,44,5,0.4472361809045226,22425a0cc79a860d83168c640045cbe7c1a6154fd923d987c72e953d4d35f403,1bb7b14c99c122aef26462d1f6e85c2bd2f1f0fbdea33c4695dd37aeb5de77ba,0.06105017445796019,4.440892098500626e-16
flywire_783_mb_left_kc512_s701,544,incoming_l1,role_shuffled,0,reward_trace,0.3,full_refit,44,5,0.45226130653266333,22425a0cc79a860d83168c640045cbe7c1a6154fd923d987c72e953d4d35f403,c116736c19d59ee5d956fe336bcddb5c39d6a99d49bbf8dff0171b8724866c11,0.06105017445796019,4.440892098500626e-16
flywire_783_mb_left_kc512_s701,544,incoming_l1,role_shuffled,0,reward_trace,1.0,fixed,44,0,0.1708542713567839,d2aa3b55a2bbadeb33ca1bf743ccd8b0f7e051004cc30a04b87134404c6c03ff,711f227506a58d55a33a9ac182e51502eebf1ac58d65792ae1635dfcbe8af17c,0.203500581526534,1.6653345369377348e-15
flywire_783_mb_left_kc512_s701,544,incoming_l1,role_shuffled,0,reward_trace,1.0,stats_only,44,0,0.1658291457286432,d2aa3b55a2bbadeb33ca1bf743ccd8b0f7e051004cc30a04b87134404c6c03ff,ca5c0492c3648acdf078fe522b52878ee2b72a3cc15a5dea23a0314c284122bb,0.203500581526534,1.6653345369377348e-15
flywire_783_mb_left_kc512_s701,544,incoming_l1,role_shuffled,0,reward_trace,1.0,coefficients_only,44,5,0.4723618090452261,d2aa3b55a2bbadeb33ca1bf743ccd8b0f7e051004cc30a04b87134404c6c03ff,2a6f2d4d69f1fd47d18cac34c96a45d9c2b0b1a03e4c47eb94d5052c96c9c710,0.203500581526534,1.6653345369377348e-15
flywire_783_mb_left_kc512_s701,544,incoming_l1,role_shuffled,0,reward_trace,1.0,full_refit,44,5,0.46733668341708545,d2aa3b55a2bbadeb33ca1bf743ccd8b0f7e051004cc30a04b87134404c6c03ff,333e11a0700f01623549d4ec2ff44032136fd77c3de9283b64509ef2e0448db3,0.203500581526534,1.6653345369377348e-15
flywire_783_mb_left_kc512_s701,544,incoming_l1,role_shuffled,0,yoked_reward,0.0,fixed,45,5,0.44221105527638194,b19a7e6cbd8fe4ca986e4f6b2e99b41d5d9dc8c56c0381f14ae04c6139004ff7,711f227506a58d55a33a9ac182e51502eebf1ac58d65792ae1635dfcbe8af17c,0.0,0.0
flywire_783_mb_left_kc512_s701,544,incoming_l1,role_shuffled,0,yoked_reward,0.0,stats_only,45,5,0.44221105527638194,b19a7e6cbd8fe4ca986e4f6b2e99b41d5d9dc8c56c0381f14ae04c6139004ff7,711f227506a58d55a33a9ac182e51502eebf1ac58d65792ae1635dfcbe8af17c,0.0,0.0
flywire_783_mb_left_kc512_s701,544,incoming_l1,role_shuffled,0,yoked_reward,0.0,coefficients_only,45,5,0.44221105527638194,b19a7e6cbd8fe4ca986e4f6b2e99b41d5d9dc8c56c0381f14ae04c6139004ff7,711f227506a58d55a33a9ac182e51502eebf1ac58d65792ae1635dfcbe8af17c,0.0,0.0
flywire_783_mb_left_kc512_s701,544,incoming_l1,role_shuffled,0,yoked_reward,0.0,full_refit,45,5,0.44221105527638194,b19a7e6cbd8fe4ca986e4f6b2e99b41d5d9dc8c56c0381f14ae04c6139004ff7,711f227506a58d55a33a9ac182e51502eebf1ac58d65792ae1635dfcbe8af17c,0.0,0.0
flywire_783_mb_left_kc512_s701,544,incoming_l1,role_shuffled,0,yoked_reward,0.01,fixed,45,5,0.4321608040201005,03ed79dcd8e7cd879820f9f3ada8dc841eca00d9953b4cfbba5c012af45aef3b,711f227506a58d55a33a9ac182e51502eebf1ac58d65792ae1635dfcbe8af17c,0.0019429687948897038,2.220446049250313e-16
flywire_783_mb_left_kc512_s701,544,incoming_l1,role_shuffled,0,yoked_reward,0.01,stats_only,45,5,0.4271356783919598,03ed79dcd8e7cd879820f9f3ada8dc841eca00d9953b4cfbba5c012af45aef3b,2e93d7d6a8589bab7490b50606c9c7fa90407a0de8227bc35765746570629253,0.0019429687948897038,2.220446049250313e-16
flywire_783_mb_left_kc512_s701,544,incoming_l1,role_shuffled,0,yoked_reward,0.01,coefficients_only,45,5,0.4371859296482412,03ed79dcd8e7cd879820f9f3ada8dc841eca00d9953b4cfbba5c012af45aef3b,959301e8950a84cad33df0d215187d10163b135b6ed6627b94235f05202d2a94,0.0019429687948897038,2.220446049250313e-16
flywire_783_mb_left_kc512_s701,544,incoming_l1,role_shuffled,0,yoked_reward,0.01,full_refit,45,5,0.4371859296482412,03ed79dcd8e7cd879820f9f3ada8dc841eca00d9953b4cfbba5c012af45aef3b,27b369eec718462cf8f73e27e335c923b5a66f78ce29e4ad7931426b45181d8f,0.0019429687948897038,2.220446049250313e-16
flywire_783_mb_left_kc512_s701,544,incoming_l1,role_shuffled,0,yoked_reward,0.03,fixed,45,5,0.4120603015075377,6389365ca7eb67393deea00e84e35b39c9625683305a97f9e55be302806060f2,711f227506a58d55a33a9ac182e51502eebf1ac58d65792ae1635dfcbe8af17c,0.00582890638466911,3.3306690738754696e-16
flywire_783_mb_left_kc512_s701,544,incoming_l1,role_shuffled,0,yoked_reward,0.03,stats_only,45,5,0.4321608040201005,6389365ca7eb67393deea00e84e35b39c9625683305a97f9e55be302806060f2,33f5b36a2bf5a1f9d812aa19df5c64bbc173bd07288b672a15647baa1fa643fa,0.00582890638466911,3.3306690738754696e-16
flywire_783_mb_left_kc512_s701,544,incoming_l1,role_shuffled,0,yoked_reward,0.03,coefficients_only,45,5,0.44221105527638194,6389365ca7eb67393deea00e84e35b39c9625683305a97f9e55be302806060f2,8105b58d41b28cfac99dfb632e18f5c6f0b1b3f43cedbe110abb55965a29da50,0.00582890638466911,3.3306690738754696e-16
flywire_783_mb_left_kc512_s701,544,incoming_l1,role_shuffled,0,yoked_reward,0.03,full_refit,45,5,0.4371859296482412,6389365ca7eb67393deea00e84e35b39c9625683305a97f9e55be302806060f2,cf19c63905a60d30d45b10a353f5eb436d48a0e0cbef57204997e11776dcc798,0.00582890638466911,3.3306690738754696e-16
flywire_783_mb_left_kc512_s701,544,incoming_l1,role_shuffled,0,yoked_reward,0.1,fixed,45,1,0.2814070351758794,c6ddf74e3224fb1efa0336f9638703aa6c0342a929cc74068acefb5d6a0fed0f,711f227506a58d55a33a9ac182e51502eebf1ac58d65792ae1635dfcbe8af17c,0.019429687948897045,2.220446049250313e-16
flywire_783_mb_left_kc512_s701,544,incoming_l1,role_shuffled,0,yoked_reward,0.1,stats_only,45,3,0.35175879396984927,c6ddf74e3224fb1efa0336f9638703aa6c0342a929cc74068acefb5d6a0fed0f,13e57612323b8f2d79a6790699b488a869037ebb94270dd15518c419e85b259c,0.019429687948897045,2.220446049250313e-16
flywire_783_mb_left_kc512_s701,544,incoming_l1,role_shuffled,0,yoked_reward,0.1,coefficients_only,45,5,0.4472361809045226,c6ddf74e3224fb1efa0336f9638703aa6c0342a929cc74068acefb5d6a0fed0f,d213fcaaf907bed9a55d2af05d63a9eef3d356392028991691e6b2836f7a8a99,0.019429687948897045,2.220446049250313e-16
flywire_783_mb_left_kc512_s701,544,incoming_l1,role_shuffled,0,yoked_reward,0.1,full_refit,45,5,0.4321608040201005,c6ddf74e3224fb1efa0336f9638703aa6c0342a929cc74068acefb5d6a0fed0f,a56627c63de8d314f5f5edce01e1d36cc1c79cac55e1a4b55bd9c0e020cc08c1,0.019429687948897045,2.220446049250313e-16
flywire_783_mb_left_kc512_s701,544,incoming_l1,role_shuffled,0,yoked_reward,0.3,fixed,45,0,0.19095477386934673,70c22c29e757caa4c481879c10fedf11ec1f7b0a7c5dd009fbd2eaee90ef347e,711f227506a58d55a33a9ac182e51502eebf1ac58d65792ae1635dfcbe8af17c,0.05828906384669113,4.440892098500626e-16
flywire_783_mb_left_kc512_s701,544,incoming_l1,role_shuffled,0,yoked_reward,0.3,stats_only,45,0,0.22613065326633167,70c22c29e757caa4c481879c10fedf11ec1f7b0a7c5dd009fbd2eaee90ef347e,d84d01feb9056a3edfaf3128396bcbd518825f3a1d86b771f7e0004ea6fd6eb0,0.05828906384669113,4.440892098500626e-16
flywire_783_mb_left_kc512_s701,544,incoming_l1,role_shuffled,0,yoked_reward,0.3,coefficients_only,45,5,0.4371859296482412,70c22c29e757caa4c481879c10fedf11ec1f7b0a7c5dd009fbd2eaee90ef347e,05ff258b0af0f8c7b2c7ea3c87dc60bb3f508a6c31989c4b8a982f7a2bb7c04c,0.05828906384669113,4.440892098500626e-16
flywire_783_mb_left_kc512_s701,544,incoming_l1,role_shuffled,0,yoked_reward,0.3,full_refit,45,5,0.4321608040201005,70c22c29e757caa4c481879c10fedf11ec1f7b0a7c5dd009fbd2eaee90ef347e,a34dea4b582752515dac5008e599fb22342684433b26016f908cfa3a4bdfa119,0.05828906384669113,4.440892098500626e-16
flywire_783_mb_left_kc512_s701,544,incoming_l1,role_shuffled,0,yoked_reward,1.0,fixed,45,0,0.1507537688442211,dcef326182416d842c55e45314de80eb421c177df5f78d309310afe6ce1c61d4,711f227506a58d55a33a9ac182e51502eebf1ac58d65792ae1635dfcbe8af17c,0.19429687948897043,1.4432899320127035e-15
flywire_783_mb_left_kc512_s701,544,incoming_l1,role_shuffled,0,yoked_reward,1.0,stats_only,45,0,0.17587939698492464,dcef326182416d842c55e45314de80eb421c177df5f78d309310afe6ce1c61d4,292fb0a18dba3a737dd16c2dc1afdccec2dab9de07016e2cedb14192ffc445b1,0.19429687948897043,1.4432899320127035e-15
flywire_783_mb_left_kc512_s701,544,incoming_l1,role_shuffled,0,yoked_reward,1.0,coefficients_only,45,5,0.4371859296482412,dcef326182416d842c55e45314de80eb421c177df5f78d309310afe6ce1c61d4,e7339bd595f886bd7277c87a5b4ce5629be9b395051067ec2402bd5f9b5a7ba0,0.19429687948897043,1.4432899320127035e-15
flywire_783_mb_left_kc512_s701,544,incoming_l1,role_shuffled,0,yoked_reward,1.0,full_refit,45,5,0.44221105527638194,dcef326182416d842c55e45314de80eb421c177df5f78d309310afe6ce1c61d4,9479e3ac9778b97ca1f607aa6c806c2c29ada44d70fc1e71d7fca8ddae80eb0e,0.19429687948897043,1.4432899320127035e-15
flywire_783_mb_left_kc512_s701,544,incoming_l1,role_shuffled,3,reward_trace,0.0,fixed,46,5,0.44221105527638194,b19a7e6cbd8fe4ca986e4f6b2e99b41d5d9dc8c56c0381f14ae04c6139004ff7,711f227506a58d55a33a9ac182e51502eebf1ac58d65792ae1635dfcbe8af17c,0.0,0.0
flywire_783_mb_left_kc512_s701,544,incoming_l1,role_shuffled,3,reward_trace,0.0,stats_only,46,5,0.44221105527638194,b19a7e6cbd8fe4ca986e4f6b2e99b41d5d9dc8c56c0381f14ae04c6139004ff7,711f227506a58d55a33a9ac182e51502eebf1ac58d65792ae1635dfcbe8af17c,0.0,0.0
flywire_783_mb_left_kc512_s701,544,incoming_l1,role_shuffled,3,reward_trace,0.0,coefficients_only,46,5,0.44221105527638194,b19a7e6cbd8fe4ca986e4f6b2e99b41d5d9dc8c56c0381f14ae04c6139004ff7,711f227506a58d55a33a9ac182e51502eebf1ac58d65792ae1635dfcbe8af17c,0.0,0.0
flywire_783_mb_left_kc512_s701,544,incoming_l1,role_shuffled,3,reward_trace,0.0,full_refit,46,5,0.44221105527638194,b19a7e6cbd8fe4ca986e4f6b2e99b41d5d9dc8c56c0381f14ae04c6139004ff7,711f227506a58d55a33a9ac182e51502eebf1ac58d65792ae1635dfcbe8af17c,0.0,0.0
flywire_783_mb_left_kc512_s701,544,incoming_l1,role_shuffled,3,reward_trace,0.01,fixed,46,5,0.47738693467336685,c1d38bbc7a411d1ce340dfd025e9572f47e330f081ca87cc5545674f95d286f2,711f227506a58d55a33a9ac182e51502eebf1ac58d65792ae1635dfcbe8af17c,0.0017878828462276413,4.440892098500626e-16
flywire_783_mb_left_kc512_s701,544,incoming_l1,role_shuffled,3,reward_trace,0.01,stats_only,46,5,0.44221105527638194,c1d38bbc7a411d1ce340dfd025e9572f47e330f081ca87cc5545674f95d286f2,e667d1da34264e8c1d9870363d2518173981c4e23f4779b03ada9514b350d376,0.0017878828462276413,4.440892098500626e-16
flywire_783_mb_left_kc512_s701,544,incoming_l1,role_shuffled,3,reward_trace,0.01,coefficients_only,46,5,0.4371859296482412,c1d38bbc7a411d1ce340dfd025e9572f47e330f081ca87cc5545674f95d286f2,5d4641e53ac57958c762755af7cd8d69eb5f372eda52aa6091815a4d92b461e6,0.0017878828462276413,4.440892098500626e-16
flywire_783_mb_left_kc512_s701,544,incoming_l1,role_shuffled,3,reward_trace,0.01,full_refit,46,5,0.4371859296482412,c1d38bbc7a411d1ce340dfd025e9572f47e330f081ca87cc5545674f95d286f2,5441d4a11d49abecfe26b64902c8efaad4be8b9b169c11094c78b47694e52e11,0.0017878828462276413,4.440892098500626e-16
flywire_783_mb_left_kc512_s701,544,incoming_l1,role_shuffled,3,reward_trace,0.03,fixed,46,9,0.45226130653266333,fa079d194167a6e42d1712df907db97bfab98202076dba080863f041799b5bbf,711f227506a58d55a33a9ac182e51502eebf1ac58d65792ae1635dfcbe8af17c,0.00536364853868292,2.220446049250313e-16
flywire_783_mb_left_kc512_s701,544,incoming_l1,role_shuffled,3,reward_trace,0.03,stats_only,46,5,0.4321608040201005,fa079d194167a6e42d1712df907db97bfab98202076dba080863f041799b5bbf,9a508e1b6de443f1b9a1e6bc7ee496d497868e3755a617e07dc5053c98520a4e,0.00536364853868292,2.220446049250313e-16
flywire_783_mb_left_kc512_s701,544,incoming_l1,role_shuffled,3,reward_trace,0.03,coefficients_only,46,5,0.4371859296482412,fa079d194167a6e42d1712df907db97bfab98202076dba080863f041799b5bbf,9ae04512a38e4775cc73e18daa61504aa09becdc43fd81f9ebedcc7fdea02930,0.00536364853868292,2.220446049250313e-16
flywire_783_mb_left_kc512_s701,544,incoming_l1,role_shuffled,3,reward_trace,0.03,full_refit,46,5,0.4371859296482412,fa079d194167a6e42d1712df907db97bfab98202076dba080863f041799b5bbf,77a6eada9c23c4119ec536af8021031824274487530fb8f4131b1a035a28b3cf,0.00536364853868292,2.220446049250313e-16
flywire_783_mb_left_kc512_s701,544,incoming_l1,role_shuffled,3,reward_trace,0.1,fixed,46,4,0.2914572864321608,04ffbb6764c6d97e04e67c7c2572479b175f59046474746b597b954be216ce18,711f227506a58d55a33a9ac182e51502eebf1ac58d65792ae1635dfcbe8af17c,0.017878828462276404,3.3306690738754696e-16
flywire_783_mb_left_kc512_s701,544,incoming_l1,role_shuffled,3,reward_trace,0.1,stats_only,46,1,0.35175879396984927,04ffbb6764c6d97e04e67c7c2572479b175f59046474746b597b954be216ce18,f798dd77b4cfb744ae9d1bd9eaa8d6e2abeb28f7aca5961b053bfa8e1db37992,0.017878828462276404,3.3306690738754696e-16
flywire_783_mb_left_kc512_s701,544,incoming_l1,role_shuffled,3,reward_trace,0.1,coefficients_only,46,5,0.4472361809045226,04ffbb6764c6d97e04e67c7c2572479b175f59046474746b597b954be216ce18,35c28e76e4f186d9daa90052dcd9b0a66e06d0b9e75202136000274c2071e954,0.017878828462276404,3.3306690738754696e-16
flywire_783_mb_left_kc512_s701,544,incoming_l1,role_shuffled,3,reward_trace,0.1,full_refit,46,5,0.4472361809045226,04ffbb6764c6d97e04e67c7c2572479b175f59046474746b597b954be216ce18,0e273f22a8f00d282c1cd51b1ea4f60d6b7b5238998c35572fffad49966e63af,0.017878828462276404,3.3306690738754696e-16
flywire_783_mb_left_kc512_s701,544,incoming_l1,role_shuffled,3,reward_trace,0.3,fixed,46,1,0.17587939698492464,a03ca043a29c1d3828b681788a219d811918a77e9d19a15b9f90c11b20ec649c,711f227506a58d55a33a9ac182e51502eebf1ac58d65792ae1635dfcbe8af17c,0.05363648538682922,4.440892098500626e-16
flywire_783_mb_left_kc512_s701,544,incoming_l1,role_shuffled,3,reward_trace,0.3,stats_only,46,1,0.21105527638190955,a03ca043a29c1d3828b681788a219d811918a77e9d19a15b9f90c11b20ec649c,7b328293acec52d35fba7e40a8f8049abcd0cf3fd84f587e9fcec5255f7ad35a,0.05363648538682922,4.440892098500626e-16
flywire_783_mb_left_kc512_s701,544,incoming_l1,role_shuffled,3,reward_trace,0.3,coefficients_only,46,5,0.4371859296482412,a03ca043a29c1d3828b681788a219d811918a77e9d19a15b9f90c11b20ec649c,44abc9960a6730211b80c8d1f88116203b69c0756c78051941d3fddb711a9f47,0.05363648538682922,4.440892098500626e-16
flywire_783_mb_left_kc512_s701,544,incoming_l1,role_shuffled,3,reward_trace,0.3,full_refit,46,5,0.44221105527638194,a03ca043a29c1d3828b681788a219d811918a77e9d19a15b9f90c11b20ec649c,3d2e71e06df92b286244d832ea1a4ab333b05d957f699c33d322014d7a1c81ad,0.05363648538682922,4.440892098500626e-16
flywire_783_mb_left_kc512_s701,544,incoming_l1,role_shuffled,3,reward_trace,1.0,fixed,46,1,0.1306532663316583,6cc7b9bee8670fd890b1d707ea2deeb58aa8d4cedeef156e508a45f1d5c3d653,711f227506a58d55a33a9ac182e51502eebf1ac58d65792ae1635dfcbe8af17c,0.17878828462276405,1.3322676295501878e-15
flywire_783_mb_left_kc512_s701,544,incoming_l1,role_shuffled,3,reward_trace,1.0,stats_only,46,1,0.1407035175879397,6cc7b9bee8670fd890b1d707ea2deeb58aa8d4cedeef156e508a45f1d5c3d653,f8a74b3b5d019b72e72bd211ff2d1107ab7d0c40e3678c486d88d557148efd6c,0.17878828462276405,1.3322676295501878e-15
flywire_783_mb_left_kc512_s701,544,incoming_l1,role_shuffled,3,reward_trace,1.0,coefficients_only,46,5,0.45226130653266333,6cc7b9bee8670fd890b1d707ea2deeb58aa8d4cedeef156e508a45f1d5c3d653,388583e799c4d6ca242026e55038b26c09cba4044f9682ffcdd3a1c733499e6f,0.17878828462276405,1.3322676295501878e-15
flywire_783_mb_left_kc512_s701,544,incoming_l1,role_shuffled,3,reward_trace,1.0,full_refit,46,5,0.4623115577889447,6cc7b9bee8670fd890b1d707ea2deeb58aa8d4cedeef156e508a45f1d5c3d653,a315a6dafa3f7a8433cb73f13694d0a69a08a793397c081eb993c9fe25132f0d,0.17878828462276405,1.3322676295501878e-15
flywire_783_mb_left_kc512_s701,544,incoming_l1,role_shuffled,3,yoked_reward,0.0,fixed,47,5,0.44221105527638194,b19a7e6cbd8fe4ca986e4f6b2e99b41d5d9dc8c56c0381f14ae04c6139004ff7,711f227506a58d55a33a9ac182e51502eebf1ac58d65792ae1635dfcbe8af17c,0.0,0.0
flywire_783_mb_left_kc512_s701,544,incoming_l1,role_shuffled,3,yoked_reward,0.0,stats_only,47,5,0.44221105527638194,b19a7e6cbd8fe4ca986e4f6b2e99b41d5d9dc8c56c0381f14ae04c6139004ff7,711f227506a58d55a33a9ac182e51502eebf1ac58d65792ae1635dfcbe8af17c,0.0,0.0
flywire_783_mb_left_kc512_s701,544,incoming_l1,role_shuffled,3,yoked_reward,0.0,coefficients_only,47,5,0.44221105527638194,b19a7e6cbd8fe4ca986e4f6b2e99b41d5d9dc8c56c0381f14ae04c6139004ff7,711f227506a58d55a33a9ac182e51502eebf1ac58d65792ae1635dfcbe8af17c,0.0,0.0
flywire_783_mb_left_kc512_s701,544,incoming_l1,role_shuffled,3,yoked_reward,0.0,full_refit,47,5,0.44221105527638194,b19a7e6cbd8fe4ca986e4f6b2e99b41d5d9dc8c56c0381f14ae04c6139004ff7,711f227506a58d55a33a9ac182e51502eebf1ac58d65792ae1635dfcbe8af17c,0.0,0.0
flywire_783_mb_left_kc512_s701,544,incoming_l1,role_shuffled,3,yoked_reward,0.01,fixed,47,5,0.4472361809045226,6e11833a8400a5c1bddd5fba6a1597f057515558986edbc1cd7fa79475aff063,711f227506a58d55a33a9ac182e51502eebf1ac58d65792ae1635dfcbe8af17c,0.0016755908113720366,2.220446049250313e-16
flywire_783_mb_left_kc512_s701,544,incoming_l1,role_shuffled,3,yoked_reward,0.01,stats_only,47,5,0.4321608040201005,6e11833a8400a5c1bddd5fba6a1597f057515558986edbc1cd7fa79475aff063,f34cfb65587444d1623d3e4dc82add7fbc3f1017247e41e73188807bc46aa9a1,0.0016755908113720366,2.220446049250313e-16
flywire_783_mb_left_kc512_s701,544,incoming_l1,role_shuffled,3,yoked_reward,0.01,coefficients_only,47,5,0.4371859296482412,6e11833a8400a5c1bddd5fba6a1597f057515558986edbc1cd7fa79475aff063,61e38e06bc19801b4b62d48d9a74fb67306eb4c4eaa44dae4b140777b94945f3,0.0016755908113720366,2.220446049250313e-16
flywire_783_mb_left_kc512_s701,544,incoming_l1,role_shuffled,3,yoked_reward,0.01,full_refit,47,5,0.44221105527638194,6e11833a8400a5c1bddd5fba6a1597f057515558986edbc1cd7fa79475aff063,a64001ad1ef63662b97ba11a197353350293ecb327d11e79bec2e84a1387e6b0,0.0016755908113720366,2.220446049250313e-16
flywire_783_mb_left_kc512_s701,544,incoming_l1,role_shuffled,3,yoked_reward,0.03,fixed,47,5,0.4221105527638191,67d14ac485f174e18012836585246b1fef4bc35173d3618c962f5d1853de0e56,711f227506a58d55a33a9ac182e51502eebf1ac58d65792ae1635dfcbe8af17c,0.0050267724341160995,2.220446049250313e-16
flywire_783_mb_left_kc512_s701,544,incoming_l1,role_shuffled,3,yoked_reward,0.03,stats_only,47,5,0.4623115577889447,67d14ac485f174e18012836585246b1fef4bc35173d3618c962f5d1853de0e56,ae9c1eb7bcd8444007b5cbb27bb8bdc9e517d4c9a38a6dbbefe462f0f38d4a56,0.0050267724341160995,2.220446049250313e-16
flywire_783_mb_left_kc512_s701,544,incoming_l1,role_shuffled,3,yoked_reward,0.03,coefficients_only,47,5,0.44221105527638194,67d14ac485f174e18012836585246b1fef4bc35173d3618c962f5d1853de0e56,787a137cbd5f1362de3663a92f381cece12fb24c558bca36a537c1e1d89a7e8d,0.0050267724341160995,2.220446049250313e-16
flywire_783_mb_left_kc512_s701,544,incoming_l1,role_shuffled,3,yoked_reward,0.03,full_refit,47,5,0.44221105527638194,67d14ac485f174e18012836585246b1fef4bc35173d3618c962f5d1853de0e56,d9cf2ccd80644e6136a2cd85f9522656d502a8d815b2eec4c993ef1e487cc168,0.0050267724341160995,2.220446049250313e-16
flywire_783_mb_left_kc512_s701,544,incoming_l1,role_shuffled,3,yoked_reward,0.1,fixed,47,1,0.271356783919598,cd783648340f9c49acd453a4762fdeabea979416bfb71bdf6953877555991afa,711f227506a58d55a33a9ac182e51502eebf1ac58d65792ae1635dfcbe8af17c,0.01675590811372035,4.440892098500626e-16
flywire_783_mb_left_kc512_s701,544,incoming_l1,role_shuffled,3,yoked_reward,0.1,stats_only,47,1,0.4020100502512563,cd783648340f9c49acd453a4762fdeabea979416bfb71bdf6953877555991afa,37ad0eb252d4df0ca2df8060eca151a6807abf93ddf285eac3d4a262a440b07d,0.01675590811372035,4.440892098500626e-16
flywire_783_mb_left_kc512_s701,544,incoming_l1,role_shuffled,3,yoked_reward,0.1,coefficients_only,47,5,0.44221105527638194,cd783648340f9c49acd453a4762fdeabea979416bfb71bdf6953877555991afa,0acfbfe71a96aee1ed7bc47777ede35460191ab7cc5fcece9ded11d147245394,0.01675590811372035,4.440892098500626e-16
flywire_783_mb_left_kc512_s701,544,incoming_l1,role_shuffled,3,yoked_reward,0.1,full_refit,47,5,0.44221105527638194,cd783648340f9c49acd453a4762fdeabea979416bfb71bdf6953877555991afa,e6f77f13eda0da26c90d832009bb47f0983c5820e05d4884abe14e2cdb6bf031,0.01675590811372035,4.440892098500626e-16
flywire_783_mb_left_kc512_s701,544,incoming_l1,role_shuffled,3,yoked_reward,0.3,fixed,47,0,0.18592964824120603,c5f74172f938fec48b8ad9f7fadbc08e051ea6bcecdae8cb0ef8172acc1a6b5c,711f227506a58d55a33a9ac182e51502eebf1ac58d65792ae1635dfcbe8af17c,0.05026772434116103,3.3306690738754696e-16
flywire_783_mb_left_kc512_s701,544,incoming_l1,role_shuffled,3,yoked_reward,0.3,stats_only,47,0,0.2613065326633166,c5f74172f938fec48b8ad9f7fadbc08e051ea6bcecdae8cb0ef8172acc1a6b5c,634c9273f62e6481d450bc1271f7fe77bbb41be9d9e60ce0ea3c810939d1ac05,0.05026772434116103,3.3306690738754696e-16
flywire_783_mb_left_kc512_s701,544,incoming_l1,role_shuffled,3,yoked_reward,0.3,coefficients_only,47,5,0.4371859296482412,c5f74172f938fec48b8ad9f7fadbc08e051ea6bcecdae8cb0ef8172acc1a6b5c,9f7273cfbd413e4d1026b13a74b7fb7ea1853f0e61b8066700535367fe244b7c,0.05026772434116103,3.3306690738754696e-16
flywire_783_mb_left_kc512_s701,544,incoming_l1,role_shuffled,3,yoked_reward,0.3,full_refit,47,5,0.4221105527638191,c5f74172f938fec48b8ad9f7fadbc08e051ea6bcecdae8cb0ef8172acc1a6b5c,c569c41def7543280715250efd743c9a39e60eb0aef809af417664415f329632,0.05026772434116103,3.3306690738754696e-16
flywire_783_mb_left_kc512_s701,544,incoming_l1,role_shuffled,3,yoked_reward,1.0,fixed,47,0,0.1407035175879397,2365bd06e4f0b0f47336b4e27f0683ad1bccc4c1cd0512ba3f29f40b10d6ef09,711f227506a58d55a33a9ac182e51502eebf1ac58d65792ae1635dfcbe8af17c,0.16755908113720341,1.2212453270876722e-15
flywire_783_mb_left_kc512_s701,544,incoming_l1,role_shuffled,3,yoked_reward,1.0,stats_only,47,0,0.17587939698492464,2365bd06e4f0b0f47336b4e27f0683ad1bccc4c1cd0512ba3f29f40b10d6ef09,19fc91b52b4360e359d4884a34a5fa4d6b57554f3cf47637fe64e3bcb3a9ad56,0.16755908113720341,1.2212453270876722e-15
flywire_783_mb_left_kc512_s701,544,incoming_l1,role_shuffled,3,yoked_reward,1.0,coefficients_only,47,10,0.4623115577889447,2365bd06e4f0b0f47336b4e27f0683ad1bccc4c1cd0512ba3f29f40b10d6ef09,cb5c0b407320dd5d8be1a76de0ced3fe4d418259d69952e3641e8823ca844508,0.16755908113720341,1.2212453270876722e-15
flywire_783_mb_left_kc512_s701,544,incoming_l1,role_shuffled,3,yoked_reward,1.0,full_refit,47,10,0.45226130653266333,2365bd06e4f0b0f47336b4e27f0683ad1bccc4c1cd0512ba3f29f40b10d6ef09,2ed06046685b43ad75e7a31cefc5e7a2c5fa8c2f103cf1a6fb8aba0252a41c01,0.16755908113720341,1.2212453270876722e-15
flywire_783_mb_left_kc512_s702,542,spectral,fly,0,reward_trace,0.0,fixed,48,6,0.4321608040201005,bab5e5454fcd56276ce61715151bfe0821c27b7128a2540e55b6ac95744c1e6d,7d7abb928632b36e9d95273a6f9867e6bce767ecab77d6738469f30c0a5e72e4,0.0,0.0
flywire_783_mb_left_kc512_s702,542,spectral,fly,0,reward_trace,0.0,stats_only,48,6,0.4321608040201005,bab5e5454fcd56276ce61715151bfe0821c27b7128a2540e55b6ac95744c1e6d,7d7abb928632b36e9d95273a6f9867e6bce767ecab77d6738469f30c0a5e72e4,0.0,0.0
flywire_783_mb_left_kc512_s702,542,spectral,fly,0,reward_trace,0.0,coefficients_only,48,6,0.4321608040201005,bab5e5454fcd56276ce61715151bfe0821c27b7128a2540e55b6ac95744c1e6d,7d7abb928632b36e9d95273a6f9867e6bce767ecab77d6738469f30c0a5e72e4,0.0,0.0
flywire_783_mb_left_kc512_s702,542,spectral,fly,0,reward_trace,0.0,full_refit,48,6,0.4321608040201005,bab5e5454fcd56276ce61715151bfe0821c27b7128a2540e55b6ac95744c1e6d,7d7abb928632b36e9d95273a6f9867e6bce767ecab77d6738469f30c0a5e72e4,0.0,0.0
flywire_783_mb_left_kc512_s702,542,spectral,fly,0,reward_trace,0.01,fixed,48,6,0.4321608040201005,9aadd0879a3f4f0e805e5e817314d46f67d302ccaa4b470aa86ee3239dd419c3,7d7abb928632b36e9d95273a6f9867e6bce767ecab77d6738469f30c0a5e72e4,0.0019440989874999278,4.440892098500626e-16
flywire_783_mb_left_kc512_s702,542,spectral,fly,0,reward_trace,0.01,stats_only,48,6,0.4321608040201005,9aadd0879a3f4f0e805e5e817314d46f67d302ccaa4b470aa86ee3239dd419c3,d9b779ce8ae2d3aa389100ed6a9fe27a8c6cc4913ccf745b5d4e2b178a479b73,0.0019440989874999278,4.440892098500626e-16
flywire_783_mb_left_kc512_s702,542,spectral,fly,0,reward_trace,0.01,coefficients_only,48,6,0.4321608040201005,9aadd0879a3f4f0e805e5e817314d46f67d302ccaa4b470aa86ee3239dd419c3,fba5d67225ffa084c3d599acb0e7a3fbfbed0f159f264a921684a4a7d305535e,0.0019440989874999278,4.440892098500626e-16
flywire_783_mb_left_kc512_s702,542,spectral,fly,0,reward_trace,0.01,full_refit,48,6,0.4321608040201005,9aadd0879a3f4f0e805e5e817314d46f67d302ccaa4b470aa86ee3239dd419c3,a8fd66c6f36943f46eaf679898c4d6ead8a1733b5fc8b2032541945b9e39cf84,0.0019440989874999278,4.440892098500626e-16
flywire_783_mb_left_kc512_s702,542,spectral,fly,0,reward_trace,0.03,fixed,48,9,0.4371859296482412,0bf07168dd084fe79e7ecf412336604834011d8c701e9d478fd7b316e1c28ba0,7d7abb928632b36e9d95273a6f9867e6bce767ecab77d6738469f30c0a5e72e4,0.005832296962499781,4.440892098500626e-16
flywire_783_mb_left_kc512_s702,542,spectral,fly,0,reward_trace,0.03,stats_only,48,9,0.4371859296482412,0bf07168dd084fe79e7ecf412336604834011d8c701e9d478fd7b316e1c28ba0,e8198acc5f8c7c956d60b4c43a69f90d71809ad2b4806419449d6466e445b363,0.005832296962499781,4.440892098500626e-16
flywire_783_mb_left_kc512_s702,542,spectral,fly,0,reward_trace,0.03,coefficients_only,48,6,0.4371859296482412,0bf07168dd084fe79e7ecf412336604834011d8c701e9d478fd7b316e1c28ba0,0db5235b91856becefe2a40c99efe8d2379fa4e7ff714085b02baabaf024271a,0.005832296962499781,4.440892098500626e-16
flywire_783_mb_left_kc512_s702,542,spectral,fly,0,reward_trace,0.03,full_refit,48,6,0.4371859296482412,0bf07168dd084fe79e7ecf412336604834011d8c701e9d478fd7b316e1c28ba0,3e93c3663a0efe0ccb9784e0427afbbd495d225f64ad9acac5434590afe61e29,0.005832296962499781,4.440892098500626e-16
flywire_783_mb_left_kc512_s702,542,spectral,fly,0,reward_trace,0.1,fixed,48,2,0.36180904522613067,1e60843af8c4e87357363507cd6e489f905ba262d124652c87c75ed2839659d7,7d7abb928632b36e9d95273a6f9867e6bce767ecab77d6738469f30c0a5e72e4,0.019440989874999277,4.440892098500626e-16
flywire_783_mb_left_kc512_s702,542,spectral,fly,0,reward_trace,0.1,stats_only,48,9,0.4221105527638191,1e60843af8c4e87357363507cd6e489f905ba262d124652c87c75ed2839659d7,b056126cc22ce177ff58ffd90357823fe53637b578ada613ac4f867c848e1e2f,0.019440989874999277,4.440892098500626e-16
flywire_783_mb_left_kc512_s702,542,spectral,fly,0,reward_trace,0.1,coefficients_only,48,6,0.4472361809045226,1e60843af8c4e87357363507cd6e489f905ba262d124652c87c75ed2839659d7,ba68f30295ca6982569086441715c24bba6ada10f98976551f86e8c3a49b676e,0.019440989874999277,4.440892098500626e-16
flywire_783_mb_left_kc512_s702,542,spectral,fly,0,reward_trace,0.1,full_refit,48,6,0.4472361809045226,1e60843af8c4e87357363507cd6e489f905ba262d124652c87c75ed2839659d7,c4b1d792b771c486d4f40683d89dcd71d6cab04f437ec68a7ccd7a04fa66a001,0.019440989874999277,4.440892098500626e-16
flywire_783_mb_left_kc512_s702,542,spectral,fly,0,reward_trace,0.3,fixed,48,2,0.31155778894472363,39041a2648488fb34e0dc5e801349025758c52dd840baa1ecb37465cd449faac,7d7abb928632b36e9d95273a6f9867e6bce767ecab77d6738469f30c0a5e72e4,0.05832296962499784,1.3322676295501878e-15
flywire_783_mb_left_kc512_s702,542,spectral,fly,0,reward_trace,0.3,stats_only,48,1,0.33668341708542715,39041a2648488fb34e0dc5e801349025758c52dd840baa1ecb37465cd449faac,d7895efc7288500d327c362268c488750af239683dadd93f70d5c61c2eea643a,0.05832296962499784,1.3322676295501878e-15
flywire_783_mb_left_kc512_s702,542,spectral,fly,0,reward_trace,0.3,coefficients_only,48,6,0.45226130653266333,39041a2648488fb34e0dc5e801349025758c52dd840baa1ecb37465cd449faac,e04363c64f96c93afd7a93c9e4cfe9a9f48b0e03f618c3968d3835c4632aa30a,0.05832296962499784,1.3322676295501878e-15
flywire_783_mb_left_kc512_s702,542,spectral,fly,0,reward_trace,0.3,full_refit,48,6,0.4472361809045226,39041a2648488fb34e0dc5e801349025758c52dd840baa1ecb37465cd449faac,f224df90d69eb2dba4288b4e44955b719eebf641c58fae4265ab5eac05edf27d,0.05832296962499784,1.3322676295501878e-15
flywire_783_mb_left_kc512_s702,542,spectral,fly,0,reward_trace,1.0,fixed,48,0,0.20603015075376885,7bd1305c37a7ce714bb8a057f80974070adac131fafb5709d157c573a99f2b77,7d7abb928632b36e9d95273a6f9867e6bce767ecab77d6738469f30c0a5e72e4,0.19440989874999276,2.6645352591003757e-15
flywire_783_mb_left_kc512_s702,542,spectral,fly,0,reward_trace,1.0,stats_only,48,1,0.19597989949748743,7bd1305c37a7ce714bb8a057f80974070adac131fafb5709d157c573a99f2b77,708f115c0eb288f59a0dae41b962c426cb85341c2fad7844c1e43ad227a5520d,0.19440989874999276,2.6645352591003757e-15
flywire_783_mb_left_kc512_s702,542,spectral,fly,0,reward_trace,1.0,coefficients_only,48,5,0.4321608040201005,7bd1305c37a7ce714bb8a057f80974070adac131fafb5709d157c573a99f2b77,9557314227597bebcab9a67d96e43e4275d1bf7908f7d758ef6aebf6e379c438,0.19440989874999276,2.6645352591003757e-15
flywire_783_mb_left_kc512_s702,542,spectral,fly,0,reward_trace,1.0,full_refit,48,5,0.4321608040201005,7bd1305c37a7ce714bb8a057f80974070adac131fafb5709d157c573a99f2b77,5a0767c51634c56b48a2d2698b5d725232ec6bc051b60d842153818c2779ef06,0.19440989874999276,2.6645352591003757e-15
flywire_783_mb_left_kc512_s702,542,spectral,fly,0,yoked_reward,0.0,fixed,49,6,0.4321608040201005,bab5e5454fcd56276ce61715151bfe0821c27b7128a2540e55b6ac95744c1e6d,7d7abb928632b36e9d95273a6f9867e6bce767ecab77d6738469f30c0a5e72e4,0.0,0.0
flywire_783_mb_left_kc512_s702,542,spectral,fly,0,yoked_reward,0.0,stats_only,49,6,0.4321608040201005,bab5e5454fcd56276ce61715151bfe0821c27b7128a2540e55b6ac95744c1e6d,7d7abb928632b36e9d95273a6f9867e6bce767ecab77d6738469f30c0a5e72e4,0.0,0.0
flywire_783_mb_left_kc512_s702,542,spectral,fly,0,yoked_reward,0.0,coefficients_only,49,6,0.4321608040201005,bab5e5454fcd56276ce61715151bfe0821c27b7128a2540e55b6ac95744c1e6d,7d7abb928632b36e9d95273a6f9867e6bce767ecab77d6738469f30c0a5e72e4,0.0,0.0
flywire_783_mb_left_kc512_s702,542,spectral,fly,0,yoked_reward,0.0,full_refit,49,6,0.4321608040201005,bab5e5454fcd56276ce61715151bfe0821c27b7128a2540e55b6ac95744c1e6d,7d7abb928632b36e9d95273a6f9867e6bce767ecab77d6738469f30c0a5e72e4,0.0,0.0
flywire_783_mb_left_kc512_s702,542,spectral,fly,0,yoked_reward,0.01,fixed,49,6,0.44221105527638194,83b2fc884afa276664f2f7bfe6828d34584471d660246ed8a96c139665cb85da,7d7abb928632b36e9d95273a6f9867e6bce767ecab77d6738469f30c0a5e72e4,0.0021173233681147886,4.440892098500626e-16
flywire_783_mb_left_kc512_s702,542,spectral,fly,0,yoked_reward,0.01,stats_only,49,5,0.4271356783919598,83b2fc884afa276664f2f7bfe6828d34584471d660246ed8a96c139665cb85da,d2e1ecbabfb9b7415d256e4a1e2a15708a833a8b64af2e9c076a01cd914001c8,0.0021173233681147886,4.440892098500626e-16
flywire_783_mb_left_kc512_s702,542,spectral,fly,0,yoked_reward,0.01,coefficients_only,49,6,0.4371859296482412,83b2fc884afa276664f2f7bfe6828d34584471d660246ed8a96c139665cb85da,54f4763306542019ed1bc00995495489ecde21959ae0884ce58a915e36fe2dbf,0.0021173233681147886,4.440892098500626e-16
flywire_783_mb_left_kc512_s702,542,spectral,fly,0,yoked_reward,0.01,full_refit,49,6,0.4371859296482412,83b2fc884afa276664f2f7bfe6828d34584471d660246ed8a96c139665cb85da,c151f224a2b6c47eb30dc2652a21ff816ff839420bd16e6e4f5e29f691d6c1bc,0.0021173233681147886,4.440892098500626e-16
flywire_783_mb_left_kc512_s702,542,spectral,fly,0,yoked_reward,0.03,fixed,49,2,0.4371859296482412,08a619dd7c50e0c32562076cb23d42a5a0d26f4d493d1c18fccc884f36ed2895,7d7abb928632b36e9d95273a6f9867e6bce767ecab77d6738469f30c0a5e72e4,0.0063519701043443615,8.881784197001252e-16
flywire_783_mb_left_kc512_s702,542,spectral,fly,0,yoked_reward,0.03,stats_only,49,5,0.4271356783919598,08a619dd7c50e0c32562076cb23d42a5a0d26f4d493d1c18fccc884f36ed2895,911c85fe7dabef52ebb4705dd45dc409a0df2748e5394a0a33b83762ba0fe89d,0.0063519701043443615,8.881784197001252e-16
flywire_783_mb_left_kc512_s702,542,spectral,fly,0,yoked_reward,0.03,coefficients_only,49,6,0.4371859296482412,08a619dd7c50e0c32562076cb23d42a5a0d26f4d493d1c18fccc884f36ed2895,fa7653af8a1bd090f82a9651a5e10c9879d500bdaa3ed1b40c50b03f3f66bf0b,0.0063519701043443615,8.881784197001252e-16
flywire_783_mb_left_kc512_s702,542,spectral,fly,0,yoked_reward,0.03,full_refit,49,6,0.4371859296482412,08a619dd7c50e0c32562076cb23d42a5a0d26f4d493d1c18fccc884f36ed2895,980caa851d07378fa89641304dfdce3b10b0bb138bbb85bda3aa6d4297e117e8,0.0063519701043443615,8.881784197001252e-16
flywire_783_mb_left_kc512_s702,542,spectral,fly,0,yoked_reward,0.1,fixed,49,2,0.34673366834170855,656c92c6857ddc0e447ff58a39eebfeb58860cd2ac4b250aa5aac17309785357,7d7abb928632b36e9d95273a6f9867e6bce767ecab77d6738469f30c0a5e72e4,0.021173233681147867,8.881784197001252e-16
flywire_783_mb_left_kc512_s702,542,spectral,fly,0,yoked_reward,0.1,stats_only,49,4,0.3768844221105528,656c92c6857ddc0e447ff58a39eebfeb58860cd2ac4b250aa5aac17309785357,dc07339dc803671c5e65a0474572b6fcac592849359290ac6f81edbdc01b0ee6,0.021173233681147867,8.881784197001252e-16
flywire_783_mb_left_kc512_s702,542,spectral,fly,0,yoked_reward,0.1,coefficients_only,49,6,0.45226130653266333,656c92c6857ddc0e447ff58a39eebfeb58860cd2ac4b250aa5aac17309785357,acb8d655138c94742db6abbd084dd92d6f4eaa90079a390e0bdd1237f5d57468,0.021173233681147867,8.881784197001252e-16
flywire_783_mb_left_kc512_s702,542,spectral,fly,0,yoked_reward,0.1,full_refit,49,6,0.45226130653266333,656c92c6857ddc0e447ff58a39eebfeb58860cd2ac4b250aa5aac17309785357,f8bec804a304803b7886b840ac20b34a65f77098361a509993607a648f9e7869,0.021173233681147867,8.881784197001252e-16
flywire_783_mb_left_kc512_s702,542,spectral,fly,0,yoked_reward,0.3,fixed,49,0,0.2562814070351759,a3eaf4bda26d795dca389e9d0715b008172e060ab19c8a7ee7bf3cb033464ed4,7d7abb928632b36e9d95273a6f9867e6bce767ecab77d6738469f30c0a5e72e4,0.06351970104344361,1.3322676295501878e-15
flywire_783_mb_left_kc512_s702,542,spectral,fly,0,yoked_reward,0.3,stats_only,49,2,0.2914572864321608,a3eaf4bda26d795dca389e9d0715b008172e060ab19c8a7ee7bf3cb033464ed4,a65f35a51f892bbfc94755710d7ac1f06d7b07cae7e2d2db973d77c89e25ecc3,0.06351970104344361,1.3322676295501878e-15
flywire_783_mb_left_kc512_s702,542,spectral,fly,0,yoked_reward,0.3,coefficients_only,49,5,0.4321608040201005,a3eaf4bda26d795dca389e9d0715b008172e060ab19c8a7ee7bf3cb033464ed4,6a806e677daa3103e9dca7199b4bb436748e29ff81d531690f2bbf437417f6cc,0.06351970104344361,1.3322676295501878e-15
flywire_783_mb_left_kc512_s702,542,spectral,fly,0,yoked_reward,0.3,full_refit,49,5,0.4271356783919598,a3eaf4bda26d795dca389e9d0715b008172e060ab19c8a7ee7bf3cb033464ed4,48a0758bfe7ebab0a51ed002f1959f0111b7db4adf6ba56fc2df48293d632d21,0.06351970104344361,1.3322676295501878e-15
flywire_783_mb_left_kc512_s702,542,spectral,fly,0,yoked_reward,1.0,fixed,49,0,0.16080402010050251,25b1d3e249a9607f47e75309a9d08364996871d96535d083d6778d7cd46c5721,7d7abb928632b36e9d95273a6f9867e6bce767ecab77d6738469f30c0a5e72e4,0.21173233681147874,3.552713678800501e-15
flywire_783_mb_left_kc512_s702,542,spectral,fly,0,yoked_reward,1.0,stats_only,49,2,0.17587939698492464,25b1d3e249a9607f47e75309a9d08364996871d96535d083d6778d7cd46c5721,c9202c5a3e04eb5b7dedf75170f53d4ef70dccc1031fff47d25990db303c931d,0.21173233681147874,3.552713678800501e-15
flywire_783_mb_left_kc512_s702,542,spectral,fly,0,yoked_reward,1.0,coefficients_only,49,5,0.4020100502512563,25b1d3e249a9607f47e75309a9d08364996871d96535d083d6778d7cd46c5721,d6ac755b6ee6c06fdd4904c8ce49173920ece952e3aecdfbc428b319121cf5d6,0.21173233681147874,3.552713678800501e-15
flywire_783_mb_left_kc512_s702,542,spectral,fly,0,yoked_reward,1.0,full_refit,49,5,0.41708542713567837,25b1d3e249a9607f47e75309a9d08364996871d96535d083d6778d7cd46c5721,797df059415e6dd246366dcd986cdf6651208782a2aeb0adfa4b786afd18906d,0.21173233681147874,3.552713678800501e-15
flywire_783_mb_left_kc512_s702,542,spectral,fly,3,reward_trace,0.0,fixed,50,6,0.4321608040201005,bab5e5454fcd56276ce61715151bfe0821c27b7128a2540e55b6ac95744c1e6d,7d7abb928632b36e9d95273a6f9867e6bce767ecab77d6738469f30c0a5e72e4,0.0,0.0
flywire_783_mb_left_kc512_s702,542,spectral,fly,3,reward_trace,0.0,stats_only,50,6,0.4321608040201005,bab5e5454fcd56276ce61715151bfe0821c27b7128a2540e55b6ac95744c1e6d,7d7abb928632b36e9d95273a6f9867e6bce767ecab77d6738469f30c0a5e72e4,0.0,0.0
flywire_783_mb_left_kc512_s702,542,spectral,fly,3,reward_trace,0.0,coefficients_only,50,6,0.4321608040201005,bab5e5454fcd56276ce61715151bfe0821c27b7128a2540e55b6ac95744c1e6d,7d7abb928632b36e9d95273a6f9867e6bce767ecab77d6738469f30c0a5e72e4,0.0,0.0
flywire_783_mb_left_kc512_s702,542,spectral,fly,3,reward_trace,0.0,full_refit,50,6,0.4321608040201005,bab5e5454fcd56276ce61715151bfe0821c27b7128a2540e55b6ac95744c1e6d,7d7abb928632b36e9d95273a6f9867e6bce767ecab77d6738469f30c0a5e72e4,0.0,0.0
flywire_783_mb_left_kc512_s702,542,spectral,fly,3,reward_trace,0.01,fixed,50,6,0.4371859296482412,2db617e02d421d2e8dffb57ebe31d155ce2eb60f4362aa21c222e461971f4e4b,7d7abb928632b36e9d95273a6f9867e6bce767ecab77d6738469f30c0a5e72e4,0.0021595101238827794,8.881784197001252e-16
flywire_783_mb_left_kc512_s702,542,spectral,fly,3,reward_trace,0.01,stats_only,50,6,0.4221105527638191,2db617e02d421d2e8dffb57ebe31d155ce2eb60f4362aa21c222e461971f4e4b,9ae8bb211fc3c7a8756c2ccf4635bcb5642e71f69267606929b5259b58a7786e,0.0021595101238827794,8.881784197001252e-16
flywire_783_mb_left_kc512_s702,542,spectral,fly,3,reward_trace,0.01,coefficients_only,50,6,0.4321608040201005,2db617e02d421d2e8dffb57ebe31d155ce2eb60f4362aa21c222e461971f4e4b,6615daacac5ffc1a836eec9e53b38b4a965a879406c3410ad6e7672ea743fd86,0.0021595101238827794,8.881784197001252e-16
flywire_783_mb_left_kc512_s702,542,spectral,fly,3,reward_trace,0.01,full_refit,50,6,0.4321608040201005,2db617e02d421d2e8dffb57ebe31d155ce2eb60f4362aa21c222e461971f4e4b,da759a0d26fadf272e8a04a80f7e6ab1b8347ea761c82ad77f0921685b407d3a,0.0021595101238827794,8.881784197001252e-16
flywire_783_mb_left_kc512_s702,542,spectral,fly,3,reward_trace,0.03,fixed,50,6,0.4221105527638191,e2701f67104091ea8d6b112db2a173f87c972ff5b076306c82f395e3270e1a9f,7d7abb928632b36e9d95273a6f9867e6bce767ecab77d6738469f30c0a5e72e4,0.0064785303716483325,4.440892098500626e-16
flywire_783_mb_left_kc512_s702,542,spectral,fly,3,reward_trace,0.03,stats_only,50,6,0.40703517587939697,e2701f67104091ea8d6b112db2a173f87c972ff5b076306c82f395e3270e1a9f,f6b26020e7023402c73866ef7a401b6dc1bcbfa529fab013056f1db5dd3a869a,0.0064785303716483325,4.440892098500626e-16
flywire_783_mb_left_kc512_s702,542,spectral,fly,3,reward_trace,0.03,coefficients_only,50,6,0.4221105527638191,e2701f67104091ea8d6b112db2a173f87c972ff5b076306c82f395e3270e1a9f,5cefeb393b859c9eae756cc3b3b07e5a3032c4aeec0f3e0c011b6ec3397b220e,0.0064785303716483325,4.440892098500626e-16
flywire_783_mb_left_kc512_s702,542,spectral,fly,3,reward_trace,0.03,full_refit,50,6,0.4271356783919598,e2701f67104091ea8d6b112db2a173f87c972ff5b076306c82f395e3270e1a9f,174f7c3d9d06baa998eeac8d0b36572540e528582a01c67786f13686d4e6782a,0.0064785303716483325,4.440892098500626e-16
flywire_783_mb_left_kc512_s702,542,spectral,fly,3,reward_trace,0.1,fixed,50,1,0.35175879396984927,a898eb0e24d39e50998910fce74bae11449727d2f15620545d8b0fbfdd680bfc,7d7abb928632b36e9d95273a6f9867e6bce767ecab77d6738469f30c0a5e72e4,0.02159510123882778,8.881784197001252e-16
flywire_783_mb_left_kc512_s702,542,spectral,fly,3,reward_trace,0.1,stats_only,50,6,0.36180904522613067,a898eb0e24d39e50998910fce74bae11449727d2f15620545d8b0fbfdd680bfc,2e436e15ed3081e88347f0bc9a151255586e531fba6d703a800e7aeb7156e8d6,0.02159510123882778,8.881784197001252e-16
flywire_783_mb_left_kc512_s702,542,spectral,fly,3,reward_trace,0.1,coefficients_only,50,6,0.4271356783919598,a898eb0e24d39e50998910fce74bae11449727d2f15620545d8b0fbfdd680bfc,df617864d4511faa750dc70f9205eaf5181dee6ff03f3a947b6b5f81a237c58a,0.02159510123882778,8.881784197001252e-16
flywire_783_mb_left_kc512_s702,542,spectral,fly,3,reward_trace,0.1,full_refit,50,6,0.4221105527638191,a898eb0e24d39e50998910fce74bae11449727d2f15620545d8b0fbfdd680bfc,addbd559e1f9edbe32f151c8aaf6c6e281497792b6c75e5f24c611bddc5e0520,0.02159510123882778,8.881784197001252e-16
flywire_783_mb_left_kc512_s702,542,spectral,fly,3,reward_trace,0.3,fixed,50,0,0.25125628140703515,7a4042a611516162a1d04fc919bdae37df7f0316f43d2598f3b2bb79979cbe61,7d7abb928632b36e9d95273a6f9867e6bce767ecab77d6738469f30c0a5e72e4,0.06478530371648333,1.3322676295501878e-15
flywire_783_mb_left_kc512_s702,542,spectral,fly,3,reward_trace,0.3,stats_only,50,0,0.2613065326633166,7a4042a611516162a1d04fc919bdae37df7f0316f43d2598f3b2bb79979cbe61,9769e1a210c26f4bf5f0cf1c0ea7fb1ff624d1f1ba2038538144fed21d37cf70,0.06478530371648333,1.3322676295501878e-15
flywire_783_mb_left_kc512_s702,542,spectral,fly,3,reward_trace,0.3,coefficients_only,50,6,0.41708542713567837,7a4042a611516162a1d04fc919bdae37df7f0316f43d2598f3b2bb79979cbe61,b3f2dcab40313ef38668356640e6e566be499cb24303dc3dc7a00e97df5f339d,0.06478530371648333,1.3322676295501878e-15
flywire_783_mb_left_kc512_s702,542,spectral,fly,3,reward_trace,0.3,full_refit,50,6,0.4221105527638191,7a4042a611516162a1d04fc919bdae37df7f0316f43d2598f3b2bb79979cbe61,f977c0cb324cf2926b291fb83702b0666ca3fd52c42255f41d6b6a52decd4859,0.06478530371648333,1.3322676295501878e-15
flywire_783_mb_left_kc512_s702,542,spectral,fly,3,reward_trace,1.0,fixed,50,0,0.1658291457286432,93dfa7e3d4d7c2fceda807780accfa83fa94e51d52c0e7c8fe58c8abb2a2f904,7d7abb928632b36e9d95273a6f9867e6bce767ecab77d6738469f30c0a5e72e4,0.21595101238827782,3.552713678800501e-15
flywire_783_mb_left_kc512_s702,542,spectral,fly,3,reward_trace,1.0,stats_only,50,0,0.17587939698492464,93dfa7e3d4d7c2fceda807780accfa83fa94e51d52c0e7c8fe58c8abb2a2f904,7d65b791e17894e6d7ecd44643118eef6c9ec4299d51cdb90430b689d7a3f1ab,0.21595101238827782,3.552713678800501e-15
flywire_783_mb_left_kc512_s702,542,spectral,fly,3,reward_trace,1.0,coefficients_only,50,2,0.4020100502512563,93dfa7e3d4d7c2fceda807780accfa83fa94e51d52c0e7c8fe58c8abb2a2f904,d72812787c38ac6a53abfa2a8288a509577e7e4b995866f4d9b448a4e39c5853,0.21595101238827782,3.552713678800501e-15
flywire_783_mb_left_kc512_s702,542,spectral,fly,3,reward_trace,1.0,full_refit,50,6,0.40703517587939697,93dfa7e3d4d7c2fceda807780accfa83fa94e51d52c0e7c8fe58c8abb2a2f904,b1498b4aa06d723a2671c4cd908ed53e2495ed6773e33bbdcd6fa5536baba7de,0.21595101238827782,3.552713678800501e-15
flywire_783_mb_left_kc512_s702,542,spectral,fly,3,yoked_reward,0.0,fixed,51,6,0.4321608040201005,bab5e5454fcd56276ce61715151bfe0821c27b7128a2540e55b6ac95744c1e6d,7d7abb928632b36e9d95273a6f9867e6bce767ecab77d6738469f30c0a5e72e4,0.0,0.0
flywire_783_mb_left_kc512_s702,542,spectral,fly,3,yoked_reward,0.0,stats_only,51,6,0.4321608040201005,bab5e5454fcd56276ce61715151bfe0821c27b7128a2540e55b6ac95744c1e6d,7d7abb928632b36e9d95273a6f9867e6bce767ecab77d6738469f30c0a5e72e4,0.0,0.0
flywire_783_mb_left_kc512_s702,542,spectral,fly,3,yoked_reward,0.0,coefficients_only,51,6,0.4321608040201005,bab5e5454fcd56276ce61715151bfe0821c27b7128a2540e55b6ac95744c1e6d,7d7abb928632b36e9d95273a6f9867e6bce767ecab77d6738469f30c0a5e72e4,0.0,0.0
flywire_783_mb_left_kc512_s702,542,spectral,fly,3,yoked_reward,0.0,full_refit,51,6,0.4321608040201005,bab5e5454fcd56276ce61715151bfe0821c27b7128a2540e55b6ac95744c1e6d,7d7abb928632b36e9d95273a6f9867e6bce767ecab77d6738469f30c0a5e72e4,0.0,0.0
flywire_783_mb_left_kc512_s702,542,spectral,fly,3,yoked_reward,0.01,fixed,51,6,0.41708542713567837,785267f5112f9a37d9527a8b788cf72ce27f32b880c044b3d9179280dc0aa2a1,7d7abb928632b36e9d95273a6f9867e6bce767ecab77d6738469f30c0a5e72e4,0.0019151487907868134,4.440892098500626e-16
flywire_783_mb_left_kc512_s702,542,spectral,fly,3,yoked_reward,0.01,stats_only,51,6,0.4371859296482412,785267f5112f9a37d9527a8b788cf72ce27f32b880c044b3d9179280dc0aa2a1,8460d611298f2a4441adbe55cc9b0e8dd0798899ce0a57244585c4d5bff00845,0.0019151487907868134,4.440892098500626e-16
flywire_783_mb_left_kc512_s702,542,spectral,fly,3,yoked_reward,0.01,coefficients_only,51,6,0.4321608040201005,785267f5112f9a37d9527a8b788cf72ce27f32b880c044b3d9179280dc0aa2a1,edf090fdd3351a6ba56f5f5c54c59ff25af8ab54fc1b4a5c87c7d84a17db9c52,0.0019151487907868134,4.440892098500626e-16
flywire_783_mb_left_kc512_s702,542,spectral,fly,3,yoked_reward,0.01,full_refit,51,6,0.4321608040201005,785267f5112f9a37d9527a8b788cf72ce27f32b880c044b3d9179280dc0aa2a1,aeaf2b158f645f8814fb827379ff665abd1cc2ad86de0c898b6781c508e5ecfa,0.0019151487907868134,4.440892098500626e-16
flywire_783_mb_left_kc512_s702,542,spectral,fly,3,yoked_reward,0.03,fixed,51,5,0.41708542713567837,a01806ead35222864d09408a8a19c24d0e8fd3f4b8855401dd106f7526ff6f40,7d7abb928632b36e9d95273a6f9867e6bce767ecab77d6738469f30c0a5e72e4,0.005745446372360438,8.881784197001252e-16
flywire_783_mb_left_kc512_s702,542,spectral,fly,3,yoked_reward,0.03,stats_only,51,6,0.44221105527638194,a01806ead35222864d09408a8a19c24d0e8fd3f4b8855401dd106f7526ff6f40,d05692903025091232284354c689bb5a2e75c23e2e8f03fd9049a23a566afdb7,0.005745446372360438,8.881784197001252e-16
flywire_783_mb_left_kc512_s702,542,spectral,fly,3,yoked_reward,0.03,coefficients_only,51,6,0.4321608040201005,a01806ead35222864d09408a8a19c24d0e8fd3f4b8855401dd106f7526ff6f40,16ba446da44ad11dae0afe08dbb1abb93307f45650e9186cf6c6a84d45c1509b,0.005745446372360438,8.881784197001252e-16
flywire_783_mb_left_kc512_s702,542,spectral,fly,3,yoked_reward,0.03,full_refit,51,6,0.4321608040201005,a01806ead35222864d09408a8a19c24d0e8fd3f4b8855401dd106f7526ff6f40,0f84cdb2f66827884e45d54b9e23155c69676cb771c5beeff0ed280aaac4b557,0.005745446372360438,8.881784197001252e-16
flywire_783_mb_left_kc512_s702,542,spectral,fly,3,yoked_reward,0.1,fixed,51,5,0.3417085427135678,aa0810a090592caab78c30cbdd9850695180f540f5e4070bfc71ced6cac8ecb8,7d7abb928632b36e9d95273a6f9867e6bce767ecab77d6738469f30c0a5e72e4,0.019151487907868126,4.440892098500626e-16
flywire_783_mb_left_kc512_s702,542,spectral,fly,3,yoked_reward,0.1,stats_only,51,6,0.4221105527638191,aa0810a090592caab78c30cbdd9850695180f540f5e4070bfc71ced6cac8ecb8,c21ef6fea79d2be7d93644f3bbb27f068ff5ed7eb6e9926f726fa546a4e01131,0.019151487907868126,4.440892098500626e-16
flywire_783_mb_left_kc512_s702,542,spectral,fly,3,yoked_reward,0.1,coefficients_only,51,6,0.4371859296482412,aa0810a090592caab78c30cbdd9850695180f540f5e4070bfc71ced6cac8ecb8,7b27feadb36a4437306ffbe4c465f21fb90e4261240231cf6de9775206a2e563,0.019151487907868126,4.440892098500626e-16
flywire_783_mb_left_kc512_s702,542,spectral,fly,3,yoked_reward,0.1,full_refit,51,6,0.4321608040201005,aa0810a090592caab78c30cbdd9850695180f540f5e4070bfc71ced6cac8ecb8,ec5e3290547d632cad5703de36646f97e790aad2548dea87e719b29dd4f26b12,0.019151487907868126,4.440892098500626e-16
flywire_783_mb_left_kc512_s702,542,spectral,fly,3,yoked_reward,0.3,fixed,51,2,0.18592964824120603,b49375234361356cfd18c4c1c4378d26174c2b54001680e00bd2e3cafa9d6f36,7d7abb928632b36e9d95273a6f9867e6bce767ecab77d6738469f30c0a5e72e4,0.05745446372360438,1.3322676295501878e-15
flywire_783_mb_left_kc512_s702,542,spectral,fly,3,yoked_reward,0.3,stats_only,51,2,0.3165829145728643,b49375234361356cfd18c4c1c4378d26174c2b54001680e00bd2e3cafa9d6f36,2f67d6b154cd1dee300b6d8f2fd31da2d539840ca62a5b042504ba923c476ca4,0.05745446372360438,1.3322676295501878e-15
flywire_783_mb_left_kc512_s702,542,spectral,fly,3,yoked_reward,0.3,coefficients_only,51,6,0.4371859296482412,b49375234361356cfd18c4c1c4378d26174c2b54001680e00bd2e3cafa9d6f36,5ef9b653e1d4640d051cc664bcbe242cac43e4738471736a7ac9b6075eb2386a,0.05745446372360438,1.3322676295501878e-15
flywire_783_mb_left_kc512_s702,542,spectral,fly,3,yoked_reward,0.3,full_refit,51,6,0.4472361809045226,b49375234361356cfd18c4c1c4378d26174c2b54001680e00bd2e3cafa9d6f36,6198070d6b7bab254c1979367bcc74f65e7a795bd034dacf199959ff0fed38b8,0.05745446372360438,1.3322676295501878e-15
flywire_783_mb_left_kc512_s702,542,spectral,fly,3,yoked_reward,1.0,fixed,51,2,0.10552763819095477,4627d5bdfeecf023871162cb2afae4566ac18309e1632e269a86ef428a8879d6,7d7abb928632b36e9d95273a6f9867e6bce767ecab77d6738469f30c0a5e72e4,0.1915148790786813,3.552713678800501e-15
flywire_783_mb_left_kc512_s702,542,spectral,fly,3,yoked_reward,1.0,stats_only,51,1,0.1708542713567839,4627d5bdfeecf023871162cb2afae4566ac18309e1632e269a86ef428a8879d6,7423a7f59c9fc458aa7c3d082d1e4c4e5d127c283259c5ef02b605cb71c8b9b5,0.1915148790786813,3.552713678800501e-15
flywire_783_mb_left_kc512_s702,542,spectral,fly,3,yoked_reward,1.0,coefficients_only,51,8,0.44221105527638194,4627d5bdfeecf023871162cb2afae4566ac18309e1632e269a86ef428a8879d6,dacc06a29390cc92e1690029f164d86f1868dcafa12d318e878dd258e0a9058e,0.1915148790786813,3.552713678800501e-15
flywire_783_mb_left_kc512_s702,542,spectral,fly,3,yoked_reward,1.0,full_refit,51,8,0.4472361809045226,4627d5bdfeecf023871162cb2afae4566ac18309e1632e269a86ef428a8879d6,82cd226af4a6848b82e7b3d055bc273d4a77cbab6dcd7a4a519922d0f0f4ec94,0.1915148790786813,3.552713678800501e-15
flywire_783_mb_left_kc512_s702,542,spectral,role_shuffled,0,reward_trace,0.0,fixed,52,9,0.4020100502512563,b1db75233c2573fd8381c807bc2909a62935a898df48893ba7c30cf29f8da08e,d443d802397906e05768ece58f1554b2e3123d99ea806017c24d5c34efccc63f,0.0,0.0
flywire_783_mb_left_kc512_s702,542,spectral,role_shuffled,0,reward_trace,0.0,stats_only,52,9,0.4020100502512563,b1db75233c2573fd8381c807bc2909a62935a898df48893ba7c30cf29f8da08e,d443d802397906e05768ece58f1554b2e3123d99ea806017c24d5c34efccc63f,0.0,0.0
flywire_783_mb_left_kc512_s702,542,spectral,role_shuffled,0,reward_trace,0.0,coefficients_only,52,9,0.4020100502512563,b1db75233c2573fd8381c807bc2909a62935a898df48893ba7c30cf29f8da08e,d443d802397906e05768ece58f1554b2e3123d99ea806017c24d5c34efccc63f,0.0,0.0
flywire_783_mb_left_kc512_s702,542,spectral,role_shuffled,0,reward_trace,0.0,full_refit,52,9,0.4020100502512563,b1db75233c2573fd8381c807bc2909a62935a898df48893ba7c30cf29f8da08e,d443d802397906e05768ece58f1554b2e3123d99ea806017c24d5c34efccc63f,0.0,0.0
flywire_783_mb_left_kc512_s702,542,spectral,role_shuffled,0,reward_trace,0.01,fixed,52,9,0.3869346733668342,72fa4d399c6ee39533c1cec91128aac20e16a115e6caa2de0315501a161616f3,d443d802397906e05768ece58f1554b2e3123d99ea806017c24d5c34efccc63f,0.002619871863524896,6.661338147750939e-16
flywire_783_mb_left_kc512_s702,542,spectral,role_shuffled,0,reward_trace,0.01,stats_only,52,9,0.3869346733668342,72fa4d399c6ee39533c1cec91128aac20e16a115e6caa2de0315501a161616f3,8eda1a289e5ae370e8190be1a6e8efb7b73b42b764011d5fce7eafc131470680,0.002619871863524896,6.661338147750939e-16
flywire_783_mb_left_kc512_s702,542,spectral,role_shuffled,0,reward_trace,0.01,coefficients_only,52,9,0.4020100502512563,72fa4d399c6ee39533c1cec91128aac20e16a115e6caa2de0315501a161616f3,13c606adec67c46a18f5611abc376dbed28d919d7ffffa585989df186a5937c5,0.002619871863524896,6.661338147750939e-16
flywire_783_mb_left_kc512_s702,542,spectral,role_shuffled,0,reward_trace,0.01,full_refit,52,9,0.4020100502512563,72fa4d399c6ee39533c1cec91128aac20e16a115e6caa2de0315501a161616f3,46c5dd1b6e242a8c25b9117a623841f120fe9c1c6624b09bf08c4858ab318407,0.002619871863524896,6.661338147750939e-16
flywire_783_mb_left_kc512_s702,542,spectral,role_shuffled,0,reward_trace,0.03,fixed,52,9,0.3869346733668342,48cad075f9dbf7863a15e61ecb15b49867557ce1243ef48080b8fcc84cef5ca8,d443d802397906e05768ece58f1554b2e3123d99ea806017c24d5c34efccc63f,0.007859615590574685,4.440892098500626e-16
flywire_783_mb_left_kc512_s702,542,spectral,role_shuffled,0,reward_trace,0.03,stats_only,52,9,0.4020100502512563,48cad075f9dbf7863a15e61ecb15b49867557ce1243ef48080b8fcc84cef5ca8,878b845fa0d5969503ba098dbf2f0fdef7d1ef33750e7883c861f424470fb73f,0.007859615590574685,4.440892098500626e-16
flywire_783_mb_left_kc512_s702,542,spectral,role_shuffled,0,reward_trace,0.03,coefficients_only,52,9,0.4020100502512563,48cad075f9dbf7863a15e61ecb15b49867557ce1243ef48080b8fcc84cef5ca8,4790ea07c4cd8c6646a2ff041b87beb6613c7de29592162c3862454fe2c61bf9,0.007859615590574685,4.440892098500626e-16
flywire_783_mb_left_kc512_s702,542,spectral,role_shuffled,0,reward_trace,0.03,full_refit,52,9,0.4020100502512563,48cad075f9dbf7863a15e61ecb15b49867557ce1243ef48080b8fcc84cef5ca8,9442adc7f7b408a8caf54b91c874b58f70e0159b25df73cd01c394b6fd756ffd,0.007859615590574685,4.440892098500626e-16
flywire_783_mb_left_kc512_s702,542,spectral,role_shuffled,0,reward_trace,0.1,fixed,52,4,0.35175879396984927,5804f65cb885b2ed979bd717a8a17c21ead5a03b97827c6c9ca148fb638ce144,d443d802397906e05768ece58f1554b2e3123d99ea806017c24d5c34efccc63f,0.026198718635248953,4.440892098500626e-16
flywire_783_mb_left_kc512_s702,542,spectral,role_shuffled,0,reward_trace,0.1,stats_only,52,5,0.33668341708542715,5804f65cb885b2ed979bd717a8a17c21ead5a03b97827c6c9ca148fb638ce144,8566dc3c03f817f3494f78ae671d43cac1f33c67ae63c2c538020632ab799bbe,0.026198718635248953,4.440892098500626e-16
flywire_783_mb_left_kc512_s702,542,spectral,role_shuffled,0,reward_trace,0.1,coefficients_only,52,9,0.3969849246231156,5804f65cb885b2ed979bd717a8a17c21ead5a03b97827c6c9ca148fb638ce144,be4d39787596007e001d66cd76e78bd34d2fcc5e1f57b4ffba81089d1a3d908d,0.026198718635248953,4.440892098500626e-16
flywire_783_mb_left_kc512_s702,542,spectral,role_shuffled,0,reward_trace,0.1,full_refit,52,9,0.3969849246231156,5804f65cb885b2ed979bd717a8a17c21ead5a03b97827c6c9ca148fb638ce144,21afc91ac6295e79a686593a88f5912aaf19071d3c1647f4ff262d53b52db464,0.026198718635248953,4.440892098500626e-16
flywire_783_mb_left_kc512_s702,542,spectral,role_shuffled,0,reward_trace,0.3,fixed,52,4,0.31155778894472363,390d491f938841cbb106a258204bd79134cf78148fda80c4c67bb3d2035933b7,d443d802397906e05768ece58f1554b2e3123d99ea806017c24d5c34efccc63f,0.07859615590574687,4.440892098500626e-16
flywire_783_mb_left_kc512_s702,542,spectral,role_shuffled,0,reward_trace,0.3,stats_only,52,1,0.2814070351758794,390d491f938841cbb106a258204bd79134cf78148fda80c4c67bb3d2035933b7,09529c14757bf92a6d7297830803aefd024223668a601eab82bff4636354b104,0.07859615590574687,4.440892098500626e-16
flywire_783_mb_left_kc512_s702,542,spectral,role_shuffled,0,reward_trace,0.3,coefficients_only,52,9,0.3768844221105528,390d491f938841cbb106a258204bd79134cf78148fda80c4c67bb3d2035933b7,ebf8548229568176fc5f2e6822eddba162ab9bdccd8b54a82b3f90575b5d229d,0.07859615590574687,4.440892098500626e-16
flywire_783_mb_left_kc512_s702,542,spectral,role_shuffled,0,reward_trace,0.3,full_refit,52,9,0.38190954773869346,390d491f938841cbb106a258204bd79134cf78148fda80c4c67bb3d2035933b7,96eec4ae0d51b0a6b77fb91e3334d3247576d511e0f312ed3e7818d0cd436928,0.07859615590574687,4.440892098500626e-16
flywire_783_mb_left_kc512_s702,542,spectral,role_shuffled,0,reward_trace,1.0,fixed,52,1,0.27638190954773867,4afd9e3f9759e6a8bcdd08cc81fb8ba6f3ea7f29864acc6c40336831247ccbb8,d443d802397906e05768ece58f1554b2e3123d99ea806017c24d5c34efccc63f,0.2619871863524895,1.9984014443252818e-15
flywire_783_mb_left_kc512_s702,542,spectral,role_shuffled,0,reward_trace,1.0,stats_only,52,1,0.21105527638190955,4afd9e3f9759e6a8bcdd08cc81fb8ba6f3ea7f29864acc6c40336831247ccbb8,86c0f72d508bbc2562d09d879925ba82ce3ab730efb01296ba3b7f414d9dac2b,0.2619871863524895,1.9984014443252818e-15
flywire_783_mb_left_kc512_s702,542,spectral,role_shuffled,0,reward_trace,1.0,coefficients_only,52,5,0.3768844221105528,4afd9e3f9759e6a8bcdd08cc81fb8ba6f3ea7f29864acc6c40336831247ccbb8,42329b199dc7eb5c07a3199d1d7461e2e2863208be0bd6a0029d9fa46c8f0693,0.2619871863524895,1.9984014443252818e-15
flywire_783_mb_left_kc512_s702,542,spectral,role_shuffled,0,reward_trace,1.0,full_refit,52,5,0.38190954773869346,4afd9e3f9759e6a8bcdd08cc81fb8ba6f3ea7f29864acc6c40336831247ccbb8,19f0b3722cac8dc16e16ad45b27efd3d6509bcf79024c7e78d9f7a0739190fad,0.2619871863524895,1.9984014443252818e-15
flywire_783_mb_left_kc512_s702,542,spectral,role_shuffled,0,yoked_reward,0.0,fixed,53,9,0.4020100502512563,b1db75233c2573fd8381c807bc2909a62935a898df48893ba7c30cf29f8da08e,d443d802397906e05768ece58f1554b2e3123d99ea806017c24d5c34efccc63f,0.0,0.0
flywire_783_mb_left_kc512_s702,542,spectral,role_shuffled,0,yoked_reward,0.0,stats_only,53,9,0.4020100502512563,b1db75233c2573fd8381c807bc2909a62935a898df48893ba7c30cf29f8da08e,d443d802397906e05768ece58f1554b2e3123d99ea806017c24d5c34efccc63f,0.0,0.0
flywire_783_mb_left_kc512_s702,542,spectral,role_shuffled,0,yoked_reward,0.0,coefficients_only,53,9,0.4020100502512563,b1db75233c2573fd8381c807bc2909a62935a898df48893ba7c30cf29f8da08e,d443d802397906e05768ece58f1554b2e3123d99ea806017c24d5c34efccc63f,0.0,0.0
flywire_783_mb_left_kc512_s702,542,spectral,role_shuffled,0,yoked_reward,0.0,full_refit,53,9,0.4020100502512563,b1db75233c2573fd8381c807bc2909a62935a898df48893ba7c30cf29f8da08e,d443d802397906e05768ece58f1554b2e3123d99ea806017c24d5c34efccc63f,0.0,0.0
flywire_783_mb_left_kc512_s702,542,spectral,role_shuffled,0,yoked_reward,0.01,fixed,53,9,0.3969849246231156,5cbffdad21e933f03faa80d9f299f3f9de43f1a831ee917f0b024cc4874e7183,d443d802397906e05768ece58f1554b2e3123d99ea806017c24d5c34efccc63f,0.0023032316992516386,4.440892098500626e-16
flywire_783_mb_left_kc512_s702,542,spectral,role_shuffled,0,yoked_reward,0.01,stats_only,53,9,0.39195979899497485,5cbffdad21e933f03faa80d9f299f3f9de43f1a831ee917f0b024cc4874e7183,be23c5b93606995e5e8186c8b682284a6984ca9d3be3b1221de126e98bf31f2e,0.0023032316992516386,4.440892098500626e-16
flywire_783_mb_left_kc512_s702,542,spectral,role_shuffled,0,yoked_reward,0.01,coefficients_only,53,9,0.4020100502512563,5cbffdad21e933f03faa80d9f299f3f9de43f1a831ee917f0b024cc4874e7183,e48cff9c1c00bb4b6b2d4e001ae46e1e7638312e0e88b331a93614ee8052bd47,0.0023032316992516386,4.440892098500626e-16
flywire_783_mb_left_kc512_s702,542,spectral,role_shuffled,0,yoked_reward,0.01,full_refit,53,9,0.4020100502512563,5cbffdad21e933f03faa80d9f299f3f9de43f1a831ee917f0b024cc4874e7183,0e4a7726bd7ae1cad07e412a79b9d720ae2bc296b904a78a875ee15163cc5759,0.0023032316992516386,4.440892098500626e-16
flywire_783_mb_left_kc512_s702,542,spectral,role_shuffled,0,yoked_reward,0.03,fixed,53,9,0.36180904522613067,3d0f3021496126badad04ae4d56360b28fb1b864e293a4b458bc9d532568c8d4,d443d802397906e05768ece58f1554b2e3123d99ea806017c24d5c34efccc63f,0.006909695097754917,6.661338147750939e-16
flywire_783_mb_left_kc512_s702,542,spectral,role_shuffled,0,yoked_reward,0.03,stats_only,53,9,0.3768844221105528,3d0f3021496126badad04ae4d56360b28fb1b864e293a4b458bc9d532568c8d4,01cfbf1fe3284b3e24ccb8432474284360e89321cd1aacc5f7cd3d8185e13c75,0.006909695097754917,6.661338147750939e-16
flywire_783_mb_left_kc512_s702,542,spectral,role_shuffled,0,yoked_reward,0.03,coefficients_only,53,9,0.4020100502512563,3d0f3021496126badad04ae4d56360b28fb1b864e293a4b458bc9d532568c8d4,5e06567d06e3fd8ee4351b4839df702bb981395973125025d28e6076b947e63a,0.006909695097754917,6.661338147750939e-16
flywire_783_mb_left_kc512_s702,542,spectral,role_shuffled,0,yoked_reward,0.03,full_refit,53,9,0.4020100502512563,3d0f3021496126badad04ae4d56360b28fb1b864e293a4b458bc9d532568c8d4,0f6556fbcc02b46556dbb1e3abd45e334f65e437e81ea38cfcfea086cecbdf50,0.006909695097754917,6.661338147750939e-16
flywire_783_mb_left_kc512_s702,542,spectral,role_shuffled,0,yoked_reward,0.1,fixed,53,4,0.32663316582914576,93f6b5aee16157a079a230a0973d1ba8b77d37a2cd8ea12cee2dfa68ae9bce29,d443d802397906e05768ece58f1554b2e3123d99ea806017c24d5c34efccc63f,0.023032316992516393,4.440892098500626e-16
flywire_783_mb_left_kc512_s702,542,spectral,role_shuffled,0,yoked_reward,0.1,stats_only,53,5,0.3969849246231156,93f6b5aee16157a079a230a0973d1ba8b77d37a2cd8ea12cee2dfa68ae9bce29,e15cf9b76ee2c03cb01999f2bcf1cfe0a0e7b96c7901caecf9bfe111d6afb273,0.023032316992516393,4.440892098500626e-16
flywire_783_mb_left_kc512_s702,542,spectral,role_shuffled,0,yoked_reward,0.1,coefficients_only,53,9,0.3969849246231156,93f6b5aee16157a079a230a0973d1ba8b77d37a2cd8ea12cee2dfa68ae9bce29,fda5b984ef8c2abfe035d6fcc3d604de206c10f067b365b7cb243216e96adb66,0.023032316992516393,4.440892098500626e-16
flywire_783_mb_left_kc512_s702,542,spectral,role_shuffled,0,yoked_reward,0.1,full_refit,53,9,0.3969849246231156,93f6b5aee16157a079a230a0973d1ba8b77d37a2cd8ea12cee2dfa68ae9bce29,5757d9ae7bf97b41214e14eda02cd2fe9bee36e8ff22c6572bc72cd8ba2551da,0.023032316992516393,4.440892098500626e-16
flywire_783_mb_left_kc512_s702,542,spectral,role_shuffled,0,yoked_reward,0.3,fixed,53,2,0.17587939698492464,1a0de455eb2b471bdd7038c65e1d491d8bc890e55d4af7d354a1ed2ec5f1e7b9,d443d802397906e05768ece58f1554b2e3123d99ea806017c24d5c34efccc63f,0.06909695097754916,8.881784197001252e-16
flywire_783_mb_left_kc512_s702,542,spectral,role_shuffled,0,yoked_reward,0.3,stats_only,53,5,0.32663316582914576,1a0de455eb2b471bdd7038c65e1d491d8bc890e55d4af7d354a1ed2ec5f1e7b9,1ee5ecb9743db8606c1d7d64729e18af0d9a88ad47fa29807527bf8e7370752e,0.06909695097754916,8.881784197001252e-16
flywire_783_mb_left_kc512_s702,542,spectral,role_shuffled,0,yoked_reward,0.3,coefficients_only,53,5,0.4020100502512563,1a0de455eb2b471bdd7038c65e1d491d8bc890e55d4af7d354a1ed2ec5f1e7b9,8dcdf74142f552f9bd289bfdf7c60a1c6240b85511883a2e894c543250b08139,0.06909695097754916,8.881784197001252e-16
flywire_783_mb_left_kc512_s702,542,spectral,role_shuffled,0,yoked_reward,0.3,full_refit,53,9,0.4020100502512563,1a0de455eb2b471bdd7038c65e1d491d8bc890e55d4af7d354a1ed2ec5f1e7b9,49e7cd531e315249f4a5ec1dfad69981440d113974791c052459eed6c9995488,0.06909695097754916,8.881784197001252e-16
flywire_783_mb_left_kc512_s702,542,spectral,role_shuffled,0,yoked_reward,1.0,fixed,53,0,0.1306532663316583,83ceab660710adccb8a121b3bc48658dc831ea620fc01f00585af749e7fd7fe0,d443d802397906e05768ece58f1554b2e3123d99ea806017c24d5c34efccc63f,0.2303231699251639,1.7763568394002505e-15
flywire_783_mb_left_kc512_s702,542,spectral,role_shuffled,0,yoked_reward,1.0,stats_only,53,0,0.1658291457286432,83ceab660710adccb8a121b3bc48658dc831ea620fc01f00585af749e7fd7fe0,587147addf8776023d6c3c819e5fbb714a7e36cf52d3e58970604df8a3d9c7b1,0.2303231699251639,1.7763568394002505e-15
flywire_783_mb_left_kc512_s702,542,spectral,role_shuffled,0,yoked_reward,1.0,coefficients_only,53,5,0.4221105527638191,83ceab660710adccb8a121b3bc48658dc831ea620fc01f00585af749e7fd7fe0,f52f041ed72126245ff3e4ab401dbc88dff17247d772c90f95f59a6c0d7d9446,0.2303231699251639,1.7763568394002505e-15
flywire_783_mb_left_kc512_s702,542,spectral,role_shuffled,0,yoked_reward,1.0,full_refit,53,5,0.41708542713567837,83ceab660710adccb8a121b3bc48658dc831ea620fc01f00585af749e7fd7fe0,a61e2c14b75afb6b73b911105b3b62daf798cb784d4acd7dd0fc2414d357a787,0.2303231699251639,1.7763568394002505e-15
flywire_783_mb_left_kc512_s702,542,spectral,role_shuffled,3,reward_trace,0.0,fixed,54,9,0.4020100502512563,b1db75233c2573fd8381c807bc2909a62935a898df48893ba7c30cf29f8da08e,d443d802397906e05768ece58f1554b2e3123d99ea806017c24d5c34efccc63f,0.0,0.0
flywire_783_mb_left_kc512_s702,542,spectral,role_shuffled,3,reward_trace,0.0,stats_only,54,9,0.4020100502512563,b1db75233c2573fd8381c807bc2909a62935a898df48893ba7c30cf29f8da08e,d443d802397906e05768ece58f1554b2e3123d99ea806017c24d5c34efccc63f,0.0,0.0
flywire_783_mb_left_kc512_s702,542,spectral,role_shuffled,3,reward_trace,0.0,coefficients_only,54,9,0.4020100502512563,b1db75233c2573fd8381c807bc2909a62935a898df48893ba7c30cf29f8da08e,d443d802397906e05768ece58f1554b2e3123d99ea806017c24d5c34efccc63f,0.0,0.0
flywire_783_mb_left_kc512_s702,542,spectral,role_shuffled,3,reward_trace,0.0,full_refit,54,9,0.4020100502512563,b1db75233c2573fd8381c807bc2909a62935a898df48893ba7c30cf29f8da08e,d443d802397906e05768ece58f1554b2e3123d99ea806017c24d5c34efccc63f,0.0,0.0
flywire_783_mb_left_kc512_s702,542,spectral,role_shuffled,3,reward_trace,0.01,fixed,54,9,0.39195979899497485,8e92705ea6bd13162a905777a1f911cb997c85f8cf08d9996ad63f2dc1580030,d443d802397906e05768ece58f1554b2e3123d99ea806017c24d5c34efccc63f,0.0023042030425724142,4.440892098500626e-16
flywire_783_mb_left_kc512_s702,542,spectral,role_shuffled,3,reward_trace,0.01,stats_only,54,9,0.3969849246231156,8e92705ea6bd13162a905777a1f911cb997c85f8cf08d9996ad63f2dc1580030,dab5f86641f43400692b668ff70414be8590719290dfa7c2a46080935db6af33,0.0023042030425724142,4.440892098500626e-16
flywire_783_mb_left_kc512_s702,542,spectral,role_shuffled,3,reward_trace,0.01,coefficients_only,54,9,0.4020100502512563,8e92705ea6bd13162a905777a1f911cb997c85f8cf08d9996ad63f2dc1580030,90153e2ab66e5ba8ceb911ef8d741ce0a56720b8ce69e59ed73f5208e15e0da8,0.0023042030425724142,4.440892098500626e-16
flywire_783_mb_left_kc512_s702,542,spectral,role_shuffled,3,reward_trace,0.01,full_refit,54,9,0.4020100502512563,8e92705ea6bd13162a905777a1f911cb997c85f8cf08d9996ad63f2dc1580030,7e9e18c4c24ae9ae6cb12b6fb0360ae1465993fdd52fa54d3f9f9632818fea07,0.0023042030425724142,4.440892098500626e-16
flywire_783_mb_left_kc512_s702,542,spectral,role_shuffled,3,reward_trace,0.03,fixed,54,9,0.3969849246231156,7d02f75ac57ac962264256a6a12e457812f0af3952a29dbf91bad4f6d10c18a2,d443d802397906e05768ece58f1554b2e3123d99ea806017c24d5c34efccc63f,0.006912609127717242,6.661338147750939e-16
flywire_783_mb_left_kc512_s702,542,spectral,role_shuffled,3,reward_trace,0.03,stats_only,54,9,0.39195979899497485,7d02f75ac57ac962264256a6a12e457812f0af3952a29dbf91bad4f6d10c18a2,a2b0c5759ebbad63b7337c97ce7e0b63bb45e57e1578767f6d1e76c83da04180,0.006912609127717242,6.661338147750939e-16
flywire_783_mb_left_kc512_s702,542,spectral,role_shuffled,3,reward_trace,0.03,coefficients_only,54,9,0.4020100502512563,7d02f75ac57ac962264256a6a12e457812f0af3952a29dbf91bad4f6d10c18a2,fb6ef81da36b904e26682bbf3f1e1edce852c12a00ae983935eef650babe0a97,0.006912609127717242,6.661338147750939e-16
flywire_783_mb_left_kc512_s702,542,spectral,role_shuffled,3,reward_trace,0.03,full_refit,54,9,0.4020100502512563,7d02f75ac57ac962264256a6a12e457812f0af3952a29dbf91bad4f6d10c18a2,e21720e02fb3bdea8458e39e161bb7661cf23ec7ff1773de05c76f790c7ca0ad,0.006912609127717242,6.661338147750939e-16
flywire_783_mb_left_kc512_s702,542,spectral,role_shuffled,3,reward_trace,0.1,fixed,54,6,0.39195979899497485,066395fc231fb8ed889a59fb386ea3b9de17fe210738f5df01fb2e550eebb3d1,d443d802397906e05768ece58f1554b2e3123d99ea806017c24d5c34efccc63f,0.023042030425724138,4.440892098500626e-16
flywire_783_mb_left_kc512_s702,542,spectral,role_shuffled,3,reward_trace,0.1,stats_only,54,6,0.38190954773869346,066395fc231fb8ed889a59fb386ea3b9de17fe210738f5df01fb2e550eebb3d1,690272e792be95db7f2e741a317aa1a0a2e80b4d5c63d3d331bb4cceafc9a4a9,0.023042030425724138,4.440892098500626e-16
flywire_783_mb_left_kc512_s702,542,spectral,role_shuffled,3,reward_trace,0.1,coefficients_only,54,9,0.39195979899497485,066395fc231fb8ed889a59fb386ea3b9de17fe210738f5df01fb2e550eebb3d1,48c7d95f0be20bf2d28559469c1edd947ed210088d655d743610826b923b7c3e,0.023042030425724138,4.440892098500626e-16
flywire_783_mb_left_kc512_s702,542,spectral,role_shuffled,3,reward_trace,0.1,full_refit,54,9,0.3969849246231156,066395fc231fb8ed889a59fb386ea3b9de17fe210738f5df01fb2e550eebb3d1,1b319f81c9d3a8da1dd5e1f275b162c351c6390c78b274fbd4c5552c0e382ceb,0.023042030425724138,4.440892098500626e-16
flywire_783_mb_left_kc512_s702,542,spectral,role_shuffled,3,reward_trace,0.3,fixed,54,1,0.31155778894472363,c05056aebe233eed355c3477beeafeedba7a92c498e706b2d27e27a91146b70f,d443d802397906e05768ece58f1554b2e3123d99ea806017c24d5c34efccc63f,0.06912609127717241,4.440892098500626e-16
flywire_783_mb_left_kc512_s702,542,spectral,role_shuffled,3,reward_trace,0.3,stats_only,54,1,0.3316582914572864,c05056aebe233eed355c3477beeafeedba7a92c498e706b2d27e27a91146b70f,f943b9578c4e5588eec586a7996eb5b43ffd3031c32e3c43afcda65464f16145,0.06912609127717241,4.440892098500626e-16
flywire_783_mb_left_kc512_s702,542,spectral,role_shuffled,3,reward_trace,0.3,coefficients_only,54,9,0.41708542713567837,c05056aebe233eed355c3477beeafeedba7a92c498e706b2d27e27a91146b70f,2ef32740160fe3e2d143284c8bfbc46908a035e23829cd43ac6f9034fb8221d6,0.06912609127717241,4.440892098500626e-16
flywire_783_mb_left_kc512_s702,542,spectral,role_shuffled,3,reward_trace,0.3,full_refit,54,9,0.4120603015075377,c05056aebe233eed355c3477beeafeedba7a92c498e706b2d27e27a91146b70f,ab90b91e62c3a2dc6c0ff35310e9246e328229fb328551982ff943bb1416b1d3,0.06912609127717241,4.440892098500626e-16
flywire_783_mb_left_kc512_s702,542,spectral,role_shuffled,3,reward_trace,1.0,fixed,54,1,0.23115577889447236,e47a685390d2c86b621a34476a04ae6e697bc0119b82cf8619671e9fa3bef6b0,d443d802397906e05768ece58f1554b2e3123d99ea806017c24d5c34efccc63f,0.23042030425724136,1.7763568394002505e-15
flywire_783_mb_left_kc512_s702,542,spectral,role_shuffled,3,reward_trace,1.0,stats_only,54,1,0.21105527638190955,e47a685390d2c86b621a34476a04ae6e697bc0119b82cf8619671e9fa3bef6b0,fcc64c02feaa8cc263960380af850683bff2bf6fdade604766b45cedc3d68866,0.23042030425724136,1.7763568394002505e-15
flywire_783_mb_left_kc512_s702,542,spectral,role_shuffled,3,reward_trace,1.0,coefficients_only,54,9,0.4120603015075377,e47a685390d2c86b621a34476a04ae6e697bc0119b82cf8619671e9fa3bef6b0,f97927b772034d0ca3dba56490451441f646df663f5ed3a4a17168fcdea04184,0.23042030425724136,1.7763568394002505e-15
flywire_783_mb_left_kc512_s702,542,spectral,role_shuffled,3,reward_trace,1.0,full_refit,54,9,0.40703517587939697,e47a685390d2c86b621a34476a04ae6e697bc0119b82cf8619671e9fa3bef6b0,4b94f5166cd133627434df805fb3159a31542025e39ac6a8d27516fb00cf6676,0.23042030425724136,1.7763568394002505e-15
flywire_783_mb_left_kc512_s702,542,spectral,role_shuffled,3,yoked_reward,0.0,fixed,55,9,0.4020100502512563,b1db75233c2573fd8381c807bc2909a62935a898df48893ba7c30cf29f8da08e,d443d802397906e05768ece58f1554b2e3123d99ea806017c24d5c34efccc63f,0.0,0.0
flywire_783_mb_left_kc512_s702,542,spectral,role_shuffled,3,yoked_reward,0.0,stats_only,55,9,0.4020100502512563,b1db75233c2573fd8381c807bc2909a62935a898df48893ba7c30cf29f8da08e,d443d802397906e05768ece58f1554b2e3123d99ea806017c24d5c34efccc63f,0.0,0.0
flywire_783_mb_left_kc512_s702,542,spectral,role_shuffled,3,yoked_reward,0.0,coefficients_only,55,9,0.4020100502512563,b1db75233c2573fd8381c807bc2909a62935a898df48893ba7c30cf29f8da08e,d443d802397906e05768ece58f1554b2e3123d99ea806017c24d5c34efccc63f,0.0,0.0
flywire_783_mb_left_kc512_s702,542,spectral,role_shuffled,3,yoked_reward,0.0,full_refit,55,9,0.4020100502512563,b1db75233c2573fd8381c807bc2909a62935a898df48893ba7c30cf29f8da08e,d443d802397906e05768ece58f1554b2e3123d99ea806017c24d5c34efccc63f,0.0,0.0
flywire_783_mb_left_kc512_s702,542,spectral,role_shuffled,3,yoked_reward,0.01,fixed,55,9,0.39195979899497485,3c140010dde62c9ffd20e2694e4f20293dabc707a93c6cebf8537f12c5550162,d443d802397906e05768ece58f1554b2e3123d99ea806017c24d5c34efccc63f,0.0021549165882442435,4.440892098500626e-16
flywire_783_mb_left_kc512_s702,542,spectral,role_shuffled,3,yoked_reward,0.01,stats_only,55,9,0.3969849246231156,3c140010dde62c9ffd20e2694e4f20293dabc707a93c6cebf8537f12c5550162,098b62d0af2aa2badb52ed6ec415405e543c1e7a06ccaf449c4bb53f33799602,0.0021549165882442435,4.440892098500626e-16
flywire_783_mb_left_kc512_s702,542,spectral,role_shuffled,3,yoked_reward,0.01,coefficients_only,55,9,0.4020100502512563,3c140010dde62c9ffd20e2694e4f20293dabc707a93c6cebf8537f12c5550162,0ec509e69a1184d53e60dd96fa858ee06a9697dc6b1ed7104d3878d07ff6e90f,0.0021549165882442435,4.440892098500626e-16
flywire_783_mb_left_kc512_s702,542,spectral,role_shuffled,3,yoked_reward,0.01,full_refit,55,9,0.4020100502512563,3c140010dde62c9ffd20e2694e4f20293dabc707a93c6cebf8537f12c5550162,d1b6d2f7a298a87ee300d64949dcf769256675d4323bd472b6fb136a0a2da003,0.0021549165882442435,4.440892098500626e-16
flywire_783_mb_left_kc512_s702,542,spectral,role_shuffled,3,yoked_reward,0.03,fixed,55,9,0.3869346733668342,269955e944bd976f947032fb077c1b8d1693d1cabd91ed9ad91189e79952877d,d443d802397906e05768ece58f1554b2e3123d99ea806017c24d5c34efccc63f,0.0064647497647327265,4.440892098500626e-16
flywire_783_mb_left_kc512_s702,542,spectral,role_shuffled,3,yoked_reward,0.03,stats_only,55,9,0.3869346733668342,269955e944bd976f947032fb077c1b8d1693d1cabd91ed9ad91189e79952877d,e50ac71a089a3e725f05fbc52b27b35f19a5db7adce11ceb3ffb9b0a36becc7c,0.0064647497647327265,4.440892098500626e-16
flywire_783_mb_left_kc512_s702,542,spectral,role_shuffled,3,yoked_reward,0.03,coefficients_only,55,9,0.4020100502512563,269955e944bd976f947032fb077c1b8d1693d1cabd91ed9ad91189e79952877d,a93d4e69633638c9ea3908cb79911b1ca43472de0b6da5020b59eb11d39f30ec,0.0064647497647327265,4.440892098500626e-16
flywire_783_mb_left_kc512_s702,542,spectral,role_shuffled,3,yoked_reward,0.03,full_refit,55,9,0.4020100502512563,269955e944bd976f947032fb077c1b8d1693d1cabd91ed9ad91189e79952877d,07dbe3b0794a4a2a3a503d9de74e665d16e3cff1b5fcb8b0c5f3111625aa40d4,0.0064647497647327265,4.440892098500626e-16
flywire_783_mb_left_kc512_s702,542,spectral,role_shuffled,3,yoked_reward,0.1,fixed,55,5,0.3417085427135678,9121e8c5bd6837d0ae9921902d56cce4d5402e4eaa6b8ce27ed181132b0263bd,d443d802397906e05768ece58f1554b2e3123d99ea806017c24d5c34efccc63f,0.021549165882442423,4.440892098500626e-16
flywire_783_mb_left_kc512_s702,542,spectral,role_shuffled,3,yoked_reward,0.1,stats_only,55,5,0.3869346733668342,9121e8c5bd6837d0ae9921902d56cce4d5402e4eaa6b8ce27ed181132b0263bd,0130897f7e30b4cfce6bcf10baae25aa0cf128cf3b890d71472a559949d9f7fc,0.021549165882442423,4.440892098500626e-16
flywire_783_mb_left_kc512_s702,542,spectral,role_shuffled,3,yoked_reward,0.1,coefficients_only,55,9,0.40703517587939697,9121e8c5bd6837d0ae9921902d56cce4d5402e4eaa6b8ce27ed181132b0263bd,560d85c3664238a3e59b30920bae3ad827094437d681f2baa3d30bceac837722,0.021549165882442423,4.440892098500626e-16
flywire_783_mb_left_kc512_s702,542,spectral,role_shuffled,3,yoked_reward,0.1,full_refit,55,9,0.4020100502512563,9121e8c5bd6837d0ae9921902d56cce4d5402e4eaa6b8ce27ed181132b0263bd,8b13638f8374be0ac0344a3575479d1c468ef39f58d26394a58e1a45e3b33edf,0.021549165882442423,4.440892098500626e-16
flywire_783_mb_left_kc512_s702,542,spectral,role_shuffled,3,yoked_reward,0.3,fixed,55,5,0.20100502512562815,4f2f8315d1cbbfe699a8221a66b8fa2a2a43f4aed98e35f3d54ccd4b74429f46,d443d802397906e05768ece58f1554b2e3123d99ea806017c24d5c34efccc63f,0.06464749764732727,6.661338147750939e-16
flywire_783_mb_left_kc512_s702,542,spectral,role_shuffled,3,yoked_reward,0.3,stats_only,55,1,0.2964824120603015,4f2f8315d1cbbfe699a8221a66b8fa2a2a43f4aed98e35f3d54ccd4b74429f46,e6d36ac20704ebc00a956704c22a907fd21bf90b9e707f7c058540406c79a696,0.06464749764732727,6.661338147750939e-16
flywire_783_mb_left_kc512_s702,542,spectral,role_shuffled,3,yoked_reward,0.3,coefficients_only,55,5,0.4020100502512563,4f2f8315d1cbbfe699a8221a66b8fa2a2a43f4aed98e35f3d54ccd4b74429f46,f913eec44b33457cbd00d6109917cfb98445acc0c176a9b6ccbdc9f48e09c0bf,0.06464749764732727,6.661338147750939e-16
flywire_783_mb_left_kc512_s702,542,spectral,role_shuffled,3,yoked_reward,0.3,full_refit,55,9,0.4120603015075377,4f2f8315d1cbbfe699a8221a66b8fa2a2a43f4aed98e35f3d54ccd4b74429f46,0256c4c42f9c02889bd2d70fe528aebbe888ca50d4e9ec7fdcbf6c75f9efacf3,0.06464749764732727,6.661338147750939e-16
flywire_783_mb_left_kc512_s702,542,spectral,role_shuffled,3,yoked_reward,1.0,fixed,55,0,0.1457286432160804,da05ce2f0c2c6fb57e6ce47a52b89889ec43368403276d58cfc930dfedb07bc0,d443d802397906e05768ece58f1554b2e3123d99ea806017c24d5c34efccc63f,0.21549165882442423,8.881784197001252e-16
flywire_783_mb_left_kc512_s702,542,spectral,role_shuffled,3,yoked_reward,1.0,stats_only,55,1,0.21105527638190955,da05ce2f0c2c6fb57e6ce47a52b89889ec43368403276d58cfc930dfedb07bc0,42432a11e6c14b9f3aa02837b75677bf9f081690d6fa10bb61fc1ec3ac9ddbbe,0.21549165882442423,8.881784197001252e-16
flywire_783_mb_left_kc512_s702,542,spectral,role_shuffled,3,yoked_reward,1.0,coefficients_only,55,5,0.3969849246231156,da05ce2f0c2c6fb57e6ce47a52b89889ec43368403276d58cfc930dfedb07bc0,4e9b0420de42ff048a047ed2f7f095d6312ae5455b8e2754539bb94486883ae4,0.21549165882442423,8.881784197001252e-16
flywire_783_mb_left_kc512_s702,542,spectral,role_shuffled,3,yoked_reward,1.0,full_refit,55,5,0.40703517587939697,da05ce2f0c2c6fb57e6ce47a52b89889ec43368403276d58cfc930dfedb07bc0,243509858715d39c9823ff640aa0eddb456486b9fbb976522ea8a8c39c3236d9,0.21549165882442423,8.881784197001252e-16
flywire_783_mb_left_kc512_s702,542,incoming_l1,fly,0,reward_trace,0.0,fixed,56,5,0.4371859296482412,b7e6183e2fa89b2dbe53ddbe059b4a1e8aba8103a525bb8586d9c109efd8c382,abda21db66d7b592544a607e426615a3c4cc40f65d80c7e2a27419a50aeba6da,0.0,0.0
flywire_783_mb_left_kc512_s702,542,incoming_l1,fly,0,reward_trace,0.0,stats_only,56,5,0.4371859296482412,b7e6183e2fa89b2dbe53ddbe059b4a1e8aba8103a525bb8586d9c109efd8c382,abda21db66d7b592544a607e426615a3c4cc40f65d80c7e2a27419a50aeba6da,0.0,0.0
flywire_783_mb_left_kc512_s702,542,incoming_l1,fly,0,reward_trace,0.0,coefficients_only,56,5,0.4371859296482412,b7e6183e2fa89b2dbe53ddbe059b4a1e8aba8103a525bb8586d9c109efd8c382,abda21db66d7b592544a607e426615a3c4cc40f65d80c7e2a27419a50aeba6da,0.0,0.0
flywire_783_mb_left_kc512_s702,542,incoming_l1,fly,0,reward_trace,0.0,full_refit,56,5,0.4371859296482412,b7e6183e2fa89b2dbe53ddbe059b4a1e8aba8103a525bb8586d9c109efd8c382,abda21db66d7b592544a607e426615a3c4cc40f65d80c7e2a27419a50aeba6da,0.0,0.0
flywire_783_mb_left_kc512_s702,542,incoming_l1,fly,0,reward_trace,0.01,fixed,56,5,0.45226130653266333,4c6ed204a79809cbce1d8f04804788c2e39861cacb13d1e2d8a52346b7a3518b,abda21db66d7b592544a607e426615a3c4cc40f65d80c7e2a27419a50aeba6da,0.0018245863185728667,3.3306690738754696e-16
flywire_783_mb_left_kc512_s702,542,incoming_l1,fly,0,reward_trace,0.01,stats_only,56,2,0.4371859296482412,4c6ed204a79809cbce1d8f04804788c2e39861cacb13d1e2d8a52346b7a3518b,33c9cd5451730f4eb502204aa71624fcd63c7e855dc9bf95973d83b857302345,0.0018245863185728667,3.3306690738754696e-16
flywire_783_mb_left_kc512_s702,542,incoming_l1,fly,0,reward_trace,0.01,coefficients_only,56,2,0.4321608040201005,4c6ed204a79809cbce1d8f04804788c2e39861cacb13d1e2d8a52346b7a3518b,b7002b4385803be9795999178f29db3eb7189e5617fb4a03b6a8c3d84f056408,0.0018245863185728667,3.3306690738754696e-16
flywire_783_mb_left_kc512_s702,542,incoming_l1,fly,0,reward_trace,0.01,full_refit,56,2,0.4321608040201005,4c6ed204a79809cbce1d8f04804788c2e39861cacb13d1e2d8a52346b7a3518b,ad2fbd9001c62920c645bb6c2145c4d4f2039acd0665dabf99d987671eebc689,0.0018245863185728667,3.3306690738754696e-16
flywire_783_mb_left_kc512_s702,542,incoming_l1,fly,0,reward_trace,0.03,fixed,56,5,0.4120603015075377,051fd788cf52676901d8449e08e3838afcf50a0ba0f8c8580fda1efefe282f5c,abda21db66d7b592544a607e426615a3c4cc40f65d80c7e2a27419a50aeba6da,0.005473758955718587,3.3306690738754696e-16
flywire_783_mb_left_kc512_s702,542,incoming_l1,fly,0,reward_trace,0.03,stats_only,56,2,0.4321608040201005,051fd788cf52676901d8449e08e3838afcf50a0ba0f8c8580fda1efefe282f5c,f76e78266e0c1a84516dbce00f17c6a9269fe7a5af671e4bd6b64166a4785b93,0.005473758955718587,3.3306690738754696e-16
flywire_783_mb_left_kc512_s702,542,incoming_l1,fly,0,reward_trace,0.03,coefficients_only,56,2,0.4371859296482412,051fd788cf52676901d8449e08e3838afcf50a0ba0f8c8580fda1efefe282f5c,435866b53b10441eebd8a7f5837fd32c564fc413755bc8352a3666196c6f795e,0.005473758955718587,3.3306690738754696e-16
flywire_783_mb_left_kc512_s702,542,incoming_l1,fly,0,reward_trace,0.03,full_refit,56,2,0.4371859296482412,051fd788cf52676901d8449e08e3838afcf50a0ba0f8c8580fda1efefe282f5c,0559620d676d9ed2e2e74f05a953ca916cb645c986253f96701deded572541d3,0.005473758955718587,3.3306690738754696e-16
flywire_783_mb_left_kc512_s702,542,incoming_l1,fly,0,reward_trace,0.1,fixed,56,1,0.34673366834170855,10018d30ed5f86b8a9370a4837a3eae36accbe320b1a916da0dd4cda078d23d2,abda21db66d7b592544a607e426615a3c4cc40f65d80c7e2a27419a50aeba6da,0.018245863185728625,3.3306690738754696e-16
flywire_783_mb_left_kc512_s702,542,incoming_l1,fly,0,reward_trace,0.1,stats_only,56,0,0.35175879396984927,10018d30ed5f86b8a9370a4837a3eae36accbe320b1a916da0dd4cda078d23d2,f2d3dac2925a54d766b1fd4588dccdfa99b2ff071dc2659f55d30ceb6724439e,0.018245863185728625,3.3306690738754696e-16
flywire_783_mb_left_kc512_s702,542,incoming_l1,fly,0,reward_trace,0.1,coefficients_only,56,2,0.4371859296482412,10018d30ed5f86b8a9370a4837a3eae36accbe320b1a916da0dd4cda078d23d2,9f089480e77c0917eec68fba424d28f7649e219a24aa4d9454992723305b10d2,0.018245863185728625,3.3306690738754696e-16
flywire_783_mb_left_kc512_s702,542,incoming_l1,fly,0,reward_trace,0.1,full_refit,56,2,0.4371859296482412,10018d30ed5f86b8a9370a4837a3eae36accbe320b1a916da0dd4cda078d23d2,72826b0e0924629b1de8d5009e854dccb6430128b0a848f3a830169ff4a3f8e7,0.018245863185728625,3.3306690738754696e-16
flywire_783_mb_left_kc512_s702,542,incoming_l1,fly,0,reward_trace,0.3,fixed,56,0,0.2613065326633166,74c8d29e98507927c0c90c9d5e9426a23bbe1146e6540ece3939ba74bcd64524,abda21db66d7b592544a607e426615a3c4cc40f65d80c7e2a27419a50aeba6da,0.05473758955718586,3.3306690738754696e-16
flywire_783_mb_left_kc512_s702,542,incoming_l1,fly,0,reward_trace,0.3,stats_only,56,0,0.25125628140703515,74c8d29e98507927c0c90c9d5e9426a23bbe1146e6540ece3939ba74bcd64524,5d0011c9b7a78252189b3aa4d437bd9b51e809fa55084ebd58b1538bb4723f58,0.05473758955718586,3.3306690738754696e-16
flywire_783_mb_left_kc512_s702,542,incoming_l1,fly,0,reward_trace,0.3,coefficients_only,56,2,0.4321608040201005,74c8d29e98507927c0c90c9d5e9426a23bbe1146e6540ece3939ba74bcd64524,a70a815eb42aa73a035aaffe9cc57f9fa742e55aacf64fa29ca46684f1fbb313,0.05473758955718586,3.3306690738754696e-16
flywire_783_mb_left_kc512_s702,542,incoming_l1,fly,0,reward_trace,0.3,full_refit,56,2,0.44221105527638194,74c8d29e98507927c0c90c9d5e9426a23bbe1146e6540ece3939ba74bcd64524,521d8c019e2ddd4dea7f7ff198394127488988eb97a22fc0f91b233f9367df37,0.05473758955718586,3.3306690738754696e-16
flywire_783_mb_left_kc512_s702,542,incoming_l1,fly,0,reward_trace,1.0,fixed,56,0,0.20603015075376885,42b3e30d9269fbe7f771e5009d8e34bd8d024230874a86bf40958d73e67bd3c0,abda21db66d7b592544a607e426615a3c4cc40f65d80c7e2a27419a50aeba6da,0.18245863185728622,5.551115123125783e-16
flywire_783_mb_left_kc512_s702,542,incoming_l1,fly,0,reward_trace,1.0,stats_only,56,0,0.21608040201005024,42b3e30d9269fbe7f771e5009d8e34bd8d024230874a86bf40958d73e67bd3c0,823be9d2b58750dcb18ae4566a096c048566420087673b4e7de710103434cbae,0.18245863185728622,5.551115123125783e-16
flywire_783_mb_left_kc512_s702,542,incoming_l1,fly,0,reward_trace,1.0,coefficients_only,56,2,0.4221105527638191,42b3e30d9269fbe7f771e5009d8e34bd8d024230874a86bf40958d73e67bd3c0,5d4898b4937863c31660b86b113b70ddfcad1baf53b2fb0612ee31bcb850e40b,0.18245863185728622,5.551115123125783e-16
flywire_783_mb_left_kc512_s702,542,incoming_l1,fly,0,reward_trace,1.0,full_refit,56,2,0.4221105527638191,42b3e30d9269fbe7f771e5009d8e34bd8d024230874a86bf40958d73e67bd3c0,001f82cf3788b6f5641b337495cd121dea83e14b9bd8b0fc8977da8aa3e80f68,0.18245863185728622,5.551115123125783e-16
flywire_783_mb_left_kc512_s702,542,incoming_l1,fly,0,yoked_reward,0.0,fixed,57,5,0.4371859296482412,b7e6183e2fa89b2dbe53ddbe059b4a1e8aba8103a525bb8586d9c109efd8c382,abda21db66d7b592544a607e426615a3c4cc40f65d80c7e2a27419a50aeba6da,0.0,0.0
flywire_783_mb_left_kc512_s702,542,incoming_l1,fly,0,yoked_reward,0.0,stats_only,57,5,0.4371859296482412,b7e6183e2fa89b2dbe53ddbe059b4a1e8aba8103a525bb8586d9c109efd8c382,abda21db66d7b592544a607e426615a3c4cc40f65d80c7e2a27419a50aeba6da,0.0,0.0
flywire_783_mb_left_kc512_s702,542,incoming_l1,fly,0,yoked_reward,0.0,coefficients_only,57,5,0.4371859296482412,b7e6183e2fa89b2dbe53ddbe059b4a1e8aba8103a525bb8586d9c109efd8c382,abda21db66d7b592544a607e426615a3c4cc40f65d80c7e2a27419a50aeba6da,0.0,0.0
flywire_783_mb_left_kc512_s702,542,incoming_l1,fly,0,yoked_reward,0.0,full_refit,57,5,0.4371859296482412,b7e6183e2fa89b2dbe53ddbe059b4a1e8aba8103a525bb8586d9c109efd8c382,abda21db66d7b592544a607e426615a3c4cc40f65d80c7e2a27419a50aeba6da,0.0,0.0
flywire_783_mb_left_kc512_s702,542,incoming_l1,fly,0,yoked_reward,0.01,fixed,57,5,0.4472361809045226,b27cbe43abbc159e530130c580a04d0adf330c548acca475f274e4e20adb5624,abda21db66d7b592544a607e426615a3c4cc40f65d80c7e2a27419a50aeba6da,0.0017594283329444693,2.220446049250313e-16
flywire_783_mb_left_kc512_s702,542,incoming_l1,fly,0,yoked_reward,0.01,stats_only,57,5,0.44221105527638194,b27cbe43abbc159e530130c580a04d0adf330c548acca475f274e4e20adb5624,73c10df2f5a2e9dc63fe89857c5aab50524f26ff9f0c21bd0495f513e890e9bb,0.0017594283329444693,2.220446049250313e-16
flywire_783_mb_left_kc512_s702,542,incoming_l1,fly,0,yoked_reward,0.01,coefficients_only,57,5,0.4371859296482412,b27cbe43abbc159e530130c580a04d0adf330c548acca475f274e4e20adb5624,063865138ba24e9d9356a4eb1fe38aa95ce7e76f6c3eba15396116fd97c61223,0.0017594283329444693,2.220446049250313e-16
flywire_783_mb_left_kc512_s702,542,incoming_l1,fly,0,yoked_reward,0.01,full_refit,57,5,0.4371859296482412,b27cbe43abbc159e530130c580a04d0adf330c548acca475f274e4e20adb5624,8de1c92cc61344ab2ba3ba2d2be92fca0f685fd3ce8551e5693173c0ab2a153b,0.0017594283329444693,2.220446049250313e-16
flywire_783_mb_left_kc512_s702,542,incoming_l1,fly,0,yoked_reward,0.03,fixed,57,5,0.44221105527638194,28ceba2e64660a9801d5f7d7b324b9c49f939182202662eade90d4620c0c69ac,abda21db66d7b592544a607e426615a3c4cc40f65d80c7e2a27419a50aeba6da,0.005278284998833398,3.3306690738754696e-16
flywire_783_mb_left_kc512_s702,542,incoming_l1,fly,0,yoked_reward,0.03,stats_only,57,1,0.4271356783919598,28ceba2e64660a9801d5f7d7b324b9c49f939182202662eade90d4620c0c69ac,46fb9cf67e0a92ed86c35a5ebe153e9f61985fe61a6b32d7b23878fa22975cdb,0.005278284998833398,3.3306690738754696e-16
flywire_783_mb_left_kc512_s702,542,incoming_l1,fly,0,yoked_reward,0.03,coefficients_only,57,5,0.4371859296482412,28ceba2e64660a9801d5f7d7b324b9c49f939182202662eade90d4620c0c69ac,111f27535fcacb76fcbdb0ab8b3df7650bfed5e60f1c99cecaba969b06f30c60,0.005278284998833398,3.3306690738754696e-16
flywire_783_mb_left_kc512_s702,542,incoming_l1,fly,0,yoked_reward,0.03,full_refit,57,5,0.4371859296482412,28ceba2e64660a9801d5f7d7b324b9c49f939182202662eade90d4620c0c69ac,9ae2e25db0c6c94055c07d01b78a3a1c2a4f959798ff3732d46c73f83c3844bc,0.005278284998833398,3.3306690738754696e-16
flywire_783_mb_left_kc512_s702,542,incoming_l1,fly,0,yoked_reward,0.1,fixed,57,1,0.3015075376884422,c18a8e128544026f387e835239352abbe659276a496ac8ae2389d9513668cb74,abda21db66d7b592544a607e426615a3c4cc40f65d80c7e2a27419a50aeba6da,0.017594283329444665,2.220446049250313e-16
flywire_783_mb_left_kc512_s702,542,incoming_l1,fly,0,yoked_reward,0.1,stats_only,57,1,0.34673366834170855,c18a8e128544026f387e835239352abbe659276a496ac8ae2389d9513668cb74,309c898144679ecae8013f1df78c409ac2802225b5fbcaf9d6aed20f27189ddf,0.017594283329444665,2.220446049250313e-16
flywire_783_mb_left_kc512_s702,542,incoming_l1,fly,0,yoked_reward,0.1,coefficients_only,57,5,0.4371859296482412,c18a8e128544026f387e835239352abbe659276a496ac8ae2389d9513668cb74,df21226e88344f81cbcd974f362047ff17551a4b1034477a814ba3dad18b88e8,0.017594283329444665,2.220446049250313e-16
flywire_783_mb_left_kc512_s702,542,incoming_l1,fly,0,yoked_reward,0.1,full_refit,57,5,0.4271356783919598,c18a8e128544026f387e835239352abbe659276a496ac8ae2389d9513668cb74,085fa0a672a9eab87cc8de4b04a5c6c7fcf15a19873424fa6a7bc0b20da1762a,0.017594283329444665,2.220446049250313e-16
flywire_783_mb_left_kc512_s702,542,incoming_l1,fly,0,yoked_reward,0.3,fixed,57,0,0.1457286432160804,efaf778a9732bbcf259363e61264d2a34786fa0580cd4e221d241d80b4a769bd,abda21db66d7b592544a607e426615a3c4cc40f65d80c7e2a27419a50aeba6da,0.052782849988333984,3.3306690738754696e-16
flywire_783_mb_left_kc512_s702,542,incoming_l1,fly,0,yoked_reward,0.3,stats_only,57,0,0.19597989949748743,efaf778a9732bbcf259363e61264d2a34786fa0580cd4e221d241d80b4a769bd,ddf49398aa40f510355466b213c0d58ee7337aba87b5de1ced10ad7b0919e3f6,0.052782849988333984,3.3306690738754696e-16
flywire_783_mb_left_kc512_s702,542,incoming_l1,fly,0,yoked_reward,0.3,coefficients_only,57,6,0.44221105527638194,efaf778a9732bbcf259363e61264d2a34786fa0580cd4e221d241d80b4a769bd,a16d8af47b38fb8940882f2b94c32b439d4e0329b44e1e9182a62fc147d2496b,0.052782849988333984,3.3306690738754696e-16
flywire_783_mb_left_kc512_s702,542,incoming_l1,fly,0,yoked_reward,0.3,full_refit,57,6,0.4472361809045226,efaf778a9732bbcf259363e61264d2a34786fa0580cd4e221d241d80b4a769bd,8247522f1d49731a4a113d4fa5bb772921cd2fd3b5024f498331e14ac4f1475c,0.052782849988333984,3.3306690738754696e-16
flywire_783_mb_left_kc512_s702,542,incoming_l1,fly,0,yoked_reward,1.0,fixed,57,0,0.11055276381909548,46161141261b65d3635cbf82cfdd69f982b1e84c1f86495d11705558779b2f23,abda21db66d7b592544a607e426615a3c4cc40f65d80c7e2a27419a50aeba6da,0.17594283329444665,1.1102230246251565e-15
flywire_783_mb_left_kc512_s702,542,incoming_l1,fly,0,yoked_reward,1.0,stats_only,57,0,0.12060301507537688,46161141261b65d3635cbf82cfdd69f982b1e84c1f86495d11705558779b2f23,feddd3642ba34efb1033e91ca1c46b9b1467668095a8adf60cb0cb3cfa5e577c,0.17594283329444665,1.1102230246251565e-15
flywire_783_mb_left_kc512_s702,542,incoming_l1,fly,0,yoked_reward,1.0,coefficients_only,57,6,0.4321608040201005,46161141261b65d3635cbf82cfdd69f982b1e84c1f86495d11705558779b2f23,f3c755e5e8509556216ca84a9c49a0dea84851023f0eb2f839837f565fd47fae,0.17594283329444665,1.1102230246251565e-15
flywire_783_mb_left_kc512_s702,542,incoming_l1,fly,0,yoked_reward,1.0,full_refit,57,6,0.41708542713567837,46161141261b65d3635cbf82cfdd69f982b1e84c1f86495d11705558779b2f23,224be4a46a40e62cce0f9586354136bacb897f6e1e417db4075e155e0b9aa7bc,0.17594283329444665,1.1102230246251565e-15
flywire_783_mb_left_kc512_s702,542,incoming_l1,fly,3,reward_trace,0.0,fixed,58,5,0.4371859296482412,b7e6183e2fa89b2dbe53ddbe059b4a1e8aba8103a525bb8586d9c109efd8c382,abda21db66d7b592544a607e426615a3c4cc40f65d80c7e2a27419a50aeba6da,0.0,0.0
flywire_783_mb_left_kc512_s702,542,incoming_l1,fly,3,reward_trace,0.0,stats_only,58,5,0.4371859296482412,b7e6183e2fa89b2dbe53ddbe059b4a1e8aba8103a525bb8586d9c109efd8c382,abda21db66d7b592544a607e426615a3c4cc40f65d80c7e2a27419a50aeba6da,0.0,0.0
flywire_783_mb_left_kc512_s702,542,incoming_l1,fly,3,reward_trace,0.0,coefficients_only,58,5,0.4371859296482412,b7e6183e2fa89b2dbe53ddbe059b4a1e8aba8103a525bb8586d9c109efd8c382,abda21db66d7b592544a607e426615a3c4cc40f65d80c7e2a27419a50aeba6da,0.0,0.0
flywire_783_mb_left_kc512_s702,542,incoming_l1,fly,3,reward_trace,0.0,full_refit,58,5,0.4371859296482412,b7e6183e2fa89b2dbe53ddbe059b4a1e8aba8103a525bb8586d9c109efd8c382,abda21db66d7b592544a607e426615a3c4cc40f65d80c7e2a27419a50aeba6da,0.0,0.0
flywire_783_mb_left_kc512_s702,542,incoming_l1,fly,3,reward_trace,0.01,fixed,58,2,0.4271356783919598,96c9970ada51bed04f91b20f757f26fd08759131103c262316e2259f39b5fca2,abda21db66d7b592544a607e426615a3c4cc40f65d80c7e2a27419a50aeba6da,0.0022800093669230297,4.440892098500626e-16
flywire_783_mb_left_kc512_s702,542,incoming_l1,fly,3,reward_trace,0.01,stats_only,58,2,0.4321608040201005,96c9970ada51bed04f91b20f757f26fd08759131103c262316e2259f39b5fca2,263a1d4eb09b4198aaca2976368a2f2dd48ab9f063b33f1e04e6e721a9426bf9,0.0022800093669230297,4.440892098500626e-16
flywire_783_mb_left_kc512_s702,542,incoming_l1,fly,3,reward_trace,0.01,coefficients_only,58,5,0.4371859296482412,96c9970ada51bed04f91b20f757f26fd08759131103c262316e2259f39b5fca2,39df7271479c970a9c67dc823609911dde8649f7e65e795d2896f9b6d2f0d834,0.0022800093669230297,4.440892098500626e-16
flywire_783_mb_left_kc512_s702,542,incoming_l1,fly,3,reward_trace,0.01,full_refit,58,5,0.4371859296482412,96c9970ada51bed04f91b20f757f26fd08759131103c262316e2259f39b5fca2,afe8c789f16fff756d83e113ac144e3c53404ff9d8c7c63769241d71ea6193d9,0.0022800093669230297,4.440892098500626e-16
flywire_783_mb_left_kc512_s702,542,incoming_l1,fly,3,reward_trace,0.03,fixed,58,2,0.36180904522613067,28312c215a8ca2a03c32e21fdf0f438edee0f5997737d524dde679012731bce9,abda21db66d7b592544a607e426615a3c4cc40f65d80c7e2a27419a50aeba6da,0.006840028100769089,3.3306690738754696e-16
flywire_783_mb_left_kc512_s702,542,incoming_l1,fly,3,reward_trace,0.03,stats_only,58,2,0.4271356783919598,28312c215a8ca2a03c32e21fdf0f438edee0f5997737d524dde679012731bce9,12833a23a8d58c788ff5f9b2286f67d5c16413723363199cb6c86d4f7e41f827,0.006840028100769089,3.3306690738754696e-16
flywire_783_mb_left_kc512_s702,542,incoming_l1,fly,3,reward_trace,0.03,coefficients_only,58,5,0.44221105527638194,28312c215a8ca2a03c32e21fdf0f438edee0f5997737d524dde679012731bce9,425889e34c470b7b19e47acc1956c58977035751995954b562e6b3e4ac51cc8c,0.006840028100769089,3.3306690738754696e-16
flywire_783_mb_left_kc512_s702,542,incoming_l1,fly,3,reward_trace,0.03,full_refit,58,5,0.44221105527638194,28312c215a8ca2a03c32e21fdf0f438edee0f5997737d524dde679012731bce9,e12168f309d5f5fa48853e89a6f6c15243f57d7500b98451d3ca36485240a347,0.006840028100769089,3.3306690738754696e-16
flywire_783_mb_left_kc512_s702,542,incoming_l1,fly,3,reward_trace,0.1,fixed,58,1,0.24120603015075376,9ec82900fda7c3eced7dffbff718faf76782fa6011280d8121325e77d2b2ac3f,abda21db66d7b592544a607e426615a3c4cc40f65d80c7e2a27419a50aeba6da,0.022800093669230283,3.3306690738754696e-16
flywire_783_mb_left_kc512_s702,542,incoming_l1,fly,3,reward_trace,0.1,stats_only,58,0,0.32160804020100503,9ec82900fda7c3eced7dffbff718faf76782fa6011280d8121325e77d2b2ac3f,5bf2d78cbda1584cd3a8e9fdce9365b18b4c907f655bedee00358adeee93cd00,0.022800093669230283,3.3306690738754696e-16
flywire_783_mb_left_kc512_s702,542,incoming_l1,fly,3,reward_trace,0.1,coefficients_only,58,2,0.4271356783919598,9ec82900fda7c3eced7dffbff718faf76782fa6011280d8121325e77d2b2ac3f,90aaca610a7fc395d1cd2dc0fb08dd55e044272f14f68d08b5c6d2f0e3142f29,0.022800093669230283,3.3306690738754696e-16
flywire_783_mb_left_kc512_s702,542,incoming_l1,fly,3,reward_trace,0.1,full_refit,58,5,0.44221105527638194,9ec82900fda7c3eced7dffbff718faf76782fa6011280d8121325e77d2b2ac3f,fce0f29cdf41f3d24159bcfc1070fc1f4288c0b69bc6f87660ab3087d893e7cf,0.022800093669230283,3.3306690738754696e-16
flywire_783_mb_left_kc512_s702,542,incoming_l1,fly,3,reward_trace,0.3,fixed,58,0,0.18592964824120603,edaa45f84b441940a52a56e14361d63572a4fd527f1156cea57c0cbc0d384c41,abda21db66d7b592544a607e426615a3c4cc40f65d80c7e2a27419a50aeba6da,0.06840028100769087,4.440892098500626e-16
flywire_783_mb_left_kc512_s702,542,incoming_l1,fly,3,reward_trace,0.3,stats_only,58,0,0.23618090452261306,edaa45f84b441940a52a56e14361d63572a4fd527f1156cea57c0cbc0d384c41,fccc2bf688de1591b1bd3bba70ea0d6607ae11722836cd3ba219a9a6a72d070e,0.06840028100769087,4.440892098500626e-16
flywire_783_mb_left_kc512_s702,542,incoming_l1,fly,3,reward_trace,0.3,coefficients_only,58,5,0.457286432160804,edaa45f84b441940a52a56e14361d63572a4fd527f1156cea57c0cbc0d384c41,f72a6d0179de252381eacdd6c3a588cbbb06794d9d42dbe2a87762da8222c3df,0.06840028100769087,4.440892098500626e-16
flywire_783_mb_left_kc512_s702,542,incoming_l1,fly,3,reward_trace,0.3,full_refit,58,5,0.45226130653266333,edaa45f84b441940a52a56e14361d63572a4fd527f1156cea57c0cbc0d384c41,ac9fbf8e1502f8d2a9fb14442ecc6772cf62bff08791630e8c337682457a0982,0.06840028100769087,4.440892098500626e-16
flywire_783_mb_left_kc512_s702,542,incoming_l1,fly,3,reward_trace,1.0,fixed,58,0,0.18592964824120603,ba504782ff004894e9cc24118843fd1d1766abcde7bb18cca02769e0598444d7,abda21db66d7b592544a607e426615a3c4cc40f65d80c7e2a27419a50aeba6da,0.22800093669230284,9.992007221626409e-16
flywire_783_mb_left_kc512_s702,542,incoming_l1,fly,3,reward_trace,1.0,stats_only,58,0,0.1457286432160804,ba504782ff004894e9cc24118843fd1d1766abcde7bb18cca02769e0598444d7,7eddb572b0eec2bbea735b48463240c295ed242b4153b613fda40ab5ae795ee8,0.22800093669230284,9.992007221626409e-16
flywire_783_mb_left_kc512_s702,542,incoming_l1,fly,3,reward_trace,1.0,coefficients_only,58,2,0.4371859296482412,ba504782ff004894e9cc24118843fd1d1766abcde7bb18cca02769e0598444d7,5881fb0d78551189b7c23029d526d04fdff5a0147a3830ecbf33709b447ae2b6,0.22800093669230284,9.992007221626409e-16
flywire_783_mb_left_kc512_s702,542,incoming_l1,fly,3,reward_trace,1.0,full_refit,58,5,0.4472361809045226,ba504782ff004894e9cc24118843fd1d1766abcde7bb18cca02769e0598444d7,5886df66ae9ea1a8500e93ec536f2ddc45513ebca52f321d273b847ea47f8dc9,0.22800093669230284,9.992007221626409e-16
flywire_783_mb_left_kc512_s702,542,incoming_l1,fly,3,yoked_reward,0.0,fixed,59,5,0.4371859296482412,b7e6183e2fa89b2dbe53ddbe059b4a1e8aba8103a525bb8586d9c109efd8c382,abda21db66d7b592544a607e426615a3c4cc40f65d80c7e2a27419a50aeba6da,0.0,0.0
flywire_783_mb_left_kc512_s702,542,incoming_l1,fly,3,yoked_reward,0.0,stats_only,59,5,0.4371859296482412,b7e6183e2fa89b2dbe53ddbe059b4a1e8aba8103a525bb8586d9c109efd8c382,abda21db66d7b592544a607e426615a3c4cc40f65d80c7e2a27419a50aeba6da,0.0,0.0
flywire_783_mb_left_kc512_s702,542,incoming_l1,fly,3,yoked_reward,0.0,coefficients_only,59,5,0.4371859296482412,b7e6183e2fa89b2dbe53ddbe059b4a1e8aba8103a525bb8586d9c109efd8c382,abda21db66d7b592544a607e426615a3c4cc40f65d80c7e2a27419a50aeba6da,0.0,0.0
flywire_783_mb_left_kc512_s702,542,incoming_l1,fly,3,yoked_reward,0.0,full_refit,59,5,0.4371859296482412,b7e6183e2fa89b2dbe53ddbe059b4a1e8aba8103a525bb8586d9c109efd8c382,abda21db66d7b592544a607e426615a3c4cc40f65d80c7e2a27419a50aeba6da,0.0,0.0
flywire_783_mb_left_kc512_s702,542,incoming_l1,fly,3,yoked_reward,0.01,fixed,59,2,0.4221105527638191,0b8fd7b2ee6cf105a583883e1297b8158623cba3b047d3f0bea16d5fddf7d39d,abda21db66d7b592544a607e426615a3c4cc40f65d80c7e2a27419a50aeba6da,0.0016787123208145734,2.220446049250313e-16
flywire_783_mb_left_kc512_s702,542,incoming_l1,fly,3,yoked_reward,0.01,stats_only,59,2,0.4371859296482412,0b8fd7b2ee6cf105a583883e1297b8158623cba3b047d3f0bea16d5fddf7d39d,4ca52bd42f453d3fcb081d5839c47d5f5122f495b327ef8a2e4d7f594a9131a9,0.0016787123208145734,2.220446049250313e-16
flywire_783_mb_left_kc512_s702,542,incoming_l1,fly,3,yoked_reward,0.01,coefficients_only,59,5,0.4371859296482412,0b8fd7b2ee6cf105a583883e1297b8158623cba3b047d3f0bea16d5fddf7d39d,b1f847249b6466f36830799771319bd6cacdce61b215c1bcb9121030ccb587fb,0.0016787123208145734,2.220446049250313e-16
flywire_783_mb_left_kc512_s702,542,incoming_l1,fly,3,yoked_reward,0.01,full_refit,59,5,0.4371859296482412,0b8fd7b2ee6cf105a583883e1297b8158623cba3b047d3f0bea16d5fddf7d39d,83e7cff076585ceab61f837506b20dd58469c38233d7c4b0487f28297d829ee6,0.0016787123208145734,2.220446049250313e-16
flywire_783_mb_left_kc512_s702,542,incoming_l1,fly,3,yoked_reward,0.03,fixed,59,2,0.40703517587939697,66bd03fc2abb5818574f6e6a6fee03c814050d174c1025221784050699ad61c6,abda21db66d7b592544a607e426615a3c4cc40f65d80c7e2a27419a50aeba6da,0.00503613696244372,2.220446049250313e-16
flywire_783_mb_left_kc512_s702,542,incoming_l1,fly,3,yoked_reward,0.03,stats_only,59,2,0.4271356783919598,66bd03fc2abb5818574f6e6a6fee03c814050d174c1025221784050699ad61c6,daf733913adae22057d3d53bfd5a352d3d8e8c9e6dfb609dfe39e76e14e460e9,0.00503613696244372,2.220446049250313e-16
flywire_783_mb_left_kc512_s702,542,incoming_l1,fly,3,yoked_reward,0.03,coefficients_only,59,5,0.4371859296482412,66bd03fc2abb5818574f6e6a6fee03c814050d174c1025221784050699ad61c6,709b24db719ac82474f0daf1a1712f33f8356ba7e27597a1817a78beb1e395c0,0.00503613696244372,2.220446049250313e-16
flywire_783_mb_left_kc512_s702,542,incoming_l1,fly,3,yoked_reward,0.03,full_refit,59,5,0.4371859296482412,66bd03fc2abb5818574f6e6a6fee03c814050d174c1025221784050699ad61c6,b8cd2b1bbdb21440936b3bdc598650e4ac1d71ba4a06123f1daa76835ede7a29,0.00503613696244372,2.220446049250313e-16
flywire_783_mb_left_kc512_s702,542,incoming_l1,fly,3,yoked_reward,0.1,fixed,59,2,0.2613065326633166,1e5ca59d9667a10eb9fbbc3372abe0e32c5f5364228b17f8307eafe92906467b,abda21db66d7b592544a607e426615a3c4cc40f65d80c7e2a27419a50aeba6da,0.016787123208145734,2.220446049250313e-16
flywire_783_mb_left_kc512_s702,542,incoming_l1,fly,3,yoked_reward,0.1,stats_only,59,2,0.37185929648241206,1e5ca59d9667a10eb9fbbc3372abe0e32c5f5364228b17f8307eafe92906467b,75ae01a2ee3c971893b4db36c07b4eac2484a8f29b8e9a87f19281e1e446fd80,0.016787123208145734,2.220446049250313e-16
flywire_783_mb_left_kc512_s702,542,incoming_l1,fly,3,yoked_reward,0.1,coefficients_only,59,5,0.44221105527638194,1e5ca59d9667a10eb9fbbc3372abe0e32c5f5364228b17f8307eafe92906467b,caeefe7984467cb1de9f20d3d63734d86696f9e35efb9691c6f73ef90b950816,0.016787123208145734,2.220446049250313e-16
flywire_783_mb_left_kc512_s702,542,incoming_l1,fly,3,yoked_reward,0.1,full_refit,59,5,0.4371859296482412,1e5ca59d9667a10eb9fbbc3372abe0e32c5f5364228b17f8307eafe92906467b,296dc4ee776ee132003e241ee65408229f3acc1fa4ee1eda1bc9e80f115b1b0c,0.016787123208145734,2.220446049250313e-16
flywire_783_mb_left_kc512_s702,542,incoming_l1,fly,3,yoked_reward,0.3,fixed,59,0,0.12060301507537688,e4b3e29c962788d8bf5af48120ac212050841ea58d108de79d06939825145f13,abda21db66d7b592544a607e426615a3c4cc40f65d80c7e2a27419a50aeba6da,0.050361369624437206,4.440892098500626e-16
flywire_783_mb_left_kc512_s702,542,incoming_l1,fly,3,yoked_reward,0.3,stats_only,59,0,0.21608040201005024,e4b3e29c962788d8bf5af48120ac212050841ea58d108de79d06939825145f13,839fa543b8ebe9d3bfaca68b38a4c6e042d662790b57f272105c28b084562a59,0.050361369624437206,4.440892098500626e-16
flywire_783_mb_left_kc512_s702,542,incoming_l1,fly,3,yoked_reward,0.3,coefficients_only,59,5,0.4271356783919598,e4b3e29c962788d8bf5af48120ac212050841ea58d108de79d06939825145f13,8bdd95abffb8f3334c3cdb62e0f02d6ed4a05993a55e9c999709d04e928f1e64,0.050361369624437206,4.440892098500626e-16
flywire_783_mb_left_kc512_s702,542,incoming_l1,fly,3,yoked_reward,0.3,full_refit,59,6,0.4371859296482412,e4b3e29c962788d8bf5af48120ac212050841ea58d108de79d06939825145f13,c69610afd4c4e2cd7fbd9de1a8a46643182e63506039a53932c7723b10efa637,0.050361369624437206,4.440892098500626e-16
flywire_783_mb_left_kc512_s702,542,incoming_l1,fly,3,yoked_reward,1.0,fixed,59,0,0.11055276381909548,19533d62551e8eb40fa5375b46288ab02a028d1e8491399c9f50563dc1982da5,abda21db66d7b592544a607e426615a3c4cc40f65d80c7e2a27419a50aeba6da,0.16787123208145732,7.771561172376096e-16
flywire_783_mb_left_kc512_s702,542,incoming_l1,fly,3,yoked_reward,1.0,stats_only,59,0,0.11055276381909548,19533d62551e8eb40fa5375b46288ab02a028d1e8491399c9f50563dc1982da5,60b692a4f5128827baf87f0f117e38d0183dd259b139712fc53020d972e94778,0.16787123208145732,7.771561172376096e-16
flywire_783_mb_left_kc512_s702,542,incoming_l1,fly,3,yoked_reward,1.0,coefficients_only,59,2,0.3969849246231156,19533d62551e8eb40fa5375b46288ab02a028d1e8491399c9f50563dc1982da5,ccded04356e353f0d246d48c439f079778eed72dda9a6ab695189b2c94e284c6,0.16787123208145732,7.771561172376096e-16
flywire_783_mb_left_kc512_s702,542,incoming_l1,fly,3,yoked_reward,1.0,full_refit,59,5,0.3969849246231156,19533d62551e8eb40fa5375b46288ab02a028d1e8491399c9f50563dc1982da5,af0a579cfdd0e4a9e1fc75811b6de4cba14572ffb05b13684283c601ae9c7342,0.16787123208145732,7.771561172376096e-16
flywire_783_mb_left_kc512_s702,542,incoming_l1,role_shuffled,0,reward_trace,0.0,fixed,60,6,0.46733668341708545,d1a3a35be2db7219b3250d16f5b012ca29a7c83408a29982228b16485ba71e9f,8f85b478b530bfb2a54026b8528dbafe382af67e8d7ebb840c576880ceefda0e,0.0,0.0
flywire_783_mb_left_kc512_s702,542,incoming_l1,role_shuffled,0,reward_trace,0.0,stats_only,60,6,0.46733668341708545,d1a3a35be2db7219b3250d16f5b012ca29a7c83408a29982228b16485ba71e9f,8f85b478b530bfb2a54026b8528dbafe382af67e8d7ebb840c576880ceefda0e,0.0,0.0
flywire_783_mb_left_kc512_s702,542,incoming_l1,role_shuffled,0,reward_trace,0.0,coefficients_only,60,6,0.46733668341708545,d1a3a35be2db7219b3250d16f5b012ca29a7c83408a29982228b16485ba71e9f,8f85b478b530bfb2a54026b8528dbafe382af67e8d7ebb840c576880ceefda0e,0.0,0.0
flywire_783_mb_left_kc512_s702,542,incoming_l1,role_shuffled,0,reward_trace,0.0,full_refit,60,6,0.46733668341708545,d1a3a35be2db7219b3250d16f5b012ca29a7c83408a29982228b16485ba71e9f,8f85b478b530bfb2a54026b8528dbafe382af67e8d7ebb840c576880ceefda0e,0.0,0.0
flywire_783_mb_left_kc512_s702,542,incoming_l1,role_shuffled,0,reward_trace,0.01,fixed,60,6,0.46733668341708545,2b8a8e7ddecd7a4b59411c19569dcad060514f7d2f2cf2159fefb2d0d6bc138d,8f85b478b530bfb2a54026b8528dbafe382af67e8d7ebb840c576880ceefda0e,0.0019881624875469337,3.3306690738754696e-16
flywire_783_mb_left_kc512_s702,542,incoming_l1,role_shuffled,0,reward_trace,0.01,stats_only,60,6,0.46733668341708545,2b8a8e7ddecd7a4b59411c19569dcad060514f7d2f2cf2159fefb2d0d6bc138d,6af905f4940da2703a5ee62b418a9d0373bfa0e2586d4ee3df229845cfa9aa9e,0.0019881624875469337,3.3306690738754696e-16
flywire_783_mb_left_kc512_s702,542,incoming_l1,role_shuffled,0,reward_trace,0.01,coefficients_only,60,6,0.46733668341708545,2b8a8e7ddecd7a4b59411c19569dcad060514f7d2f2cf2159fefb2d0d6bc138d,8442353bcb901dd51cecec5a94b2b47015ccc3334a20c5f67d4e13f70dd76e46,0.0019881624875469337,3.3306690738754696e-16
flywire_783_mb_left_kc512_s702,542,incoming_l1,role_shuffled,0,reward_trace,0.01,full_refit,60,6,0.46733668341708545,2b8a8e7ddecd7a4b59411c19569dcad060514f7d2f2cf2159fefb2d0d6bc138d,b4eb3720314dc1bca2fd3b39dc29649e6bedcb6402f196cb583d6cab493b166b,0.0019881624875469337,3.3306690738754696e-16
flywire_783_mb_left_kc512_s702,542,incoming_l1,role_shuffled,0,reward_trace,0.03,fixed,60,5,0.4472361809045226,00fbd2e579ccc9c49d5cbad3625d6a9fbc44c7864cd3c0abaac7df739812019d,8f85b478b530bfb2a54026b8528dbafe382af67e8d7ebb840c576880ceefda0e,0.005964487462640804,3.3306690738754696e-16
flywire_783_mb_left_kc512_s702,542,incoming_l1,role_shuffled,0,reward_trace,0.03,stats_only,60,6,0.457286432160804,00fbd2e579ccc9c49d5cbad3625d6a9fbc44c7864cd3c0abaac7df739812019d,6a36bc0dd3e56fc4e21234d5af30586e0d74d98b14d721d2472af4e195c86cc0,0.005964487462640804,3.3306690738754696e-16
flywire_783_mb_left_kc512_s702,542,incoming_l1,role_shuffled,0,reward_trace,0.03,coefficients_only,60,6,0.4723618090452261,00fbd2e579ccc9c49d5cbad3625d6a9fbc44c7864cd3c0abaac7df739812019d,3b7e8ce55b0f42309881dfd7eb6c3c490d4cc6a9bcb0b9d5f81906eedafccdd6,0.005964487462640804,3.3306690738754696e-16
flywire_783_mb_left_kc512_s702,542,incoming_l1,role_shuffled,0,reward_trace,0.03,full_refit,60,6,0.4723618090452261,00fbd2e579ccc9c49d5cbad3625d6a9fbc44c7864cd3c0abaac7df739812019d,5283a35d48bda010cd258f8a3df3471360481ce2657ec9c4552f73c2de483831,0.005964487462640804,3.3306690738754696e-16
flywire_783_mb_left_kc512_s702,542,incoming_l1,role_shuffled,0,reward_trace,0.1,fixed,60,4,0.34673366834170855,690d0e9e67ff90e3d17db5655cf8ca3c935326c952f4e65ce035339b3c480316,8f85b478b530bfb2a54026b8528dbafe382af67e8d7ebb840c576880ceefda0e,0.019881624875469343,3.3306690738754696e-16
flywire_783_mb_left_kc512_s702,542,incoming_l1,role_shuffled,0,reward_trace,0.1,stats_only,60,5,0.35678391959798994,690d0e9e67ff90e3d17db5655cf8ca3c935326c952f4e65ce035339b3c480316,cf476c1b8fc667f8c4b1c587e2d1561a208ad54a260a64b75672de7cf4fa463a,0.019881624875469343,3.3306690738754696e-16
flywire_783_mb_left_kc512_s702,542,incoming_l1,role_shuffled,0,reward_trace,0.1,coefficients_only,60,6,0.47738693467336685,690d0e9e67ff90e3d17db5655cf8ca3c935326c952f4e65ce035339b3c480316,d54631203cc523479ccd73ac411705336cc79f60811f00aa46f360da43e852be,0.019881624875469343,3.3306690738754696e-16
flywire_783_mb_left_kc512_s702,542,incoming_l1,role_shuffled,0,reward_trace,0.1,full_refit,60,6,0.47738693467336685,690d0e9e67ff90e3d17db5655cf8ca3c935326c952f4e65ce035339b3c480316,e21e293bc2cc5625502be759966169d0d5f1495298891750a426493f573fe749,0.019881624875469343,3.3306690738754696e-16
flywire_783_mb_left_kc512_s702,542,incoming_l1,role_shuffled,0,reward_trace,0.3,fixed,60,2,0.2814070351758794,0f69362ecc7a217b8f2f12d8873a9e73d52975dfba6310c91c2dabdb412abe8f,8f85b478b530bfb2a54026b8528dbafe382af67e8d7ebb840c576880ceefda0e,0.05964487462640804,4.440892098500626e-16
flywire_783_mb_left_kc512_s702,542,incoming_l1,role_shuffled,0,reward_trace,0.3,stats_only,60,1,0.2663316582914573,0f69362ecc7a217b8f2f12d8873a9e73d52975dfba6310c91c2dabdb412abe8f,821dc3d987abd7b577fd7fcc076f8cb97f896f3daad72b514b3a889d82be7b58,0.05964487462640804,4.440892098500626e-16
flywire_783_mb_left_kc512_s702,542,incoming_l1,role_shuffled,0,reward_trace,0.3,coefficients_only,60,6,0.46733668341708545,0f69362ecc7a217b8f2f12d8873a9e73d52975dfba6310c91c2dabdb412abe8f,53e35d90e84ac2f5bbd84254d1a5e559083cfe7f51e982df62661b6d1296d8c2,0.05964487462640804,4.440892098500626e-16
flywire_783_mb_left_kc512_s702,542,incoming_l1,role_shuffled,0,reward_trace,0.3,full_refit,60,6,0.4623115577889447,0f69362ecc7a217b8f2f12d8873a9e73d52975dfba6310c91c2dabdb412abe8f,34f3bfb6a479aed9c11ff419a32a395d2a7b5a79f9265e07384dfedd7b6196b9,0.05964487462640804,4.440892098500626e-16
flywire_783_mb_left_kc512_s702,542,incoming_l1,role_shuffled,0,reward_trace,1.0,fixed,60,1,0.23115577889447236,e896c29de82ad2639b5893fe99a57c0bc331575936108235254b11c2c4f19e3b,8f85b478b530bfb2a54026b8528dbafe382af67e8d7ebb840c576880ceefda0e,0.19881624875469342,1.1102230246251565e-15
flywire_783_mb_left_kc512_s702,542,incoming_l1,role_shuffled,0,reward_trace,1.0,stats_only,60,1,0.22613065326633167,e896c29de82ad2639b5893fe99a57c0bc331575936108235254b11c2c4f19e3b,e331c3c51413abf99271b9dff11b5b72dce41acb7e544a831ef7a9c7f9008c42,0.19881624875469342,1.1102230246251565e-15
flywire_783_mb_left_kc512_s702,542,incoming_l1,role_shuffled,0,reward_trace,1.0,coefficients_only,60,7,0.44221105527638194,e896c29de82ad2639b5893fe99a57c0bc331575936108235254b11c2c4f19e3b,7fc61599f6fa65d27142dd739bde2012f54dbeee835c0f43f766564fb41d588e,0.19881624875469342,1.1102230246251565e-15
flywire_783_mb_left_kc512_s702,542,incoming_l1,role_shuffled,0,reward_trace,1.0,full_refit,60,7,0.4472361809045226,e896c29de82ad2639b5893fe99a57c0bc331575936108235254b11c2c4f19e3b,1d11761c285e2e9b0306fd53088b1596da6fa8e092b484d378c2633d52575ba3,0.19881624875469342,1.1102230246251565e-15
flywire_783_mb_left_kc512_s702,542,incoming_l1,role_shuffled,0,yoked_reward,0.0,fixed,61,6,0.46733668341708545,d1a3a35be2db7219b3250d16f5b012ca29a7c83408a29982228b16485ba71e9f,8f85b478b530bfb2a54026b8528dbafe382af67e8d7ebb840c576880ceefda0e,0.0,0.0
flywire_783_mb_left_kc512_s702,542,incoming_l1,role_shuffled,0,yoked_reward,0.0,stats_only,61,6,0.46733668341708545,d1a3a35be2db7219b3250d16f5b012ca29a7c83408a29982228b16485ba71e9f,8f85b478b530bfb2a54026b8528dbafe382af67e8d7ebb840c576880ceefda0e,0.0,0.0
flywire_783_mb_left_kc512_s702,542,incoming_l1,role_shuffled,0,yoked_reward,0.0,coefficients_only,61,6,0.46733668341708545,d1a3a35be2db7219b3250d16f5b012ca29a7c83408a29982228b16485ba71e9f,8f85b478b530bfb2a54026b8528dbafe382af67e8d7ebb840c576880ceefda0e,0.0,0.0
flywire_783_mb_left_kc512_s702,542,incoming_l1,role_shuffled,0,yoked_reward,0.0,full_refit,61,6,0.46733668341708545,d1a3a35be2db7219b3250d16f5b012ca29a7c83408a29982228b16485ba71e9f,8f85b478b530bfb2a54026b8528dbafe382af67e8d7ebb840c576880ceefda0e,0.0,0.0
flywire_783_mb_left_kc512_s702,542,incoming_l1,role_shuffled,0,yoked_reward,0.01,fixed,61,6,0.4472361809045226,da27ab551d50255c7dc61fe617ee144dbec77da496549f7522f847221e2fb444,8f85b478b530bfb2a54026b8528dbafe382af67e8d7ebb840c576880ceefda0e,0.0020039032161747014,3.3306690738754696e-16
flywire_783_mb_left_kc512_s702,542,incoming_l1,role_shuffled,0,yoked_reward,0.01,stats_only,61,6,0.4723618090452261,da27ab551d50255c7dc61fe617ee144dbec77da496549f7522f847221e2fb444,be420a4202da8fe3e4d92790e263d513d13f9f2f183d474542afa1fb77b0f070,0.0020039032161747014,3.3306690738754696e-16
flywire_783_mb_left_kc512_s702,542,incoming_l1,role_shuffled,0,yoked_reward,0.01,coefficients_only,61,6,0.46733668341708545,da27ab551d50255c7dc61fe617ee144dbec77da496549f7522f847221e2fb444,79dd7004e0b14186b02838815dff14137bd844603c6fd1449f2bf2e74a4e74f3,0.0020039032161747014,3.3306690738754696e-16
flywire_783_mb_left_kc512_s702,542,incoming_l1,role_shuffled,0,yoked_reward,0.01,full_refit,61,6,0.46733668341708545,da27ab551d50255c7dc61fe617ee144dbec77da496549f7522f847221e2fb444,0f93a869d83ab6ebfaf46aca08648e63336949ae06db27329af781c7b13fb948,0.0020039032161747014,3.3306690738754696e-16
flywire_783_mb_left_kc512_s702,542,incoming_l1,role_shuffled,0,yoked_reward,0.03,fixed,61,8,0.41708542713567837,84cfe7857f51b8f65113d6530948fa2e4b38da2cf4ded77ad7eb9e9f69e7c65d,8f85b478b530bfb2a54026b8528dbafe382af67e8d7ebb840c576880ceefda0e,0.006011709648524102,3.3306690738754696e-16
flywire_783_mb_left_kc512_s702,542,incoming_l1,role_shuffled,0,yoked_reward,0.03,stats_only,61,6,0.4321608040201005,84cfe7857f51b8f65113d6530948fa2e4b38da2cf4ded77ad7eb9e9f69e7c65d,969542a7e5805b58940973ace60abb6a00b29bb7fda3c3f23edb2e91127a8e1e,0.006011709648524102,3.3306690738754696e-16
flywire_783_mb_left_kc512_s702,542,incoming_l1,role_shuffled,0,yoked_reward,0.03,coefficients_only,61,6,0.46733668341708545,84cfe7857f51b8f65113d6530948fa2e4b38da2cf4ded77ad7eb9e9f69e7c65d,79a6d2337eea40cdefc000ff07f7ab623cffc88cd858e4ae86251a98af698797,0.006011709648524102,3.3306690738754696e-16
flywire_783_mb_left_kc512_s702,542,incoming_l1,role_shuffled,0,yoked_reward,0.03,full_refit,61,6,0.46733668341708545,84cfe7857f51b8f65113d6530948fa2e4b38da2cf4ded77ad7eb9e9f69e7c65d,2fcb73e3d6f5f2f85e1d375074788ae12e2a5b94c4b8d0b487ac47243d930525,0.006011709648524102,3.3306690738754696e-16
flywire_783_mb_left_kc512_s702,542,incoming_l1,role_shuffled,0,yoked_reward,0.1,fixed,61,1,0.3316582914572864,5eb2152882ffcf22a7b4a689dad7737ba1f5df0f768fda0505d51ecde0f278d2,8f85b478b530bfb2a54026b8528dbafe382af67e8d7ebb840c576880ceefda0e,0.020039032161747013,2.220446049250313e-16
flywire_783_mb_left_kc512_s702,542,incoming_l1,role_shuffled,0,yoked_reward,0.1,stats_only,61,1,0.37185929648241206,5eb2152882ffcf22a7b4a689dad7737ba1f5df0f768fda0505d51ecde0f278d2,ad428145b1a25d4b22f6dcb48f6283d5a76a0846558bc262c2bd949e6b400ff5,0.020039032161747013,2.220446049250313e-16
flywire_783_mb_left_kc512_s702,542,incoming_l1,role_shuffled,0,yoked_reward,0.1,coefficients_only,61,6,0.4723618090452261,5eb2152882ffcf22a7b4a689dad7737ba1f5df0f768fda0505d51ecde0f278d2,701a0313d7fdddc4f8de44ec62642ed36f84f80e3cad8c1b6702741a6ea6a5aa,0.020039032161747013,2.220446049250313e-16
flywire_783_mb_left_kc512_s702,542,incoming_l1,role_shuffled,0,yoked_reward,0.1,full_refit,61,6,0.4723618090452261,5eb2152882ffcf22a7b4a689dad7737ba1f5df0f768fda0505d51ecde0f278d2,934f1e42916e75e676c61ef1613d7e59148b1410663062bf752ef7fb0d0498c4,0.020039032161747013,2.220446049250313e-16
flywire_783_mb_left_kc512_s702,542,incoming_l1,role_shuffled,0,yoked_reward,0.3,fixed,61,1,0.21105527638190955,9f8cd5f18771ba0eaf613e58fd84464254c3d5853a71612851accadbe3be5140,8f85b478b530bfb2a54026b8528dbafe382af67e8d7ebb840c576880ceefda0e,0.06011709648524104,3.3306690738754696e-16
flywire_783_mb_left_kc512_s702,542,incoming_l1,role_shuffled,0,yoked_reward,0.3,stats_only,61,1,0.25125628140703515,9f8cd5f18771ba0eaf613e58fd84464254c3d5853a71612851accadbe3be5140,8968d4d8e7793ad58d554aa660d879b5de5a0b4758a48acdfd82831f1b2e7f38,0.06011709648524104,3.3306690738754696e-16
flywire_783_mb_left_kc512_s702,542,incoming_l1,role_shuffled,0,yoked_reward,0.3,coefficients_only,61,6,0.46733668341708545,9f8cd5f18771ba0eaf613e58fd84464254c3d5853a71612851accadbe3be5140,bbc5bb072a973c837da9dd475ef05943dafae852b7c6dfa12a29049227bb4f0d,0.06011709648524104,3.3306690738754696e-16
flywire_783_mb_left_kc512_s702,542,incoming_l1,role_shuffled,0,yoked_reward,0.3,full_refit,61,6,0.46733668341708545,9f8cd5f18771ba0eaf613e58fd84464254c3d5853a71612851accadbe3be5140,aed0f70b8a1a4e959bb1135f93a775cfa489216141280de8ac63f842f2077d28,0.06011709648524104,3.3306690738754696e-16
flywire_783_mb_left_kc512_s702,542,incoming_l1,role_shuffled,0,yoked_reward,1.0,fixed,61,1,0.11055276381909548,fbbf9d44b82bd4c8b81e0e6e5dce60d85066495efe9b1c70e805b6c8a8f93f8b,8f85b478b530bfb2a54026b8528dbafe382af67e8d7ebb840c576880ceefda0e,0.2003903216174701,1.3322676295501878e-15
flywire_783_mb_left_kc512_s702,542,incoming_l1,role_shuffled,0,yoked_reward,1.0,stats_only,61,1,0.16080402010050251,fbbf9d44b82bd4c8b81e0e6e5dce60d85066495efe9b1c70e805b6c8a8f93f8b,9fa23b03a65d469beedcb8845d62f9c593b5cfcab800e8bdfb64d3cbef4074ab,0.2003903216174701,1.3322676295501878e-15
flywire_783_mb_left_kc512_s702,542,incoming_l1,role_shuffled,0,yoked_reward,1.0,coefficients_only,61,6,0.4321608040201005,fbbf9d44b82bd4c8b81e0e6e5dce60d85066495efe9b1c70e805b6c8a8f93f8b,5626ad97bab3d75f3d273ee07aa45ff6ce977cf95092458a3cff4dc33b255d6a,0.2003903216174701,1.3322676295501878e-15
flywire_783_mb_left_kc512_s702,542,incoming_l1,role_shuffled,0,yoked_reward,1.0,full_refit,61,6,0.4623115577889447,fbbf9d44b82bd4c8b81e0e6e5dce60d85066495efe9b1c70e805b6c8a8f93f8b,eeed6bc4c86751399868b70a376187cc203d85c3c28d1693f56858aa28d2d954,0.2003903216174701,1.3322676295501878e-15
flywire_783_mb_left_kc512_s702,542,incoming_l1,role_shuffled,3,reward_trace,0.0,fixed,62,6,0.46733668341708545,d1a3a35be2db7219b3250d16f5b012ca29a7c83408a29982228b16485ba71e9f,8f85b478b530bfb2a54026b8528dbafe382af67e8d7ebb840c576880ceefda0e,0.0,0.0
flywire_783_mb_left_kc512_s702,542,incoming_l1,role_shuffled,3,reward_trace,0.0,stats_only,62,6,0.46733668341708545,d1a3a35be2db7219b3250d16f5b012ca29a7c83408a29982228b16485ba71e9f,8f85b478b530bfb2a54026b8528dbafe382af67e8d7ebb840c576880ceefda0e,0.0,0.0
flywire_783_mb_left_kc512_s702,542,incoming_l1,role_shuffled,3,reward_trace,0.0,coefficients_only,62,6,0.46733668341708545,d1a3a35be2db7219b3250d16f5b012ca29a7c83408a29982228b16485ba71e9f,8f85b478b530bfb2a54026b8528dbafe382af67e8d7ebb840c576880ceefda0e,0.0,0.0
flywire_783_mb_left_kc512_s702,542,incoming_l1,role_shuffled,3,reward_trace,0.0,full_refit,62,6,0.46733668341708545,d1a3a35be2db7219b3250d16f5b012ca29a7c83408a29982228b16485ba71e9f,8f85b478b530bfb2a54026b8528dbafe382af67e8d7ebb840c576880ceefda0e,0.0,0.0
flywire_783_mb_left_kc512_s702,542,incoming_l1,role_shuffled,3,reward_trace,0.01,fixed,62,6,0.457286432160804,cdb04c26f75b39852243813dd2cd6586ad996eaa2a57aa8b6fc071989c7543cb,8f85b478b530bfb2a54026b8528dbafe382af67e8d7ebb840c576880ceefda0e,0.002206914890824161,4.440892098500626e-16
flywire_783_mb_left_kc512_s702,542,incoming_l1,role_shuffled,3,reward_trace,0.01,stats_only,62,6,0.4723618090452261,cdb04c26f75b39852243813dd2cd6586ad996eaa2a57aa8b6fc071989c7543cb,a23db2370f2067f07396ec2cc78bf589877f58d834d01f5b2018d0fc946b7886,0.002206914890824161,4.440892098500626e-16
flywire_783_mb_left_kc512_s702,542,incoming_l1,role_shuffled,3,reward_trace,0.01,coefficients_only,62,6,0.46733668341708545,cdb04c26f75b39852243813dd2cd6586ad996eaa2a57aa8b6fc071989c7543cb,8c49d20c2549e6e8c8f1f151099d2447f58e528f59b7ef5f23d734650f01c316,0.002206914890824161,4.440892098500626e-16
flywire_783_mb_left_kc512_s702,542,incoming_l1,role_shuffled,3,reward_trace,0.01,full_refit,62,6,0.46733668341708545,cdb04c26f75b39852243813dd2cd6586ad996eaa2a57aa8b6fc071989c7543cb,8b7022b0edced130988720eeb03bec57c165868c07438f9daab8049c065ad93f,0.002206914890824161,4.440892098500626e-16
flywire_783_mb_left_kc512_s702,542,incoming_l1,role_shuffled,3,reward_trace,0.03,fixed,62,9,0.4472361809045226,cb1df6f574ba10ef62d66c4ef9e0e6b19a9bc8d1e076084b714170addee84fcc,8f85b478b530bfb2a54026b8528dbafe382af67e8d7ebb840c576880ceefda0e,0.006620744672472483,3.3306690738754696e-16
flywire_783_mb_left_kc512_s702,542,incoming_l1,role_shuffled,3,reward_trace,0.03,stats_only,62,6,0.4321608040201005,cb1df6f574ba10ef62d66c4ef9e0e6b19a9bc8d1e076084b714170addee84fcc,0f7a042936cd483baf65d55f60ddfa94cefc819637c8e54f33dc33097137be93,0.006620744672472483,3.3306690738754696e-16
flywire_783_mb_left_kc512_s702,542,incoming_l1,role_shuffled,3,reward_trace,0.03,coefficients_only,62,6,0.4723618090452261,cb1df6f574ba10ef62d66c4ef9e0e6b19a9bc8d1e076084b714170addee84fcc,7d8afca0384a8c9922505ba1590dc9c03f7a6251f5984052523df2291fdb9d42,0.006620744672472483,3.3306690738754696e-16
flywire_783_mb_left_kc512_s702,542,incoming_l1,role_shuffled,3,reward_trace,0.03,full_refit,62,6,0.4723618090452261,cb1df6f574ba10ef62d66c4ef9e0e6b19a9bc8d1e076084b714170addee84fcc,afc09da8a06ce6e1b5f8b8c3d188aed993b08a62723ead10a2863563e3958169,0.006620744672472483,3.3306690738754696e-16
flywire_783_mb_left_kc512_s702,542,incoming_l1,role_shuffled,3,reward_trace,0.1,fixed,62,0,0.35678391959798994,9cdc5fd226e1dbd1953a4439ea9bcf5dc3484aa367402cfd2c7a335af7e80f9f,8f85b478b530bfb2a54026b8528dbafe382af67e8d7ebb840c576880ceefda0e,0.022069148908241597,2.220446049250313e-16
flywire_783_mb_left_kc512_s702,542,incoming_l1,role_shuffled,3,reward_trace,0.1,stats_only,62,0,0.38190954773869346,9cdc5fd226e1dbd1953a4439ea9bcf5dc3484aa367402cfd2c7a335af7e80f9f,7cb98c60d9db7f858415f2dda4580c04dd6eb1111d8379f6b66fe2f4deebf4fc,0.022069148908241597,2.220446049250313e-16
flywire_783_mb_left_kc512_s702,542,incoming_l1,role_shuffled,3,reward_trace,0.1,coefficients_only,62,6,0.47738693467336685,9cdc5fd226e1dbd1953a4439ea9bcf5dc3484aa367402cfd2c7a335af7e80f9f,7bb690642ef43282594fdbba03a82ca6a526d415d160622d79f401c6eb7a1aea,0.022069148908241597,2.220446049250313e-16
flywire_783_mb_left_kc512_s702,542,incoming_l1,role_shuffled,3,reward_trace,0.1,full_refit,62,6,0.47738693467336685,9cdc5fd226e1dbd1953a4439ea9bcf5dc3484aa367402cfd2c7a335af7e80f9f,c17cabb9192c7b60f2532fdcd29e413a384bb558a9a393e303d689e30807f3e1,0.022069148908241597,2.220446049250313e-16
flywire_783_mb_left_kc512_s702,542,incoming_l1,role_shuffled,3,reward_trace,0.3,fixed,62,0,0.3015075376884422,e4769301d846be1225dbb22f02ef07cc4fcfae9ba5c9c436d17159cfc2bfc03d,8f85b478b530bfb2a54026b8528dbafe382af67e8d7ebb840c576880ceefda0e,0.06620744672472478,3.3306690738754696e-16
flywire_783_mb_left_kc512_s702,542,incoming_l1,role_shuffled,3,reward_trace,0.3,stats_only,62,0,0.271356783919598,e4769301d846be1225dbb22f02ef07cc4fcfae9ba5c9c436d17159cfc2bfc03d,3029ea427fec666c958104cb4e635bce22b04cc35b80809d24dedbea3f57496d,0.06620744672472478,3.3306690738754696e-16
flywire_783_mb_left_kc512_s702,542,incoming_l1,role_shuffled,3,reward_trace,0.3,coefficients_only,62,6,0.457286432160804,e4769301d846be1225dbb22f02ef07cc4fcfae9ba5c9c436d17159cfc2bfc03d,5a69bd753e43fb090b7e6696376884a6ec1965379aa1748f3672318dbc9b0777,0.06620744672472478,3.3306690738754696e-16
flywire_783_mb_left_kc512_s702,542,incoming_l1,role_shuffled,3,reward_trace,0.3,full_refit,62,6,0.4623115577889447,e4769301d846be1225dbb22f02ef07cc4fcfae9ba5c9c436d17159cfc2bfc03d,c9d12b32392c06e1cd6ad611a3004a42dad796f4cd243dbdd2a53432427c5739,0.06620744672472478,3.3306690738754696e-16
flywire_783_mb_left_kc512_s702,542,incoming_l1,role_shuffled,3,reward_trace,1.0,fixed,62,0,0.24120603015075376,b4473ee069d2ab940eb6889bc901a3a7d6285cfb4eb48ddb8b9c3a196a1ccdff,8f85b478b530bfb2a54026b8528dbafe382af67e8d7ebb840c576880ceefda0e,0.22069148908241595,7.771561172376096e-16
flywire_783_mb_left_kc512_s702,542,incoming_l1,role_shuffled,3,reward_trace,1.0,stats_only,62,0,0.23618090452261306,b4473ee069d2ab940eb6889bc901a3a7d6285cfb4eb48ddb8b9c3a196a1ccdff,44f24c7fca298747bde052d064c78dac86258eaeee587575606d53d67b58cf2c,0.22069148908241595,7.771561172376096e-16
flywire_783_mb_left_kc512_s702,542,incoming_l1,role_shuffled,3,reward_trace,1.0,coefficients_only,62,6,0.46733668341708545,b4473ee069d2ab940eb6889bc901a3a7d6285cfb4eb48ddb8b9c3a196a1ccdff,8f0bf1a0bbdc6e04152a31cf1753024a876c17d09e549b634e5e768b68c12f56,0.22069148908241595,7.771561172376096e-16
flywire_783_mb_left_kc512_s702,542,incoming_l1,role_shuffled,3,reward_trace,1.0,full_refit,62,6,0.4723618090452261,b4473ee069d2ab940eb6889bc901a3a7d6285cfb4eb48ddb8b9c3a196a1ccdff,9cf6183c1ed6a57f48beac7383e79e6d1f0afab4d6d353593fd22f51708abf0c,0.22069148908241595,7.771561172376096e-16
flywire_783_mb_left_kc512_s702,542,incoming_l1,role_shuffled,3,yoked_reward,0.0,fixed,63,6,0.46733668341708545,d1a3a35be2db7219b3250d16f5b012ca29a7c83408a29982228b16485ba71e9f,8f85b478b530bfb2a54026b8528dbafe382af67e8d7ebb840c576880ceefda0e,0.0,0.0
flywire_783_mb_left_kc512_s702,542,incoming_l1,role_shuffled,3,yoked_reward,0.0,stats_only,63,6,0.46733668341708545,d1a3a35be2db7219b3250d16f5b012ca29a7c83408a29982228b16485ba71e9f,8f85b478b530bfb2a54026b8528dbafe382af67e8d7ebb840c576880ceefda0e,0.0,0.0
flywire_783_mb_left_kc512_s702,542,incoming_l1,role_shuffled,3,yoked_reward,0.0,coefficients_only,63,6,0.46733668341708545,d1a3a35be2db7219b3250d16f5b012ca29a7c83408a29982228b16485ba71e9f,8f85b478b530bfb2a54026b8528dbafe382af67e8d7ebb840c576880ceefda0e,0.0,0.0
flywire_783_mb_left_kc512_s702,542,incoming_l1,role_shuffled,3,yoked_reward,0.0,full_refit,63,6,0.46733668341708545,d1a3a35be2db7219b3250d16f5b012ca29a7c83408a29982228b16485ba71e9f,8f85b478b530bfb2a54026b8528dbafe382af67e8d7ebb840c576880ceefda0e,0.0,0.0
flywire_783_mb_left_kc512_s702,542,incoming_l1,role_shuffled,3,yoked_reward,0.01,fixed,63,6,0.4472361809045226,16fcd5359d4ee1e86a34f1887dea3200e8d454828045949a6b50f1deb56248ba,8f85b478b530bfb2a54026b8528dbafe382af67e8d7ebb840c576880ceefda0e,0.0021775099791556435,2.220446049250313e-16
flywire_783_mb_left_kc512_s702,542,incoming_l1,role_shuffled,3,yoked_reward,0.01,stats_only,63,6,0.4371859296482412,16fcd5359d4ee1e86a34f1887dea3200e8d454828045949a6b50f1deb56248ba,a6ad28464e38e11e201de4820821f271efdc045456fbb0a172f0249360971bbb,0.0021775099791556435,2.220446049250313e-16
flywire_783_mb_left_kc512_s702,542,incoming_l1,role_shuffled,3,yoked_reward,0.01,coefficients_only,63,6,0.46733668341708545,16fcd5359d4ee1e86a34f1887dea3200e8d454828045949a6b50f1deb56248ba,9d9f124f2457133e2b89dc157da84949fae0175f1c6041b7cc5ccccb7ef6590f,0.0021775099791556435,2.220446049250313e-16
flywire_783_mb_left_kc512_s702,542,incoming_l1,role_shuffled,3,yoked_reward,0.01,full_refit,63,6,0.46733668341708545,16fcd5359d4ee1e86a34f1887dea3200e8d454828045949a6b50f1deb56248ba,1ae487f38098e9b665b19a8b49d6f9c4e579bb4b4eccca7f62466052b535d5e5,0.0021775099791556435,2.220446049250313e-16
flywire_783_mb_left_kc512_s702,542,incoming_l1,role_shuffled,3,yoked_reward,0.03,fixed,63,8,0.44221105527638194,a852b78d09034fbd08326c383d28b11200275f3091fde7896c71221baf831df2,8f85b478b530bfb2a54026b8528dbafe382af67e8d7ebb840c576880ceefda0e,0.006532529937466934,2.220446049250313e-16
flywire_783_mb_left_kc512_s702,542,incoming_l1,role_shuffled,3,yoked_reward,0.03,stats_only,63,1,0.4321608040201005,a852b78d09034fbd08326c383d28b11200275f3091fde7896c71221baf831df2,fcf29357f6558faaee7246b8365bd498e7e7cca08c7130f9a7d744110fa4982c,0.006532529937466934,2.220446049250313e-16
flywire_783_mb_left_kc512_s702,542,incoming_l1,role_shuffled,3,yoked_reward,0.03,coefficients_only,63,6,0.46733668341708545,a852b78d09034fbd08326c383d28b11200275f3091fde7896c71221baf831df2,5aad117b32f7f1cdd841224bafb0fba0d8a347c6323faf2b70d6508979be9b7f,0.006532529937466934,2.220446049250313e-16
flywire_783_mb_left_kc512_s702,542,incoming_l1,role_shuffled,3,yoked_reward,0.03,full_refit,63,6,0.46733668341708545,a852b78d09034fbd08326c383d28b11200275f3091fde7896c71221baf831df2,973ea96e499333fac09f2975cbd2d7d8f43d11ee8e46460706d07d8d52ade26e,0.006532529937466934,2.220446049250313e-16
flywire_783_mb_left_kc512_s702,542,incoming_l1,role_shuffled,3,yoked_reward,0.1,fixed,63,1,0.27638190954773867,c477c2d38237f40ada15377c39d8e3e3e941d1b71e39cd8eaec8351025b7dffb,8f85b478b530bfb2a54026b8528dbafe382af67e8d7ebb840c576880ceefda0e,0.021775099791556438,3.3306690738754696e-16
flywire_783_mb_left_kc512_s702,542,incoming_l1,role_shuffled,3,yoked_reward,0.1,stats_only,63,1,0.34673366834170855,c477c2d38237f40ada15377c39d8e3e3e941d1b71e39cd8eaec8351025b7dffb,f623689e230e1b88bba87483298dc8a4e781f72c93e15306c999f0be2e663b1e,0.021775099791556438,3.3306690738754696e-16
flywire_783_mb_left_kc512_s702,542,incoming_l1,role_shuffled,3,yoked_reward,0.1,coefficients_only,63,6,0.4723618090452261,c477c2d38237f40ada15377c39d8e3e3e941d1b71e39cd8eaec8351025b7dffb,28d64f8217c244bdf0f52f6d321f69eb65c1ac8f3697c3045e6d6a4aac5d129c,0.021775099791556438,3.3306690738754696e-16
flywire_783_mb_left_kc512_s702,542,incoming_l1,role_shuffled,3,yoked_reward,0.1,full_refit,63,6,0.4723618090452261,c477c2d38237f40ada15377c39d8e3e3e941d1b71e39cd8eaec8351025b7dffb,bc385b57b40c9a61a16413b72d73008a842cd05a0d79851784acbd57382e5872,0.021775099791556438,3.3306690738754696e-16
flywire_783_mb_left_kc512_s702,542,incoming_l1,role_shuffled,3,yoked_reward,0.3,fixed,63,1,0.16080402010050251,0c984e2e3ecfaaa14b9763bb3ea8da709b8006c28d53914698addbd9058e0c66,8f85b478b530bfb2a54026b8528dbafe382af67e8d7ebb840c576880ceefda0e,0.06532529937466931,2.220446049250313e-16
flywire_783_mb_left_kc512_s702,542,incoming_l1,role_shuffled,3,yoked_reward,0.3,stats_only,63,1,0.19597989949748743,0c984e2e3ecfaaa14b9763bb3ea8da709b8006c28d53914698addbd9058e0c66,c0e5a46a6d69d6a29273d5bcdf7c45bb2244085a71c5279015c03d21b03f5673,0.06532529937466931,2.220446049250313e-16
flywire_783_mb_left_kc512_s702,542,incoming_l1,role_shuffled,3,yoked_reward,0.3,coefficients_only,63,6,0.4824120603015075,0c984e2e3ecfaaa14b9763bb3ea8da709b8006c28d53914698addbd9058e0c66,6268d282c8080ff79308f220e3fd0d1d4bf160f7cbfad9627ccd3f3037a39cc5,0.06532529937466931,2.220446049250313e-16
flywire_783_mb_left_kc512_s702,542,incoming_l1,role_shuffled,3,yoked_reward,0.3,full_refit,63,6,0.47738693467336685,0c984e2e3ecfaaa14b9763bb3ea8da709b8006c28d53914698addbd9058e0c66,df2d13166d1bc9cfbe4a14145c9f3888b547c0b61cc4c502162fc798ab679c2f,0.06532529937466931,2.220446049250313e-16
flywire_783_mb_left_kc512_s702,542,incoming_l1,role_shuffled,3,yoked_reward,1.0,fixed,63,0,0.09045226130653267,05cfd36c08793661175f74a8dd93c88ebe00cf06d094c0b4ac375b0153ceda30,8f85b478b530bfb2a54026b8528dbafe382af67e8d7ebb840c576880ceefda0e,0.2177509979155644,9.992007221626409e-16
flywire_783_mb_left_kc512_s702,542,incoming_l1,role_shuffled,3,yoked_reward,1.0,stats_only,63,1,0.1306532663316583,05cfd36c08793661175f74a8dd93c88ebe00cf06d094c0b4ac375b0153ceda30,81ef9534c933ff37f0f657ec799a9238914beb6b442ea0398121d22e3a4a4616,0.2177509979155644,9.992007221626409e-16
flywire_783_mb_left_kc512_s702,542,incoming_l1,role_shuffled,3,yoked_reward,1.0,coefficients_only,63,6,0.47738693467336685,05cfd36c08793661175f74a8dd93c88ebe00cf06d094c0b4ac375b0153ceda30,2dee63ec4d739d577953c9cc9e9bae032a9cf200ba0c4d55da071e8abe3354d1,0.2177509979155644,9.992007221626409e-16
flywire_783_mb_left_kc512_s702,542,incoming_l1,role_shuffled,3,yoked_reward,1.0,full_refit,63,6,0.46733668341708545,05cfd36c08793661175f74a8dd93c88ebe00cf06d094c0b4ac375b0153ceda30,4ffae132fa2c7eef95344b398dd737778c7d2a1888a337bf0cc9e3fc071e9473,0.2177509979155644,9.992007221626409e-16
flywire_783_mb_left_kc512_s702,543,spectral,fly,0,reward_trace,0.0,fixed,64,9,0.40703517587939697,bab5e5454fcd56276ce61715151bfe0821c27b7128a2540e55b6ac95744c1e6d,2247c300874bf1a754ea843c3e5d08cad4c23426838a5dbb263f039759a12b3c,0.0,0.0
flywire_783_mb_left_kc512_s702,543,spectral,fly,0,reward_trace,0.0,stats_only,64,9,0.40703517587939697,bab5e5454fcd56276ce61715151bfe0821c27b7128a2540e55b6ac95744c1e6d,2247c300874bf1a754ea843c3e5d08cad4c23426838a5dbb263f039759a12b3c,0.0,0.0
flywire_783_mb_left_kc512_s702,543,spectral,fly,0,reward_trace,0.0,coefficients_only,64,9,0.40703517587939697,bab5e5454fcd56276ce61715151bfe0821c27b7128a2540e55b6ac95744c1e6d,2247c300874bf1a754ea843c3e5d08cad4c23426838a5dbb263f039759a12b3c,0.0,0.0
flywire_783_mb_left_kc512_s702,543,spectral,fly,0,reward_trace,0.0,full_refit,64,9,0.40703517587939697,bab5e5454fcd56276ce61715151bfe0821c27b7128a2540e55b6ac95744c1e6d,2247c300874bf1a754ea843c3e5d08cad4c23426838a5dbb263f039759a12b3c,0.0,0.0
flywire_783_mb_left_kc512_s702,543,spectral,fly,0,reward_trace,0.01,fixed,64,9,0.4020100502512563,aa7268dd43ecbe0b036623157839225f87cf8918b4d580e84f843dc88d74a879,2247c300874bf1a754ea843c3e5d08cad4c23426838a5dbb263f039759a12b3c,0.0025068069135942526,4.440892098500626e-16
flywire_783_mb_left_kc512_s702,543,spectral,fly,0,reward_trace,0.01,stats_only,64,9,0.40703517587939697,aa7268dd43ecbe0b036623157839225f87cf8918b4d580e84f843dc88d74a879,a63d0d0eb2c166b5150f5dfb744ce3d27cef098606d13c55ed679e60e25b02ae,0.0025068069135942526,4.440892098500626e-16
flywire_783_mb_left_kc512_s702,543,spectral,fly,0,reward_trace,0.01,coefficients_only,64,9,0.40703517587939697,aa7268dd43ecbe0b036623157839225f87cf8918b4d580e84f843dc88d74a879,2d4b9e8d6d382758760a6d5087e39ad586cdd8458e7f3c008c03feef4b08c451,0.0025068069135942526,4.440892098500626e-16
flywire_783_mb_left_kc512_s702,543,spectral,fly,0,reward_trace,0.01,full_refit,64,9,0.4020100502512563,aa7268dd43ecbe0b036623157839225f87cf8918b4d580e84f843dc88d74a879,809c150353014a3836d9ad270a4c734ecd71483b1bee2f4190186b7d9c49906d,0.0025068069135942526,4.440892098500626e-16
flywire_783_mb_left_kc512_s702,543,spectral,fly,0,reward_trace,0.03,fixed,64,9,0.4120603015075377,5c7ec9388b7a192439c2197d2b1c96089d2d5757d140663757949b49b7b10bb0,2247c300874bf1a754ea843c3e5d08cad4c23426838a5dbb263f039759a12b3c,0.007520420740782757,4.440892098500626e-16
flywire_783_mb_left_kc512_s702,543,spectral,fly,0,reward_trace,0.03,stats_only,64,9,0.3969849246231156,5c7ec9388b7a192439c2197d2b1c96089d2d5757d140663757949b49b7b10bb0,b7e86ddbbc617edd7f51e876c4a655a09ee591d6f2a46bfeb00368b72d3e7b0c,0.007520420740782757,4.440892098500626e-16
flywire_783_mb_left_kc512_s702,543,spectral,fly,0,reward_trace,0.03,coefficients_only,64,9,0.40703517587939697,5c7ec9388b7a192439c2197d2b1c96089d2d5757d140663757949b49b7b10bb0,467cd0324f35f6d3cfa6c83c524d3d97e424103ab9740b82f0aa53e325753eee,0.007520420740782757,4.440892098500626e-16
flywire_783_mb_left_kc512_s702,543,spectral,fly,0,reward_trace,0.03,full_refit,64,9,0.4120603015075377,5c7ec9388b7a192439c2197d2b1c96089d2d5757d140663757949b49b7b10bb0,281eb669cb15c1c81f0824777c54f5e5fb463a7cdf4d0cb4d841fc3c6da53554,0.007520420740782757,4.440892098500626e-16
flywire_783_mb_left_kc512_s702,543,spectral,fly,0,reward_trace,0.1,fixed,64,5,0.3417085427135678,07200ce3c2595a6b0ceae3af7465dd2c4e68ddb706c77679bc01c57edf0c0c8b,2247c300874bf1a754ea843c3e5d08cad4c23426838a5dbb263f039759a12b3c,0.025068069135942526,8.881784197001252e-16
flywire_783_mb_left_kc512_s702,543,spectral,fly,0,reward_trace,0.1,stats_only,64,0,0.3869346733668342,07200ce3c2595a6b0ceae3af7465dd2c4e68ddb706c77679bc01c57edf0c0c8b,172d0dd5c4103c07c9b790b3737f0b0eeddd48d2dcb060a41a1bb660f7dc43f5,0.025068069135942526,8.881784197001252e-16
flywire_783_mb_left_kc512_s702,543,spectral,fly,0,reward_trace,0.1,coefficients_only,64,9,0.4221105527638191,07200ce3c2595a6b0ceae3af7465dd2c4e68ddb706c77679bc01c57edf0c0c8b,0353eb1c1918e177ccb32fc2b04b0b7f50a83478b2e58c063321ead8f6d2c94c,0.025068069135942526,8.881784197001252e-16
flywire_783_mb_left_kc512_s702,543,spectral,fly,0,reward_trace,0.1,full_refit,64,9,0.4221105527638191,07200ce3c2595a6b0ceae3af7465dd2c4e68ddb706c77679bc01c57edf0c0c8b,138c763023886f5fbf7ad01916c4b3d7c36a115f0f3ec6e59db2451aae0cc0cc,0.025068069135942526,8.881784197001252e-16
flywire_783_mb_left_kc512_s702,543,spectral,fly,0,reward_trace,0.3,fixed,64,1,0.2814070351758794,7524fbbc0cce09028591f7e248e73c67f735f4e36172f050e1b99a85718b483e,2247c300874bf1a754ea843c3e5d08cad4c23426838a5dbb263f039759a12b3c,0.07520420740782757,1.3322676295501878e-15
flywire_783_mb_left_kc512_s702,543,spectral,fly,0,reward_trace,0.3,stats_only,64,0,0.25125628140703515,7524fbbc0cce09028591f7e248e73c67f735f4e36172f050e1b99a85718b483e,af5fba7a6328587892b233c5b1167de85bae3be3c73e7b25098472eece2ab4f1,0.07520420740782757,1.3322676295501878e-15
flywire_783_mb_left_kc512_s702,543,spectral,fly,0,reward_trace,0.3,coefficients_only,64,9,0.4221105527638191,7524fbbc0cce09028591f7e248e73c67f735f4e36172f050e1b99a85718b483e,141374d476481cf0e76f04eca7b1c5c69c2a5839b3662e2c9ee5c2a3c55569d6,0.07520420740782757,1.3322676295501878e-15
flywire_783_mb_left_kc512_s702,543,spectral,fly,0,reward_trace,0.3,full_refit,64,9,0.4221105527638191,7524fbbc0cce09028591f7e248e73c67f735f4e36172f050e1b99a85718b483e,a5ee8cbf3d622f0162cab89644ace0707faef9f9e77778c45c0191b978968963,0.07520420740782757,1.3322676295501878e-15
flywire_783_mb_left_kc512_s702,543,spectral,fly,0,reward_trace,1.0,fixed,64,1,0.21608040201005024,4d066384037476c6f703d89854e9e1159e911287a5d6dbfdfd21a73538e0067e,2247c300874bf1a754ea843c3e5d08cad4c23426838a5dbb263f039759a12b3c,0.2506806913594252,3.1086244689504383e-15
flywire_783_mb_left_kc512_s702,543,spectral,fly,0,reward_trace,1.0,stats_only,64,0,0.19095477386934673,4d066384037476c6f703d89854e9e1159e911287a5d6dbfdfd21a73538e0067e,cfea74093c32eae3277074673ae2e730725ee58f86ef0f7dcc2d4676b8f21f65,0.2506806913594252,3.1086244689504383e-15
flywire_783_mb_left_kc512_s702,543,spectral,fly,0,reward_trace,1.0,coefficients_only,64,5,0.3768844221105528,4d066384037476c6f703d89854e9e1159e911287a5d6dbfdfd21a73538e0067e,403be8d2af6e4eb32f0dff8eba8290c35ee2d8483dc310aff14bcb73265a2abb,0.2506806913594252,3.1086244689504383e-15
flywire_783_mb_left_kc512_s702,543,spectral,fly,0,reward_trace,1.0,full_refit,64,5,0.40703517587939697,4d066384037476c6f703d89854e9e1159e911287a5d6dbfdfd21a73538e0067e,a282286d44246833db4b800f0b9aaf9adb7840a66c74937a1b0a79f27781c497,0.2506806913594252,3.1086244689504383e-15
flywire_783_mb_left_kc512_s702,543,spectral,fly,0,yoked_reward,0.0,fixed,65,9,0.40703517587939697,bab5e5454fcd56276ce61715151bfe0821c27b7128a2540e55b6ac95744c1e6d,2247c300874bf1a754ea843c3e5d08cad4c23426838a5dbb263f039759a12b3c,0.0,0.0
flywire_783_mb_left_kc512_s702,543,spectral,fly,0,yoked_reward,0.0,stats_only,65,9,0.40703517587939697,bab5e5454fcd56276ce61715151bfe0821c27b7128a2540e55b6ac95744c1e6d,2247c300874bf1a754ea843c3e5d08cad4c23426838a5dbb263f039759a12b3c,0.0,0.0
flywire_783_mb_left_kc512_s702,543,spectral,fly,0,yoked_reward,0.0,coefficients_only,65,9,0.40703517587939697,bab5e5454fcd56276ce61715151bfe0821c27b7128a2540e55b6ac95744c1e6d,2247c300874bf1a754ea843c3e5d08cad4c23426838a5dbb263f039759a12b3c,0.0,0.0
flywire_783_mb_left_kc512_s702,543,spectral,fly,0,yoked_reward,0.0,full_refit,65,9,0.40703517587939697,bab5e5454fcd56276ce61715151bfe0821c27b7128a2540e55b6ac95744c1e6d,2247c300874bf1a754ea843c3e5d08cad4c23426838a5dbb263f039759a12b3c,0.0,0.0
flywire_783_mb_left_kc512_s702,543,spectral,fly,0,yoked_reward,0.01,fixed,65,9,0.4221105527638191,f11316998a5d558ea80e6e9798ff9786497f31da07bc8949a066a14f1f440e26,2247c300874bf1a754ea843c3e5d08cad4c23426838a5dbb263f039759a12b3c,0.002214601671851494,4.440892098500626e-16
flywire_783_mb_left_kc512_s702,543,spectral,fly,0,yoked_reward,0.01,stats_only,65,9,0.4020100502512563,f11316998a5d558ea80e6e9798ff9786497f31da07bc8949a066a14f1f440e26,f1942621ea159dfb8b116d9789dacb09440933d162966f576c81fd7894759360,0.002214601671851494,4.440892098500626e-16
flywire_783_mb_left_kc512_s702,543,spectral,fly,0,yoked_reward,0.01,coefficients_only,65,9,0.40703517587939697,f11316998a5d558ea80e6e9798ff9786497f31da07bc8949a066a14f1f440e26,be221de235eb15678623df503d384a84e6764f84ac6a8eddbb831b6c32503060,0.002214601671851494,4.440892098500626e-16
flywire_783_mb_left_kc512_s702,543,spectral,fly,0,yoked_reward,0.01,full_refit,65,9,0.40703517587939697,f11316998a5d558ea80e6e9798ff9786497f31da07bc8949a066a14f1f440e26,c56aad60298000f6b43dc4f734220ee84d50e119a0d92936fbc03a8ebf73f635,0.002214601671851494,4.440892098500626e-16
flywire_783_mb_left_kc512_s702,543,spectral,fly,0,yoked_reward,0.03,fixed,65,9,0.4321608040201005,6e56472e5a0ba0b95b227414f6628fa4734a2c67a4bdc980903644c79ba8bc7b,2247c300874bf1a754ea843c3e5d08cad4c23426838a5dbb263f039759a12b3c,0.006643805015554478,8.881784197001252e-16
flywire_783_mb_left_kc512_s702,543,spectral,fly,0,yoked_reward,0.03,stats_only,65,10,0.44221105527638194,6e56472e5a0ba0b95b227414f6628fa4734a2c67a4bdc980903644c79ba8bc7b,32633443815335975c110f729721bf1b03b8c8cf5e6aaa483067bc7f66d8b869,0.006643805015554478,8.881784197001252e-16
flywire_783_mb_left_kc512_s702,543,spectral,fly,0,yoked_reward,0.03,coefficients_only,65,9,0.4020100502512563,6e56472e5a0ba0b95b227414f6628fa4734a2c67a4bdc980903644c79ba8bc7b,25d354660e04a4c0509feb765f5ede04ab0b4a3aa4a84d0c9adccb8cf48e1706,0.006643805015554478,8.881784197001252e-16
flywire_783_mb_left_kc512_s702,543,spectral,fly,0,yoked_reward,0.03,full_refit,65,9,0.4020100502512563,6e56472e5a0ba0b95b227414f6628fa4734a2c67a4bdc980903644c79ba8bc7b,881efd6f2735297fc37e9b59a5dc89f11c3307052e3ea0333d219e95582a919f,0.006643805015554478,8.881784197001252e-16
flywire_783_mb_left_kc512_s702,543,spectral,fly,0,yoked_reward,0.1,fixed,65,1,0.3768844221105528,f2327dc5c48cf6fbe48f81d8e3622b42592cd0a4ddab6a11ef2f055f4fc42ced,2247c300874bf1a754ea843c3e5d08cad4c23426838a5dbb263f039759a12b3c,0.022146016718514933,4.440892098500626e-16
flywire_783_mb_left_kc512_s702,543,spectral,fly,0,yoked_reward,0.1,stats_only,65,1,0.40703517587939697,f2327dc5c48cf6fbe48f81d8e3622b42592cd0a4ddab6a11ef2f055f4fc42ced,f3572e5ed3784be1fa05a4387c372e9f88fb0110adc55a00910476e3c08cd8a7,0.022146016718514933,4.440892098500626e-16
flywire_783_mb_left_kc512_s702,543,spectral,fly,0,yoked_reward,0.1,coefficients_only,65,10,0.4221105527638191,f2327dc5c48cf6fbe48f81d8e3622b42592cd0a4ddab6a11ef2f055f4fc42ced,a1c71597155431a0b46586cd2771dee01ceb06b5a392e4e4341c9c7c42f553be,0.022146016718514933,4.440892098500626e-16
flywire_783_mb_left_kc512_s702,543,spectral,fly,0,yoked_reward,0.1,full_refit,65,10,0.4221105527638191,f2327dc5c48cf6fbe48f81d8e3622b42592cd0a4ddab6a11ef2f055f4fc42ced,2b4e5db56c2bd4918406801f4ffe74eff7f90cb2edbd7c5f972cd2afc873e9d1,0.022146016718514933,4.440892098500626e-16
flywire_783_mb_left_kc512_s702,543,spectral,fly,0,yoked_reward,0.3,fixed,65,0,0.2562814070351759,d012f3cac80cfb8a88b7423932548bfac2b7229102d7d9fe90f669c89f64af86,2247c300874bf1a754ea843c3e5d08cad4c23426838a5dbb263f039759a12b3c,0.0664380501555448,1.3322676295501878e-15
flywire_783_mb_left_kc512_s702,543,spectral,fly,0,yoked_reward,0.3,stats_only,65,0,0.2562814070351759,d012f3cac80cfb8a88b7423932548bfac2b7229102d7d9fe90f669c89f64af86,a8b492337c727226046dd68fd7232350e2ed96947fc48548b43822f125208836,0.0664380501555448,1.3322676295501878e-15
flywire_783_mb_left_kc512_s702,543,spectral,fly,0,yoked_reward,0.3,coefficients_only,65,10,0.4271356783919598,d012f3cac80cfb8a88b7423932548bfac2b7229102d7d9fe90f669c89f64af86,da48f2aa9fd2819d9bf5350d8c44db60c3288e73683cf08a2f0c109d088e37da,0.0664380501555448,1.3322676295501878e-15
flywire_783_mb_left_kc512_s702,543,spectral,fly,0,yoked_reward,0.3,full_refit,65,10,0.4221105527638191,d012f3cac80cfb8a88b7423932548bfac2b7229102d7d9fe90f669c89f64af86,f7b87429eca5e29a11056915f6124a5630fc92cae1546d0e6ca95509233dc2ee,0.0664380501555448,1.3322676295501878e-15
flywire_783_mb_left_kc512_s702,543,spectral,fly,0,yoked_reward,1.0,fixed,65,0,0.1306532663316583,7c045d91cbc6b6e6bbd31a518b0cac96a43e6390929f6e3b32922485822eba33,2247c300874bf1a754ea843c3e5d08cad4c23426838a5dbb263f039759a12b3c,0.2214601671851493,3.1086244689504383e-15
flywire_783_mb_left_kc512_s702,543,spectral,fly,0,yoked_reward,1.0,stats_only,65,0,0.1457286432160804,7c045d91cbc6b6e6bbd31a518b0cac96a43e6390929f6e3b32922485822eba33,812a2a51a5bb382b68529427f66df997ce9e7f96a5959820f7a415530146cc44,0.2214601671851493,3.1086244689504383e-15
flywire_783_mb_left_kc512_s702,543,spectral,fly,0,yoked_reward,1.0,coefficients_only,65,10,0.4321608040201005,7c045d91cbc6b6e6bbd31a518b0cac96a43e6390929f6e3b32922485822eba33,1ee584cf4ec9712ffce303238bb6ae9ac3b0058bfcebf49117d7aeae6abf7d29,0.2214601671851493,3.1086244689504383e-15
flywire_783_mb_left_kc512_s702,543,spectral,fly,0,yoked_reward,1.0,full_refit,65,10,0.41708542713567837,7c045d91cbc6b6e6bbd31a518b0cac96a43e6390929f6e3b32922485822eba33,3e8e7f2be05eb0d889ae1d4605f16a9d4f2718d8d908c7c1821ea07367a2aca8,0.2214601671851493,3.1086244689504383e-15
flywire_783_mb_left_kc512_s702,543,spectral,fly,3,reward_trace,0.0,fixed,66,9,0.40703517587939697,bab5e5454fcd56276ce61715151bfe0821c27b7128a2540e55b6ac95744c1e6d,2247c300874bf1a754ea843c3e5d08cad4c23426838a5dbb263f039759a12b3c,0.0,0.0
flywire_783_mb_left_kc512_s702,543,spectral,fly,3,reward_trace,0.0,stats_only,66,9,0.40703517587939697,bab5e5454fcd56276ce61715151bfe0821c27b7128a2540e55b6ac95744c1e6d,2247c300874bf1a754ea843c3e5d08cad4c23426838a5dbb263f039759a12b3c,0.0,0.0
flywire_783_mb_left_kc512_s702,543,spectral,fly,3,reward_trace,0.0,coefficients_only,66,9,0.40703517587939697,bab5e5454fcd56276ce61715151bfe0821c27b7128a2540e55b6ac95744c1e6d,2247c300874bf1a754ea843c3e5d08cad4c23426838a5dbb263f039759a12b3c,0.0,0.0
flywire_783_mb_left_kc512_s702,543,spectral,fly,3,reward_trace,0.0,full_refit,66,9,0.40703517587939697,bab5e5454fcd56276ce61715151bfe0821c27b7128a2540e55b6ac95744c1e6d,2247c300874bf1a754ea843c3e5d08cad4c23426838a5dbb263f039759a12b3c,0.0,0.0
flywire_783_mb_left_kc512_s702,543,spectral,fly,3,reward_trace,0.01,fixed,66,9,0.4221105527638191,f046bfbc88e073d08ad108d21b9e745ed6663087ef38b7faafd071f371eda44e,2247c300874bf1a754ea843c3e5d08cad4c23426838a5dbb263f039759a12b3c,0.0022448767962645676,4.440892098500626e-16
flywire_783_mb_left_kc512_s702,543,spectral,fly,3,reward_trace,0.01,stats_only,66,9,0.41708542713567837,f046bfbc88e073d08ad108d21b9e745ed6663087ef38b7faafd071f371eda44e,ebdf677ec952236466b15c5dc13f6aba6f7b2c13577c9f8d02f1c212fda03356,0.0022448767962645676,4.440892098500626e-16
flywire_783_mb_left_kc512_s702,543,spectral,fly,3,reward_trace,0.01,coefficients_only,66,9,0.40703517587939697,f046bfbc88e073d08ad108d21b9e745ed6663087ef38b7faafd071f371eda44e,20c3b57474c40ff785a2392c798ae5c0f5c9e34573e2fd441fbf33bab395dc4d,0.0022448767962645676,4.440892098500626e-16
flywire_783_mb_left_kc512_s702,543,spectral,fly,3,reward_trace,0.01,full_refit,66,9,0.40703517587939697,f046bfbc88e073d08ad108d21b9e745ed6663087ef38b7faafd071f371eda44e,d9d990b4528ef4558f10cccc00aa721d360567fb3c4c0845351d10ee194663b6,0.0022448767962645676,4.440892098500626e-16
flywire_783_mb_left_kc512_s702,543,spectral,fly,3,reward_trace,0.03,fixed,66,9,0.3969849246231156,34d3c9f878f0c845d0944f8c3ab72040dd5af88c8083e8c8d1e22ae3f4d99e8e,2247c300874bf1a754ea843c3e5d08cad4c23426838a5dbb263f039759a12b3c,0.006734630388793694,4.440892098500626e-16
flywire_783_mb_left_kc512_s702,543,spectral,fly,3,reward_trace,0.03,stats_only,66,9,0.4120603015075377,34d3c9f878f0c845d0944f8c3ab72040dd5af88c8083e8c8d1e22ae3f4d99e8e,e450ec017ab91214244ef71a82e05ee7189401698bf6417e23d3ca5acfc11e7f,0.006734630388793694,4.440892098500626e-16
flywire_783_mb_left_kc512_s702,543,spectral,fly,3,reward_trace,0.03,coefficients_only,66,9,0.40703517587939697,34d3c9f878f0c845d0944f8c3ab72040dd5af88c8083e8c8d1e22ae3f4d99e8e,086a1f9f722ee8c9645ec3380d98e082c494308e3e4d3eb330a25cdc75e60a5a,0.006734630388793694,4.440892098500626e-16
flywire_783_mb_left_kc512_s702,543,spectral,fly,3,reward_trace,0.03,full_refit,66,9,0.40703517587939697,34d3c9f878f0c845d0944f8c3ab72040dd5af88c8083e8c8d1e22ae3f4d99e8e,28bb3954aa358681b1b6ba1de3d82de0393ba18ed0923ce76224738c398e28f3,0.006734630388793694,4.440892098500626e-16
flywire_783_mb_left_kc512_s702,543,spectral,fly,3,reward_trace,0.1,fixed,66,9,0.32663316582914576,c4aeb82cda0ca182a740c3897c22f01650513a911f6b3416dfbbc0a3ea0f3892,2247c300874bf1a754ea843c3e5d08cad4c23426838a5dbb263f039759a12b3c,0.022448767962645652,8.881784197001252e-16
flywire_783_mb_left_kc512_s702,543,spectral,fly,3,reward_trace,0.1,stats_only,66,9,0.34673366834170855,c4aeb82cda0ca182a740c3897c22f01650513a911f6b3416dfbbc0a3ea0f3892,030e3aed168a4b6f311f101c733a6eb04b7ffe32da08c7a7ebb0a3f7804f6067,0.022448767962645652,8.881784197001252e-16
flywire_783_mb_left_kc512_s702,543,spectral,fly,3,reward_trace,0.1,coefficients_only,66,9,0.4120603015075377,c4aeb82cda0ca182a740c3897c22f01650513a911f6b3416dfbbc0a3ea0f3892,876ac0544e68704eff7c07270467f72e8e7b59fec9e91e3f660c321671b21667,0.022448767962645652,8.881784197001252e-16
flywire_783_mb_left_kc512_s702,543,spectral,fly,3,reward_trace,0.1,full_refit,66,9,0.4120603015075377,c4aeb82cda0ca182a740c3897c22f01650513a911f6b3416dfbbc0a3ea0f3892,5169840faa5cf9825c06055929fe5fcae79bb4d82fd0badf81a129f72895d5bf,0.022448767962645652,8.881784197001252e-16
flywire_783_mb_left_kc512_s702,543,spectral,fly,3,reward_trace,0.3,fixed,66,1,0.25125628140703515,b80908b6342a642912ac147b73ddb36161847cec9f92239ae1920790e05e69ba,2247c300874bf1a754ea843c3e5d08cad4c23426838a5dbb263f039759a12b3c,0.06734630388793696,1.3322676295501878e-15
flywire_783_mb_left_kc512_s702,543,spectral,fly,3,reward_trace,0.3,stats_only,66,6,0.2562814070351759,b80908b6342a642912ac147b73ddb36161847cec9f92239ae1920790e05e69ba,b179871b6040b911071474a6ddb62fb79a1dadc864f2a8d132148d81453199d3,0.06734630388793696,1.3322676295501878e-15
flywire_783_mb_left_kc512_s702,543,spectral,fly,3,reward_trace,0.3,coefficients_only,66,9,0.41708542713567837,b80908b6342a642912ac147b73ddb36161847cec9f92239ae1920790e05e69ba,faa9524797da405c393242a423cfd5053ce877bd22705e3a555b10afd5704293,0.06734630388793696,1.3322676295501878e-15
flywire_783_mb_left_kc512_s702,543,spectral,fly,3,reward_trace,0.3,full_refit,66,9,0.4120603015075377,b80908b6342a642912ac147b73ddb36161847cec9f92239ae1920790e05e69ba,5876e4cd8379d97d2f7b192d0e52dc4b73732a9ad04b625beaab2f746d41f7fc,0.06734630388793696,1.3322676295501878e-15
flywire_783_mb_left_kc512_s702,543,spectral,fly,3,reward_trace,1.0,fixed,66,1,0.17587939698492464,8a433879b834332aeb5786fe04f4966a3cfc84bb5d12a3c0475aa2324f0bee03,2247c300874bf1a754ea843c3e5d08cad4c23426838a5dbb263f039759a12b3c,0.22448767962645652,3.1086244689504383e-15
flywire_783_mb_left_kc512_s702,543,spectral,fly,3,reward_trace,1.0,stats_only,66,1,0.18592964824120603,8a433879b834332aeb5786fe04f4966a3cfc84bb5d12a3c0475aa2324f0bee03,2206afb705cc69302851ed84e0d8da7c803a7b51db9429809361e13bad3a1e9d,0.22448767962645652,3.1086244689504383e-15
flywire_783_mb_left_kc512_s702,543,spectral,fly,3,reward_trace,1.0,coefficients_only,66,9,0.40703517587939697,8a433879b834332aeb5786fe04f4966a3cfc84bb5d12a3c0475aa2324f0bee03,636c5f7f958811ee1a01d1224b2596d9d4f3cfcb6358f5f14687287988e75273,0.22448767962645652,3.1086244689504383e-15
flywire_783_mb_left_kc512_s702,543,spectral,fly,3,reward_trace,1.0,full_refit,66,9,0.4020100502512563,8a433879b834332aeb5786fe04f4966a3cfc84bb5d12a3c0475aa2324f0bee03,ddfe5492bcaf155abc75c6acc4e6bb84d18457b1aa4f91e0f1fe67b7e02f3130,0.22448767962645652,3.1086244689504383e-15
flywire_783_mb_left_kc512_s702,543,spectral,fly,3,yoked_reward,0.0,fixed,67,9,0.40703517587939697,bab5e5454fcd56276ce61715151bfe0821c27b7128a2540e55b6ac95744c1e6d,2247c300874bf1a754ea843c3e5d08cad4c23426838a5dbb263f039759a12b3c,0.0,0.0
flywire_783_mb_left_kc512_s702,543,spectral,fly,3,yoked_reward,0.0,stats_only,67,9,0.40703517587939697,bab5e5454fcd56276ce61715151bfe0821c27b7128a2540e55b6ac95744c1e6d,2247c300874bf1a754ea843c3e5d08cad4c23426838a5dbb263f039759a12b3c,0.0,0.0
flywire_783_mb_left_kc512_s702,543,spectral,fly,3,yoked_reward,0.0,coefficients_only,67,9,0.40703517587939697,bab5e5454fcd56276ce61715151bfe0821c27b7128a2540e55b6ac95744c1e6d,2247c300874bf1a754ea843c3e5d08cad4c23426838a5dbb263f039759a12b3c,0.0,0.0
flywire_783_mb_left_kc512_s702,543,spectral,fly,3,yoked_reward,0.0,full_refit,67,9,0.40703517587939697,bab5e5454fcd56276ce61715151bfe0821c27b7128a2540e55b6ac95744c1e6d,2247c300874bf1a754ea843c3e5d08cad4c23426838a5dbb263f039759a12b3c,0.0,0.0
flywire_783_mb_left_kc512_s702,543,spectral,fly,3,yoked_reward,0.01,fixed,67,10,0.41708542713567837,ff3afb2896e749ee15e5db1de42138a0150e81b71f1b3c05caf8355eb4f87130,2247c300874bf1a754ea843c3e5d08cad4c23426838a5dbb263f039759a12b3c,0.0019380545872020388,4.440892098500626e-16
flywire_783_mb_left_kc512_s702,543,spectral,fly,3,yoked_reward,0.01,stats_only,67,9,0.41708542713567837,ff3afb2896e749ee15e5db1de42138a0150e81b71f1b3c05caf8355eb4f87130,1faa44c4911b41f4cc1306dadbc8f9502f6e3b3b404c53c71b3d310993614333,0.0019380545872020388,4.440892098500626e-16
flywire_783_mb_left_kc512_s702,543,spectral,fly,3,yoked_reward,0.01,coefficients_only,67,9,0.40703517587939697,ff3afb2896e749ee15e5db1de42138a0150e81b71f1b3c05caf8355eb4f87130,6eb0d19ea0014944eef6aaa789956c034820c254fd7bc1cc057ac8017e27a477,0.0019380545872020388,4.440892098500626e-16
flywire_783_mb_left_kc512_s702,543,spectral,fly,3,yoked_reward,0.01,full_refit,67,9,0.40703517587939697,ff3afb2896e749ee15e5db1de42138a0150e81b71f1b3c05caf8355eb4f87130,3b10df2ba6ae2b3e5ab3beb3582ca9df0f435e76f719d0106c398fb280024b4c,0.0019380545872020388,4.440892098500626e-16
flywire_783_mb_left_kc512_s702,543,spectral,fly,3,yoked_reward,0.03,fixed,67,10,0.40703517587939697,f258f6a27d1884477a0c580b8492f3341175e4a30361550b4b71476fc94e2ddf,2247c300874bf1a754ea843c3e5d08cad4c23426838a5dbb263f039759a12b3c,0.005814163761606113,8.881784197001252e-16
flywire_783_mb_left_kc512_s702,543,spectral,fly,3,yoked_reward,0.03,stats_only,67,10,0.40703517587939697,f258f6a27d1884477a0c580b8492f3341175e4a30361550b4b71476fc94e2ddf,62dd223697ce4b9007c826590ac90f3b8cf12b279922d7fd3afad062c8298729,0.005814163761606113,8.881784197001252e-16
flywire_783_mb_left_kc512_s702,543,spectral,fly,3,yoked_reward,0.03,coefficients_only,67,9,0.4020100502512563,f258f6a27d1884477a0c580b8492f3341175e4a30361550b4b71476fc94e2ddf,b748c1c9517cf71f865d4acd01ecb768d2a21d21ef7f141f47071c5582719886,0.005814163761606113,8.881784197001252e-16
flywire_783_mb_left_kc512_s702,543,spectral,fly,3,yoked_reward,0.03,full_refit,67,9,0.4020100502512563,f258f6a27d1884477a0c580b8492f3341175e4a30361550b4b71476fc94e2ddf,998a25fae04b6fdcf8418d64aeda7d20917b6a8226287549d9bdcb660e30e7ef,0.005814163761606113,8.881784197001252e-16
flywire_783_mb_left_kc512_s702,543,spectral,fly,3,yoked_reward,0.1,fixed,67,7,0.2964824120603015,83a9e6ccc100688626e5557e7d6286387c5deda6a9357eb44d3989dca20dbe21,2247c300874bf1a754ea843c3e5d08cad4c23426838a5dbb263f039759a12b3c,0.019380545872020385,4.440892098500626e-16
flywire_783_mb_left_kc512_s702,543,spectral,fly,3,yoked_reward,0.1,stats_only,67,7,0.36180904522613067,83a9e6ccc100688626e5557e7d6286387c5deda6a9357eb44d3989dca20dbe21,bbc14e30197ceafdbbd717062743ca33bd0199a81ffded11bff9f63242a849a9,0.019380545872020385,4.440892098500626e-16
flywire_783_mb_left_kc512_s702,543,spectral,fly,3,yoked_reward,0.1,coefficients_only,67,9,0.4020100502512563,83a9e6ccc100688626e5557e7d6286387c5deda6a9357eb44d3989dca20dbe21,c8ee59e1770705f78a71dee9f85495bf0be42959fcf7a028d4e1ce1364446882,0.019380545872020385,4.440892098500626e-16
flywire_783_mb_left_kc512_s702,543,spectral,fly,3,yoked_reward,0.1,full_refit,67,9,0.4020100502512563,83a9e6ccc100688626e5557e7d6286387c5deda6a9357eb44d3989dca20dbe21,b61ecafd532074278b222e0d6e95a1e11454072b4a20a38d29057e7c7b7afd5a,0.019380545872020385,4.440892098500626e-16
flywire_783_mb_left_kc512_s702,543,spectral,fly,3,yoked_reward,0.3,fixed,67,0,0.1457286432160804,14846c0b1c60b4a0faad538fe60b0eb55ea09dbdb4c3c98c1681a13d63f50a32,2247c300874bf1a754ea843c3e5d08cad4c23426838a5dbb263f039759a12b3c,0.05814163761606114,1.3322676295501878e-15
flywire_783_mb_left_kc512_s702,543,spectral,fly,3,yoked_reward,0.3,stats_only,67,4,0.2613065326633166,14846c0b1c60b4a0faad538fe60b0eb55ea09dbdb4c3c98c1681a13d63f50a32,df4a5ae28dd26fb26f0e619e98c91104515cb0bc27acd2136e85befd98cc19a5,0.05814163761606114,1.3322676295501878e-15
flywire_783_mb_left_kc512_s702,543,spectral,fly,3,yoked_reward,0.3,coefficients_only,67,9,0.41708542713567837,14846c0b1c60b4a0faad538fe60b0eb55ea09dbdb4c3c98c1681a13d63f50a32,94ac915571d06581aac0f951b47217ad1e489716cc4cb460f2198a596fd35d25,0.05814163761606114,1.3322676295501878e-15
flywire_783_mb_left_kc512_s702,543,spectral,fly,3,yoked_reward,0.3,full_refit,67,9,0.41708542713567837,14846c0b1c60b4a0faad538fe60b0eb55ea09dbdb4c3c98c1681a13d63f50a32,0a13af087b558389a917c518ddfb8fc3d9da26c87b54299d0cb226aa14523c40,0.05814163761606114,1.3322676295501878e-15
flywire_783_mb_left_kc512_s702,543,spectral,fly,3,yoked_reward,1.0,fixed,67,0,0.07537688442211055,4978e115f93c9de12c339f3ad93c8673e3fa078fb22dee04c5ecca21fac425b1,2247c300874bf1a754ea843c3e5d08cad4c23426838a5dbb263f039759a12b3c,0.1938054587202038,2.6645352591003757e-15
flywire_783_mb_left_kc512_s702,543,spectral,fly,3,yoked_reward,1.0,stats_only,67,2,0.1407035175879397,4978e115f93c9de12c339f3ad93c8673e3fa078fb22dee04c5ecca21fac425b1,c76ba987d9b9633d7e9ba7126cced3be61fe5561b1f0631087f3ac0d0341a3db,0.1938054587202038,2.6645352591003757e-15
flywire_783_mb_left_kc512_s702,543,spectral,fly,3,yoked_reward,1.0,coefficients_only,67,9,0.4120603015075377,4978e115f93c9de12c339f3ad93c8673e3fa078fb22dee04c5ecca21fac425b1,fcfd4933fec1a377eba16e4083645263e0d2d249dcceebc6d73eb74c4fbb7b16,0.1938054587202038,2.6645352591003757e-15
flywire_783_mb_left_kc512_s702,543,spectral,fly,3,yoked_reward,1.0,full_refit,67,9,0.4271356783919598,4978e115f93c9de12c339f3ad93c8673e3fa078fb22dee04c5ecca21fac425b1,a4b7369e2a80c5df4456ad810d273872b4cbe20d37cdf2f6d018bc826e8d81ef,0.1938054587202038,2.6645352591003757e-15
flywire_783_mb_left_kc512_s702,543,spectral,role_shuffled,0,reward_trace,0.0,fixed,68,5,0.3969849246231156,a8f039732e013f728088357d1716d6f352ddbd88ffe517c47bbf7516fb100e59,61b1b7de8173bb2f059401e1966d482fe1fc42e24281cfa43c272cdf433a7292,0.0,0.0
flywire_783_mb_left_kc512_s702,543,spectral,role_shuffled,0,reward_trace,0.0,stats_only,68,5,0.3969849246231156,a8f039732e013f728088357d1716d6f352ddbd88ffe517c47bbf7516fb100e59,61b1b7de8173bb2f059401e1966d482fe1fc42e24281cfa43c272cdf433a7292,0.0,0.0
flywire_783_mb_left_kc512_s702,543,spectral,role_shuffled,0,reward_trace,0.0,coefficients_only,68,5,0.3969849246231156,a8f039732e013f728088357d1716d6f352ddbd88ffe517c47bbf7516fb100e59,61b1b7de8173bb2f059401e1966d482fe1fc42e24281cfa43c272cdf433a7292,0.0,0.0
flywire_783_mb_left_kc512_s702,543,spectral,role_shuffled,0,reward_trace,0.0,full_refit,68,5,0.3969849246231156,a8f039732e013f728088357d1716d6f352ddbd88ffe517c47bbf7516fb100e59,61b1b7de8173bb2f059401e1966d482fe1fc42e24281cfa43c272cdf433a7292,0.0,0.0
flywire_783_mb_left_kc512_s702,543,spectral,role_shuffled,0,reward_trace,0.01,fixed,68,5,0.40703517587939697,9afe6c4e0dc7a8a86dbf66065429685674184276b221de1d1585f3692edb2ff5,61b1b7de8173bb2f059401e1966d482fe1fc42e24281cfa43c272cdf433a7292,0.002192055973613545,8.881784197001252e-16
flywire_783_mb_left_kc512_s702,543,spectral,role_shuffled,0,reward_trace,0.01,stats_only,68,5,0.4020100502512563,9afe6c4e0dc7a8a86dbf66065429685674184276b221de1d1585f3692edb2ff5,a04a57f9fdbee4abf127743dddf4696758765dd4b5e3b44d9b40cf8bc6144c95,0.002192055973613545,8.881784197001252e-16
flywire_783_mb_left_kc512_s702,543,spectral,role_shuffled,0,reward_trace,0.01,coefficients_only,68,5,0.4020100502512563,9afe6c4e0dc7a8a86dbf66065429685674184276b221de1d1585f3692edb2ff5,a3affc080f713d07f49032ef20ea1aecb5f44986c4907176e72d458584d22974,0.002192055973613545,8.881784197001252e-16
flywire_783_mb_left_kc512_s702,543,spectral,role_shuffled,0,reward_trace,0.01,full_refit,68,5,0.4020100502512563,9afe6c4e0dc7a8a86dbf66065429685674184276b221de1d1585f3692edb2ff5,9f1bac8da397cf7890cfdbcdc1eb657fb652d8e004085a6f8e7dbb2ad4a3dd3f,0.002192055973613545,8.881784197001252e-16
flywire_783_mb_left_kc512_s702,543,spectral,role_shuffled,0,reward_trace,0.03,fixed,68,5,0.40703517587939697,06665b8b0c2c0dd3605dc926273b0799859dacf4c6b6dbc0826bce69e4662215,61b1b7de8173bb2f059401e1966d482fe1fc42e24281cfa43c272cdf433a7292,0.006576167920840623,4.440892098500626e-16
flywire_783_mb_left_kc512_s702,543,spectral,role_shuffled,0,reward_trace,0.03,stats_only,68,5,0.4020100502512563,06665b8b0c2c0dd3605dc926273b0799859dacf4c6b6dbc0826bce69e4662215,c21e7dc5c2af0ff5ef4d2fa0b7cd5547ff89f0030b052e56644bf0fb6cd345ce,0.006576167920840623,4.440892098500626e-16
flywire_783_mb_left_kc512_s702,543,spectral,role_shuffled,0,reward_trace,0.03,coefficients_only,68,5,0.4020100502512563,06665b8b0c2c0dd3605dc926273b0799859dacf4c6b6dbc0826bce69e4662215,8ba62b1e63db429b11da3ace1ac44b6a55129a1a615550dc89627c7b482829ed,0.006576167920840623,4.440892098500626e-16
flywire_783_mb_left_kc512_s702,543,spectral,role_shuffled,0,reward_trace,0.03,full_refit,68,5,0.4020100502512563,06665b8b0c2c0dd3605dc926273b0799859dacf4c6b6dbc0826bce69e4662215,d8cc1c1168f98f954f837b5f638e7b7714815176c182730875106729b410a2c1,0.006576167920840623,4.440892098500626e-16
flywire_783_mb_left_kc512_s702,543,spectral,role_shuffled,0,reward_trace,0.1,fixed,68,5,0.32663316582914576,62095599f123de8a9f6b2da0dc56b5b19de2f89124ab88cd7d4d44e91a69f36c,61b1b7de8173bb2f059401e1966d482fe1fc42e24281cfa43c272cdf433a7292,0.021920559736135412,4.440892098500626e-16
flywire_783_mb_left_kc512_s702,543,spectral,role_shuffled,0,reward_trace,0.1,stats_only,68,5,0.33668341708542715,62095599f123de8a9f6b2da0dc56b5b19de2f89124ab88cd7d4d44e91a69f36c,886cf8d264a1d13333fc69a3049ef72371ee5f252949f11832553af623f7dce8,0.021920559736135412,4.440892098500626e-16
flywire_783_mb_left_kc512_s702,543,spectral,role_shuffled,0,reward_trace,0.1,coefficients_only,68,5,0.4020100502512563,62095599f123de8a9f6b2da0dc56b5b19de2f89124ab88cd7d4d44e91a69f36c,d027d587609430b7100e1499f949194c218da9d8f6b54038b32bb911363a8276,0.021920559736135412,4.440892098500626e-16
flywire_783_mb_left_kc512_s702,543,spectral,role_shuffled,0,reward_trace,0.1,full_refit,68,5,0.4020100502512563,62095599f123de8a9f6b2da0dc56b5b19de2f89124ab88cd7d4d44e91a69f36c,6ceb7efac9cd4c7d93a5c207ef00c4d64f4208e502cd0f210014806015202174,0.021920559736135412,4.440892098500626e-16
flywire_783_mb_left_kc512_s702,543,spectral,role_shuffled,0,reward_trace,0.3,fixed,68,4,0.2814070351758794,4a5d1cbe055a31ca67641029557375fc6bd5cdbf793c99f156abab5cd76f6c81,61b1b7de8173bb2f059401e1966d482fe1fc42e24281cfa43c272cdf433a7292,0.06576167920840624,3.3306690738754696e-16
flywire_783_mb_left_kc512_s702,543,spectral,role_shuffled,0,reward_trace,0.3,stats_only,68,5,0.3015075376884422,4a5d1cbe055a31ca67641029557375fc6bd5cdbf793c99f156abab5cd76f6c81,8178024dbd6815a5cdc1cadd6f8c6853196000fbc3b5c3ca873d7b1bd9139a1a,0.06576167920840624,3.3306690738754696e-16
flywire_783_mb_left_kc512_s702,543,spectral,role_shuffled,0,reward_trace,0.3,coefficients_only,68,5,0.4271356783919598,4a5d1cbe055a31ca67641029557375fc6bd5cdbf793c99f156abab5cd76f6c81,9fdfacea5ae571681f379f637975c461819c75764cc324d53ce7113a9f936b32,0.06576167920840624,3.3306690738754696e-16
flywire_783_mb_left_kc512_s702,543,spectral,role_shuffled,0,reward_trace,0.3,full_refit,68,5,0.4221105527638191,4a5d1cbe055a31ca67641029557375fc6bd5cdbf793c99f156abab5cd76f6c81,8a38fdabb59191adcba74560485ac60f8343186dbd6601318a44e0c791edefad,0.06576167920840624,3.3306690738754696e-16
flywire_783_mb_left_kc512_s702,543,spectral,role_shuffled,0,reward_trace,1.0,fixed,68,1,0.22613065326633167,11f27ee1bbd173f115a0a28bfd4976583b9c4897c365eb2ad55adfa78c42080a,61b1b7de8173bb2f059401e1966d482fe1fc42e24281cfa43c272cdf433a7292,0.2192055973613541,4.440892098500626e-16
flywire_783_mb_left_kc512_s702,543,spectral,role_shuffled,0,reward_trace,1.0,stats_only,68,0,0.21105527638190955,11f27ee1bbd173f115a0a28bfd4976583b9c4897c365eb2ad55adfa78c42080a,d944b8bf54c6ebd08e86a21819056e41d3367b0a703ae02552a0df71ed11c17f,0.2192055973613541,4.440892098500626e-16
flywire_783_mb_left_kc512_s702,543,spectral,role_shuffled,0,reward_trace,1.0,coefficients_only,68,5,0.40703517587939697,11f27ee1bbd173f115a0a28bfd4976583b9c4897c365eb2ad55adfa78c42080a,c7e74f8e4dff3b1bdb58ad60f2b34801d66c3d77d516118939268f763cd073f6,0.2192055973613541,4.440892098500626e-16
flywire_783_mb_left_kc512_s702,543,spectral,role_shuffled,0,reward_trace,1.0,full_refit,68,5,0.4321608040201005,11f27ee1bbd173f115a0a28bfd4976583b9c4897c365eb2ad55adfa78c42080a,11baee3417b4fe678f80227bcc8520adf2c0a6e02aa172404fc4152b62a22828,0.2192055973613541,4.440892098500626e-16
flywire_783_mb_left_kc512_s702,543,spectral,role_shuffled,0,yoked_reward,0.0,fixed,69,5,0.3969849246231156,a8f039732e013f728088357d1716d6f352ddbd88ffe517c47bbf7516fb100e59,61b1b7de8173bb2f059401e1966d482fe1fc42e24281cfa43c272cdf433a7292,0.0,0.0
flywire_783_mb_left_kc512_s702,543,spectral,role_shuffled,0,yoked_reward,0.0,stats_only,69,5,0.3969849246231156,a8f039732e013f728088357d1716d6f352ddbd88ffe517c47bbf7516fb100e59,61b1b7de8173bb2f059401e1966d482fe1fc42e24281cfa43c272cdf433a7292,0.0,0.0
flywire_783_mb_left_kc512_s702,543,spectral,role_shuffled,0,yoked_reward,0.0,coefficients_only,69,5,0.3969849246231156,a8f039732e013f728088357d1716d6f352ddbd88ffe517c47bbf7516fb100e59,61b1b7de8173bb2f059401e1966d482fe1fc42e24281cfa43c272cdf433a7292,0.0,0.0
flywire_783_mb_left_kc512_s702,543,spectral,role_shuffled,0,yoked_reward,0.0,full_refit,69,5,0.3969849246231156,a8f039732e013f728088357d1716d6f352ddbd88ffe517c47bbf7516fb100e59,61b1b7de8173bb2f059401e1966d482fe1fc42e24281cfa43c272cdf433a7292,0.0,0.0
flywire_783_mb_left_kc512_s702,543,spectral,role_shuffled,0,yoked_reward,0.01,fixed,69,5,0.41708542713567837,1ecadf02a22b2f7d91f96155631ac01b69b8ba95fee5a871ab7463330457b063,61b1b7de8173bb2f059401e1966d482fe1fc42e24281cfa43c272cdf433a7292,0.002012926154773686,4.440892098500626e-16
flywire_783_mb_left_kc512_s702,543,spectral,role_shuffled,0,yoked_reward,0.01,stats_only,69,5,0.41708542713567837,1ecadf02a22b2f7d91f96155631ac01b69b8ba95fee5a871ab7463330457b063,5a4cb14054e85684ce03304672e27552100efe5820e22b188d3fdcd8dc144870,0.002012926154773686,4.440892098500626e-16
flywire_783_mb_left_kc512_s702,543,spectral,role_shuffled,0,yoked_reward,0.01,coefficients_only,69,5,0.3969849246231156,1ecadf02a22b2f7d91f96155631ac01b69b8ba95fee5a871ab7463330457b063,ed5a2a25892282898279a2dd31a192e9ab397fd447c84f1fb377f06cd9ae0ae2,0.002012926154773686,4.440892098500626e-16
flywire_783_mb_left_kc512_s702,543,spectral,role_shuffled,0,yoked_reward,0.01,full_refit,69,5,0.3969849246231156,1ecadf02a22b2f7d91f96155631ac01b69b8ba95fee5a871ab7463330457b063,ae6827db1a19f41548dfe7e49c444cb6ab847e612408152f4ea12c2df6e689a7,0.002012926154773686,4.440892098500626e-16
flywire_783_mb_left_kc512_s702,543,spectral,role_shuffled,0,yoked_reward,0.03,fixed,69,5,0.37185929648241206,9a397367885339eddc845f5f03a255dde5732355cfa27bbcb362cdd469341691,61b1b7de8173bb2f059401e1966d482fe1fc42e24281cfa43c272cdf433a7292,0.006038778464321054,5.551115123125783e-16
flywire_783_mb_left_kc512_s702,543,spectral,role_shuffled,0,yoked_reward,0.03,stats_only,69,5,0.4120603015075377,9a397367885339eddc845f5f03a255dde5732355cfa27bbcb362cdd469341691,5df01457ea790738925b22356d6c0e14a7de25c91215e66bc1f2c3546ac981b8,0.006038778464321054,5.551115123125783e-16
flywire_783_mb_left_kc512_s702,543,spectral,role_shuffled,0,yoked_reward,0.03,coefficients_only,69,5,0.3969849246231156,9a397367885339eddc845f5f03a255dde5732355cfa27bbcb362cdd469341691,7829777d8e833dbe7e8b4d6b5f239527d1f9902ad45007f9bde87dc6b99226fd,0.006038778464321054,5.551115123125783e-16
flywire_783_mb_left_kc512_s702,543,spectral,role_shuffled,0,yoked_reward,0.03,full_refit,69,5,0.3969849246231156,9a397367885339eddc845f5f03a255dde5732355cfa27bbcb362cdd469341691,bbf4571ee4a1cc8c6f9f8713bb30c4fc36dae01287ce2dc13557f4658278bd1a,0.006038778464321054,5.551115123125783e-16
flywire_783_mb_left_kc512_s702,543,spectral,role_shuffled,0,yoked_reward,0.1,fixed,69,5,0.33668341708542715,665c17e47925b490f099f911cc26d27d9fc19c16ca8e98c61dbc56d95671e84f,61b1b7de8173bb2f059401e1966d482fe1fc42e24281cfa43c272cdf433a7292,0.02012926154773685,4.440892098500626e-16
flywire_783_mb_left_kc512_s702,543,spectral,role_shuffled,0,yoked_reward,0.1,stats_only,69,5,0.32160804020100503,665c17e47925b490f099f911cc26d27d9fc19c16ca8e98c61dbc56d95671e84f,3bb51f7d99f3c828ca9e8d660e60b487309232023fe05f8ba9daae098cd29781,0.02012926154773685,4.440892098500626e-16
flywire_783_mb_left_kc512_s702,543,spectral,role_shuffled,0,yoked_reward,0.1,coefficients_only,69,5,0.40703517587939697,665c17e47925b490f099f911cc26d27d9fc19c16ca8e98c61dbc56d95671e84f,a9d2004216da651c1b1648e04aed8c1798037a320cb6dc1a1111b673a48b36f6,0.02012926154773685,4.440892098500626e-16
flywire_783_mb_left_kc512_s702,543,spectral,role_shuffled,0,yoked_reward,0.1,full_refit,69,5,0.4020100502512563,665c17e47925b490f099f911cc26d27d9fc19c16ca8e98c61dbc56d95671e84f,0a354bae223e75eba48905845e7e403efcc4ff517142fa116c6d64e7de71ee5b,0.02012926154773685,4.440892098500626e-16
flywire_783_mb_left_kc512_s702,543,spectral,role_shuffled,0,yoked_reward,0.3,fixed,69,2,0.20603015075376885,48b95a12658f15175eba58cfba6f759b10c2a8cdc88011107b12409ce6ef01b7,61b1b7de8173bb2f059401e1966d482fe1fc42e24281cfa43c272cdf433a7292,0.06038778464321055,4.440892098500626e-16
flywire_783_mb_left_kc512_s702,543,spectral,role_shuffled,0,yoked_reward,0.3,stats_only,69,5,0.2562814070351759,48b95a12658f15175eba58cfba6f759b10c2a8cdc88011107b12409ce6ef01b7,62fde005f5da68fc9d6b1a6eaaace272f1e251bc4b2fe6514c161d257a3ab7c5,0.06038778464321055,4.440892098500626e-16
flywire_783_mb_left_kc512_s702,543,spectral,role_shuffled,0,yoked_reward,0.3,coefficients_only,69,5,0.4221105527638191,48b95a12658f15175eba58cfba6f759b10c2a8cdc88011107b12409ce6ef01b7,2a0a945c7f787f9cc6246ac315725ecf2f8ee0b2a6ea376305b0fb2c75da7ca4,0.06038778464321055,4.440892098500626e-16
flywire_783_mb_left_kc512_s702,543,spectral,role_shuffled,0,yoked_reward,0.3,full_refit,69,5,0.41708542713567837,48b95a12658f15175eba58cfba6f759b10c2a8cdc88011107b12409ce6ef01b7,01606b70e8ef19985317f13eb35f690a246df00d822303868629580f0eab04d1,0.06038778464321055,4.440892098500626e-16
flywire_783_mb_left_kc512_s702,543,spectral,role_shuffled,0,yoked_reward,1.0,fixed,69,2,0.1457286432160804,4e529df8cd7e3176ab65ded869ce15416debe948de092db5ee2f1fd0c296e0a3,61b1b7de8173bb2f059401e1966d482fe1fc42e24281cfa43c272cdf433a7292,0.2012926154773685,6.661338147750939e-16
flywire_783_mb_left_kc512_s702,543,spectral,role_shuffled,0,yoked_reward,1.0,stats_only,69,2,0.1658291457286432,4e529df8cd7e3176ab65ded869ce15416debe948de092db5ee2f1fd0c296e0a3,ad8457e945f583ab40bc07ed3adf88adb6a80243582eb20ff9b85242d3628c85,0.2012926154773685,6.661338147750939e-16
flywire_783_mb_left_kc512_s702,543,spectral,role_shuffled,0,yoked_reward,1.0,coefficients_only,69,5,0.4120603015075377,4e529df8cd7e3176ab65ded869ce15416debe948de092db5ee2f1fd0c296e0a3,fc68e0cd9ae2c6b2e91a40bab3f8b467f4caf060a8274a3303bc3cc2c26eb037,0.2012926154773685,6.661338147750939e-16
flywire_783_mb_left_kc512_s702,543,spectral,role_shuffled,0,yoked_reward,1.0,full_refit,69,5,0.41708542713567837,4e529df8cd7e3176ab65ded869ce15416debe948de092db5ee2f1fd0c296e0a3,74e10b62fde2b06daaeb7752fa48a8e8bb18ad260bb6f0d2f7ffaa52951ea22e,0.2012926154773685,6.661338147750939e-16
flywire_783_mb_left_kc512_s702,543,spectral,role_shuffled,3,reward_trace,0.0,fixed,70,5,0.3969849246231156,a8f039732e013f728088357d1716d6f352ddbd88ffe517c47bbf7516fb100e59,61b1b7de8173bb2f059401e1966d482fe1fc42e24281cfa43c272cdf433a7292,0.0,0.0
flywire_783_mb_left_kc512_s702,543,spectral,role_shuffled,3,reward_trace,0.0,stats_only,70,5,0.3969849246231156,a8f039732e013f728088357d1716d6f352ddbd88ffe517c47bbf7516fb100e59,61b1b7de8173bb2f059401e1966d482fe1fc42e24281cfa43c272cdf433a7292,0.0,0.0
flywire_783_mb_left_kc512_s702,543,spectral,role_shuffled,3,reward_trace,0.0,coefficients_only,70,5,0.3969849246231156,a8f039732e013f728088357d1716d6f352ddbd88ffe517c47bbf7516fb100e59,61b1b7de8173bb2f059401e1966d482fe1fc42e24281cfa43c272cdf433a7292,0.0,0.0
flywire_783_mb_left_kc512_s702,543,spectral,role_shuffled,3,reward_trace,0.0,full_refit,70,5,0.3969849246231156,a8f039732e013f728088357d1716d6f352ddbd88ffe517c47bbf7516fb100e59,61b1b7de8173bb2f059401e1966d482fe1fc42e24281cfa43c272cdf433a7292,0.0,0.0
flywire_783_mb_left_kc512_s702,543,spectral,role_shuffled,3,reward_trace,0.01,fixed,70,5,0.4020100502512563,bb4500414134cb45db8265c234495060d0973d9ff933369a905888345be45c60,61b1b7de8173bb2f059401e1966d482fe1fc42e24281cfa43c272cdf433a7292,0.002451451719075861,5.551115123125783e-16
flywire_783_mb_left_kc512_s702,543,spectral,role_shuffled,3,reward_trace,0.01,stats_only,70,5,0.40703517587939697,bb4500414134cb45db8265c234495060d0973d9ff933369a905888345be45c60,5e068530cacb37615d978b42ae36113c6cccf40428425fdc349e3297bf73a624,0.002451451719075861,5.551115123125783e-16
flywire_783_mb_left_kc512_s702,543,spectral,role_shuffled,3,reward_trace,0.01,coefficients_only,70,5,0.3969849246231156,bb4500414134cb45db8265c234495060d0973d9ff933369a905888345be45c60,327cdbd050f068631c88b2148cffdb12b5cb150d4e69bf34cce81de436201a9a,0.002451451719075861,5.551115123125783e-16
flywire_783_mb_left_kc512_s702,543,spectral,role_shuffled,3,reward_trace,0.01,full_refit,70,5,0.3969849246231156,bb4500414134cb45db8265c234495060d0973d9ff933369a905888345be45c60,255fdcbc0f56f955ca635767c57533597ff02ff2175a88b3dd9e0723c55b2639,0.002451451719075861,5.551115123125783e-16
flywire_783_mb_left_kc512_s702,543,spectral,role_shuffled,3,reward_trace,0.03,fixed,70,5,0.40703517587939697,d8be8726085daa1a3e703842cc1d8b0d7212c2a04dc0a64d0ee9255b1a736830,61b1b7de8173bb2f059401e1966d482fe1fc42e24281cfa43c272cdf433a7292,0.0073543551572275824,4.440892098500626e-16
flywire_783_mb_left_kc512_s702,543,spectral,role_shuffled,3,reward_trace,0.03,stats_only,70,5,0.3969849246231156,d8be8726085daa1a3e703842cc1d8b0d7212c2a04dc0a64d0ee9255b1a736830,b345416034a15a8b12d5364a2990e96d9884ef5b81a8cc7c6e7cea1f0afdd278,0.0073543551572275824,4.440892098500626e-16
flywire_783_mb_left_kc512_s702,543,spectral,role_shuffled,3,reward_trace,0.03,coefficients_only,70,5,0.3969849246231156,d8be8726085daa1a3e703842cc1d8b0d7212c2a04dc0a64d0ee9255b1a736830,4737fac7e0ccc734245a01327109ba46037de4ccd657e43bd1884c1987859b84,0.0073543551572275824,4.440892098500626e-16
flywire_783_mb_left_kc512_s702,543,spectral,role_shuffled,3,reward_trace,0.03,full_refit,70,5,0.3969849246231156,d8be8726085daa1a3e703842cc1d8b0d7212c2a04dc0a64d0ee9255b1a736830,7b4ce1a1c67b9239b93d5d10981d8e2675e6a3bffaaf34fde4ede53cbef38dcb,0.0073543551572275824,4.440892098500626e-16
flywire_783_mb_left_kc512_s702,543,spectral,role_shuffled,3,reward_trace,0.1,fixed,70,1,0.33668341708542715,10af56c4df7b42c090fc70b380049d7b3738ad06e49d7a5f006fab0023fd9abd,61b1b7de8173bb2f059401e1966d482fe1fc42e24281cfa43c272cdf433a7292,0.02451451719075861,5.551115123125783e-16
flywire_783_mb_left_kc512_s702,543,spectral,role_shuffled,3,reward_trace,0.1,stats_only,70,1,0.38190954773869346,10af56c4df7b42c090fc70b380049d7b3738ad06e49d7a5f006fab0023fd9abd,6442bd5c256455dee5595e271289acbe4f72a8260d0eafe59f9ed769a3068272,0.02451451719075861,5.551115123125783e-16
flywire_783_mb_left_kc512_s702,543,spectral,role_shuffled,3,reward_trace,0.1,coefficients_only,70,5,0.3969849246231156,10af56c4df7b42c090fc70b380049d7b3738ad06e49d7a5f006fab0023fd9abd,61c0c9ac7f480e7a1318f069d1c982c4a1e227348c6f6b04d5f659bac2418dde,0.02451451719075861,5.551115123125783e-16
flywire_783_mb_left_kc512_s702,543,spectral,role_shuffled,3,reward_trace,0.1,full_refit,70,5,0.3969849246231156,10af56c4df7b42c090fc70b380049d7b3738ad06e49d7a5f006fab0023fd9abd,e551c6437f4f15047d53282658e4113424b79a66997ea3791c5b4aed55db46f7,0.02451451719075861,5.551115123125783e-16
flywire_783_mb_left_kc512_s702,543,spectral,role_shuffled,3,reward_trace,0.3,fixed,70,1,0.22110552763819097,6a659dd72d011e566030deb23ff78d43b1d68cf9820d43eebd12ff9e523a79fc,61b1b7de8173bb2f059401e1966d482fe1fc42e24281cfa43c272cdf433a7292,0.07354355157227584,8.881784197001252e-16
flywire_783_mb_left_kc512_s702,543,spectral,role_shuffled,3,reward_trace,0.3,stats_only,70,1,0.24120603015075376,6a659dd72d011e566030deb23ff78d43b1d68cf9820d43eebd12ff9e523a79fc,2c012a2b0c81f2776a260fa5de0d1f643b602706a3c88af89bfbb856d1173f0d,0.07354355157227584,8.881784197001252e-16
flywire_783_mb_left_kc512_s702,543,spectral,role_shuffled,3,reward_trace,0.3,coefficients_only,70,5,0.4020100502512563,6a659dd72d011e566030deb23ff78d43b1d68cf9820d43eebd12ff9e523a79fc,c390c2c79d6a5d3f2dbf12dbcbcb26807cab8b668f9f80fb861f8d17a47d5c2f,0.07354355157227584,8.881784197001252e-16
flywire_783_mb_left_kc512_s702,543,spectral,role_shuffled,3,reward_trace,0.3,full_refit,70,5,0.3969849246231156,6a659dd72d011e566030deb23ff78d43b1d68cf9820d43eebd12ff9e523a79fc,f88288f38b004a6bcbd7df3d1d0df7843eaeb573a709cebde94b5ef91456c63d,0.07354355157227584,8.881784197001252e-16
flywire_783_mb_left_kc512_s702,543,spectral,role_shuffled,3,reward_trace,1.0,fixed,70,1,0.17587939698492464,d3f9b36d45569e07588c154cfa91469b658a249ec8526926d20a4179d819496a,61b1b7de8173bb2f059401e1966d482fe1fc42e24281cfa43c272cdf433a7292,0.2451451719075861,1.1102230246251565e-15
flywire_783_mb_left_kc512_s702,543,spectral,role_shuffled,3,reward_trace,1.0,stats_only,70,1,0.1507537688442211,d3f9b36d45569e07588c154cfa91469b658a249ec8526926d20a4179d819496a,8837141e5b8887fbe16fb2c37724212519b757896ac9e25f35c9b462f50f0cbe,0.2451451719075861,1.1102230246251565e-15
flywire_783_mb_left_kc512_s702,543,spectral,role_shuffled,3,reward_trace,1.0,coefficients_only,70,5,0.3969849246231156,d3f9b36d45569e07588c154cfa91469b658a249ec8526926d20a4179d819496a,58f4325e16f6f026e8642944ffa32e2672354a30f39c23513aeb958dbe1fb1b1,0.2451451719075861,1.1102230246251565e-15
flywire_783_mb_left_kc512_s702,543,spectral,role_shuffled,3,reward_trace,1.0,full_refit,70,5,0.4120603015075377,d3f9b36d45569e07588c154cfa91469b658a249ec8526926d20a4179d819496a,72ca896224db187fab994a78e8e0a9e49979de441fb9c96205fc3be5fabec81a,0.2451451719075861,1.1102230246251565e-15
flywire_783_mb_left_kc512_s702,543,spectral,role_shuffled,3,yoked_reward,0.0,fixed,71,5,0.3969849246231156,a8f039732e013f728088357d1716d6f352ddbd88ffe517c47bbf7516fb100e59,61b1b7de8173bb2f059401e1966d482fe1fc42e24281cfa43c272cdf433a7292,0.0,0.0
flywire_783_mb_left_kc512_s702,543,spectral,role_shuffled,3,yoked_reward,0.0,stats_only,71,5,0.3969849246231156,a8f039732e013f728088357d1716d6f352ddbd88ffe517c47bbf7516fb100e59,61b1b7de8173bb2f059401e1966d482fe1fc42e24281cfa43c272cdf433a7292,0.0,0.0
flywire_783_mb_left_kc512_s702,543,spectral,role_shuffled,3,yoked_reward,0.0,coefficients_only,71,5,0.3969849246231156,a8f039732e013f728088357d1716d6f352ddbd88ffe517c47bbf7516fb100e59,61b1b7de8173bb2f059401e1966d482fe1fc42e24281cfa43c272cdf433a7292,0.0,0.0
flywire_783_mb_left_kc512_s702,543,spectral,role_shuffled,3,yoked_reward,0.0,full_refit,71,5,0.3969849246231156,a8f039732e013f728088357d1716d6f352ddbd88ffe517c47bbf7516fb100e59,61b1b7de8173bb2f059401e1966d482fe1fc42e24281cfa43c272cdf433a7292,0.0,0.0
flywire_783_mb_left_kc512_s702,543,spectral,role_shuffled,3,yoked_reward,0.01,fixed,71,5,0.4120603015075377,d68963dc6642b55c0d3d7503e3c5317b0dbe134bc8ca2473fc7d518f3e082f1a,61b1b7de8173bb2f059401e1966d482fe1fc42e24281cfa43c272cdf433a7292,0.002528137172611837,4.440892098500626e-16
flywire_783_mb_left_kc512_s702,543,spectral,role_shuffled,3,yoked_reward,0.01,stats_only,71,5,0.4120603015075377,d68963dc6642b55c0d3d7503e3c5317b0dbe134bc8ca2473fc7d518f3e082f1a,13cf9e62c75decf87bc394a7072ac2c09a3ad71b898563b07fde709e6641d5a9,0.002528137172611837,4.440892098500626e-16
flywire_783_mb_left_kc512_s702,543,spectral,role_shuffled,3,yoked_reward,0.01,coefficients_only,71,5,0.4020100502512563,d68963dc6642b55c0d3d7503e3c5317b0dbe134bc8ca2473fc7d518f3e082f1a,a1da05219c21f5d53f1afceee168e9c832d9e7f1578960bc41ab3d0c4d1d1ad0,0.002528137172611837,4.440892098500626e-16
flywire_783_mb_left_kc512_s702,543,spectral,role_shuffled,3,yoked_reward,0.01,full_refit,71,5,0.4020100502512563,d68963dc6642b55c0d3d7503e3c5317b0dbe134bc8ca2473fc7d518f3e082f1a,db22d7452b1d2f95f5ea2d4ca87afbe95500351203a8f5788f6a73137d049897,0.002528137172611837,4.440892098500626e-16
flywire_783_mb_left_kc512_s702,543,spectral,role_shuffled,3,yoked_reward,0.03,fixed,71,5,0.4020100502512563,84c3a305da4e7504a3809dea8639d9771e70c90d76e15d65a508b835afac0e3e,61b1b7de8173bb2f059401e1966d482fe1fc42e24281cfa43c272cdf433a7292,0.007584411517835514,5.551115123125783e-16
flywire_783_mb_left_kc512_s702,543,spectral,role_shuffled,3,yoked_reward,0.03,stats_only,71,5,0.3869346733668342,84c3a305da4e7504a3809dea8639d9771e70c90d76e15d65a508b835afac0e3e,72034337c0f435fd2fc820202a1db2d6e39b7fc8986b5e36ab655c4a2dfc27cc,0.007584411517835514,5.551115123125783e-16
flywire_783_mb_left_kc512_s702,543,spectral,role_shuffled,3,yoked_reward,0.03,coefficients_only,71,5,0.40703517587939697,84c3a305da4e7504a3809dea8639d9771e70c90d76e15d65a508b835afac0e3e,4ca7eef58c618f4bd2ad5622a05331ed75168b6902de2e1b92f79b3ee35c7fda,0.007584411517835514,5.551115123125783e-16
flywire_783_mb_left_kc512_s702,543,spectral,role_shuffled,3,yoked_reward,0.03,full_refit,71,5,0.40703517587939697,84c3a305da4e7504a3809dea8639d9771e70c90d76e15d65a508b835afac0e3e,4d1cad969ab5062edbb2f5a03fcd0d7b27c26c63aa210df9a8dc081b3bb416f8,0.007584411517835514,5.551115123125783e-16
flywire_783_mb_left_kc512_s702,543,spectral,role_shuffled,3,yoked_reward,0.1,fixed,71,1,0.32160804020100503,37aeb7f11487ae4b24b95a12d53f9d52d9688197edb31e206f3e18b54c1272fa,61b1b7de8173bb2f059401e1966d482fe1fc42e24281cfa43c272cdf433a7292,0.02528137172611838,4.440892098500626e-16
flywire_783_mb_left_kc512_s702,543,spectral,role_shuffled,3,yoked_reward,0.1,stats_only,71,2,0.33668341708542715,37aeb7f11487ae4b24b95a12d53f9d52d9688197edb31e206f3e18b54c1272fa,2b7427fd7b8e140808a1fac04a8ed63733fa35b4dce9a6e5cb2440fafb34ad44,0.02528137172611838,4.440892098500626e-16
flywire_783_mb_left_kc512_s702,543,spectral,role_shuffled,3,yoked_reward,0.1,coefficients_only,71,5,0.4120603015075377,37aeb7f11487ae4b24b95a12d53f9d52d9688197edb31e206f3e18b54c1272fa,7ea30999221d4e4151caff4c251c92d9c444b1dcd2da9c58a3b6329d3bd21621,0.02528137172611838,4.440892098500626e-16
flywire_783_mb_left_kc512_s702,543,spectral,role_shuffled,3,yoked_reward,0.1,full_refit,71,5,0.4120603015075377,37aeb7f11487ae4b24b95a12d53f9d52d9688197edb31e206f3e18b54c1272fa,6a9ce067a6017114bb248b666b48a6fe03ed834687c58806fd54dacb55eae6a9,0.02528137172611838,4.440892098500626e-16
flywire_783_mb_left_kc512_s702,543,spectral,role_shuffled,3,yoked_reward,0.3,fixed,71,1,0.21105527638190955,3abd148d25217e48f00e0fd148635a1d13f975bac98fed23b6cd0978b10d492a,61b1b7de8173bb2f059401e1966d482fe1fc42e24281cfa43c272cdf433a7292,0.07584411517835513,5.551115123125783e-16
flywire_783_mb_left_kc512_s702,543,spectral,role_shuffled,3,yoked_reward,0.3,stats_only,71,2,0.21608040201005024,3abd148d25217e48f00e0fd148635a1d13f975bac98fed23b6cd0978b10d492a,dac57211130e6af509d3fd22edfabbe7b5b98bac43e22ffc83e0154d96c223b8,0.07584411517835513,5.551115123125783e-16
flywire_783_mb_left_kc512_s702,543,spectral,role_shuffled,3,yoked_reward,0.3,coefficients_only,71,5,0.4120603015075377,3abd148d25217e48f00e0fd148635a1d13f975bac98fed23b6cd0978b10d492a,e5e348e0f89c10c497698f634a78e6980e342fae137806cca84bd22c709c4836,0.07584411517835513,5.551115123125783e-16
flywire_783_mb_left_kc512_s702,543,spectral,role_shuffled,3,yoked_reward,0.3,full_refit,71,5,0.40703517587939697,3abd148d25217e48f00e0fd148635a1d13f975bac98fed23b6cd0978b10d492a,8feae24f93d9868cac4e03bebf35abeb31ec33cc16ead35c318a633f33b3ed48,0.07584411517835513,5.551115123125783e-16
flywire_783_mb_left_kc512_s702,543,spectral,role_shuffled,3,yoked_reward,1.0,fixed,71,1,0.12562814070351758,4a3a12e81d31f06223ba0fec1ce5407201aeac04c60deb65e4f915bbb22263f1,61b1b7de8173bb2f059401e1966d482fe1fc42e24281cfa43c272cdf433a7292,0.2528137172611838,6.661338147750939e-16
flywire_783_mb_left_kc512_s702,543,spectral,role_shuffled,3,yoked_reward,1.0,stats_only,71,0,0.12060301507537688,4a3a12e81d31f06223ba0fec1ce5407201aeac04c60deb65e4f915bbb22263f1,0813df5f9a937e691f4b863918824c2f5163bb10771660f842f1e649fc7d32d6,0.2528137172611838,6.661338147750939e-16
flywire_783_mb_left_kc512_s702,543,spectral,role_shuffled,3,yoked_reward,1.0,coefficients_only,71,5,0.40703517587939697,4a3a12e81d31f06223ba0fec1ce5407201aeac04c60deb65e4f915bbb22263f1,e746d6138bdd1efb005cce294a078763a76a40174bf02cc789c2e4317a254f24,0.2528137172611838,6.661338147750939e-16
flywire_783_mb_left_kc512_s702,543,spectral,role_shuffled,3,yoked_reward,1.0,full_refit,71,5,0.4120603015075377,4a3a12e81d31f06223ba0fec1ce5407201aeac04c60deb65e4f915bbb22263f1,852736729ce63f8e43757ece7f7530e7948f71d68328cba666da5949225c7e36,0.2528137172611838,6.661338147750939e-16
flywire_783_mb_left_kc512_s702,543,incoming_l1,fly,0,reward_trace,0.0,fixed,72,10,0.4271356783919598,b7e6183e2fa89b2dbe53ddbe059b4a1e8aba8103a525bb8586d9c109efd8c382,630933dd7a31a2a2d9b53ad2d101f3db4e94385c53f732f4fb0234c0163daf01,0.0,0.0
flywire_783_mb_left_kc512_s702,543,incoming_l1,fly,0,reward_trace,0.0,stats_only,72,10,0.4271356783919598,b7e6183e2fa89b2dbe53ddbe059b4a1e8aba8103a525bb8586d9c109efd8c382,630933dd7a31a2a2d9b53ad2d101f3db4e94385c53f732f4fb0234c0163daf01,0.0,0.0
flywire_783_mb_left_kc512_s702,543,incoming_l1,fly,0,reward_trace,0.0,coefficients_only,72,10,0.4271356783919598,b7e6183e2fa89b2dbe53ddbe059b4a1e8aba8103a525bb8586d9c109efd8c382,630933dd7a31a2a2d9b53ad2d101f3db4e94385c53f732f4fb0234c0163daf01,0.0,0.0
flywire_783_mb_left_kc512_s702,543,incoming_l1,fly,0,reward_trace,0.0,full_refit,72,10,0.4271356783919598,b7e6183e2fa89b2dbe53ddbe059b4a1e8aba8103a525bb8586d9c109efd8c382,630933dd7a31a2a2d9b53ad2d101f3db4e94385c53f732f4fb0234c0163daf01,0.0,0.0
flywire_783_mb_left_kc512_s702,543,incoming_l1,fly,0,reward_trace,0.01,fixed,72,9,0.4271356783919598,4ef5517941701d8a43251cb5bb91a3c30a1dec693b13ab9f3d67546379bf44b7,630933dd7a31a2a2d9b53ad2d101f3db4e94385c53f732f4fb0234c0163daf01,0.002195003612886131,2.220446049250313e-16
flywire_783_mb_left_kc512_s702,543,incoming_l1,fly,0,reward_trace,0.01,stats_only,72,9,0.40703517587939697,4ef5517941701d8a43251cb5bb91a3c30a1dec693b13ab9f3d67546379bf44b7,69167cfe991722031c0ac03971729e86b43ab4e8a607fa69d7a8ea4ee534682d,0.002195003612886131,2.220446049250313e-16
flywire_783_mb_left_kc512_s702,543,incoming_l1,fly,0,reward_trace,0.01,coefficients_only,72,10,0.4271356783919598,4ef5517941701d8a43251cb5bb91a3c30a1dec693b13ab9f3d67546379bf44b7,94ed86304a96d378270774c017d6501ffe4054b86bd88ea866cdad224ba34a0d,0.002195003612886131,2.220446049250313e-16
flywire_783_mb_left_kc512_s702,543,incoming_l1,fly,0,reward_trace,0.01,full_refit,72,10,0.4271356783919598,4ef5517941701d8a43251cb5bb91a3c30a1dec693b13ab9f3d67546379bf44b7,e01325a30db2fdebb6b95826833e90415e61faaa5dd9b765aa19a55b7f975584,0.002195003612886131,2.220446049250313e-16
flywire_783_mb_left_kc512_s702,543,incoming_l1,fly,0,reward_trace,0.03,fixed,72,6,0.4221105527638191,4f02a49bfaaaad885a38e60480a37f3d9c9f9bcba543a6d01359608bb0dbe02c,630933dd7a31a2a2d9b53ad2d101f3db4e94385c53f732f4fb0234c0163daf01,0.00658501083865839,2.220446049250313e-16
flywire_783_mb_left_kc512_s702,543,incoming_l1,fly,0,reward_trace,0.03,stats_only,72,9,0.4120603015075377,4f02a49bfaaaad885a38e60480a37f3d9c9f9bcba543a6d01359608bb0dbe02c,c5b31ef437fcc4ae0afe02ddc41286e8ba459b9b699160df638f3a43459f7e8b,0.00658501083865839,2.220446049250313e-16
flywire_783_mb_left_kc512_s702,543,incoming_l1,fly,0,reward_trace,0.03,coefficients_only,72,10,0.4221105527638191,4f02a49bfaaaad885a38e60480a37f3d9c9f9bcba543a6d01359608bb0dbe02c,88a55ddd8dcb03ac25ab8ac57d2635ada8c25e6e1e8da4064bd307aaf59361e6,0.00658501083865839,2.220446049250313e-16
flywire_783_mb_left_kc512_s702,543,incoming_l1,fly,0,reward_trace,0.03,full_refit,72,10,0.4221105527638191,4f02a49bfaaaad885a38e60480a37f3d9c9f9bcba543a6d01359608bb0dbe02c,af909dcd09e5a33d6d6951826bb719c394f3ee2219d1843c0d637a93526befd8,0.00658501083865839,2.220446049250313e-16
flywire_783_mb_left_kc512_s702,543,incoming_l1,fly,0,reward_trace,0.1,fixed,72,0,0.31155778894472363,f015c038d7d720898f14057854a7fb3d48c3bc5815d8527327b5f58d60d47c4f,630933dd7a31a2a2d9b53ad2d101f3db4e94385c53f732f4fb0234c0163daf01,0.021950036128861303,3.3306690738754696e-16
flywire_783_mb_left_kc512_s702,543,incoming_l1,fly,0,reward_trace,0.1,stats_only,72,0,0.3417085427135678,f015c038d7d720898f14057854a7fb3d48c3bc5815d8527327b5f58d60d47c4f,54f83575be4751609917dd275546ccb3cc5b50e93d62c5e527b1ca4eca6cc239,0.021950036128861303,3.3306690738754696e-16
flywire_783_mb_left_kc512_s702,543,incoming_l1,fly,0,reward_trace,0.1,coefficients_only,72,10,0.41708542713567837,f015c038d7d720898f14057854a7fb3d48c3bc5815d8527327b5f58d60d47c4f,7ca7c5e7c08c341230fdfbe0a8f841cc66662bc463800a4f89a9a46bc48d0e76,0.021950036128861303,3.3306690738754696e-16
flywire_783_mb_left_kc512_s702,543,incoming_l1,fly,0,reward_trace,0.1,full_refit,72,10,0.41708542713567837,f015c038d7d720898f14057854a7fb3d48c3bc5815d8527327b5f58d60d47c4f,a9cf48ff0c14a32a57830652dccc68a16fe1d5d811f0923bd56e5249b1aaa491,0.021950036128861303,3.3306690738754696e-16
flywire_783_mb_left_kc512_s702,543,incoming_l1,fly,0,reward_trace,0.3,fixed,72,0,0.24623115577889448,0f6b9ea216c9dbbac30a76ca9292afb7c87dd921df1faf6f5b676ba4ec5f883a,630933dd7a31a2a2d9b53ad2d101f3db4e94385c53f732f4fb0234c0163daf01,0.0658501083865839,2.220446049250313e-16
flywire_783_mb_left_kc512_s702,543,incoming_l1,fly,0,reward_trace,0.3,stats_only,72,0,0.24623115577889448,0f6b9ea216c9dbbac30a76ca9292afb7c87dd921df1faf6f5b676ba4ec5f883a,4d455fc0d7c69d6b7062fbfcf1bde685cfa1400cbf9e14bd937bbca6b3540189,0.0658501083865839,2.220446049250313e-16
flywire_783_mb_left_kc512_s702,543,incoming_l1,fly,0,reward_trace,0.3,coefficients_only,72,10,0.4221105527638191,0f6b9ea216c9dbbac30a76ca9292afb7c87dd921df1faf6f5b676ba4ec5f883a,6ffc34ff18127efdab2553cb88cf5617f9f1a3ac0e0f77f467badea77b6b55c6,0.0658501083865839,2.220446049250313e-16
flywire_783_mb_left_kc512_s702,543,incoming_l1,fly,0,reward_trace,0.3,full_refit,72,10,0.4221105527638191,0f6b9ea216c9dbbac30a76ca9292afb7c87dd921df1faf6f5b676ba4ec5f883a,95228e60e425392fb906c9c301f08924eba6a85cbbe362f3f67241ae53b515e8,0.0658501083865839,2.220446049250313e-16
flywire_783_mb_left_kc512_s702,543,incoming_l1,fly,0,reward_trace,1.0,fixed,72,0,0.22110552763819097,be298d93acfe3b467f7df54017c2cd504a2235e171a06504ec43ca4aa8fade1f,630933dd7a31a2a2d9b53ad2d101f3db4e94385c53f732f4fb0234c0163daf01,0.219500361288613,6.661338147750939e-16
flywire_783_mb_left_kc512_s702,543,incoming_l1,fly,0,reward_trace,1.0,stats_only,72,0,0.19095477386934673,be298d93acfe3b467f7df54017c2cd504a2235e171a06504ec43ca4aa8fade1f,f72f4c9622adb2ad667a92fc96d8acab3ddc9e25a4494f9a451d682a1a1083de,0.219500361288613,6.661338147750939e-16
flywire_783_mb_left_kc512_s702,543,incoming_l1,fly,0,reward_trace,1.0,coefficients_only,72,6,0.3969849246231156,be298d93acfe3b467f7df54017c2cd504a2235e171a06504ec43ca4aa8fade1f,07f6c7636ed668902b5f9f0fd91472fe1dbf88164d7f49bf6c3749c4893a2d50,0.219500361288613,6.661338147750939e-16
flywire_783_mb_left_kc512_s702,543,incoming_l1,fly,0,reward_trace,1.0,full_refit,72,5,0.40703517587939697,be298d93acfe3b467f7df54017c2cd504a2235e171a06504ec43ca4aa8fade1f,17e84a498e56adceb031579a72470a7ff78fd86400ad8d8e7da48d3b527361f7,0.219500361288613,6.661338147750939e-16
flywire_783_mb_left_kc512_s702,543,incoming_l1,fly,0,yoked_reward,0.0,fixed,73,10,0.4271356783919598,b7e6183e2fa89b2dbe53ddbe059b4a1e8aba8103a525bb8586d9c109efd8c382,630933dd7a31a2a2d9b53ad2d101f3db4e94385c53f732f4fb0234c0163daf01,0.0,0.0
flywire_783_mb_left_kc512_s702,543,incoming_l1,fly,0,yoked_reward,0.0,stats_only,73,10,0.4271356783919598,b7e6183e2fa89b2dbe53ddbe059b4a1e8aba8103a525bb8586d9c109efd8c382,630933dd7a31a2a2d9b53ad2d101f3db4e94385c53f732f4fb0234c0163daf01,0.0,0.0
flywire_783_mb_left_kc512_s702,543,incoming_l1,fly,0,yoked_reward,0.0,coefficients_only,73,10,0.4271356783919598,b7e6183e2fa89b2dbe53ddbe059b4a1e8aba8103a525bb8586d9c109efd8c382,630933dd7a31a2a2d9b53ad2d101f3db4e94385c53f732f4fb0234c0163daf01,0.0,0.0
flywire_783_mb_left_kc512_s702,543,incoming_l1,fly,0,yoked_reward,0.0,full_refit,73,10,0.4271356783919598,b7e6183e2fa89b2dbe53ddbe059b4a1e8aba8103a525bb8586d9c109efd8c382,630933dd7a31a2a2d9b53ad2d101f3db4e94385c53f732f4fb0234c0163daf01,0.0,0.0
flywire_783_mb_left_kc512_s702,543,incoming_l1,fly,0,yoked_reward,0.01,fixed,73,10,0.4271356783919598,6c9a9a622659183283c2b3f10de0fbfd05d0d87eefc4599d80932f63208a12b8,630933dd7a31a2a2d9b53ad2d101f3db4e94385c53f732f4fb0234c0163daf01,0.002125358438363455,3.3306690738754696e-16
flywire_783_mb_left_kc512_s702,543,incoming_l1,fly,0,yoked_reward,0.01,stats_only,73,10,0.4221105527638191,6c9a9a622659183283c2b3f10de0fbfd05d0d87eefc4599d80932f63208a12b8,5ae82113c2b0600f9966da3c62788a5037003d03524c1ef3f24b395f3acc8ff5,0.002125358438363455,3.3306690738754696e-16
flywire_783_mb_left_kc512_s702,543,incoming_l1,fly,0,yoked_reward,0.01,coefficients_only,73,10,0.4271356783919598,6c9a9a622659183283c2b3f10de0fbfd05d0d87eefc4599d80932f63208a12b8,7c874c101472b03b246f2160dd7dd27fedce77a8eb5eb0e0f81ab78558e1c275,0.002125358438363455,3.3306690738754696e-16
flywire_783_mb_left_kc512_s702,543,incoming_l1,fly,0,yoked_reward,0.01,full_refit,73,10,0.4271356783919598,6c9a9a622659183283c2b3f10de0fbfd05d0d87eefc4599d80932f63208a12b8,f1cf0e32cdcb04a8640193832e277caf0fd3a611c2a6e614951859b8d7ca2017,0.002125358438363455,3.3306690738754696e-16
flywire_783_mb_left_kc512_s702,543,incoming_l1,fly,0,yoked_reward,0.03,fixed,73,9,0.4020100502512563,64a4c5db401e8fe5e74c424b3973dab74f68ed961ee0fcae1e7d0d444a6ba077,630933dd7a31a2a2d9b53ad2d101f3db4e94385c53f732f4fb0234c0163daf01,0.006376075315090364,3.3306690738754696e-16
flywire_783_mb_left_kc512_s702,543,incoming_l1,fly,0,yoked_reward,0.03,stats_only,73,3,0.3969849246231156,64a4c5db401e8fe5e74c424b3973dab74f68ed961ee0fcae1e7d0d444a6ba077,b1892421da0578888e38826f2f2bfeb3791c30c9ed1101926c4a599f55e49b2b,0.006376075315090364,3.3306690738754696e-16
flywire_783_mb_left_kc512_s702,543,incoming_l1,fly,0,yoked_reward,0.03,coefficients_only,73,10,0.4321608040201005,64a4c5db401e8fe5e74c424b3973dab74f68ed961ee0fcae1e7d0d444a6ba077,9077c84a523177fe96acc793a5d8988d9ee103e202f89535f6fc013353e08da1,0.006376075315090364,3.3306690738754696e-16
flywire_783_mb_left_kc512_s702,543,incoming_l1,fly,0,yoked_reward,0.03,full_refit,73,10,0.4321608040201005,64a4c5db401e8fe5e74c424b3973dab74f68ed961ee0fcae1e7d0d444a6ba077,9794a3eb8763e91c05d1568f969c6b1e8cf90550647e33ce98d654c14984a37f,0.006376075315090364,3.3306690738754696e-16
flywire_783_mb_left_kc512_s702,543,incoming_l1,fly,0,yoked_reward,0.1,fixed,73,2,0.25125628140703515,d024c872409244f616a22d539e85d2f49a1aaea8c59c955b39ef84a3c00eabf2,630933dd7a31a2a2d9b53ad2d101f3db4e94385c53f732f4fb0234c0163daf01,0.02125358438363454,2.220446049250313e-16
flywire_783_mb_left_kc512_s702,543,incoming_l1,fly,0,yoked_reward,0.1,stats_only,73,3,0.3316582914572864,d024c872409244f616a22d539e85d2f49a1aaea8c59c955b39ef84a3c00eabf2,e1203d532fa25a805046fdd1ece9845726dc2549ec0f7e7b2a816097574a4470,0.02125358438363454,2.220446049250313e-16
flywire_783_mb_left_kc512_s702,543,incoming_l1,fly,0,yoked_reward,0.1,coefficients_only,73,10,0.4221105527638191,d024c872409244f616a22d539e85d2f49a1aaea8c59c955b39ef84a3c00eabf2,9c1df7a4994c626a34c7e763975552b09d830118ecdaa5b45377fd9fc05d0b80,0.02125358438363454,2.220446049250313e-16
flywire_783_mb_left_kc512_s702,543,incoming_l1,fly,0,yoked_reward,0.1,full_refit,73,10,0.4271356783919598,d024c872409244f616a22d539e85d2f49a1aaea8c59c955b39ef84a3c00eabf2,f7ec5e3a2ff24e43293a01d80ff935a3362d6ad895e4f54b866e7d47c13a8ddb,0.02125358438363454,2.220446049250313e-16
flywire_783_mb_left_kc512_s702,543,incoming_l1,fly,0,yoked_reward,0.3,fixed,73,0,0.1306532663316583,8cd5bf82b8a6cfc1e2ada2ba40ddda0f6b54f87b53664f5181d8892c70f490c3,630933dd7a31a2a2d9b53ad2d101f3db4e94385c53f732f4fb0234c0163daf01,0.06376075315090364,3.3306690738754696e-16
flywire_783_mb_left_kc512_s702,543,incoming_l1,fly,0,yoked_reward,0.3,stats_only,73,0,0.18090452261306533,8cd5bf82b8a6cfc1e2ada2ba40ddda0f6b54f87b53664f5181d8892c70f490c3,b50bf7281add0f55fea8a4d17a98dee6f472004031f203d2bf046593283b9c7a,0.06376075315090364,3.3306690738754696e-16
flywire_783_mb_left_kc512_s702,543,incoming_l1,fly,0,yoked_reward,0.3,coefficients_only,73,5,0.4120603015075377,8cd5bf82b8a6cfc1e2ada2ba40ddda0f6b54f87b53664f5181d8892c70f490c3,300a9efd94415a50c48df0be2f661557a34d5545d43080dbb6b22240b1dddef2,0.06376075315090364,3.3306690738754696e-16
flywire_783_mb_left_kc512_s702,543,incoming_l1,fly,0,yoked_reward,0.3,full_refit,73,5,0.4120603015075377,8cd5bf82b8a6cfc1e2ada2ba40ddda0f6b54f87b53664f5181d8892c70f490c3,dd81df85f794cb589cb1325a04233ba28a53e9a0a9508ed270d5a554189cee50,0.06376075315090364,3.3306690738754696e-16
flywire_783_mb_left_kc512_s702,543,incoming_l1,fly,0,yoked_reward,1.0,fixed,73,0,0.12562814070351758,c053a089e0799079ab7a2968b063e93389d07a6c86433ae2b2f7a10dbfdf36b1,630933dd7a31a2a2d9b53ad2d101f3db4e94385c53f732f4fb0234c0163daf01,0.21253584383634544,1.1102230246251565e-15
flywire_783_mb_left_kc512_s702,543,incoming_l1,fly,0,yoked_reward,1.0,stats_only,73,0,0.135678391959799,c053a089e0799079ab7a2968b063e93389d07a6c86433ae2b2f7a10dbfdf36b1,a142dfac5d4bfc1bf907fdbd4fd294e98dec42e3761ed0d056474066749d6a42,0.21253584383634544,1.1102230246251565e-15
flywire_783_mb_left_kc512_s702,543,incoming_l1,fly,0,yoked_reward,1.0,coefficients_only,73,5,0.3969849246231156,c053a089e0799079ab7a2968b063e93389d07a6c86433ae2b2f7a10dbfdf36b1,b4b4fae4bc65a4148701006fedc86c1afb9f6fc9203be6bcde25f032ac5925a2,0.21253584383634544,1.1102230246251565e-15
flywire_783_mb_left_kc512_s702,543,incoming_l1,fly,0,yoked_reward,1.0,full_refit,73,5,0.41708542713567837,c053a089e0799079ab7a2968b063e93389d07a6c86433ae2b2f7a10dbfdf36b1,2b7a780fc1d2e60ce0988ac35094e86b2d8178d921fd47e91c8e34048e7074dc,0.21253584383634544,1.1102230246251565e-15
flywire_783_mb_left_kc512_s702,543,incoming_l1,fly,3,reward_trace,0.0,fixed,74,10,0.4271356783919598,b7e6183e2fa89b2dbe53ddbe059b4a1e8aba8103a525bb8586d9c109efd8c382,630933dd7a31a2a2d9b53ad2d101f3db4e94385c53f732f4fb0234c0163daf01,0.0,0.0
flywire_783_mb_left_kc512_s702,543,incoming_l1,fly,3,reward_trace,0.0,stats_only,74,10,0.4271356783919598,b7e6183e2fa89b2dbe53ddbe059b4a1e8aba8103a525bb8586d9c109efd8c382,630933dd7a31a2a2d9b53ad2d101f3db4e94385c53f732f4fb0234c0163daf01,0.0,0.0
flywire_783_mb_left_kc512_s702,543,incoming_l1,fly,3,reward_trace,0.0,coefficients_only,74,10,0.4271356783919598,b7e6183e2fa89b2dbe53ddbe059b4a1e8aba8103a525bb8586d9c109efd8c382,630933dd7a31a2a2d9b53ad2d101f3db4e94385c53f732f4fb0234c0163daf01,0.0,0.0
flywire_783_mb_left_kc512_s702,543,incoming_l1,fly,3,reward_trace,0.0,full_refit,74,10,0.4271356783919598,b7e6183e2fa89b2dbe53ddbe059b4a1e8aba8103a525bb8586d9c109efd8c382,630933dd7a31a2a2d9b53ad2d101f3db4e94385c53f732f4fb0234c0163daf01,0.0,0.0
flywire_783_mb_left_kc512_s702,543,incoming_l1,fly,3,reward_trace,0.01,fixed,74,9,0.4271356783919598,5dbcbe4b6321ee8951952d0807a97acdb8f14bf3d0d5a2d0cdcfdc93abd2596d,630933dd7a31a2a2d9b53ad2d101f3db4e94385c53f732f4fb0234c0163daf01,0.002425820731751387,2.220446049250313e-16
flywire_783_mb_left_kc512_s702,543,incoming_l1,fly,3,reward_trace,0.01,stats_only,74,9,0.4020100502512563,5dbcbe4b6321ee8951952d0807a97acdb8f14bf3d0d5a2d0cdcfdc93abd2596d,7f8b28d77a029a4dca97f04c7a032f219e21f7b2cf31e5edd0e1e3eff0bc3025,0.002425820731751387,2.220446049250313e-16
flywire_783_mb_left_kc512_s702,543,incoming_l1,fly,3,reward_trace,0.01,coefficients_only,74,10,0.4271356783919598,5dbcbe4b6321ee8951952d0807a97acdb8f14bf3d0d5a2d0cdcfdc93abd2596d,1d4acd61b5dec84049540b79bcfcbf76e3936e5aec7b805e32b20a9a3954349d,0.002425820731751387,2.220446049250313e-16
flywire_783_mb_left_kc512_s702,543,incoming_l1,fly,3,reward_trace,0.01,full_refit,74,10,0.4271356783919598,5dbcbe4b6321ee8951952d0807a97acdb8f14bf3d0d5a2d0cdcfdc93abd2596d,c63d43d0dd5e7cce37edce131dd3960136ea4c6df3300e7befb33d0037aaeab0,0.002425820731751387,2.220446049250313e-16
flywire_783_mb_left_kc512_s702,543,incoming_l1,fly,3,reward_trace,0.03,fixed,74,9,0.4120603015075377,a9e99047700a3ffb1805b875a86521089f2df27e2c812fd1671cdb11674dcc90,630933dd7a31a2a2d9b53ad2d101f3db4e94385c53f732f4fb0234c0163daf01,0.007277462195254153,3.3306690738754696e-16
flywire_783_mb_left_kc512_s702,543,incoming_l1,fly,3,reward_trace,0.03,stats_only,74,9,0.40703517587939697,a9e99047700a3ffb1805b875a86521089f2df27e2c812fd1671cdb11674dcc90,2257c9a96a499e142365107f0b2287183061a253df84b60f0a4b91f08c23e457,0.007277462195254153,3.3306690738754696e-16
flywire_783_mb_left_kc512_s702,543,incoming_l1,fly,3,reward_trace,0.03,coefficients_only,74,10,0.4271356783919598,a9e99047700a3ffb1805b875a86521089f2df27e2c812fd1671cdb11674dcc90,180e890fc49f0cf966c5a9d6960a5ffde2551edf7425f83bdf4ccb159b71ea84,0.007277462195254153,3.3306690738754696e-16
flywire_783_mb_left_kc512_s702,543,incoming_l1,fly,3,reward_trace,0.03,full_refit,74,10,0.4271356783919598,a9e99047700a3ffb1805b875a86521089f2df27e2c812fd1671cdb11674dcc90,b86de510d08ded95416c1bcac34ba3a70d6af431daba84e19faf13cf37ae513c,0.007277462195254153,3.3306690738754696e-16
flywire_783_mb_left_kc512_s702,543,incoming_l1,fly,3,reward_trace,0.1,fixed,74,1,0.32160804020100503,eb12d750c689d4dbde39985ff0ad119ce9f597f8cec09847c490390543020421,630933dd7a31a2a2d9b53ad2d101f3db4e94385c53f732f4fb0234c0163daf01,0.024258207317513852,2.220446049250313e-16
flywire_783_mb_left_kc512_s702,543,incoming_l1,fly,3,reward_trace,0.1,stats_only,74,1,0.3065326633165829,eb12d750c689d4dbde39985ff0ad119ce9f597f8cec09847c490390543020421,9b7012a3115eca8c4b4c6c29094e3c92f199f5e77b42f91fc1d153e88ba389fc,0.024258207317513852,2.220446049250313e-16
flywire_783_mb_left_kc512_s702,543,incoming_l1,fly,3,reward_trace,0.1,coefficients_only,74,6,0.4221105527638191,eb12d750c689d4dbde39985ff0ad119ce9f597f8cec09847c490390543020421,0b5a27293281394e4fe846eeea0118c8cf056f8d6bbbcb1f4b6f9cfd4290b9f5,0.024258207317513852,2.220446049250313e-16
flywire_783_mb_left_kc512_s702,543,incoming_l1,fly,3,reward_trace,0.1,full_refit,74,6,0.4120603015075377,eb12d750c689d4dbde39985ff0ad119ce9f597f8cec09847c490390543020421,2426880d9b2f23c7ae870190825936b5b448afbc6f28b833219a561b26d8b22e,0.024258207317513852,2.220446049250313e-16
flywire_783_mb_left_kc512_s702,543,incoming_l1,fly,3,reward_trace,0.3,fixed,74,1,0.22613065326633167,9e93c247618398f771377d6c4f5df0d76ff4b17a7036457cf07c294167d680e3,630933dd7a31a2a2d9b53ad2d101f3db4e94385c53f732f4fb0234c0163daf01,0.07277462195254154,2.220446049250313e-16
flywire_783_mb_left_kc512_s702,543,incoming_l1,fly,3,reward_trace,0.3,stats_only,74,1,0.21105527638190955,9e93c247618398f771377d6c4f5df0d76ff4b17a7036457cf07c294167d680e3,abcc65fe4c62ca4585cebaf20bd6bfd99055f6321db94f6f2146a09593a9819c,0.07277462195254154,2.220446049250313e-16
flywire_783_mb_left_kc512_s702,543,incoming_l1,fly,3,reward_trace,0.3,coefficients_only,74,6,0.4371859296482412,9e93c247618398f771377d6c4f5df0d76ff4b17a7036457cf07c294167d680e3,bc7a577a9623a3603b09bf03767bb24975f39f0f3d9fc736c98d4666e33a17a9,0.07277462195254154,2.220446049250313e-16
flywire_783_mb_left_kc512_s702,543,incoming_l1,fly,3,reward_trace,0.3,full_refit,74,6,0.4371859296482412,9e93c247618398f771377d6c4f5df0d76ff4b17a7036457cf07c294167d680e3,8bb0eaa3aa79cb291116d40e87d712712f2800377052ed4507020a2cc29394f2,0.07277462195254154,2.220446049250313e-16
flywire_783_mb_left_kc512_s702,543,incoming_l1,fly,3,reward_trace,1.0,fixed,74,1,0.18090452261306533,df5141cfae17325207064314e1ee086a2850d4eb60c2f87db19d42a91c0bb57c,630933dd7a31a2a2d9b53ad2d101f3db4e94385c53f732f4fb0234c0163daf01,0.2425820731751385,6.661338147750939e-16
flywire_783_mb_left_kc512_s702,543,incoming_l1,fly,3,reward_trace,1.0,stats_only,74,1,0.18592964824120603,df5141cfae17325207064314e1ee086a2850d4eb60c2f87db19d42a91c0bb57c,2a6034c61b6d40e1440cfdad3334330db87252211d72ca86e8122e87037fc253,0.2425820731751385,6.661338147750939e-16
flywire_783_mb_left_kc512_s702,543,incoming_l1,fly,3,reward_trace,1.0,coefficients_only,74,5,0.4321608040201005,df5141cfae17325207064314e1ee086a2850d4eb60c2f87db19d42a91c0bb57c,5bda9f878c6fb084f49f7a57a73d5688473145cd556cf1bb0d2c013d3252e5c9,0.2425820731751385,6.661338147750939e-16
flywire_783_mb_left_kc512_s702,543,incoming_l1,fly,3,reward_trace,1.0,full_refit,74,5,0.4271356783919598,df5141cfae17325207064314e1ee086a2850d4eb60c2f87db19d42a91c0bb57c,3c838f1ab02ab5bf44021a96cad3a6f4d4d232f8b833681b5a8845f67c46d64a,0.2425820731751385,6.661338147750939e-16
flywire_783_mb_left_kc512_s702,543,incoming_l1,fly,3,yoked_reward,0.0,fixed,75,10,0.4271356783919598,b7e6183e2fa89b2dbe53ddbe059b4a1e8aba8103a525bb8586d9c109efd8c382,630933dd7a31a2a2d9b53ad2d101f3db4e94385c53f732f4fb0234c0163daf01,0.0,0.0
flywire_783_mb_left_kc512_s702,543,incoming_l1,fly,3,yoked_reward,0.0,stats_only,75,10,0.4271356783919598,b7e6183e2fa89b2dbe53ddbe059b4a1e8aba8103a525bb8586d9c109efd8c382,630933dd7a31a2a2d9b53ad2d101f3db4e94385c53f732f4fb0234c0163daf01,0.0,0.0
flywire_783_mb_left_kc512_s702,543,incoming_l1,fly,3,yoked_reward,0.0,coefficients_only,75,10,0.4271356783919598,b7e6183e2fa89b2dbe53ddbe059b4a1e8aba8103a525bb8586d9c109efd8c382,630933dd7a31a2a2d9b53ad2d101f3db4e94385c53f732f4fb0234c0163daf01,0.0,0.0
flywire_783_mb_left_kc512_s702,543,incoming_l1,fly,3,yoked_reward,0.0,full_refit,75,10,0.4271356783919598,b7e6183e2fa89b2dbe53ddbe059b4a1e8aba8103a525bb8586d9c109efd8c382,630933dd7a31a2a2d9b53ad2d101f3db4e94385c53f732f4fb0234c0163daf01,0.0,0.0
flywire_783_mb_left_kc512_s702,543,incoming_l1,fly,3,yoked_reward,0.01,fixed,75,10,0.4221105527638191,2c0bca5015245ae0f51eb231597e9b44dfef19028427630c3a2d6e8da1a810a2,630933dd7a31a2a2d9b53ad2d101f3db4e94385c53f732f4fb0234c0163daf01,0.0018645226550693297,2.220446049250313e-16
flywire_783_mb_left_kc512_s702,543,incoming_l1,fly,3,yoked_reward,0.01,stats_only,75,10,0.4221105527638191,2c0bca5015245ae0f51eb231597e9b44dfef19028427630c3a2d6e8da1a810a2,3273d135fe036642c27dd108f265f274506b132246f1f51333d977d26a3171c3,0.0018645226550693297,2.220446049250313e-16
flywire_783_mb_left_kc512_s702,543,incoming_l1,fly,3,yoked_reward,0.01,coefficients_only,75,10,0.4321608040201005,2c0bca5015245ae0f51eb231597e9b44dfef19028427630c3a2d6e8da1a810a2,7ab842a0a4afc8664f0c7564fc717a9f11c429749e3ab656bb2a11b95ffe262f,0.0018645226550693297,2.220446049250313e-16
flywire_783_mb_left_kc512_s702,543,incoming_l1,fly,3,yoked_reward,0.01,full_refit,75,10,0.4321608040201005,2c0bca5015245ae0f51eb231597e9b44dfef19028427630c3a2d6e8da1a810a2,2be646a5d353258ead87d6226d2f90f357be3ca5071d3c77f24925a26bf23006,0.0018645226550693297,2.220446049250313e-16
flywire_783_mb_left_kc512_s702,543,incoming_l1,fly,3,yoked_reward,0.03,fixed,75,3,0.3869346733668342,96a7ba46804f86302b5dfe4c8bb321ea4b6084125d55c4a9004a715f0bb473f7,630933dd7a31a2a2d9b53ad2d101f3db4e94385c53f732f4fb0234c0163daf01,0.005593567965207994,3.3306690738754696e-16
flywire_783_mb_left_kc512_s702,543,incoming_l1,fly,3,yoked_reward,0.03,stats_only,75,3,0.4020100502512563,96a7ba46804f86302b5dfe4c8bb321ea4b6084125d55c4a9004a715f0bb473f7,1ee7d92292528bcfa7daa109550bebd3f1aa65b9aefcbfb28450e9921dae604e,0.005593567965207994,3.3306690738754696e-16
flywire_783_mb_left_kc512_s702,543,incoming_l1,fly,3,yoked_reward,0.03,coefficients_only,75,10,0.4321608040201005,96a7ba46804f86302b5dfe4c8bb321ea4b6084125d55c4a9004a715f0bb473f7,7d3ada28b73b7a38c64a3cd58da5e0bbadeeaeedb4c78d756b6f3e48b2e5ddaa,0.005593567965207994,3.3306690738754696e-16
flywire_783_mb_left_kc512_s702,543,incoming_l1,fly,3,yoked_reward,0.03,full_refit,75,10,0.4321608040201005,96a7ba46804f86302b5dfe4c8bb321ea4b6084125d55c4a9004a715f0bb473f7,f6e86ad3ac353fe77fb5f5278917b599221fdacf9d6faba2cd93088bb9619c1e,0.005593567965207994,3.3306690738754696e-16
flywire_783_mb_left_kc512_s702,543,incoming_l1,fly,3,yoked_reward,0.1,fixed,75,0,0.24623115577889448,de79af0d971c1b33e47fcdf9ddeef06b1d334c43ec21fd543081d6871accb549,630933dd7a31a2a2d9b53ad2d101f3db4e94385c53f732f4fb0234c0163daf01,0.018645226550693332,3.3306690738754696e-16
flywire_783_mb_left_kc512_s702,543,incoming_l1,fly,3,yoked_reward,0.1,stats_only,75,0,0.33668341708542715,de79af0d971c1b33e47fcdf9ddeef06b1d334c43ec21fd543081d6871accb549,d70495af861a841927dca1d346e66f4f7b8568d9c43c60a2cf7e14e84ba8b96d,0.018645226550693332,3.3306690738754696e-16
flywire_783_mb_left_kc512_s702,543,incoming_l1,fly,3,yoked_reward,0.1,coefficients_only,75,10,0.4321608040201005,de79af0d971c1b33e47fcdf9ddeef06b1d334c43ec21fd543081d6871accb549,2fd223247341aaf168b53b623111cda6c84ae9513df671e10369e01bed6cfb4a,0.018645226550693332,3.3306690738754696e-16
flywire_783_mb_left_kc512_s702,543,incoming_l1,fly,3,yoked_reward,0.1,full_refit,75,10,0.4321608040201005,de79af0d971c1b33e47fcdf9ddeef06b1d334c43ec21fd543081d6871accb549,9214eb69b8d5934f4d7707cc80f2623c40ba2182b8a3c7e96e37cb1cf4e19b8f,0.018645226550693332,3.3306690738754696e-16
flywire_783_mb_left_kc512_s702,543,incoming_l1,fly,3,yoked_reward,0.3,fixed,75,0,0.12060301507537688,935dc8d29c76a3bfa8694313789679fc1eec32c416514c9d77d2c1a892bae5d5,630933dd7a31a2a2d9b53ad2d101f3db4e94385c53f732f4fb0234c0163daf01,0.05593567965207998,3.3306690738754696e-16
flywire_783_mb_left_kc512_s702,543,incoming_l1,fly,3,yoked_reward,0.3,stats_only,75,0,0.21608040201005024,935dc8d29c76a3bfa8694313789679fc1eec32c416514c9d77d2c1a892bae5d5,8c10fd1c3c35a8b833db899f02b452da900beedafe6bb765cbbf115688f9355f,0.05593567965207998,3.3306690738754696e-16
flywire_783_mb_left_kc512_s702,543,incoming_l1,fly,3,yoked_reward,0.3,coefficients_only,75,6,0.4321608040201005,935dc8d29c76a3bfa8694313789679fc1eec32c416514c9d77d2c1a892bae5d5,724c52fa3eb4ca6acce5247a82c95615d9fe819adb285677f98ff8e573181f33,0.05593567965207998,3.3306690738754696e-16
flywire_783_mb_left_kc512_s702,543,incoming_l1,fly,3,yoked_reward,0.3,full_refit,75,6,0.4271356783919598,935dc8d29c76a3bfa8694313789679fc1eec32c416514c9d77d2c1a892bae5d5,3c427ab399e287db8eddb9f332138baa1caf550c3471a374210a63d407157efc,0.05593567965207998,3.3306690738754696e-16
flywire_783_mb_left_kc512_s702,543,incoming_l1,fly,3,yoked_reward,1.0,fixed,75,0,0.09045226130653267,fe7723838d17cd70c4333a65c11fd100ee5b5b3ae479aa2727ba9393456c9697,630933dd7a31a2a2d9b53ad2d101f3db4e94385c53f732f4fb0234c0163daf01,0.18645226550693325,5.551115123125783e-16
flywire_783_mb_left_kc512_s702,543,incoming_l1,fly,3,yoked_reward,1.0,stats_only,75,0,0.1658291457286432,fe7723838d17cd70c4333a65c11fd100ee5b5b3ae479aa2727ba9393456c9697,ca0d4cb0de84a5e0eb31cc597d4205d6da32e778f034d881c163f218bdfc5a90,0.18645226550693325,5.551115123125783e-16
flywire_783_mb_left_kc512_s702,543,incoming_l1,fly,3,yoked_reward,1.0,coefficients_only,75,3,0.4020100502512563,fe7723838d17cd70c4333a65c11fd100ee5b5b3ae479aa2727ba9393456c9697,d0ca65e63ab618c555018c444b6d6ee7074a1c852e70899b4017018e313699d1,0.18645226550693325,5.551115123125783e-16
flywire_783_mb_left_kc512_s702,543,incoming_l1,fly,3,yoked_reward,1.0,full_refit,75,5,0.4020100502512563,fe7723838d17cd70c4333a65c11fd100ee5b5b3ae479aa2727ba9393456c9697,0e16e4bd70c2b3a90c96f8de0d53edb7e89b0be0049f987201a663f361430ea2,0.18645226550693325,5.551115123125783e-16
flywire_783_mb_left_kc512_s702,543,incoming_l1,role_shuffled,0,reward_trace,0.0,fixed,76,6,0.4321608040201005,bd6f829b7c81a3ee4cdde4b57cf27434e9ac9c8bd008688011d30842327ad02a,1b4815ea7b8360b72e58ee37b295ef77c7ef2e1ea084fe0698a2a6f483b70ede,0.0,0.0
flywire_783_mb_left_kc512_s702,543,incoming_l1,role_shuffled,0,reward_trace,0.0,stats_only,76,6,0.4321608040201005,bd6f829b7c81a3ee4cdde4b57cf27434e9ac9c8bd008688011d30842327ad02a,1b4815ea7b8360b72e58ee37b295ef77c7ef2e1ea084fe0698a2a6f483b70ede,0.0,0.0
flywire_783_mb_left_kc512_s702,543,incoming_l1,role_shuffled,0,reward_trace,0.0,coefficients_only,76,6,0.4321608040201005,bd6f829b7c81a3ee4cdde4b57cf27434e9ac9c8bd008688011d30842327ad02a,1b4815ea7b8360b72e58ee37b295ef77c7ef2e1ea084fe0698a2a6f483b70ede,0.0,0.0
flywire_783_mb_left_kc512_s702,543,incoming_l1,role_shuffled,0,reward_trace,0.0,full_refit,76,6,0.4321608040201005,bd6f829b7c81a3ee4cdde4b57cf27434e9ac9c8bd008688011d30842327ad02a,1b4815ea7b8360b72e58ee37b295ef77c7ef2e1ea084fe0698a2a6f483b70ede,0.0,0.0
flywire_783_mb_left_kc512_s702,543,incoming_l1,role_shuffled,0,reward_trace,0.01,fixed,76,6,0.4271356783919598,67cb12e8b41d0d2cfbebc05dd2fa56ef7984b78064de0cefc8bd8db43113a3d9,1b4815ea7b8360b72e58ee37b295ef77c7ef2e1ea084fe0698a2a6f483b70ede,0.0016140222786282154,4.440892098500626e-16
flywire_783_mb_left_kc512_s702,543,incoming_l1,role_shuffled,0,reward_trace,0.01,stats_only,76,6,0.4321608040201005,67cb12e8b41d0d2cfbebc05dd2fa56ef7984b78064de0cefc8bd8db43113a3d9,9c642defb21be8ba626b8ebb3c3486c4f3f953abcad74d771437e25a831474ec,0.0016140222786282154,4.440892098500626e-16
flywire_783_mb_left_kc512_s702,543,incoming_l1,role_shuffled,0,reward_trace,0.01,coefficients_only,76,6,0.4321608040201005,67cb12e8b41d0d2cfbebc05dd2fa56ef7984b78064de0cefc8bd8db43113a3d9,9e676490ff117cebf1e7de2a8456211b787ec055c6a42ecbee1af2fb17b940b9,0.0016140222786282154,4.440892098500626e-16
flywire_783_mb_left_kc512_s702,543,incoming_l1,role_shuffled,0,reward_trace,0.01,full_refit,76,6,0.4321608040201005,67cb12e8b41d0d2cfbebc05dd2fa56ef7984b78064de0cefc8bd8db43113a3d9,95df3986d6ad6fd1130b7ca76a2ff1cdb20feff5aedc52aee8ab42f340479f6b,0.0016140222786282154,4.440892098500626e-16
flywire_783_mb_left_kc512_s702,543,incoming_l1,role_shuffled,0,reward_trace,0.03,fixed,76,6,0.38190954773869346,722f3d384c5f5aaed2c3ca3952890ff760ddae98e0aa5bbcab2a0d5ff861be27,1b4815ea7b8360b72e58ee37b295ef77c7ef2e1ea084fe0698a2a6f483b70ede,0.004842066835884655,2.220446049250313e-16
flywire_783_mb_left_kc512_s702,543,incoming_l1,role_shuffled,0,reward_trace,0.03,stats_only,76,6,0.4221105527638191,722f3d384c5f5aaed2c3ca3952890ff760ddae98e0aa5bbcab2a0d5ff861be27,33cf173226056a35379942b28fa7c6030ea1d623ce737556948e9cc5f23d6f3f,0.004842066835884655,2.220446049250313e-16
flywire_783_mb_left_kc512_s702,543,incoming_l1,role_shuffled,0,reward_trace,0.03,coefficients_only,76,6,0.4321608040201005,722f3d384c5f5aaed2c3ca3952890ff760ddae98e0aa5bbcab2a0d5ff861be27,d7ae58828bb26d5a392d1f75f2a5d6518bcee3b6f92d3ab7c410502a40e57549,0.004842066835884655,2.220446049250313e-16
flywire_783_mb_left_kc512_s702,543,incoming_l1,role_shuffled,0,reward_trace,0.03,full_refit,76,6,0.4321608040201005,722f3d384c5f5aaed2c3ca3952890ff760ddae98e0aa5bbcab2a0d5ff861be27,f681687285f5b912642c1dceefc372d445dcea07e69508e9ae4a648143ba2784,0.004842066835884655,2.220446049250313e-16
flywire_783_mb_left_kc512_s702,543,incoming_l1,role_shuffled,0,reward_trace,0.1,fixed,76,0,0.24623115577889448,fecd421ad4e5865667644a7ccaa14de281ce4860dc02cde6f21b15af828faaca,1b4815ea7b8360b72e58ee37b295ef77c7ef2e1ea084fe0698a2a6f483b70ede,0.01614022278628218,3.3306690738754696e-16
flywire_783_mb_left_kc512_s702,543,incoming_l1,role_shuffled,0,reward_trace,0.1,stats_only,76,5,0.3768844221105528,fecd421ad4e5865667644a7ccaa14de281ce4860dc02cde6f21b15af828faaca,98737bc960f4842c466f45351a5b851729d5b3dec8e5564b84ef0367366a3749,0.01614022278628218,3.3306690738754696e-16
flywire_783_mb_left_kc512_s702,543,incoming_l1,role_shuffled,0,reward_trace,0.1,coefficients_only,76,6,0.4321608040201005,fecd421ad4e5865667644a7ccaa14de281ce4860dc02cde6f21b15af828faaca,4aee943f7b84e4ecaa303ba20bb2d62fd9bb363c2e3944bc32a1cba12c062d95,0.01614022278628218,3.3306690738754696e-16
flywire_783_mb_left_kc512_s702,543,incoming_l1,role_shuffled,0,reward_trace,0.1,full_refit,76,6,0.4321608040201005,fecd421ad4e5865667644a7ccaa14de281ce4860dc02cde6f21b15af828faaca,154538dad6c4ff767a2c248ffd41012605c0c1bed23f648c6e8a9133351477c3,0.01614022278628218,3.3306690738754696e-16
flywire_783_mb_left_kc512_s702,543,incoming_l1,role_shuffled,0,reward_trace,0.3,fixed,76,0,0.1507537688442211,ae812e776a36f908959d6e481c5e5354a9e6a2c3ba94f08c53119721da80f32b,1b4815ea7b8360b72e58ee37b295ef77c7ef2e1ea084fe0698a2a6f483b70ede,0.04842066835884653,3.3306690738754696e-16
flywire_783_mb_left_kc512_s702,543,incoming_l1,role_shuffled,0,reward_trace,0.3,stats_only,76,0,0.24120603015075376,ae812e776a36f908959d6e481c5e5354a9e6a2c3ba94f08c53119721da80f32b,0ba96701bf227e8dbd6442a0e0dda9379cf49ae909b739e634ad35f1b4461412,0.04842066835884653,3.3306690738754696e-16
flywire_783_mb_left_kc512_s702,543,incoming_l1,role_shuffled,0,reward_trace,0.3,coefficients_only,76,5,0.4321608040201005,ae812e776a36f908959d6e481c5e5354a9e6a2c3ba94f08c53119721da80f32b,df05ebaafa12804854c338f2767c58a9eaeae833b060c84340a0142374a4b2a3,0.04842066835884653,3.3306690738754696e-16
flywire_783_mb_left_kc512_s702,543,incoming_l1,role_shuffled,0,reward_trace,0.3,full_refit,76,5,0.4321608040201005,ae812e776a36f908959d6e481c5e5354a9e6a2c3ba94f08c53119721da80f32b,b6bea71ae47c0457c39e1b71a3cae2164115167db52f2afb7b41ca4c4d50069e,0.04842066835884653,3.3306690738754696e-16
flywire_783_mb_left_kc512_s702,543,incoming_l1,role_shuffled,0,reward_trace,1.0,fixed,76,0,0.12562814070351758,2b6f0cf4b8e24b61022887ab3c2b3ec48797898c7c4d5e236a721ddf326ed908,1b4815ea7b8360b72e58ee37b295ef77c7ef2e1ea084fe0698a2a6f483b70ede,0.1614022278628218,9.992007221626409e-16
flywire_783_mb_left_kc512_s702,543,incoming_l1,role_shuffled,0,reward_trace,1.0,stats_only,76,0,0.135678391959799,2b6f0cf4b8e24b61022887ab3c2b3ec48797898c7c4d5e236a721ddf326ed908,2e57a3e4fb920adbd174d8d9858465098766b2a4b68dabd32572b3392a782efb,0.1614022278628218,9.992007221626409e-16
flywire_783_mb_left_kc512_s702,543,incoming_l1,role_shuffled,0,reward_trace,1.0,coefficients_only,76,5,0.4321608040201005,2b6f0cf4b8e24b61022887ab3c2b3ec48797898c7c4d5e236a721ddf326ed908,e0d950c845427674a218c8d0dd79f61a778394402b21444adc5b8c62db656cc0,0.1614022278628218,9.992007221626409e-16
flywire_783_mb_left_kc512_s702,543,incoming_l1,role_shuffled,0,reward_trace,1.0,full_refit,76,5,0.4472361809045226,2b6f0cf4b8e24b61022887ab3c2b3ec48797898c7c4d5e236a721ddf326ed908,b629599ef5bd6b549b5024c78e9ca2e2ccba6653775d3f3baee409123915036a,0.1614022278628218,9.992007221626409e-16
flywire_783_mb_left_kc512_s702,543,incoming_l1,role_shuffled,0,yoked_reward,0.0,fixed,77,6,0.4321608040201005,bd6f829b7c81a3ee4cdde4b57cf27434e9ac9c8bd008688011d30842327ad02a,1b4815ea7b8360b72e58ee37b295ef77c7ef2e1ea084fe0698a2a6f483b70ede,0.0,0.0
flywire_783_mb_left_kc512_s702,543,incoming_l1,role_shuffled,0,yoked_reward,0.0,stats_only,77,6,0.4321608040201005,bd6f829b7c81a3ee4cdde4b57cf27434e9ac9c8bd008688011d30842327ad02a,1b4815ea7b8360b72e58ee37b295ef77c7ef2e1ea084fe0698a2a6f483b70ede,0.0,0.0
flywire_783_mb_left_kc512_s702,543,incoming_l1,role_shuffled,0,yoked_reward,0.0,coefficients_only,77,6,0.4321608040201005,bd6f829b7c81a3ee4cdde4b57cf27434e9ac9c8bd008688011d30842327ad02a,1b4815ea7b8360b72e58ee37b295ef77c7ef2e1ea084fe0698a2a6f483b70ede,0.0,0.0
flywire_783_mb_left_kc512_s702,543,incoming_l1,role_shuffled,0,yoked_reward,0.0,full_refit,77,6,0.4321608040201005,bd6f829b7c81a3ee4cdde4b57cf27434e9ac9c8bd008688011d30842327ad02a,1b4815ea7b8360b72e58ee37b295ef77c7ef2e1ea084fe0698a2a6f483b70ede,0.0,0.0
flywire_783_mb_left_kc512_s702,543,incoming_l1,role_shuffled,0,yoked_reward,0.01,fixed,77,6,0.4120603015075377,2872479da172daf13d2eda6f312dd01c5589bf21bcc32c3c7ea1618c44fc792c,1b4815ea7b8360b72e58ee37b295ef77c7ef2e1ea084fe0698a2a6f483b70ede,0.002093796364533587,2.220446049250313e-16
flywire_783_mb_left_kc512_s702,543,incoming_l1,role_shuffled,0,yoked_reward,0.01,stats_only,77,6,0.4221105527638191,2872479da172daf13d2eda6f312dd01c5589bf21bcc32c3c7ea1618c44fc792c,dfb647163b04ad771401edd761bf32ced17d58d9c6c26beebd3191ddf1bf2ff3,0.002093796364533587,2.220446049250313e-16
flywire_783_mb_left_kc512_s702,543,incoming_l1,role_shuffled,0,yoked_reward,0.01,coefficients_only,77,6,0.4321608040201005,2872479da172daf13d2eda6f312dd01c5589bf21bcc32c3c7ea1618c44fc792c,783ef63119bd3ef3d1536abad0b968bf4ca06e4e8883430bca7d6d9971cb5d0b,0.002093796364533587,2.220446049250313e-16
flywire_783_mb_left_kc512_s702,543,incoming_l1,role_shuffled,0,yoked_reward,0.01,full_refit,77,6,0.4321608040201005,2872479da172daf13d2eda6f312dd01c5589bf21bcc32c3c7ea1618c44fc792c,42ca17ac92e70ba5239e078249249a79ab10015d43f48d67696fb625ea64d693,0.002093796364533587,2.220446049250313e-16
flywire_783_mb_left_kc512_s702,543,incoming_l1,role_shuffled,0,yoked_reward,0.03,fixed,77,5,0.39195979899497485,254981be3a69287dff6df2867a7e088a90442064c49762bff1292a5495e24d57,1b4815ea7b8360b72e58ee37b295ef77c7ef2e1ea084fe0698a2a6f483b70ede,0.006281389093600766,3.3306690738754696e-16
flywire_783_mb_left_kc512_s702,543,incoming_l1,role_shuffled,0,yoked_reward,0.03,stats_only,77,6,0.40703517587939697,254981be3a69287dff6df2867a7e088a90442064c49762bff1292a5495e24d57,ebc0fc658a69778e00e4c31f98d2149e4fecf0a2bc2c893bd3419207a0cc9ce7,0.006281389093600766,3.3306690738754696e-16
flywire_783_mb_left_kc512_s702,543,incoming_l1,role_shuffled,0,yoked_reward,0.03,coefficients_only,77,6,0.4321608040201005,254981be3a69287dff6df2867a7e088a90442064c49762bff1292a5495e24d57,40e37c5a322c47ffd11954a48bb106a36212ac729c9b137e51b8284f56d70e60,0.006281389093600766,3.3306690738754696e-16
flywire_783_mb_left_kc512_s702,543,incoming_l1,role_shuffled,0,yoked_reward,0.03,full_refit,77,6,0.4271356783919598,254981be3a69287dff6df2867a7e088a90442064c49762bff1292a5495e24d57,62d6907f95db42d5918fb37c762087b55d56d16634c5ccaf375866fe59bef469,0.006281389093600766,3.3306690738754696e-16
flywire_783_mb_left_kc512_s702,543,incoming_l1,role_shuffled,0,yoked_reward,0.1,fixed,77,2,0.2814070351758794,8b209e74d6fd4a1b6dba26673fd6433d48861e7d882c15307ea400872fed0525,1b4815ea7b8360b72e58ee37b295ef77c7ef2e1ea084fe0698a2a6f483b70ede,0.0209379636453359,4.440892098500626e-16
flywire_783_mb_left_kc512_s702,543,incoming_l1,role_shuffled,0,yoked_reward,0.1,stats_only,77,5,0.3316582914572864,8b209e74d6fd4a1b6dba26673fd6433d48861e7d882c15307ea400872fed0525,360f441dedeafad9979b5e1dcaf65750efac93abca93c2e1dc05c4a4c1fa6319,0.0209379636453359,4.440892098500626e-16
flywire_783_mb_left_kc512_s702,543,incoming_l1,role_shuffled,0,yoked_reward,0.1,coefficients_only,77,6,0.4321608040201005,8b209e74d6fd4a1b6dba26673fd6433d48861e7d882c15307ea400872fed0525,4c20ad27478c5ac05efe925ae85d0386e6d3177a3518205690d49ed9f76ae322,0.0209379636453359,4.440892098500626e-16
flywire_783_mb_left_kc512_s702,543,incoming_l1,role_shuffled,0,yoked_reward,0.1,full_refit,77,6,0.4321608040201005,8b209e74d6fd4a1b6dba26673fd6433d48861e7d882c15307ea400872fed0525,ba7fa4687fc0f78c1bf111c0754e81ab1f606e4757d1772b84d65c2b7181ed38,0.0209379636453359,4.440892098500626e-16
flywire_783_mb_left_kc512_s702,543,incoming_l1,role_shuffled,0,yoked_reward,0.3,fixed,77,0,0.1708542713567839,cebd56bbb3849d09cb8da101fe03361204b95597ba4265864558368aad1f5535,1b4815ea7b8360b72e58ee37b295ef77c7ef2e1ea084fe0698a2a6f483b70ede,0.06281389093600771,4.440892098500626e-16
flywire_783_mb_left_kc512_s702,543,incoming_l1,role_shuffled,0,yoked_reward,0.3,stats_only,77,2,0.19597989949748743,cebd56bbb3849d09cb8da101fe03361204b95597ba4265864558368aad1f5535,30f40b3e1f84051187a15a81f5216333bd933369ec1ac5f3463aa458ba46f787,0.06281389093600771,4.440892098500626e-16
flywire_783_mb_left_kc512_s702,543,incoming_l1,role_shuffled,0,yoked_reward,0.3,coefficients_only,77,6,0.41708542713567837,cebd56bbb3849d09cb8da101fe03361204b95597ba4265864558368aad1f5535,4f28f327f441da65878c72d6b8ecedc6c288a264681864fef02a54d8fda0b837,0.06281389093600771,4.440892098500626e-16
flywire_783_mb_left_kc512_s702,543,incoming_l1,role_shuffled,0,yoked_reward,0.3,full_refit,77,6,0.4120603015075377,cebd56bbb3849d09cb8da101fe03361204b95597ba4265864558368aad1f5535,3f6bde9bfee7beb32d510838782232c31dacd166873a669342880c78c7fd7796,0.06281389093600771,4.440892098500626e-16
flywire_783_mb_left_kc512_s702,543,incoming_l1,role_shuffled,0,yoked_reward,1.0,fixed,77,0,0.135678391959799,94ab58314435ee172059144a8e18950da8580a16e512699a5304b018da8ec60b,1b4815ea7b8360b72e58ee37b295ef77c7ef2e1ea084fe0698a2a6f483b70ede,0.20937963645335902,1.2212453270876722e-15
flywire_783_mb_left_kc512_s702,543,incoming_l1,role_shuffled,0,yoked_reward,1.0,stats_only,77,1,0.1507537688442211,94ab58314435ee172059144a8e18950da8580a16e512699a5304b018da8ec60b,aa04c3692992eb5b16104e4f457edc0297df7125086869a4b3fcb770017e6de2,0.20937963645335902,1.2212453270876722e-15
flywire_783_mb_left_kc512_s702,543,incoming_l1,role_shuffled,0,yoked_reward,1.0,coefficients_only,77,6,0.4271356783919598,94ab58314435ee172059144a8e18950da8580a16e512699a5304b018da8ec60b,1b1ad4363727fdd67723b6859ae1789871494ac6ab81ba8bb96353f28059efe2,0.20937963645335902,1.2212453270876722e-15
flywire_783_mb_left_kc512_s702,543,incoming_l1,role_shuffled,0,yoked_reward,1.0,full_refit,77,6,0.4472361809045226,94ab58314435ee172059144a8e18950da8580a16e512699a5304b018da8ec60b,452df4e68990952d6056c5095f07d9dc45eda61e38580c029d9faccdde5bc3af,0.20937963645335902,1.2212453270876722e-15
flywire_783_mb_left_kc512_s702,543,incoming_l1,role_shuffled,3,reward_trace,0.0,fixed,78,6,0.4321608040201005,bd6f829b7c81a3ee4cdde4b57cf27434e9ac9c8bd008688011d30842327ad02a,1b4815ea7b8360b72e58ee37b295ef77c7ef2e1ea084fe0698a2a6f483b70ede,0.0,0.0
flywire_783_mb_left_kc512_s702,543,incoming_l1,role_shuffled,3,reward_trace,0.0,stats_only,78,6,0.4321608040201005,bd6f829b7c81a3ee4cdde4b57cf27434e9ac9c8bd008688011d30842327ad02a,1b4815ea7b8360b72e58ee37b295ef77c7ef2e1ea084fe0698a2a6f483b70ede,0.0,0.0
flywire_783_mb_left_kc512_s702,543,incoming_l1,role_shuffled,3,reward_trace,0.0,coefficients_only,78,6,0.4321608040201005,bd6f829b7c81a3ee4cdde4b57cf27434e9ac9c8bd008688011d30842327ad02a,1b4815ea7b8360b72e58ee37b295ef77c7ef2e1ea084fe0698a2a6f483b70ede,0.0,0.0
flywire_783_mb_left_kc512_s702,543,incoming_l1,role_shuffled,3,reward_trace,0.0,full_refit,78,6,0.4321608040201005,bd6f829b7c81a3ee4cdde4b57cf27434e9ac9c8bd008688011d30842327ad02a,1b4815ea7b8360b72e58ee37b295ef77c7ef2e1ea084fe0698a2a6f483b70ede,0.0,0.0
flywire_783_mb_left_kc512_s702,543,incoming_l1,role_shuffled,3,reward_trace,0.01,fixed,78,6,0.41708542713567837,21117dcdd1ccd9d1f3e93afaf4f15140948b196502852820550ad12dd0aa774e,1b4815ea7b8360b72e58ee37b295ef77c7ef2e1ea084fe0698a2a6f483b70ede,0.001892784184905671,2.220446049250313e-16
flywire_783_mb_left_kc512_s702,543,incoming_l1,role_shuffled,3,reward_trace,0.01,stats_only,78,6,0.41708542713567837,21117dcdd1ccd9d1f3e93afaf4f15140948b196502852820550ad12dd0aa774e,b8ec666eeb0eb26973bd84459424be32ec34c1196b2b7c1d94d209c9a4a465a2,0.001892784184905671,2.220446049250313e-16
flywire_783_mb_left_kc512_s702,543,incoming_l1,role_shuffled,3,reward_trace,0.01,coefficients_only,78,6,0.4321608040201005,21117dcdd1ccd9d1f3e93afaf4f15140948b196502852820550ad12dd0aa774e,897c16b8604206f6abee03158078e2d49bd09282b129b4c6d7721cf8958b119e,0.001892784184905671,2.220446049250313e-16
flywire_783_mb_left_kc512_s702,543,incoming_l1,role_shuffled,3,reward_trace,0.01,full_refit,78,6,0.4321608040201005,21117dcdd1ccd9d1f3e93afaf4f15140948b196502852820550ad12dd0aa774e,9c9b688a012e9e1dde087802c5ed73e71a47a469099e33341ee327ed97c4bb1b,0.001892784184905671,2.220446049250313e-16
flywire_783_mb_left_kc512_s702,543,incoming_l1,role_shuffled,3,reward_trace,0.03,fixed,78,5,0.3869346733668342,8d4dabd04699a9a665f296b1e5469b6b278d91f3e9ffe76d619f5ec857546c75,1b4815ea7b8360b72e58ee37b295ef77c7ef2e1ea084fe0698a2a6f483b70ede,0.005678352554717022,3.3306690738754696e-16
flywire_783_mb_left_kc512_s702,543,incoming_l1,role_shuffled,3,reward_trace,0.03,stats_only,78,6,0.36683417085427134,8d4dabd04699a9a665f296b1e5469b6b278d91f3e9ffe76d619f5ec857546c75,89c4c9fcd4bedb80a98ce49e6b1ddf87a0cc81e9c6b93248ac88b76c9bfccad4,0.005678352554717022,3.3306690738754696e-16
flywire_783_mb_left_kc512_s702,543,incoming_l1,role_shuffled,3,reward_trace,0.03,coefficients_only,78,6,0.4321608040201005,8d4dabd04699a9a665f296b1e5469b6b278d91f3e9ffe76d619f5ec857546c75,f104f46678fa7fd5ad51bf9e62b67b6fe326ef7ceee072cd229a3711725af2a0,0.005678352554717022,3.3306690738754696e-16
flywire_783_mb_left_kc512_s702,543,incoming_l1,role_shuffled,3,reward_trace,0.03,full_refit,78,6,0.4321608040201005,8d4dabd04699a9a665f296b1e5469b6b278d91f3e9ffe76d619f5ec857546c75,52b19d02d80526777a7c890ea6fa404a3cba6e6424a6e1b402c2fdc4c689eb06,0.005678352554717022,3.3306690738754696e-16
flywire_783_mb_left_kc512_s702,543,incoming_l1,role_shuffled,3,reward_trace,0.1,fixed,78,1,0.25125628140703515,a47887c034d0a1a51ccd0d1875044028005b139fa2459e9ed5786d5fb5f33ade,1b4815ea7b8360b72e58ee37b295ef77c7ef2e1ea084fe0698a2a6f483b70ede,0.018927841849056725,3.3306690738754696e-16
flywire_783_mb_left_kc512_s702,543,incoming_l1,role_shuffled,3,reward_trace,0.1,stats_only,78,6,0.2864321608040201,a47887c034d0a1a51ccd0d1875044028005b139fa2459e9ed5786d5fb5f33ade,884162a8e8d4e865af72a90cbb14a1eb9b80306f0a1247d001c0bb7d5162bd1e,0.018927841849056725,3.3306690738754696e-16
flywire_783_mb_left_kc512_s702,543,incoming_l1,role_shuffled,3,reward_trace,0.1,coefficients_only,78,6,0.4321608040201005,a47887c034d0a1a51ccd0d1875044028005b139fa2459e9ed5786d5fb5f33ade,50d6aaafaa933c21c382ee63fe08278ea77ddfbb8e4b69ab57ccad5fc06734bd,0.018927841849056725,3.3306690738754696e-16
flywire_783_mb_left_kc512_s702,543,incoming_l1,role_shuffled,3,reward_trace,0.1,full_refit,78,6,0.4321608040201005,a47887c034d0a1a51ccd0d1875044028005b139fa2459e9ed5786d5fb5f33ade,9d127904dec4ecf9e6d96e797c86a5720f5fd90822c968f2a87425ef0198e1b8,0.018927841849056725,3.3306690738754696e-16
flywire_783_mb_left_kc512_s702,543,incoming_l1,role_shuffled,3,reward_trace,0.3,fixed,78,1,0.16080402010050251,57bf7beaf5e9b86bf26f2e7f64f19fb802f184b8d0dc77e1141dd4c8b89bf542,1b4815ea7b8360b72e58ee37b295ef77c7ef2e1ea084fe0698a2a6f483b70ede,0.056783525547170186,4.440892098500626e-16
flywire_783_mb_left_kc512_s702,543,incoming_l1,role_shuffled,3,reward_trace,0.3,stats_only,78,1,0.20100502512562815,57bf7beaf5e9b86bf26f2e7f64f19fb802f184b8d0dc77e1141dd4c8b89bf542,b8a10d7cf085fd791c2737de7f150004ad5ec1585e10cb7d0cf1a669e732f1bf,0.056783525547170186,4.440892098500626e-16
flywire_783_mb_left_kc512_s702,543,incoming_l1,role_shuffled,3,reward_trace,0.3,coefficients_only,78,6,0.4221105527638191,57bf7beaf5e9b86bf26f2e7f64f19fb802f184b8d0dc77e1141dd4c8b89bf542,bb5ac84b9b5c01c2b4b73f8e63aecd835b0e4b2da34b40398ca386aaa23b1de4,0.056783525547170186,4.440892098500626e-16
flywire_783_mb_left_kc512_s702,543,incoming_l1,role_shuffled,3,reward_trace,0.3,full_refit,78,6,0.41708542713567837,57bf7beaf5e9b86bf26f2e7f64f19fb802f184b8d0dc77e1141dd4c8b89bf542,4a409acf2efbd4349db7b552434e82440dd28acdb52e7d2ed51de359282721a8,0.056783525547170186,4.440892098500626e-16
flywire_783_mb_left_kc512_s702,543,incoming_l1,role_shuffled,3,reward_trace,1.0,fixed,78,0,0.12060301507537688,769ebfe5601d15e855a3c04c70803dc083667c9495d3dd859ad27478d661a58e,1b4815ea7b8360b72e58ee37b295ef77c7ef2e1ea084fe0698a2a6f483b70ede,0.18927841849056729,1.5543122344752192e-15
flywire_783_mb_left_kc512_s702,543,incoming_l1,role_shuffled,3,reward_trace,1.0,stats_only,78,1,0.135678391959799,769ebfe5601d15e855a3c04c70803dc083667c9495d3dd859ad27478d661a58e,26e35c1f2c93e6c63340d846b28b4d306a4574d373930b18f92c72e60a86080b,0.18927841849056729,1.5543122344752192e-15
flywire_783_mb_left_kc512_s702,543,incoming_l1,role_shuffled,3,reward_trace,1.0,coefficients_only,78,6,0.4371859296482412,769ebfe5601d15e855a3c04c70803dc083667c9495d3dd859ad27478d661a58e,45946e2ad3b65bc36a9beb407669e5ef313db2a2cbc78779f3398aa87c0c98e9,0.18927841849056729,1.5543122344752192e-15
flywire_783_mb_left_kc512_s702,543,incoming_l1,role_shuffled,3,reward_trace,1.0,full_refit,78,6,0.4321608040201005,769ebfe5601d15e855a3c04c70803dc083667c9495d3dd859ad27478d661a58e,e592ffa0e4402a8353ff3326e48ae4575f9a278560edd7aac50e1acfc134c3d7,0.18927841849056729,1.5543122344752192e-15
flywire_783_mb_left_kc512_s702,543,incoming_l1,role_shuffled,3,yoked_reward,0.0,fixed,79,6,0.4321608040201005,bd6f829b7c81a3ee4cdde4b57cf27434e9ac9c8bd008688011d30842327ad02a,1b4815ea7b8360b72e58ee37b295ef77c7ef2e1ea084fe0698a2a6f483b70ede,0.0,0.0
flywire_783_mb_left_kc512_s702,543,incoming_l1,role_shuffled,3,yoked_reward,0.0,stats_only,79,6,0.4321608040201005,bd6f829b7c81a3ee4cdde4b57cf27434e9ac9c8bd008688011d30842327ad02a,1b4815ea7b8360b72e58ee37b295ef77c7ef2e1ea084fe0698a2a6f483b70ede,0.0,0.0
flywire_783_mb_left_kc512_s702,543,incoming_l1,role_shuffled,3,yoked_reward,0.0,coefficients_only,79,6,0.4321608040201005,bd6f829b7c81a3ee4cdde4b57cf27434e9ac9c8bd008688011d30842327ad02a,1b4815ea7b8360b72e58ee37b295ef77c7ef2e1ea084fe0698a2a6f483b70ede,0.0,0.0
flywire_783_mb_left_kc512_s702,543,incoming_l1,role_shuffled,3,yoked_reward,0.0,full_refit,79,6,0.4321608040201005,bd6f829b7c81a3ee4cdde4b57cf27434e9ac9c8bd008688011d30842327ad02a,1b4815ea7b8360b72e58ee37b295ef77c7ef2e1ea084fe0698a2a6f483b70ede,0.0,0.0
flywire_783_mb_left_kc512_s702,543,incoming_l1,role_shuffled,3,yoked_reward,0.01,fixed,79,6,0.4472361809045226,62390393301d61217a3dfc6f4175c3661657c1c9acf895348b81732820faf389,1b4815ea7b8360b72e58ee37b295ef77c7ef2e1ea084fe0698a2a6f483b70ede,0.0018061460411068074,4.440892098500626e-16
flywire_783_mb_left_kc512_s702,543,incoming_l1,role_shuffled,3,yoked_reward,0.01,stats_only,79,6,0.4321608040201005,62390393301d61217a3dfc6f4175c3661657c1c9acf895348b81732820faf389,90efec40a7eee84676a06f824cfcb25ad7d7c9e3c3c4670f5cb5906ea2f16535,0.0018061460411068074,4.440892098500626e-16
flywire_783_mb_left_kc512_s702,543,incoming_l1,role_shuffled,3,yoked_reward,0.01,coefficients_only,79,6,0.4321608040201005,62390393301d61217a3dfc6f4175c3661657c1c9acf895348b81732820faf389,70be8b25ee27fecef25a4caefdfbbb38411c1592861acda3ec8a6f28307f927a,0.0018061460411068074,4.440892098500626e-16
flywire_783_mb_left_kc512_s702,543,incoming_l1,role_shuffled,3,yoked_reward,0.01,full_refit,79,6,0.4321608040201005,62390393301d61217a3dfc6f4175c3661657c1c9acf895348b81732820faf389,209a6cde4af41a3484b6386b1bd33210ca1be3298aecc211963f87250682b66a,0.0018061460411068074,4.440892098500626e-16
flywire_783_mb_left_kc512_s702,543,incoming_l1,role_shuffled,3,yoked_reward,0.03,fixed,79,6,0.4321608040201005,cf6cd202d663a26db380182d9ed464b74777f110c05472ef2334ee2915570876,1b4815ea7b8360b72e58ee37b295ef77c7ef2e1ea084fe0698a2a6f483b70ede,0.005418438123320421,4.440892098500626e-16
flywire_783_mb_left_kc512_s702,543,incoming_l1,role_shuffled,3,yoked_reward,0.03,stats_only,79,6,0.4472361809045226,cf6cd202d663a26db380182d9ed464b74777f110c05472ef2334ee2915570876,b626a6081715032d8f4eec9765c5132acf5a6d2af4e5497cddb9e0a29781f229,0.005418438123320421,4.440892098500626e-16
flywire_783_mb_left_kc512_s702,543,incoming_l1,role_shuffled,3,yoked_reward,0.03,coefficients_only,79,6,0.4321608040201005,cf6cd202d663a26db380182d9ed464b74777f110c05472ef2334ee2915570876,47c1dff5ab04203e2c0198f54d3283099d272b9c17f884686332c194debd6255,0.005418438123320421,4.440892098500626e-16
flywire_783_mb_left_kc512_s702,543,incoming_l1,role_shuffled,3,yoked_reward,0.03,full_refit,79,6,0.4321608040201005,cf6cd202d663a26db380182d9ed464b74777f110c05472ef2334ee2915570876,d0b910786bccb9410e7298e2bd0b2d0e24879d7126bffffae5b218cc980b0e1e,0.005418438123320421,4.440892098500626e-16
flywire_783_mb_left_kc512_s702,543,incoming_l1,role_shuffled,3,yoked_reward,0.1,fixed,79,3,0.3316582914572864,92b56703f284172e0a70282f174a201b68d32996d92d7de231868a69e3819153,1b4815ea7b8360b72e58ee37b295ef77c7ef2e1ea084fe0698a2a6f483b70ede,0.018061460411068066,2.220446049250313e-16
flywire_783_mb_left_kc512_s702,543,incoming_l1,role_shuffled,3,yoked_reward,0.1,stats_only,79,6,0.37185929648241206,92b56703f284172e0a70282f174a201b68d32996d92d7de231868a69e3819153,85f0efc19be14fec77d03d650623c3e9aaea0c7572dd40db3937f0d978d21a4f,0.018061460411068066,2.220446049250313e-16
flywire_783_mb_left_kc512_s702,543,incoming_l1,role_shuffled,3,yoked_reward,0.1,coefficients_only,79,6,0.4371859296482412,92b56703f284172e0a70282f174a201b68d32996d92d7de231868a69e3819153,dd921e2f44ea7e25b772266403e65159429faaf16211db6d45f432ca786905f5,0.018061460411068066,2.220446049250313e-16
flywire_783_mb_left_kc512_s702,543,incoming_l1,role_shuffled,3,yoked_reward,0.1,full_refit,79,6,0.4371859296482412,92b56703f284172e0a70282f174a201b68d32996d92d7de231868a69e3819153,2aef9c190aeb9c9ccf9d0a4767bae8e41ab83035db468dbc19de33fa42d416ef,0.018061460411068066,2.220446049250313e-16
flywire_783_mb_left_kc512_s702,543,incoming_l1,role_shuffled,3,yoked_reward,0.3,fixed,79,0,0.20100502512562815,7510e1a88f41285b81dd5d3c4a6ff994f16bb9ec95f52b8e99df2170a1ab94df,1b4815ea7b8360b72e58ee37b295ef77c7ef2e1ea084fe0698a2a6f483b70ede,0.05418438123320421,3.3306690738754696e-16
flywire_783_mb_left_kc512_s702,543,incoming_l1,role_shuffled,3,yoked_reward,0.3,stats_only,79,0,0.21608040201005024,7510e1a88f41285b81dd5d3c4a6ff994f16bb9ec95f52b8e99df2170a1ab94df,e91ab783b562cfb367fda401e1d23d31e0b5f890d686d553bcd3cd740ff11974,0.05418438123320421,3.3306690738754696e-16
flywire_783_mb_left_kc512_s702,543,incoming_l1,role_shuffled,3,yoked_reward,0.3,coefficients_only,79,6,0.4321608040201005,7510e1a88f41285b81dd5d3c4a6ff994f16bb9ec95f52b8e99df2170a1ab94df,e1ffbba7689cea00669ede378cd0880fbdfa922402be6aea84546c257a30101c,0.05418438123320421,3.3306690738754696e-16
flywire_783_mb_left_kc512_s702,543,incoming_l1,role_shuffled,3,yoked_reward,0.3,full_refit,79,6,0.4321608040201005,7510e1a88f41285b81dd5d3c4a6ff994f16bb9ec95f52b8e99df2170a1ab94df,627244e8c367e96755e9e07d15a8b1d13d7909151b4d0583b4c787d1f12c8962,0.05418438123320421,3.3306690738754696e-16
flywire_783_mb_left_kc512_s702,543,incoming_l1,role_shuffled,3,yoked_reward,1.0,fixed,79,0,0.1708542713567839,f0d0e7f30034b2420b01458b7821b79ca1eb8dc5389d6bcbac83d3fe24f89397,1b4815ea7b8360b72e58ee37b295ef77c7ef2e1ea084fe0698a2a6f483b70ede,0.18061460411068067,9.992007221626409e-16
flywire_783_mb_left_kc512_s702,543,incoming_l1,role_shuffled,3,yoked_reward,1.0,stats_only,79,0,0.1457286432160804,f0d0e7f30034b2420b01458b7821b79ca1eb8dc5389d6bcbac83d3fe24f89397,f82d1a8b93ba3214b2bfa6e11bb47d457fdd9ec950b604d15b0b8d4f45b5d0ff,0.18061460411068067,9.992007221626409e-16
flywire_783_mb_left_kc512_s702,543,incoming_l1,role_shuffled,3,yoked_reward,1.0,coefficients_only,79,6,0.44221105527638194,f0d0e7f30034b2420b01458b7821b79ca1eb8dc5389d6bcbac83d3fe24f89397,eb65470c8d632758f545be19fa1c962ed375090568cb1f5d0154b9f874bd8d26,0.18061460411068067,9.992007221626409e-16
flywire_783_mb_left_kc512_s702,543,incoming_l1,role_shuffled,3,yoked_reward,1.0,full_refit,79,6,0.4371859296482412,f0d0e7f30034b2420b01458b7821b79ca1eb8dc5389d6bcbac83d3fe24f89397,8a3932178979d02825a69df2a19629edf397bf29264c3a85623ebf63ddb2ac77,0.18061460411068067,9.992007221626409e-16
flywire_783_mb_left_kc512_s702,544,spectral,fly,0,reward_trace,0.0,fixed,80,9,0.4371859296482412,bab5e5454fcd56276ce61715151bfe0821c27b7128a2540e55b6ac95744c1e6d,1967b3e5c03f15008f8c2e30a257a48bc8d54d8d7a9774b92342073832651a5c,0.0,0.0
flywire_783_mb_left_kc512_s702,544,spectral,fly,0,reward_trace,0.0,stats_only,80,9,0.4371859296482412,bab5e5454fcd56276ce61715151bfe0821c27b7128a2540e55b6ac95744c1e6d,1967b3e5c03f15008f8c2e30a257a48bc8d54d8d7a9774b92342073832651a5c,0.0,0.0
flywire_783_mb_left_kc512_s702,544,spectral,fly,0,reward_trace,0.0,coefficients_only,80,9,0.4371859296482412,bab5e5454fcd56276ce61715151bfe0821c27b7128a2540e55b6ac95744c1e6d,1967b3e5c03f15008f8c2e30a257a48bc8d54d8d7a9774b92342073832651a5c,0.0,0.0
flywire_783_mb_left_kc512_s702,544,spectral,fly,0,reward_trace,0.0,full_refit,80,9,0.4371859296482412,bab5e5454fcd56276ce61715151bfe0821c27b7128a2540e55b6ac95744c1e6d,1967b3e5c03f15008f8c2e30a257a48bc8d54d8d7a9774b92342073832651a5c,0.0,0.0
flywire_783_mb_left_kc512_s702,544,spectral,fly,0,reward_trace,0.01,fixed,80,9,0.44221105527638194,452ac04b1bc71f1a06cf5d1f44122bb95db3eed4620a0749f4d33a926ad25e5c,1967b3e5c03f15008f8c2e30a257a48bc8d54d8d7a9774b92342073832651a5c,0.0022676934085885613,4.440892098500626e-16
flywire_783_mb_left_kc512_s702,544,spectral,fly,0,reward_trace,0.01,stats_only,80,9,0.4371859296482412,452ac04b1bc71f1a06cf5d1f44122bb95db3eed4620a0749f4d33a926ad25e5c,baf122db211f7daa945659c68ef5ba74ac7685f992bb0f7950091ea9130490ee,0.0022676934085885613,4.440892098500626e-16
flywire_783_mb_left_kc512_s702,544,spectral,fly,0,reward_trace,0.01,coefficients_only,80,9,0.4371859296482412,452ac04b1bc71f1a06cf5d1f44122bb95db3eed4620a0749f4d33a926ad25e5c,d2010830b7ef7f11ac53dd858568040e10e25c4c950965bdcb087de6ae0ef72d,0.0022676934085885613,4.440892098500626e-16
flywire_783_mb_left_kc512_s702,544,spectral,fly,0,reward_trace,0.01,full_refit,80,9,0.4371859296482412,452ac04b1bc71f1a06cf5d1f44122bb95db3eed4620a0749f4d33a926ad25e5c,261960c2f0f906e55bc0fe46b56db152cbff294359313cbe0d011e3e11b0f872,0.0022676934085885613,4.440892098500626e-16
flywire_783_mb_left_kc512_s702,544,spectral,fly,0,reward_trace,0.03,fixed,80,9,0.39195979899497485,702d8901f193097c80474170ef4f085d0ef3f4e3f5c4930d22484f2b17a849be,1967b3e5c03f15008f8c2e30a257a48bc8d54d8d7a9774b92342073832651a5c,0.006803080225765679,6.661338147750939e-16
flywire_783_mb_left_kc512_s702,544,spectral,fly,0,reward_trace,0.03,stats_only,80,9,0.4221105527638191,702d8901f193097c80474170ef4f085d0ef3f4e3f5c4930d22484f2b17a849be,f22411a34d20464f5e76558d36c06aac30d99a02adb539552823fad336d32770,0.006803080225765679,6.661338147750939e-16
flywire_783_mb_left_kc512_s702,544,spectral,fly,0,reward_trace,0.03,coefficients_only,80,9,0.4371859296482412,702d8901f193097c80474170ef4f085d0ef3f4e3f5c4930d22484f2b17a849be,5398bf0392f3a37cf7535a162881380dc8b1cd2866c6b26a63d285ca8570f1e8,0.006803080225765679,6.661338147750939e-16
flywire_783_mb_left_kc512_s702,544,spectral,fly,0,reward_trace,0.03,full_refit,80,9,0.4371859296482412,702d8901f193097c80474170ef4f085d0ef3f4e3f5c4930d22484f2b17a849be,1c5eccdc23b95189c007a49b1ff69dc32b7db9da747be4744f4790dac2701c5d,0.006803080225765679,6.661338147750939e-16
flywire_783_mb_left_kc512_s702,544,spectral,fly,0,reward_trace,0.1,fixed,80,10,0.34673366834170855,a8d7fb52eaa807c058f282d8af45d647349d875c061c6f75ea3649c12eb87b9d,1967b3e5c03f15008f8c2e30a257a48bc8d54d8d7a9774b92342073832651a5c,0.022676934085885597,8.881784197001252e-16
flywire_783_mb_left_kc512_s702,544,spectral,fly,0,reward_trace,0.1,stats_only,80,8,0.35678391959798994,a8d7fb52eaa807c058f282d8af45d647349d875c061c6f75ea3649c12eb87b9d,a703bc78c26da67c7bc5eff3275db72fd70cf0276fba00e7c9f6efb11ee6e440,0.022676934085885597,8.881784197001252e-16
flywire_783_mb_left_kc512_s702,544,spectral,fly,0,reward_trace,0.1,coefficients_only,80,9,0.4371859296482412,a8d7fb52eaa807c058f282d8af45d647349d875c061c6f75ea3649c12eb87b9d,b803f40164353b9579853a5de647e38d7ac524b212b58b7280de64694a1ccd71,0.022676934085885597,8.881784197001252e-16
flywire_783_mb_left_kc512_s702,544,spectral,fly,0,reward_trace,0.1,full_refit,80,9,0.4371859296482412,a8d7fb52eaa807c058f282d8af45d647349d875c061c6f75ea3649c12eb87b9d,baf6af6f2ff463b69a8e258887f1b3122ef2b029ec69eb9b9bd39b2f1479eaa2,0.022676934085885597,8.881784197001252e-16
flywire_783_mb_left_kc512_s702,544,spectral,fly,0,reward_trace,0.3,fixed,80,1,0.2864321608040201,e49dbd5bf66d9607c1e7f4296c08bf8ef8f79ba50deeb0b9dc05617bc5afbefd,1967b3e5c03f15008f8c2e30a257a48bc8d54d8d7a9774b92342073832651a5c,0.0680308022576568,1.3322676295501878e-15
flywire_783_mb_left_kc512_s702,544,spectral,fly,0,reward_trace,0.3,stats_only,80,1,0.2914572864321608,e49dbd5bf66d9607c1e7f4296c08bf8ef8f79ba50deeb0b9dc05617bc5afbefd,b8c96ac783e3ff21f9bb299b68c7780137ecb56305174c5561036473566b14b7,0.0680308022576568,1.3322676295501878e-15
flywire_783_mb_left_kc512_s702,544,spectral,fly,0,reward_trace,0.3,coefficients_only,80,9,0.4271356783919598,e49dbd5bf66d9607c1e7f4296c08bf8ef8f79ba50deeb0b9dc05617bc5afbefd,069dd0c2f5aa032516ea5d3b6cab48ed223c8da88d450c7ef58a00e46733d683,0.0680308022576568,1.3322676295501878e-15
flywire_783_mb_left_kc512_s702,544,spectral,fly,0,reward_trace,0.3,full_refit,80,9,0.4221105527638191,e49dbd5bf66d9607c1e7f4296c08bf8ef8f79ba50deeb0b9dc05617bc5afbefd,e8e004902b87faedd4a0ae05601e2b56e2c5da1709d7cf752cef8736b0eb9a93,0.0680308022576568,1.3322676295501878e-15
flywire_783_mb_left_kc512_s702,544,spectral,fly,0,reward_trace,1.0,fixed,80,0,0.21105527638190955,f93021ea2c6daa54cb24258554b6e919c749585d2f3e316ccc4d054880e8a6e1,1967b3e5c03f15008f8c2e30a257a48bc8d54d8d7a9774b92342073832651a5c,0.22676934085885603,3.1086244689504383e-15
flywire_783_mb_left_kc512_s702,544,spectral,fly,0,reward_trace,1.0,stats_only,80,1,0.21105527638190955,f93021ea2c6daa54cb24258554b6e919c749585d2f3e316ccc4d054880e8a6e1,ad7e32408f0db078de369be652ec087fd68c6eea566ebb5faacee788a9f92043,0.22676934085885603,3.1086244689504383e-15
flywire_783_mb_left_kc512_s702,544,spectral,fly,0,reward_trace,1.0,coefficients_only,80,9,0.4120603015075377,f93021ea2c6daa54cb24258554b6e919c749585d2f3e316ccc4d054880e8a6e1,510aa4a8c4c6750db4c9021b0685252557c6878c5dcf80175b2a29fe5b72ab68,0.22676934085885603,3.1086244689504383e-15
flywire_783_mb_left_kc512_s702,544,spectral,fly,0,reward_trace,1.0,full_refit,80,9,0.40703517587939697,f93021ea2c6daa54cb24258554b6e919c749585d2f3e316ccc4d054880e8a6e1,92f729c3286d1009e41c8141b6f771f2f0e2c01257238befa859f6296f9bbfda,0.22676934085885603,3.1086244689504383e-15
flywire_783_mb_left_kc512_s702,544,spectral,fly,0,yoked_reward,0.0,fixed,81,9,0.4371859296482412,bab5e5454fcd56276ce61715151bfe0821c27b7128a2540e55b6ac95744c1e6d,1967b3e5c03f15008f8c2e30a257a48bc8d54d8d7a9774b92342073832651a5c,0.0,0.0
flywire_783_mb_left_kc512_s702,544,spectral,fly,0,yoked_reward,0.0,stats_only,81,9,0.4371859296482412,bab5e5454fcd56276ce61715151bfe0821c27b7128a2540e55b6ac95744c1e6d,1967b3e5c03f15008f8c2e30a257a48bc8d54d8d7a9774b92342073832651a5c,0.0,0.0
flywire_783_mb_left_kc512_s702,544,spectral,fly,0,yoked_reward,0.0,coefficients_only,81,9,0.4371859296482412,bab5e5454fcd56276ce61715151bfe0821c27b7128a2540e55b6ac95744c1e6d,1967b3e5c03f15008f8c2e30a257a48bc8d54d8d7a9774b92342073832651a5c,0.0,0.0
flywire_783_mb_left_kc512_s702,544,spectral,fly,0,yoked_reward,0.0,full_refit,81,9,0.4371859296482412,bab5e5454fcd56276ce61715151bfe0821c27b7128a2540e55b6ac95744c1e6d,1967b3e5c03f15008f8c2e30a257a48bc8d54d8d7a9774b92342073832651a5c,0.0,0.0
flywire_783_mb_left_kc512_s702,544,spectral,fly,0,yoked_reward,0.01,fixed,81,9,0.4221105527638191,2fd275549c5518eb91b7efe4d62b4486bf2de7a485cbe6e49659e5b2ce2bafb3,1967b3e5c03f15008f8c2e30a257a48bc8d54d8d7a9774b92342073832651a5c,0.0022724976717747388,8.881784197001252e-16
flywire_783_mb_left_kc512_s702,544,spectral,fly,0,yoked_reward,0.01,stats_only,81,9,0.4371859296482412,2fd275549c5518eb91b7efe4d62b4486bf2de7a485cbe6e49659e5b2ce2bafb3,35633ab7a5205dbd5bab273e41762e77b995191ad9ac49645ed0c0a0ceed1d35,0.0022724976717747388,8.881784197001252e-16
flywire_783_mb_left_kc512_s702,544,spectral,fly,0,yoked_reward,0.01,coefficients_only,81,9,0.4371859296482412,2fd275549c5518eb91b7efe4d62b4486bf2de7a485cbe6e49659e5b2ce2bafb3,642038d4b7ceb54c92fb9e485362a93bf7f3a32429d4518cd073e669070fdec2,0.0022724976717747388,8.881784197001252e-16
flywire_783_mb_left_kc512_s702,544,spectral,fly,0,yoked_reward,0.01,full_refit,81,9,0.4371859296482412,2fd275549c5518eb91b7efe4d62b4486bf2de7a485cbe6e49659e5b2ce2bafb3,2875aae575e0d3a41a929f1d14f454b075539bba3356fa88ccbfd42f55ccbebd,0.0022724976717747388,8.881784197001252e-16
flywire_783_mb_left_kc512_s702,544,spectral,fly,0,yoked_reward,0.03,fixed,81,9,0.4020100502512563,9be9a7c14eb8102f8444572c5c443ea508e5df5d8a775b0666c20736b8a21bea,1967b3e5c03f15008f8c2e30a257a48bc8d54d8d7a9774b92342073832651a5c,0.006817493015324218,4.440892098500626e-16
flywire_783_mb_left_kc512_s702,544,spectral,fly,0,yoked_reward,0.03,stats_only,81,9,0.4221105527638191,9be9a7c14eb8102f8444572c5c443ea508e5df5d8a775b0666c20736b8a21bea,b9ba6f987aa0fc3a60bdc4b539e294f77d88d31391cbe2adff80b31ea5de4aaf,0.006817493015324218,4.440892098500626e-16
flywire_783_mb_left_kc512_s702,544,spectral,fly,0,yoked_reward,0.03,coefficients_only,81,9,0.4371859296482412,9be9a7c14eb8102f8444572c5c443ea508e5df5d8a775b0666c20736b8a21bea,1d130e22a7b93826178121b549c5d91108c9f6f142e19a7a5515151f0be9a457,0.006817493015324218,4.440892098500626e-16
flywire_783_mb_left_kc512_s702,544,spectral,fly,0,yoked_reward,0.03,full_refit,81,9,0.4371859296482412,9be9a7c14eb8102f8444572c5c443ea508e5df5d8a775b0666c20736b8a21bea,7e0308d0a7576e98c42cb358169e66927810f990706b83e95a770b880146361d,0.006817493015324218,4.440892098500626e-16
flywire_783_mb_left_kc512_s702,544,spectral,fly,0,yoked_reward,0.1,fixed,81,8,0.34673366834170855,460c62291864149f1263e92a4020dc985b625eb99e47875f6a2499a73682c22e,1967b3e5c03f15008f8c2e30a257a48bc8d54d8d7a9774b92342073832651a5c,0.022724976717747394,6.661338147750939e-16
flywire_783_mb_left_kc512_s702,544,spectral,fly,0,yoked_reward,0.1,stats_only,81,10,0.4020100502512563,460c62291864149f1263e92a4020dc985b625eb99e47875f6a2499a73682c22e,18020f34abf3d548b24e40d1357fa52b24adc0393d8afbb50dc9cdd56579f6b5,0.022724976717747394,6.661338147750939e-16
flywire_783_mb_left_kc512_s702,544,spectral,fly,0,yoked_reward,0.1,coefficients_only,81,9,0.4371859296482412,460c62291864149f1263e92a4020dc985b625eb99e47875f6a2499a73682c22e,0244ac52e53ab73b50601400cac77c54e346bde960944475228ef203d602104b,0.022724976717747394,6.661338147750939e-16
flywire_783_mb_left_kc512_s702,544,spectral,fly,0,yoked_reward,0.1,full_refit,81,9,0.4371859296482412,460c62291864149f1263e92a4020dc985b625eb99e47875f6a2499a73682c22e,77b58fd994cb6c90a50cf1786f09610b3314fe97720f4a1caee2eda051c5c879,0.022724976717747394,6.661338147750939e-16
flywire_783_mb_left_kc512_s702,544,spectral,fly,0,yoked_reward,0.3,fixed,81,3,0.2562814070351759,a473360b001f750182618b6ce2bbbb2870a993aeda5f06055b79fb0a76468989,1967b3e5c03f15008f8c2e30a257a48bc8d54d8d7a9774b92342073832651a5c,0.06817493015324218,1.3322676295501878e-15
flywire_783_mb_left_kc512_s702,544,spectral,fly,0,yoked_reward,0.3,stats_only,81,3,0.3316582914572864,a473360b001f750182618b6ce2bbbb2870a993aeda5f06055b79fb0a76468989,37bb5fa13af633092acdd27e0ad36db6b22d6f77c0be9360845590284399be90,0.06817493015324218,1.3322676295501878e-15
flywire_783_mb_left_kc512_s702,544,spectral,fly,0,yoked_reward,0.3,coefficients_only,81,8,0.4221105527638191,a473360b001f750182618b6ce2bbbb2870a993aeda5f06055b79fb0a76468989,912e93c15fb709df8b3b657feacfc6a590451b556c188e9623198cb73606f042,0.06817493015324218,1.3322676295501878e-15
flywire_783_mb_left_kc512_s702,544,spectral,fly,0,yoked_reward,0.3,full_refit,81,8,0.4271356783919598,a473360b001f750182618b6ce2bbbb2870a993aeda5f06055b79fb0a76468989,e3f246adad0373f6ac6621b75278e3d585c5d65ee08f13093f25959eaf9161b1,0.06817493015324218,1.3322676295501878e-15
flywire_783_mb_left_kc512_s702,544,spectral,fly,0,yoked_reward,1.0,fixed,81,0,0.1407035175879397,0b905bcfc35934f18a30a17000cadd139825f5a59518e0b6aabf303ff942ca4d,1967b3e5c03f15008f8c2e30a257a48bc8d54d8d7a9774b92342073832651a5c,0.22724976717747392,3.1086244689504383e-15
flywire_783_mb_left_kc512_s702,544,spectral,fly,0,yoked_reward,1.0,stats_only,81,3,0.18090452261306533,0b905bcfc35934f18a30a17000cadd139825f5a59518e0b6aabf303ff942ca4d,ab1991a581e98e72d8c114e1b0f8919a77bf08afcb10b96b144596ba8be40571,0.22724976717747392,3.1086244689504383e-15
flywire_783_mb_left_kc512_s702,544,spectral,fly,0,yoked_reward,1.0,coefficients_only,81,8,0.38190954773869346,0b905bcfc35934f18a30a17000cadd139825f5a59518e0b6aabf303ff942ca4d,44d6d8837ddd1ecfde2f7022c003dc2b1761385e83641aee48e888502a8d94a9,0.22724976717747392,3.1086244689504383e-15
flywire_783_mb_left_kc512_s702,544,spectral,fly,0,yoked_reward,1.0,full_refit,81,8,0.4020100502512563,0b905bcfc35934f18a30a17000cadd139825f5a59518e0b6aabf303ff942ca4d,8ac36e58dc18cc85e11a33a3ca64a4dc3fcd7cc9caabf836b6c52666bdcf5b41,0.22724976717747392,3.1086244689504383e-15
flywire_783_mb_left_kc512_s702,544,spectral,fly,3,reward_trace,0.0,fixed,82,9,0.4371859296482412,bab5e5454fcd56276ce61715151bfe0821c27b7128a2540e55b6ac95744c1e6d,1967b3e5c03f15008f8c2e30a257a48bc8d54d8d7a9774b92342073832651a5c,0.0,0.0
flywire_783_mb_left_kc512_s702,544,spectral,fly,3,reward_trace,0.0,stats_only,82,9,0.4371859296482412,bab5e5454fcd56276ce61715151bfe0821c27b7128a2540e55b6ac95744c1e6d,1967b3e5c03f15008f8c2e30a257a48bc8d54d8d7a9774b92342073832651a5c,0.0,0.0
flywire_783_mb_left_kc512_s702,544,spectral,fly,3,reward_trace,0.0,coefficients_only,82,9,0.4371859296482412,bab5e5454fcd56276ce61715151bfe0821c27b7128a2540e55b6ac95744c1e6d,1967b3e5c03f15008f8c2e30a257a48bc8d54d8d7a9774b92342073832651a5c,0.0,0.0
flywire_783_mb_left_kc512_s702,544,spectral,fly,3,reward_trace,0.0,full_refit,82,9,0.4371859296482412,bab5e5454fcd56276ce61715151bfe0821c27b7128a2540e55b6ac95744c1e6d,1967b3e5c03f15008f8c2e30a257a48bc8d54d8d7a9774b92342073832651a5c,0.0,0.0
flywire_783_mb_left_kc512_s702,544,spectral,fly,3,reward_trace,0.01,fixed,82,9,0.4371859296482412,92d500a34b08a4d80c3b3243da5785b97e885eb4c584aa1c5cef6fbdca04b37d,1967b3e5c03f15008f8c2e30a257a48bc8d54d8d7a9774b92342073832651a5c,0.0024790390093806618,8.881784197001252e-16
flywire_783_mb_left_kc512_s702,544,spectral,fly,3,reward_trace,0.01,stats_only,82,9,0.4321608040201005,92d500a34b08a4d80c3b3243da5785b97e885eb4c584aa1c5cef6fbdca04b37d,3a0d4c5a53f17eeab686845d794eea5d693f7677ed5090ddf0ff793e55b9c28c,0.0024790390093806618,8.881784197001252e-16
flywire_783_mb_left_kc512_s702,544,spectral,fly,3,reward_trace,0.01,coefficients_only,82,9,0.4371859296482412,92d500a34b08a4d80c3b3243da5785b97e885eb4c584aa1c5cef6fbdca04b37d,67159604d18d9472d4484b6578077fc4c129e1b773c987e4ba1ae4feb28b40d2,0.0024790390093806618,8.881784197001252e-16
flywire_783_mb_left_kc512_s702,544,spectral,fly,3,reward_trace,0.01,full_refit,82,9,0.4371859296482412,92d500a34b08a4d80c3b3243da5785b97e885eb4c584aa1c5cef6fbdca04b37d,06416c8fbe01d4e1f81e532954dfe14799e58dd1f37e4997cf3ead7394a3a20b,0.0024790390093806618,8.881784197001252e-16
flywire_783_mb_left_kc512_s702,544,spectral,fly,3,reward_trace,0.03,fixed,82,9,0.4120603015075377,e65232e23a71b78c5ac3c89a515d7f4334b7068123cf2a6140276fd99da84565,1967b3e5c03f15008f8c2e30a257a48bc8d54d8d7a9774b92342073832651a5c,0.007437117028141984,8.881784197001252e-16
flywire_783_mb_left_kc512_s702,544,spectral,fly,3,reward_trace,0.03,stats_only,82,9,0.4321608040201005,e65232e23a71b78c5ac3c89a515d7f4334b7068123cf2a6140276fd99da84565,7527b7ad5975ecc20c8da895ceb557352de0a3dcfd0a11c7a595d3a3648153cf,0.007437117028141984,8.881784197001252e-16
flywire_783_mb_left_kc512_s702,544,spectral,fly,3,reward_trace,0.03,coefficients_only,82,9,0.4371859296482412,e65232e23a71b78c5ac3c89a515d7f4334b7068123cf2a6140276fd99da84565,e5909a917e5698ed679fc18f7625603e2702eb233db3ad3451b8777d917e6bd6,0.007437117028141984,8.881784197001252e-16
flywire_783_mb_left_kc512_s702,544,spectral,fly,3,reward_trace,0.03,full_refit,82,9,0.4371859296482412,e65232e23a71b78c5ac3c89a515d7f4334b7068123cf2a6140276fd99da84565,5c87d5f4279b809437069a21348772eac09e99f4f78e0371c1293bf72e4afeab,0.007437117028141984,8.881784197001252e-16
flywire_783_mb_left_kc512_s702,544,spectral,fly,3,reward_trace,0.1,fixed,82,1,0.35175879396984927,0ef1890f4c92d8f2f690c5b0cbdde56841a58f3ca29d7db215499406967f65bd,1967b3e5c03f15008f8c2e30a257a48bc8d54d8d7a9774b92342073832651a5c,0.024790390093806618,8.881784197001252e-16
flywire_783_mb_left_kc512_s702,544,spectral,fly,3,reward_trace,0.1,stats_only,82,1,0.36180904522613067,0ef1890f4c92d8f2f690c5b0cbdde56841a58f3ca29d7db215499406967f65bd,01a41f68808e8512ae89892208c3e06bc17363e322a5136202aaf9c9256fac0f,0.024790390093806618,8.881784197001252e-16
flywire_783_mb_left_kc512_s702,544,spectral,fly,3,reward_trace,0.1,coefficients_only,82,9,0.4271356783919598,0ef1890f4c92d8f2f690c5b0cbdde56841a58f3ca29d7db215499406967f65bd,77ddf00012ab7400680b7dedcf56aea3317011fa5bd0b61226d2cb86dd072169,0.024790390093806618,8.881784197001252e-16
flywire_783_mb_left_kc512_s702,544,spectral,fly,3,reward_trace,0.1,full_refit,82,9,0.4271356783919598,0ef1890f4c92d8f2f690c5b0cbdde56841a58f3ca29d7db215499406967f65bd,c486dffe9481f67ec5acdc3a96b52c9debefc14210b29bb15f0bb70d1f503cc4,0.024790390093806618,8.881784197001252e-16
flywire_783_mb_left_kc512_s702,544,spectral,fly,3,reward_trace,0.3,fixed,82,1,0.23618090452261306,34aa010df8a107b527146ba3b9259fb1fd48a2a58e28b42ea7f7427ce4cdc11a,1967b3e5c03f15008f8c2e30a257a48bc8d54d8d7a9774b92342073832651a5c,0.07437117028141987,1.3322676295501878e-15
flywire_783_mb_left_kc512_s702,544,spectral,fly,3,reward_trace,0.3,stats_only,82,1,0.271356783919598,34aa010df8a107b527146ba3b9259fb1fd48a2a58e28b42ea7f7427ce4cdc11a,94adc0e17fff507e6639a0003e7a5e0e529d27c60c8931490419fc3af1cd8635,0.07437117028141987,1.3322676295501878e-15
flywire_783_mb_left_kc512_s702,544,spectral,fly,3,reward_trace,0.3,coefficients_only,82,7,0.4271356783919598,34aa010df8a107b527146ba3b9259fb1fd48a2a58e28b42ea7f7427ce4cdc11a,9c907cafab32511b25f15e772f48c923aa938921318d09a11d19cbdff4207f49,0.07437117028141987,1.3322676295501878e-15
flywire_783_mb_left_kc512_s702,544,spectral,fly,3,reward_trace,0.3,full_refit,82,7,0.4271356783919598,34aa010df8a107b527146ba3b9259fb1fd48a2a58e28b42ea7f7427ce4cdc11a,e75445bc67caa40f4bef8a725b0a8741c1729d7d8ce7f8776b8eefb4dfad1176,0.07437117028141987,1.3322676295501878e-15
flywire_783_mb_left_kc512_s702,544,spectral,fly,3,reward_trace,1.0,fixed,82,1,0.19597989949748743,dc323c8f5421306d0402e1a12c0fa0b01ea8bb1542c91094b726473b689d84d9,1967b3e5c03f15008f8c2e30a257a48bc8d54d8d7a9774b92342073832651a5c,0.24790390093806616,3.9968028886505635e-15
flywire_783_mb_left_kc512_s702,544,spectral,fly,3,reward_trace,1.0,stats_only,82,1,0.19095477386934673,dc323c8f5421306d0402e1a12c0fa0b01ea8bb1542c91094b726473b689d84d9,2ba2aa3ac903c92be8cec7a74247a9e56106bbd678df2e03c7e46d989f09af55,0.24790390093806616,3.9968028886505635e-15
flywire_783_mb_left_kc512_s702,544,spectral,fly,3,reward_trace,1.0,coefficients_only,82,7,0.4472361809045226,dc323c8f5421306d0402e1a12c0fa0b01ea8bb1542c91094b726473b689d84d9,354ded8d21a16ced58ef83c2da9fb0860404459ff1a23c046360c32b29f16866,0.24790390093806616,3.9968028886505635e-15
flywire_783_mb_left_kc512_s702,544,spectral,fly,3,reward_trace,1.0,full_refit,82,7,0.4472361809045226,dc323c8f5421306d0402e1a12c0fa0b01ea8bb1542c91094b726473b689d84d9,beae19d89fc1ba0a002c61ac6146e98d624c71d0fd5be9c0599070ff882d7ffe,0.24790390093806616,3.9968028886505635e-15
flywire_783_mb_left_kc512_s702,544,spectral,fly,3,yoked_reward,0.0,fixed,83,9,0.4371859296482412,bab5e5454fcd56276ce61715151bfe0821c27b7128a2540e55b6ac95744c1e6d,1967b3e5c03f15008f8c2e30a257a48bc8d54d8d7a9774b92342073832651a5c,0.0,0.0
flywire_783_mb_left_kc512_s702,544,spectral,fly,3,yoked_reward,0.0,stats_only,83,9,0.4371859296482412,bab5e5454fcd56276ce61715151bfe0821c27b7128a2540e55b6ac95744c1e6d,1967b3e5c03f15008f8c2e30a257a48bc8d54d8d7a9774b92342073832651a5c,0.0,0.0
flywire_783_mb_left_kc512_s702,544,spectral,fly,3,yoked_reward,0.0,coefficients_only,83,9,0.4371859296482412,bab5e5454fcd56276ce61715151bfe0821c27b7128a2540e55b6ac95744c1e6d,1967b3e5c03f15008f8c2e30a257a48bc8d54d8d7a9774b92342073832651a5c,0.0,0.0
flywire_783_mb_left_kc512_s702,544,spectral,fly,3,yoked_reward,0.0,full_refit,83,9,0.4371859296482412,bab5e5454fcd56276ce61715151bfe0821c27b7128a2540e55b6ac95744c1e6d,1967b3e5c03f15008f8c2e30a257a48bc8d54d8d7a9774b92342073832651a5c,0.0,0.0
flywire_783_mb_left_kc512_s702,544,spectral,fly,3,yoked_reward,0.01,fixed,83,9,0.44221105527638194,33e4697f9cf8a776537954df103d32f0f5762e7173a9d3a54db5bb0605d90cd7,1967b3e5c03f15008f8c2e30a257a48bc8d54d8d7a9774b92342073832651a5c,0.0020378349434074646,4.440892098500626e-16
flywire_783_mb_left_kc512_s702,544,spectral,fly,3,yoked_reward,0.01,stats_only,83,9,0.44221105527638194,33e4697f9cf8a776537954df103d32f0f5762e7173a9d3a54db5bb0605d90cd7,e504abfdddb60a56c68bdb0a5a30fd7ae6cd495c3deb6ed9382ebea5fcf4019c,0.0020378349434074646,4.440892098500626e-16
flywire_783_mb_left_kc512_s702,544,spectral,fly,3,yoked_reward,0.01,coefficients_only,83,9,0.4371859296482412,33e4697f9cf8a776537954df103d32f0f5762e7173a9d3a54db5bb0605d90cd7,52d641b0065a1ff63da9a6d28ac47287417ad0be66046463d40c5a4361751a47,0.0020378349434074646,4.440892098500626e-16
flywire_783_mb_left_kc512_s702,544,spectral,fly,3,yoked_reward,0.01,full_refit,83,9,0.4371859296482412,33e4697f9cf8a776537954df103d32f0f5762e7173a9d3a54db5bb0605d90cd7,fa867744cc15d62b9704348759fd4c29f7c92080557c90f1c1c4bbf0ecd730b7,0.0020378349434074646,4.440892098500626e-16
flywire_783_mb_left_kc512_s702,544,spectral,fly,3,yoked_reward,0.03,fixed,83,9,0.4221105527638191,33ff2eef6b592c851c1b4c6e0421640281598aaa8e2a3b7e8705210295db139e,1967b3e5c03f15008f8c2e30a257a48bc8d54d8d7a9774b92342073832651a5c,0.006113504830222389,8.881784197001252e-16
flywire_783_mb_left_kc512_s702,544,spectral,fly,3,yoked_reward,0.03,stats_only,83,9,0.44221105527638194,33ff2eef6b592c851c1b4c6e0421640281598aaa8e2a3b7e8705210295db139e,3d2da82f23918fe6c7c842cba065c86ed96fe30ca8da0816aa21c97f1d78cb5c,0.006113504830222389,8.881784197001252e-16
flywire_783_mb_left_kc512_s702,544,spectral,fly,3,yoked_reward,0.03,coefficients_only,83,9,0.4371859296482412,33ff2eef6b592c851c1b4c6e0421640281598aaa8e2a3b7e8705210295db139e,d0ea855d06a7353db6177eec2a766722c0e3375bece732619b66852d57c2a639,0.006113504830222389,8.881784197001252e-16
flywire_783_mb_left_kc512_s702,544,spectral,fly,3,yoked_reward,0.03,full_refit,83,9,0.4371859296482412,33ff2eef6b592c851c1b4c6e0421640281598aaa8e2a3b7e8705210295db139e,cb2c6ebeeaf6f821068ac0a00dc7d9168926aececea69e1d3b4ce376bc538a94,0.006113504830222389,8.881784197001252e-16
flywire_783_mb_left_kc512_s702,544,spectral,fly,3,yoked_reward,0.1,fixed,83,9,0.35175879396984927,3fc57047e5bb19f94bb215d1fe348ae9bae9b992b918fb4e46532916901b1349,1967b3e5c03f15008f8c2e30a257a48bc8d54d8d7a9774b92342073832651a5c,0.020378349434074634,8.881784197001252e-16
flywire_783_mb_left_kc512_s702,544,spectral,fly,3,yoked_reward,0.1,stats_only,83,9,0.37185929648241206,3fc57047e5bb19f94bb215d1fe348ae9bae9b992b918fb4e46532916901b1349,b772f382a96d5e3e6d35cb588168089ce7abe0a929f721046035c9a0ccc7ca15,0.020378349434074634,8.881784197001252e-16
flywire_783_mb_left_kc512_s702,544,spectral,fly,3,yoked_reward,0.1,coefficients_only,83,9,0.4371859296482412,3fc57047e5bb19f94bb215d1fe348ae9bae9b992b918fb4e46532916901b1349,56727bf2fb271ac15cb30e4d3586cf04741a151ff521a7543b3a69ba4547ab33,0.020378349434074634,8.881784197001252e-16
flywire_783_mb_left_kc512_s702,544,spectral,fly,3,yoked_reward,0.1,full_refit,83,9,0.4371859296482412,3fc57047e5bb19f94bb215d1fe348ae9bae9b992b918fb4e46532916901b1349,c7bad8e11457a066c2d387132777abbcb1c792633be73aee33e7133538d75436,0.020378349434074634,8.881784197001252e-16
flywire_783_mb_left_kc512_s702,544,spectral,fly,3,yoked_reward,0.3,fixed,83,0,0.21608040201005024,77d5e96a377c1e4c73a00bc913951420ef8fa14a5021ddc2b4e179fea25264f6,1967b3e5c03f15008f8c2e30a257a48bc8d54d8d7a9774b92342073832651a5c,0.0611350483022239,1.3322676295501878e-15
flywire_783_mb_left_kc512_s702,544,spectral,fly,3,yoked_reward,0.3,stats_only,83,5,0.27638190954773867,77d5e96a377c1e4c73a00bc913951420ef8fa14a5021ddc2b4e179fea25264f6,47d77738e2f3efbd77b351abbbcd7783e379c2552c5a15a741d318975c0ef0b1,0.0611350483022239,1.3322676295501878e-15
flywire_783_mb_left_kc512_s702,544,spectral,fly,3,yoked_reward,0.3,coefficients_only,83,9,0.4371859296482412,77d5e96a377c1e4c73a00bc913951420ef8fa14a5021ddc2b4e179fea25264f6,03dcf2f3057354a0a93f2fc93371fc1d1a0e074171b36572e876beea748b6982,0.0611350483022239,1.3322676295501878e-15
flywire_783_mb_left_kc512_s702,544,spectral,fly,3,yoked_reward,0.3,full_refit,83,9,0.4371859296482412,77d5e96a377c1e4c73a00bc913951420ef8fa14a5021ddc2b4e179fea25264f6,151f99f1fd3805b09871d203d341d62dcfa0857fd0cff9cf45776e28ccef9e63,0.0611350483022239,1.3322676295501878e-15
flywire_783_mb_left_kc512_s702,544,spectral,fly,3,yoked_reward,1.0,fixed,83,0,0.18090452261306533,38ecd21849ed3247635d6523ddf0479003db0ae6c1b6151dd256cf452895d5d3,1967b3e5c03f15008f8c2e30a257a48bc8d54d8d7a9774b92342073832651a5c,0.20378349434074639,3.1086244689504383e-15
flywire_783_mb_left_kc512_s702,544,spectral,fly,3,yoked_reward,1.0,stats_only,83,1,0.1658291457286432,38ecd21849ed3247635d6523ddf0479003db0ae6c1b6151dd256cf452895d5d3,aee7aebd63acecc2586f5db5a66efc0d26b15f72451ab9e175e621336ef116cd,0.20378349434074639,3.1086244689504383e-15
flywire_783_mb_left_kc512_s702,544,spectral,fly,3,yoked_reward,1.0,coefficients_only,83,6,0.39195979899497485,38ecd21849ed3247635d6523ddf0479003db0ae6c1b6151dd256cf452895d5d3,9072fbab51fb9668221efa16d1d090715c0a6acf16cae453111dc8d319254141,0.20378349434074639,3.1086244689504383e-15
flywire_783_mb_left_kc512_s702,544,spectral,fly,3,yoked_reward,1.0,full_refit,83,6,0.3969849246231156,38ecd21849ed3247635d6523ddf0479003db0ae6c1b6151dd256cf452895d5d3,ee19c43f90551c925c4f75b711d0da43480dc2b7219fa2975b7832494171984c,0.20378349434074639,3.1086244689504383e-15
flywire_783_mb_left_kc512_s702,544,spectral,role_shuffled,0,reward_trace,0.0,fixed,84,10,0.4472361809045226,88244cfe6ef3db72f756947fe62ff801e61eee278cf857b5f6e826583e6d0c1f,3cb3c4130c3157b15f47d2acfcc34d4c47d651431684a4f448f7afdb9fcd5034,0.0,0.0
flywire_783_mb_left_kc512_s702,544,spectral,role_shuffled,0,reward_trace,0.0,stats_only,84,10,0.4472361809045226,88244cfe6ef3db72f756947fe62ff801e61eee278cf857b5f6e826583e6d0c1f,3cb3c4130c3157b15f47d2acfcc34d4c47d651431684a4f448f7afdb9fcd5034,0.0,0.0
flywire_783_mb_left_kc512_s702,544,spectral,role_shuffled,0,reward_trace,0.0,coefficients_only,84,10,0.4472361809045226,88244cfe6ef3db72f756947fe62ff801e61eee278cf857b5f6e826583e6d0c1f,3cb3c4130c3157b15f47d2acfcc34d4c47d651431684a4f448f7afdb9fcd5034,0.0,0.0
flywire_783_mb_left_kc512_s702,544,spectral,role_shuffled,0,reward_trace,0.0,full_refit,84,10,0.4472361809045226,88244cfe6ef3db72f756947fe62ff801e61eee278cf857b5f6e826583e6d0c1f,3cb3c4130c3157b15f47d2acfcc34d4c47d651431684a4f448f7afdb9fcd5034,0.0,0.0
flywire_783_mb_left_kc512_s702,544,spectral,role_shuffled,0,reward_trace,0.01,fixed,84,10,0.44221105527638194,e543ab8949093ef929b13c69d2b8e833c33be59b3e5d06e7b3b25f56a44ae8f6,3cb3c4130c3157b15f47d2acfcc34d4c47d651431684a4f448f7afdb9fcd5034,0.002174658883761844,4.440892098500626e-16
flywire_783_mb_left_kc512_s702,544,spectral,role_shuffled,0,reward_trace,0.01,stats_only,84,10,0.44221105527638194,e543ab8949093ef929b13c69d2b8e833c33be59b3e5d06e7b3b25f56a44ae8f6,c6678393a828b69a9b11e90a67d299e57874f75eefc0052e1750e00e995aea51,0.002174658883761844,4.440892098500626e-16
flywire_783_mb_left_kc512_s702,544,spectral,role_shuffled,0,reward_trace,0.01,coefficients_only,84,10,0.4472361809045226,e543ab8949093ef929b13c69d2b8e833c33be59b3e5d06e7b3b25f56a44ae8f6,a58b56f0b064a58623f409f3f0864851e58665604a8cd01e5afe87dea672cc3d,0.002174658883761844,4.440892098500626e-16
flywire_783_mb_left_kc512_s702,544,spectral,role_shuffled,0,reward_trace,0.01,full_refit,84,10,0.4472361809045226,e543ab8949093ef929b13c69d2b8e833c33be59b3e5d06e7b3b25f56a44ae8f6,28b5a7980a6458fe3dd86b703425fd3e4a4a6b6a141e983b67f2ba9c2bd75429,0.002174658883761844,4.440892098500626e-16
flywire_783_mb_left_kc512_s702,544,spectral,role_shuffled,0,reward_trace,0.03,fixed,84,10,0.4321608040201005,64ded7ccd885bde09e39637a0a11c573ed0c3af38a2d2fa923806051addea4b4,3cb3c4130c3157b15f47d2acfcc34d4c47d651431684a4f448f7afdb9fcd5034,0.006523976651285535,4.440892098500626e-16
flywire_783_mb_left_kc512_s702,544,spectral,role_shuffled,0,reward_trace,0.03,stats_only,84,10,0.44221105527638194,64ded7ccd885bde09e39637a0a11c573ed0c3af38a2d2fa923806051addea4b4,723fd745ccd7f171b43192fcd133237a5a047f9bb4d1c9866dff82aced8d9e99,0.006523976651285535,4.440892098500626e-16
flywire_783_mb_left_kc512_s702,544,spectral,role_shuffled,0,reward_trace,0.03,coefficients_only,84,10,0.457286432160804,64ded7ccd885bde09e39637a0a11c573ed0c3af38a2d2fa923806051addea4b4,f4246479ee4551f4e57e65efca22420979878089c4be552bebeb2c15e66012ce,0.006523976651285535,4.440892098500626e-16
flywire_783_mb_left_kc512_s702,544,spectral,role_shuffled,0,reward_trace,0.03,full_refit,84,10,0.457286432160804,64ded7ccd885bde09e39637a0a11c573ed0c3af38a2d2fa923806051addea4b4,b37b7301e5b579f2d07c91cab51c96a45880ea08fc7d2093e74ec33c52fcd6cc,0.006523976651285535,4.440892098500626e-16
flywire_783_mb_left_kc512_s702,544,spectral,role_shuffled,0,reward_trace,0.1,fixed,84,10,0.3869346733668342,e0261a1cdf3b655adb155283bb51364b112e9e370e68d56b3e1ecdd42953ce25,3cb3c4130c3157b15f47d2acfcc34d4c47d651431684a4f448f7afdb9fcd5034,0.021746588837618444,6.661338147750939e-16
flywire_783_mb_left_kc512_s702,544,spectral,role_shuffled,0,reward_trace,0.1,stats_only,84,10,0.4221105527638191,e0261a1cdf3b655adb155283bb51364b112e9e370e68d56b3e1ecdd42953ce25,ac4891979885eaba8806fb980303576dda6270e5c040a3247d2c81b9f8d34eb0,0.021746588837618444,6.661338147750939e-16
flywire_783_mb_left_kc512_s702,544,spectral,role_shuffled,0,reward_trace,0.1,coefficients_only,84,10,0.4723618090452261,e0261a1cdf3b655adb155283bb51364b112e9e370e68d56b3e1ecdd42953ce25,4d0b32c4e4c879fc841d80b94a2abbd21927446e1de96af2cd55d023e499de47,0.021746588837618444,6.661338147750939e-16
flywire_783_mb_left_kc512_s702,544,spectral,role_shuffled,0,reward_trace,0.1,full_refit,84,10,0.46733668341708545,e0261a1cdf3b655adb155283bb51364b112e9e370e68d56b3e1ecdd42953ce25,cc734708ab941ccc305fcdc09e8c6849ad60d5d9c4a8b60f0d5997175ecf421e,0.021746588837618444,6.661338147750939e-16
flywire_783_mb_left_kc512_s702,544,spectral,role_shuffled,0,reward_trace,0.3,fixed,84,0,0.3316582914572864,d3db2e9b7a7a61794082f6694b2eb987cfdaedc3b0c6751ca63db96377b23f48,3cb3c4130c3157b15f47d2acfcc34d4c47d651431684a4f448f7afdb9fcd5034,0.06523976651285532,1.3322676295501878e-15
flywire_783_mb_left_kc512_s702,544,spectral,role_shuffled,0,reward_trace,0.3,stats_only,84,0,0.31155778894472363,d3db2e9b7a7a61794082f6694b2eb987cfdaedc3b0c6751ca63db96377b23f48,a17c40207a02fc2f2511350ecddba5e8115eb39922afc0009650743f69849234,0.06523976651285532,1.3322676295501878e-15
flywire_783_mb_left_kc512_s702,544,spectral,role_shuffled,0,reward_trace,0.3,coefficients_only,84,10,0.47738693467336685,d3db2e9b7a7a61794082f6694b2eb987cfdaedc3b0c6751ca63db96377b23f48,98d87ce5662f709a18549bf3288544bc0942792450d44a5ea0a176b0d397e4d1,0.06523976651285532,1.3322676295501878e-15
flywire_783_mb_left_kc512_s702,544,spectral,role_shuffled,0,reward_trace,0.3,full_refit,84,10,0.47738693467336685,d3db2e9b7a7a61794082f6694b2eb987cfdaedc3b0c6751ca63db96377b23f48,e2c7edd0c6f639fa99058045655a1e950686ce5ab09f7b20250a8f1d32036d4f,0.06523976651285532,1.3322676295501878e-15
flywire_783_mb_left_kc512_s702,544,spectral,role_shuffled,0,reward_trace,1.0,fixed,84,0,0.24623115577889448,30c6e036c843c19fc8c85d90c0d4a1a665e3c5dae0f82e27f898d0f14cd3d5bf,3cb3c4130c3157b15f47d2acfcc34d4c47d651431684a4f448f7afdb9fcd5034,0.21746588837618444,3.1086244689504383e-15
flywire_783_mb_left_kc512_s702,544,spectral,role_shuffled,0,reward_trace,1.0,stats_only,84,0,0.24120603015075376,30c6e036c843c19fc8c85d90c0d4a1a665e3c5dae0f82e27f898d0f14cd3d5bf,e2c6a44ee7877cad67ca27208f2bfc364a0d05f1e44198558c6f81d2e4484acd,0.21746588837618444,3.1086244689504383e-15
flywire_783_mb_left_kc512_s702,544,spectral,role_shuffled,0,reward_trace,1.0,coefficients_only,84,6,0.4321608040201005,30c6e036c843c19fc8c85d90c0d4a1a665e3c5dae0f82e27f898d0f14cd3d5bf,08f86c6a95373fde83f91ff672870158b01ee6d39eee406274383df6a1210589,0.21746588837618444,3.1086244689504383e-15
flywire_783_mb_left_kc512_s702,544,spectral,role_shuffled,0,reward_trace,1.0,full_refit,84,6,0.4371859296482412,30c6e036c843c19fc8c85d90c0d4a1a665e3c5dae0f82e27f898d0f14cd3d5bf,053dee8cacf383e4dad94f8f75e4e0f6ef0249c0e01b34f60577067ceaae4ead,0.21746588837618444,3.1086244689504383e-15
flywire_783_mb_left_kc512_s702,544,spectral,role_shuffled,0,yoked_reward,0.0,fixed,85,10,0.4472361809045226,88244cfe6ef3db72f756947fe62ff801e61eee278cf857b5f6e826583e6d0c1f,3cb3c4130c3157b15f47d2acfcc34d4c47d651431684a4f448f7afdb9fcd5034,0.0,0.0
flywire_783_mb_left_kc512_s702,544,spectral,role_shuffled,0,yoked_reward,0.0,stats_only,85,10,0.4472361809045226,88244cfe6ef3db72f756947fe62ff801e61eee278cf857b5f6e826583e6d0c1f,3cb3c4130c3157b15f47d2acfcc34d4c47d651431684a4f448f7afdb9fcd5034,0.0,0.0
flywire_783_mb_left_kc512_s702,544,spectral,role_shuffled,0,yoked_reward,0.0,coefficients_only,85,10,0.4472361809045226,88244cfe6ef3db72f756947fe62ff801e61eee278cf857b5f6e826583e6d0c1f,3cb3c4130c3157b15f47d2acfcc34d4c47d651431684a4f448f7afdb9fcd5034,0.0,0.0
flywire_783_mb_left_kc512_s702,544,spectral,role_shuffled,0,yoked_reward,0.0,full_refit,85,10,0.4472361809045226,88244cfe6ef3db72f756947fe62ff801e61eee278cf857b5f6e826583e6d0c1f,3cb3c4130c3157b15f47d2acfcc34d4c47d651431684a4f448f7afdb9fcd5034,0.0,0.0
flywire_783_mb_left_kc512_s702,544,spectral,role_shuffled,0,yoked_reward,0.01,fixed,85,10,0.4371859296482412,a0b91b1797de34a38b4e8a729c9262fe01f35b9f04bcd0e07abce208703ff1a4,3cb3c4130c3157b15f47d2acfcc34d4c47d651431684a4f448f7afdb9fcd5034,0.0025322458675420523,4.440892098500626e-16
flywire_783_mb_left_kc512_s702,544,spectral,role_shuffled,0,yoked_reward,0.01,stats_only,85,10,0.4472361809045226,a0b91b1797de34a38b4e8a729c9262fe01f35b9f04bcd0e07abce208703ff1a4,b96306b6055b772fcfc3b0e4161927332d1932d219ea27e274f1190b2b6ec296,0.0025322458675420523,4.440892098500626e-16
flywire_783_mb_left_kc512_s702,544,spectral,role_shuffled,0,yoked_reward,0.01,coefficients_only,85,10,0.4472361809045226,a0b91b1797de34a38b4e8a729c9262fe01f35b9f04bcd0e07abce208703ff1a4,49904f062f5080b76f74d09a5491b84c79dcdd355527806578e4e54a05791467,0.0025322458675420523,4.440892098500626e-16
flywire_783_mb_left_kc512_s702,544,spectral,role_shuffled,0,yoked_reward,0.01,full_refit,85,10,0.4472361809045226,a0b91b1797de34a38b4e8a729c9262fe01f35b9f04bcd0e07abce208703ff1a4,23c70d2261242c9b9ae6444fc71d2dfd65be6a2873956cc325c43df69e7e68b6,0.0025322458675420523,4.440892098500626e-16
flywire_783_mb_left_kc512_s702,544,spectral,role_shuffled,0,yoked_reward,0.03,fixed,85,6,0.4221105527638191,552e759747779da6742eb1c4ca65a1ace2917ee3da35d823da5598599c5eb298,3cb3c4130c3157b15f47d2acfcc34d4c47d651431684a4f448f7afdb9fcd5034,0.007596737602626156,4.440892098500626e-16
flywire_783_mb_left_kc512_s702,544,spectral,role_shuffled,0,yoked_reward,0.03,stats_only,85,10,0.44221105527638194,552e759747779da6742eb1c4ca65a1ace2917ee3da35d823da5598599c5eb298,863f912d9e580e4da93ba0f177b331ca9cdb15cfcd7cf22b5d7d4dba0476e06e,0.007596737602626156,4.440892098500626e-16
flywire_783_mb_left_kc512_s702,544,spectral,role_shuffled,0,yoked_reward,0.03,coefficients_only,85,10,0.4472361809045226,552e759747779da6742eb1c4ca65a1ace2917ee3da35d823da5598599c5eb298,f33cd4135c12070ecfac6f0487b3cc90512ce98976f0285e2a54956c9365485c,0.007596737602626156,4.440892098500626e-16
flywire_783_mb_left_kc512_s702,544,spectral,role_shuffled,0,yoked_reward,0.03,full_refit,85,10,0.4472361809045226,552e759747779da6742eb1c4ca65a1ace2917ee3da35d823da5598599c5eb298,ad377a0385d5dc15d26ea037c60f01e0ab3e7e80f2243a3b26d3a9c7b977be4e,0.007596737602626156,4.440892098500626e-16
flywire_783_mb_left_kc512_s702,544,spectral,role_shuffled,0,yoked_reward,0.1,fixed,85,6,0.3065326633165829,dc3debe2f948c91ddebb93a23d7161616564d17a80cea0e4e8b4e48043741dbf,3cb3c4130c3157b15f47d2acfcc34d4c47d651431684a4f448f7afdb9fcd5034,0.02532245867542052,8.881784197001252e-16
flywire_783_mb_left_kc512_s702,544,spectral,role_shuffled,0,yoked_reward,0.1,stats_only,85,6,0.3768844221105528,dc3debe2f948c91ddebb93a23d7161616564d17a80cea0e4e8b4e48043741dbf,516282a36b9733656a4f5aa7735ff7d64312dd0b54d9c7149b4254c8ab877c7d,0.02532245867542052,8.881784197001252e-16
flywire_783_mb_left_kc512_s702,544,spectral,role_shuffled,0,yoked_reward,0.1,coefficients_only,85,10,0.44221105527638194,dc3debe2f948c91ddebb93a23d7161616564d17a80cea0e4e8b4e48043741dbf,150abb1867c3392335978089e5cbbb2ced577ff839055adab74601905e6a4357,0.02532245867542052,8.881784197001252e-16
flywire_783_mb_left_kc512_s702,544,spectral,role_shuffled,0,yoked_reward,0.1,full_refit,85,10,0.44221105527638194,dc3debe2f948c91ddebb93a23d7161616564d17a80cea0e4e8b4e48043741dbf,f4ba7080a4f380bb3e5f03b9dd3c2840cd0c17dd716fbcff99e758326b384516,0.02532245867542052,8.881784197001252e-16
flywire_783_mb_left_kc512_s702,544,spectral,role_shuffled,0,yoked_reward,0.3,fixed,85,1,0.23115577889447236,d7b7c9e0323aad89c31e5af3474de3aa5ba796f7080c772ca9899d593fb4debf,3cb3c4130c3157b15f47d2acfcc34d4c47d651431684a4f448f7afdb9fcd5034,0.07596737602626157,1.3322676295501878e-15
flywire_783_mb_left_kc512_s702,544,spectral,role_shuffled,0,yoked_reward,0.3,stats_only,85,1,0.2964824120603015,d7b7c9e0323aad89c31e5af3474de3aa5ba796f7080c772ca9899d593fb4debf,da8a680480142b72aa6bc19581fc87b7938b71ac83db3d8134686d5b0fbebbfc,0.07596737602626157,1.3322676295501878e-15
flywire_783_mb_left_kc512_s702,544,spectral,role_shuffled,0,yoked_reward,0.3,coefficients_only,85,10,0.44221105527638194,d7b7c9e0323aad89c31e5af3474de3aa5ba796f7080c772ca9899d593fb4debf,e3e2e459e1514707dae036a03e7a5776446cf88aad8c021a0e48f749e74b2dd6,0.07596737602626157,1.3322676295501878e-15
flywire_783_mb_left_kc512_s702,544,spectral,role_shuffled,0,yoked_reward,0.3,full_refit,85,10,0.44221105527638194,d7b7c9e0323aad89c31e5af3474de3aa5ba796f7080c772ca9899d593fb4debf,6661df63a98dae9978a9903529afbae72761de8cdc58488d74e253c4b22ddd50,0.07596737602626157,1.3322676295501878e-15
flywire_783_mb_left_kc512_s702,544,spectral,role_shuffled,0,yoked_reward,1.0,fixed,85,1,0.135678391959799,8273c183aedf71446ae621d88fa1dc8e17ff26c4b21e55377db41e36fe46a1ac,3cb3c4130c3157b15f47d2acfcc34d4c47d651431684a4f448f7afdb9fcd5034,0.25322458675420517,3.9968028886505635e-15
flywire_783_mb_left_kc512_s702,544,spectral,role_shuffled,0,yoked_reward,1.0,stats_only,85,1,0.15577889447236182,8273c183aedf71446ae621d88fa1dc8e17ff26c4b21e55377db41e36fe46a1ac,97d3241c17b187b30cdc7df82f71312650b12dab2f536a43a5ce8aace0d60b7a,0.25322458675420517,3.9968028886505635e-15
flywire_783_mb_left_kc512_s702,544,spectral,role_shuffled,0,yoked_reward,1.0,coefficients_only,85,10,0.45226130653266333,8273c183aedf71446ae621d88fa1dc8e17ff26c4b21e55377db41e36fe46a1ac,7af550ca62da6743a14fde9fafbfbf4c2f3c5f3a9a61543640c46c126756eaed,0.25322458675420517,3.9968028886505635e-15
flywire_783_mb_left_kc512_s702,544,spectral,role_shuffled,0,yoked_reward,1.0,full_refit,85,10,0.4371859296482412,8273c183aedf71446ae621d88fa1dc8e17ff26c4b21e55377db41e36fe46a1ac,a31aefe1eff793d718890265c68fe602487e1ca32c9be539293e58d511580645,0.25322458675420517,3.9968028886505635e-15
flywire_783_mb_left_kc512_s702,544,spectral,role_shuffled,3,reward_trace,0.0,fixed,86,10,0.4472361809045226,88244cfe6ef3db72f756947fe62ff801e61eee278cf857b5f6e826583e6d0c1f,3cb3c4130c3157b15f47d2acfcc34d4c47d651431684a4f448f7afdb9fcd5034,0.0,0.0
flywire_783_mb_left_kc512_s702,544,spectral,role_shuffled,3,reward_trace,0.0,stats_only,86,10,0.4472361809045226,88244cfe6ef3db72f756947fe62ff801e61eee278cf857b5f6e826583e6d0c1f,3cb3c4130c3157b15f47d2acfcc34d4c47d651431684a4f448f7afdb9fcd5034,0.0,0.0
flywire_783_mb_left_kc512_s702,544,spectral,role_shuffled,3,reward_trace,0.0,coefficients_only,86,10,0.4472361809045226,88244cfe6ef3db72f756947fe62ff801e61eee278cf857b5f6e826583e6d0c1f,3cb3c4130c3157b15f47d2acfcc34d4c47d651431684a4f448f7afdb9fcd5034,0.0,0.0
flywire_783_mb_left_kc512_s702,544,spectral,role_shuffled,3,reward_trace,0.0,full_refit,86,10,0.4472361809045226,88244cfe6ef3db72f756947fe62ff801e61eee278cf857b5f6e826583e6d0c1f,3cb3c4130c3157b15f47d2acfcc34d4c47d651431684a4f448f7afdb9fcd5034,0.0,0.0
flywire_783_mb_left_kc512_s702,544,spectral,role_shuffled,3,reward_trace,0.01,fixed,86,10,0.457286432160804,4e797493e16d006bf1baac87dbe600dd484f15c9b716a0ca11da21c329c955a4,3cb3c4130c3157b15f47d2acfcc34d4c47d651431684a4f448f7afdb9fcd5034,0.002885423057256581,4.440892098500626e-16
flywire_783_mb_left_kc512_s702,544,spectral,role_shuffled,3,reward_trace,0.01,stats_only,86,10,0.457286432160804,4e797493e16d006bf1baac87dbe600dd484f15c9b716a0ca11da21c329c955a4,4e9bbd3a24d8bc67bb5af51817f1e7439a991cc89fa85fe65d6a8b325d9398e9,0.002885423057256581,4.440892098500626e-16
flywire_783_mb_left_kc512_s702,544,spectral,role_shuffled,3,reward_trace,0.01,coefficients_only,86,10,0.4472361809045226,4e797493e16d006bf1baac87dbe600dd484f15c9b716a0ca11da21c329c955a4,bc08cb088eb1c4cde39084d666ddbf6ba2357ce3033c8f153da3d052c5dd5bc5,0.002885423057256581,4.440892098500626e-16
flywire_783_mb_left_kc512_s702,544,spectral,role_shuffled,3,reward_trace,0.01,full_refit,86,10,0.4472361809045226,4e797493e16d006bf1baac87dbe600dd484f15c9b716a0ca11da21c329c955a4,37a9e6acf3c1ddd65bd3a6366528560207328fefb64f8414eeb4c842ad8771f1,0.002885423057256581,4.440892098500626e-16
flywire_783_mb_left_kc512_s702,544,spectral,role_shuffled,3,reward_trace,0.03,fixed,86,10,0.4321608040201005,5f176f748a922b7f128bdea72d06d4aba3a762a8a03a65b59d130f3bef4e51db,3cb3c4130c3157b15f47d2acfcc34d4c47d651431684a4f448f7afdb9fcd5034,0.008656269171769749,4.440892098500626e-16
flywire_783_mb_left_kc512_s702,544,spectral,role_shuffled,3,reward_trace,0.03,stats_only,86,10,0.4472361809045226,5f176f748a922b7f128bdea72d06d4aba3a762a8a03a65b59d130f3bef4e51db,a32d109a62aaa15e11018ff3169f28fd366dc7371930f8cf8c3fc8e0daf829cb,0.008656269171769749,4.440892098500626e-16
flywire_783_mb_left_kc512_s702,544,spectral,role_shuffled,3,reward_trace,0.03,coefficients_only,86,10,0.45226130653266333,5f176f748a922b7f128bdea72d06d4aba3a762a8a03a65b59d130f3bef4e51db,782038b7b616c33b4d61202969f6eadbad27605d5087538442e3588e817b2b5f,0.008656269171769749,4.440892098500626e-16
flywire_783_mb_left_kc512_s702,544,spectral,role_shuffled,3,reward_trace,0.03,full_refit,86,10,0.45226130653266333,5f176f748a922b7f128bdea72d06d4aba3a762a8a03a65b59d130f3bef4e51db,35e106677d7dcc40dedac429bfbba8d211b8b21f14912ab52690a7d5d4058893,0.008656269171769749,4.440892098500626e-16
flywire_783_mb_left_kc512_s702,544,spectral,role_shuffled,3,reward_trace,0.1,fixed,86,2,0.3417085427135678,f397ce9473c7f71176c810f4d9778e1fd4252c040abb15ea240ccf779e6cd916,3cb3c4130c3157b15f47d2acfcc34d4c47d651431684a4f448f7afdb9fcd5034,0.028854230572565837,8.881784197001252e-16
flywire_783_mb_left_kc512_s702,544,spectral,role_shuffled,3,reward_trace,0.1,stats_only,86,5,0.37185929648241206,f397ce9473c7f71176c810f4d9778e1fd4252c040abb15ea240ccf779e6cd916,6dadee6a6e6c7ea8855657c8b9d4c5efb7834890d2949a5c9bb10b2e535ba686,0.028854230572565837,8.881784197001252e-16
flywire_783_mb_left_kc512_s702,544,spectral,role_shuffled,3,reward_trace,0.1,coefficients_only,86,10,0.46733668341708545,f397ce9473c7f71176c810f4d9778e1fd4252c040abb15ea240ccf779e6cd916,fa3a8413b7b8b9759c5646ddb0a22aaa17c38a3f4fc55b2984abbe267559df16,0.028854230572565837,8.881784197001252e-16
flywire_783_mb_left_kc512_s702,544,spectral,role_shuffled,3,reward_trace,0.1,full_refit,86,10,0.4623115577889447,f397ce9473c7f71176c810f4d9778e1fd4252c040abb15ea240ccf779e6cd916,dc9d716fb3fa34a7bc73a91beb16410eafb67e12071dad0fa501ddd0bfa31056,0.028854230572565837,8.881784197001252e-16
flywire_783_mb_left_kc512_s702,544,spectral,role_shuffled,3,reward_trace,0.3,fixed,86,0,0.2562814070351759,d5b0a0d85d6356676cd6a9a3cff144edb727a4769616bcfa61a7e8f925b75146,3cb3c4130c3157b15f47d2acfcc34d4c47d651431684a4f448f7afdb9fcd5034,0.0865626917176975,1.3322676295501878e-15
flywire_783_mb_left_kc512_s702,544,spectral,role_shuffled,3,reward_trace,0.3,stats_only,86,0,0.2914572864321608,d5b0a0d85d6356676cd6a9a3cff144edb727a4769616bcfa61a7e8f925b75146,1e7430dadd4f68076d1bd23d02082569ae1f99a9a1d9709733da4a5b4eebf756,0.0865626917176975,1.3322676295501878e-15
flywire_783_mb_left_kc512_s702,544,spectral,role_shuffled,3,reward_trace,0.3,coefficients_only,86,9,0.4623115577889447,d5b0a0d85d6356676cd6a9a3cff144edb727a4769616bcfa61a7e8f925b75146,ede1a02d91ffb9fb2fcc296ea2cef5aebb8e6838ce7860404a18aeab1bd4c4ad,0.0865626917176975,1.3322676295501878e-15
flywire_783_mb_left_kc512_s702,544,spectral,role_shuffled,3,reward_trace,0.3,full_refit,86,9,0.457286432160804,d5b0a0d85d6356676cd6a9a3cff144edb727a4769616bcfa61a7e8f925b75146,7a67f313f4e412adb84afa00843d7fe3586eaa1606ed30a33d1c4c9e8829f195,0.0865626917176975,1.3322676295501878e-15
flywire_783_mb_left_kc512_s702,544,spectral,role_shuffled,3,reward_trace,1.0,fixed,86,0,0.19095477386934673,c9e9af6d1f39aa94dca03ce5b380e61545e553ad3b78796eec8157afa3524c1d,3cb3c4130c3157b15f47d2acfcc34d4c47d651431684a4f448f7afdb9fcd5034,0.2885423057256583,3.9968028886505635e-15
flywire_783_mb_left_kc512_s702,544,spectral,role_shuffled,3,reward_trace,1.0,stats_only,86,0,0.23115577889447236,c9e9af6d1f39aa94dca03ce5b380e61545e553ad3b78796eec8157afa3524c1d,15158d8ea10f1caabf98cff15f58caa889fd8109ffed745a16ec7e5ab202fbdc,0.2885423057256583,3.9968028886505635e-15
flywire_783_mb_left_kc512_s702,544,spectral,role_shuffled,3,reward_trace,1.0,coefficients_only,86,9,0.457286432160804,c9e9af6d1f39aa94dca03ce5b380e61545e553ad3b78796eec8157afa3524c1d,8dd73cc5fc2b104b648869fe153023f90576f412a037a9cc295b7ce7423ac361,0.2885423057256583,3.9968028886505635e-15
flywire_783_mb_left_kc512_s702,544,spectral,role_shuffled,3,reward_trace,1.0,full_refit,86,9,0.45226130653266333,c9e9af6d1f39aa94dca03ce5b380e61545e553ad3b78796eec8157afa3524c1d,19ae085532701a68bb13933f5efd691152e4fdab70f56994d186321d4cb29878,0.2885423057256583,3.9968028886505635e-15
flywire_783_mb_left_kc512_s702,544,spectral,role_shuffled,3,yoked_reward,0.0,fixed,87,10,0.4472361809045226,88244cfe6ef3db72f756947fe62ff801e61eee278cf857b5f6e826583e6d0c1f,3cb3c4130c3157b15f47d2acfcc34d4c47d651431684a4f448f7afdb9fcd5034,0.0,0.0
flywire_783_mb_left_kc512_s702,544,spectral,role_shuffled,3,yoked_reward,0.0,stats_only,87,10,0.4472361809045226,88244cfe6ef3db72f756947fe62ff801e61eee278cf857b5f6e826583e6d0c1f,3cb3c4130c3157b15f47d2acfcc34d4c47d651431684a4f448f7afdb9fcd5034,0.0,0.0
flywire_783_mb_left_kc512_s702,544,spectral,role_shuffled,3,yoked_reward,0.0,coefficients_only,87,10,0.4472361809045226,88244cfe6ef3db72f756947fe62ff801e61eee278cf857b5f6e826583e6d0c1f,3cb3c4130c3157b15f47d2acfcc34d4c47d651431684a4f448f7afdb9fcd5034,0.0,0.0
flywire_783_mb_left_kc512_s702,544,spectral,role_shuffled,3,yoked_reward,0.0,full_refit,87,10,0.4472361809045226,88244cfe6ef3db72f756947fe62ff801e61eee278cf857b5f6e826583e6d0c1f,3cb3c4130c3157b15f47d2acfcc34d4c47d651431684a4f448f7afdb9fcd5034,0.0,0.0
flywire_783_mb_left_kc512_s702,544,spectral,role_shuffled,3,yoked_reward,0.01,fixed,87,10,0.44221105527638194,d763959ab25195933fed6dfa8d5fa647acd2179dc2fbc72a5b560f3b2298c81c,3cb3c4130c3157b15f47d2acfcc34d4c47d651431684a4f448f7afdb9fcd5034,0.0023087350438205307,8.881784197001252e-16
flywire_783_mb_left_kc512_s702,544,spectral,role_shuffled,3,yoked_reward,0.01,stats_only,87,10,0.4472361809045226,d763959ab25195933fed6dfa8d5fa647acd2179dc2fbc72a5b560f3b2298c81c,376560d6c830d5b277dc31c0824dc28b633002fbd023fb6ed958f56c16be39b3,0.0023087350438205307,8.881784197001252e-16
flywire_783_mb_left_kc512_s702,544,spectral,role_shuffled,3,yoked_reward,0.01,coefficients_only,87,10,0.4472361809045226,d763959ab25195933fed6dfa8d5fa647acd2179dc2fbc72a5b560f3b2298c81c,cdbe84e7ef8e5f6d9620de65dfb68afef0f9932612b882dc62e0f6b4273d1555,0.0023087350438205307,8.881784197001252e-16
flywire_783_mb_left_kc512_s702,544,spectral,role_shuffled,3,yoked_reward,0.01,full_refit,87,10,0.4472361809045226,d763959ab25195933fed6dfa8d5fa647acd2179dc2fbc72a5b560f3b2298c81c,449990503c999f3ad00008ed8025a919fe2293c0e9547fb122141c675becb558,0.0023087350438205307,8.881784197001252e-16
flywire_783_mb_left_kc512_s702,544,spectral,role_shuffled,3,yoked_reward,0.03,fixed,87,6,0.4371859296482412,5db07bc3e5998d3ebc17e19764bd6431e372c08990d09133abdda1d54562ef83,3cb3c4130c3157b15f47d2acfcc34d4c47d651431684a4f448f7afdb9fcd5034,0.006926205131461586,6.661338147750939e-16
flywire_783_mb_left_kc512_s702,544,spectral,role_shuffled,3,yoked_reward,0.03,stats_only,87,6,0.4321608040201005,5db07bc3e5998d3ebc17e19764bd6431e372c08990d09133abdda1d54562ef83,a89ca01cd2b9d99c951780b85cfc0dcbef405a7fd7f91b37f640dc64633b7ba8,0.006926205131461586,6.661338147750939e-16
flywire_783_mb_left_kc512_s702,544,spectral,role_shuffled,3,yoked_reward,0.03,coefficients_only,87,10,0.45226130653266333,5db07bc3e5998d3ebc17e19764bd6431e372c08990d09133abdda1d54562ef83,5f3becc01f29ccfec67dca80161e3c344301be7ae1ab1e5307deeede5e252fa8,0.006926205131461586,6.661338147750939e-16
flywire_783_mb_left_kc512_s702,544,spectral,role_shuffled,3,yoked_reward,0.03,full_refit,87,10,0.4472361809045226,5db07bc3e5998d3ebc17e19764bd6431e372c08990d09133abdda1d54562ef83,7cc91479dea7294144c767863666dfe85ed0aa2f78c308ce811ed88018f2c967,0.006926205131461586,6.661338147750939e-16
flywire_783_mb_left_kc512_s702,544,spectral,role_shuffled,3,yoked_reward,0.1,fixed,87,6,0.40703517587939697,a1ba1fd7d347665582556c1e566674d9a426b5b63254ff062e0d4a91d240cfa1,3cb3c4130c3157b15f47d2acfcc34d4c47d651431684a4f448f7afdb9fcd5034,0.023087350438205277,8.881784197001252e-16
flywire_783_mb_left_kc512_s702,544,spectral,role_shuffled,3,yoked_reward,0.1,stats_only,87,6,0.40703517587939697,a1ba1fd7d347665582556c1e566674d9a426b5b63254ff062e0d4a91d240cfa1,fc8be3b6552def7e5e49df672bb60ff926e3b0f1524e69d14f8daaf3e5053477,0.023087350438205277,8.881784197001252e-16
flywire_783_mb_left_kc512_s702,544,spectral,role_shuffled,3,yoked_reward,0.1,coefficients_only,87,10,0.45226130653266333,a1ba1fd7d347665582556c1e566674d9a426b5b63254ff062e0d4a91d240cfa1,b0455fd1811eb10d44843bd1276e25d4adef0e326d4190b934aba1ca3a639d87,0.023087350438205277,8.881784197001252e-16
flywire_783_mb_left_kc512_s702,544,spectral,role_shuffled,3,yoked_reward,0.1,full_refit,87,10,0.45226130653266333,a1ba1fd7d347665582556c1e566674d9a426b5b63254ff062e0d4a91d240cfa1,cb018d4dc179c5bfc148f154117ee231a7c3f30342261a098974677b41965bab,0.023087350438205277,8.881784197001252e-16
flywire_783_mb_left_kc512_s702,544,spectral,role_shuffled,3,yoked_reward,0.3,fixed,87,0,0.2613065326633166,3677303c31bbf2b2b8e73361a627b3a749280762f111ab6e6372a18851b1fb63,3cb3c4130c3157b15f47d2acfcc34d4c47d651431684a4f448f7afdb9fcd5034,0.06926205131461582,1.3322676295501878e-15
flywire_783_mb_left_kc512_s702,544,spectral,role_shuffled,3,yoked_reward,0.3,stats_only,87,0,0.2914572864321608,3677303c31bbf2b2b8e73361a627b3a749280762f111ab6e6372a18851b1fb63,11df46897812ef10673eb1f12b2734c4d0ee13e1e5d873285d3fb8e9a2e4cf7a,0.06926205131461582,1.3322676295501878e-15
flywire_783_mb_left_kc512_s702,544,spectral,role_shuffled,3,yoked_reward,0.3,coefficients_only,87,6,0.4371859296482412,3677303c31bbf2b2b8e73361a627b3a749280762f111ab6e6372a18851b1fb63,6a193bb848df2c27d6adef05b55f20442d3ebf3c57b8c37d0e0b049c5cb3c724,0.06926205131461582,1.3322676295501878e-15
flywire_783_mb_left_kc512_s702,544,spectral,role_shuffled,3,yoked_reward,0.3,full_refit,87,6,0.4371859296482412,3677303c31bbf2b2b8e73361a627b3a749280762f111ab6e6372a18851b1fb63,01b1708c73769c0ca4615a1d3cdefa0a51312e951ad007e6b0629e130cc5b013,0.06926205131461582,1.3322676295501878e-15
flywire_783_mb_left_kc512_s702,544,spectral,role_shuffled,3,yoked_reward,1.0,fixed,87,0,0.16080402010050251,bfe00861cb50389140a32caae6c2f7e439dcaafde7cabc29550022282eb7d0d0,3cb3c4130c3157b15f47d2acfcc34d4c47d651431684a4f448f7afdb9fcd5034,0.23087350438205279,3.552713678800501e-15
flywire_783_mb_left_kc512_s702,544,spectral,role_shuffled,3,yoked_reward,1.0,stats_only,87,0,0.1658291457286432,bfe00861cb50389140a32caae6c2f7e439dcaafde7cabc29550022282eb7d0d0,cd101b213704f7913e27c8e5ee4e996d9f2c5990b428325fc520cd8c6660c950,0.23087350438205279,3.552713678800501e-15
flywire_783_mb_left_kc512_s702,544,spectral,role_shuffled,3,yoked_reward,1.0,coefficients_only,87,5,0.4271356783919598,bfe00861cb50389140a32caae6c2f7e439dcaafde7cabc29550022282eb7d0d0,16f9076181ff2993db28b2a5f9b0ac823349b3c76e84e0d169b29d82c28c0a3e,0.23087350438205279,3.552713678800501e-15
flywire_783_mb_left_kc512_s702,544,spectral,role_shuffled,3,yoked_reward,1.0,full_refit,87,5,0.4271356783919598,bfe00861cb50389140a32caae6c2f7e439dcaafde7cabc29550022282eb7d0d0,d9097d9a69764ace361bfc680c10e3bb117bb47dae80bae15b290b8f9bb6cc2d,0.23087350438205279,3.552713678800501e-15
flywire_783_mb_left_kc512_s702,544,incoming_l1,fly,0,reward_trace,0.0,fixed,88,9,0.4271356783919598,b7e6183e2fa89b2dbe53ddbe059b4a1e8aba8103a525bb8586d9c109efd8c382,3cc763f2718680d4816d8581ced4896cb43b68d1ccb18d32ceaa54e298bcb0fa,0.0,0.0
flywire_783_mb_left_kc512_s702,544,incoming_l1,fly,0,reward_trace,0.0,stats_only,88,9,0.4271356783919598,b7e6183e2fa89b2dbe53ddbe059b4a1e8aba8103a525bb8586d9c109efd8c382,3cc763f2718680d4816d8581ced4896cb43b68d1ccb18d32ceaa54e298bcb0fa,0.0,0.0
flywire_783_mb_left_kc512_s702,544,incoming_l1,fly,0,reward_trace,0.0,coefficients_only,88,9,0.4271356783919598,b7e6183e2fa89b2dbe53ddbe059b4a1e8aba8103a525bb8586d9c109efd8c382,3cc763f2718680d4816d8581ced4896cb43b68d1ccb18d32ceaa54e298bcb0fa,0.0,0.0
flywire_783_mb_left_kc512_s702,544,incoming_l1,fly,0,reward_trace,0.0,full_refit,88,9,0.4271356783919598,b7e6183e2fa89b2dbe53ddbe059b4a1e8aba8103a525bb8586d9c109efd8c382,3cc763f2718680d4816d8581ced4896cb43b68d1ccb18d32ceaa54e298bcb0fa,0.0,0.0
flywire_783_mb_left_kc512_s702,544,incoming_l1,fly,0,reward_trace,0.01,fixed,88,6,0.41708542713567837,9f44bb7c2985b5eb2a4bbdc0b0d8597b8804a42cf631c3f9e6f8ae00793ae693,3cc763f2718680d4816d8581ced4896cb43b68d1ccb18d32ceaa54e298bcb0fa,0.0016657936674825675,3.3306690738754696e-16
flywire_783_mb_left_kc512_s702,544,incoming_l1,fly,0,reward_trace,0.01,stats_only,88,6,0.40703517587939697,9f44bb7c2985b5eb2a4bbdc0b0d8597b8804a42cf631c3f9e6f8ae00793ae693,192a2341647c97abe3135e11d3cd47b3572c54752ec690809238361d90f0ff9e,0.0016657936674825675,3.3306690738754696e-16
flywire_783_mb_left_kc512_s702,544,incoming_l1,fly,0,reward_trace,0.01,coefficients_only,88,9,0.4221105527638191,9f44bb7c2985b5eb2a4bbdc0b0d8597b8804a42cf631c3f9e6f8ae00793ae693,3b7d98fa9882188cbd64c6a69d4deeb9474a592ed1235b2e2322be29db9074bb,0.0016657936674825675,3.3306690738754696e-16
flywire_783_mb_left_kc512_s702,544,incoming_l1,fly,0,reward_trace,0.01,full_refit,88,9,0.4221105527638191,9f44bb7c2985b5eb2a4bbdc0b0d8597b8804a42cf631c3f9e6f8ae00793ae693,7ad6110f2a7924b761948eb24a9ac5850e285bc9c5f9336a12a2f13dfae3d71e,0.0016657936674825675,3.3306690738754696e-16
flywire_783_mb_left_kc512_s702,544,incoming_l1,fly,0,reward_trace,0.03,fixed,88,6,0.37185929648241206,ed98f4fe4cff86f3853d74d9193dcc4f0a1da51b812aaf2dc8d359def7c8d347,3cc763f2718680d4816d8581ced4896cb43b68d1ccb18d32ceaa54e298bcb0fa,0.00499738100244771,3.3306690738754696e-16
flywire_783_mb_left_kc512_s702,544,incoming_l1,fly,0,reward_trace,0.03,stats_only,88,6,0.40703517587939697,ed98f4fe4cff86f3853d74d9193dcc4f0a1da51b812aaf2dc8d359def7c8d347,58aa31f9184a539a030e06413b8a5a5df4d3f0fa47e301a7c5a93933f0775fec,0.00499738100244771,3.3306690738754696e-16
flywire_783_mb_left_kc512_s702,544,incoming_l1,fly,0,reward_trace,0.03,coefficients_only,88,9,0.4221105527638191,ed98f4fe4cff86f3853d74d9193dcc4f0a1da51b812aaf2dc8d359def7c8d347,ad1f2241fd964863b4b6a63edb2b0ee0aa35a80c3525277438fdd8baedb73d45,0.00499738100244771,3.3306690738754696e-16
flywire_783_mb_left_kc512_s702,544,incoming_l1,fly,0,reward_trace,0.03,full_refit,88,9,0.4221105527638191,ed98f4fe4cff86f3853d74d9193dcc4f0a1da51b812aaf2dc8d359def7c8d347,2500a80d929a50353d532301e987acdfeb94bde3df036bbf83ac1df988215dcc,0.00499738100244771,3.3306690738754696e-16
flywire_783_mb_left_kc512_s702,544,incoming_l1,fly,0,reward_trace,0.1,fixed,88,0,0.32160804020100503,e2a32427a0c17184d3cf0a193cfda959c5dabf89c04353e8209ecbb204c78bbb,3cc763f2718680d4816d8581ced4896cb43b68d1ccb18d32ceaa54e298bcb0fa,0.016657936674825687,3.3306690738754696e-16
flywire_783_mb_left_kc512_s702,544,incoming_l1,fly,0,reward_trace,0.1,stats_only,88,0,0.34673366834170855,e2a32427a0c17184d3cf0a193cfda959c5dabf89c04353e8209ecbb204c78bbb,9262763c45ff646a32cbe6c92e6690fe5ba32fab1dfc73b11371fb16b2ce265f,0.016657936674825687,3.3306690738754696e-16
flywire_783_mb_left_kc512_s702,544,incoming_l1,fly,0,reward_trace,0.1,coefficients_only,88,7,0.4120603015075377,e2a32427a0c17184d3cf0a193cfda959c5dabf89c04353e8209ecbb204c78bbb,519166e2e7f1e69217e93043ff885c27f5afdf62e07a6e296462b4da932b7e01,0.016657936674825687,3.3306690738754696e-16
flywire_783_mb_left_kc512_s702,544,incoming_l1,fly,0,reward_trace,0.1,full_refit,88,7,0.4120603015075377,e2a32427a0c17184d3cf0a193cfda959c5dabf89c04353e8209ecbb204c78bbb,555e10708d28a82ac86a221b5f13c0b8933942475a97df19130abdeb91222492,0.016657936674825687,3.3306690738754696e-16
flywire_783_mb_left_kc512_s702,544,incoming_l1,fly,0,reward_trace,0.3,fixed,88,0,0.25125628140703515,adb2a48adf30999be3636fdc8f55fd7d3933cfbc0a8554f053b62cd613e20587,3cc763f2718680d4816d8581ced4896cb43b68d1ccb18d32ceaa54e298bcb0fa,0.04997381002447707,3.3306690738754696e-16
flywire_783_mb_left_kc512_s702,544,incoming_l1,fly,0,reward_trace,0.3,stats_only,88,0,0.2814070351758794,adb2a48adf30999be3636fdc8f55fd7d3933cfbc0a8554f053b62cd613e20587,84fba5d4d000de4adf51a940cb78a9eef45b4719667592cb002369c1cd984fc5,0.04997381002447707,3.3306690738754696e-16
flywire_783_mb_left_kc512_s702,544,incoming_l1,fly,0,reward_trace,0.3,coefficients_only,88,7,0.41708542713567837,adb2a48adf30999be3636fdc8f55fd7d3933cfbc0a8554f053b62cd613e20587,d3a6271215667506e3918e946eb7000f65eb34f7b27953c63b1f6739d597bab6,0.04997381002447707,3.3306690738754696e-16
flywire_783_mb_left_kc512_s702,544,incoming_l1,fly,0,reward_trace,0.3,full_refit,88,7,0.4120603015075377,adb2a48adf30999be3636fdc8f55fd7d3933cfbc0a8554f053b62cd613e20587,de805bdb8d73c43675709afdc697993d3cecc3882cfbb1a8b5e3ad44bdd473d7,0.04997381002447707,3.3306690738754696e-16
flywire_783_mb_left_kc512_s702,544,incoming_l1,fly,0,reward_trace,1.0,fixed,88,0,0.20100502512562815,b2994b40cfe71097a3984686f022012129214f9dd0b96b4ac7429be990daed19,3cc763f2718680d4816d8581ced4896cb43b68d1ccb18d32ceaa54e298bcb0fa,0.1665793667482569,9.992007221626409e-16
flywire_783_mb_left_kc512_s702,544,incoming_l1,fly,0,reward_trace,1.0,stats_only,88,0,0.20100502512562815,b2994b40cfe71097a3984686f022012129214f9dd0b96b4ac7429be990daed19,e5c97dd5d9d2a45df24e483c3baed272472b4a74adae5b4e4183f1c5d463c46c,0.1665793667482569,9.992007221626409e-16
flywire_783_mb_left_kc512_s702,544,incoming_l1,fly,0,reward_trace,1.0,coefficients_only,88,5,0.3869346733668342,b2994b40cfe71097a3984686f022012129214f9dd0b96b4ac7429be990daed19,3893a28c26ff16afb980ec22a19c3ccd3051fe2f78e8a87e8c475e836bc49c8b,0.1665793667482569,9.992007221626409e-16
flywire_783_mb_left_kc512_s702,544,incoming_l1,fly,0,reward_trace,1.0,full_refit,88,5,0.38190954773869346,b2994b40cfe71097a3984686f022012129214f9dd0b96b4ac7429be990daed19,e52f9a0d4d32b9e540be293e98f54f1e73884be15956ed1285d71b99d01f98f8,0.1665793667482569,9.992007221626409e-16
flywire_783_mb_left_kc512_s702,544,incoming_l1,fly,0,yoked_reward,0.0,fixed,89,9,0.4271356783919598,b7e6183e2fa89b2dbe53ddbe059b4a1e8aba8103a525bb8586d9c109efd8c382,3cc763f2718680d4816d8581ced4896cb43b68d1ccb18d32ceaa54e298bcb0fa,0.0,0.0
flywire_783_mb_left_kc512_s702,544,incoming_l1,fly,0,yoked_reward,0.0,stats_only,89,9,0.4271356783919598,b7e6183e2fa89b2dbe53ddbe059b4a1e8aba8103a525bb8586d9c109efd8c382,3cc763f2718680d4816d8581ced4896cb43b68d1ccb18d32ceaa54e298bcb0fa,0.0,0.0
flywire_783_mb_left_kc512_s702,544,incoming_l1,fly,0,yoked_reward,0.0,coefficients_only,89,9,0.4271356783919598,b7e6183e2fa89b2dbe53ddbe059b4a1e8aba8103a525bb8586d9c109efd8c382,3cc763f2718680d4816d8581ced4896cb43b68d1ccb18d32ceaa54e298bcb0fa,0.0,0.0
flywire_783_mb_left_kc512_s702,544,incoming_l1,fly,0,yoked_reward,0.0,full_refit,89,9,0.4271356783919598,b7e6183e2fa89b2dbe53ddbe059b4a1e8aba8103a525bb8586d9c109efd8c382,3cc763f2718680d4816d8581ced4896cb43b68d1ccb18d32ceaa54e298bcb0fa,0.0,0.0
flywire_783_mb_left_kc512_s702,544,incoming_l1,fly,0,yoked_reward,0.01,fixed,89,6,0.4221105527638191,a805d51127f8a2ee75b5e5b18f1b6a380fd5e1c1de8c48fff78f10d34e31f084,3cc763f2718680d4816d8581ced4896cb43b68d1ccb18d32ceaa54e298bcb0fa,0.0021663978265651844,3.3306690738754696e-16
flywire_783_mb_left_kc512_s702,544,incoming_l1,fly,0,yoked_reward,0.01,stats_only,89,6,0.40703517587939697,a805d51127f8a2ee75b5e5b18f1b6a380fd5e1c1de8c48fff78f10d34e31f084,b8f36ad5403350c084148d2bd47dd6c5359412bac515b985fed47df98834e410,0.0021663978265651844,3.3306690738754696e-16
flywire_783_mb_left_kc512_s702,544,incoming_l1,fly,0,yoked_reward,0.01,coefficients_only,89,9,0.4221105527638191,a805d51127f8a2ee75b5e5b18f1b6a380fd5e1c1de8c48fff78f10d34e31f084,f680ce5849c0352bb57ed672bdc600d5e32736aa0825c6c9b92f188c06ba2df9,0.0021663978265651844,3.3306690738754696e-16
flywire_783_mb_left_kc512_s702,544,incoming_l1,fly,0,yoked_reward,0.01,full_refit,89,9,0.4271356783919598,a805d51127f8a2ee75b5e5b18f1b6a380fd5e1c1de8c48fff78f10d34e31f084,77b42e0384028659759aaa2dca6c9f5ff0a685b1cc73547309ba52785f0b9aac,0.0021663978265651844,3.3306690738754696e-16
flywire_783_mb_left_kc512_s702,544,incoming_l1,fly,0,yoked_reward,0.03,fixed,89,6,0.38190954773869346,7efdfd6a9458b44d498a25419a9416706b925451c89ae5475592f7c951e79b23,3cc763f2718680d4816d8581ced4896cb43b68d1ccb18d32ceaa54e298bcb0fa,0.00649919347969555,3.3306690738754696e-16
flywire_783_mb_left_kc512_s702,544,incoming_l1,fly,0,yoked_reward,0.03,stats_only,89,6,0.4020100502512563,7efdfd6a9458b44d498a25419a9416706b925451c89ae5475592f7c951e79b23,fbd628f319efe2902a5711ba1be9b457982e1ce6ef122bb110dd07e684117402,0.00649919347969555,3.3306690738754696e-16
flywire_783_mb_left_kc512_s702,544,incoming_l1,fly,0,yoked_reward,0.03,coefficients_only,89,9,0.4271356783919598,7efdfd6a9458b44d498a25419a9416706b925451c89ae5475592f7c951e79b23,bfc66130c1efeddc99c840d48a80ee8a54ef93b190f3b8b71b0111344402981b,0.00649919347969555,3.3306690738754696e-16
flywire_783_mb_left_kc512_s702,544,incoming_l1,fly,0,yoked_reward,0.03,full_refit,89,9,0.4271356783919598,7efdfd6a9458b44d498a25419a9416706b925451c89ae5475592f7c951e79b23,42fa85b6abf6794399720eac8b12572d84a9e0a7805e8a743da67723f4cb1d4d,0.00649919347969555,3.3306690738754696e-16
flywire_783_mb_left_kc512_s702,544,incoming_l1,fly,0,yoked_reward,0.1,fixed,89,3,0.2613065326633166,9605934793eda91bdcdd0726a744092f93dddc482bf4836e2ad638b4c3a31958,3cc763f2718680d4816d8581ced4896cb43b68d1ccb18d32ceaa54e298bcb0fa,0.021663978265651845,2.220446049250313e-16
flywire_783_mb_left_kc512_s702,544,incoming_l1,fly,0,yoked_reward,0.1,stats_only,89,6,0.36683417085427134,9605934793eda91bdcdd0726a744092f93dddc482bf4836e2ad638b4c3a31958,9d6c3ce9171f7d3d303b762832282cbd83abcf5c8bc9ac0c9f28906394b02769,0.021663978265651845,2.220446049250313e-16
flywire_783_mb_left_kc512_s702,544,incoming_l1,fly,0,yoked_reward,0.1,coefficients_only,89,9,0.4321608040201005,9605934793eda91bdcdd0726a744092f93dddc482bf4836e2ad638b4c3a31958,4a542b9a6ad389919eb4ef3b830aba07b36fb0a5fe8025ba5378e388f197f28d,0.021663978265651845,2.220446049250313e-16
flywire_783_mb_left_kc512_s702,544,incoming_l1,fly,0,yoked_reward,0.1,full_refit,89,6,0.4271356783919598,9605934793eda91bdcdd0726a744092f93dddc482bf4836e2ad638b4c3a31958,361b8e62c031c15e14274a8e8c30c6bceb5b78594d09dd7f14fb16f372e70d0f,0.021663978265651845,2.220446049250313e-16
flywire_783_mb_left_kc512_s702,544,incoming_l1,fly,0,yoked_reward,0.3,fixed,89,1,0.19095477386934673,b05f1b528d36b771114e0ae58d63a863a5a8c2172f35c087fbe32d446915f68e,3cc763f2718680d4816d8581ced4896cb43b68d1ccb18d32ceaa54e298bcb0fa,0.06499193479695552,2.220446049250313e-16
flywire_783_mb_left_kc512_s702,544,incoming_l1,fly,0,yoked_reward,0.3,stats_only,89,1,0.271356783919598,b05f1b528d36b771114e0ae58d63a863a5a8c2172f35c087fbe32d446915f68e,d4a32cac52928a779bda22d2be6a5480e565d97b0c8335aed5b3286942714793,0.06499193479695552,2.220446049250313e-16
flywire_783_mb_left_kc512_s702,544,incoming_l1,fly,0,yoked_reward,0.3,coefficients_only,89,9,0.4221105527638191,b05f1b528d36b771114e0ae58d63a863a5a8c2172f35c087fbe32d446915f68e,50a58ad96b263e2914e777bc38c74af65e1a2c25f6c45032abb9585d78fa15bb,0.06499193479695552,2.220446049250313e-16
flywire_783_mb_left_kc512_s702,544,incoming_l1,fly,0,yoked_reward,0.3,full_refit,89,9,0.4321608040201005,b05f1b528d36b771114e0ae58d63a863a5a8c2172f35c087fbe32d446915f68e,21d61f539b39b196401bc9d47a37f26e85592344073760f315f7792b9b952129,0.06499193479695552,2.220446049250313e-16
flywire_783_mb_left_kc512_s702,544,incoming_l1,fly,0,yoked_reward,1.0,fixed,89,1,0.15577889447236182,e889fd76a9f895022758253dc0a5fcfae0574461ee555792585b748518ca37e4,3cc763f2718680d4816d8581ced4896cb43b68d1ccb18d32ceaa54e298bcb0fa,0.2166397826565184,7.771561172376096e-16
flywire_783_mb_left_kc512_s702,544,incoming_l1,fly,0,yoked_reward,1.0,stats_only,89,1,0.1658291457286432,e889fd76a9f895022758253dc0a5fcfae0574461ee555792585b748518ca37e4,0318835841d7ab08c4f9841882462c370687f1abab52356474d5700d1d4234d6,0.2166397826565184,7.771561172376096e-16
flywire_783_mb_left_kc512_s702,544,incoming_l1,fly,0,yoked_reward,1.0,coefficients_only,89,5,0.39195979899497485,e889fd76a9f895022758253dc0a5fcfae0574461ee555792585b748518ca37e4,6baa3d1a74999447758f38c5fad1b54d147c47dadeab96d2c86aee09685c63d1,0.2166397826565184,7.771561172376096e-16
flywire_783_mb_left_kc512_s702,544,incoming_l1,fly,0,yoked_reward,1.0,full_refit,89,5,0.40703517587939697,e889fd76a9f895022758253dc0a5fcfae0574461ee555792585b748518ca37e4,d1c177cab5cbc56533f2fbb37bce4c27a29ff101b4849606158d819f41667193,0.2166397826565184,7.771561172376096e-16
flywire_783_mb_left_kc512_s702,544,incoming_l1,fly,3,reward_trace,0.0,fixed,90,9,0.4271356783919598,b7e6183e2fa89b2dbe53ddbe059b4a1e8aba8103a525bb8586d9c109efd8c382,3cc763f2718680d4816d8581ced4896cb43b68d1ccb18d32ceaa54e298bcb0fa,0.0,0.0
flywire_783_mb_left_kc512_s702,544,incoming_l1,fly,3,reward_trace,0.0,stats_only,90,9,0.4271356783919598,b7e6183e2fa89b2dbe53ddbe059b4a1e8aba8103a525bb8586d9c109efd8c382,3cc763f2718680d4816d8581ced4896cb43b68d1ccb18d32ceaa54e298bcb0fa,0.0,0.0
flywire_783_mb_left_kc512_s702,544,incoming_l1,fly,3,reward_trace,0.0,coefficients_only,90,9,0.4271356783919598,b7e6183e2fa89b2dbe53ddbe059b4a1e8aba8103a525bb8586d9c109efd8c382,3cc763f2718680d4816d8581ced4896cb43b68d1ccb18d32ceaa54e298bcb0fa,0.0,0.0
flywire_783_mb_left_kc512_s702,544,incoming_l1,fly,3,reward_trace,0.0,full_refit,90,9,0.4271356783919598,b7e6183e2fa89b2dbe53ddbe059b4a1e8aba8103a525bb8586d9c109efd8c382,3cc763f2718680d4816d8581ced4896cb43b68d1ccb18d32ceaa54e298bcb0fa,0.0,0.0
flywire_783_mb_left_kc512_s702,544,incoming_l1,fly,3,reward_trace,0.01,fixed,90,9,0.41708542713567837,7706df61cfd478ece507acb4028562bb2fe2b23a99e3e8ffd4cd220a43a3f355,3cc763f2718680d4816d8581ced4896cb43b68d1ccb18d32ceaa54e298bcb0fa,0.0021402618005763605,3.3306690738754696e-16
flywire_783_mb_left_kc512_s702,544,incoming_l1,fly,3,reward_trace,0.01,stats_only,90,9,0.40703517587939697,7706df61cfd478ece507acb4028562bb2fe2b23a99e3e8ffd4cd220a43a3f355,db4d62ec286176d78dd578a2ee21e541a56495185e045696e3880e23573d5f2c,0.0021402618005763605,3.3306690738754696e-16
flywire_783_mb_left_kc512_s702,544,incoming_l1,fly,3,reward_trace,0.01,coefficients_only,90,9,0.4271356783919598,7706df61cfd478ece507acb4028562bb2fe2b23a99e3e8ffd4cd220a43a3f355,8e3e9ecc0b8af4aac7e95ed43f51778a7899890d23c45497d91e12215a41ca24,0.0021402618005763605,3.3306690738754696e-16
flywire_783_mb_left_kc512_s702,544,incoming_l1,fly,3,reward_trace,0.01,full_refit,90,9,0.4271356783919598,7706df61cfd478ece507acb4028562bb2fe2b23a99e3e8ffd4cd220a43a3f355,f268c14907bca086726952118b7bea1de0fb0fe35627430180aa643738540899,0.0021402618005763605,3.3306690738754696e-16
flywire_783_mb_left_kc512_s702,544,incoming_l1,fly,3,reward_trace,0.03,fixed,90,1,0.3969849246231156,3474f56a0dedf9dbb6bff28b02e2b604b439c81d73342f098d7172c2f82ad6fa,3cc763f2718680d4816d8581ced4896cb43b68d1ccb18d32ceaa54e298bcb0fa,0.00642078540172908,2.220446049250313e-16
flywire_783_mb_left_kc512_s702,544,incoming_l1,fly,3,reward_trace,0.03,stats_only,90,8,0.4120603015075377,3474f56a0dedf9dbb6bff28b02e2b604b439c81d73342f098d7172c2f82ad6fa,0793c989b4ee358a75a83618d1aa81db0026630361aebbef79b88e4f8fcfb588,0.00642078540172908,2.220446049250313e-16
flywire_783_mb_left_kc512_s702,544,incoming_l1,fly,3,reward_trace,0.03,coefficients_only,90,9,0.4321608040201005,3474f56a0dedf9dbb6bff28b02e2b604b439c81d73342f098d7172c2f82ad6fa,c6616bcca901a7aafabf21c9523e4556a76fd074edff40ae0fe834b537545441,0.00642078540172908,2.220446049250313e-16
flywire_783_mb_left_kc512_s702,544,incoming_l1,fly,3,reward_trace,0.03,full_refit,90,9,0.4321608040201005,3474f56a0dedf9dbb6bff28b02e2b604b439c81d73342f098d7172c2f82ad6fa,89a8238c9f31db8eb531dbd9dddf10def13a478f6e1c37eb7387f9a42d54e69c,0.00642078540172908,2.220446049250313e-16
flywire_783_mb_left_kc512_s702,544,incoming_l1,fly,3,reward_trace,0.1,fixed,90,1,0.3165829145728643,b56690007b7985cf3e160c7fe48d47e26e8931e402c23951998a5008ff77bb62,3cc763f2718680d4816d8581ced4896cb43b68d1ccb18d32ceaa54e298bcb0fa,0.021402618005763593,2.220446049250313e-16
flywire_783_mb_left_kc512_s702,544,incoming_l1,fly,3,reward_trace,0.1,stats_only,90,1,0.32663316582914576,b56690007b7985cf3e160c7fe48d47e26e8931e402c23951998a5008ff77bb62,ae3d2bd8b7a331bdfc32ff18b2146ba1b6e5dde290fb402a9a7ae9bdf917db0d,0.021402618005763593,2.220446049250313e-16
flywire_783_mb_left_kc512_s702,544,incoming_l1,fly,3,reward_trace,0.1,coefficients_only,90,9,0.41708542713567837,b56690007b7985cf3e160c7fe48d47e26e8931e402c23951998a5008ff77bb62,9ef197eaa0df91e37c3e9f8de61164cf123538ebf908204380a934333d8c94f6,0.021402618005763593,2.220446049250313e-16
flywire_783_mb_left_kc512_s702,544,incoming_l1,fly,3,reward_trace,0.1,full_refit,90,9,0.41708542713567837,b56690007b7985cf3e160c7fe48d47e26e8931e402c23951998a5008ff77bb62,ecd7066075f2f660c13f74a448a29a2f728665a455a539389849ac3e8156817a,0.021402618005763593,2.220446049250313e-16
flywire_783_mb_left_kc512_s702,544,incoming_l1,fly,3,reward_trace,0.3,fixed,90,1,0.22110552763819097,288b30af9d8a30893b58e64af7d00bf0003a9ab7f9f73266cfa5bcb5ee990e89,3cc763f2718680d4816d8581ced4896cb43b68d1ccb18d32ceaa54e298bcb0fa,0.06420785401729077,4.440892098500626e-16
flywire_783_mb_left_kc512_s702,544,incoming_l1,fly,3,reward_trace,0.3,stats_only,90,1,0.24120603015075376,288b30af9d8a30893b58e64af7d00bf0003a9ab7f9f73266cfa5bcb5ee990e89,601f52a3e4c12005350acca86da75b12abd4de9780a0f593360637f52b868d7f,0.06420785401729077,4.440892098500626e-16
flywire_783_mb_left_kc512_s702,544,incoming_l1,fly,3,reward_trace,0.3,coefficients_only,90,5,0.4020100502512563,288b30af9d8a30893b58e64af7d00bf0003a9ab7f9f73266cfa5bcb5ee990e89,508fc059b764bad37f59a29c1df8707b351ed77eca4dc57a4ab02a37884b9c06,0.06420785401729077,4.440892098500626e-16
flywire_783_mb_left_kc512_s702,544,incoming_l1,fly,3,reward_trace,0.3,full_refit,90,5,0.3969849246231156,288b30af9d8a30893b58e64af7d00bf0003a9ab7f9f73266cfa5bcb5ee990e89,e5771875ccc4b45f7fba55aefeae9d6647cb55f9a9ece6b20932b3f0e9cbd48b,0.06420785401729077,4.440892098500626e-16
flywire_783_mb_left_kc512_s702,544,incoming_l1,fly,3,reward_trace,1.0,fixed,90,1,0.17587939698492464,108dcd1c012c380ea79075323f4a7ca8584a2aed815f8a41184538737e1b6027,3cc763f2718680d4816d8581ced4896cb43b68d1ccb18d32ceaa54e298bcb0fa,0.2140261800576359,1.1102230246251565e-15
flywire_783_mb_left_kc512_s702,544,incoming_l1,fly,3,reward_trace,1.0,stats_only,90,1,0.18090452261306533,108dcd1c012c380ea79075323f4a7ca8584a2aed815f8a41184538737e1b6027,c7379ce14c1d88bed2e984dcc3110018fff2caea8eac34766fed23c2230a0755,0.2140261800576359,1.1102230246251565e-15
flywire_783_mb_left_kc512_s702,544,incoming_l1,fly,3,reward_trace,1.0,coefficients_only,90,5,0.38190954773869346,108dcd1c012c380ea79075323f4a7ca8584a2aed815f8a41184538737e1b6027,50ec005b4d566aa9d6d6bf54311ea4a62c78683edaf44da3bf16c69e7a78ed38,0.2140261800576359,1.1102230246251565e-15
flywire_783_mb_left_kc512_s702,544,incoming_l1,fly,3,reward_trace,1.0,full_refit,90,5,0.3869346733668342,108dcd1c012c380ea79075323f4a7ca8584a2aed815f8a41184538737e1b6027,13073f8e2f8bfd68f0a2acb16fcdbd4e8520bb0fe27d05adb15812c9873c2ce6,0.2140261800576359,1.1102230246251565e-15
flywire_783_mb_left_kc512_s702,544,incoming_l1,fly,3,yoked_reward,0.0,fixed,91,9,0.4271356783919598,b7e6183e2fa89b2dbe53ddbe059b4a1e8aba8103a525bb8586d9c109efd8c382,3cc763f2718680d4816d8581ced4896cb43b68d1ccb18d32ceaa54e298bcb0fa,0.0,0.0
flywire_783_mb_left_kc512_s702,544,incoming_l1,fly,3,yoked_reward,0.0,stats_only,91,9,0.4271356783919598,b7e6183e2fa89b2dbe53ddbe059b4a1e8aba8103a525bb8586d9c109efd8c382,3cc763f2718680d4816d8581ced4896cb43b68d1ccb18d32ceaa54e298bcb0fa,0.0,0.0
flywire_783_mb_left_kc512_s702,544,incoming_l1,fly,3,yoked_reward,0.0,coefficients_only,91,9,0.4271356783919598,b7e6183e2fa89b2dbe53ddbe059b4a1e8aba8103a525bb8586d9c109efd8c382,3cc763f2718680d4816d8581ced4896cb43b68d1ccb18d32ceaa54e298bcb0fa,0.0,0.0
flywire_783_mb_left_kc512_s702,544,incoming_l1,fly,3,yoked_reward,0.0,full_refit,91,9,0.4271356783919598,b7e6183e2fa89b2dbe53ddbe059b4a1e8aba8103a525bb8586d9c109efd8c382,3cc763f2718680d4816d8581ced4896cb43b68d1ccb18d32ceaa54e298bcb0fa,0.0,0.0
flywire_783_mb_left_kc512_s702,544,incoming_l1,fly,3,yoked_reward,0.01,fixed,91,9,0.3969849246231156,195256c32fe234d3ac7e6dca293ad65f8682d1424b9c499860b6a818d1a6c4a7,3cc763f2718680d4816d8581ced4896cb43b68d1ccb18d32ceaa54e298bcb0fa,0.0017320631387093032,3.3306690738754696e-16
flywire_783_mb_left_kc512_s702,544,incoming_l1,fly,3,yoked_reward,0.01,stats_only,91,6,0.4271356783919598,195256c32fe234d3ac7e6dca293ad65f8682d1424b9c499860b6a818d1a6c4a7,37c7c0a931b3cec4ad46223b70d04d55fda2f8fc3de9f1db7f47aa0922352a20,0.0017320631387093032,3.3306690738754696e-16
flywire_783_mb_left_kc512_s702,544,incoming_l1,fly,3,yoked_reward,0.01,coefficients_only,91,9,0.4221105527638191,195256c32fe234d3ac7e6dca293ad65f8682d1424b9c499860b6a818d1a6c4a7,ea92b45e536a45c04ab6279b7ddbe703a41779d16eeee77e21e15478919457d1,0.0017320631387093032,3.3306690738754696e-16
flywire_783_mb_left_kc512_s702,544,incoming_l1,fly,3,yoked_reward,0.01,full_refit,91,9,0.4271356783919598,195256c32fe234d3ac7e6dca293ad65f8682d1424b9c499860b6a818d1a6c4a7,7aeff6893c96af94e83f4d255693408f6a82408feb0392979935346ae880e6e0,0.0017320631387093032,3.3306690738754696e-16
flywire_783_mb_left_kc512_s702,544,incoming_l1,fly,3,yoked_reward,0.03,fixed,91,9,0.37185929648241206,1d309327ab7eb98218e9b0d06970f3c69c643108a17900a7738ccc9f210f614a,3cc763f2718680d4816d8581ced4896cb43b68d1ccb18d32ceaa54e298bcb0fa,0.0051961894161279025,4.440892098500626e-16
flywire_783_mb_left_kc512_s702,544,incoming_l1,fly,3,yoked_reward,0.03,stats_only,91,6,0.4271356783919598,1d309327ab7eb98218e9b0d06970f3c69c643108a17900a7738ccc9f210f614a,ded86f5311f5fb5bbb587eb03acb370b512b0198a8cdcc19f4610c971406150c,0.0051961894161279025,4.440892098500626e-16
flywire_783_mb_left_kc512_s702,544,incoming_l1,fly,3,yoked_reward,0.03,coefficients_only,91,9,0.4221105527638191,1d309327ab7eb98218e9b0d06970f3c69c643108a17900a7738ccc9f210f614a,38119e0af577c2551a9dcf92094d864f9d9478808f381d9e4d48500aca9ce170,0.0051961894161279025,4.440892098500626e-16
flywire_783_mb_left_kc512_s702,544,incoming_l1,fly,3,yoked_reward,0.03,full_refit,91,9,0.4271356783919598,1d309327ab7eb98218e9b0d06970f3c69c643108a17900a7738ccc9f210f614a,3f6843eabb62d02bba33282b9dc9753da7e8a214d86054b0bc65c0ccba6558eb,0.0051961894161279025,4.440892098500626e-16
flywire_783_mb_left_kc512_s702,544,incoming_l1,fly,3,yoked_reward,0.1,fixed,91,1,0.18090452261306533,6f29fd0b823a9164fbf2006a122729268e92b240cbb4924f079978ac29042bcf,3cc763f2718680d4816d8581ced4896cb43b68d1ccb18d32ceaa54e298bcb0fa,0.017320631387092996,3.3306690738754696e-16
flywire_783_mb_left_kc512_s702,544,incoming_l1,fly,3,yoked_reward,0.1,stats_only,91,6,0.40703517587939697,6f29fd0b823a9164fbf2006a122729268e92b240cbb4924f079978ac29042bcf,6e9da261cf8d12f46216bc7ef85d0ded19dac59e7f873a809a4ad048cd117d46,0.017320631387092996,3.3306690738754696e-16
flywire_783_mb_left_kc512_s702,544,incoming_l1,fly,3,yoked_reward,0.1,coefficients_only,91,9,0.4271356783919598,6f29fd0b823a9164fbf2006a122729268e92b240cbb4924f079978ac29042bcf,bd7034492d10dcc50ae22bc3ec7c7a4c66dcee10abd44522602b4f15fef77707,0.017320631387092996,3.3306690738754696e-16
flywire_783_mb_left_kc512_s702,544,incoming_l1,fly,3,yoked_reward,0.1,full_refit,91,9,0.4321608040201005,6f29fd0b823a9164fbf2006a122729268e92b240cbb4924f079978ac29042bcf,0ba294cd12c9d0366ec0464a03033182e1995a9b8590b6728da61723c9e2dcb3,0.017320631387092996,3.3306690738754696e-16
flywire_783_mb_left_kc512_s702,544,incoming_l1,fly,3,yoked_reward,0.3,fixed,91,1,0.1306532663316583,be857b6df9b1faec3a1a9ba21661faae2b5251875581358fbb650635fcce7849,3cc763f2718680d4816d8581ced4896cb43b68d1ccb18d32ceaa54e298bcb0fa,0.051961894161278985,3.3306690738754696e-16
flywire_783_mb_left_kc512_s702,544,incoming_l1,fly,3,yoked_reward,0.3,stats_only,91,0,0.3165829145728643,be857b6df9b1faec3a1a9ba21661faae2b5251875581358fbb650635fcce7849,63824aaa33a3d7853618e045508d4d31f0a400598c27fa0135e4ab66b8787212,0.051961894161278985,3.3306690738754696e-16
flywire_783_mb_left_kc512_s702,544,incoming_l1,fly,3,yoked_reward,0.3,coefficients_only,91,6,0.4120603015075377,be857b6df9b1faec3a1a9ba21661faae2b5251875581358fbb650635fcce7849,b12957136168e9cf6e5b8096383dc2eb771d71414d1ecd13d13f600afdcab355,0.051961894161278985,3.3306690738754696e-16
flywire_783_mb_left_kc512_s702,544,incoming_l1,fly,3,yoked_reward,0.3,full_refit,91,6,0.4221105527638191,be857b6df9b1faec3a1a9ba21661faae2b5251875581358fbb650635fcce7849,e66faa27d1a7214e71b371624d4bf54ce5ac0e96c482fa1ef22efd492437e01c,0.051961894161278985,3.3306690738754696e-16
flywire_783_mb_left_kc512_s702,544,incoming_l1,fly,3,yoked_reward,1.0,fixed,91,1,0.1306532663316583,6ac7bec36619b3c520840627c0177b7bc39e5949dfa9a175038a6d370b6f38b9,3cc763f2718680d4816d8581ced4896cb43b68d1ccb18d32ceaa54e298bcb0fa,0.17320631387092994,5.551115123125783e-16
flywire_783_mb_left_kc512_s702,544,incoming_l1,fly,3,yoked_reward,1.0,stats_only,91,0,0.16080402010050251,6ac7bec36619b3c520840627c0177b7bc39e5949dfa9a175038a6d370b6f38b9,629ac7d2c00c4e366c8905c31dbc619160ee11276352b0449b7b8dc515d0c2bd,0.17320631387092994,5.551115123125783e-16
flywire_783_mb_left_kc512_s702,544,incoming_l1,fly,3,yoked_reward,1.0,coefficients_only,91,5,0.35175879396984927,6ac7bec36619b3c520840627c0177b7bc39e5949dfa9a175038a6d370b6f38b9,a71b61e44205792f42a83e236436345de25fb0925c5dd2b7bf779b3687f05266,0.17320631387092994,5.551115123125783e-16
flywire_783_mb_left_kc512_s702,544,incoming_l1,fly,3,yoked_reward,1.0,full_refit,91,5,0.40703517587939697,6ac7bec36619b3c520840627c0177b7bc39e5949dfa9a175038a6d370b6f38b9,32c0aa5d004f2cf734899d296981600d0d5e16b0b16d85421a37b521291d1f42,0.17320631387092994,5.551115123125783e-16
flywire_783_mb_left_kc512_s702,544,incoming_l1,role_shuffled,0,reward_trace,0.0,fixed,92,5,0.44221105527638194,0fa7806164281bbcd6210ac1a99ac80a77086461a380782cd82ed08047aeedce,3b88b3fd5f19ccdaf4af28416af6b2ac7cd6e97c5b03c5781daa8320bd6f5cb1,0.0,0.0
flywire_783_mb_left_kc512_s702,544,incoming_l1,role_shuffled,0,reward_trace,0.0,stats_only,92,5,0.44221105527638194,0fa7806164281bbcd6210ac1a99ac80a77086461a380782cd82ed08047aeedce,3b88b3fd5f19ccdaf4af28416af6b2ac7cd6e97c5b03c5781daa8320bd6f5cb1,0.0,0.0
flywire_783_mb_left_kc512_s702,544,incoming_l1,role_shuffled,0,reward_trace,0.0,coefficients_only,92,5,0.44221105527638194,0fa7806164281bbcd6210ac1a99ac80a77086461a380782cd82ed08047aeedce,3b88b3fd5f19ccdaf4af28416af6b2ac7cd6e97c5b03c5781daa8320bd6f5cb1,0.0,0.0
flywire_783_mb_left_kc512_s702,544,incoming_l1,role_shuffled,0,reward_trace,0.0,full_refit,92,5,0.44221105527638194,0fa7806164281bbcd6210ac1a99ac80a77086461a380782cd82ed08047aeedce,3b88b3fd5f19ccdaf4af28416af6b2ac7cd6e97c5b03c5781daa8320bd6f5cb1,0.0,0.0
flywire_783_mb_left_kc512_s702,544,incoming_l1,role_shuffled,0,reward_trace,0.01,fixed,92,6,0.4321608040201005,4fb6d42be167a94598f69b6093d65a1a885d57bd56f42a5e78c5054b9cb4fe30,3b88b3fd5f19ccdaf4af28416af6b2ac7cd6e97c5b03c5781daa8320bd6f5cb1,0.002128456223822119,2.220446049250313e-16
flywire_783_mb_left_kc512_s702,544,incoming_l1,role_shuffled,0,reward_trace,0.01,stats_only,92,6,0.4321608040201005,4fb6d42be167a94598f69b6093d65a1a885d57bd56f42a5e78c5054b9cb4fe30,b4fb9c652275fa47a7d3fd7d8bf9ec9244787c5a77a0b8f105e0d56dc2b1d930,0.002128456223822119,2.220446049250313e-16
flywire_783_mb_left_kc512_s702,544,incoming_l1,role_shuffled,0,reward_trace,0.01,coefficients_only,92,5,0.4472361809045226,4fb6d42be167a94598f69b6093d65a1a885d57bd56f42a5e78c5054b9cb4fe30,d7dd379d1dfb8d0b76d3c25d67c58506b421ccf97a2a96eb08b14a6a3f595efa,0.002128456223822119,2.220446049250313e-16
flywire_783_mb_left_kc512_s702,544,incoming_l1,role_shuffled,0,reward_trace,0.01,full_refit,92,5,0.4472361809045226,4fb6d42be167a94598f69b6093d65a1a885d57bd56f42a5e78c5054b9cb4fe30,da8c27c77bc88efded2e20385a50df9ad9aa82e16cfe4a2eb412fe41d5438689,0.002128456223822119,2.220446049250313e-16
flywire_783_mb_left_kc512_s702,544,incoming_l1,role_shuffled,0,reward_trace,0.03,fixed,92,6,0.4221105527638191,1cf0e8d46e486700c0e4e13e30c78357d134430f4a4a170bea6ad5f4d2c91cb9,3b88b3fd5f19ccdaf4af28416af6b2ac7cd6e97c5b03c5781daa8320bd6f5cb1,0.006385368671466362,3.3306690738754696e-16
flywire_783_mb_left_kc512_s702,544,incoming_l1,role_shuffled,0,reward_trace,0.03,stats_only,92,6,0.4321608040201005,1cf0e8d46e486700c0e4e13e30c78357d134430f4a4a170bea6ad5f4d2c91cb9,fb3fb9bc3a6376fd136ee78249ae4e0d243f2edaaf00a74e75308ba67b53fcf3,0.006385368671466362,3.3306690738754696e-16
flywire_783_mb_left_kc512_s702,544,incoming_l1,role_shuffled,0,reward_trace,0.03,coefficients_only,92,5,0.4472361809045226,1cf0e8d46e486700c0e4e13e30c78357d134430f4a4a170bea6ad5f4d2c91cb9,3483ec378aef4002ef87a10dd16ace45fd8c5c58f130d766fdbe7f84af91952c,0.006385368671466362,3.3306690738754696e-16
flywire_783_mb_left_kc512_s702,544,incoming_l1,role_shuffled,0,reward_trace,0.03,full_refit,92,5,0.4472361809045226,1cf0e8d46e486700c0e4e13e30c78357d134430f4a4a170bea6ad5f4d2c91cb9,a8cf05b8f080fce53304d519abb548abd4b60130940723c6f07e72862c6de204,0.006385368671466362,3.3306690738754696e-16
flywire_783_mb_left_kc512_s702,544,incoming_l1,role_shuffled,0,reward_trace,0.1,fixed,92,6,0.34673366834170855,07d8467cc95466268a9cf8409553cb0df648c0ea6e51081a7290f07e5c7bd4ec,3b88b3fd5f19ccdaf4af28416af6b2ac7cd6e97c5b03c5781daa8320bd6f5cb1,0.021284562238221203,4.440892098500626e-16
flywire_783_mb_left_kc512_s702,544,incoming_l1,role_shuffled,0,reward_trace,0.1,stats_only,92,6,0.33668341708542715,07d8467cc95466268a9cf8409553cb0df648c0ea6e51081a7290f07e5c7bd4ec,ec8de5980bf6b68021c8cda07009b71aa1ee7e56f0b6d20f776b3f08181ef1cf,0.021284562238221203,4.440892098500626e-16
flywire_783_mb_left_kc512_s702,544,incoming_l1,role_shuffled,0,reward_trace,0.1,coefficients_only,92,5,0.457286432160804,07d8467cc95466268a9cf8409553cb0df648c0ea6e51081a7290f07e5c7bd4ec,a0bc9bba6b4d5f3ceb2884b2985463e5c6735cadceb5af685bc95f9a0c393027,0.021284562238221203,4.440892098500626e-16
flywire_783_mb_left_kc512_s702,544,incoming_l1,role_shuffled,0,reward_trace,0.1,full_refit,92,5,0.45226130653266333,07d8467cc95466268a9cf8409553cb0df648c0ea6e51081a7290f07e5c7bd4ec,09d5e827da5fe719ddec795f0aff301fda080a1c2861018a0b6f3f873524d7cb,0.021284562238221203,4.440892098500626e-16
flywire_783_mb_left_kc512_s702,544,incoming_l1,role_shuffled,0,reward_trace,0.3,fixed,92,1,0.2613065326633166,b704d1cd69ace6cf7472ba0b7ed2c6ae3c0186264cd8d39beff5debcb3073e3d,3b88b3fd5f19ccdaf4af28416af6b2ac7cd6e97c5b03c5781daa8320bd6f5cb1,0.06385368671466361,4.440892098500626e-16
flywire_783_mb_left_kc512_s702,544,incoming_l1,role_shuffled,0,reward_trace,0.3,stats_only,92,1,0.2914572864321608,b704d1cd69ace6cf7472ba0b7ed2c6ae3c0186264cd8d39beff5debcb3073e3d,a1d2c0c1754fc6d76ce897b993991383fea5bc2b5b1348c7ca177a3c09361a1a,0.06385368671466361,4.440892098500626e-16
flywire_783_mb_left_kc512_s702,544,incoming_l1,role_shuffled,0,reward_trace,0.3,coefficients_only,92,5,0.45226130653266333,b704d1cd69ace6cf7472ba0b7ed2c6ae3c0186264cd8d39beff5debcb3073e3d,bff4cc1ebc960ea759e2abc0ce2d5e01497503254160ffb29c3e11ce3f823a1f,0.06385368671466361,4.440892098500626e-16
flywire_783_mb_left_kc512_s702,544,incoming_l1,role_shuffled,0,reward_trace,0.3,full_refit,92,5,0.4472361809045226,b704d1cd69ace6cf7472ba0b7ed2c6ae3c0186264cd8d39beff5debcb3073e3d,8d48ed9a1305a83e2f8cb89fe081e6809b0723d3286e84474f615f18a6cc4782,0.06385368671466361,4.440892098500626e-16
flywire_783_mb_left_kc512_s702,544,incoming_l1,role_shuffled,0,reward_trace,1.0,fixed,92,0,0.20603015075376885,8167543e75e13f1dfb5d642ac6836e8bbb3fc1d96d40084f669a9a232482aafc,3b88b3fd5f19ccdaf4af28416af6b2ac7cd6e97c5b03c5781daa8320bd6f5cb1,0.21284562238221205,9.992007221626409e-16
flywire_783_mb_left_kc512_s702,544,incoming_l1,role_shuffled,0,reward_trace,1.0,stats_only,92,1,0.22110552763819097,8167543e75e13f1dfb5d642ac6836e8bbb3fc1d96d40084f669a9a232482aafc,d789bae33661d04e5ccf15f3c4a12f0c5d2e61e72fbe345c6150d88ab119d3c0,0.21284562238221205,9.992007221626409e-16
flywire_783_mb_left_kc512_s702,544,incoming_l1,role_shuffled,0,reward_trace,1.0,coefficients_only,92,5,0.44221105527638194,8167543e75e13f1dfb5d642ac6836e8bbb3fc1d96d40084f669a9a232482aafc,5a9dbef4652078d96119c993bff929d0a8548e39f61aa17077d9d0692a4b87c4,0.21284562238221205,9.992007221626409e-16
flywire_783_mb_left_kc512_s702,544,incoming_l1,role_shuffled,0,reward_trace,1.0,full_refit,92,5,0.4472361809045226,8167543e75e13f1dfb5d642ac6836e8bbb3fc1d96d40084f669a9a232482aafc,e4aded59155c32bcef7b8d7141d40149bd8869364aa48e7129b349cf4ff6312a,0.21284562238221205,9.992007221626409e-16
flywire_783_mb_left_kc512_s702,544,incoming_l1,role_shuffled,0,yoked_reward,0.0,fixed,93,5,0.44221105527638194,0fa7806164281bbcd6210ac1a99ac80a77086461a380782cd82ed08047aeedce,3b88b3fd5f19ccdaf4af28416af6b2ac7cd6e97c5b03c5781daa8320bd6f5cb1,0.0,0.0
flywire_783_mb_left_kc512_s702,544,incoming_l1,role_shuffled,0,yoked_reward,0.0,stats_only,93,5,0.44221105527638194,0fa7806164281bbcd6210ac1a99ac80a77086461a380782cd82ed08047aeedce,3b88b3fd5f19ccdaf4af28416af6b2ac7cd6e97c5b03c5781daa8320bd6f5cb1,0.0,0.0
flywire_783_mb_left_kc512_s702,544,incoming_l1,role_shuffled,0,yoked_reward,0.0,coefficients_only,93,5,0.44221105527638194,0fa7806164281bbcd6210ac1a99ac80a77086461a380782cd82ed08047aeedce,3b88b3fd5f19ccdaf4af28416af6b2ac7cd6e97c5b03c5781daa8320bd6f5cb1,0.0,0.0
flywire_783_mb_left_kc512_s702,544,incoming_l1,role_shuffled,0,yoked_reward,0.0,full_refit,93,5,0.44221105527638194,0fa7806164281bbcd6210ac1a99ac80a77086461a380782cd82ed08047aeedce,3b88b3fd5f19ccdaf4af28416af6b2ac7cd6e97c5b03c5781daa8320bd6f5cb1,0.0,0.0
flywire_783_mb_left_kc512_s702,544,incoming_l1,role_shuffled,0,yoked_reward,0.01,fixed,93,5,0.44221105527638194,803b673e88b2426a4b0e97647ba929972f61225939aeb857b5e8ebc90c0948e9,3b88b3fd5f19ccdaf4af28416af6b2ac7cd6e97c5b03c5781daa8320bd6f5cb1,0.001621837996920463,2.220446049250313e-16
flywire_783_mb_left_kc512_s702,544,incoming_l1,role_shuffled,0,yoked_reward,0.01,stats_only,93,6,0.457286432160804,803b673e88b2426a4b0e97647ba929972f61225939aeb857b5e8ebc90c0948e9,6975e48b8b1a2ad70648f3f62273ecd99658f801c5989c86f6b2a1369bca2b04,0.001621837996920463,2.220446049250313e-16
flywire_783_mb_left_kc512_s702,544,incoming_l1,role_shuffled,0,yoked_reward,0.01,coefficients_only,93,5,0.44221105527638194,803b673e88b2426a4b0e97647ba929972f61225939aeb857b5e8ebc90c0948e9,3ac21b1ef604f1caeb2bf13399b17fb0369e7f613c89c070fef7628b04d09ede,0.001621837996920463,2.220446049250313e-16
flywire_783_mb_left_kc512_s702,544,incoming_l1,role_shuffled,0,yoked_reward,0.01,full_refit,93,5,0.44221105527638194,803b673e88b2426a4b0e97647ba929972f61225939aeb857b5e8ebc90c0948e9,8d2262d53772fb95d45d61617db182bcc42dcbf4aa234f8e47d07a17666ea10a,0.001621837996920463,2.220446049250313e-16
flywire_783_mb_left_kc512_s702,544,incoming_l1,role_shuffled,0,yoked_reward,0.03,fixed,93,6,0.39195979899497485,fd64f0c54b6d2ccdc31bc1ca4d2f6be88d4ab3e01ebebf5596cd827fd19a085d,3b88b3fd5f19ccdaf4af28416af6b2ac7cd6e97c5b03c5781daa8320bd6f5cb1,0.004865513990761382,3.3306690738754696e-16
flywire_783_mb_left_kc512_s702,544,incoming_l1,role_shuffled,0,yoked_reward,0.03,stats_only,93,6,0.46733668341708545,fd64f0c54b6d2ccdc31bc1ca4d2f6be88d4ab3e01ebebf5596cd827fd19a085d,d8e42a0978bb46f5dd846e80d6645966eef6cb25c34e5c1b6df391434b799ebc,0.004865513990761382,3.3306690738754696e-16
flywire_783_mb_left_kc512_s702,544,incoming_l1,role_shuffled,0,yoked_reward,0.03,coefficients_only,93,5,0.4472361809045226,fd64f0c54b6d2ccdc31bc1ca4d2f6be88d4ab3e01ebebf5596cd827fd19a085d,665760063935b47eb0741c23ba24a408f5dce0e7c5d621041393cf294abf6fe6,0.004865513990761382,3.3306690738754696e-16
flywire_783_mb_left_kc512_s702,544,incoming_l1,role_shuffled,0,yoked_reward,0.03,full_refit,93,5,0.4472361809045226,fd64f0c54b6d2ccdc31bc1ca4d2f6be88d4ab3e01ebebf5596cd827fd19a085d,deeaede8ccb644f49b658de790c68a6c0f1a74d261940ee181adcc84e332c7f2,0.004865513990761382,3.3306690738754696e-16
flywire_783_mb_left_kc512_s702,544,incoming_l1,role_shuffled,0,yoked_reward,0.1,fixed,93,7,0.23618090452261306,89a62f929fc4e4a124d843a899e051710965fd04c89c715d78be8dc48b8fe1cd,3b88b3fd5f19ccdaf4af28416af6b2ac7cd6e97c5b03c5781daa8320bd6f5cb1,0.016218379969204607,4.440892098500626e-16
flywire_783_mb_left_kc512_s702,544,incoming_l1,role_shuffled,0,yoked_reward,0.1,stats_only,93,6,0.4371859296482412,89a62f929fc4e4a124d843a899e051710965fd04c89c715d78be8dc48b8fe1cd,fd8133d4e098491f7b8fdb69d349d7769df3f66f2928ccdae47e8b458503c068,0.016218379969204607,4.440892098500626e-16
flywire_783_mb_left_kc512_s702,544,incoming_l1,role_shuffled,0,yoked_reward,0.1,coefficients_only,93,5,0.45226130653266333,89a62f929fc4e4a124d843a899e051710965fd04c89c715d78be8dc48b8fe1cd,28cb34a320d953d7ea8bd17834bc947bb1a5a67dd5c37e3842dbe50e99259327,0.016218379969204607,4.440892098500626e-16
flywire_783_mb_left_kc512_s702,544,incoming_l1,role_shuffled,0,yoked_reward,0.1,full_refit,93,5,0.4472361809045226,89a62f929fc4e4a124d843a899e051710965fd04c89c715d78be8dc48b8fe1cd,58f608137447165e99b6b8ea8d6acf687e8248daf8c21e607a9a1fd1a18a19cb,0.016218379969204607,4.440892098500626e-16
flywire_783_mb_left_kc512_s702,544,incoming_l1,role_shuffled,0,yoked_reward,0.3,fixed,93,0,0.1306532663316583,bcba772b9d8745b906dc66bdec83daad2cc0b8d03d239a6b9bc18d7b0144b0b7,3b88b3fd5f19ccdaf4af28416af6b2ac7cd6e97c5b03c5781daa8320bd6f5cb1,0.04865513990761383,3.3306690738754696e-16
flywire_783_mb_left_kc512_s702,544,incoming_l1,role_shuffled,0,yoked_reward,0.3,stats_only,93,1,0.2914572864321608,bcba772b9d8745b906dc66bdec83daad2cc0b8d03d239a6b9bc18d7b0144b0b7,6e08d99f07db9af67d7d934097cfe102407690fdd223656c9dc6844686d16322,0.04865513990761383,3.3306690738754696e-16
flywire_783_mb_left_kc512_s702,544,incoming_l1,role_shuffled,0,yoked_reward,0.3,coefficients_only,93,5,0.4472361809045226,bcba772b9d8745b906dc66bdec83daad2cc0b8d03d239a6b9bc18d7b0144b0b7,8123344d74ba25da41261f024506cf3c19e2d2154bef8c2cbead28ffd7f97c82,0.04865513990761383,3.3306690738754696e-16
flywire_783_mb_left_kc512_s702,544,incoming_l1,role_shuffled,0,yoked_reward,0.3,full_refit,93,5,0.4472361809045226,bcba772b9d8745b906dc66bdec83daad2cc0b8d03d239a6b9bc18d7b0144b0b7,9a7a080c2d2deca42a79e53e2d60e7fd4c68912f7ac9f023934a47ebef9f9336,0.04865513990761383,3.3306690738754696e-16
flywire_783_mb_left_kc512_s702,544,incoming_l1,role_shuffled,0,yoked_reward,1.0,fixed,93,0,0.12562814070351758,2f251d9e895d020ebfc1fb5aa688f5f1656179436991449f8bfd427cd3b918f9,3b88b3fd5f19ccdaf4af28416af6b2ac7cd6e97c5b03c5781daa8320bd6f5cb1,0.16218379969204608,8.881784197001252e-16
flywire_783_mb_left_kc512_s702,544,incoming_l1,role_shuffled,0,yoked_reward,1.0,stats_only,93,1,0.20100502512562815,2f251d9e895d020ebfc1fb5aa688f5f1656179436991449f8bfd427cd3b918f9,69e92439027270ff72e59d13e678f079d3c6cbc9ad2454f02cd55265d4a45cfa,0.16218379969204608,8.881784197001252e-16
flywire_783_mb_left_kc512_s702,544,incoming_l1,role_shuffled,0,yoked_reward,1.0,coefficients_only,93,5,0.4472361809045226,2f251d9e895d020ebfc1fb5aa688f5f1656179436991449f8bfd427cd3b918f9,1bce51a1803b1ef6ee815f70b0fd5de18ee6e02b1a86a74cec483a5f94ebe5ef,0.16218379969204608,8.881784197001252e-16
flywire_783_mb_left_kc512_s702,544,incoming_l1,role_shuffled,0,yoked_reward,1.0,full_refit,93,6,0.4623115577889447,2f251d9e895d020ebfc1fb5aa688f5f1656179436991449f8bfd427cd3b918f9,145df2805ffad70a6d69ae0c7a0bb97025ffb7c5606a5b65e6ea79d4ec88c24b,0.16218379969204608,8.881784197001252e-16
flywire_783_mb_left_kc512_s702,544,incoming_l1,role_shuffled,3,reward_trace,0.0,fixed,94,5,0.44221105527638194,0fa7806164281bbcd6210ac1a99ac80a77086461a380782cd82ed08047aeedce,3b88b3fd5f19ccdaf4af28416af6b2ac7cd6e97c5b03c5781daa8320bd6f5cb1,0.0,0.0
flywire_783_mb_left_kc512_s702,544,incoming_l1,role_shuffled,3,reward_trace,0.0,stats_only,94,5,0.44221105527638194,0fa7806164281bbcd6210ac1a99ac80a77086461a380782cd82ed08047aeedce,3b88b3fd5f19ccdaf4af28416af6b2ac7cd6e97c5b03c5781daa8320bd6f5cb1,0.0,0.0
flywire_783_mb_left_kc512_s702,544,incoming_l1,role_shuffled,3,reward_trace,0.0,coefficients_only,94,5,0.44221105527638194,0fa7806164281bbcd6210ac1a99ac80a77086461a380782cd82ed08047aeedce,3b88b3fd5f19ccdaf4af28416af6b2ac7cd6e97c5b03c5781daa8320bd6f5cb1,0.0,0.0
flywire_783_mb_left_kc512_s702,544,incoming_l1,role_shuffled,3,reward_trace,0.0,full_refit,94,5,0.44221105527638194,0fa7806164281bbcd6210ac1a99ac80a77086461a380782cd82ed08047aeedce,3b88b3fd5f19ccdaf4af28416af6b2ac7cd6e97c5b03c5781daa8320bd6f5cb1,0.0,0.0
flywire_783_mb_left_kc512_s702,544,incoming_l1,role_shuffled,3,reward_trace,0.01,fixed,94,5,0.45226130653266333,332d41031a708e39cafb2fb58afb0405f18e6ff40b7d75afc4f88656b93be4ca,3b88b3fd5f19ccdaf4af28416af6b2ac7cd6e97c5b03c5781daa8320bd6f5cb1,0.0020395310215237136,2.220446049250313e-16
flywire_783_mb_left_kc512_s702,544,incoming_l1,role_shuffled,3,reward_trace,0.01,stats_only,94,5,0.46733668341708545,332d41031a708e39cafb2fb58afb0405f18e6ff40b7d75afc4f88656b93be4ca,b38261f0d82462fdcd8687e8c83714503db337caa4d6d01448ebc2f82fdb2120,0.0020395310215237136,2.220446049250313e-16
flywire_783_mb_left_kc512_s702,544,incoming_l1,role_shuffled,3,reward_trace,0.01,coefficients_only,94,5,0.4472361809045226,332d41031a708e39cafb2fb58afb0405f18e6ff40b7d75afc4f88656b93be4ca,fba5f71f5ccf895ab649a875bc9bc05401daff60d0cfd00b95d83387fac375b6,0.0020395310215237136,2.220446049250313e-16
flywire_783_mb_left_kc512_s702,544,incoming_l1,role_shuffled,3,reward_trace,0.01,full_refit,94,5,0.4472361809045226,332d41031a708e39cafb2fb58afb0405f18e6ff40b7d75afc4f88656b93be4ca,37c3972b568671c3454c11cf85453bf0710660fb2687ef7f7d20afebf7ae6377,0.0020395310215237136,2.220446049250313e-16
flywire_783_mb_left_kc512_s702,544,incoming_l1,role_shuffled,3,reward_trace,0.03,fixed,94,6,0.4271356783919598,e63d430fd2b7e91365091c9c48ca0b83dbb50fcd688f733bcb355e2b2a55c4f5,3b88b3fd5f19ccdaf4af28416af6b2ac7cd6e97c5b03c5781daa8320bd6f5cb1,0.006118593064571149,2.220446049250313e-16
flywire_783_mb_left_kc512_s702,544,incoming_l1,role_shuffled,3,reward_trace,0.03,stats_only,94,6,0.4271356783919598,e63d430fd2b7e91365091c9c48ca0b83dbb50fcd688f733bcb355e2b2a55c4f5,fa65755596bca91c5dfce9ae92541b15da89d7afbb3aec35b0b5079a3f928c32,0.006118593064571149,2.220446049250313e-16
flywire_783_mb_left_kc512_s702,544,incoming_l1,role_shuffled,3,reward_trace,0.03,coefficients_only,94,5,0.4472361809045226,e63d430fd2b7e91365091c9c48ca0b83dbb50fcd688f733bcb355e2b2a55c4f5,510cad505b612107384d37107b1cd6ec3dca9ff6a234c1ddef0d46181d326163,0.006118593064571149,2.220446049250313e-16
flywire_783_mb_left_kc512_s702,544,incoming_l1,role_shuffled,3,reward_trace,0.03,full_refit,94,5,0.4472361809045226,e63d430fd2b7e91365091c9c48ca0b83dbb50fcd688f733bcb355e2b2a55c4f5,d7c5c54ee4a2bff0762173b165dbb58bb1936ddbb7381bd53775b2c3cc1bc525,0.006118593064571149,2.220446049250313e-16
flywire_783_mb_left_kc512_s702,544,incoming_l1,role_shuffled,3,reward_trace,0.1,fixed,94,5,0.27638190954773867,cd6f09edabe8dadb185b45f19486c1e5934c843bd3db40cc309ec49369894c87,3b88b3fd5f19ccdaf4af28416af6b2ac7cd6e97c5b03c5781daa8320bd6f5cb1,0.020395310215237158,3.3306690738754696e-16
flywire_783_mb_left_kc512_s702,544,incoming_l1,role_shuffled,3,reward_trace,0.1,stats_only,94,5,0.36180904522613067,cd6f09edabe8dadb185b45f19486c1e5934c843bd3db40cc309ec49369894c87,53a678321b6def24c12fab9e69abbb9c17efdbb4c4bc7104d561842a6c36eb6b,0.020395310215237158,3.3306690738754696e-16
flywire_783_mb_left_kc512_s702,544,incoming_l1,role_shuffled,3,reward_trace,0.1,coefficients_only,94,5,0.457286432160804,cd6f09edabe8dadb185b45f19486c1e5934c843bd3db40cc309ec49369894c87,1de76ec5a0e9101098b79dc48476c1addab43d794861256b4841174cff06cbed,0.020395310215237158,3.3306690738754696e-16
flywire_783_mb_left_kc512_s702,544,incoming_l1,role_shuffled,3,reward_trace,0.1,full_refit,94,5,0.457286432160804,cd6f09edabe8dadb185b45f19486c1e5934c843bd3db40cc309ec49369894c87,32be49bb0972fa65d7ec95ebea936df26c97182283b6bae7ff6a09606fa2b391,0.020395310215237158,3.3306690738754696e-16
flywire_783_mb_left_kc512_s702,544,incoming_l1,role_shuffled,3,reward_trace,0.3,fixed,94,1,0.20603015075376885,95266d0db273b30280cc294ab7dcd52c40a205512f34f273aa439afe707e0e01,3b88b3fd5f19ccdaf4af28416af6b2ac7cd6e97c5b03c5781daa8320bd6f5cb1,0.06118593064571146,3.3306690738754696e-16
flywire_783_mb_left_kc512_s702,544,incoming_l1,role_shuffled,3,reward_trace,0.3,stats_only,94,1,0.19597989949748743,95266d0db273b30280cc294ab7dcd52c40a205512f34f273aa439afe707e0e01,f86af6eeeee715ca71f6bb5538e5d0646d475e71fe12e015f06e371f816e4572,0.06118593064571146,3.3306690738754696e-16
flywire_783_mb_left_kc512_s702,544,incoming_l1,role_shuffled,3,reward_trace,0.3,coefficients_only,94,5,0.46733668341708545,95266d0db273b30280cc294ab7dcd52c40a205512f34f273aa439afe707e0e01,492e379793635a5b1c6aa325f611990b6991e3e9b8c7630996c77b2b02ec8429,0.06118593064571146,3.3306690738754696e-16
flywire_783_mb_left_kc512_s702,544,incoming_l1,role_shuffled,3,reward_trace,0.3,full_refit,94,5,0.457286432160804,95266d0db273b30280cc294ab7dcd52c40a205512f34f273aa439afe707e0e01,1b7d7ae973d3f5a3488f94b34cdbf3ab1dd189c3eb7a4c9403f7654d6ce3ca4e,0.06118593064571146,3.3306690738754696e-16
flywire_783_mb_left_kc512_s702,544,incoming_l1,role_shuffled,3,reward_trace,1.0,fixed,94,1,0.1708542713567839,4250cb36c2662eff12ec40a7368da5870c08936b40ef3ec08174c5f030abcaa9,3b88b3fd5f19ccdaf4af28416af6b2ac7cd6e97c5b03c5781daa8320bd6f5cb1,0.20395310215237158,7.771561172376096e-16
flywire_783_mb_left_kc512_s702,544,incoming_l1,role_shuffled,3,reward_trace,1.0,stats_only,94,1,0.1708542713567839,4250cb36c2662eff12ec40a7368da5870c08936b40ef3ec08174c5f030abcaa9,89ff8231edf12c495c171f7bcc81511c630fdeae1b76f77c20ad4fe6172d66bd,0.20395310215237158,7.771561172376096e-16
flywire_783_mb_left_kc512_s702,544,incoming_l1,role_shuffled,3,reward_trace,1.0,coefficients_only,94,5,0.4472361809045226,4250cb36c2662eff12ec40a7368da5870c08936b40ef3ec08174c5f030abcaa9,921ce3b776afef824ff13152f14930976981122dd1578606d1f1ac09fd53fc84,0.20395310215237158,7.771561172376096e-16
flywire_783_mb_left_kc512_s702,544,incoming_l1,role_shuffled,3,reward_trace,1.0,full_refit,94,5,0.4472361809045226,4250cb36c2662eff12ec40a7368da5870c08936b40ef3ec08174c5f030abcaa9,42a0358ddae78ccc29fae84b9f207baa76eeaef4e2721cabd897de000d45300c,0.20395310215237158,7.771561172376096e-16
flywire_783_mb_left_kc512_s702,544,incoming_l1,role_shuffled,3,yoked_reward,0.0,fixed,95,5,0.44221105527638194,0fa7806164281bbcd6210ac1a99ac80a77086461a380782cd82ed08047aeedce,3b88b3fd5f19ccdaf4af28416af6b2ac7cd6e97c5b03c5781daa8320bd6f5cb1,0.0,0.0
flywire_783_mb_left_kc512_s702,544,incoming_l1,role_shuffled,3,yoked_reward,0.0,stats_only,95,5,0.44221105527638194,0fa7806164281bbcd6210ac1a99ac80a77086461a380782cd82ed08047aeedce,3b88b3fd5f19ccdaf4af28416af6b2ac7cd6e97c5b03c5781daa8320bd6f5cb1,0.0,0.0
flywire_783_mb_left_kc512_s702,544,incoming_l1,role_shuffled,3,yoked_reward,0.0,coefficients_only,95,5,0.44221105527638194,0fa7806164281bbcd6210ac1a99ac80a77086461a380782cd82ed08047aeedce,3b88b3fd5f19ccdaf4af28416af6b2ac7cd6e97c5b03c5781daa8320bd6f5cb1,0.0,0.0
flywire_783_mb_left_kc512_s702,544,incoming_l1,role_shuffled,3,yoked_reward,0.0,full_refit,95,5,0.44221105527638194,0fa7806164281bbcd6210ac1a99ac80a77086461a380782cd82ed08047aeedce,3b88b3fd5f19ccdaf4af28416af6b2ac7cd6e97c5b03c5781daa8320bd6f5cb1,0.0,0.0
flywire_783_mb_left_kc512_s702,544,incoming_l1,role_shuffled,3,yoked_reward,0.01,fixed,95,5,0.457286432160804,35ba0fe33c6920c734dfe7891cb51db7365eb50ed49ed7a58a5cbd443c219cd4,3b88b3fd5f19ccdaf4af28416af6b2ac7cd6e97c5b03c5781daa8320bd6f5cb1,0.0017675546851860968,4.440892098500626e-16
flywire_783_mb_left_kc512_s702,544,incoming_l1,role_shuffled,3,yoked_reward,0.01,stats_only,95,5,0.4623115577889447,35ba0fe33c6920c734dfe7891cb51db7365eb50ed49ed7a58a5cbd443c219cd4,869d62b80efc4ca4cb9b192092c076293410f78f60f5fa4faf3b09f0009d05d5,0.0017675546851860968,4.440892098500626e-16
flywire_783_mb_left_kc512_s702,544,incoming_l1,role_shuffled,3,yoked_reward,0.01,coefficients_only,95,5,0.4472361809045226,35ba0fe33c6920c734dfe7891cb51db7365eb50ed49ed7a58a5cbd443c219cd4,4336e550a2d6692675bcdf25f57731e9e53aac59f807dfcc6fdb3bb482ca9d95,0.0017675546851860968,4.440892098500626e-16
flywire_783_mb_left_kc512_s702,544,incoming_l1,role_shuffled,3,yoked_reward,0.01,full_refit,95,5,0.44221105527638194,35ba0fe33c6920c734dfe7891cb51db7365eb50ed49ed7a58a5cbd443c219cd4,17303c3e33226054226813fa8065a0c2f887337db0b8a25fa91e4cb0269f97cb,0.0017675546851860968,4.440892098500626e-16
flywire_783_mb_left_kc512_s702,544,incoming_l1,role_shuffled,3,yoked_reward,0.03,fixed,95,6,0.4623115577889447,5a6505167515a38fdb43223ad04016d90bcae6598bc612934ef6c313397612b9,3b88b3fd5f19ccdaf4af28416af6b2ac7cd6e97c5b03c5781daa8320bd6f5cb1,0.005302664055558283,3.3306690738754696e-16
flywire_783_mb_left_kc512_s702,544,incoming_l1,role_shuffled,3,yoked_reward,0.03,stats_only,95,6,0.46733668341708545,5a6505167515a38fdb43223ad04016d90bcae6598bc612934ef6c313397612b9,16f010fe4cfeb06a9e83cf84c4340a075c3a72a2827cf7427c3dc8c594f67084,0.005302664055558283,3.3306690738754696e-16
flywire_783_mb_left_kc512_s702,544,incoming_l1,role_shuffled,3,yoked_reward,0.03,coefficients_only,95,5,0.4472361809045226,5a6505167515a38fdb43223ad04016d90bcae6598bc612934ef6c313397612b9,eb998bc8e1cb182306c0d463ea4f3a0a2e4e3fa1c5c3d5a744776914778d75a7,0.005302664055558283,3.3306690738754696e-16
flywire_783_mb_left_kc512_s702,544,incoming_l1,role_shuffled,3,yoked_reward,0.03,full_refit,95,5,0.45226130653266333,5a6505167515a38fdb43223ad04016d90bcae6598bc612934ef6c313397612b9,6e3f2e0460f05b8d77d6ff1085a3e1f5680dc4c046f620d32c4859a372a3edbf,0.005302664055558283,3.3306690738754696e-16
flywire_783_mb_left_kc512_s702,544,incoming_l1,role_shuffled,3,yoked_reward,0.1,fixed,95,1,0.36180904522613067,5ed3e065ece935c21d7d19febe045ab2f6bb26ef98d6fe34a0763176ca276fcb,3b88b3fd5f19ccdaf4af28416af6b2ac7cd6e97c5b03c5781daa8320bd6f5cb1,0.01767554685186094,2.220446049250313e-16
flywire_783_mb_left_kc512_s702,544,incoming_l1,role_shuffled,3,yoked_reward,0.1,stats_only,95,1,0.4020100502512563,5ed3e065ece935c21d7d19febe045ab2f6bb26ef98d6fe34a0763176ca276fcb,c87b90b75ca1ff419909fe09ec688e09b22a5050de6b598d54726123f88490fb,0.01767554685186094,2.220446049250313e-16
flywire_783_mb_left_kc512_s702,544,incoming_l1,role_shuffled,3,yoked_reward,0.1,coefficients_only,95,5,0.4321608040201005,5ed3e065ece935c21d7d19febe045ab2f6bb26ef98d6fe34a0763176ca276fcb,8d248954d3fd1da86b6eadfa511c267d1627d54324c9aff702a5552d64ea442c,0.01767554685186094,2.220446049250313e-16
flywire_783_mb_left_kc512_s702,544,incoming_l1,role_shuffled,3,yoked_reward,0.1,full_refit,95,5,0.4472361809045226,5ed3e065ece935c21d7d19febe045ab2f6bb26ef98d6fe34a0763176ca276fcb,9e5a579fa8a8a3d978200ca1e5eb143c82c805ee7165988ca00cc13574104228,0.01767554685186094,2.220446049250313e-16
flywire_783_mb_left_kc512_s702,544,incoming_l1,role_shuffled,3,yoked_reward,0.3,fixed,95,1,0.19597989949748743,38c743be64571bb63e818f70f3a15c3d65e4f29085ba51c5058f8a956f99a751,3b88b3fd5f19ccdaf4af28416af6b2ac7cd6e97c5b03c5781daa8320bd6f5cb1,0.053026640555582816,4.440892098500626e-16
flywire_783_mb_left_kc512_s702,544,incoming_l1,role_shuffled,3,yoked_reward,0.3,stats_only,95,1,0.25125628140703515,38c743be64571bb63e818f70f3a15c3d65e4f29085ba51c5058f8a956f99a751,6d41c724cd15e2259b5b1325d6b1aa17f5565b3fc490656d31fbd9457d9064a2,0.053026640555582816,4.440892098500626e-16
flywire_783_mb_left_kc512_s702,544,incoming_l1,role_shuffled,3,yoked_reward,0.3,coefficients_only,95,5,0.4623115577889447,38c743be64571bb63e818f70f3a15c3d65e4f29085ba51c5058f8a956f99a751,e1f2dfdd80a7cb462e05d13c9a83e89b97f81552544b5de5e2be5c986d7bbaf6,0.053026640555582816,4.440892098500626e-16
flywire_783_mb_left_kc512_s702,544,incoming_l1,role_shuffled,3,yoked_reward,0.3,full_refit,95,5,0.457286432160804,38c743be64571bb63e818f70f3a15c3d65e4f29085ba51c5058f8a956f99a751,cc769724743a90fe8d05ea9f1c428446ec0973c9dae51c94784ec257e9197ffc,0.053026640555582816,4.440892098500626e-16
flywire_783_mb_left_kc512_s702,544,incoming_l1,role_shuffled,3,yoked_reward,1.0,fixed,95,1,0.1407035175879397,6b52721c0d4edf1dc371a332ef28e9060bc164d27df5996d4eaa784640a7feed,3b88b3fd5f19ccdaf4af28416af6b2ac7cd6e97c5b03c5781daa8320bd6f5cb1,0.17675546851860938,8.881784197001252e-16
flywire_783_mb_left_kc512_s702,544,incoming_l1,role_shuffled,3,yoked_reward,1.0,stats_only,95,1,0.1407035175879397,6b52721c0d4edf1dc371a332ef28e9060bc164d27df5996d4eaa784640a7feed,2c4754247c576928e439b9e33375646b7ddce6e85e1489dd0e8a26d3efef4447,0.17675546851860938,8.881784197001252e-16
flywire_783_mb_left_kc512_s702,544,incoming_l1,role_shuffled,3,yoked_reward,1.0,coefficients_only,95,5,0.46733668341708545,6b52721c0d4edf1dc371a332ef28e9060bc164d27df5996d4eaa784640a7feed,dce871f8b8b1435d395eee47404997b5e72e17cc67c99e5df2c350859edca32b,0.17675546851860938,8.881784197001252e-16
flywire_783_mb_left_kc512_s702,544,incoming_l1,role_shuffled,3,yoked_reward,1.0,full_refit,95,5,0.47738693467336685,6b52721c0d4edf1dc371a332ef28e9060bc164d27df5996d4eaa784640a7feed,7ac75ca8ba1428332517793647f16a66e8a2ced35daaf5c901895c5d16d7384f,0.17675546851860938,8.881784197001252e-16
