cohort,block_index,seed,dataset_seed,family,circuit_seed,level,topology,calibration,strength,noise_seed,first_error_position,censored,exact_prefix_bits,clean_prefix,retention,exact_prefix_symbols,teacher_accuracy,expected_energy
discovery,0,680001,690001,random,701,legacy5,intact,own,0.0003,699001,42,False,136.19905189038184,41,1.0,41,0.9543147208121827,9.747445735378063e-11
discovery,0,680001,690001,random,701,legacy5,intact,own,0.0003,699002,42,False,136.19905189038184,41,1.0,41,0.9543147208121827,9.747445735378063e-11
discovery,0,680001,690001,random,701,legacy5,intact,own,0.0003,699003,42,False,136.19905189038184,41,1.0,41,0.9543147208121827,9.747445735378063e-11
discovery,0,680001,690001,random,701,legacy5,intact,coordinate,0.0003,699001,42,False,136.19905189038184,41,1.0,41,0.9543147208121827,1.5064809267276502e-10
discovery,0,680001,690001,random,701,legacy5,intact,coordinate,0.0003,699002,42,False,136.19905189038184,41,1.0,41,0.9593908629441624,1.5064809267276502e-10
discovery,0,680001,690001,random,701,legacy5,intact,coordinate,0.0003,699003,42,False,136.19905189038184,41,1.0,41,0.9543147208121827,1.5064809267276502e-10
discovery,0,680001,690001,random,701,legacy5,intact,own,0.03,699001,10,False,29.89735285398626,41,0.21951219512195122,9,0.8426395939086294,9.747445735378062e-07
discovery,0,680001,690001,random,701,legacy5,intact,own,0.03,699002,18,False,56.47277761308516,41,0.4146341463414634,17,0.8578680203045685,9.747445735378062e-07
discovery,0,680001,690001,random,701,legacy5,intact,own,0.03,699003,12,False,36.541209043760986,41,0.2682926829268293,11,0.8375634517766497,9.747445735378062e-07
discovery,0,680001,690001,random,701,legacy5,intact,coordinate,0.03,699001,7,False,19.931568569324174,41,0.14634146341463414,6,0.7918781725888325,1.5064809267276504e-06
discovery,0,680001,690001,random,701,legacy5,intact,coordinate,0.03,699002,10,False,29.89735285398626,41,0.21951219512195122,9,0.817258883248731,1.5064809267276504e-06
discovery,0,680001,690001,random,701,legacy5,intact,coordinate,0.03,699003,12,False,36.541209043760986,41,0.2682926829268293,11,0.7918781725888325,1.5064809267276504e-06
discovery,0,680001,690001,random,701,legacy5,intact,own,0.3,699001,2,False,3.321928094887362,41,0.024390243902439025,1,0.3197969543147208,9.747445735378062e-05
discovery,0,680001,690001,random,701,legacy5,intact,own,0.3,699002,1,False,0.0,41,0.0,0,0.3553299492385787,9.747445735378062e-05
discovery,0,680001,690001,random,701,legacy5,intact,own,0.3,699003,3,False,6.643856189774724,41,0.04878048780487805,2,0.39086294416243655,9.747445735378062e-05
discovery,0,680001,690001,random,701,legacy5,intact,coordinate,0.3,699001,2,False,3.321928094887362,41,0.024390243902439025,1,0.30456852791878175,0.00015064809267276502
discovery,0,680001,690001,random,701,legacy5,intact,coordinate,0.3,699002,1,False,0.0,41,0.0,0,0.30456852791878175,0.00015064809267276502
discovery,0,680001,690001,random,701,legacy5,intact,coordinate,0.3,699003,3,False,6.643856189774724,41,0.04878048780487805,2,0.3350253807106599,0.00015064809267276502
discovery,0,680001,690001,random,701,legacy5,degree,own,0.0003,699001,33,False,106.30169903639559,32,1.0,32,0.7969543147208121,5.541180220621127e-10
discovery,0,680001,690001,random,701,legacy5,degree,own,0.0003,699002,33,False,106.30169903639559,32,1.0,32,0.8020304568527918,5.541180220621127e-10
discovery,0,680001,690001,random,701,legacy5,degree,own,0.0003,699003,33,False,106.30169903639559,32,1.0,32,0.7969543147208121,5.541180220621127e-10
discovery,0,680001,690001,random,701,legacy5,degree,coordinate,0.0003,699001,33,False,106.30169903639559,32,1.0,32,0.7969543147208121,1.8017327093267509e-09
discovery,0,680001,690001,random,701,legacy5,degree,coordinate,0.0003,699002,33,False,106.30169903639559,32,1.0,32,0.8020304568527918,1.8017327093267509e-09
discovery,0,680001,690001,random,701,legacy5,degree,coordinate,0.0003,699003,33,False,106.30169903639559,32,1.0,32,0.7969543147208121,1.8017327093267509e-09
discovery,0,680001,690001,random,701,legacy5,degree,own,0.03,699001,28,False,89.69205856195877,32,0.84375,27,0.7563451776649747,5.541180220621128e-06
discovery,0,680001,690001,random,701,legacy5,degree,own,0.03,699002,33,False,106.30169903639559,32,1.0,32,0.7461928934010152,5.541180220621128e-06
discovery,0,680001,690001,random,701,legacy5,degree,own,0.03,699003,33,False,106.30169903639559,32,1.0,32,0.751269035532995,5.541180220621128e-06
discovery,0,680001,690001,random,701,legacy5,degree,coordinate,0.03,699001,6,False,16.609640474436812,32,0.15625,5,0.7157360406091371,1.8017327093267508e-05
discovery,0,680001,690001,random,701,legacy5,degree,coordinate,0.03,699002,2,False,3.321928094887362,32,0.03125,1,0.6802030456852792,1.8017327093267508e-05
discovery,0,680001,690001,random,701,legacy5,degree,coordinate,0.03,699003,2,False,3.321928094887362,32,0.03125,1,0.6649746192893401,1.8017327093267508e-05
discovery,0,680001,690001,random,701,legacy5,degree,own,0.3,699001,2,False,3.321928094887362,32,0.03125,1,0.39086294416243655,0.0005541180220621127
discovery,0,680001,690001,random,701,legacy5,degree,own,0.3,699002,2,False,3.321928094887362,32,0.03125,1,0.4213197969543147,0.0005541180220621127
discovery,0,680001,690001,random,701,legacy5,degree,own,0.3,699003,2,False,3.321928094887362,32,0.03125,1,0.43147208121827413,0.0005541180220621127
discovery,0,680001,690001,random,701,legacy5,degree,coordinate,0.3,699001,2,False,3.321928094887362,32,0.03125,1,0.2893401015228426,0.0018017327093267509
discovery,0,680001,690001,random,701,legacy5,degree,coordinate,0.3,699002,2,False,3.321928094887362,32,0.03125,1,0.28426395939086296,0.0018017327093267509
discovery,0,680001,690001,random,701,legacy5,degree,coordinate,0.3,699003,1,False,0.0,32,0.0,0,0.34517766497461927,0.0018017327093267509
discovery,0,680001,690001,random,701,legacy5,role,own,0.0003,699001,49,False,159.4525485545934,48,1.0,48,0.868020304568528,8.124291887564823e-11
discovery,0,680001,690001,random,701,legacy5,role,own,0.0003,699002,49,False,159.4525485545934,48,1.0,48,0.868020304568528,8.124291887564823e-11
discovery,0,680001,690001,random,701,legacy5,role,own,0.0003,699003,49,False,159.4525485545934,48,1.0,48,0.868020304568528,8.124291887564823e-11
discovery,0,680001,690001,random,701,legacy5,role,coordinate,0.0003,699001,49,False,159.4525485545934,48,1.0,48,0.868020304568528,1.7918302368139235e-10
discovery,0,680001,690001,random,701,legacy5,role,coordinate,0.0003,699002,49,False,159.4525485545934,48,1.0,48,0.868020304568528,1.7918302368139235e-10
discovery,0,680001,690001,random,701,legacy5,role,coordinate,0.0003,699003,49,False,159.4525485545934,48,1.0,48,0.868020304568528,1.7918302368139235e-10
discovery,0,680001,690001,random,701,legacy5,role,own,0.03,699001,49,False,159.4525485545934,48,1.0,48,0.8578680203045685,8.124291887564822e-07
discovery,0,680001,690001,random,701,legacy5,role,own,0.03,699002,34,False,109.62362713128296,48,0.6875,33,0.8375634517766497,8.124291887564822e-07
discovery,0,680001,690001,random,701,legacy5,role,own,0.03,699003,34,False,109.62362713128296,48,0.6875,33,0.8527918781725888,8.124291887564822e-07
discovery,0,680001,690001,random,701,legacy5,role,coordinate,0.03,699001,7,False,19.931568569324174,48,0.125,6,0.8121827411167513,1.7918302368139234e-06
discovery,0,680001,690001,random,701,legacy5,role,coordinate,0.03,699002,28,False,89.69205856195877,48,0.5625,27,0.8071065989847716,1.7918302368139234e-06
discovery,0,680001,690001,random,701,legacy5,role,coordinate,0.03,699003,10,False,29.89735285398626,48,0.1875,9,0.8121827411167513,1.7918302368139234e-06
discovery,0,680001,690001,random,701,legacy5,role,own,0.3,699001,2,False,3.321928094887362,48,0.020833333333333332,1,0.4873096446700508,8.124291887564824e-05
discovery,0,680001,690001,random,701,legacy5,role,own,0.3,699002,1,False,0.0,48,0.0,0,0.4365482233502538,8.124291887564824e-05
discovery,0,680001,690001,random,701,legacy5,role,own,0.3,699003,1,False,0.0,48,0.0,0,0.48223350253807107,8.124291887564824e-05
discovery,0,680001,690001,random,701,legacy5,role,coordinate,0.3,699001,2,False,3.321928094887362,48,0.020833333333333332,1,0.4010152284263959,0.00017918302368139235
discovery,0,680001,690001,random,701,legacy5,role,coordinate,0.3,699002,1,False,0.0,48,0.0,0,0.37055837563451777,0.00017918302368139235
discovery,0,680001,690001,random,701,legacy5,role,coordinate,0.3,699003,1,False,0.0,48,0.0,0,0.41624365482233505,0.00017918302368139235
discovery,0,680001,690001,random,702,legacy5,intact,own,0.0003,699001,35,False,112.94555522617031,34,1.0,34,0.7766497461928934,6.764571738536475e-11
discovery,0,680001,690001,random,702,legacy5,intact,own,0.0003,699002,35,False,112.94555522617031,34,1.0,34,0.7766497461928934,6.764571738536475e-11
discovery,0,680001,690001,random,702,legacy5,intact,own,0.0003,699003,35,False,112.94555522617031,34,1.0,34,0.7766497461928934,6.764571738536475e-11
discovery,0,680001,690001,random,702,legacy5,intact,coordinate,0.0003,699001,35,False,112.94555522617031,34,1.0,34,0.7766497461928934,1.3732619321914206e-10
discovery,0,680001,690001,random,702,legacy5,intact,coordinate,0.0003,699002,35,False,112.94555522617031,34,1.0,34,0.7766497461928934,1.3732619321914206e-10
discovery,0,680001,690001,random,702,legacy5,intact,coordinate,0.0003,699003,35,False,112.94555522617031,34,1.0,34,0.7766497461928934,1.3732619321914206e-10
discovery,0,680001,690001,random,702,legacy5,intact,own,0.03,699001,35,False,112.94555522617031,34,1.0,34,0.766497461928934,6.764571738536478e-07
discovery,0,680001,690001,random,702,legacy5,intact,own,0.03,699002,35,False,112.94555522617031,34,1.0,34,0.7614213197969543,6.764571738536478e-07
discovery,0,680001,690001,random,702,legacy5,intact,own,0.03,699003,35,False,112.94555522617031,34,1.0,34,0.7614213197969543,6.764571738536478e-07
discovery,0,680001,690001,random,702,legacy5,intact,coordinate,0.03,699001,14,False,43.18506523353571,34,0.38235294117647056,13,0.7563451776649747,1.373261932191421e-06
discovery,0,680001,690001,random,702,legacy5,intact,coordinate,0.03,699002,35,False,112.94555522617031,34,1.0,34,0.7563451776649747,1.373261932191421e-06
discovery,0,680001,690001,random,702,legacy5,intact,coordinate,0.03,699003,14,False,43.18506523353571,34,0.38235294117647056,13,0.751269035532995,1.373261932191421e-06
discovery,0,680001,690001,random,702,legacy5,intact,own,0.3,699001,1,False,0.0,34,0.0,0,0.4619289340101523,6.764571738536478e-05
discovery,0,680001,690001,random,702,legacy5,intact,own,0.3,699002,2,False,3.321928094887362,34,0.029411764705882353,1,0.4416243654822335,6.764571738536478e-05
discovery,0,680001,690001,random,702,legacy5,intact,own,0.3,699003,1,False,0.0,34,0.0,0,0.4213197969543147,6.764571738536478e-05
discovery,0,680001,690001,random,702,legacy5,intact,coordinate,0.3,699001,1,False,0.0,34,0.0,0,0.350253807106599,0.00013732619321914208
discovery,0,680001,690001,random,702,legacy5,intact,coordinate,0.3,699002,2,False,3.321928094887362,34,0.029411764705882353,1,0.3553299492385787,0.00013732619321914208
discovery,0,680001,690001,random,702,legacy5,intact,coordinate,0.3,699003,1,False,0.0,34,0.0,0,0.39593908629441626,0.00013732619321914208
discovery,0,680001,690001,random,702,legacy5,degree,own,0.0003,699001,24,False,76.40434618240933,23,1.0,23,0.7360406091370558,5.511952476995861e-10
discovery,0,680001,690001,random,702,legacy5,degree,own,0.0003,699002,24,False,76.40434618240933,23,1.0,23,0.7360406091370558,5.511952476995861e-10
discovery,0,680001,690001,random,702,legacy5,degree,own,0.0003,699003,24,False,76.40434618240933,23,1.0,23,0.7360406091370558,5.511952476995861e-10
discovery,0,680001,690001,random,702,legacy5,degree,coordinate,0.0003,699001,24,False,76.40434618240933,23,1.0,23,0.7360406091370558,2.7963785106683425e-09
discovery,0,680001,690001,random,702,legacy5,degree,coordinate,0.0003,699002,24,False,76.40434618240933,23,1.0,23,0.7360406091370558,2.7963785106683425e-09
discovery,0,680001,690001,random,702,legacy5,degree,coordinate,0.0003,699003,24,False,76.40434618240933,23,1.0,23,0.7360406091370558,2.7963785106683425e-09
discovery,0,680001,690001,random,702,legacy5,degree,own,0.03,699001,24,False,76.40434618240933,23,1.0,23,0.7157360406091371,5.511952476995862e-06
discovery,0,680001,690001,random,702,legacy5,degree,own,0.03,699002,24,False,76.40434618240933,23,1.0,23,0.7106598984771574,5.511952476995862e-06
discovery,0,680001,690001,random,702,legacy5,degree,own,0.03,699003,24,False,76.40434618240933,23,1.0,23,0.7106598984771574,5.511952476995862e-06
discovery,0,680001,690001,random,702,legacy5,degree,coordinate,0.03,699001,17,False,53.150849518197795,23,0.6956521739130435,16,0.6751269035532995,2.7963785106683427e-05
discovery,0,680001,690001,random,702,legacy5,degree,coordinate,0.03,699002,1,False,0.0,23,0.0,0,0.6700507614213198,2.7963785106683427e-05
discovery,0,680001,690001,random,702,legacy5,degree,coordinate,0.03,699003,10,False,29.89735285398626,23,0.391304347826087,9,0.6548223350253807,2.7963785106683427e-05
discovery,0,680001,690001,random,702,legacy5,degree,own,0.3,699001,4,False,9.965784284662087,23,0.13043478260869565,3,0.47715736040609136,0.0005511952476995861
discovery,0,680001,690001,random,702,legacy5,degree,own,0.3,699002,1,False,0.0,23,0.0,0,0.49746192893401014,0.0005511952476995861
discovery,0,680001,690001,random,702,legacy5,degree,own,0.3,699003,1,False,0.0,23,0.0,0,0.4873096446700508,0.0005511952476995861
discovery,0,680001,690001,random,702,legacy5,degree,coordinate,0.3,699001,2,False,3.321928094887362,23,0.043478260869565216,1,0.3248730964467005,0.0027963785106683427
discovery,0,680001,690001,random,702,legacy5,degree,coordinate,0.3,699002,1,False,0.0,23,0.0,0,0.36548223350253806,0.0027963785106683427
discovery,0,680001,690001,random,702,legacy5,degree,coordinate,0.3,699003,1,False,0.0,23,0.0,0,0.3553299492385787,0.0027963785106683427
discovery,0,680001,690001,random,702,legacy5,role,own,0.0003,699001,37,False,119.58941141594504,36,1.0,36,0.8934010152284264,6.342756933253229e-11
discovery,0,680001,690001,random,702,legacy5,role,own,0.0003,699002,37,False,119.58941141594504,36,1.0,36,0.8934010152284264,6.342756933253229e-11
discovery,0,680001,690001,random,702,legacy5,role,own,0.0003,699003,37,False,119.58941141594504,36,1.0,36,0.8934010152284264,6.342756933253229e-11
discovery,0,680001,690001,random,702,legacy5,role,coordinate,0.0003,699001,37,False,119.58941141594504,36,1.0,36,0.8934010152284264,1.342993200932788e-10
discovery,0,680001,690001,random,702,legacy5,role,coordinate,0.0003,699002,37,False,119.58941141594504,36,1.0,36,0.8934010152284264,1.342993200932788e-10
discovery,0,680001,690001,random,702,legacy5,role,coordinate,0.0003,699003,37,False,119.58941141594504,36,1.0,36,0.8934010152284264,1.342993200932788e-10
discovery,0,680001,690001,random,702,legacy5,role,own,0.03,699001,11,False,33.219280948873624,36,0.2777777777777778,10,0.8527918781725888,6.34275693325323e-07
discovery,0,680001,690001,random,702,legacy5,role,own,0.03,699002,7,False,19.931568569324174,36,0.16666666666666666,6,0.8223350253807107,6.34275693325323e-07
discovery,0,680001,690001,random,702,legacy5,role,own,0.03,699003,23,False,73.08241808752197,36,0.6111111111111112,22,0.8274111675126904,6.34275693325323e-07
discovery,0,680001,690001,random,702,legacy5,role,coordinate,0.03,699001,7,False,19.931568569324174,36,0.16666666666666666,6,0.8020304568527918,1.3429932009327883e-06
discovery,0,680001,690001,random,702,legacy5,role,coordinate,0.03,699002,7,False,19.931568569324174,36,0.16666666666666666,6,0.766497461928934,1.3429932009327883e-06
discovery,0,680001,690001,random,702,legacy5,role,coordinate,0.03,699003,22,False,69.7604899926346,36,0.5833333333333334,21,0.7868020304568528,1.3429932009327883e-06
discovery,0,680001,690001,random,702,legacy5,role,own,0.3,699001,3,False,6.643856189774724,36,0.05555555555555555,2,0.41624365482233505,6.34275693325323e-05
discovery,0,680001,690001,random,702,legacy5,role,own,0.3,699002,1,False,0.0,36,0.0,0,0.39593908629441626,6.34275693325323e-05
discovery,0,680001,690001,random,702,legacy5,role,own,0.3,699003,6,False,16.609640474436812,36,0.1388888888888889,5,0.48223350253807107,6.34275693325323e-05
discovery,0,680001,690001,random,702,legacy5,role,coordinate,0.3,699001,2,False,3.321928094887362,36,0.027777777777777776,1,0.38578680203045684,0.0001342993200932788
discovery,0,680001,690001,random,702,legacy5,role,coordinate,0.3,699002,1,False,0.0,36,0.0,0,0.27918781725888325,0.0001342993200932788
discovery,0,680001,690001,random,702,legacy5,role,coordinate,0.3,699003,6,False,16.609640474436812,36,0.1388888888888889,5,0.40609137055837563,0.0001342993200932788
discovery,0,680001,690001,pi,701,legacy5,intact,own,0.0003,699001,42,False,136.19905189038184,41,1.0,41,0.7918781725888325,8.407639590523276e-11
discovery,0,680001,690001,pi,701,legacy5,intact,own,0.0003,699002,42,False,136.19905189038184,41,1.0,41,0.7918781725888325,8.407639590523276e-11
discovery,0,680001,690001,pi,701,legacy5,intact,own,0.0003,699003,42,False,136.19905189038184,41,1.0,41,0.7918781725888325,8.407639590523276e-11
discovery,0,680001,690001,pi,701,legacy5,intact,coordinate,0.0003,699001,42,False,136.19905189038184,41,1.0,41,0.7918781725888325,1.4034581433707508e-10
discovery,0,680001,690001,pi,701,legacy5,intact,coordinate,0.0003,699002,42,False,136.19905189038184,41,1.0,41,0.7918781725888325,1.4034581433707508e-10
discovery,0,680001,690001,pi,701,legacy5,intact,coordinate,0.0003,699003,42,False,136.19905189038184,41,1.0,41,0.7918781725888325,1.4034581433707508e-10
discovery,0,680001,690001,pi,701,legacy5,intact,own,0.03,699001,8,False,23.253496664211536,41,0.17073170731707318,7,0.7563451776649747,8.407639590523277e-07
discovery,0,680001,690001,pi,701,legacy5,intact,own,0.03,699002,14,False,43.18506523353571,41,0.3170731707317073,13,0.7461928934010152,8.407639590523277e-07
discovery,0,680001,690001,pi,701,legacy5,intact,own,0.03,699003,28,False,89.69205856195877,41,0.6585365853658537,27,0.751269035532995,8.407639590523277e-07
discovery,0,680001,690001,pi,701,legacy5,intact,coordinate,0.03,699001,8,False,23.253496664211536,41,0.17073170731707318,7,0.7461928934010152,1.403458143370751e-06
discovery,0,680001,690001,pi,701,legacy5,intact,coordinate,0.03,699002,14,False,43.18506523353571,41,0.3170731707317073,13,0.7309644670050761,1.403458143370751e-06
discovery,0,680001,690001,pi,701,legacy5,intact,coordinate,0.03,699003,28,False,89.69205856195877,41,0.6585365853658537,27,0.7106598984771574,1.403458143370751e-06
discovery,0,680001,690001,pi,701,legacy5,intact,own,0.3,699001,4,False,9.965784284662087,41,0.07317073170731707,3,0.41624365482233505,8.407639590523276e-05
discovery,0,680001,690001,pi,701,legacy5,intact,own,0.3,699002,1,False,0.0,41,0.0,0,0.3553299492385787,8.407639590523276e-05
discovery,0,680001,690001,pi,701,legacy5,intact,own,0.3,699003,2,False,3.321928094887362,41,0.024390243902439025,1,0.350253807106599,8.407639590523276e-05
discovery,0,680001,690001,pi,701,legacy5,intact,coordinate,0.3,699001,4,False,9.965784284662087,41,0.07317073170731707,3,0.3756345177664975,0.0001403458143370751
discovery,0,680001,690001,pi,701,legacy5,intact,coordinate,0.3,699002,1,False,0.0,41,0.0,0,0.28426395939086296,0.0001403458143370751
discovery,0,680001,690001,pi,701,legacy5,intact,coordinate,0.3,699003,2,False,3.321928094887362,41,0.024390243902439025,1,0.3096446700507614,0.0001403458143370751
discovery,0,680001,690001,pi,701,legacy5,degree,own,0.0003,699001,33,False,106.30169903639559,32,1.0,32,0.6802030456852792,4.819268199672724e-10
discovery,0,680001,690001,pi,701,legacy5,degree,own,0.0003,699002,33,False,106.30169903639559,32,1.0,32,0.6802030456852792,4.819268199672724e-10
discovery,0,680001,690001,pi,701,legacy5,degree,own,0.0003,699003,33,False,106.30169903639559,32,1.0,32,0.6802030456852792,4.819268199672724e-10
discovery,0,680001,690001,pi,701,legacy5,degree,coordinate,0.0003,699001,33,False,106.30169903639559,32,1.0,32,0.6802030456852792,1.7624833549889191e-09
discovery,0,680001,690001,pi,701,legacy5,degree,coordinate,0.0003,699002,33,False,106.30169903639559,32,1.0,32,0.6802030456852792,1.7624833549889191e-09
discovery,0,680001,690001,pi,701,legacy5,degree,coordinate,0.0003,699003,33,False,106.30169903639559,32,1.0,32,0.6802030456852792,1.7624833549889191e-09
discovery,0,680001,690001,pi,701,legacy5,degree,own,0.03,699001,29,False,93.01398665684614,32,0.875,28,0.6548223350253807,4.819268199672724e-06
discovery,0,680001,690001,pi,701,legacy5,degree,own,0.03,699002,33,False,106.30169903639559,32,1.0,32,0.6649746192893401,4.819268199672724e-06
discovery,0,680001,690001,pi,701,legacy5,degree,own,0.03,699003,33,False,106.30169903639559,32,1.0,32,0.6598984771573604,4.819268199672724e-06
discovery,0,680001,690001,pi,701,legacy5,degree,coordinate,0.03,699001,29,False,93.01398665684614,32,0.875,28,0.6243654822335025,1.7624833549889193e-05
discovery,0,680001,690001,pi,701,legacy5,degree,coordinate,0.03,699002,25,False,79.7262742772967,32,0.75,24,0.6243654822335025,1.7624833549889193e-05
discovery,0,680001,690001,pi,701,legacy5,degree,coordinate,0.03,699003,25,False,79.7262742772967,32,0.75,24,0.6040609137055838,1.7624833549889193e-05
discovery,0,680001,690001,pi,701,legacy5,degree,own,0.3,699001,3,False,6.643856189774724,32,0.0625,2,0.45685279187817257,0.0004819268199672725
discovery,0,680001,690001,pi,701,legacy5,degree,own,0.3,699002,4,False,9.965784284662087,32,0.09375,3,0.43147208121827413,0.0004819268199672725
discovery,0,680001,690001,pi,701,legacy5,degree,own,0.3,699003,2,False,3.321928094887362,32,0.03125,1,0.467005076142132,0.0004819268199672725
discovery,0,680001,690001,pi,701,legacy5,degree,coordinate,0.3,699001,3,False,6.643856189774724,32,0.0625,2,0.3604060913705584,0.0017624833549889196
discovery,0,680001,690001,pi,701,legacy5,degree,coordinate,0.3,699002,4,False,9.965784284662087,32,0.09375,3,0.3401015228426396,0.0017624833549889196
discovery,0,680001,690001,pi,701,legacy5,degree,coordinate,0.3,699003,2,False,3.321928094887362,32,0.03125,1,0.3604060913705584,0.0017624833549889196
discovery,0,680001,690001,pi,701,legacy5,role,own,0.0003,699001,40,False,129.55519570060713,39,1.0,39,0.8781725888324873,7.455988776388282e-11
discovery,0,680001,690001,pi,701,legacy5,role,own,0.0003,699002,40,False,129.55519570060713,39,1.0,39,0.8781725888324873,7.455988776388282e-11
discovery,0,680001,690001,pi,701,legacy5,role,own,0.0003,699003,40,False,129.55519570060713,39,1.0,39,0.8781725888324873,7.455988776388282e-11
discovery,0,680001,690001,pi,701,legacy5,role,coordinate,0.0003,699001,40,False,129.55519570060713,39,1.0,39,0.8781725888324873,1.5343299773953938e-10
discovery,0,680001,690001,pi,701,legacy5,role,coordinate,0.0003,699002,40,False,129.55519570060713,39,1.0,39,0.8781725888324873,1.5343299773953938e-10
discovery,0,680001,690001,pi,701,legacy5,role,coordinate,0.0003,699003,40,False,129.55519570060713,39,1.0,39,0.8781725888324873,1.5343299773953938e-10
discovery,0,680001,690001,pi,701,legacy5,role,own,0.03,699001,40,False,129.55519570060713,39,1.0,39,0.8274111675126904,7.455988776388283e-07
discovery,0,680001,690001,pi,701,legacy5,role,own,0.03,699002,3,False,6.643856189774724,39,0.05128205128205128,2,0.8020304568527918,7.455988776388283e-07
discovery,0,680001,690001,pi,701,legacy5,role,own,0.03,699003,40,False,129.55519570060713,39,1.0,39,0.8426395939086294,7.455988776388283e-07
discovery,0,680001,690001,pi,701,legacy5,role,coordinate,0.03,699001,12,False,36.541209043760986,39,0.28205128205128205,11,0.7817258883248731,1.5343299773953938e-06
discovery,0,680001,690001,pi,701,legacy5,role,coordinate,0.03,699002,3,False,6.643856189774724,39,0.05128205128205128,2,0.7360406091370558,1.5343299773953938e-06
discovery,0,680001,690001,pi,701,legacy5,role,coordinate,0.03,699003,40,False,129.55519570060713,39,1.0,39,0.8071065989847716,1.5343299773953938e-06
discovery,0,680001,690001,pi,701,legacy5,role,own,0.3,699001,1,False,0.0,39,0.0,0,0.4619289340101523,7.455988776388282e-05
discovery,0,680001,690001,pi,701,legacy5,role,own,0.3,699002,2,False,3.321928094887362,39,0.02564102564102564,1,0.4010152284263959,7.455988776388282e-05
discovery,0,680001,690001,pi,701,legacy5,role,own,0.3,699003,2,False,3.321928094887362,39,0.02564102564102564,1,0.4467005076142132,7.455988776388282e-05
discovery,0,680001,690001,pi,701,legacy5,role,coordinate,0.3,699001,1,False,0.0,39,0.0,0,0.37055837563451777,0.00015343299773953938
discovery,0,680001,690001,pi,701,legacy5,role,coordinate,0.3,699002,2,False,3.321928094887362,39,0.02564102564102564,1,0.3248730964467005,0.00015343299773953938
discovery,0,680001,690001,pi,701,legacy5,role,coordinate,0.3,699003,2,False,3.321928094887362,39,0.02564102564102564,1,0.37055837563451777,0.00015343299773953938
discovery,0,680001,690001,pi,702,legacy5,intact,own,0.0003,699001,5,False,13.287712379549449,4,1.0,4,0.8274111675126904,6.467028658090004e-11
discovery,0,680001,690001,pi,702,legacy5,intact,own,0.0003,699002,5,False,13.287712379549449,4,1.0,4,0.8324873096446701,6.467028658090004e-11
discovery,0,680001,690001,pi,702,legacy5,intact,own,0.0003,699003,5,False,13.287712379549449,4,1.0,4,0.8324873096446701,6.467028658090004e-11
discovery,0,680001,690001,pi,702,legacy5,intact,coordinate,0.0003,699001,5,False,13.287712379549449,4,1.0,4,0.8274111675126904,1.1877754335048197e-10
discovery,0,680001,690001,pi,702,legacy5,intact,coordinate,0.0003,699002,5,False,13.287712379549449,4,1.0,4,0.8324873096446701,1.1877754335048197e-10
discovery,0,680001,690001,pi,702,legacy5,intact,coordinate,0.0003,699003,5,False,13.287712379549449,4,1.0,4,0.8324873096446701,1.1877754335048197e-10
discovery,0,680001,690001,pi,702,legacy5,intact,own,0.03,699001,5,False,13.287712379549449,4,1.0,4,0.7969543147208121,6.467028658090005e-07
discovery,0,680001,690001,pi,702,legacy5,intact,own,0.03,699002,5,False,13.287712379549449,4,1.0,4,0.7715736040609137,6.467028658090005e-07
discovery,0,680001,690001,pi,702,legacy5,intact,own,0.03,699003,5,False,13.287712379549449,4,1.0,4,0.8071065989847716,6.467028658090005e-07
discovery,0,680001,690001,pi,702,legacy5,intact,coordinate,0.03,699001,5,False,13.287712379549449,4,1.0,4,0.7563451776649747,1.1877754335048198e-06
discovery,0,680001,690001,pi,702,legacy5,intact,coordinate,0.03,699002,5,False,13.287712379549449,4,1.0,4,0.7309644670050761,1.1877754335048198e-06
discovery,0,680001,690001,pi,702,legacy5,intact,coordinate,0.03,699003,5,False,13.287712379549449,4,1.0,4,0.7461928934010152,1.1877754335048198e-06
discovery,0,680001,690001,pi,702,legacy5,intact,own,0.3,699001,2,False,3.321928094887362,4,0.25,1,0.37055837563451777,6.467028658090006e-05
discovery,0,680001,690001,pi,702,legacy5,intact,own,0.3,699002,3,False,6.643856189774724,4,0.5,2,0.39086294416243655,6.467028658090006e-05
discovery,0,680001,690001,pi,702,legacy5,intact,own,0.3,699003,2,False,3.321928094887362,4,0.25,1,0.3401015228426396,6.467028658090006e-05
discovery,0,680001,690001,pi,702,legacy5,intact,coordinate,0.3,699001,1,False,0.0,4,0.0,0,0.3197969543147208,0.00011877754335048199
discovery,0,680001,690001,pi,702,legacy5,intact,coordinate,0.3,699002,3,False,6.643856189774724,4,0.5,2,0.34517766497461927,0.00011877754335048199
discovery,0,680001,690001,pi,702,legacy5,intact,coordinate,0.3,699003,2,False,3.321928094887362,4,0.25,1,0.25888324873096447,0.00011877754335048199
discovery,0,680001,690001,pi,702,legacy5,degree,own,0.0003,699001,36,False,116.26748332105768,35,1.0,35,0.6751269035532995,5.76550178517704e-10
discovery,0,680001,690001,pi,702,legacy5,degree,own,0.0003,699002,36,False,116.26748332105768,35,1.0,35,0.6751269035532995,5.76550178517704e-10
discovery,0,680001,690001,pi,702,legacy5,degree,own,0.0003,699003,36,False,116.26748332105768,35,1.0,35,0.6751269035532995,5.76550178517704e-10
discovery,0,680001,690001,pi,702,legacy5,degree,coordinate,0.0003,699001,36,False,116.26748332105768,35,1.0,35,0.6751269035532995,2.510387542691337e-09
discovery,0,680001,690001,pi,702,legacy5,degree,coordinate,0.0003,699002,36,False,116.26748332105768,35,1.0,35,0.6751269035532995,2.510387542691337e-09
discovery,0,680001,690001,pi,702,legacy5,degree,coordinate,0.0003,699003,36,False,116.26748332105768,35,1.0,35,0.6751269035532995,2.510387542691337e-09
discovery,0,680001,690001,pi,702,legacy5,degree,own,0.03,699001,1,False,0.0,35,0.0,0,0.6548223350253807,5.765501785177042e-06
discovery,0,680001,690001,pi,702,legacy5,degree,own,0.03,699002,20,False,63.11663380285988,35,0.5428571428571428,19,0.6598984771573604,5.765501785177042e-06
discovery,0,680001,690001,pi,702,legacy5,degree,own,0.03,699003,36,False,116.26748332105768,35,1.0,35,0.6548223350253807,5.765501785177042e-06
discovery,0,680001,690001,pi,702,legacy5,degree,coordinate,0.03,699001,1,False,0.0,35,0.0,0,0.6294416243654822,2.5103875426913374e-05
discovery,0,680001,690001,pi,702,legacy5,degree,coordinate,0.03,699002,17,False,53.150849518197795,35,0.45714285714285713,16,0.6294416243654822,2.5103875426913374e-05
discovery,0,680001,690001,pi,702,legacy5,degree,coordinate,0.03,699003,36,False,116.26748332105768,35,1.0,35,0.6345177664974619,2.5103875426913374e-05
discovery,0,680001,690001,pi,702,legacy5,degree,own,0.3,699001,1,False,0.0,35,0.0,0,0.38071065989847713,0.0005765501785177041
discovery,0,680001,690001,pi,702,legacy5,degree,own,0.3,699002,4,False,9.965784284662087,35,0.08571428571428572,3,0.43147208121827413,0.0005765501785177041
discovery,0,680001,690001,pi,702,legacy5,degree,own,0.3,699003,4,False,9.965784284662087,35,0.08571428571428572,3,0.4365482233502538,0.0005765501785177041
discovery,0,680001,690001,pi,702,legacy5,degree,coordinate,0.3,699001,1,False,0.0,35,0.0,0,0.29949238578680204,0.0025103875426913374
discovery,0,680001,690001,pi,702,legacy5,degree,coordinate,0.3,699002,4,False,9.965784284662087,35,0.08571428571428572,3,0.30456852791878175,0.0025103875426913374
discovery,0,680001,690001,pi,702,legacy5,degree,coordinate,0.3,699003,2,False,3.321928094887362,35,0.02857142857142857,1,0.3248730964467005,0.0025103875426913374
discovery,0,680001,690001,pi,702,legacy5,role,own,0.0003,699001,39,False,126.23326760571976,38,1.0,38,0.8984771573604061,5.592668666568256e-11
discovery,0,680001,690001,pi,702,legacy5,role,own,0.0003,699002,39,False,126.23326760571976,38,1.0,38,0.8984771573604061,5.592668666568256e-11
discovery,0,680001,690001,pi,702,legacy5,role,own,0.0003,699003,39,False,126.23326760571976,38,1.0,38,0.8984771573604061,5.592668666568256e-11
discovery,0,680001,690001,pi,702,legacy5,role,coordinate,0.0003,699001,39,False,126.23326760571976,38,1.0,38,0.8984771573604061,1.239814987014447e-10
discovery,0,680001,690001,pi,702,legacy5,role,coordinate,0.0003,699002,39,False,126.23326760571976,38,1.0,38,0.8984771573604061,1.239814987014447e-10
discovery,0,680001,690001,pi,702,legacy5,role,coordinate,0.0003,699003,39,False,126.23326760571976,38,1.0,38,0.8984771573604061,1.239814987014447e-10
discovery,0,680001,690001,pi,702,legacy5,role,own,0.03,699001,39,False,126.23326760571976,38,1.0,38,0.8730964467005076,5.592668666568258e-07
discovery,0,680001,690001,pi,702,legacy5,role,own,0.03,699002,4,False,9.965784284662087,38,0.07894736842105263,3,0.8375634517766497,5.592668666568258e-07
discovery,0,680001,690001,pi,702,legacy5,role,own,0.03,699003,38,False,122.9113395108324,38,0.9736842105263158,37,0.8527918781725888,5.592668666568258e-07
discovery,0,680001,690001,pi,702,legacy5,role,coordinate,0.03,699001,4,False,9.965784284662087,38,0.07894736842105263,3,0.8121827411167513,1.2398149870144474e-06
discovery,0,680001,690001,pi,702,legacy5,role,coordinate,0.03,699002,4,False,9.965784284662087,38,0.07894736842105263,3,0.7766497461928934,1.2398149870144474e-06
discovery,0,680001,690001,pi,702,legacy5,role,coordinate,0.03,699003,4,False,9.965784284662087,38,0.07894736842105263,3,0.7969543147208121,1.2398149870144474e-06
discovery,0,680001,690001,pi,702,legacy5,role,own,0.3,699001,3,False,6.643856189774724,38,0.05263157894736842,2,0.40609137055837563,5.592668666568257e-05
discovery,0,680001,690001,pi,702,legacy5,role,own,0.3,699002,1,False,0.0,38,0.0,0,0.4010152284263959,5.592668666568257e-05
discovery,0,680001,690001,pi,702,legacy5,role,own,0.3,699003,2,False,3.321928094887362,38,0.02631578947368421,1,0.39593908629441626,5.592668666568257e-05
discovery,0,680001,690001,pi,702,legacy5,role,coordinate,0.3,699001,1,False,0.0,38,0.0,0,0.3248730964467005,0.00012398149870144473
discovery,0,680001,690001,pi,702,legacy5,role,coordinate,0.3,699002,1,False,0.0,38,0.0,0,0.3350253807106599,0.00012398149870144473
discovery,0,680001,690001,pi,702,legacy5,role,coordinate,0.3,699003,1,False,0.0,38,0.0,0,0.3299492385786802,0.00012398149870144473
discovery,1,680002,690002,random,701,legacy5,intact,own,0.0003,699001,7,False,19.931568569324174,6,1.0,6,0.868020304568528,7.858112978591478e-11
discovery,1,680002,690002,random,701,legacy5,intact,own,0.0003,699002,7,False,19.931568569324174,6,1.0,6,0.868020304568528,7.858112978591478e-11
discovery,1,680002,690002,random,701,legacy5,intact,own,0.0003,699003,7,False,19.931568569324174,6,1.0,6,0.868020304568528,7.858112978591478e-11
discovery,1,680002,690002,random,701,legacy5,intact,coordinate,0.0003,699001,7,False,19.931568569324174,6,1.0,6,0.868020304568528,2.023724326639237e-10
discovery,1,680002,690002,random,701,legacy5,intact,coordinate,0.0003,699002,7,False,19.931568569324174,6,1.0,6,0.868020304568528,2.023724326639237e-10
discovery,1,680002,690002,random,701,legacy5,intact,coordinate,0.0003,699003,7,False,19.931568569324174,6,1.0,6,0.868020304568528,2.023724326639237e-10
discovery,1,680002,690002,random,701,legacy5,intact,own,0.03,699001,7,False,19.931568569324174,6,1.0,6,0.8223350253807107,7.858112978591479e-07
discovery,1,680002,690002,random,701,legacy5,intact,own,0.03,699002,7,False,19.931568569324174,6,1.0,6,0.8274111675126904,7.858112978591479e-07
discovery,1,680002,690002,random,701,legacy5,intact,own,0.03,699003,7,False,19.931568569324174,6,1.0,6,0.817258883248731,7.858112978591479e-07
discovery,1,680002,690002,random,701,legacy5,intact,coordinate,0.03,699001,7,False,19.931568569324174,6,1.0,6,0.7766497461928934,2.0237243266392373e-06
discovery,1,680002,690002,random,701,legacy5,intact,coordinate,0.03,699002,7,False,19.931568569324174,6,1.0,6,0.7614213197969543,2.0237243266392373e-06
discovery,1,680002,690002,random,701,legacy5,intact,coordinate,0.03,699003,7,False,19.931568569324174,6,1.0,6,0.766497461928934,2.0237243266392373e-06
discovery,1,680002,690002,random,701,legacy5,intact,own,0.3,699001,1,False,0.0,6,0.0,0,0.4619289340101523,7.858112978591476e-05
discovery,1,680002,690002,random,701,legacy5,intact,own,0.3,699002,4,False,9.965784284662087,6,0.5,3,0.467005076142132,7.858112978591476e-05
discovery,1,680002,690002,random,701,legacy5,intact,own,0.3,699003,1,False,0.0,6,0.0,0,0.49746192893401014,7.858112978591476e-05
discovery,1,680002,690002,random,701,legacy5,intact,coordinate,0.3,699001,1,False,0.0,6,0.0,0,0.38578680203045684,0.00020237243266392377
discovery,1,680002,690002,random,701,legacy5,intact,coordinate,0.3,699002,4,False,9.965784284662087,6,0.5,3,0.38071065989847713,0.00020237243266392377
discovery,1,680002,690002,random,701,legacy5,intact,coordinate,0.3,699003,1,False,0.0,6,0.0,0,0.38578680203045684,0.00020237243266392377
discovery,1,680002,690002,random,701,legacy5,degree,own,0.0003,699001,35,False,112.94555522617031,34,1.0,34,0.7969543147208121,4.72731496124491e-10
discovery,1,680002,690002,random,701,legacy5,degree,own,0.0003,699002,35,False,112.94555522617031,34,1.0,34,0.7969543147208121,4.72731496124491e-10
discovery,1,680002,690002,random,701,legacy5,degree,own,0.0003,699003,35,False,112.94555522617031,34,1.0,34,0.7969543147208121,4.72731496124491e-10
discovery,1,680002,690002,random,701,legacy5,degree,coordinate,0.0003,699001,35,False,112.94555522617031,34,1.0,34,0.7969543147208121,3.311762443978147e-09
discovery,1,680002,690002,random,701,legacy5,degree,coordinate,0.0003,699002,35,False,112.94555522617031,34,1.0,34,0.7969543147208121,3.311762443978147e-09
discovery,1,680002,690002,random,701,legacy5,degree,coordinate,0.0003,699003,35,False,112.94555522617031,34,1.0,34,0.7918781725888325,3.311762443978147e-09
discovery,1,680002,690002,random,701,legacy5,degree,own,0.03,699001,35,False,112.94555522617031,34,1.0,34,0.7868020304568528,4.727314961244911e-06
discovery,1,680002,690002,random,701,legacy5,degree,own,0.03,699002,35,False,112.94555522617031,34,1.0,34,0.7918781725888325,4.727314961244911e-06
discovery,1,680002,690002,random,701,legacy5,degree,own,0.03,699003,35,False,112.94555522617031,34,1.0,34,0.7918781725888325,4.727314961244911e-06
discovery,1,680002,690002,random,701,legacy5,degree,coordinate,0.03,699001,24,False,76.40434618240933,34,0.6764705882352942,23,0.7360406091370558,3.311762443978147e-05
discovery,1,680002,690002,random,701,legacy5,degree,coordinate,0.03,699002,35,False,112.94555522617031,34,1.0,34,0.7563451776649747,3.311762443978147e-05
discovery,1,680002,690002,random,701,legacy5,degree,coordinate,0.03,699003,17,False,53.150849518197795,34,0.47058823529411764,16,0.7360406091370558,3.311762443978147e-05
discovery,1,680002,690002,random,701,legacy5,degree,own,0.3,699001,7,False,19.931568569324174,34,0.17647058823529413,6,0.5380710659898477,0.00047273149612449104
discovery,1,680002,690002,random,701,legacy5,degree,own,0.3,699002,4,False,9.965784284662087,34,0.08823529411764706,3,0.5380710659898477,0.00047273149612449104
discovery,1,680002,690002,random,701,legacy5,degree,own,0.3,699003,11,False,33.219280948873624,34,0.29411764705882354,10,0.5025380710659898,0.00047273149612449104
discovery,1,680002,690002,random,701,legacy5,degree,coordinate,0.3,699001,1,False,0.0,34,0.0,0,0.36548223350253806,0.0033117624439781474
discovery,1,680002,690002,random,701,legacy5,degree,coordinate,0.3,699002,4,False,9.965784284662087,34,0.08823529411764706,3,0.4010152284263959,0.0033117624439781474
discovery,1,680002,690002,random,701,legacy5,degree,coordinate,0.3,699003,3,False,6.643856189774724,34,0.058823529411764705,2,0.29441624365482233,0.0033117624439781474
discovery,1,680002,690002,random,701,legacy5,role,own,0.0003,699001,41,False,132.8771237954945,40,1.0,40,0.9086294416243654,6.663841951013672e-11
discovery,1,680002,690002,random,701,legacy5,role,own,0.0003,699002,41,False,132.8771237954945,40,1.0,40,0.9086294416243654,6.663841951013672e-11
discovery,1,680002,690002,random,701,legacy5,role,own,0.0003,699003,41,False,132.8771237954945,40,1.0,40,0.9086294416243654,6.663841951013672e-11
discovery,1,680002,690002,random,701,legacy5,role,coordinate,0.0003,699001,41,False,132.8771237954945,40,1.0,40,0.9086294416243654,1.7875304139630334e-10
discovery,1,680002,690002,random,701,legacy5,role,coordinate,0.0003,699002,41,False,132.8771237954945,40,1.0,40,0.9086294416243654,1.7875304139630334e-10
discovery,1,680002,690002,random,701,legacy5,role,coordinate,0.0003,699003,41,False,132.8771237954945,40,1.0,40,0.9086294416243654,1.7875304139630334e-10
discovery,1,680002,690002,random,701,legacy5,role,own,0.03,699001,24,False,76.40434618240933,40,0.575,23,0.8477157360406091,6.66384195101367e-07
discovery,1,680002,690002,random,701,legacy5,role,own,0.03,699002,41,False,132.8771237954945,40,1.0,40,0.8781725888324873,6.66384195101367e-07
discovery,1,680002,690002,random,701,legacy5,role,own,0.03,699003,29,False,93.01398665684614,40,0.7,28,0.8426395939086294,6.66384195101367e-07
discovery,1,680002,690002,random,701,legacy5,role,coordinate,0.03,699001,1,False,0.0,40,0.0,0,0.7817258883248731,1.7875304139630334e-06
discovery,1,680002,690002,random,701,legacy5,role,coordinate,0.03,699002,4,False,9.965784284662087,40,0.075,3,0.7969543147208121,1.7875304139630334e-06
discovery,1,680002,690002,random,701,legacy5,role,coordinate,0.03,699003,9,False,26.575424759098897,40,0.2,8,0.7614213197969543,1.7875304139630334e-06
discovery,1,680002,690002,random,701,legacy5,role,own,0.3,699001,1,False,0.0,40,0.0,0,0.41624365482233505,6.663841951013672e-05
discovery,1,680002,690002,random,701,legacy5,role,own,0.3,699002,1,False,0.0,40,0.0,0,0.4263959390862944,6.663841951013672e-05
discovery,1,680002,690002,random,701,legacy5,role,own,0.3,699003,1,False,0.0,40,0.0,0,0.41116751269035534,6.663841951013672e-05
discovery,1,680002,690002,random,701,legacy5,role,coordinate,0.3,699001,1,False,0.0,40,0.0,0,0.3299492385786802,0.00017875304139630335
discovery,1,680002,690002,random,701,legacy5,role,coordinate,0.3,699002,1,False,0.0,40,0.0,0,0.29441624365482233,0.00017875304139630335
discovery,1,680002,690002,random,701,legacy5,role,coordinate,0.3,699003,1,False,0.0,40,0.0,0,0.3553299492385787,0.00017875304139630335
discovery,1,680002,690002,random,702,legacy5,intact,own,0.0003,699001,59,False,192.671829503467,58,1.0,58,0.8984771573604061,9.750658147998944e-11
discovery,1,680002,690002,random,702,legacy5,intact,own,0.0003,699002,59,False,192.671829503467,58,1.0,58,0.8934010152284264,9.750658147998944e-11
discovery,1,680002,690002,random,702,legacy5,intact,own,0.0003,699003,59,False,192.671829503467,58,1.0,58,0.8984771573604061,9.750658147998944e-11
discovery,1,680002,690002,random,702,legacy5,intact,coordinate,0.0003,699001,59,False,192.671829503467,58,1.0,58,0.8984771573604061,1.4821874674329568e-10
discovery,1,680002,690002,random,702,legacy5,intact,coordinate,0.0003,699002,59,False,192.671829503467,58,1.0,58,0.8934010152284264,1.4821874674329568e-10
discovery,1,680002,690002,random,702,legacy5,intact,coordinate,0.0003,699003,59,False,192.671829503467,58,1.0,58,0.8984771573604061,1.4821874674329568e-10
discovery,1,680002,690002,random,702,legacy5,intact,own,0.03,699001,35,False,112.94555522617031,58,0.5862068965517241,34,0.8274111675126904,9.750658147998948e-07
discovery,1,680002,690002,random,702,legacy5,intact,own,0.03,699002,25,False,79.7262742772967,58,0.41379310344827586,24,0.8071065989847716,9.750658147998948e-07
discovery,1,680002,690002,random,702,legacy5,intact,own,0.03,699003,13,False,39.86313713864835,58,0.20689655172413793,12,0.817258883248731,9.750658147998948e-07
discovery,1,680002,690002,random,702,legacy5,intact,coordinate,0.03,699001,7,False,19.931568569324174,58,0.10344827586206896,6,0.7817258883248731,1.482187467432957e-06
discovery,1,680002,690002,random,702,legacy5,intact,coordinate,0.03,699002,16,False,49.82892142331043,58,0.25862068965517243,15,0.7563451776649747,1.482187467432957e-06
discovery,1,680002,690002,random,702,legacy5,intact,coordinate,0.03,699003,13,False,39.86313713864835,58,0.20689655172413793,12,0.7766497461928934,1.482187467432957e-06
discovery,1,680002,690002,random,702,legacy5,intact,own,0.3,699001,4,False,9.965784284662087,58,0.05172413793103448,3,0.3248730964467005,9.750658147998948e-05
discovery,1,680002,690002,random,702,legacy5,intact,own,0.3,699002,1,False,0.0,58,0.0,0,0.3604060913705584,9.750658147998948e-05
discovery,1,680002,690002,random,702,legacy5,intact,own,0.3,699003,1,False,0.0,58,0.0,0,0.39593908629441626,9.750658147998948e-05
discovery,1,680002,690002,random,702,legacy5,intact,coordinate,0.3,699001,3,False,6.643856189774724,58,0.034482758620689655,2,0.29949238578680204,0.0001482187467432957
discovery,1,680002,690002,random,702,legacy5,intact,coordinate,0.3,699002,1,False,0.0,58,0.0,0,0.34517766497461927,0.0001482187467432957
discovery,1,680002,690002,random,702,legacy5,intact,coordinate,0.3,699003,1,False,0.0,58,0.0,0,0.350253807106599,0.0001482187467432957
discovery,1,680002,690002,random,702,legacy5,degree,own,0.0003,699001,33,False,106.30169903639559,32,1.0,32,0.7918781725888325,5.624295427949034e-10
discovery,1,680002,690002,random,702,legacy5,degree,own,0.0003,699002,33,False,106.30169903639559,32,1.0,32,0.7918781725888325,5.624295427949034e-10
discovery,1,680002,690002,random,702,legacy5,degree,own,0.0003,699003,33,False,106.30169903639559,32,1.0,32,0.7918781725888325,5.624295427949034e-10
discovery,1,680002,690002,random,702,legacy5,degree,coordinate,0.0003,699001,33,False,106.30169903639559,32,1.0,32,0.7918781725888325,3.610361688718053e-09
discovery,1,680002,690002,random,702,legacy5,degree,coordinate,0.0003,699002,33,False,106.30169903639559,32,1.0,32,0.7918781725888325,3.610361688718053e-09
discovery,1,680002,690002,random,702,legacy5,degree,coordinate,0.0003,699003,33,False,106.30169903639559,32,1.0,32,0.7918781725888325,3.610361688718053e-09
discovery,1,680002,690002,random,702,legacy5,degree,own,0.03,699001,33,False,106.30169903639559,32,1.0,32,0.7918781725888325,5.624295427949034e-06
discovery,1,680002,690002,random,702,legacy5,degree,own,0.03,699002,33,False,106.30169903639559,32,1.0,32,0.7868020304568528,5.624295427949034e-06
discovery,1,680002,690002,random,702,legacy5,degree,own,0.03,699003,33,False,106.30169903639559,32,1.0,32,0.7918781725888325,5.624295427949034e-06
discovery,1,680002,690002,random,702,legacy5,degree,coordinate,0.03,699001,12,False,36.541209043760986,32,0.34375,11,0.7461928934010152,3.610361688718053e-05
discovery,1,680002,690002,random,702,legacy5,degree,coordinate,0.03,699002,21,False,66.43856189774725,32,0.625,20,0.7055837563451777,3.610361688718053e-05
discovery,1,680002,690002,random,702,legacy5,degree,coordinate,0.03,699003,5,False,13.287712379549449,32,0.125,4,0.7208121827411168,3.610361688718053e-05
discovery,1,680002,690002,random,702,legacy5,degree,own,0.3,699001,12,False,36.541209043760986,32,0.34375,11,0.5431472081218274,0.0005624295427949035
discovery,1,680002,690002,random,702,legacy5,degree,own,0.3,699002,2,False,3.321928094887362,32,0.03125,1,0.5076142131979695,0.0005624295427949035
discovery,1,680002,690002,random,702,legacy5,degree,own,0.3,699003,1,False,0.0,32,0.0,0,0.47715736040609136,0.0005624295427949035
discovery,1,680002,690002,random,702,legacy5,degree,coordinate,0.3,699001,6,False,16.609640474436812,32,0.15625,5,0.3147208121827411,0.003610361688718053
discovery,1,680002,690002,random,702,legacy5,degree,coordinate,0.3,699002,1,False,0.0,32,0.0,0,0.34517766497461927,0.003610361688718053
discovery,1,680002,690002,random,702,legacy5,degree,coordinate,0.3,699003,1,False,0.0,32,0.0,0,0.3299492385786802,0.003610361688718053
discovery,1,680002,690002,random,702,legacy5,role,own,0.0003,699001,44,False,142.84290808015658,43,1.0,43,0.9390862944162437,6.192112985989708e-11
discovery,1,680002,690002,random,702,legacy5,role,own,0.0003,699002,44,False,142.84290808015658,43,1.0,43,0.9390862944162437,6.192112985989708e-11
discovery,1,680002,690002,random,702,legacy5,role,own,0.0003,699003,44,False,142.84290808015658,43,1.0,43,0.9390862944162437,6.192112985989708e-11
discovery,1,680002,690002,random,702,legacy5,role,coordinate,0.0003,699001,44,False,142.84290808015658,43,1.0,43,0.9390862944162437,1.3683823396348377e-10
discovery,1,680002,690002,random,702,legacy5,role,coordinate,0.0003,699002,44,False,142.84290808015658,43,1.0,43,0.9390862944162437,1.3683823396348377e-10
discovery,1,680002,690002,random,702,legacy5,role,coordinate,0.0003,699003,44,False,142.84290808015658,43,1.0,43,0.9390862944162437,1.3683823396348377e-10
discovery,1,680002,690002,random,702,legacy5,role,own,0.03,699001,43,False,139.5209799852692,43,0.9767441860465116,42,0.8984771573604061,6.192112985989709e-07
discovery,1,680002,690002,random,702,legacy5,role,own,0.03,699002,8,False,23.253496664211536,43,0.16279069767441862,7,0.8984771573604061,6.192112985989709e-07
discovery,1,680002,690002,random,702,legacy5,role,own,0.03,699003,8,False,23.253496664211536,43,0.16279069767441862,7,0.9137055837563451,6.192112985989709e-07
discovery,1,680002,690002,random,702,legacy5,role,coordinate,0.03,699001,17,False,53.150849518197795,43,0.37209302325581395,16,0.8527918781725888,1.368382339634838e-06
discovery,1,680002,690002,random,702,legacy5,role,coordinate,0.03,699002,8,False,23.253496664211536,43,0.16279069767441862,7,0.8578680203045685,1.368382339634838e-06
discovery,1,680002,690002,random,702,legacy5,role,coordinate,0.03,699003,8,False,23.253496664211536,43,0.16279069767441862,7,0.883248730964467,1.368382339634838e-06
discovery,1,680002,690002,random,702,legacy5,role,own,0.3,699001,5,False,13.287712379549449,43,0.09302325581395349,4,0.4416243654822335,6.192112985989709e-05
discovery,1,680002,690002,random,702,legacy5,role,own,0.3,699002,2,False,3.321928094887362,43,0.023255813953488372,1,0.49746192893401014,6.192112985989709e-05
discovery,1,680002,690002,random,702,legacy5,role,own,0.3,699003,5,False,13.287712379549449,43,0.09302325581395349,4,0.45685279187817257,6.192112985989709e-05
discovery,1,680002,690002,random,702,legacy5,role,coordinate,0.3,699001,1,False,0.0,43,0.0,0,0.36548223350253806,0.00013683823396348378
discovery,1,680002,690002,random,702,legacy5,role,coordinate,0.3,699002,1,False,0.0,43,0.0,0,0.40609137055837563,0.00013683823396348378
discovery,1,680002,690002,random,702,legacy5,role,coordinate,0.3,699003,4,False,9.965784284662087,43,0.06976744186046512,3,0.3756345177664975,0.00013683823396348378
discovery,1,680002,690002,pi,701,legacy5,intact,own,0.0003,699001,33,False,106.30169903639559,32,1.0,32,0.8071065989847716,6.839430224214704e-11
discovery,1,680002,690002,pi,701,legacy5,intact,own,0.0003,699002,33,False,106.30169903639559,32,1.0,32,0.8071065989847716,6.839430224214704e-11
discovery,1,680002,690002,pi,701,legacy5,intact,own,0.0003,699003,33,False,106.30169903639559,32,1.0,32,0.8071065989847716,6.839430224214704e-11
discovery,1,680002,690002,pi,701,legacy5,intact,coordinate,0.0003,699001,33,False,106.30169903639559,32,1.0,32,0.8071065989847716,1.677340143764182e-10
discovery,1,680002,690002,pi,701,legacy5,intact,coordinate,0.0003,699002,33,False,106.30169903639559,32,1.0,32,0.8071065989847716,1.677340143764182e-10
discovery,1,680002,690002,pi,701,legacy5,intact,coordinate,0.0003,699003,33,False,106.30169903639559,32,1.0,32,0.8071065989847716,1.677340143764182e-10
discovery,1,680002,690002,pi,701,legacy5,intact,own,0.03,699001,6,False,16.609640474436812,32,0.15625,5,0.7614213197969543,6.839430224214706e-07
discovery,1,680002,690002,pi,701,legacy5,intact,own,0.03,699002,24,False,76.40434618240933,32,0.71875,23,0.7563451776649747,6.839430224214706e-07
discovery,1,680002,690002,pi,701,legacy5,intact,own,0.03,699003,33,False,106.30169903639559,32,1.0,32,0.766497461928934,6.839430224214706e-07
discovery,1,680002,690002,pi,701,legacy5,intact,coordinate,0.03,699001,6,False,16.609640474436812,32,0.15625,5,0.6903553299492385,1.677340143764182e-06
discovery,1,680002,690002,pi,701,legacy5,intact,coordinate,0.03,699002,18,False,56.47277761308516,32,0.53125,17,0.7208121827411168,1.677340143764182e-06
discovery,1,680002,690002,pi,701,legacy5,intact,coordinate,0.03,699003,33,False,106.30169903639559,32,1.0,32,0.7411167512690355,1.677340143764182e-06
discovery,1,680002,690002,pi,701,legacy5,intact,own,0.3,699001,1,False,0.0,32,0.0,0,0.4010152284263959,6.839430224214705e-05
discovery,1,680002,690002,pi,701,legacy5,intact,own,0.3,699002,1,False,0.0,32,0.0,0,0.4213197969543147,6.839430224214705e-05
discovery,1,680002,690002,pi,701,legacy5,intact,own,0.3,699003,4,False,9.965784284662087,32,0.09375,3,0.41116751269035534,6.839430224214705e-05
discovery,1,680002,690002,pi,701,legacy5,intact,coordinate,0.3,699001,1,False,0.0,32,0.0,0,0.3299492385786802,0.00016773401437641822
discovery,1,680002,690002,pi,701,legacy5,intact,coordinate,0.3,699002,1,False,0.0,32,0.0,0,0.34517766497461927,0.00016773401437641822
discovery,1,680002,690002,pi,701,legacy5,intact,coordinate,0.3,699003,4,False,9.965784284662087,32,0.09375,3,0.3401015228426396,0.00016773401437641822
discovery,1,680002,690002,pi,701,legacy5,degree,own,0.0003,699001,36,False,116.26748332105768,35,1.0,35,0.7715736040609137,4.2163076376061116e-10
discovery,1,680002,690002,pi,701,legacy5,degree,own,0.0003,699002,36,False,116.26748332105768,35,1.0,35,0.7715736040609137,4.2163076376061116e-10
discovery,1,680002,690002,pi,701,legacy5,degree,own,0.0003,699003,36,False,116.26748332105768,35,1.0,35,0.7715736040609137,4.2163076376061116e-10
discovery,1,680002,690002,pi,701,legacy5,degree,coordinate,0.0003,699001,36,False,116.26748332105768,35,1.0,35,0.7715736040609137,2.862249332815779e-09
discovery,1,680002,690002,pi,701,legacy5,degree,coordinate,0.0003,699002,36,False,116.26748332105768,35,1.0,35,0.7715736040609137,2.862249332815779e-09
discovery,1,680002,690002,pi,701,legacy5,degree,coordinate,0.0003,699003,36,False,116.26748332105768,35,1.0,35,0.7715736040609137,2.862249332815779e-09
discovery,1,680002,690002,pi,701,legacy5,degree,own,0.03,699001,36,False,116.26748332105768,35,1.0,35,0.7563451776649747,4.2163076376061125e-06
discovery,1,680002,690002,pi,701,legacy5,degree,own,0.03,699002,33,False,106.30169903639559,35,0.9142857142857143,32,0.7614213197969543,4.2163076376061125e-06
discovery,1,680002,690002,pi,701,legacy5,degree,own,0.03,699003,36,False,116.26748332105768,35,1.0,35,0.766497461928934,4.2163076376061125e-06
discovery,1,680002,690002,pi,701,legacy5,degree,coordinate,0.03,699001,33,False,106.30169903639559,35,0.9142857142857143,32,0.6598984771573604,2.862249332815779e-05
discovery,1,680002,690002,pi,701,legacy5,degree,coordinate,0.03,699002,13,False,39.86313713864835,35,0.34285714285714286,12,0.7106598984771574,2.862249332815779e-05
discovery,1,680002,690002,pi,701,legacy5,degree,coordinate,0.03,699003,17,False,53.150849518197795,35,0.45714285714285713,16,0.6700507614213198,2.862249332815779e-05
discovery,1,680002,690002,pi,701,legacy5,degree,own,0.3,699001,4,False,9.965784284662087,35,0.08571428571428572,3,0.47715736040609136,0.00042163076376061117
discovery,1,680002,690002,pi,701,legacy5,degree,own,0.3,699002,11,False,33.219280948873624,35,0.2857142857142857,10,0.4873096446700508,0.00042163076376061117
discovery,1,680002,690002,pi,701,legacy5,degree,own,0.3,699003,4,False,9.965784284662087,35,0.08571428571428572,3,0.45685279187817257,0.00042163076376061117
discovery,1,680002,690002,pi,701,legacy5,degree,coordinate,0.3,699001,4,False,9.965784284662087,35,0.08571428571428572,3,0.3350253807106599,0.0028622493328157787
discovery,1,680002,690002,pi,701,legacy5,degree,coordinate,0.3,699002,4,False,9.965784284662087,35,0.08571428571428572,3,0.34517766497461927,0.0028622493328157787
discovery,1,680002,690002,pi,701,legacy5,degree,coordinate,0.3,699003,4,False,9.965784284662087,35,0.08571428571428572,3,0.3299492385786802,0.0028622493328157787
discovery,1,680002,690002,pi,701,legacy5,role,own,0.0003,699001,35,False,112.94555522617031,34,1.0,34,0.934010152284264,5.742246002145105e-11
discovery,1,680002,690002,pi,701,legacy5,role,own,0.0003,699002,35,False,112.94555522617031,34,1.0,34,0.934010152284264,5.742246002145105e-11
discovery,1,680002,690002,pi,701,legacy5,role,own,0.0003,699003,35,False,112.94555522617031,34,1.0,34,0.934010152284264,5.742246002145105e-11
discovery,1,680002,690002,pi,701,legacy5,role,coordinate,0.0003,699001,35,False,112.94555522617031,34,1.0,34,0.934010152284264,1.4399331596915378e-10
discovery,1,680002,690002,pi,701,legacy5,role,coordinate,0.0003,699002,35,False,112.94555522617031,34,1.0,34,0.9289340101522843,1.4399331596915378e-10
discovery,1,680002,690002,pi,701,legacy5,role,coordinate,0.0003,699003,35,False,112.94555522617031,34,1.0,34,0.934010152284264,1.4399331596915378e-10
discovery,1,680002,690002,pi,701,legacy5,role,own,0.03,699001,24,False,76.40434618240933,34,0.6764705882352942,23,0.8629441624365483,5.742246002145107e-07
discovery,1,680002,690002,pi,701,legacy5,role,own,0.03,699002,24,False,76.40434618240933,34,0.6764705882352942,23,0.8934010152284264,5.742246002145107e-07
discovery,1,680002,690002,pi,701,legacy5,role,own,0.03,699003,35,False,112.94555522617031,34,1.0,34,0.8984771573604061,5.742246002145107e-07
discovery,1,680002,690002,pi,701,legacy5,role,coordinate,0.03,699001,4,False,9.965784284662087,34,0.08823529411764706,3,0.8121827411167513,1.4399331596915377e-06
discovery,1,680002,690002,pi,701,legacy5,role,coordinate,0.03,699002,24,False,76.40434618240933,34,0.6764705882352942,23,0.8223350253807107,1.4399331596915377e-06
discovery,1,680002,690002,pi,701,legacy5,role,coordinate,0.03,699003,5,False,13.287712379549449,34,0.11764705882352941,4,0.8578680203045685,1.4399331596915377e-06
discovery,1,680002,690002,pi,701,legacy5,role,own,0.3,699001,1,False,0.0,34,0.0,0,0.4365482233502538,5.7422460021451074e-05
discovery,1,680002,690002,pi,701,legacy5,role,own,0.3,699002,1,False,0.0,34,0.0,0,0.4517766497461929,5.7422460021451074e-05
discovery,1,680002,690002,pi,701,legacy5,role,own,0.3,699003,1,False,0.0,34,0.0,0,0.41116751269035534,5.7422460021451074e-05
discovery,1,680002,690002,pi,701,legacy5,role,coordinate,0.3,699001,1,False,0.0,34,0.0,0,0.3147208121827411,0.00014399331596915378
discovery,1,680002,690002,pi,701,legacy5,role,coordinate,0.3,699002,1,False,0.0,34,0.0,0,0.3553299492385787,0.00014399331596915378
discovery,1,680002,690002,pi,701,legacy5,role,coordinate,0.3,699003,1,False,0.0,34,0.0,0,0.3248730964467005,0.00014399331596915378
discovery,1,680002,690002,pi,702,legacy5,intact,own,0.0003,699001,35,False,112.94555522617031,34,1.0,34,0.8781725888324873,7.249723599943063e-11
discovery,1,680002,690002,pi,702,legacy5,intact,own,0.0003,699002,35,False,112.94555522617031,34,1.0,34,0.8781725888324873,7.249723599943063e-11
discovery,1,680002,690002,pi,702,legacy5,intact,own,0.0003,699003,35,False,112.94555522617031,34,1.0,34,0.8781725888324873,7.249723599943063e-11
discovery,1,680002,690002,pi,702,legacy5,intact,coordinate,0.0003,699001,35,False,112.94555522617031,34,1.0,34,0.8781725888324873,1.1671562502782546e-10
discovery,1,680002,690002,pi,702,legacy5,intact,coordinate,0.0003,699002,35,False,112.94555522617031,34,1.0,34,0.8781725888324873,1.1671562502782546e-10
discovery,1,680002,690002,pi,702,legacy5,intact,coordinate,0.0003,699003,35,False,112.94555522617031,34,1.0,34,0.8781725888324873,1.1671562502782546e-10
discovery,1,680002,690002,pi,702,legacy5,intact,own,0.03,699001,35,False,112.94555522617031,34,1.0,34,0.8324873096446701,7.249723599943065e-07
discovery,1,680002,690002,pi,702,legacy5,intact,own,0.03,699002,35,False,112.94555522617031,34,1.0,34,0.8223350253807107,7.249723599943065e-07
discovery,1,680002,690002,pi,702,legacy5,intact,own,0.03,699003,35,False,112.94555522617031,34,1.0,34,0.8375634517766497,7.249723599943065e-07
discovery,1,680002,690002,pi,702,legacy5,intact,coordinate,0.03,699001,28,False,89.69205856195877,34,0.7941176470588235,27,0.8121827411167513,1.167156250278255e-06
discovery,1,680002,690002,pi,702,legacy5,intact,coordinate,0.03,699002,35,False,112.94555522617031,34,1.0,34,0.8121827411167513,1.167156250278255e-06
discovery,1,680002,690002,pi,702,legacy5,intact,coordinate,0.03,699003,35,False,112.94555522617031,34,1.0,34,0.8223350253807107,1.167156250278255e-06
discovery,1,680002,690002,pi,702,legacy5,intact,own,0.3,699001,2,False,3.321928094887362,34,0.029411764705882353,1,0.38071065989847713,7.249723599943064e-05
discovery,1,680002,690002,pi,702,legacy5,intact,own,0.3,699002,1,False,0.0,34,0.0,0,0.39086294416243655,7.249723599943064e-05
discovery,1,680002,690002,pi,702,legacy5,intact,own,0.3,699003,3,False,6.643856189774724,34,0.058823529411764705,2,0.4365482233502538,7.249723599943064e-05
discovery,1,680002,690002,pi,702,legacy5,intact,coordinate,0.3,699001,2,False,3.321928094887362,34,0.029411764705882353,1,0.3756345177664975,0.00011671562502782549
discovery,1,680002,690002,pi,702,legacy5,intact,coordinate,0.3,699002,1,False,0.0,34,0.0,0,0.34517766497461927,0.00011671562502782549
discovery,1,680002,690002,pi,702,legacy5,intact,coordinate,0.3,699003,1,False,0.0,34,0.0,0,0.3756345177664975,0.00011671562502782549
discovery,1,680002,690002,pi,702,legacy5,degree,own,0.0003,699001,33,False,106.30169903639559,32,1.0,32,0.6954314720812182,5.133349451745673e-10
discovery,1,680002,690002,pi,702,legacy5,degree,own,0.0003,699002,33,False,106.30169903639559,32,1.0,32,0.6954314720812182,5.133349451745673e-10
discovery,1,680002,690002,pi,702,legacy5,degree,own,0.0003,699003,33,False,106.30169903639559,32,1.0,32,0.6954314720812182,5.133349451745673e-10
discovery,1,680002,690002,pi,702,legacy5,degree,coordinate,0.0003,699001,33,False,106.30169903639559,32,1.0,32,0.6954314720812182,3.267716348864733e-09
discovery,1,680002,690002,pi,702,legacy5,degree,coordinate,0.0003,699002,33,False,106.30169903639559,32,1.0,32,0.6954314720812182,3.267716348864733e-09
discovery,1,680002,690002,pi,702,legacy5,degree,coordinate,0.0003,699003,33,False,106.30169903639559,32,1.0,32,0.6954314720812182,3.267716348864733e-09
discovery,1,680002,690002,pi,702,legacy5,degree,own,0.03,699001,33,False,106.30169903639559,32,1.0,32,0.6903553299492385,5.133349451745676e-06
discovery,1,680002,690002,pi,702,legacy5,degree,own,0.03,699002,33,False,106.30169903639559,32,1.0,32,0.6802030456852792,5.133349451745676e-06
discovery,1,680002,690002,pi,702,legacy5,degree,own,0.03,699003,33,False,106.30169903639559,32,1.0,32,0.6802030456852792,5.133349451745676e-06
discovery,1,680002,690002,pi,702,legacy5,degree,coordinate,0.03,699001,33,False,106.30169903639559,32,1.0,32,0.6548223350253807,3.267716348864733e-05
discovery,1,680002,690002,pi,702,legacy5,degree,coordinate,0.03,699002,7,False,19.931568569324174,32,0.1875,6,0.6294416243654822,3.267716348864733e-05
discovery,1,680002,690002,pi,702,legacy5,degree,coordinate,0.03,699003,29,False,93.01398665684614,32,0.875,28,0.6142131979695431,3.267716348864733e-05
discovery,1,680002,690002,pi,702,legacy5,degree,own,0.3,699001,2,False,3.321928094887362,32,0.03125,1,0.4619289340101523,0.0005133349451745676
discovery,1,680002,690002,pi,702,legacy5,degree,own,0.3,699002,1,False,0.0,32,0.0,0,0.5126903553299492,0.0005133349451745676
discovery,1,680002,690002,pi,702,legacy5,degree,own,0.3,699003,13,False,39.86313713864835,32,0.375,12,0.5025380710659898,0.0005133349451745676
discovery,1,680002,690002,pi,702,legacy5,degree,coordinate,0.3,699001,2,False,3.321928094887362,32,0.03125,1,0.3197969543147208,0.003267716348864733
discovery,1,680002,690002,pi,702,legacy5,degree,coordinate,0.3,699002,1,False,0.0,32,0.0,0,0.38071065989847713,0.003267716348864733
discovery,1,680002,690002,pi,702,legacy5,degree,coordinate,0.3,699003,1,False,0.0,32,0.0,0,0.29949238578680204,0.003267716348864733
discovery,1,680002,690002,pi,702,legacy5,role,own,0.0003,699001,36,False,116.26748332105768,35,1.0,35,0.8426395939086294,4.981076676112511e-11
discovery,1,680002,690002,pi,702,legacy5,role,own,0.0003,699002,36,False,116.26748332105768,35,1.0,35,0.8426395939086294,4.981076676112511e-11
discovery,1,680002,690002,pi,702,legacy5,role,own,0.0003,699003,36,False,116.26748332105768,35,1.0,35,0.8426395939086294,4.981076676112511e-11
discovery,1,680002,690002,pi,702,legacy5,role,coordinate,0.0003,699001,36,False,116.26748332105768,35,1.0,35,0.8426395939086294,1.0356080402443158e-10
discovery,1,680002,690002,pi,702,legacy5,role,coordinate,0.0003,699002,36,False,116.26748332105768,35,1.0,35,0.8426395939086294,1.0356080402443158e-10
discovery,1,680002,690002,pi,702,legacy5,role,coordinate,0.0003,699003,36,False,116.26748332105768,35,1.0,35,0.8426395939086294,1.0356080402443158e-10
discovery,1,680002,690002,pi,702,legacy5,role,own,0.03,699001,36,False,116.26748332105768,35,1.0,35,0.8071065989847716,4.981076676112511e-07
discovery,1,680002,690002,pi,702,legacy5,role,own,0.03,699002,36,False,116.26748332105768,35,1.0,35,0.8020304568527918,4.981076676112511e-07
discovery,1,680002,690002,pi,702,legacy5,role,own,0.03,699003,36,False,116.26748332105768,35,1.0,35,0.8121827411167513,4.981076676112511e-07
discovery,1,680002,690002,pi,702,legacy5,role,coordinate,0.03,699001,16,False,49.82892142331043,35,0.42857142857142855,15,0.7766497461928934,1.0356080402443159e-06
discovery,1,680002,690002,pi,702,legacy5,role,coordinate,0.03,699002,1,False,0.0,35,0.0,0,0.7563451776649747,1.0356080402443159e-06
discovery,1,680002,690002,pi,702,legacy5,role,coordinate,0.03,699003,36,False,116.26748332105768,35,1.0,35,0.7918781725888325,1.0356080402443159e-06
discovery,1,680002,690002,pi,702,legacy5,role,own,0.3,699001,2,False,3.321928094887362,35,0.02857142857142857,1,0.45685279187817257,4.9810766761125105e-05
discovery,1,680002,690002,pi,702,legacy5,role,own,0.3,699002,1,False,0.0,35,0.0,0,0.40609137055837563,4.9810766761125105e-05
discovery,1,680002,690002,pi,702,legacy5,role,own,0.3,699003,2,False,3.321928094887362,35,0.02857142857142857,1,0.41624365482233505,4.9810766761125105e-05
discovery,1,680002,690002,pi,702,legacy5,role,coordinate,0.3,699001,2,False,3.321928094887362,35,0.02857142857142857,1,0.3756345177664975,0.00010356080402443158
discovery,1,680002,690002,pi,702,legacy5,role,coordinate,0.3,699002,1,False,0.0,35,0.0,0,0.37055837563451777,0.00010356080402443158
discovery,1,680002,690002,pi,702,legacy5,role,coordinate,0.3,699003,2,False,3.321928094887362,35,0.02857142857142857,1,0.37055837563451777,0.00010356080402443158
discovery,2,680003,690003,random,701,legacy5,intact,own,0.0003,699001,37,False,119.58941141594504,36,1.0,36,0.8375634517766497,4.539219634187173e-11
discovery,2,680003,690003,random,701,legacy5,intact,own,0.0003,699002,37,False,119.58941141594504,36,1.0,36,0.8375634517766497,4.539219634187173e-11
discovery,2,680003,690003,random,701,legacy5,intact,own,0.0003,699003,37,False,119.58941141594504,36,1.0,36,0.8375634517766497,4.539219634187173e-11
discovery,2,680003,690003,random,701,legacy5,intact,coordinate,0.0003,699001,37,False,119.58941141594504,36,1.0,36,0.8375634517766497,1.0180789055227916e-10
discovery,2,680003,690003,random,701,legacy5,intact,coordinate,0.0003,699002,37,False,119.58941141594504,36,1.0,36,0.8375634517766497,1.0180789055227916e-10
discovery,2,680003,690003,random,701,legacy5,intact,coordinate,0.0003,699003,37,False,119.58941141594504,36,1.0,36,0.8375634517766497,1.0180789055227916e-10
discovery,2,680003,690003,random,701,legacy5,intact,own,0.03,699001,35,False,112.94555522617031,36,0.9444444444444444,34,0.7918781725888325,4.5392196341871735e-07
discovery,2,680003,690003,random,701,legacy5,intact,own,0.03,699002,5,False,13.287712379549449,36,0.1111111111111111,4,0.7817258883248731,4.5392196341871735e-07
discovery,2,680003,690003,random,701,legacy5,intact,own,0.03,699003,6,False,16.609640474436812,36,0.1388888888888889,5,0.7918781725888325,4.5392196341871735e-07
discovery,2,680003,690003,random,701,legacy5,intact,coordinate,0.03,699001,2,False,3.321928094887362,36,0.027777777777777776,1,0.7208121827411168,1.0180789055227916e-06
discovery,2,680003,690003,random,701,legacy5,intact,coordinate,0.03,699002,5,False,13.287712379549449,36,0.1111111111111111,4,0.751269035532995,1.0180789055227916e-06
discovery,2,680003,690003,random,701,legacy5,intact,coordinate,0.03,699003,6,False,16.609640474436812,36,0.1388888888888889,5,0.7360406091370558,1.0180789055227916e-06
discovery,2,680003,690003,random,701,legacy5,intact,own,0.3,699001,2,False,3.321928094887362,36,0.027777777777777776,1,0.3756345177664975,4.5392196341871745e-05
discovery,2,680003,690003,random,701,legacy5,intact,own,0.3,699002,2,False,3.321928094887362,36,0.027777777777777776,1,0.4213197969543147,4.5392196341871745e-05
discovery,2,680003,690003,random,701,legacy5,intact,own,0.3,699003,1,False,0.0,36,0.0,0,0.3553299492385787,4.5392196341871745e-05
discovery,2,680003,690003,random,701,legacy5,intact,coordinate,0.3,699001,2,False,3.321928094887362,36,0.027777777777777776,1,0.350253807106599,0.00010180789055227917
discovery,2,680003,690003,random,701,legacy5,intact,coordinate,0.3,699002,5,False,13.287712379549449,36,0.1111111111111111,4,0.3553299492385787,0.00010180789055227917
discovery,2,680003,690003,random,701,legacy5,intact,coordinate,0.3,699003,1,False,0.0,36,0.0,0,0.3197969543147208,0.00010180789055227917
discovery,2,680003,690003,random,701,legacy5,degree,own,0.0003,699001,34,False,109.62362713128296,33,1.0,33,0.7157360406091371,5.479016463447404e-10
discovery,2,680003,690003,random,701,legacy5,degree,own,0.0003,699002,34,False,109.62362713128296,33,1.0,33,0.7157360406091371,5.479016463447404e-10
discovery,2,680003,690003,random,701,legacy5,degree,own,0.0003,699003,34,False,109.62362713128296,33,1.0,33,0.7157360406091371,5.479016463447404e-10
discovery,2,680003,690003,random,701,legacy5,degree,coordinate,0.0003,699001,34,False,109.62362713128296,33,1.0,33,0.7157360406091371,2.9995122788002654e-09
discovery,2,680003,690003,random,701,legacy5,degree,coordinate,0.0003,699002,34,False,109.62362713128296,33,1.0,33,0.7157360406091371,2.9995122788002654e-09
discovery,2,680003,690003,random,701,legacy5,degree,coordinate,0.0003,699003,34,False,109.62362713128296,33,1.0,33,0.7157360406091371,2.9995122788002654e-09
discovery,2,680003,690003,random,701,legacy5,degree,own,0.03,699001,34,False,109.62362713128296,33,1.0,33,0.7208121827411168,5.479016463447406e-06
discovery,2,680003,690003,random,701,legacy5,degree,own,0.03,699002,3,False,6.643856189774724,33,0.06060606060606061,2,0.7055837563451777,5.479016463447406e-06
discovery,2,680003,690003,random,701,legacy5,degree,own,0.03,699003,3,False,6.643856189774724,33,0.06060606060606061,2,0.6954314720812182,5.479016463447406e-06
discovery,2,680003,690003,random,701,legacy5,degree,coordinate,0.03,699001,16,False,49.82892142331043,33,0.45454545454545453,15,0.6903553299492385,2.999512278800266e-05
discovery,2,680003,690003,random,701,legacy5,degree,coordinate,0.03,699002,3,False,6.643856189774724,33,0.06060606060606061,2,0.6446700507614214,2.999512278800266e-05
discovery,2,680003,690003,random,701,legacy5,degree,coordinate,0.03,699003,3,False,6.643856189774724,33,0.06060606060606061,2,0.6751269035532995,2.999512278800266e-05
discovery,2,680003,690003,random,701,legacy5,degree,own,0.3,699001,3,False,6.643856189774724,33,0.06060606060606061,2,0.49238578680203043,0.0005479016463447407
discovery,2,680003,690003,random,701,legacy5,degree,own,0.3,699002,3,False,6.643856189774724,33,0.06060606060606061,2,0.47715736040609136,0.0005479016463447407
discovery,2,680003,690003,random,701,legacy5,degree,own,0.3,699003,3,False,6.643856189774724,33,0.06060606060606061,2,0.5076142131979695,0.0005479016463447407
discovery,2,680003,690003,random,701,legacy5,degree,coordinate,0.3,699001,1,False,0.0,33,0.0,0,0.36548223350253806,0.002999512278800266
discovery,2,680003,690003,random,701,legacy5,degree,coordinate,0.3,699002,3,False,6.643856189774724,33,0.06060606060606061,2,0.37055837563451777,0.002999512278800266
discovery,2,680003,690003,random,701,legacy5,degree,coordinate,0.3,699003,1,False,0.0,33,0.0,0,0.3197969543147208,0.002999512278800266
discovery,2,680003,690003,random,701,legacy5,role,own,0.0003,699001,48,False,156.13062045970602,47,1.0,47,0.868020304568528,7.651992098044338e-11
discovery,2,680003,690003,random,701,legacy5,role,own,0.0003,699002,48,False,156.13062045970602,47,1.0,47,0.868020304568528,7.651992098044338e-11
discovery,2,680003,690003,random,701,legacy5,role,own,0.0003,699003,48,False,156.13062045970602,47,1.0,47,0.868020304568528,7.651992098044338e-11
discovery,2,680003,690003,random,701,legacy5,role,coordinate,0.0003,699001,48,False,156.13062045970602,47,1.0,47,0.868020304568528,1.5138736922153092e-10
discovery,2,680003,690003,random,701,legacy5,role,coordinate,0.0003,699002,48,False,156.13062045970602,47,1.0,47,0.868020304568528,1.5138736922153092e-10
discovery,2,680003,690003,random,701,legacy5,role,coordinate,0.0003,699003,48,False,156.13062045970602,47,1.0,47,0.868020304568528,1.5138736922153092e-10
discovery,2,680003,690003,random,701,legacy5,role,own,0.03,699001,40,False,129.55519570060713,47,0.8297872340425532,39,0.8071065989847716,7.651992098044341e-07
discovery,2,680003,690003,random,701,legacy5,role,own,0.03,699002,48,False,156.13062045970602,47,1.0,47,0.8426395939086294,7.651992098044341e-07
discovery,2,680003,690003,random,701,legacy5,role,own,0.03,699003,1,False,0.0,47,0.0,0,0.8324873096446701,7.651992098044341e-07
discovery,2,680003,690003,random,701,legacy5,role,coordinate,0.03,699001,40,False,129.55519570060713,47,0.8297872340425532,39,0.7868020304568528,1.5138736922153093e-06
discovery,2,680003,690003,random,701,legacy5,role,coordinate,0.03,699002,10,False,29.89735285398626,47,0.19148936170212766,9,0.7969543147208121,1.5138736922153093e-06
discovery,2,680003,690003,random,701,legacy5,role,coordinate,0.03,699003,1,False,0.0,47,0.0,0,0.7918781725888325,1.5138736922153093e-06
discovery,2,680003,690003,random,701,legacy5,role,own,0.3,699001,2,False,3.321928094887362,47,0.02127659574468085,1,0.4517766497461929,7.65199209804434e-05
discovery,2,680003,690003,random,701,legacy5,role,own,0.3,699002,2,False,3.321928094887362,47,0.02127659574468085,1,0.45685279187817257,7.65199209804434e-05
discovery,2,680003,690003,random,701,legacy5,role,own,0.3,699003,1,False,0.0,47,0.0,0,0.43147208121827413,7.65199209804434e-05
discovery,2,680003,690003,random,701,legacy5,role,coordinate,0.3,699001,2,False,3.321928094887362,47,0.02127659574468085,1,0.37055837563451777,0.00015138736922153096
discovery,2,680003,690003,random,701,legacy5,role,coordinate,0.3,699002,2,False,3.321928094887362,47,0.02127659574468085,1,0.36548223350253806,0.00015138736922153096
discovery,2,680003,690003,random,701,legacy5,role,coordinate,0.3,699003,1,False,0.0,47,0.0,0,0.37055837563451777,0.00015138736922153096
discovery,2,680003,690003,random,702,legacy5,intact,own,0.0003,699001,16,False,49.82892142331043,15,1.0,15,0.7969543147208121,6.441118802035503e-11
discovery,2,680003,690003,random,702,legacy5,intact,own,0.0003,699002,16,False,49.82892142331043,15,1.0,15,0.7969543147208121,6.441118802035503e-11
discovery,2,680003,690003,random,702,legacy5,intact,own,0.0003,699003,16,False,49.82892142331043,15,1.0,15,0.7969543147208121,6.441118802035503e-11
discovery,2,680003,690003,random,702,legacy5,intact,coordinate,0.0003,699001,16,False,49.82892142331043,15,1.0,15,0.7969543147208121,1.3381570993899318e-10
discovery,2,680003,690003,random,702,legacy5,intact,coordinate,0.0003,699002,16,False,49.82892142331043,15,1.0,15,0.7969543147208121,1.3381570993899318e-10
discovery,2,680003,690003,random,702,legacy5,intact,coordinate,0.0003,699003,16,False,49.82892142331043,15,1.0,15,0.7969543147208121,1.3381570993899318e-10
discovery,2,680003,690003,random,702,legacy5,intact,own,0.03,699001,16,False,49.82892142331043,15,1.0,15,0.7563451776649747,6.441118802035504e-07
discovery,2,680003,690003,random,702,legacy5,intact,own,0.03,699002,16,False,49.82892142331043,15,1.0,15,0.7461928934010152,6.441118802035504e-07
discovery,2,680003,690003,random,702,legacy5,intact,own,0.03,699003,15,False,46.50699332842307,15,0.9333333333333333,14,0.7461928934010152,6.441118802035504e-07
discovery,2,680003,690003,random,702,legacy5,intact,coordinate,0.03,699001,16,False,49.82892142331043,15,1.0,15,0.7157360406091371,1.3381570993899321e-06
discovery,2,680003,690003,random,702,legacy5,intact,coordinate,0.03,699002,16,False,49.82892142331043,15,1.0,15,0.7157360406091371,1.3381570993899321e-06
discovery,2,680003,690003,random,702,legacy5,intact,coordinate,0.03,699003,3,False,6.643856189774724,15,0.13333333333333333,2,0.700507614213198,1.3381570993899321e-06
discovery,2,680003,690003,random,702,legacy5,intact,own,0.3,699001,3,False,6.643856189774724,15,0.13333333333333333,2,0.4467005076142132,6.441118802035501e-05
discovery,2,680003,690003,random,702,legacy5,intact,own,0.3,699002,2,False,3.321928094887362,15,0.06666666666666667,1,0.39086294416243655,6.441118802035501e-05
discovery,2,680003,690003,random,702,legacy5,intact,own,0.3,699003,6,False,16.609640474436812,15,0.3333333333333333,5,0.38071065989847713,6.441118802035501e-05
discovery,2,680003,690003,random,702,legacy5,intact,coordinate,0.3,699001,3,False,6.643856189774724,15,0.13333333333333333,2,0.38071065989847713,0.00013381570993899322
discovery,2,680003,690003,random,702,legacy5,intact,coordinate,0.3,699002,2,False,3.321928094887362,15,0.06666666666666667,1,0.3401015228426396,0.00013381570993899322
discovery,2,680003,690003,random,702,legacy5,intact,coordinate,0.3,699003,6,False,16.609640474436812,15,0.3333333333333333,5,0.3350253807106599,0.00013381570993899322
discovery,2,680003,690003,random,702,legacy5,degree,own,0.0003,699001,34,False,109.62362713128296,33,1.0,33,0.7055837563451777,5.64656354110482e-10
discovery,2,680003,690003,random,702,legacy5,degree,own,0.0003,699002,34,False,109.62362713128296,33,1.0,33,0.7055837563451777,5.64656354110482e-10
discovery,2,680003,690003,random,702,legacy5,degree,own,0.0003,699003,34,False,109.62362713128296,33,1.0,33,0.7055837563451777,5.64656354110482e-10
discovery,2,680003,690003,random,702,legacy5,degree,coordinate,0.0003,699001,34,False,109.62362713128296,33,1.0,33,0.7055837563451777,4.044422693433122e-09
discovery,2,680003,690003,random,702,legacy5,degree,coordinate,0.0003,699002,34,False,109.62362713128296,33,1.0,33,0.7055837563451777,4.044422693433122e-09
discovery,2,680003,690003,random,702,legacy5,degree,coordinate,0.0003,699003,34,False,109.62362713128296,33,1.0,33,0.7055837563451777,4.044422693433122e-09
discovery,2,680003,690003,random,702,legacy5,degree,own,0.03,699001,34,False,109.62362713128296,33,1.0,33,0.6954314720812182,5.646563541104821e-06
discovery,2,680003,690003,random,702,legacy5,degree,own,0.03,699002,34,False,109.62362713128296,33,1.0,33,0.7055837563451777,5.646563541104821e-06
discovery,2,680003,690003,random,702,legacy5,degree,own,0.03,699003,34,False,109.62362713128296,33,1.0,33,0.700507614213198,5.646563541104821e-06
discovery,2,680003,690003,random,702,legacy5,degree,coordinate,0.03,699001,26,False,83.04820237218405,33,0.7575757575757576,25,0.6598984771573604,4.0444226934331225e-05
discovery,2,680003,690003,random,702,legacy5,degree,coordinate,0.03,699002,13,False,39.86313713864835,33,0.36363636363636365,12,0.6395939086294417,4.0444226934331225e-05
discovery,2,680003,690003,random,702,legacy5,degree,coordinate,0.03,699003,30,False,96.3359147517335,33,0.8787878787878788,29,0.6649746192893401,4.0444226934331225e-05
discovery,2,680003,690003,random,702,legacy5,degree,own,0.3,699001,15,False,46.50699332842307,33,0.42424242424242425,14,0.5126903553299492,0.0005646563541104821
discovery,2,680003,690003,random,702,legacy5,degree,own,0.3,699002,13,False,39.86313713864835,33,0.36363636363636365,12,0.49238578680203043,0.0005646563541104821
discovery,2,680003,690003,random,702,legacy5,degree,own,0.3,699003,15,False,46.50699332842307,33,0.42424242424242425,14,0.5177664974619289,0.0005646563541104821
discovery,2,680003,690003,random,702,legacy5,degree,coordinate,0.3,699001,2,False,3.321928094887362,33,0.030303030303030304,1,0.3401015228426396,0.004044422693433122
discovery,2,680003,690003,random,702,legacy5,degree,coordinate,0.3,699002,8,False,23.253496664211536,33,0.21212121212121213,7,0.350253807106599,0.004044422693433122
discovery,2,680003,690003,random,702,legacy5,degree,coordinate,0.3,699003,6,False,16.609640474436812,33,0.15151515151515152,5,0.3553299492385787,0.004044422693433122
discovery,2,680003,690003,random,702,legacy5,role,own,0.0003,699001,41,False,132.8771237954945,40,1.0,40,0.9137055837563451,4.565754589680546e-11
discovery,2,680003,690003,random,702,legacy5,role,own,0.0003,699002,41,False,132.8771237954945,40,1.0,40,0.9137055837563451,4.565754589680546e-11
discovery,2,680003,690003,random,702,legacy5,role,own,0.0003,699003,41,False,132.8771237954945,40,1.0,40,0.9137055837563451,4.565754589680546e-11
discovery,2,680003,690003,random,702,legacy5,role,coordinate,0.0003,699001,41,False,132.8771237954945,40,1.0,40,0.9137055837563451,9.649865308184296e-11
discovery,2,680003,690003,random,702,legacy5,role,coordinate,0.0003,699002,41,False,132.8771237954945,40,1.0,40,0.9137055837563451,9.649865308184296e-11
discovery,2,680003,690003,random,702,legacy5,role,coordinate,0.0003,699003,41,False,132.8771237954945,40,1.0,40,0.9137055837563451,9.649865308184296e-11
discovery,2,680003,690003,random,702,legacy5,role,own,0.03,699001,41,False,132.8771237954945,40,1.0,40,0.8883248730964467,4.565754589680545e-07
discovery,2,680003,690003,random,702,legacy5,role,own,0.03,699002,19,False,59.79470570797252,40,0.45,18,0.8883248730964467,4.565754589680545e-07
discovery,2,680003,690003,random,702,legacy5,role,own,0.03,699003,41,False,132.8771237954945,40,1.0,40,0.8781725888324873,4.565754589680545e-07
discovery,2,680003,690003,random,702,legacy5,role,coordinate,0.03,699001,34,False,109.62362713128296,40,0.825,33,0.883248730964467,9.649865308184296e-07
discovery,2,680003,690003,random,702,legacy5,role,coordinate,0.03,699002,19,False,59.79470570797252,40,0.45,18,0.8629441624365483,9.649865308184296e-07
discovery,2,680003,690003,random,702,legacy5,role,coordinate,0.03,699003,19,False,59.79470570797252,40,0.45,18,0.8578680203045685,9.649865308184296e-07
discovery,2,680003,690003,random,702,legacy5,role,own,0.3,699001,2,False,3.321928094887362,40,0.025,1,0.47715736040609136,4.5657545896805455e-05
discovery,2,680003,690003,random,702,legacy5,role,own,0.3,699002,3,False,6.643856189774724,40,0.05,2,0.5076142131979695,4.5657545896805455e-05
discovery,2,680003,690003,random,702,legacy5,role,own,0.3,699003,2,False,3.321928094887362,40,0.025,1,0.4619289340101523,4.5657545896805455e-05
discovery,2,680003,690003,random,702,legacy5,role,coordinate,0.3,699001,2,False,3.321928094887362,40,0.025,1,0.41624365482233505,9.649865308184298e-05
discovery,2,680003,690003,random,702,legacy5,role,coordinate,0.3,699002,3,False,6.643856189774724,40,0.05,2,0.40609137055837563,9.649865308184298e-05
discovery,2,680003,690003,random,702,legacy5,role,coordinate,0.3,699003,2,False,3.321928094887362,40,0.025,1,0.39593908629441626,9.649865308184298e-05
discovery,2,680003,690003,pi,701,legacy5,intact,own,0.0003,699001,36,False,116.26748332105768,35,1.0,35,0.7563451776649747,4.10431147881111e-11
discovery,2,680003,690003,pi,701,legacy5,intact,own,0.0003,699002,36,False,116.26748332105768,35,1.0,35,0.7563451776649747,4.10431147881111e-11
discovery,2,680003,690003,pi,701,legacy5,intact,own,0.0003,699003,36,False,116.26748332105768,35,1.0,35,0.7563451776649747,4.10431147881111e-11
discovery,2,680003,690003,pi,701,legacy5,intact,coordinate,0.0003,699001,36,False,116.26748332105768,35,1.0,35,0.7563451776649747,1.0731795660685183e-10
discovery,2,680003,690003,pi,701,legacy5,intact,coordinate,0.0003,699002,36,False,116.26748332105768,35,1.0,35,0.7563451776649747,1.0731795660685183e-10
discovery,2,680003,690003,pi,701,legacy5,intact,coordinate,0.0003,699003,36,False,116.26748332105768,35,1.0,35,0.7563451776649747,1.0731795660685183e-10
discovery,2,680003,690003,pi,701,legacy5,intact,own,0.03,699001,17,False,53.150849518197795,35,0.45714285714285713,16,0.700507614213198,4.1043114788111097e-07
discovery,2,680003,690003,pi,701,legacy5,intact,own,0.03,699002,30,False,96.3359147517335,35,0.8285714285714286,29,0.700507614213198,4.1043114788111097e-07
discovery,2,680003,690003,pi,701,legacy5,intact,own,0.03,699003,25,False,79.7262742772967,35,0.6857142857142857,24,0.7106598984771574,4.1043114788111097e-07
discovery,2,680003,690003,pi,701,legacy5,intact,coordinate,0.03,699001,17,False,53.150849518197795,35,0.45714285714285713,16,0.6700507614213198,1.0731795660685183e-06
discovery,2,680003,690003,pi,701,legacy5,intact,coordinate,0.03,699002,30,False,96.3359147517335,35,0.8285714285714286,29,0.6598984771573604,1.0731795660685183e-06
discovery,2,680003,690003,pi,701,legacy5,intact,coordinate,0.03,699003,5,False,13.287712379549449,35,0.11428571428571428,4,0.6852791878172588,1.0731795660685183e-06
discovery,2,680003,690003,pi,701,legacy5,intact,own,0.3,699001,3,False,6.643856189774724,35,0.05714285714285714,2,0.39593908629441626,4.10431147881111e-05
discovery,2,680003,690003,pi,701,legacy5,intact,own,0.3,699002,1,False,0.0,35,0.0,0,0.40609137055837563,4.10431147881111e-05
discovery,2,680003,690003,pi,701,legacy5,intact,own,0.3,699003,3,False,6.643856189774724,35,0.05714285714285714,2,0.4263959390862944,4.10431147881111e-05
discovery,2,680003,690003,pi,701,legacy5,intact,coordinate,0.3,699001,3,False,6.643856189774724,35,0.05714285714285714,2,0.38071065989847713,0.00010731795660685184
discovery,2,680003,690003,pi,701,legacy5,intact,coordinate,0.3,699002,1,False,0.0,35,0.0,0,0.3147208121827411,0.00010731795660685184
discovery,2,680003,690003,pi,701,legacy5,intact,coordinate,0.3,699003,3,False,6.643856189774724,35,0.05714285714285714,2,0.3197969543147208,0.00010731795660685184
discovery,2,680003,690003,pi,701,legacy5,degree,own,0.0003,699001,22,False,69.7604899926346,21,1.0,21,0.6954314720812182,5.591875171495386e-10
discovery,2,680003,690003,pi,701,legacy5,degree,own,0.0003,699002,22,False,69.7604899926346,21,1.0,21,0.6954314720812182,5.591875171495386e-10
discovery,2,680003,690003,pi,701,legacy5,degree,own,0.0003,699003,22,False,69.7604899926346,21,1.0,21,0.6954314720812182,5.591875171495386e-10
discovery,2,680003,690003,pi,701,legacy5,degree,coordinate,0.0003,699001,22,False,69.7604899926346,21,1.0,21,0.6954314720812182,3.2048728297843605e-09
discovery,2,680003,690003,pi,701,legacy5,degree,coordinate,0.0003,699002,22,False,69.7604899926346,21,1.0,21,0.6954314720812182,3.2048728297843605e-09
discovery,2,680003,690003,pi,701,legacy5,degree,coordinate,0.0003,699003,22,False,69.7604899926346,21,1.0,21,0.6954314720812182,3.2048728297843605e-09
discovery,2,680003,690003,pi,701,legacy5,degree,own,0.03,699001,22,False,69.7604899926346,21,1.0,21,0.6700507614213198,5.591875171495386e-06
discovery,2,680003,690003,pi,701,legacy5,degree,own,0.03,699002,22,False,69.7604899926346,21,1.0,21,0.6700507614213198,5.591875171495386e-06
discovery,2,680003,690003,pi,701,legacy5,degree,own,0.03,699003,17,False,53.150849518197795,21,0.7619047619047619,16,0.6802030456852792,5.591875171495386e-06
discovery,2,680003,690003,pi,701,legacy5,degree,coordinate,0.03,699001,22,False,69.7604899926346,21,1.0,21,0.6446700507614214,3.204872829784361e-05
discovery,2,680003,690003,pi,701,legacy5,degree,coordinate,0.03,699002,5,False,13.287712379549449,21,0.19047619047619047,4,0.6446700507614214,3.204872829784361e-05
discovery,2,680003,690003,pi,701,legacy5,degree,coordinate,0.03,699003,17,False,53.150849518197795,21,0.7619047619047619,16,0.6345177664974619,3.204872829784361e-05
discovery,2,680003,690003,pi,701,legacy5,degree,own,0.3,699001,5,False,13.287712379549449,21,0.19047619047619047,4,0.467005076142132,0.0005591875171495386
discovery,2,680003,690003,pi,701,legacy5,degree,own,0.3,699002,5,False,13.287712379549449,21,0.19047619047619047,4,0.4720812182741117,0.0005591875171495386
discovery,2,680003,690003,pi,701,legacy5,degree,own,0.3,699003,8,False,23.253496664211536,21,0.3333333333333333,7,0.4720812182741117,0.0005591875171495386
discovery,2,680003,690003,pi,701,legacy5,degree,coordinate,0.3,699001,1,False,0.0,21,0.0,0,0.3604060913705584,0.003204872829784361
discovery,2,680003,690003,pi,701,legacy5,degree,coordinate,0.3,699002,5,False,13.287712379549449,21,0.19047619047619047,4,0.3756345177664975,0.003204872829784361
discovery,2,680003,690003,pi,701,legacy5,degree,coordinate,0.3,699003,1,False,0.0,21,0.0,0,0.3350253807106599,0.003204872829784361
discovery,2,680003,690003,pi,701,legacy5,role,own,0.0003,699001,21,False,66.43856189774725,20,1.0,20,0.8883248730964467,6.422034749145371e-11
discovery,2,680003,690003,pi,701,legacy5,role,own,0.0003,699002,21,False,66.43856189774725,20,1.0,20,0.8883248730964467,6.422034749145371e-11
discovery,2,680003,690003,pi,701,legacy5,role,own,0.0003,699003,21,False,66.43856189774725,20,1.0,20,0.8883248730964467,6.422034749145371e-11
discovery,2,680003,690003,pi,701,legacy5,role,coordinate,0.0003,699001,21,False,66.43856189774725,20,1.0,20,0.8883248730964467,1.4525565896467022e-10
discovery,2,680003,690003,pi,701,legacy5,role,coordinate,0.0003,699002,21,False,66.43856189774725,20,1.0,20,0.8883248730964467,1.4525565896467022e-10
discovery,2,680003,690003,pi,701,legacy5,role,coordinate,0.0003,699003,21,False,66.43856189774725,20,1.0,20,0.8883248730964467,1.4525565896467022e-10
discovery,2,680003,690003,pi,701,legacy5,role,own,0.03,699001,21,False,66.43856189774725,20,1.0,20,0.8020304568527918,6.422034749145371e-07
discovery,2,680003,690003,pi,701,legacy5,role,own,0.03,699002,21,False,66.43856189774725,20,1.0,20,0.8274111675126904,6.422034749145371e-07
discovery,2,680003,690003,pi,701,legacy5,role,own,0.03,699003,19,False,59.79470570797252,20,0.9,18,0.8324873096446701,6.422034749145371e-07
discovery,2,680003,690003,pi,701,legacy5,role,coordinate,0.03,699001,15,False,46.50699332842307,20,0.7,14,0.751269035532995,1.4525565896467025e-06
discovery,2,680003,690003,pi,701,legacy5,role,coordinate,0.03,699002,17,False,53.150849518197795,20,0.8,16,0.7766497461928934,1.4525565896467025e-06
discovery,2,680003,690003,pi,701,legacy5,role,coordinate,0.03,699003,17,False,53.150849518197795,20,0.8,16,0.7918781725888325,1.4525565896467025e-06
discovery,2,680003,690003,pi,701,legacy5,role,own,0.3,699001,1,False,0.0,20,0.0,0,0.4010152284263959,6.422034749145371e-05
discovery,2,680003,690003,pi,701,legacy5,role,own,0.3,699002,2,False,3.321928094887362,20,0.05,1,0.41624365482233505,6.422034749145371e-05
discovery,2,680003,690003,pi,701,legacy5,role,own,0.3,699003,1,False,0.0,20,0.0,0,0.467005076142132,6.422034749145371e-05
discovery,2,680003,690003,pi,701,legacy5,role,coordinate,0.3,699001,1,False,0.0,20,0.0,0,0.30456852791878175,0.00014525565896467024
discovery,2,680003,690003,pi,701,legacy5,role,coordinate,0.3,699002,2,False,3.321928094887362,20,0.05,1,0.3299492385786802,0.00014525565896467024
discovery,2,680003,690003,pi,701,legacy5,role,coordinate,0.3,699003,1,False,0.0,20,0.0,0,0.4010152284263959,0.00014525565896467024
discovery,2,680003,690003,pi,702,legacy5,intact,own,0.0003,699001,39,False,126.23326760571976,38,1.0,38,0.7309644670050761,6.090831188574618e-11
discovery,2,680003,690003,pi,702,legacy5,intact,own,0.0003,699002,39,False,126.23326760571976,38,1.0,38,0.7309644670050761,6.090831188574618e-11
discovery,2,680003,690003,pi,702,legacy5,intact,own,0.0003,699003,39,False,126.23326760571976,38,1.0,38,0.7309644670050761,6.090831188574618e-11
discovery,2,680003,690003,pi,702,legacy5,intact,coordinate,0.0003,699001,39,False,126.23326760571976,38,1.0,38,0.7309644670050761,1.2573288427650293e-10
discovery,2,680003,690003,pi,702,legacy5,intact,coordinate,0.0003,699002,39,False,126.23326760571976,38,1.0,38,0.7309644670050761,1.2573288427650293e-10
discovery,2,680003,690003,pi,702,legacy5,intact,coordinate,0.0003,699003,39,False,126.23326760571976,38,1.0,38,0.7309644670050761,1.2573288427650293e-10
discovery,2,680003,690003,pi,702,legacy5,intact,own,0.03,699001,39,False,126.23326760571976,38,1.0,38,0.6903553299492385,6.090831188574617e-07
discovery,2,680003,690003,pi,702,legacy5,intact,own,0.03,699002,9,False,26.575424759098897,38,0.21052631578947367,8,0.7055837563451777,6.090831188574617e-07
discovery,2,680003,690003,pi,702,legacy5,intact,own,0.03,699003,39,False,126.23326760571976,38,1.0,38,0.7106598984771574,6.090831188574617e-07
discovery,2,680003,690003,pi,702,legacy5,intact,coordinate,0.03,699001,39,False,126.23326760571976,38,1.0,38,0.6751269035532995,1.2573288427650294e-06
discovery,2,680003,690003,pi,702,legacy5,intact,coordinate,0.03,699002,9,False,26.575424759098897,38,0.21052631578947367,8,0.6852791878172588,1.2573288427650294e-06
discovery,2,680003,690003,pi,702,legacy5,intact,coordinate,0.03,699003,39,False,126.23326760571976,38,1.0,38,0.6954314720812182,1.2573288427650294e-06
discovery,2,680003,690003,pi,702,legacy5,intact,own,0.3,699001,2,False,3.321928094887362,38,0.02631578947368421,1,0.3756345177664975,6.0908311885746166e-05
discovery,2,680003,690003,pi,702,legacy5,intact,own,0.3,699002,3,False,6.643856189774724,38,0.05263157894736842,2,0.39593908629441626,6.0908311885746166e-05
discovery,2,680003,690003,pi,702,legacy5,intact,own,0.3,699003,4,False,9.965784284662087,38,0.07894736842105263,3,0.36548223350253806,6.0908311885746166e-05
discovery,2,680003,690003,pi,702,legacy5,intact,coordinate,0.3,699001,2,False,3.321928094887362,38,0.02631578947368421,1,0.3248730964467005,0.00012573288427650297
discovery,2,680003,690003,pi,702,legacy5,intact,coordinate,0.3,699002,2,False,3.321928094887362,38,0.02631578947368421,1,0.38578680203045684,0.00012573288427650297
discovery,2,680003,690003,pi,702,legacy5,intact,coordinate,0.3,699003,2,False,3.321928094887362,38,0.02631578947368421,1,0.3096446700507614,0.00012573288427650297
discovery,2,680003,690003,pi,702,legacy5,degree,own,0.0003,699001,15,False,46.50699332842307,14,1.0,14,0.700507614213198,5.883067285107183e-10
discovery,2,680003,690003,pi,702,legacy5,degree,own,0.0003,699002,15,False,46.50699332842307,14,1.0,14,0.700507614213198,5.883067285107183e-10
discovery,2,680003,690003,pi,702,legacy5,degree,own,0.0003,699003,15,False,46.50699332842307,14,1.0,14,0.700507614213198,5.883067285107183e-10
discovery,2,680003,690003,pi,702,legacy5,degree,coordinate,0.0003,699001,15,False,46.50699332842307,14,1.0,14,0.700507614213198,3.833914314710937e-09
discovery,2,680003,690003,pi,702,legacy5,degree,coordinate,0.0003,699002,15,False,46.50699332842307,14,1.0,14,0.700507614213198,3.833914314710937e-09
discovery,2,680003,690003,pi,702,legacy5,degree,coordinate,0.0003,699003,15,False,46.50699332842307,14,1.0,14,0.700507614213198,3.833914314710937e-09
discovery,2,680003,690003,pi,702,legacy5,degree,own,0.03,699001,15,False,46.50699332842307,14,1.0,14,0.6954314720812182,5.883067285107183e-06
discovery,2,680003,690003,pi,702,legacy5,degree,own,0.03,699002,15,False,46.50699332842307,14,1.0,14,0.6954314720812182,5.883067285107183e-06
discovery,2,680003,690003,pi,702,legacy5,degree,own,0.03,699003,15,False,46.50699332842307,14,1.0,14,0.6903553299492385,5.883067285107183e-06
discovery,2,680003,690003,pi,702,legacy5,degree,coordinate,0.03,699001,15,False,46.50699332842307,14,1.0,14,0.6548223350253807,3.833914314710937e-05
discovery,2,680003,690003,pi,702,legacy5,degree,coordinate,0.03,699002,9,False,26.575424759098897,14,0.5714285714285714,8,0.6294416243654822,3.833914314710937e-05
discovery,2,680003,690003,pi,702,legacy5,degree,coordinate,0.03,699003,15,False,46.50699332842307,14,1.0,14,0.6446700507614214,3.833914314710937e-05
discovery,2,680003,690003,pi,702,legacy5,degree,own,0.3,699001,1,False,0.0,14,0.0,0,0.4365482233502538,0.0005883067285107184
discovery,2,680003,690003,pi,702,legacy5,degree,own,0.3,699002,2,False,3.321928094887362,14,0.07142857142857142,1,0.4365482233502538,0.0005883067285107184
discovery,2,680003,690003,pi,702,legacy5,degree,own,0.3,699003,3,False,6.643856189774724,14,0.14285714285714285,2,0.48223350253807107,0.0005883067285107184
discovery,2,680003,690003,pi,702,legacy5,degree,coordinate,0.3,699001,1,False,0.0,14,0.0,0,0.3197969543147208,0.0038339143147109378
discovery,2,680003,690003,pi,702,legacy5,degree,coordinate,0.3,699002,1,False,0.0,14,0.0,0,0.3096446700507614,0.0038339143147109378
discovery,2,680003,690003,pi,702,legacy5,degree,coordinate,0.3,699003,3,False,6.643856189774724,14,0.14285714285714285,2,0.36548223350253806,0.0038339143147109378
discovery,2,680003,690003,pi,702,legacy5,role,own,0.0003,699001,35,False,112.94555522617031,34,1.0,34,0.9035532994923858,4.2264186672405204e-11
discovery,2,680003,690003,pi,702,legacy5,role,own,0.0003,699002,35,False,112.94555522617031,34,1.0,34,0.9035532994923858,4.2264186672405204e-11
discovery,2,680003,690003,pi,702,legacy5,role,own,0.0003,699003,35,False,112.94555522617031,34,1.0,34,0.9035532994923858,4.2264186672405204e-11
discovery,2,680003,690003,pi,702,legacy5,role,coordinate,0.0003,699001,35,False,112.94555522617031,34,1.0,34,0.9035532994923858,8.33140322523684e-11
discovery,2,680003,690003,pi,702,legacy5,role,coordinate,0.0003,699002,35,False,112.94555522617031,34,1.0,34,0.9035532994923858,8.33140322523684e-11
discovery,2,680003,690003,pi,702,legacy5,role,coordinate,0.0003,699003,35,False,112.94555522617031,34,1.0,34,0.9035532994923858,8.33140322523684e-11
discovery,2,680003,690003,pi,702,legacy5,role,own,0.03,699001,23,False,73.08241808752197,34,0.6470588235294118,22,0.8527918781725888,4.2264186672405215e-07
discovery,2,680003,690003,pi,702,legacy5,role,own,0.03,699002,16,False,49.82892142331043,34,0.4411764705882353,15,0.868020304568528,4.2264186672405215e-07
discovery,2,680003,690003,pi,702,legacy5,role,own,0.03,699003,35,False,112.94555522617031,34,1.0,34,0.883248730964467,4.2264186672405215e-07
discovery,2,680003,690003,pi,702,legacy5,role,coordinate,0.03,699001,23,False,73.08241808752197,34,0.6470588235294118,22,0.8121827411167513,8.331403225236841e-07
discovery,2,680003,690003,pi,702,legacy5,role,coordinate,0.03,699002,16,False,49.82892142331043,34,0.4411764705882353,15,0.8274111675126904,8.331403225236841e-07
discovery,2,680003,690003,pi,702,legacy5,role,coordinate,0.03,699003,6,False,16.609640474436812,34,0.14705882352941177,5,0.8477157360406091,8.331403225236841e-07
discovery,2,680003,690003,pi,702,legacy5,role,own,0.3,699001,1,False,0.0,34,0.0,0,0.4517766497461929,4.2264186672405216e-05
discovery,2,680003,690003,pi,702,legacy5,role,own,0.3,699002,3,False,6.643856189774724,34,0.058823529411764705,2,0.41116751269035534,4.2264186672405216e-05
discovery,2,680003,690003,pi,702,legacy5,role,own,0.3,699003,1,False,0.0,34,0.0,0,0.4416243654822335,4.2264186672405216e-05
discovery,2,680003,690003,pi,702,legacy5,role,coordinate,0.3,699001,1,False,0.0,34,0.0,0,0.39086294416243655,8.33140322523684e-05
discovery,2,680003,690003,pi,702,legacy5,role,coordinate,0.3,699002,3,False,6.643856189774724,34,0.058823529411764705,2,0.34517766497461927,8.33140322523684e-05
discovery,2,680003,690003,pi,702,legacy5,role,coordinate,0.3,699003,1,False,0.0,34,0.0,0,0.34517766497461927,8.33140322523684e-05
discovery,3,680004,690004,random,701,legacy5,intact,own,0.0003,699001,23,False,73.08241808752197,22,1.0,22,0.7817258883248731,6.613624483485095e-11
discovery,3,680004,690004,random,701,legacy5,intact,own,0.0003,699002,23,False,73.08241808752197,22,1.0,22,0.7817258883248731,6.613624483485095e-11
discovery,3,680004,690004,random,701,legacy5,intact,own,0.0003,699003,23,False,73.08241808752197,22,1.0,22,0.7817258883248731,6.613624483485095e-11
discovery,3,680004,690004,random,701,legacy5,intact,coordinate,0.0003,699001,23,False,73.08241808752197,22,1.0,22,0.7817258883248731,1.391951848267691e-10
discovery,3,680004,690004,random,701,legacy5,intact,coordinate,0.0003,699002,23,False,73.08241808752197,22,1.0,22,0.7817258883248731,1.391951848267691e-10
discovery,3,680004,690004,random,701,legacy5,intact,coordinate,0.0003,699003,23,False,73.08241808752197,22,1.0,22,0.7817258883248731,1.391951848267691e-10
discovery,3,680004,690004,random,701,legacy5,intact,own,0.03,699001,23,False,73.08241808752197,22,1.0,22,0.7106598984771574,6.613624483485099e-07
discovery,3,680004,690004,random,701,legacy5,intact,own,0.03,699002,12,False,36.541209043760986,22,0.5,11,0.7106598984771574,6.613624483485099e-07
discovery,3,680004,690004,random,701,legacy5,intact,own,0.03,699003,10,False,29.89735285398626,22,0.4090909090909091,9,0.7360406091370558,6.613624483485099e-07
discovery,3,680004,690004,random,701,legacy5,intact,coordinate,0.03,699001,19,False,59.79470570797252,22,0.8181818181818182,18,0.6700507614213198,1.391951848267691e-06
discovery,3,680004,690004,random,701,legacy5,intact,coordinate,0.03,699002,10,False,29.89735285398626,22,0.4090909090909091,9,0.6954314720812182,1.391951848267691e-06
discovery,3,680004,690004,random,701,legacy5,intact,coordinate,0.03,699003,8,False,23.253496664211536,22,0.3181818181818182,7,0.6802030456852792,1.391951848267691e-06
discovery,3,680004,690004,random,701,legacy5,intact,own,0.3,699001,2,False,3.321928094887362,22,0.045454545454545456,1,0.3553299492385787,6.613624483485098e-05
discovery,3,680004,690004,random,701,legacy5,intact,own,0.3,699002,4,False,9.965784284662087,22,0.13636363636363635,3,0.37055837563451777,6.613624483485098e-05
discovery,3,680004,690004,random,701,legacy5,intact,own,0.3,699003,2,False,3.321928094887362,22,0.045454545454545456,1,0.41624365482233505,6.613624483485098e-05
discovery,3,680004,690004,random,701,legacy5,intact,coordinate,0.3,699001,2,False,3.321928094887362,22,0.045454545454545456,1,0.30456852791878175,0.00013919518482676912
discovery,3,680004,690004,random,701,legacy5,intact,coordinate,0.3,699002,4,False,9.965784284662087,22,0.13636363636363635,3,0.3248730964467005,0.00013919518482676912
discovery,3,680004,690004,random,701,legacy5,intact,coordinate,0.3,699003,2,False,3.321928094887362,22,0.045454545454545456,1,0.3553299492385787,0.00013919518482676912
discovery,3,680004,690004,random,701,legacy5,degree,own,0.0003,699001,37,False,119.58941141594504,36,1.0,36,0.7411167512690355,4.3544443972309765e-10
discovery,3,680004,690004,random,701,legacy5,degree,own,0.0003,699002,37,False,119.58941141594504,36,1.0,36,0.7411167512690355,4.3544443972309765e-10
discovery,3,680004,690004,random,701,legacy5,degree,own,0.0003,699003,37,False,119.58941141594504,36,1.0,36,0.7411167512690355,4.3544443972309765e-10
discovery,3,680004,690004,random,701,legacy5,degree,coordinate,0.0003,699001,37,False,119.58941141594504,36,1.0,36,0.7411167512690355,1.6641867564717726e-09
discovery,3,680004,690004,random,701,legacy5,degree,coordinate,0.0003,699002,37,False,119.58941141594504,36,1.0,36,0.7411167512690355,1.6641867564717726e-09
discovery,3,680004,690004,random,701,legacy5,degree,coordinate,0.0003,699003,37,False,119.58941141594504,36,1.0,36,0.7411167512690355,1.6641867564717726e-09
discovery,3,680004,690004,random,701,legacy5,degree,own,0.03,699001,37,False,119.58941141594504,36,1.0,36,0.7309644670050761,4.354444397230978e-06
discovery,3,680004,690004,random,701,legacy5,degree,own,0.03,699002,37,False,119.58941141594504,36,1.0,36,0.700507614213198,4.354444397230978e-06
discovery,3,680004,690004,random,701,legacy5,degree,own,0.03,699003,37,False,119.58941141594504,36,1.0,36,0.7106598984771574,4.354444397230978e-06
discovery,3,680004,690004,random,701,legacy5,degree,coordinate,0.03,699001,37,False,119.58941141594504,36,1.0,36,0.6751269035532995,1.6641867564717727e-05
discovery,3,680004,690004,random,701,legacy5,degree,coordinate,0.03,699002,15,False,46.50699332842307,36,0.3888888888888889,14,0.6345177664974619,1.6641867564717727e-05
discovery,3,680004,690004,random,701,legacy5,degree,coordinate,0.03,699003,5,False,13.287712379549449,36,0.1111111111111111,4,0.6446700507614214,1.6641867564717727e-05
discovery,3,680004,690004,random,701,legacy5,degree,own,0.3,699001,1,False,0.0,36,0.0,0,0.43147208121827413,0.0004354444397230978
discovery,3,680004,690004,random,701,legacy5,degree,own,0.3,699002,1,False,0.0,36,0.0,0,0.41116751269035534,0.0004354444397230978
discovery,3,680004,690004,random,701,legacy5,degree,own,0.3,699003,1,False,0.0,36,0.0,0,0.4263959390862944,0.0004354444397230978
discovery,3,680004,690004,random,701,legacy5,degree,coordinate,0.3,699001,1,False,0.0,36,0.0,0,0.3147208121827411,0.001664186756471773
discovery,3,680004,690004,random,701,legacy5,degree,coordinate,0.3,699002,1,False,0.0,36,0.0,0,0.28426395939086296,0.001664186756471773
discovery,3,680004,690004,random,701,legacy5,degree,coordinate,0.3,699003,1,False,0.0,36,0.0,0,0.3248730964467005,0.001664186756471773
discovery,3,680004,690004,random,701,legacy5,role,own,0.0003,699001,39,False,126.23326760571976,38,1.0,38,0.8730964467005076,4.594343097794128e-11
discovery,3,680004,690004,random,701,legacy5,role,own,0.0003,699002,39,False,126.23326760571976,38,1.0,38,0.8730964467005076,4.594343097794128e-11
discovery,3,680004,690004,random,701,legacy5,role,own,0.0003,699003,39,False,126.23326760571976,38,1.0,38,0.8730964467005076,4.594343097794128e-11
discovery,3,680004,690004,random,701,legacy5,role,coordinate,0.0003,699001,39,False,126.23326760571976,38,1.0,38,0.8730964467005076,1.47803757117585e-10
discovery,3,680004,690004,random,701,legacy5,role,coordinate,0.0003,699002,39,False,126.23326760571976,38,1.0,38,0.8730964467005076,1.47803757117585e-10
discovery,3,680004,690004,random,701,legacy5,role,coordinate,0.0003,699003,39,False,126.23326760571976,38,1.0,38,0.8730964467005076,1.47803757117585e-10
discovery,3,680004,690004,random,701,legacy5,role,own,0.03,699001,39,False,126.23326760571976,38,1.0,38,0.8375634517766497,4.594343097794127e-07
discovery,3,680004,690004,random,701,legacy5,role,own,0.03,699002,13,False,39.86313713864835,38,0.3157894736842105,12,0.8477157360406091,4.594343097794127e-07
discovery,3,680004,690004,random,701,legacy5,role,own,0.03,699003,39,False,126.23326760571976,38,1.0,38,0.8578680203045685,4.594343097794127e-07
discovery,3,680004,690004,random,701,legacy5,role,coordinate,0.03,699001,26,False,83.04820237218405,38,0.6578947368421053,25,0.8020304568527918,1.4780375711758503e-06
discovery,3,680004,690004,random,701,legacy5,role,coordinate,0.03,699002,13,False,39.86313713864835,38,0.3157894736842105,12,0.817258883248731,1.4780375711758503e-06
discovery,3,680004,690004,random,701,legacy5,role,coordinate,0.03,699003,9,False,26.575424759098897,38,0.21052631578947367,8,0.8020304568527918,1.4780375711758503e-06
discovery,3,680004,690004,random,701,legacy5,role,own,0.3,699001,1,False,0.0,38,0.0,0,0.4517766497461929,4.594343097794127e-05
discovery,3,680004,690004,random,701,legacy5,role,own,0.3,699002,4,False,9.965784284662087,38,0.07894736842105263,3,0.5025380710659898,4.594343097794127e-05
discovery,3,680004,690004,random,701,legacy5,role,own,0.3,699003,1,False,0.0,38,0.0,0,0.4619289340101523,4.594343097794127e-05
discovery,3,680004,690004,random,701,legacy5,role,coordinate,0.3,699001,1,False,0.0,38,0.0,0,0.3604060913705584,0.00014780375711758505
discovery,3,680004,690004,random,701,legacy5,role,coordinate,0.3,699002,4,False,9.965784284662087,38,0.07894736842105263,3,0.3756345177664975,0.00014780375711758505
discovery,3,680004,690004,random,701,legacy5,role,coordinate,0.3,699003,1,False,0.0,38,0.0,0,0.3553299492385787,0.00014780375711758505
discovery,3,680004,690004,random,702,legacy5,intact,own,0.0003,699001,43,False,139.5209799852692,42,1.0,42,0.8375634517766497,5.721819353656998e-11
discovery,3,680004,690004,random,702,legacy5,intact,own,0.0003,699002,43,False,139.5209799852692,42,1.0,42,0.8375634517766497,5.721819353656998e-11
discovery,3,680004,690004,random,702,legacy5,intact,own,0.0003,699003,43,False,139.5209799852692,42,1.0,42,0.8375634517766497,5.721819353656998e-11
discovery,3,680004,690004,random,702,legacy5,intact,coordinate,0.0003,699001,43,False,139.5209799852692,42,1.0,42,0.8375634517766497,1.0774676395506486e-10
discovery,3,680004,690004,random,702,legacy5,intact,coordinate,0.0003,699002,43,False,139.5209799852692,42,1.0,42,0.8375634517766497,1.0774676395506486e-10
discovery,3,680004,690004,random,702,legacy5,intact,coordinate,0.0003,699003,43,False,139.5209799852692,42,1.0,42,0.8375634517766497,1.0774676395506486e-10
discovery,3,680004,690004,random,702,legacy5,intact,own,0.03,699001,22,False,69.7604899926346,42,0.5,21,0.7563451776649747,5.721819353656999e-07
discovery,3,680004,690004,random,702,legacy5,intact,own,0.03,699002,43,False,139.5209799852692,42,1.0,42,0.7563451776649747,5.721819353656999e-07
discovery,3,680004,690004,random,702,legacy5,intact,own,0.03,699003,3,False,6.643856189774724,42,0.047619047619047616,2,0.7106598984771574,5.721819353656999e-07
discovery,3,680004,690004,random,702,legacy5,intact,coordinate,0.03,699001,9,False,26.575424759098897,42,0.19047619047619047,8,0.7055837563451777,1.0774676395506486e-06
discovery,3,680004,690004,random,702,legacy5,intact,coordinate,0.03,699002,29,False,93.01398665684614,42,0.6666666666666666,28,0.7258883248730964,1.0774676395506486e-06
discovery,3,680004,690004,random,702,legacy5,intact,coordinate,0.03,699003,3,False,6.643856189774724,42,0.047619047619047616,2,0.6598984771573604,1.0774676395506486e-06
discovery,3,680004,690004,random,702,legacy5,intact,own,0.3,699001,2,False,3.321928094887362,42,0.023809523809523808,1,0.38071065989847713,5.721819353656999e-05
discovery,3,680004,690004,random,702,legacy5,intact,own,0.3,699002,2,False,3.321928094887362,42,0.023809523809523808,1,0.3553299492385787,5.721819353656999e-05
discovery,3,680004,690004,random,702,legacy5,intact,own,0.3,699003,2,False,3.321928094887362,42,0.023809523809523808,1,0.29949238578680204,5.721819353656999e-05
discovery,3,680004,690004,random,702,legacy5,intact,coordinate,0.3,699001,2,False,3.321928094887362,42,0.023809523809523808,1,0.2893401015228426,0.00010774676395506485
discovery,3,680004,690004,random,702,legacy5,intact,coordinate,0.3,699002,2,False,3.321928094887362,42,0.023809523809523808,1,0.3197969543147208,0.00010774676395506485
discovery,3,680004,690004,random,702,legacy5,intact,coordinate,0.3,699003,2,False,3.321928094887362,42,0.023809523809523808,1,0.2436548223350254,0.00010774676395506485
discovery,3,680004,690004,random,702,legacy5,degree,own,0.0003,699001,28,False,89.69205856195877,27,1.0,27,0.700507614213198,3.2042354916800903e-10
discovery,3,680004,690004,random,702,legacy5,degree,own,0.0003,699002,28,False,89.69205856195877,27,1.0,27,0.700507614213198,3.2042354916800903e-10
discovery,3,680004,690004,random,702,legacy5,degree,own,0.0003,699003,28,False,89.69205856195877,27,1.0,27,0.700507614213198,3.2042354916800903e-10
discovery,3,680004,690004,random,702,legacy5,degree,coordinate,0.0003,699001,28,False,89.69205856195877,27,1.0,27,0.700507614213198,2.305640393166639e-09
discovery,3,680004,690004,random,702,legacy5,degree,coordinate,0.0003,699002,28,False,89.69205856195877,27,1.0,27,0.700507614213198,2.305640393166639e-09
discovery,3,680004,690004,random,702,legacy5,degree,coordinate,0.0003,699003,28,False,89.69205856195877,27,1.0,27,0.700507614213198,2.305640393166639e-09
discovery,3,680004,690004,random,702,legacy5,degree,own,0.03,699001,28,False,89.69205856195877,27,1.0,27,0.700507614213198,3.2042354916800906e-06
discovery,3,680004,690004,random,702,legacy5,degree,own,0.03,699002,28,False,89.69205856195877,27,1.0,27,0.6852791878172588,3.2042354916800906e-06
discovery,3,680004,690004,random,702,legacy5,degree,own,0.03,699003,28,False,89.69205856195877,27,1.0,27,0.700507614213198,3.2042354916800906e-06
discovery,3,680004,690004,random,702,legacy5,degree,coordinate,0.03,699001,9,False,26.575424759098897,27,0.2962962962962963,8,0.6294416243654822,2.3056403931666392e-05
discovery,3,680004,690004,random,702,legacy5,degree,coordinate,0.03,699002,4,False,9.965784284662087,27,0.1111111111111111,3,0.6040609137055838,2.3056403931666392e-05
discovery,3,680004,690004,random,702,legacy5,degree,coordinate,0.03,699003,14,False,43.18506523353571,27,0.48148148148148145,13,0.6548223350253807,2.3056403931666392e-05
discovery,3,680004,690004,random,702,legacy5,degree,own,0.3,699001,3,False,6.643856189774724,27,0.07407407407407407,2,0.467005076142132,0.00032042354916800915
discovery,3,680004,690004,random,702,legacy5,degree,own,0.3,699002,4,False,9.965784284662087,27,0.1111111111111111,3,0.4619289340101523,0.00032042354916800915
discovery,3,680004,690004,random,702,legacy5,degree,own,0.3,699003,3,False,6.643856189774724,27,0.07407407407407407,2,0.4720812182741117,0.00032042354916800915
discovery,3,680004,690004,random,702,legacy5,degree,coordinate,0.3,699001,2,False,3.321928094887362,27,0.037037037037037035,1,0.36548223350253806,0.0023056403931666393
discovery,3,680004,690004,random,702,legacy5,degree,coordinate,0.3,699002,2,False,3.321928094887362,27,0.037037037037037035,1,0.3350253807106599,0.0023056403931666393
discovery,3,680004,690004,random,702,legacy5,degree,coordinate,0.3,699003,3,False,6.643856189774724,27,0.07407407407407407,2,0.350253807106599,0.0023056403931666393
discovery,3,680004,690004,random,702,legacy5,role,own,0.0003,699001,43,False,139.5209799852692,42,1.0,42,0.8324873096446701,7.004688983332349e-11
discovery,3,680004,690004,random,702,legacy5,role,own,0.0003,699002,43,False,139.5209799852692,42,1.0,42,0.8324873096446701,7.004688983332349e-11
discovery,3,680004,690004,random,702,legacy5,role,own,0.0003,699003,43,False,139.5209799852692,42,1.0,42,0.8324873096446701,7.004688983332349e-11
discovery,3,680004,690004,random,702,legacy5,role,coordinate,0.0003,699001,43,False,139.5209799852692,42,1.0,42,0.8324873096446701,1.5362042378537447e-10
discovery,3,680004,690004,random,702,legacy5,role,coordinate,0.0003,699002,43,False,139.5209799852692,42,1.0,42,0.8324873096446701,1.5362042378537447e-10
discovery,3,680004,690004,random,702,legacy5,role,coordinate,0.0003,699003,43,False,139.5209799852692,42,1.0,42,0.8324873096446701,1.5362042378537447e-10
discovery,3,680004,690004,random,702,legacy5,role,own,0.03,699001,6,False,16.609640474436812,42,0.11904761904761904,5,0.7918781725888325,7.004688983332348e-07
discovery,3,680004,690004,random,702,legacy5,role,own,0.03,699002,6,False,16.609640474436812,42,0.11904761904761904,5,0.7918781725888325,7.004688983332348e-07
discovery,3,680004,690004,random,702,legacy5,role,own,0.03,699003,43,False,139.5209799852692,42,1.0,42,0.7918781725888325,7.004688983332348e-07
discovery,3,680004,690004,random,702,legacy5,role,coordinate,0.03,699001,6,False,16.609640474436812,42,0.11904761904761904,5,0.7360406091370558,1.5362042378537449e-06
discovery,3,680004,690004,random,702,legacy5,role,coordinate,0.03,699002,6,False,16.609640474436812,42,0.11904761904761904,5,0.7614213197969543,1.5362042378537449e-06
discovery,3,680004,690004,random,702,legacy5,role,coordinate,0.03,699003,6,False,16.609640474436812,42,0.11904761904761904,5,0.7411167512690355,1.5362042378537449e-06
discovery,3,680004,690004,random,702,legacy5,role,own,0.3,699001,1,False,0.0,42,0.0,0,0.48223350253807107,7.00468898333235e-05
discovery,3,680004,690004,random,702,legacy5,role,own,0.3,699002,3,False,6.643856189774724,42,0.047619047619047616,2,0.41624365482233505,7.00468898333235e-05
discovery,3,680004,690004,random,702,legacy5,role,own,0.3,699003,4,False,9.965784284662087,42,0.07142857142857142,3,0.4263959390862944,7.00468898333235e-05
discovery,3,680004,690004,random,702,legacy5,role,coordinate,0.3,699001,1,False,0.0,42,0.0,0,0.38578680203045684,0.0001536204237853745
discovery,3,680004,690004,random,702,legacy5,role,coordinate,0.3,699002,3,False,6.643856189774724,42,0.047619047619047616,2,0.37055837563451777,0.0001536204237853745
discovery,3,680004,690004,random,702,legacy5,role,coordinate,0.3,699003,4,False,9.965784284662087,42,0.07142857142857142,3,0.3350253807106599,0.0001536204237853745
discovery,3,680004,690004,pi,701,legacy5,intact,own,0.0003,699001,39,False,126.23326760571976,38,1.0,38,0.817258883248731,6.391644827407999e-11
discovery,3,680004,690004,pi,701,legacy5,intact,own,0.0003,699002,39,False,126.23326760571976,38,1.0,38,0.817258883248731,6.391644827407999e-11
discovery,3,680004,690004,pi,701,legacy5,intact,own,0.0003,699003,39,False,126.23326760571976,38,1.0,38,0.817258883248731,6.391644827407999e-11
discovery,3,680004,690004,pi,701,legacy5,intact,coordinate,0.0003,699001,39,False,126.23326760571976,38,1.0,38,0.817258883248731,1.1912917414490233e-10
discovery,3,680004,690004,pi,701,legacy5,intact,coordinate,0.0003,699002,39,False,126.23326760571976,38,1.0,38,0.817258883248731,1.1912917414490233e-10
discovery,3,680004,690004,pi,701,legacy5,intact,coordinate,0.0003,699003,39,False,126.23326760571976,38,1.0,38,0.817258883248731,1.1912917414490233e-10
discovery,3,680004,690004,pi,701,legacy5,intact,own,0.03,699001,21,False,66.43856189774725,38,0.5263157894736842,20,0.766497461928934,6.391644827408e-07
discovery,3,680004,690004,pi,701,legacy5,intact,own,0.03,699002,29,False,93.01398665684614,38,0.7368421052631579,28,0.7868020304568528,6.391644827408e-07
discovery,3,680004,690004,pi,701,legacy5,intact,own,0.03,699003,39,False,126.23326760571976,38,1.0,38,0.7360406091370558,6.391644827408e-07
discovery,3,680004,690004,pi,701,legacy5,intact,coordinate,0.03,699001,21,False,66.43856189774725,38,0.5263157894736842,20,0.7157360406091371,1.1912917414490233e-06
discovery,3,680004,690004,pi,701,legacy5,intact,coordinate,0.03,699002,2,False,3.321928094887362,38,0.02631578947368421,1,0.7411167512690355,1.1912917414490233e-06
discovery,3,680004,690004,pi,701,legacy5,intact,coordinate,0.03,699003,2,False,3.321928094887362,38,0.02631578947368421,1,0.7106598984771574,1.1912917414490233e-06
discovery,3,680004,690004,pi,701,legacy5,intact,own,0.3,699001,2,False,3.321928094887362,38,0.02631578947368421,1,0.36548223350253806,6.391644827408e-05
discovery,3,680004,690004,pi,701,legacy5,intact,own,0.3,699002,1,False,0.0,38,0.0,0,0.350253807106599,6.391644827408e-05
discovery,3,680004,690004,pi,701,legacy5,intact,own,0.3,699003,2,False,3.321928094887362,38,0.02631578947368421,1,0.34517766497461927,6.391644827408e-05
discovery,3,680004,690004,pi,701,legacy5,intact,coordinate,0.3,699001,2,False,3.321928094887362,38,0.02631578947368421,1,0.3350253807106599,0.00011912917414490233
discovery,3,680004,690004,pi,701,legacy5,intact,coordinate,0.3,699002,1,False,0.0,38,0.0,0,0.30456852791878175,0.00011912917414490233
discovery,3,680004,690004,pi,701,legacy5,intact,coordinate,0.3,699003,2,False,3.321928094887362,38,0.02631578947368421,1,0.30456852791878175,0.00011912917414490233
discovery,3,680004,690004,pi,701,legacy5,degree,own,0.0003,699001,36,False,116.26748332105768,35,1.0,35,0.6751269035532995,4.0777695424435654e-10
discovery,3,680004,690004,pi,701,legacy5,degree,own,0.0003,699002,36,False,116.26748332105768,35,1.0,35,0.6751269035532995,4.0777695424435654e-10
discovery,3,680004,690004,pi,701,legacy5,degree,own,0.0003,699003,36,False,116.26748332105768,35,1.0,35,0.6751269035532995,4.0777695424435654e-10
discovery,3,680004,690004,pi,701,legacy5,degree,coordinate,0.0003,699001,36,False,116.26748332105768,35,1.0,35,0.6751269035532995,1.4340074213684458e-09
discovery,3,680004,690004,pi,701,legacy5,degree,coordinate,0.0003,699002,36,False,116.26748332105768,35,1.0,35,0.6751269035532995,1.4340074213684458e-09
discovery,3,680004,690004,pi,701,legacy5,degree,coordinate,0.0003,699003,36,False,116.26748332105768,35,1.0,35,0.6751269035532995,1.4340074213684458e-09
discovery,3,680004,690004,pi,701,legacy5,degree,own,0.03,699001,36,False,116.26748332105768,35,1.0,35,0.6548223350253807,4.077769542443566e-06
discovery,3,680004,690004,pi,701,legacy5,degree,own,0.03,699002,3,False,6.643856189774724,35,0.05714285714285714,2,0.6598984771573604,4.077769542443566e-06
discovery,3,680004,690004,pi,701,legacy5,degree,own,0.03,699003,33,False,106.30169903639559,35,0.9142857142857143,32,0.6598984771573604,4.077769542443566e-06
discovery,3,680004,690004,pi,701,legacy5,degree,coordinate,0.03,699001,12,False,36.541209043760986,35,0.3142857142857143,11,0.6294416243654822,1.434007421368446e-05
discovery,3,680004,690004,pi,701,legacy5,degree,coordinate,0.03,699002,3,False,6.643856189774724,35,0.05714285714285714,2,0.6548223350253807,1.434007421368446e-05
discovery,3,680004,690004,pi,701,legacy5,degree,coordinate,0.03,699003,3,False,6.643856189774724,35,0.05714285714285714,2,0.6294416243654822,1.434007421368446e-05
discovery,3,680004,690004,pi,701,legacy5,degree,own,0.3,699001,1,False,0.0,35,0.0,0,0.4213197969543147,0.0004077769542443566
discovery,3,680004,690004,pi,701,legacy5,degree,own,0.3,699002,3,False,6.643856189774724,35,0.05714285714285714,2,0.4619289340101523,0.0004077769542443566
discovery,3,680004,690004,pi,701,legacy5,degree,own,0.3,699003,1,False,0.0,35,0.0,0,0.4213197969543147,0.0004077769542443566
discovery,3,680004,690004,pi,701,legacy5,degree,coordinate,0.3,699001,1,False,0.0,35,0.0,0,0.3553299492385787,0.001434007421368446
discovery,3,680004,690004,pi,701,legacy5,degree,coordinate,0.3,699002,1,False,0.0,35,0.0,0,0.3553299492385787,0.001434007421368446
discovery,3,680004,690004,pi,701,legacy5,degree,coordinate,0.3,699003,1,False,0.0,35,0.0,0,0.3147208121827411,0.001434007421368446
discovery,3,680004,690004,pi,701,legacy5,role,own,0.0003,699001,40,False,129.55519570060713,39,1.0,39,0.8781725888324873,4.344119553258563e-11
discovery,3,680004,690004,pi,701,legacy5,role,own,0.0003,699002,40,False,129.55519570060713,39,1.0,39,0.8781725888324873,4.344119553258563e-11
discovery,3,680004,690004,pi,701,legacy5,role,own,0.0003,699003,40,False,129.55519570060713,39,1.0,39,0.8781725888324873,4.344119553258563e-11
discovery,3,680004,690004,pi,701,legacy5,role,coordinate,0.0003,699001,40,False,129.55519570060713,39,1.0,39,0.8781725888324873,1.3320527368359723e-10
discovery,3,680004,690004,pi,701,legacy5,role,coordinate,0.0003,699002,40,False,129.55519570060713,39,1.0,39,0.8781725888324873,1.3320527368359723e-10
discovery,3,680004,690004,pi,701,legacy5,role,coordinate,0.0003,699003,40,False,129.55519570060713,39,1.0,39,0.8781725888324873,1.3320527368359723e-10
discovery,3,680004,690004,pi,701,legacy5,role,own,0.03,699001,40,False,129.55519570060713,39,1.0,39,0.8477157360406091,4.344119553258564e-07
discovery,3,680004,690004,pi,701,legacy5,role,own,0.03,699002,40,False,129.55519570060713,39,1.0,39,0.8071065989847716,4.344119553258564e-07
discovery,3,680004,690004,pi,701,legacy5,role,own,0.03,699003,40,False,129.55519570060713,39,1.0,39,0.8426395939086294,4.344119553258564e-07
discovery,3,680004,690004,pi,701,legacy5,role,coordinate,0.03,699001,13,False,39.86313713864835,39,0.3076923076923077,12,0.7817258883248731,1.3320527368359724e-06
discovery,3,680004,690004,pi,701,legacy5,role,coordinate,0.03,699002,40,False,129.55519570060713,39,1.0,39,0.7411167512690355,1.3320527368359724e-06
discovery,3,680004,690004,pi,701,legacy5,role,coordinate,0.03,699003,11,False,33.219280948873624,39,0.2564102564102564,10,0.7563451776649747,1.3320527368359724e-06
discovery,3,680004,690004,pi,701,legacy5,role,own,0.3,699001,1,False,0.0,39,0.0,0,0.45685279187817257,4.344119553258563e-05
discovery,3,680004,690004,pi,701,legacy5,role,own,0.3,699002,3,False,6.643856189774724,39,0.05128205128205128,2,0.4467005076142132,4.344119553258563e-05
discovery,3,680004,690004,pi,701,legacy5,role,own,0.3,699003,1,False,0.0,39,0.0,0,0.4213197969543147,4.344119553258563e-05
discovery,3,680004,690004,pi,701,legacy5,role,coordinate,0.3,699001,1,False,0.0,39,0.0,0,0.3553299492385787,0.00013320527368359722
discovery,3,680004,690004,pi,701,legacy5,role,coordinate,0.3,699002,3,False,6.643856189774724,39,0.05128205128205128,2,0.3350253807106599,0.00013320527368359722
discovery,3,680004,690004,pi,701,legacy5,role,coordinate,0.3,699003,1,False,0.0,39,0.0,0,0.3248730964467005,0.00013320527368359722
discovery,3,680004,690004,pi,702,legacy5,intact,own,0.0003,699001,36,False,116.26748332105768,35,1.0,35,0.7309644670050761,4.8806132089158296e-11
discovery,3,680004,690004,pi,702,legacy5,intact,own,0.0003,699002,36,False,116.26748332105768,35,1.0,35,0.7309644670050761,4.8806132089158296e-11
discovery,3,680004,690004,pi,702,legacy5,intact,own,0.0003,699003,36,False,116.26748332105768,35,1.0,35,0.7309644670050761,4.8806132089158296e-11
discovery,3,680004,690004,pi,702,legacy5,intact,coordinate,0.0003,699001,36,False,116.26748332105768,35,1.0,35,0.7309644670050761,1.0046660056735101e-10
discovery,3,680004,690004,pi,702,legacy5,intact,coordinate,0.0003,699002,36,False,116.26748332105768,35,1.0,35,0.7309644670050761,1.0046660056735101e-10
discovery,3,680004,690004,pi,702,legacy5,intact,coordinate,0.0003,699003,36,False,116.26748332105768,35,1.0,35,0.7309644670050761,1.0046660056735101e-10
discovery,3,680004,690004,pi,702,legacy5,intact,own,0.03,699001,36,False,116.26748332105768,35,1.0,35,0.7055837563451777,4.880613208915831e-07
discovery,3,680004,690004,pi,702,legacy5,intact,own,0.03,699002,35,False,112.94555522617031,35,0.9714285714285714,34,0.700507614213198,4.880613208915831e-07
discovery,3,680004,690004,pi,702,legacy5,intact,own,0.03,699003,29,False,93.01398665684614,35,0.8,28,0.6903553299492385,4.880613208915831e-07
discovery,3,680004,690004,pi,702,legacy5,intact,coordinate,0.03,699001,36,False,116.26748332105768,35,1.0,35,0.6751269035532995,1.0046660056735103e-06
discovery,3,680004,690004,pi,702,legacy5,intact,coordinate,0.03,699002,15,False,46.50699332842307,35,0.4,14,0.6649746192893401,1.0046660056735103e-06
discovery,3,680004,690004,pi,702,legacy5,intact,coordinate,0.03,699003,29,False,93.01398665684614,35,0.8,28,0.6852791878172588,1.0046660056735103e-06
discovery,3,680004,690004,pi,702,legacy5,intact,own,0.3,699001,4,False,9.965784284662087,35,0.08571428571428572,3,0.350253807106599,4.880613208915829e-05
discovery,3,680004,690004,pi,702,legacy5,intact,own,0.3,699002,3,False,6.643856189774724,35,0.05714285714285714,2,0.38578680203045684,4.880613208915829e-05
discovery,3,680004,690004,pi,702,legacy5,intact,own,0.3,699003,4,False,9.965784284662087,35,0.08571428571428572,3,0.4263959390862944,4.880613208915829e-05
discovery,3,680004,690004,pi,702,legacy5,intact,coordinate,0.3,699001,3,False,6.643856189774724,35,0.05714285714285714,2,0.3197969543147208,0.00010046660056735103
discovery,3,680004,690004,pi,702,legacy5,intact,coordinate,0.3,699002,3,False,6.643856189774724,35,0.05714285714285714,2,0.3604060913705584,0.00010046660056735103
discovery,3,680004,690004,pi,702,legacy5,intact,coordinate,0.3,699003,4,False,9.965784284662087,35,0.08571428571428572,3,0.3248730964467005,0.00010046660056735103
discovery,3,680004,690004,pi,702,legacy5,degree,own,0.0003,699001,34,False,109.62362713128296,33,1.0,33,0.7055837563451777,2.863641317974152e-10
discovery,3,680004,690004,pi,702,legacy5,degree,own,0.0003,699002,34,False,109.62362713128296,33,1.0,33,0.7055837563451777,2.863641317974152e-10
discovery,3,680004,690004,pi,702,legacy5,degree,own,0.0003,699003,34,False,109.62362713128296,33,1.0,33,0.7055837563451777,2.863641317974152e-10
discovery,3,680004,690004,pi,702,legacy5,degree,coordinate,0.0003,699001,34,False,109.62362713128296,33,1.0,33,0.7055837563451777,2.057211668780528e-09
discovery,3,680004,690004,pi,702,legacy5,degree,coordinate,0.0003,699002,34,False,109.62362713128296,33,1.0,33,0.7055837563451777,2.057211668780528e-09
discovery,3,680004,690004,pi,702,legacy5,degree,coordinate,0.0003,699003,34,False,109.62362713128296,33,1.0,33,0.7055837563451777,2.057211668780528e-09
discovery,3,680004,690004,pi,702,legacy5,degree,own,0.03,699001,34,False,109.62362713128296,33,1.0,33,0.7106598984771574,2.863641317974153e-06
discovery,3,680004,690004,pi,702,legacy5,degree,own,0.03,699002,34,False,109.62362713128296,33,1.0,33,0.7106598984771574,2.863641317974153e-06
discovery,3,680004,690004,pi,702,legacy5,degree,own,0.03,699003,34,False,109.62362713128296,33,1.0,33,0.6954314720812182,2.863641317974153e-06
discovery,3,680004,690004,pi,702,legacy5,degree,coordinate,0.03,699001,34,False,109.62362713128296,33,1.0,33,0.6751269035532995,2.0572116687805284e-05
discovery,3,680004,690004,pi,702,legacy5,degree,coordinate,0.03,699002,18,False,56.47277761308516,33,0.5151515151515151,17,0.6598984771573604,2.0572116687805284e-05
discovery,3,680004,690004,pi,702,legacy5,degree,coordinate,0.03,699003,34,False,109.62362713128296,33,1.0,33,0.6700507614213198,2.0572116687805284e-05
discovery,3,680004,690004,pi,702,legacy5,degree,own,0.3,699001,1,False,0.0,33,0.0,0,0.5177664974619289,0.0002863641317974153
discovery,3,680004,690004,pi,702,legacy5,degree,own,0.3,699002,1,False,0.0,33,0.0,0,0.48223350253807107,0.0002863641317974153
discovery,3,680004,690004,pi,702,legacy5,degree,own,0.3,699003,2,False,3.321928094887362,33,0.030303030303030304,1,0.5177664974619289,0.0002863641317974153
discovery,3,680004,690004,pi,702,legacy5,degree,coordinate,0.3,699001,1,False,0.0,33,0.0,0,0.3756345177664975,0.002057211668780529
discovery,3,680004,690004,pi,702,legacy5,degree,coordinate,0.3,699002,1,False,0.0,33,0.0,0,0.3350253807106599,0.002057211668780529
discovery,3,680004,690004,pi,702,legacy5,degree,coordinate,0.3,699003,2,False,3.321928094887362,33,0.030303030303030304,1,0.36548223350253806,0.002057211668780529
discovery,3,680004,690004,pi,702,legacy5,role,own,0.0003,699001,42,False,136.19905189038184,41,1.0,41,0.9441624365482234,5.906085937939992e-11
discovery,3,680004,690004,pi,702,legacy5,role,own,0.0003,699002,42,False,136.19905189038184,41,1.0,41,0.9441624365482234,5.906085937939992e-11
discovery,3,680004,690004,pi,702,legacy5,role,own,0.0003,699003,42,False,136.19905189038184,41,1.0,41,0.9441624365482234,5.906085937939992e-11
discovery,3,680004,690004,pi,702,legacy5,role,coordinate,0.0003,699001,42,False,136.19905189038184,41,1.0,41,0.9441624365482234,1.392780333137179e-10
discovery,3,680004,690004,pi,702,legacy5,role,coordinate,0.0003,699002,42,False,136.19905189038184,41,1.0,41,0.9441624365482234,1.392780333137179e-10
discovery,3,680004,690004,pi,702,legacy5,role,coordinate,0.0003,699003,42,False,136.19905189038184,41,1.0,41,0.9441624365482234,1.392780333137179e-10
discovery,3,680004,690004,pi,702,legacy5,role,own,0.03,699001,41,False,132.8771237954945,41,0.975609756097561,40,0.883248730964467,5.906085937939992e-07
discovery,3,680004,690004,pi,702,legacy5,role,own,0.03,699002,11,False,33.219280948873624,41,0.24390243902439024,10,0.8883248730964467,5.906085937939992e-07
discovery,3,680004,690004,pi,702,legacy5,role,own,0.03,699003,5,False,13.287712379549449,41,0.0975609756097561,4,0.8934010152284264,5.906085937939992e-07
discovery,3,680004,690004,pi,702,legacy5,role,coordinate,0.03,699001,20,False,63.11663380285988,41,0.4634146341463415,19,0.8223350253807107,1.392780333137179e-06
discovery,3,680004,690004,pi,702,legacy5,role,coordinate,0.03,699002,11,False,33.219280948873624,41,0.24390243902439024,10,0.817258883248731,1.392780333137179e-06
discovery,3,680004,690004,pi,702,legacy5,role,coordinate,0.03,699003,5,False,13.287712379549449,41,0.0975609756097561,4,0.8121827411167513,1.392780333137179e-06
discovery,3,680004,690004,pi,702,legacy5,role,own,0.3,699001,1,False,0.0,41,0.0,0,0.49746192893401014,5.9060859379399925e-05
discovery,3,680004,690004,pi,702,legacy5,role,own,0.3,699002,4,False,9.965784284662087,41,0.07317073170731707,3,0.5126903553299492,5.9060859379399925e-05
discovery,3,680004,690004,pi,702,legacy5,role,own,0.3,699003,2,False,3.321928094887362,41,0.024390243902439025,1,0.4416243654822335,5.9060859379399925e-05
discovery,3,680004,690004,pi,702,legacy5,role,coordinate,0.3,699001,1,False,0.0,41,0.0,0,0.39593908629441626,0.0001392780333137179
discovery,3,680004,690004,pi,702,legacy5,role,coordinate,0.3,699002,3,False,6.643856189774724,41,0.04878048780487805,2,0.3553299492385787,0.0001392780333137179
discovery,3,680004,690004,pi,702,legacy5,role,coordinate,0.3,699003,2,False,3.321928094887362,41,0.024390243902439025,1,0.3604060913705584,0.0001392780333137179
discovery,4,680005,690005,random,701,legacy5,intact,own,0.0003,699001,33,False,106.30169903639559,32,1.0,32,0.8324873096446701,4.884375497746494e-11
discovery,4,680005,690005,random,701,legacy5,intact,own,0.0003,699002,33,False,106.30169903639559,32,1.0,32,0.8324873096446701,4.884375497746494e-11
discovery,4,680005,690005,random,701,legacy5,intact,own,0.0003,699003,33,False,106.30169903639559,32,1.0,32,0.8324873096446701,4.884375497746494e-11
discovery,4,680005,690005,random,701,legacy5,intact,coordinate,0.0003,699001,33,False,106.30169903639559,32,1.0,32,0.8324873096446701,1.3245364800791579e-10
discovery,4,680005,690005,random,701,legacy5,intact,coordinate,0.0003,699002,33,False,106.30169903639559,32,1.0,32,0.8324873096446701,1.3245364800791579e-10
discovery,4,680005,690005,random,701,legacy5,intact,coordinate,0.0003,699003,33,False,106.30169903639559,32,1.0,32,0.8324873096446701,1.3245364800791579e-10
discovery,4,680005,690005,random,701,legacy5,intact,own,0.03,699001,33,False,106.30169903639559,32,1.0,32,0.7918781725888325,4.884375497746495e-07
discovery,4,680005,690005,random,701,legacy5,intact,own,0.03,699002,4,False,9.965784284662087,32,0.09375,3,0.7918781725888325,4.884375497746495e-07
discovery,4,680005,690005,random,701,legacy5,intact,own,0.03,699003,18,False,56.47277761308516,32,0.53125,17,0.817258883248731,4.884375497746495e-07
discovery,4,680005,690005,random,701,legacy5,intact,coordinate,0.03,699001,11,False,33.219280948873624,32,0.3125,10,0.7461928934010152,1.3245364800791582e-06
discovery,4,680005,690005,random,701,legacy5,intact,coordinate,0.03,699002,4,False,9.965784284662087,32,0.09375,3,0.7309644670050761,1.3245364800791582e-06
discovery,4,680005,690005,random,701,legacy5,intact,coordinate,0.03,699003,18,False,56.47277761308516,32,0.53125,17,0.7817258883248731,1.3245364800791582e-06
discovery,4,680005,690005,random,701,legacy5,intact,own,0.3,699001,1,False,0.0,32,0.0,0,0.4365482233502538,4.884375497746496e-05
discovery,4,680005,690005,random,701,legacy5,intact,own,0.3,699002,3,False,6.643856189774724,32,0.0625,2,0.4263959390862944,4.884375497746496e-05
discovery,4,680005,690005,random,701,legacy5,intact,own,0.3,699003,3,False,6.643856189774724,32,0.0625,2,0.45685279187817257,4.884375497746496e-05
discovery,4,680005,690005,random,701,legacy5,intact,coordinate,0.3,699001,1,False,0.0,32,0.0,0,0.3604060913705584,0.00013245364800791581
discovery,4,680005,690005,random,701,legacy5,intact,coordinate,0.3,699002,3,False,6.643856189774724,32,0.0625,2,0.350253807106599,0.00013245364800791581
discovery,4,680005,690005,random,701,legacy5,intact,coordinate,0.3,699003,3,False,6.643856189774724,32,0.0625,2,0.36548223350253806,0.00013245364800791581
discovery,4,680005,690005,random,701,legacy5,degree,own,0.0003,699001,45,False,146.16483617504394,44,1.0,44,0.7461928934010152,5.066878631024067e-10
discovery,4,680005,690005,random,701,legacy5,degree,own,0.0003,699002,45,False,146.16483617504394,44,1.0,44,0.7461928934010152,5.066878631024067e-10
discovery,4,680005,690005,random,701,legacy5,degree,own,0.0003,699003,45,False,146.16483617504394,44,1.0,44,0.7461928934010152,5.066878631024067e-10
discovery,4,680005,690005,random,701,legacy5,degree,coordinate,0.0003,699001,45,False,146.16483617504394,44,1.0,44,0.7461928934010152,2.3502697516209658e-09
discovery,4,680005,690005,random,701,legacy5,degree,coordinate,0.0003,699002,45,False,146.16483617504394,44,1.0,44,0.7461928934010152,2.3502697516209658e-09
discovery,4,680005,690005,random,701,legacy5,degree,coordinate,0.0003,699003,45,False,146.16483617504394,44,1.0,44,0.7461928934010152,2.3502697516209658e-09
discovery,4,680005,690005,random,701,legacy5,degree,own,0.03,699001,34,False,109.62362713128296,44,0.75,33,0.7309644670050761,5.066878631024067e-06
discovery,4,680005,690005,random,701,legacy5,degree,own,0.03,699002,34,False,109.62362713128296,44,0.75,33,0.7461928934010152,5.066878631024067e-06
discovery,4,680005,690005,random,701,legacy5,degree,own,0.03,699003,34,False,109.62362713128296,44,0.75,33,0.7309644670050761,5.066878631024067e-06
discovery,4,680005,690005,random,701,legacy5,degree,coordinate,0.03,699001,2,False,3.321928094887362,44,0.022727272727272728,1,0.6649746192893401,2.350269751620966e-05
discovery,4,680005,690005,random,701,legacy5,degree,coordinate,0.03,699002,4,False,9.965784284662087,44,0.06818181818181818,3,0.6852791878172588,2.350269751620966e-05
discovery,4,680005,690005,random,701,legacy5,degree,coordinate,0.03,699003,24,False,76.40434618240933,44,0.5227272727272727,23,0.6751269035532995,2.350269751620966e-05
discovery,4,680005,690005,random,701,legacy5,degree,own,0.3,699001,2,False,3.321928094887362,44,0.022727272727272728,1,0.39086294416243655,0.0005066878631024066
discovery,4,680005,690005,random,701,legacy5,degree,own,0.3,699002,4,False,9.965784284662087,44,0.06818181818181818,3,0.4263959390862944,0.0005066878631024066
discovery,4,680005,690005,random,701,legacy5,degree,own,0.3,699003,3,False,6.643856189774724,44,0.045454545454545456,2,0.4213197969543147,0.0005066878631024066
discovery,4,680005,690005,random,701,legacy5,degree,coordinate,0.3,699001,1,False,0.0,44,0.0,0,0.3248730964467005,0.0023502697516209663
discovery,4,680005,690005,random,701,legacy5,degree,coordinate,0.3,699002,1,False,0.0,44,0.0,0,0.26903553299492383,0.0023502697516209663
discovery,4,680005,690005,random,701,legacy5,degree,coordinate,0.3,699003,3,False,6.643856189774724,44,0.045454545454545456,2,0.3299492385786802,0.0023502697516209663
discovery,4,680005,690005,random,701,legacy5,role,own,0.0003,699001,34,False,109.62362713128296,33,1.0,33,0.7715736040609137,5.0841488013936186e-11
discovery,4,680005,690005,random,701,legacy5,role,own,0.0003,699002,34,False,109.62362713128296,33,1.0,33,0.7715736040609137,5.0841488013936186e-11
discovery,4,680005,690005,random,701,legacy5,role,own,0.0003,699003,34,False,109.62362713128296,33,1.0,33,0.7715736040609137,5.0841488013936186e-11
discovery,4,680005,690005,random,701,legacy5,role,coordinate,0.0003,699001,34,False,109.62362713128296,33,1.0,33,0.7715736040609137,1.2754183764931414e-10
discovery,4,680005,690005,random,701,legacy5,role,coordinate,0.0003,699002,34,False,109.62362713128296,33,1.0,33,0.7715736040609137,1.2754183764931414e-10
discovery,4,680005,690005,random,701,legacy5,role,coordinate,0.0003,699003,34,False,109.62362713128296,33,1.0,33,0.7715736040609137,1.2754183764931414e-10
discovery,4,680005,690005,random,701,legacy5,role,own,0.03,699001,34,False,109.62362713128296,33,1.0,33,0.751269035532995,5.08414880139362e-07
discovery,4,680005,690005,random,701,legacy5,role,own,0.03,699002,34,False,109.62362713128296,33,1.0,33,0.7360406091370558,5.08414880139362e-07
discovery,4,680005,690005,random,701,legacy5,role,own,0.03,699003,34,False,109.62362713128296,33,1.0,33,0.7360406091370558,5.08414880139362e-07
discovery,4,680005,690005,random,701,legacy5,role,coordinate,0.03,699001,34,False,109.62362713128296,33,1.0,33,0.7360406091370558,1.2754183764931416e-06
discovery,4,680005,690005,random,701,legacy5,role,coordinate,0.03,699002,10,False,29.89735285398626,33,0.2727272727272727,9,0.7106598984771574,1.2754183764931416e-06
discovery,4,680005,690005,random,701,legacy5,role,coordinate,0.03,699003,22,False,69.7604899926346,33,0.6363636363636364,21,0.7106598984771574,1.2754183764931416e-06
discovery,4,680005,690005,random,701,legacy5,role,own,0.3,699001,2,False,3.321928094887362,33,0.030303030303030304,1,0.4365482233502538,5.0841488013936184e-05
discovery,4,680005,690005,random,701,legacy5,role,own,0.3,699002,1,False,0.0,33,0.0,0,0.45685279187817257,5.0841488013936184e-05
discovery,4,680005,690005,random,701,legacy5,role,own,0.3,699003,2,False,3.321928094887362,33,0.030303030303030304,1,0.4467005076142132,5.0841488013936184e-05
discovery,4,680005,690005,random,701,legacy5,role,coordinate,0.3,699001,2,False,3.321928094887362,33,0.030303030303030304,1,0.3756345177664975,0.00012754183764931415
discovery,4,680005,690005,random,701,legacy5,role,coordinate,0.3,699002,1,False,0.0,33,0.0,0,0.41624365482233505,0.00012754183764931415
discovery,4,680005,690005,random,701,legacy5,role,coordinate,0.3,699003,2,False,3.321928094887362,33,0.030303030303030304,1,0.34517766497461927,0.00012754183764931415
discovery,4,680005,690005,random,702,legacy5,intact,own,0.0003,699001,35,False,112.94555522617031,34,1.0,34,0.7868020304568528,9.952818515577493e-11
discovery,4,680005,690005,random,702,legacy5,intact,own,0.0003,699002,35,False,112.94555522617031,34,1.0,34,0.7868020304568528,9.952818515577493e-11
discovery,4,680005,690005,random,702,legacy5,intact,own,0.0003,699003,35,False,112.94555522617031,34,1.0,34,0.7868020304568528,9.952818515577493e-11
discovery,4,680005,690005,random,702,legacy5,intact,coordinate,0.0003,699001,35,False,112.94555522617031,34,1.0,34,0.7868020304568528,1.3638008839833518e-10
discovery,4,680005,690005,random,702,legacy5,intact,coordinate,0.0003,699002,35,False,112.94555522617031,34,1.0,34,0.7868020304568528,1.3638008839833518e-10
discovery,4,680005,690005,random,702,legacy5,intact,coordinate,0.0003,699003,35,False,112.94555522617031,34,1.0,34,0.7868020304568528,1.3638008839833518e-10
discovery,4,680005,690005,random,702,legacy5,intact,own,0.03,699001,26,False,83.04820237218405,34,0.7352941176470589,25,0.7461928934010152,9.952818515577491e-07
discovery,4,680005,690005,random,702,legacy5,intact,own,0.03,699002,18,False,56.47277761308516,34,0.5,17,0.7614213197969543,9.952818515577491e-07
discovery,4,680005,690005,random,702,legacy5,intact,own,0.03,699003,13,False,39.86313713864835,34,0.35294117647058826,12,0.7258883248730964,9.952818515577491e-07
discovery,4,680005,690005,random,702,legacy5,intact,coordinate,0.03,699001,26,False,83.04820237218405,34,0.7352941176470589,25,0.7258883248730964,1.3638008839833518e-06
discovery,4,680005,690005,random,702,legacy5,intact,coordinate,0.03,699002,18,False,56.47277761308516,34,0.5,17,0.7614213197969543,1.3638008839833518e-06
discovery,4,680005,690005,random,702,legacy5,intact,coordinate,0.03,699003,13,False,39.86313713864835,34,0.35294117647058826,12,0.7208121827411168,1.3638008839833518e-06
discovery,4,680005,690005,random,702,legacy5,intact,own,0.3,699001,1,False,0.0,34,0.0,0,0.39086294416243655,9.952818515577494e-05
discovery,4,680005,690005,random,702,legacy5,intact,own,0.3,699002,2,False,3.321928094887362,34,0.029411764705882353,1,0.45685279187817257,9.952818515577494e-05
discovery,4,680005,690005,random,702,legacy5,intact,own,0.3,699003,2,False,3.321928094887362,34,0.029411764705882353,1,0.34517766497461927,9.952818515577494e-05
discovery,4,680005,690005,random,702,legacy5,intact,coordinate,0.3,699001,1,False,0.0,34,0.0,0,0.37055837563451777,0.0001363800883983352
discovery,4,680005,690005,random,702,legacy5,intact,coordinate,0.3,699002,1,False,0.0,34,0.0,0,0.4416243654822335,0.0001363800883983352
discovery,4,680005,690005,random,702,legacy5,intact,coordinate,0.3,699003,2,False,3.321928094887362,34,0.029411764705882353,1,0.3147208121827411,0.0001363800883983352
discovery,4,680005,690005,random,702,legacy5,degree,own,0.0003,699001,38,False,122.9113395108324,37,1.0,37,0.7258883248730964,3.630809709235531e-10
discovery,4,680005,690005,random,702,legacy5,degree,own,0.0003,699002,38,False,122.9113395108324,37,1.0,37,0.7208121827411168,3.630809709235531e-10
discovery,4,680005,690005,random,702,legacy5,degree,own,0.0003,699003,38,False,122.9113395108324,37,1.0,37,0.7208121827411168,3.630809709235531e-10
discovery,4,680005,690005,random,702,legacy5,degree,coordinate,0.0003,699001,38,False,122.9113395108324,37,1.0,37,0.7258883248730964,2.9100466990207675e-09
discovery,4,680005,690005,random,702,legacy5,degree,coordinate,0.0003,699002,38,False,122.9113395108324,37,1.0,37,0.7258883248730964,2.9100466990207675e-09
discovery,4,680005,690005,random,702,legacy5,degree,coordinate,0.0003,699003,38,False,122.9113395108324,37,1.0,37,0.7208121827411168,2.9100466990207675e-09
discovery,4,680005,690005,random,702,legacy5,degree,own,0.03,699001,37,False,119.58941141594504,37,0.972972972972973,36,0.7157360406091371,3.630809709235532e-06
discovery,4,680005,690005,random,702,legacy5,degree,own,0.03,699002,38,False,122.9113395108324,37,1.0,37,0.7106598984771574,3.630809709235532e-06
discovery,4,680005,690005,random,702,legacy5,degree,own,0.03,699003,29,False,93.01398665684614,37,0.7567567567567568,28,0.700507614213198,3.630809709235532e-06
discovery,4,680005,690005,random,702,legacy5,degree,coordinate,0.03,699001,24,False,76.40434618240933,37,0.6216216216216216,23,0.6649746192893401,2.9100466990207676e-05
discovery,4,680005,690005,random,702,legacy5,degree,coordinate,0.03,699002,9,False,26.575424759098897,37,0.21621621621621623,8,0.6548223350253807,2.9100466990207676e-05
discovery,4,680005,690005,random,702,legacy5,degree,coordinate,0.03,699003,29,False,93.01398665684614,37,0.7567567567567568,28,0.6649746192893401,2.9100466990207676e-05
discovery,4,680005,690005,random,702,legacy5,degree,own,0.3,699001,5,False,13.287712379549449,37,0.10810810810810811,4,0.5126903553299492,0.0003630809709235532
discovery,4,680005,690005,random,702,legacy5,degree,own,0.3,699002,1,False,0.0,37,0.0,0,0.5177664974619289,0.0003630809709235532
discovery,4,680005,690005,random,702,legacy5,degree,own,0.3,699003,1,False,0.0,37,0.0,0,0.5025380710659898,0.0003630809709235532
discovery,4,680005,690005,random,702,legacy5,degree,coordinate,0.3,699001,2,False,3.321928094887362,37,0.02702702702702703,1,0.3197969543147208,0.002910046699020768
discovery,4,680005,690005,random,702,legacy5,degree,coordinate,0.3,699002,1,False,0.0,37,0.0,0,0.38578680203045684,0.002910046699020768
discovery,4,680005,690005,random,702,legacy5,degree,coordinate,0.3,699003,1,False,0.0,37,0.0,0,0.30456852791878175,0.002910046699020768
discovery,4,680005,690005,random,702,legacy5,role,own,0.0003,699001,36,False,116.26748332105768,35,1.0,35,0.8730964467005076,4.6274672827372604e-11
discovery,4,680005,690005,random,702,legacy5,role,own,0.0003,699002,36,False,116.26748332105768,35,1.0,35,0.8730964467005076,4.6274672827372604e-11
discovery,4,680005,690005,random,702,legacy5,role,own,0.0003,699003,36,False,116.26748332105768,35,1.0,35,0.8730964467005076,4.6274672827372604e-11
discovery,4,680005,690005,random,702,legacy5,role,coordinate,0.0003,699001,36,False,116.26748332105768,35,1.0,35,0.8730964467005076,9.69571176698634e-11
discovery,4,680005,690005,random,702,legacy5,role,coordinate,0.0003,699002,36,False,116.26748332105768,35,1.0,35,0.8730964467005076,9.69571176698634e-11
discovery,4,680005,690005,random,702,legacy5,role,coordinate,0.0003,699003,36,False,116.26748332105768,35,1.0,35,0.8730964467005076,9.69571176698634e-11
discovery,4,680005,690005,random,702,legacy5,role,own,0.03,699001,36,False,116.26748332105768,35,1.0,35,0.8121827411167513,4.6274672827372603e-07
discovery,4,680005,690005,random,702,legacy5,role,own,0.03,699002,36,False,116.26748332105768,35,1.0,35,0.8121827411167513,4.6274672827372603e-07
discovery,4,680005,690005,random,702,legacy5,role,own,0.03,699003,36,False,116.26748332105768,35,1.0,35,0.8324873096446701,4.6274672827372603e-07
discovery,4,680005,690005,random,702,legacy5,role,coordinate,0.03,699001,36,False,116.26748332105768,35,1.0,35,0.7918781725888325,9.69571176698634e-07
discovery,4,680005,690005,random,702,legacy5,role,coordinate,0.03,699002,36,False,116.26748332105768,35,1.0,35,0.7918781725888325,9.69571176698634e-07
discovery,4,680005,690005,random,702,legacy5,role,coordinate,0.03,699003,16,False,49.82892142331043,35,0.42857142857142855,15,0.7715736040609137,9.69571176698634e-07
discovery,4,680005,690005,random,702,legacy5,role,own,0.3,699001,2,False,3.321928094887362,35,0.02857142857142857,1,0.41116751269035534,4.627467282737262e-05
discovery,4,680005,690005,random,702,legacy5,role,own,0.3,699002,2,False,3.321928094887362,35,0.02857142857142857,1,0.4720812182741117,4.627467282737262e-05
discovery,4,680005,690005,random,702,legacy5,role,own,0.3,699003,1,False,0.0,35,0.0,0,0.4365482233502538,4.627467282737262e-05
discovery,4,680005,690005,random,702,legacy5,role,coordinate,0.3,699001,1,False,0.0,35,0.0,0,0.350253807106599,9.69571176698634e-05
discovery,4,680005,690005,random,702,legacy5,role,coordinate,0.3,699002,1,False,0.0,35,0.0,0,0.3756345177664975,9.69571176698634e-05
discovery,4,680005,690005,random,702,legacy5,role,coordinate,0.3,699003,1,False,0.0,35,0.0,0,0.36548223350253806,9.69571176698634e-05
discovery,4,680005,690005,pi,701,legacy5,intact,own,0.0003,699001,34,False,109.62362713128296,33,1.0,33,0.817258883248731,4.559220138651069e-11
discovery,4,680005,690005,pi,701,legacy5,intact,own,0.0003,699002,34,False,109.62362713128296,33,1.0,33,0.817258883248731,4.559220138651069e-11
discovery,4,680005,690005,pi,701,legacy5,intact,own,0.0003,699003,34,False,109.62362713128296,33,1.0,33,0.817258883248731,4.559220138651069e-11
discovery,4,680005,690005,pi,701,legacy5,intact,coordinate,0.0003,699001,34,False,109.62362713128296,33,1.0,33,0.817258883248731,1.359783986295347e-10
discovery,4,680005,690005,pi,701,legacy5,intact,coordinate,0.0003,699002,34,False,109.62362713128296,33,1.0,33,0.817258883248731,1.359783986295347e-10
discovery,4,680005,690005,pi,701,legacy5,intact,coordinate,0.0003,699003,34,False,109.62362713128296,33,1.0,33,0.817258883248731,1.359783986295347e-10
discovery,4,680005,690005,pi,701,legacy5,intact,own,0.03,699001,34,False,109.62362713128296,33,1.0,33,0.8020304568527918,4.55922013865107e-07
discovery,4,680005,690005,pi,701,legacy5,intact,own,0.03,699002,34,False,109.62362713128296,33,1.0,33,0.7868020304568528,4.55922013865107e-07
discovery,4,680005,690005,pi,701,legacy5,intact,own,0.03,699003,34,False,109.62362713128296,33,1.0,33,0.7918781725888325,4.55922013865107e-07
discovery,4,680005,690005,pi,701,legacy5,intact,coordinate,0.03,699001,9,False,26.575424759098897,33,0.24242424242424243,8,0.7563451776649747,1.3597839862953473e-06
discovery,4,680005,690005,pi,701,legacy5,intact,coordinate,0.03,699002,34,False,109.62362713128296,33,1.0,33,0.7563451776649747,1.3597839862953473e-06
discovery,4,680005,690005,pi,701,legacy5,intact,coordinate,0.03,699003,6,False,16.609640474436812,33,0.15151515151515152,5,0.7461928934010152,1.3597839862953473e-06
discovery,4,680005,690005,pi,701,legacy5,intact,own,0.3,699001,2,False,3.321928094887362,33,0.030303030303030304,1,0.4263959390862944,4.559220138651069e-05
discovery,4,680005,690005,pi,701,legacy5,intact,own,0.3,699002,1,False,0.0,33,0.0,0,0.5076142131979695,4.559220138651069e-05
discovery,4,680005,690005,pi,701,legacy5,intact,own,0.3,699003,1,False,0.0,33,0.0,0,0.4720812182741117,4.559220138651069e-05
discovery,4,680005,690005,pi,701,legacy5,intact,coordinate,0.3,699001,2,False,3.321928094887362,33,0.030303030303030304,1,0.3401015228426396,0.00013597839862953471
discovery,4,680005,690005,pi,701,legacy5,intact,coordinate,0.3,699002,1,False,0.0,33,0.0,0,0.40609137055837563,0.00013597839862953471
discovery,4,680005,690005,pi,701,legacy5,intact,coordinate,0.3,699003,1,False,0.0,33,0.0,0,0.36548223350253806,0.00013597839862953471
discovery,4,680005,690005,pi,701,legacy5,degree,own,0.0003,699001,33,False,106.30169903639559,32,1.0,32,0.7106598984771574,5.285707149957566e-10
discovery,4,680005,690005,pi,701,legacy5,degree,own,0.0003,699002,33,False,106.30169903639559,32,1.0,32,0.7106598984771574,5.285707149957566e-10
discovery,4,680005,690005,pi,701,legacy5,degree,own,0.0003,699003,33,False,106.30169903639559,32,1.0,32,0.7106598984771574,5.285707149957566e-10
discovery,4,680005,690005,pi,701,legacy5,degree,coordinate,0.0003,699001,33,False,106.30169903639559,32,1.0,32,0.7106598984771574,2.589316497447189e-09
discovery,4,680005,690005,pi,701,legacy5,degree,coordinate,0.0003,699002,33,False,106.30169903639559,32,1.0,32,0.7106598984771574,2.589316497447189e-09
discovery,4,680005,690005,pi,701,legacy5,degree,coordinate,0.0003,699003,33,False,106.30169903639559,32,1.0,32,0.7106598984771574,2.589316497447189e-09
discovery,4,680005,690005,pi,701,legacy5,degree,own,0.03,699001,33,False,106.30169903639559,32,1.0,32,0.6903553299492385,5.285707149957566e-06
discovery,4,680005,690005,pi,701,legacy5,degree,own,0.03,699002,33,False,106.30169903639559,32,1.0,32,0.6852791878172588,5.285707149957566e-06
discovery,4,680005,690005,pi,701,legacy5,degree,own,0.03,699003,33,False,106.30169903639559,32,1.0,32,0.7106598984771574,5.285707149957566e-06
discovery,4,680005,690005,pi,701,legacy5,degree,coordinate,0.03,699001,33,False,106.30169903639559,32,1.0,32,0.6751269035532995,2.5893164974471893e-05
discovery,4,680005,690005,pi,701,legacy5,degree,coordinate,0.03,699002,17,False,53.150849518197795,32,0.5,16,0.6700507614213198,2.5893164974471893e-05
discovery,4,680005,690005,pi,701,legacy5,degree,coordinate,0.03,699003,33,False,106.30169903639559,32,1.0,32,0.6802030456852792,2.5893164974471893e-05
discovery,4,680005,690005,pi,701,legacy5,degree,own,0.3,699001,5,False,13.287712379549449,32,0.125,4,0.5025380710659898,0.0005285707149957567
discovery,4,680005,690005,pi,701,legacy5,degree,own,0.3,699002,17,False,53.150849518197795,32,0.5,16,0.5329949238578681,0.0005285707149957567
discovery,4,680005,690005,pi,701,legacy5,degree,own,0.3,699003,3,False,6.643856189774724,32,0.0625,2,0.4873096446700508,0.0005285707149957567
discovery,4,680005,690005,pi,701,legacy5,degree,coordinate,0.3,699001,5,False,13.287712379549449,32,0.125,4,0.36548223350253806,0.0025893164974471893
discovery,4,680005,690005,pi,701,legacy5,degree,coordinate,0.3,699002,1,False,0.0,32,0.0,0,0.4263959390862944,0.0025893164974471893
discovery,4,680005,690005,pi,701,legacy5,degree,coordinate,0.3,699003,1,False,0.0,32,0.0,0,0.3401015228426396,0.0025893164974471893
discovery,4,680005,690005,pi,701,legacy5,role,own,0.0003,699001,33,False,106.30169903639559,32,1.0,32,0.7614213197969543,5.576731112718521e-11
discovery,4,680005,690005,pi,701,legacy5,role,own,0.0003,699002,33,False,106.30169903639559,32,1.0,32,0.7614213197969543,5.576731112718521e-11
discovery,4,680005,690005,pi,701,legacy5,role,own,0.0003,699003,33,False,106.30169903639559,32,1.0,32,0.7614213197969543,5.576731112718521e-11
discovery,4,680005,690005,pi,701,legacy5,role,coordinate,0.0003,699001,33,False,106.30169903639559,32,1.0,32,0.7614213197969543,1.2882690803329506e-10
discovery,4,680005,690005,pi,701,legacy5,role,coordinate,0.0003,699002,33,False,106.30169903639559,32,1.0,32,0.7614213197969543,1.2882690803329506e-10
discovery,4,680005,690005,pi,701,legacy5,role,coordinate,0.0003,699003,33,False,106.30169903639559,32,1.0,32,0.7614213197969543,1.2882690803329506e-10
discovery,4,680005,690005,pi,701,legacy5,role,own,0.03,699001,33,False,106.30169903639559,32,1.0,32,0.7411167512690355,5.57673111271852e-07
discovery,4,680005,690005,pi,701,legacy5,role,own,0.03,699002,19,False,59.79470570797252,32,0.5625,18,0.7208121827411168,5.57673111271852e-07
discovery,4,680005,690005,pi,701,legacy5,role,own,0.03,699003,33,False,106.30169903639559,32,1.0,32,0.7309644670050761,5.57673111271852e-07
discovery,4,680005,690005,pi,701,legacy5,role,coordinate,0.03,699001,33,False,106.30169903639559,32,1.0,32,0.7208121827411168,1.2882690803329507e-06
discovery,4,680005,690005,pi,701,legacy5,role,coordinate,0.03,699002,19,False,59.79470570797252,32,0.5625,18,0.7106598984771574,1.2882690803329507e-06
discovery,4,680005,690005,pi,701,legacy5,role,coordinate,0.03,699003,21,False,66.43856189774725,32,0.625,20,0.7157360406091371,1.2882690803329507e-06
discovery,4,680005,690005,pi,701,legacy5,role,own,0.3,699001,2,False,3.321928094887362,32,0.03125,1,0.4213197969543147,5.57673111271852e-05
discovery,4,680005,690005,pi,701,legacy5,role,own,0.3,699002,2,False,3.321928094887362,32,0.03125,1,0.38071065989847713,5.57673111271852e-05
discovery,4,680005,690005,pi,701,legacy5,role,own,0.3,699003,2,False,3.321928094887362,32,0.03125,1,0.39593908629441626,5.57673111271852e-05
discovery,4,680005,690005,pi,701,legacy5,role,coordinate,0.3,699001,2,False,3.321928094887362,32,0.03125,1,0.3756345177664975,0.00012882690803329508
discovery,4,680005,690005,pi,701,legacy5,role,coordinate,0.3,699002,1,False,0.0,32,0.0,0,0.3248730964467005,0.00012882690803329508
discovery,4,680005,690005,pi,701,legacy5,role,coordinate,0.3,699003,2,False,3.321928094887362,32,0.03125,1,0.3350253807106599,0.00012882690803329508
discovery,4,680005,690005,pi,702,legacy5,intact,own,0.0003,699001,29,False,93.01398665684614,28,1.0,28,0.7868020304568528,8.307845599394235e-11
discovery,4,680005,690005,pi,702,legacy5,intact,own,0.0003,699002,29,False,93.01398665684614,28,1.0,28,0.7868020304568528,8.307845599394235e-11
discovery,4,680005,690005,pi,702,legacy5,intact,own,0.0003,699003,29,False,93.01398665684614,28,1.0,28,0.7868020304568528,8.307845599394235e-11
discovery,4,680005,690005,pi,702,legacy5,intact,coordinate,0.0003,699001,29,False,93.01398665684614,28,1.0,28,0.7868020304568528,1.3118877168070273e-10
discovery,4,680005,690005,pi,702,legacy5,intact,coordinate,0.0003,699002,29,False,93.01398665684614,28,1.0,28,0.7868020304568528,1.3118877168070273e-10
discovery,4,680005,690005,pi,702,legacy5,intact,coordinate,0.0003,699003,29,False,93.01398665684614,28,1.0,28,0.7868020304568528,1.3118877168070273e-10
discovery,4,680005,690005,pi,702,legacy5,intact,own,0.03,699001,29,False,93.01398665684614,28,1.0,28,0.7157360406091371,8.307845599394238e-07
discovery,4,680005,690005,pi,702,legacy5,intact,own,0.03,699002,29,False,93.01398665684614,28,1.0,28,0.7461928934010152,8.307845599394238e-07
discovery,4,680005,690005,pi,702,legacy5,intact,own,0.03,699003,3,False,6.643856189774724,28,0.07142857142857142,2,0.751269035532995,8.307845599394238e-07
discovery,4,680005,690005,pi,702,legacy5,intact,coordinate,0.03,699001,15,False,46.50699332842307,28,0.5,14,0.6954314720812182,1.3118877168070276e-06
discovery,4,680005,690005,pi,702,legacy5,intact,coordinate,0.03,699002,29,False,93.01398665684614,28,1.0,28,0.700507614213198,1.3118877168070276e-06
discovery,4,680005,690005,pi,702,legacy5,intact,coordinate,0.03,699003,3,False,6.643856189774724,28,0.07142857142857142,2,0.7411167512690355,1.3118877168070276e-06
discovery,4,680005,690005,pi,702,legacy5,intact,own,0.3,699001,2,False,3.321928094887362,28,0.03571428571428571,1,0.38578680203045684,8.307845599394236e-05
discovery,4,680005,690005,pi,702,legacy5,intact,own,0.3,699002,1,False,0.0,28,0.0,0,0.4263959390862944,8.307845599394236e-05
discovery,4,680005,690005,pi,702,legacy5,intact,own,0.3,699003,1,False,0.0,28,0.0,0,0.4263959390862944,8.307845599394236e-05
discovery,4,680005,690005,pi,702,legacy5,intact,coordinate,0.3,699001,2,False,3.321928094887362,28,0.03571428571428571,1,0.350253807106599,0.00013118877168070276
discovery,4,680005,690005,pi,702,legacy5,intact,coordinate,0.3,699002,1,False,0.0,28,0.0,0,0.38071065989847713,0.00013118877168070276
discovery,4,680005,690005,pi,702,legacy5,intact,coordinate,0.3,699003,1,False,0.0,28,0.0,0,0.39593908629441626,0.00013118877168070276
discovery,4,680005,690005,pi,702,legacy5,degree,own,0.0003,699001,33,False,106.30169903639559,32,1.0,32,0.7918781725888325,3.609886489672187e-10
discovery,4,680005,690005,pi,702,legacy5,degree,own,0.0003,699002,33,False,106.30169903639559,32,1.0,32,0.7918781725888325,3.609886489672187e-10
discovery,4,680005,690005,pi,702,legacy5,degree,own,0.0003,699003,33,False,106.30169903639559,32,1.0,32,0.7918781725888325,3.609886489672187e-10
discovery,4,680005,690005,pi,702,legacy5,degree,coordinate,0.0003,699001,33,False,106.30169903639559,32,1.0,32,0.7918781725888325,2.6765257648526656e-09
discovery,4,680005,690005,pi,702,legacy5,degree,coordinate,0.0003,699002,33,False,106.30169903639559,32,1.0,32,0.7918781725888325,2.6765257648526656e-09
discovery,4,680005,690005,pi,702,legacy5,degree,coordinate,0.0003,699003,33,False,106.30169903639559,32,1.0,32,0.7918781725888325,2.6765257648526656e-09
discovery,4,680005,690005,pi,702,legacy5,degree,own,0.03,699001,33,False,106.30169903639559,32,1.0,32,0.7563451776649747,3.6098864896721875e-06
discovery,4,680005,690005,pi,702,legacy5,degree,own,0.03,699002,33,False,106.30169903639559,32,1.0,32,0.7563451776649747,3.6098864896721875e-06
discovery,4,680005,690005,pi,702,legacy5,degree,own,0.03,699003,31,False,99.65784284662087,32,0.9375,30,0.7766497461928934,3.6098864896721875e-06
discovery,4,680005,690005,pi,702,legacy5,degree,coordinate,0.03,699001,6,False,16.609640474436812,32,0.15625,5,0.6802030456852792,2.6765257648526658e-05
discovery,4,680005,690005,pi,702,legacy5,degree,coordinate,0.03,699002,9,False,26.575424759098897,32,0.25,8,0.6802030456852792,2.6765257648526658e-05
discovery,4,680005,690005,pi,702,legacy5,degree,coordinate,0.03,699003,3,False,6.643856189774724,32,0.0625,2,0.6802030456852792,2.6765257648526658e-05
discovery,4,680005,690005,pi,702,legacy5,degree,own,0.3,699001,6,False,16.609640474436812,32,0.15625,5,0.5279187817258884,0.00036098864896721863
discovery,4,680005,690005,pi,702,legacy5,degree,own,0.3,699002,3,False,6.643856189774724,32,0.0625,2,0.5126903553299492,0.00036098864896721863
discovery,4,680005,690005,pi,702,legacy5,degree,own,0.3,699003,3,False,6.643856189774724,32,0.0625,2,0.5380710659898477,0.00036098864896721863
discovery,4,680005,690005,pi,702,legacy5,degree,coordinate,0.3,699001,6,False,16.609640474436812,32,0.15625,5,0.3756345177664975,0.002676525764852666
discovery,4,680005,690005,pi,702,legacy5,degree,coordinate,0.3,699002,3,False,6.643856189774724,32,0.0625,2,0.350253807106599,0.002676525764852666
discovery,4,680005,690005,pi,702,legacy5,degree,coordinate,0.3,699003,3,False,6.643856189774724,32,0.0625,2,0.30456852791878175,0.002676525764852666
discovery,4,680005,690005,pi,702,legacy5,role,own,0.0003,699001,3,False,6.643856189774724,2,1.0,2,0.8578680203045685,4.345675844769512e-11
discovery,4,680005,690005,pi,702,legacy5,role,own,0.0003,699002,3,False,6.643856189774724,2,1.0,2,0.8578680203045685,4.345675844769512e-11
discovery,4,680005,690005,pi,702,legacy5,role,own,0.0003,699003,3,False,6.643856189774724,2,1.0,2,0.8578680203045685,4.345675844769512e-11
discovery,4,680005,690005,pi,702,legacy5,role,coordinate,0.0003,699001,3,False,6.643856189774724,2,1.0,2,0.8578680203045685,9.189962793981308e-11
discovery,4,680005,690005,pi,702,legacy5,role,coordinate,0.0003,699002,3,False,6.643856189774724,2,1.0,2,0.8578680203045685,9.189962793981308e-11
discovery,4,680005,690005,pi,702,legacy5,role,coordinate,0.0003,699003,3,False,6.643856189774724,2,1.0,2,0.8578680203045685,9.189962793981308e-11
discovery,4,680005,690005,pi,702,legacy5,role,own,0.03,699001,3,False,6.643856189774724,2,1.0,2,0.817258883248731,4.3456758447695126e-07
discovery,4,680005,690005,pi,702,legacy5,role,own,0.03,699002,3,False,6.643856189774724,2,1.0,2,0.8121827411167513,4.3456758447695126e-07
discovery,4,680005,690005,pi,702,legacy5,role,own,0.03,699003,3,False,6.643856189774724,2,1.0,2,0.817258883248731,4.3456758447695126e-07
discovery,4,680005,690005,pi,702,legacy5,role,coordinate,0.03,699001,3,False,6.643856189774724,2,1.0,2,0.7918781725888325,9.189962793981309e-07
discovery,4,680005,690005,pi,702,legacy5,role,coordinate,0.03,699002,3,False,6.643856189774724,2,1.0,2,0.7918781725888325,9.189962793981309e-07
discovery,4,680005,690005,pi,702,legacy5,role,coordinate,0.03,699003,3,False,6.643856189774724,2,1.0,2,0.8071065989847716,9.189962793981309e-07
discovery,4,680005,690005,pi,702,legacy5,role,own,0.3,699001,1,False,0.0,2,0.0,0,0.4365482233502538,4.345675844769512e-05
discovery,4,680005,690005,pi,702,legacy5,role,own,0.3,699002,8,False,23.253496664211536,2,1.0,7,0.48223350253807107,4.345675844769512e-05
discovery,4,680005,690005,pi,702,legacy5,role,own,0.3,699003,1,False,0.0,2,0.0,0,0.48223350253807107,4.345675844769512e-05
discovery,4,680005,690005,pi,702,legacy5,role,coordinate,0.3,699001,1,False,0.0,2,0.0,0,0.36548223350253806,9.189962793981308e-05
discovery,4,680005,690005,pi,702,legacy5,role,coordinate,0.3,699002,3,False,6.643856189774724,2,1.0,2,0.40609137055837563,9.189962793981308e-05
discovery,4,680005,690005,pi,702,legacy5,role,coordinate,0.3,699003,1,False,0.0,2,0.0,0,0.3604060913705584,9.189962793981308e-05
confirmation,0,681001,691001,random,701,legacy5,intact,own,0.0003,699001,34,False,109.62362713128296,33,1.0,33,0.7715736040609137,1.0245626075201428e-10
confirmation,0,681001,691001,random,701,legacy5,intact,own,0.0003,699002,34,False,109.62362713128296,33,1.0,33,0.7715736040609137,1.0245626075201428e-10
confirmation,0,681001,691001,random,701,legacy5,intact,own,0.0003,699003,34,False,109.62362713128296,33,1.0,33,0.7715736040609137,1.0245626075201428e-10
confirmation,0,681001,691001,random,701,legacy5,intact,coordinate,0.0003,699001,34,False,109.62362713128296,33,1.0,33,0.7715736040609137,1.601905440810928e-10
confirmation,0,681001,691001,random,701,legacy5,intact,coordinate,0.0003,699002,34,False,109.62362713128296,33,1.0,33,0.7715736040609137,1.601905440810928e-10
confirmation,0,681001,691001,random,701,legacy5,intact,coordinate,0.0003,699003,34,False,109.62362713128296,33,1.0,33,0.7715736040609137,1.601905440810928e-10
confirmation,0,681001,691001,random,701,legacy5,intact,own,0.03,699001,33,False,106.30169903639559,33,0.9696969696969697,32,0.7258883248730964,1.024562607520143e-06
confirmation,0,681001,691001,random,701,legacy5,intact,own,0.03,699002,34,False,109.62362713128296,33,1.0,33,0.700507614213198,1.024562607520143e-06
confirmation,0,681001,691001,random,701,legacy5,intact,own,0.03,699003,34,False,109.62362713128296,33,1.0,33,0.7411167512690355,1.024562607520143e-06
confirmation,0,681001,691001,random,701,legacy5,intact,coordinate,0.03,699001,33,False,106.30169903639559,33,0.9696969696969697,32,0.6954314720812182,1.6019054408109283e-06
confirmation,0,681001,691001,random,701,legacy5,intact,coordinate,0.03,699002,13,False,39.86313713864835,33,0.36363636363636365,12,0.6802030456852792,1.6019054408109283e-06
confirmation,0,681001,691001,random,701,legacy5,intact,coordinate,0.03,699003,27,False,86.37013046707142,33,0.7878787878787878,26,0.7208121827411168,1.6019054408109283e-06
confirmation,0,681001,691001,random,701,legacy5,intact,own,0.3,699001,5,False,13.287712379549449,33,0.12121212121212122,4,0.38071065989847713,0.0001024562607520143
confirmation,0,681001,691001,random,701,legacy5,intact,own,0.3,699002,6,False,16.609640474436812,33,0.15151515151515152,5,0.4213197969543147,0.0001024562607520143
confirmation,0,681001,691001,random,701,legacy5,intact,own,0.3,699003,5,False,13.287712379549449,33,0.12121212121212122,4,0.3756345177664975,0.0001024562607520143
confirmation,0,681001,691001,random,701,legacy5,intact,coordinate,0.3,699001,3,False,6.643856189774724,33,0.06060606060606061,2,0.34517766497461927,0.0001601905440810928
confirmation,0,681001,691001,random,701,legacy5,intact,coordinate,0.3,699002,6,False,16.609640474436812,33,0.15151515151515152,5,0.36548223350253806,0.0001601905440810928
confirmation,0,681001,691001,random,701,legacy5,intact,coordinate,0.3,699003,5,False,13.287712379549449,33,0.12121212121212122,4,0.3248730964467005,0.0001601905440810928
confirmation,0,681001,691001,random,701,legacy5,degree,own,0.0003,699001,36,False,116.26748332105768,35,1.0,35,0.6243654822335025,5.123088884552165e-10
confirmation,0,681001,691001,random,701,legacy5,degree,own,0.0003,699002,36,False,116.26748332105768,35,1.0,35,0.6243654822335025,5.123088884552165e-10
confirmation,0,681001,691001,random,701,legacy5,degree,own,0.0003,699003,36,False,116.26748332105768,35,1.0,35,0.6243654822335025,5.123088884552165e-10
confirmation,0,681001,691001,random,701,legacy5,degree,coordinate,0.0003,699001,36,False,116.26748332105768,35,1.0,35,0.6243654822335025,2.6639443564248334e-09
confirmation,0,681001,691001,random,701,legacy5,degree,coordinate,0.0003,699002,36,False,116.26748332105768,35,1.0,35,0.6243654822335025,2.6639443564248334e-09
confirmation,0,681001,691001,random,701,legacy5,degree,coordinate,0.0003,699003,36,False,116.26748332105768,35,1.0,35,0.6243654822335025,2.6639443564248334e-09
confirmation,0,681001,691001,random,701,legacy5,degree,own,0.03,699001,36,False,116.26748332105768,35,1.0,35,0.6142131979695431,5.1230888845521656e-06
confirmation,0,681001,691001,random,701,legacy5,degree,own,0.03,699002,36,False,116.26748332105768,35,1.0,35,0.6040609137055838,5.1230888845521656e-06
confirmation,0,681001,691001,random,701,legacy5,degree,own,0.03,699003,36,False,116.26748332105768,35,1.0,35,0.6091370558375635,5.1230888845521656e-06
confirmation,0,681001,691001,random,701,legacy5,degree,coordinate,0.03,699001,3,False,6.643856189774724,35,0.05714285714285714,2,0.5786802030456852,2.6639443564248337e-05
confirmation,0,681001,691001,random,701,legacy5,degree,coordinate,0.03,699002,15,False,46.50699332842307,35,0.4,14,0.5685279187817259,2.6639443564248337e-05
confirmation,0,681001,691001,random,701,legacy5,degree,coordinate,0.03,699003,9,False,26.575424759098897,35,0.22857142857142856,8,0.5786802030456852,2.6639443564248337e-05
confirmation,0,681001,691001,random,701,legacy5,degree,own,0.3,699001,3,False,6.643856189774724,35,0.05714285714285714,2,0.4517766497461929,0.0005123088884552165
confirmation,0,681001,691001,random,701,legacy5,degree,own,0.3,699002,2,False,3.321928094887362,35,0.02857142857142857,1,0.40609137055837563,0.0005123088884552165
confirmation,0,681001,691001,random,701,legacy5,degree,own,0.3,699003,3,False,6.643856189774724,35,0.05714285714285714,2,0.4213197969543147,0.0005123088884552165
confirmation,0,681001,691001,random,701,legacy5,degree,coordinate,0.3,699001,2,False,3.321928094887362,35,0.02857142857142857,1,0.34517766497461927,0.0026639443564248338
confirmation,0,681001,691001,random,701,legacy5,degree,coordinate,0.3,699002,1,False,0.0,35,0.0,0,0.3147208121827411,0.0026639443564248338
confirmation,0,681001,691001,random,701,legacy5,degree,coordinate,0.3,699003,2,False,3.321928094887362,35,0.02857142857142857,1,0.28426395939086296,0.0026639443564248338
confirmation,0,681001,691001,random,701,legacy5,role,own,0.0003,699001,36,False,116.26748332105768,35,1.0,35,0.8781725888324873,6.264297061320539e-11
confirmation,0,681001,691001,random,701,legacy5,role,own,0.0003,699002,36,False,116.26748332105768,35,1.0,35,0.8781725888324873,6.264297061320539e-11
confirmation,0,681001,691001,random,701,legacy5,role,own,0.0003,699003,36,False,116.26748332105768,35,1.0,35,0.8781725888324873,6.264297061320539e-11
confirmation,0,681001,691001,random,701,legacy5,role,coordinate,0.0003,699001,36,False,116.26748332105768,35,1.0,35,0.8781725888324873,1.4269921565977466e-10
confirmation,0,681001,691001,random,701,legacy5,role,coordinate,0.0003,699002,36,False,116.26748332105768,35,1.0,35,0.8781725888324873,1.4269921565977466e-10
confirmation,0,681001,691001,random,701,legacy5,role,coordinate,0.0003,699003,36,False,116.26748332105768,35,1.0,35,0.8781725888324873,1.4269921565977466e-10
confirmation,0,681001,691001,random,701,legacy5,role,own,0.03,699001,36,False,116.26748332105768,35,1.0,35,0.8274111675126904,6.26429706132054e-07
confirmation,0,681001,691001,random,701,legacy5,role,own,0.03,699002,36,False,116.26748332105768,35,1.0,35,0.8426395939086294,6.26429706132054e-07
confirmation,0,681001,691001,random,701,legacy5,role,own,0.03,699003,14,False,43.18506523353571,35,0.37142857142857144,13,0.8223350253807107,6.26429706132054e-07
confirmation,0,681001,691001,random,701,legacy5,role,coordinate,0.03,699001,2,False,3.321928094887362,35,0.02857142857142857,1,0.7868020304568528,1.426992156597747e-06
confirmation,0,681001,691001,random,701,legacy5,role,coordinate,0.03,699002,36,False,116.26748332105768,35,1.0,35,0.8324873096446701,1.426992156597747e-06
confirmation,0,681001,691001,random,701,legacy5,role,coordinate,0.03,699003,14,False,43.18506523353571,35,0.37142857142857144,13,0.7868020304568528,1.426992156597747e-06
confirmation,0,681001,691001,random,701,legacy5,role,own,0.3,699001,2,False,3.321928094887362,35,0.02857142857142857,1,0.4416243654822335,6.264297061320538e-05
confirmation,0,681001,691001,random,701,legacy5,role,own,0.3,699002,2,False,3.321928094887362,35,0.02857142857142857,1,0.4619289340101523,6.264297061320538e-05
confirmation,0,681001,691001,random,701,legacy5,role,own,0.3,699003,1,False,0.0,35,0.0,0,0.4263959390862944,6.264297061320538e-05
confirmation,0,681001,691001,random,701,legacy5,role,coordinate,0.3,699001,1,False,0.0,35,0.0,0,0.34517766497461927,0.0001426992156597747
confirmation,0,681001,691001,random,701,legacy5,role,coordinate,0.3,699002,2,False,3.321928094887362,35,0.02857142857142857,1,0.38071065989847713,0.0001426992156597747
confirmation,0,681001,691001,random,701,legacy5,role,coordinate,0.3,699003,1,False,0.0,35,0.0,0,0.3299492385786802,0.0001426992156597747
confirmation,0,681001,691001,random,702,legacy5,intact,own,0.0003,699001,34,False,109.62362713128296,33,1.0,33,0.8781725888324873,6.261217912077364e-11
confirmation,0,681001,691001,random,702,legacy5,intact,own,0.0003,699002,34,False,109.62362713128296,33,1.0,33,0.8781725888324873,6.261217912077364e-11
confirmation,0,681001,691001,random,702,legacy5,intact,own,0.0003,699003,34,False,109.62362713128296,33,1.0,33,0.8781725888324873,6.261217912077364e-11
confirmation,0,681001,691001,random,702,legacy5,intact,coordinate,0.0003,699001,34,False,109.62362713128296,33,1.0,33,0.8781725888324873,1.380575510393003e-10
confirmation,0,681001,691001,random,702,legacy5,intact,coordinate,0.0003,699002,34,False,109.62362713128296,33,1.0,33,0.8781725888324873,1.380575510393003e-10
confirmation,0,681001,691001,random,702,legacy5,intact,coordinate,0.0003,699003,34,False,109.62362713128296,33,1.0,33,0.8781725888324873,1.380575510393003e-10
confirmation,0,681001,691001,random,702,legacy5,intact,own,0.03,699001,34,False,109.62362713128296,33,1.0,33,0.8375634517766497,6.261217912077363e-07
confirmation,0,681001,691001,random,702,legacy5,intact,own,0.03,699002,34,False,109.62362713128296,33,1.0,33,0.8274111675126904,6.261217912077363e-07
confirmation,0,681001,691001,random,702,legacy5,intact,own,0.03,699003,34,False,109.62362713128296,33,1.0,33,0.8020304568527918,6.261217912077363e-07
confirmation,0,681001,691001,random,702,legacy5,intact,coordinate,0.03,699001,18,False,56.47277761308516,33,0.5151515151515151,17,0.8020304568527918,1.3805755103930032e-06
confirmation,0,681001,691001,random,702,legacy5,intact,coordinate,0.03,699002,4,False,9.965784284662087,33,0.09090909090909091,3,0.7766497461928934,1.3805755103930032e-06
confirmation,0,681001,691001,random,702,legacy5,intact,coordinate,0.03,699003,27,False,86.37013046707142,33,0.7878787878787878,26,0.7715736040609137,1.3805755103930032e-06
confirmation,0,681001,691001,random,702,legacy5,intact,own,0.3,699001,6,False,16.609640474436812,33,0.15151515151515152,5,0.467005076142132,6.261217912077365e-05
confirmation,0,681001,691001,random,702,legacy5,intact,own,0.3,699002,4,False,9.965784284662087,33,0.09090909090909091,3,0.4213197969543147,6.261217912077365e-05
confirmation,0,681001,691001,random,702,legacy5,intact,own,0.3,699003,4,False,9.965784284662087,33,0.09090909090909091,3,0.467005076142132,6.261217912077365e-05
confirmation,0,681001,691001,random,702,legacy5,intact,coordinate,0.3,699001,3,False,6.643856189774724,33,0.06060606060606061,2,0.37055837563451777,0.00013805755103930034
confirmation,0,681001,691001,random,702,legacy5,intact,coordinate,0.3,699002,4,False,9.965784284662087,33,0.09090909090909091,3,0.36548223350253806,0.00013805755103930034
confirmation,0,681001,691001,random,702,legacy5,intact,coordinate,0.3,699003,4,False,9.965784284662087,33,0.09090909090909091,3,0.4213197969543147,0.00013805755103930034
confirmation,0,681001,691001,random,702,legacy5,degree,own,0.0003,699001,35,False,112.94555522617031,34,1.0,34,0.7360406091370558,3.3622093620479077e-10
confirmation,0,681001,691001,random,702,legacy5,degree,own,0.0003,699002,35,False,112.94555522617031,34,1.0,34,0.7360406091370558,3.3622093620479077e-10
confirmation,0,681001,691001,random,702,legacy5,degree,own,0.0003,699003,35,False,112.94555522617031,34,1.0,34,0.7360406091370558,3.3622093620479077e-10
confirmation,0,681001,691001,random,702,legacy5,degree,coordinate,0.0003,699001,35,False,112.94555522617031,34,1.0,34,0.7360406091370558,2.1574779791355842e-09
confirmation,0,681001,691001,random,702,legacy5,degree,coordinate,0.0003,699002,35,False,112.94555522617031,34,1.0,34,0.7360406091370558,2.1574779791355842e-09
confirmation,0,681001,691001,random,702,legacy5,degree,coordinate,0.0003,699003,35,False,112.94555522617031,34,1.0,34,0.7360406091370558,2.1574779791355842e-09
confirmation,0,681001,691001,random,702,legacy5,degree,own,0.03,699001,35,False,112.94555522617031,34,1.0,34,0.7461928934010152,3.3622093620479087e-06
confirmation,0,681001,691001,random,702,legacy5,degree,own,0.03,699002,35,False,112.94555522617031,34,1.0,34,0.7360406091370558,3.3622093620479087e-06
confirmation,0,681001,691001,random,702,legacy5,degree,own,0.03,699003,35,False,112.94555522617031,34,1.0,34,0.7360406091370558,3.3622093620479087e-06
confirmation,0,681001,691001,random,702,legacy5,degree,coordinate,0.03,699001,34,False,109.62362713128296,34,0.9705882352941176,33,0.7055837563451777,2.1574779791355843e-05
confirmation,0,681001,691001,random,702,legacy5,degree,coordinate,0.03,699002,7,False,19.931568569324174,34,0.17647058823529413,6,0.6903553299492385,2.1574779791355843e-05
confirmation,0,681001,691001,random,702,legacy5,degree,coordinate,0.03,699003,35,False,112.94555522617031,34,1.0,34,0.700507614213198,2.1574779791355843e-05
confirmation,0,681001,691001,random,702,legacy5,degree,own,0.3,699001,5,False,13.287712379549449,34,0.11764705882352941,4,0.48223350253807107,0.0003362209362047908
confirmation,0,681001,691001,random,702,legacy5,degree,own,0.3,699002,2,False,3.321928094887362,34,0.029411764705882353,1,0.5228426395939086,0.0003362209362047908
confirmation,0,681001,691001,random,702,legacy5,degree,own,0.3,699003,6,False,16.609640474436812,34,0.14705882352941177,5,0.5532994923857868,0.0003362209362047908
confirmation,0,681001,691001,random,702,legacy5,degree,coordinate,0.3,699001,1,False,0.0,34,0.0,0,0.34517766497461927,0.0021574779791355848
confirmation,0,681001,691001,random,702,legacy5,degree,coordinate,0.3,699002,1,False,0.0,34,0.0,0,0.38578680203045684,0.0021574779791355848
confirmation,0,681001,691001,random,702,legacy5,degree,coordinate,0.3,699003,1,False,0.0,34,0.0,0,0.38071065989847713,0.0021574779791355848
confirmation,0,681001,691001,random,702,legacy5,role,own,0.0003,699001,41,False,132.8771237954945,40,1.0,40,0.9086294416243654,6.37097663526453e-11
confirmation,0,681001,691001,random,702,legacy5,role,own,0.0003,699002,41,False,132.8771237954945,40,1.0,40,0.9086294416243654,6.37097663526453e-11
confirmation,0,681001,691001,random,702,legacy5,role,own,0.0003,699003,41,False,132.8771237954945,40,1.0,40,0.9086294416243654,6.37097663526453e-11
confirmation,0,681001,691001,random,702,legacy5,role,coordinate,0.0003,699001,41,False,132.8771237954945,40,1.0,40,0.9086294416243654,1.1778790737527595e-10
confirmation,0,681001,691001,random,702,legacy5,role,coordinate,0.0003,699002,41,False,132.8771237954945,40,1.0,40,0.9086294416243654,1.1778790737527595e-10
confirmation,0,681001,691001,random,702,legacy5,role,coordinate,0.0003,699003,41,False,132.8771237954945,40,1.0,40,0.9086294416243654,1.1778790737527595e-10
confirmation,0,681001,691001,random,702,legacy5,role,own,0.03,699001,10,False,29.89735285398626,40,0.225,9,0.8426395939086294,6.370976635264531e-07
confirmation,0,681001,691001,random,702,legacy5,role,own,0.03,699002,34,False,109.62362713128296,40,0.825,33,0.8629441624365483,6.370976635264531e-07
confirmation,0,681001,691001,random,702,legacy5,role,own,0.03,699003,41,False,132.8771237954945,40,1.0,40,0.8527918781725888,6.370976635264531e-07
confirmation,0,681001,691001,random,702,legacy5,role,coordinate,0.03,699001,10,False,29.89735285398626,40,0.225,9,0.8020304568527918,1.1778790737527599e-06
confirmation,0,681001,691001,random,702,legacy5,role,coordinate,0.03,699002,34,False,109.62362713128296,40,0.825,33,0.8121827411167513,1.1778790737527599e-06
confirmation,0,681001,691001,random,702,legacy5,role,coordinate,0.03,699003,10,False,29.89735285398626,40,0.225,9,0.8020304568527918,1.1778790737527599e-06
confirmation,0,681001,691001,random,702,legacy5,role,own,0.3,699001,2,False,3.321928094887362,40,0.025,1,0.4873096446700508,6.370976635264532e-05
confirmation,0,681001,691001,random,702,legacy5,role,own,0.3,699002,4,False,9.965784284662087,40,0.075,3,0.4467005076142132,6.370976635264532e-05
confirmation,0,681001,691001,random,702,legacy5,role,own,0.3,699003,4,False,9.965784284662087,40,0.075,3,0.4619289340101523,6.370976635264532e-05
confirmation,0,681001,691001,random,702,legacy5,role,coordinate,0.3,699001,2,False,3.321928094887362,40,0.025,1,0.4010152284263959,0.00011778790737527597
confirmation,0,681001,691001,random,702,legacy5,role,coordinate,0.3,699002,3,False,6.643856189774724,40,0.05,2,0.38071065989847713,0.00011778790737527597
confirmation,0,681001,691001,random,702,legacy5,role,coordinate,0.3,699003,4,False,9.965784284662087,40,0.075,3,0.40609137055837563,0.00011778790737527597
confirmation,0,681001,691001,pi,701,legacy5,intact,own,0.0003,699001,33,False,106.30169903639559,32,1.0,32,0.8223350253807107,8.701426080282358e-11
confirmation,0,681001,691001,pi,701,legacy5,intact,own,0.0003,699002,33,False,106.30169903639559,32,1.0,32,0.8223350253807107,8.701426080282358e-11
confirmation,0,681001,691001,pi,701,legacy5,intact,own,0.0003,699003,33,False,106.30169903639559,32,1.0,32,0.8223350253807107,8.701426080282358e-11
confirmation,0,681001,691001,pi,701,legacy5,intact,coordinate,0.0003,699001,33,False,106.30169903639559,32,1.0,32,0.8223350253807107,1.4003122954269995e-10
confirmation,0,681001,691001,pi,701,legacy5,intact,coordinate,0.0003,699002,33,False,106.30169903639559,32,1.0,32,0.8223350253807107,1.4003122954269995e-10
confirmation,0,681001,691001,pi,701,legacy5,intact,coordinate,0.0003,699003,33,False,106.30169903639559,32,1.0,32,0.8223350253807107,1.4003122954269995e-10
confirmation,0,681001,691001,pi,701,legacy5,intact,own,0.03,699001,33,False,106.30169903639559,32,1.0,32,0.766497461928934,8.70142608028236e-07
confirmation,0,681001,691001,pi,701,legacy5,intact,own,0.03,699002,16,False,49.82892142331043,32,0.46875,15,0.7461928934010152,8.70142608028236e-07
confirmation,0,681001,691001,pi,701,legacy5,intact,own,0.03,699003,10,False,29.89735285398626,32,0.28125,9,0.7309644670050761,8.70142608028236e-07
confirmation,0,681001,691001,pi,701,legacy5,intact,coordinate,0.03,699001,21,False,66.43856189774725,32,0.625,20,0.7309644670050761,1.4003122954269997e-06
confirmation,0,681001,691001,pi,701,legacy5,intact,coordinate,0.03,699002,16,False,49.82892142331043,32,0.46875,15,0.7208121827411168,1.4003122954269997e-06
confirmation,0,681001,691001,pi,701,legacy5,intact,coordinate,0.03,699003,10,False,29.89735285398626,32,0.28125,9,0.7157360406091371,1.4003122954269997e-06
confirmation,0,681001,691001,pi,701,legacy5,intact,own,0.3,699001,1,False,0.0,32,0.0,0,0.3350253807106599,8.701426080282358e-05
confirmation,0,681001,691001,pi,701,legacy5,intact,own,0.3,699002,1,False,0.0,32,0.0,0,0.3096446700507614,8.701426080282358e-05
confirmation,0,681001,691001,pi,701,legacy5,intact,own,0.3,699003,1,False,0.0,32,0.0,0,0.36548223350253806,8.701426080282358e-05
confirmation,0,681001,691001,pi,701,legacy5,intact,coordinate,0.3,699001,1,False,0.0,32,0.0,0,0.29949238578680204,0.00014003122954269994
confirmation,0,681001,691001,pi,701,legacy5,intact,coordinate,0.3,699002,1,False,0.0,32,0.0,0,0.28426395939086296,0.00014003122954269994
confirmation,0,681001,691001,pi,701,legacy5,intact,coordinate,0.3,699003,1,False,0.0,32,0.0,0,0.29441624365482233,0.00014003122954269994
confirmation,0,681001,691001,pi,701,legacy5,degree,own,0.0003,699001,37,False,119.58941141594504,36,1.0,36,0.7766497461928934,4.987513017255128e-10
confirmation,0,681001,691001,pi,701,legacy5,degree,own,0.0003,699002,37,False,119.58941141594504,36,1.0,36,0.7766497461928934,4.987513017255128e-10
confirmation,0,681001,691001,pi,701,legacy5,degree,own,0.0003,699003,37,False,119.58941141594504,36,1.0,36,0.7766497461928934,4.987513017255128e-10
confirmation,0,681001,691001,pi,701,legacy5,degree,coordinate,0.0003,699001,37,False,119.58941141594504,36,1.0,36,0.7766497461928934,2.7697038876709653e-09
confirmation,0,681001,691001,pi,701,legacy5,degree,coordinate,0.0003,699002,37,False,119.58941141594504,36,1.0,36,0.7766497461928934,2.7697038876709653e-09
confirmation,0,681001,691001,pi,701,legacy5,degree,coordinate,0.0003,699003,37,False,119.58941141594504,36,1.0,36,0.7766497461928934,2.7697038876709653e-09
confirmation,0,681001,691001,pi,701,legacy5,degree,own,0.03,699001,37,False,119.58941141594504,36,1.0,36,0.7563451776649747,4.987513017255129e-06
confirmation,0,681001,691001,pi,701,legacy5,degree,own,0.03,699002,37,False,119.58941141594504,36,1.0,36,0.7309644670050761,4.987513017255129e-06
confirmation,0,681001,691001,pi,701,legacy5,degree,own,0.03,699003,36,False,116.26748332105768,36,0.9722222222222222,35,0.751269035532995,4.987513017255129e-06
confirmation,0,681001,691001,pi,701,legacy5,degree,coordinate,0.03,699001,37,False,119.58941141594504,36,1.0,36,0.700507614213198,2.7697038876709654e-05
confirmation,0,681001,691001,pi,701,legacy5,degree,coordinate,0.03,699002,9,False,26.575424759098897,36,0.2222222222222222,8,0.6700507614213198,2.7697038876709654e-05
confirmation,0,681001,691001,pi,701,legacy5,degree,coordinate,0.03,699003,7,False,19.931568569324174,36,0.16666666666666666,6,0.6802030456852792,2.7697038876709654e-05
confirmation,0,681001,691001,pi,701,legacy5,degree,own,0.3,699001,1,False,0.0,36,0.0,0,0.47715736040609136,0.0004987513017255128
confirmation,0,681001,691001,pi,701,legacy5,degree,own,0.3,699002,2,False,3.321928094887362,36,0.027777777777777776,1,0.4720812182741117,0.0004987513017255128
confirmation,0,681001,691001,pi,701,legacy5,degree,own,0.3,699003,2,False,3.321928094887362,36,0.027777777777777776,1,0.5025380710659898,0.0004987513017255128
confirmation,0,681001,691001,pi,701,legacy5,degree,coordinate,0.3,699001,1,False,0.0,36,0.0,0,0.3096446700507614,0.0027697038876709655
confirmation,0,681001,691001,pi,701,legacy5,degree,coordinate,0.3,699002,1,False,0.0,36,0.0,0,0.3299492385786802,0.0027697038876709655
confirmation,0,681001,691001,pi,701,legacy5,degree,coordinate,0.3,699003,2,False,3.321928094887362,36,0.027777777777777776,1,0.3350253807106599,0.0027697038876709655
confirmation,0,681001,691001,pi,701,legacy5,role,own,0.0003,699001,40,False,129.55519570060713,39,1.0,39,0.7969543147208121,6.479164372855873e-11
confirmation,0,681001,691001,pi,701,legacy5,role,own,0.0003,699002,40,False,129.55519570060713,39,1.0,39,0.7969543147208121,6.479164372855873e-11
confirmation,0,681001,691001,pi,701,legacy5,role,own,0.0003,699003,40,False,129.55519570060713,39,1.0,39,0.7969543147208121,6.479164372855873e-11
confirmation,0,681001,691001,pi,701,legacy5,role,coordinate,0.0003,699001,40,False,129.55519570060713,39,1.0,39,0.7969543147208121,1.3388625641986656e-10
confirmation,0,681001,691001,pi,701,legacy5,role,coordinate,0.0003,699002,40,False,129.55519570060713,39,1.0,39,0.7969543147208121,1.3388625641986656e-10
confirmation,0,681001,691001,pi,701,legacy5,role,coordinate,0.0003,699003,40,False,129.55519570060713,39,1.0,39,0.7969543147208121,1.3388625641986656e-10
confirmation,0,681001,691001,pi,701,legacy5,role,own,0.03,699001,40,False,129.55519570060713,39,1.0,39,0.7918781725888325,6.479164372855874e-07
confirmation,0,681001,691001,pi,701,legacy5,role,own,0.03,699002,36,False,116.26748332105768,39,0.8974358974358975,35,0.766497461928934,6.479164372855874e-07
confirmation,0,681001,691001,pi,701,legacy5,role,own,0.03,699003,30,False,96.3359147517335,39,0.7435897435897436,29,0.7563451776649747,6.479164372855874e-07
confirmation,0,681001,691001,pi,701,legacy5,role,coordinate,0.03,699001,31,False,99.65784284662087,39,0.7692307692307693,30,0.7461928934010152,1.3388625641986658e-06
confirmation,0,681001,691001,pi,701,legacy5,role,coordinate,0.03,699002,36,False,116.26748332105768,39,0.8974358974358975,35,0.7461928934010152,1.3388625641986658e-06
confirmation,0,681001,691001,pi,701,legacy5,role,coordinate,0.03,699003,30,False,96.3359147517335,39,0.7435897435897436,29,0.7360406091370558,1.3388625641986658e-06
confirmation,0,681001,691001,pi,701,legacy5,role,own,0.3,699001,1,False,0.0,39,0.0,0,0.45685279187817257,6.479164372855874e-05
confirmation,0,681001,691001,pi,701,legacy5,role,own,0.3,699002,1,False,0.0,39,0.0,0,0.45685279187817257,6.479164372855874e-05
confirmation,0,681001,691001,pi,701,legacy5,role,own,0.3,699003,4,False,9.965784284662087,39,0.07692307692307693,3,0.4213197969543147,6.479164372855874e-05
confirmation,0,681001,691001,pi,701,legacy5,role,coordinate,0.3,699001,1,False,0.0,39,0.0,0,0.38578680203045684,0.0001338862564198666
confirmation,0,681001,691001,pi,701,legacy5,role,coordinate,0.3,699002,1,False,0.0,39,0.0,0,0.34517766497461927,0.0001338862564198666
confirmation,0,681001,691001,pi,701,legacy5,role,coordinate,0.3,699003,4,False,9.965784284662087,39,0.07692307692307693,3,0.36548223350253806,0.0001338862564198666
confirmation,0,681001,691001,pi,702,legacy5,intact,own,0.0003,699001,35,False,112.94555522617031,34,1.0,34,0.8274111675126904,6.4113703937409e-11
confirmation,0,681001,691001,pi,702,legacy5,intact,own,0.0003,699002,35,False,112.94555522617031,34,1.0,34,0.8274111675126904,6.4113703937409e-11
confirmation,0,681001,691001,pi,702,legacy5,intact,own,0.0003,699003,35,False,112.94555522617031,34,1.0,34,0.8274111675126904,6.4113703937409e-11
confirmation,0,681001,691001,pi,702,legacy5,intact,coordinate,0.0003,699001,35,False,112.94555522617031,34,1.0,34,0.8274111675126904,1.2156382552963746e-10
confirmation,0,681001,691001,pi,702,legacy5,intact,coordinate,0.0003,699002,35,False,112.94555522617031,34,1.0,34,0.8274111675126904,1.2156382552963746e-10
confirmation,0,681001,691001,pi,702,legacy5,intact,coordinate,0.0003,699003,35,False,112.94555522617031,34,1.0,34,0.8274111675126904,1.2156382552963746e-10
confirmation,0,681001,691001,pi,702,legacy5,intact,own,0.03,699001,8,False,23.253496664211536,34,0.20588235294117646,7,0.7715736040609137,6.411370393740902e-07
confirmation,0,681001,691001,pi,702,legacy5,intact,own,0.03,699002,35,False,112.94555522617031,34,1.0,34,0.7817258883248731,6.411370393740902e-07
confirmation,0,681001,691001,pi,702,legacy5,intact,own,0.03,699003,10,False,29.89735285398626,34,0.2647058823529412,9,0.7715736040609137,6.411370393740902e-07
confirmation,0,681001,691001,pi,702,legacy5,intact,coordinate,0.03,699001,8,False,23.253496664211536,34,0.20588235294117646,7,0.7360406091370558,1.215638255296375e-06
confirmation,0,681001,691001,pi,702,legacy5,intact,coordinate,0.03,699002,17,False,53.150849518197795,34,0.47058823529411764,16,0.7106598984771574,1.215638255296375e-06
confirmation,0,681001,691001,pi,702,legacy5,intact,coordinate,0.03,699003,10,False,29.89735285398626,34,0.2647058823529412,9,0.7360406091370558,1.215638255296375e-06
confirmation,0,681001,691001,pi,702,legacy5,intact,own,0.3,699001,6,False,16.609640474436812,34,0.14705882352941177,5,0.4010152284263959,6.411370393740902e-05
confirmation,0,681001,691001,pi,702,legacy5,intact,own,0.3,699002,2,False,3.321928094887362,34,0.029411764705882353,1,0.4467005076142132,6.411370393740902e-05
confirmation,0,681001,691001,pi,702,legacy5,intact,own,0.3,699003,2,False,3.321928094887362,34,0.029411764705882353,1,0.4619289340101523,6.411370393740902e-05
confirmation,0,681001,691001,pi,702,legacy5,intact,coordinate,0.3,699001,6,False,16.609640474436812,34,0.14705882352941177,5,0.39086294416243655,0.00012156382552963748
confirmation,0,681001,691001,pi,702,legacy5,intact,coordinate,0.3,699002,2,False,3.321928094887362,34,0.029411764705882353,1,0.36548223350253806,0.00012156382552963748
confirmation,0,681001,691001,pi,702,legacy5,intact,coordinate,0.3,699003,2,False,3.321928094887362,34,0.029411764705882353,1,0.4263959390862944,0.00012156382552963748
confirmation,0,681001,691001,pi,702,legacy5,degree,own,0.0003,699001,34,False,109.62362713128296,33,1.0,33,0.6700507614213198,3.2216855096837185e-10
confirmation,0,681001,691001,pi,702,legacy5,degree,own,0.0003,699002,34,False,109.62362713128296,33,1.0,33,0.6700507614213198,3.2216855096837185e-10
confirmation,0,681001,691001,pi,702,legacy5,degree,own,0.0003,699003,34,False,109.62362713128296,33,1.0,33,0.6700507614213198,3.2216855096837185e-10
confirmation,0,681001,691001,pi,702,legacy5,degree,coordinate,0.0003,699001,34,False,109.62362713128296,33,1.0,33,0.6700507614213198,2.1296513989830542e-09
confirmation,0,681001,691001,pi,702,legacy5,degree,coordinate,0.0003,699002,34,False,109.62362713128296,33,1.0,33,0.6700507614213198,2.1296513989830542e-09
confirmation,0,681001,691001,pi,702,legacy5,degree,coordinate,0.0003,699003,34,False,109.62362713128296,33,1.0,33,0.6700507614213198,2.1296513989830542e-09
confirmation,0,681001,691001,pi,702,legacy5,degree,own,0.03,699001,34,False,109.62362713128296,33,1.0,33,0.6446700507614214,3.2216855096837193e-06
confirmation,0,681001,691001,pi,702,legacy5,degree,own,0.03,699002,34,False,109.62362713128296,33,1.0,33,0.6548223350253807,3.2216855096837193e-06
confirmation,0,681001,691001,pi,702,legacy5,degree,own,0.03,699003,34,False,109.62362713128296,33,1.0,33,0.6548223350253807,3.2216855096837193e-06
confirmation,0,681001,691001,pi,702,legacy5,degree,coordinate,0.03,699001,34,False,109.62362713128296,33,1.0,33,0.6142131979695431,2.1296513989830546e-05
confirmation,0,681001,691001,pi,702,legacy5,degree,coordinate,0.03,699002,34,False,109.62362713128296,33,1.0,33,0.6294416243654822,2.1296513989830546e-05
confirmation,0,681001,691001,pi,702,legacy5,degree,coordinate,0.03,699003,19,False,59.79470570797252,33,0.5454545454545454,18,0.6040609137055838,2.1296513989830546e-05
confirmation,0,681001,691001,pi,702,legacy5,degree,own,0.3,699001,3,False,6.643856189774724,33,0.06060606060606061,2,0.45685279187817257,0.0003221685509683719
confirmation,0,681001,691001,pi,702,legacy5,degree,own,0.3,699002,3,False,6.643856189774724,33,0.06060606060606061,2,0.43147208121827413,0.0003221685509683719
confirmation,0,681001,691001,pi,702,legacy5,degree,own,0.3,699003,3,False,6.643856189774724,33,0.06060606060606061,2,0.4467005076142132,0.0003221685509683719
confirmation,0,681001,691001,pi,702,legacy5,degree,coordinate,0.3,699001,1,False,0.0,33,0.0,0,0.28426395939086296,0.0021296513989830543
confirmation,0,681001,691001,pi,702,legacy5,degree,coordinate,0.3,699002,3,False,6.643856189774724,33,0.06060606060606061,2,0.2893401015228426,0.0021296513989830543
confirmation,0,681001,691001,pi,702,legacy5,degree,coordinate,0.3,699003,1,False,0.0,33,0.0,0,0.2639593908629442,0.0021296513989830543
confirmation,0,681001,691001,pi,702,legacy5,role,own,0.0003,699001,36,False,116.26748332105768,35,1.0,35,0.868020304568528,5.7300700548018157e-11
confirmation,0,681001,691001,pi,702,legacy5,role,own,0.0003,699002,36,False,116.26748332105768,35,1.0,35,0.868020304568528,5.7300700548018157e-11
confirmation,0,681001,691001,pi,702,legacy5,role,own,0.0003,699003,36,False,116.26748332105768,35,1.0,35,0.868020304568528,5.7300700548018157e-11
confirmation,0,681001,691001,pi,702,legacy5,role,coordinate,0.0003,699001,36,False,116.26748332105768,35,1.0,35,0.868020304568528,1.0730583234925312e-10
confirmation,0,681001,691001,pi,702,legacy5,role,coordinate,0.0003,699002,36,False,116.26748332105768,35,1.0,35,0.868020304568528,1.0730583234925312e-10
confirmation,0,681001,691001,pi,702,legacy5,role,coordinate,0.0003,699003,36,False,116.26748332105768,35,1.0,35,0.868020304568528,1.0730583234925312e-10
confirmation,0,681001,691001,pi,702,legacy5,role,own,0.03,699001,27,False,86.37013046707142,35,0.7428571428571429,26,0.8121827411167513,5.730070054801816e-07
confirmation,0,681001,691001,pi,702,legacy5,role,own,0.03,699002,36,False,116.26748332105768,35,1.0,35,0.8020304568527918,5.730070054801816e-07
confirmation,0,681001,691001,pi,702,legacy5,role,own,0.03,699003,20,False,63.11663380285988,35,0.5428571428571428,19,0.8223350253807107,5.730070054801816e-07
confirmation,0,681001,691001,pi,702,legacy5,role,coordinate,0.03,699001,20,False,63.11663380285988,35,0.5428571428571428,19,0.7868020304568528,1.0730583234925313e-06
confirmation,0,681001,691001,pi,702,legacy5,role,coordinate,0.03,699002,2,False,3.321928094887362,35,0.02857142857142857,1,0.7614213197969543,1.0730583234925313e-06
confirmation,0,681001,691001,pi,702,legacy5,role,coordinate,0.03,699003,20,False,63.11663380285988,35,0.5428571428571428,19,0.8020304568527918,1.0730583234925313e-06
confirmation,0,681001,691001,pi,702,legacy5,role,own,0.3,699001,2,False,3.321928094887362,35,0.02857142857142857,1,0.4416243654822335,5.730070054801815e-05
confirmation,0,681001,691001,pi,702,legacy5,role,own,0.3,699002,2,False,3.321928094887362,35,0.02857142857142857,1,0.41624365482233505,5.730070054801815e-05
confirmation,0,681001,691001,pi,702,legacy5,role,own,0.3,699003,1,False,0.0,35,0.0,0,0.4619289340101523,5.730070054801815e-05
confirmation,0,681001,691001,pi,702,legacy5,role,coordinate,0.3,699001,2,False,3.321928094887362,35,0.02857142857142857,1,0.3756345177664975,0.00010730583234925312
confirmation,0,681001,691001,pi,702,legacy5,role,coordinate,0.3,699002,2,False,3.321928094887362,35,0.02857142857142857,1,0.3299492385786802,0.00010730583234925312
confirmation,0,681001,691001,pi,702,legacy5,role,coordinate,0.3,699003,1,False,0.0,35,0.0,0,0.41116751269035534,0.00010730583234925312
confirmation,1,681002,691002,random,701,legacy5,intact,own,0.0003,699001,33,False,106.30169903639559,32,1.0,32,0.8375634517766497,6.923510928567577e-11
confirmation,1,681002,691002,random,701,legacy5,intact,own,0.0003,699002,33,False,106.30169903639559,32,1.0,32,0.8375634517766497,6.923510928567577e-11
confirmation,1,681002,691002,random,701,legacy5,intact,own,0.0003,699003,33,False,106.30169903639559,32,1.0,32,0.8375634517766497,6.923510928567577e-11
confirmation,1,681002,691002,random,701,legacy5,intact,coordinate,0.0003,699001,33,False,106.30169903639559,32,1.0,32,0.8375634517766497,1.7827518680984575e-10
confirmation,1,681002,691002,random,701,legacy5,intact,coordinate,0.0003,699002,33,False,106.30169903639559,32,1.0,32,0.8375634517766497,1.7827518680984575e-10
confirmation,1,681002,691002,random,701,legacy5,intact,coordinate,0.0003,699003,33,False,106.30169903639559,32,1.0,32,0.8375634517766497,1.7827518680984575e-10
confirmation,1,681002,691002,random,701,legacy5,intact,own,0.03,699001,33,False,106.30169903639559,32,1.0,32,0.7766497461928934,6.923510928567577e-07
confirmation,1,681002,691002,random,701,legacy5,intact,own,0.03,699002,25,False,79.7262742772967,32,0.75,24,0.7614213197969543,6.923510928567577e-07
confirmation,1,681002,691002,random,701,legacy5,intact,own,0.03,699003,12,False,36.541209043760986,32,0.34375,11,0.7563451776649747,6.923510928567577e-07
confirmation,1,681002,691002,random,701,legacy5,intact,coordinate,0.03,699001,14,False,43.18506523353571,32,0.40625,13,0.6954314720812182,1.7827518680984578e-06
confirmation,1,681002,691002,random,701,legacy5,intact,coordinate,0.03,699002,25,False,79.7262742772967,32,0.75,24,0.7258883248730964,1.7827518680984578e-06
confirmation,1,681002,691002,random,701,legacy5,intact,coordinate,0.03,699003,10,False,29.89735285398626,32,0.28125,9,0.6954314720812182,1.7827518680984578e-06
confirmation,1,681002,691002,random,701,legacy5,intact,own,0.3,699001,4,False,9.965784284662087,32,0.09375,3,0.43147208121827413,6.923510928567576e-05
confirmation,1,681002,691002,random,701,legacy5,intact,own,0.3,699002,1,False,0.0,32,0.0,0,0.4365482233502538,6.923510928567576e-05
confirmation,1,681002,691002,random,701,legacy5,intact,own,0.3,699003,7,False,19.931568569324174,32,0.1875,6,0.4263959390862944,6.923510928567576e-05
confirmation,1,681002,691002,random,701,legacy5,intact,coordinate,0.3,699001,2,False,3.321928094887362,32,0.03125,1,0.36548223350253806,0.0001782751868098458
confirmation,1,681002,691002,random,701,legacy5,intact,coordinate,0.3,699002,1,False,0.0,32,0.0,0,0.3553299492385787,0.0001782751868098458
confirmation,1,681002,691002,random,701,legacy5,intact,coordinate,0.3,699003,4,False,9.965784284662087,32,0.09375,3,0.38071065989847713,0.0001782751868098458
confirmation,1,681002,691002,random,701,legacy5,degree,own,0.0003,699001,33,False,106.30169903639559,32,1.0,32,0.6903553299492385,5.147860209850794e-10
confirmation,1,681002,691002,random,701,legacy5,degree,own,0.0003,699002,33,False,106.30169903639559,32,1.0,32,0.6903553299492385,5.147860209850794e-10
confirmation,1,681002,691002,random,701,legacy5,degree,own,0.0003,699003,33,False,106.30169903639559,32,1.0,32,0.6903553299492385,5.147860209850794e-10
confirmation,1,681002,691002,random,701,legacy5,degree,coordinate,0.0003,699001,33,False,106.30169903639559,32,1.0,32,0.6903553299492385,2.062283409240919e-09
confirmation,1,681002,691002,random,701,legacy5,degree,coordinate,0.0003,699002,33,False,106.30169903639559,32,1.0,32,0.6903553299492385,2.062283409240919e-09
confirmation,1,681002,691002,random,701,legacy5,degree,coordinate,0.0003,699003,33,False,106.30169903639559,32,1.0,32,0.6903553299492385,2.062283409240919e-09
confirmation,1,681002,691002,random,701,legacy5,degree,own,0.03,699001,33,False,106.30169903639559,32,1.0,32,0.6802030456852792,5.147860209850794e-06
confirmation,1,681002,691002,random,701,legacy5,degree,own,0.03,699002,33,False,106.30169903639559,32,1.0,32,0.6700507614213198,5.147860209850794e-06
confirmation,1,681002,691002,random,701,legacy5,degree,own,0.03,699003,33,False,106.30169903639559,32,1.0,32,0.6903553299492385,5.147860209850794e-06
confirmation,1,681002,691002,random,701,legacy5,degree,coordinate,0.03,699001,17,False,53.150849518197795,32,0.5,16,0.6345177664974619,2.0622834092409192e-05
confirmation,1,681002,691002,random,701,legacy5,degree,coordinate,0.03,699002,33,False,106.30169903639559,32,1.0,32,0.6345177664974619,2.0622834092409192e-05
confirmation,1,681002,691002,random,701,legacy5,degree,coordinate,0.03,699003,23,False,73.08241808752197,32,0.6875,22,0.6649746192893401,2.0622834092409192e-05
confirmation,1,681002,691002,random,701,legacy5,degree,own,0.3,699001,4,False,9.965784284662087,32,0.09375,3,0.41624365482233505,0.0005147860209850794
confirmation,1,681002,691002,random,701,legacy5,degree,own,0.3,699002,9,False,26.575424759098897,32,0.25,8,0.43147208121827413,0.0005147860209850794
confirmation,1,681002,691002,random,701,legacy5,degree,own,0.3,699003,1,False,0.0,32,0.0,0,0.40609137055837563,0.0005147860209850794
confirmation,1,681002,691002,random,701,legacy5,degree,coordinate,0.3,699001,4,False,9.965784284662087,32,0.09375,3,0.37055837563451777,0.002062283409240919
confirmation,1,681002,691002,random,701,legacy5,degree,coordinate,0.3,699002,1,False,0.0,32,0.0,0,0.3401015228426396,0.002062283409240919
confirmation,1,681002,691002,random,701,legacy5,degree,coordinate,0.3,699003,1,False,0.0,32,0.0,0,0.3248730964467005,0.002062283409240919
confirmation,1,681002,691002,random,701,legacy5,role,own,0.0003,699001,33,False,106.30169903639559,32,1.0,32,0.8274111675126904,6.22596662200919e-11
confirmation,1,681002,691002,random,701,legacy5,role,own,0.0003,699002,33,False,106.30169903639559,32,1.0,32,0.8274111675126904,6.22596662200919e-11
confirmation,1,681002,691002,random,701,legacy5,role,own,0.0003,699003,33,False,106.30169903639559,32,1.0,32,0.8274111675126904,6.22596662200919e-11
confirmation,1,681002,691002,random,701,legacy5,role,coordinate,0.0003,699001,33,False,106.30169903639559,32,1.0,32,0.8274111675126904,1.3582259337603602e-10
confirmation,1,681002,691002,random,701,legacy5,role,coordinate,0.0003,699002,33,False,106.30169903639559,32,1.0,32,0.8274111675126904,1.3582259337603602e-10
confirmation,1,681002,691002,random,701,legacy5,role,coordinate,0.0003,699003,33,False,106.30169903639559,32,1.0,32,0.8274111675126904,1.3582259337603602e-10
confirmation,1,681002,691002,random,701,legacy5,role,own,0.03,699001,28,False,89.69205856195877,32,0.84375,27,0.7868020304568528,6.225966622009193e-07
confirmation,1,681002,691002,random,701,legacy5,role,own,0.03,699002,28,False,89.69205856195877,32,0.84375,27,0.7614213197969543,6.225966622009193e-07
confirmation,1,681002,691002,random,701,legacy5,role,own,0.03,699003,28,False,89.69205856195877,32,0.84375,27,0.8071065989847716,6.225966622009193e-07
confirmation,1,681002,691002,random,701,legacy5,role,coordinate,0.03,699001,28,False,89.69205856195877,32,0.84375,27,0.7309644670050761,1.3582259337603604e-06
confirmation,1,681002,691002,random,701,legacy5,role,coordinate,0.03,699002,19,False,59.79470570797252,32,0.5625,18,0.7208121827411168,1.3582259337603604e-06
confirmation,1,681002,691002,random,701,legacy5,role,coordinate,0.03,699003,26,False,83.04820237218405,32,0.78125,25,0.7309644670050761,1.3582259337603604e-06
confirmation,1,681002,691002,random,701,legacy5,role,own,0.3,699001,1,False,0.0,32,0.0,0,0.3401015228426396,6.225966622009191e-05
confirmation,1,681002,691002,random,701,legacy5,role,own,0.3,699002,1,False,0.0,32,0.0,0,0.40609137055837563,6.225966622009191e-05
confirmation,1,681002,691002,random,701,legacy5,role,own,0.3,699003,2,False,3.321928094887362,32,0.03125,1,0.37055837563451777,6.225966622009191e-05
confirmation,1,681002,691002,random,701,legacy5,role,coordinate,0.3,699001,1,False,0.0,32,0.0,0,0.25888324873096447,0.000135822593376036
confirmation,1,681002,691002,random,701,legacy5,role,coordinate,0.3,699002,1,False,0.0,32,0.0,0,0.3401015228426396,0.000135822593376036
confirmation,1,681002,691002,random,701,legacy5,role,coordinate,0.3,699003,1,False,0.0,32,0.0,0,0.28426395939086296,0.000135822593376036
confirmation,1,681002,691002,random,702,legacy5,intact,own,0.0003,699001,34,False,109.62362713128296,33,1.0,33,0.7258883248730964,8.482017625690968e-11
confirmation,1,681002,691002,random,702,legacy5,intact,own,0.0003,699002,34,False,109.62362713128296,33,1.0,33,0.7258883248730964,8.482017625690968e-11
confirmation,1,681002,691002,random,702,legacy5,intact,own,0.0003,699003,34,False,109.62362713128296,33,1.0,33,0.7258883248730964,8.482017625690968e-11
confirmation,1,681002,691002,random,702,legacy5,intact,coordinate,0.0003,699001,34,False,109.62362713128296,33,1.0,33,0.7258883248730964,1.2522331196715176e-10
confirmation,1,681002,691002,random,702,legacy5,intact,coordinate,0.0003,699002,34,False,109.62362713128296,33,1.0,33,0.7258883248730964,1.2522331196715176e-10
confirmation,1,681002,691002,random,702,legacy5,intact,coordinate,0.0003,699003,34,False,109.62362713128296,33,1.0,33,0.7258883248730964,1.2522331196715176e-10
confirmation,1,681002,691002,random,702,legacy5,intact,own,0.03,699001,7,False,19.931568569324174,33,0.18181818181818182,6,0.6903553299492385,8.482017625690969e-07
confirmation,1,681002,691002,random,702,legacy5,intact,own,0.03,699002,26,False,83.04820237218405,33,0.7575757575757576,25,0.6852791878172588,8.482017625690969e-07
confirmation,1,681002,691002,random,702,legacy5,intact,own,0.03,699003,34,False,109.62362713128296,33,1.0,33,0.7055837563451777,8.482017625690969e-07
confirmation,1,681002,691002,random,702,legacy5,intact,coordinate,0.03,699001,7,False,19.931568569324174,33,0.18181818181818182,6,0.6700507614213198,1.2522331196715176e-06
confirmation,1,681002,691002,random,702,legacy5,intact,coordinate,0.03,699002,26,False,83.04820237218405,33,0.7575757575757576,25,0.6751269035532995,1.2522331196715176e-06
confirmation,1,681002,691002,random,702,legacy5,intact,coordinate,0.03,699003,28,False,89.69205856195877,33,0.8181818181818182,27,0.6954314720812182,1.2522331196715176e-06
confirmation,1,681002,691002,random,702,legacy5,intact,own,0.3,699001,1,False,0.0,33,0.0,0,0.34517766497461927,8.482017625690968e-05
confirmation,1,681002,691002,random,702,legacy5,intact,own,0.3,699002,1,False,0.0,33,0.0,0,0.3350253807106599,8.482017625690968e-05
confirmation,1,681002,691002,random,702,legacy5,intact,own,0.3,699003,1,False,0.0,33,0.0,0,0.3350253807106599,8.482017625690968e-05
confirmation,1,681002,691002,random,702,legacy5,intact,coordinate,0.3,699001,1,False,0.0,33,0.0,0,0.3096446700507614,0.00012522331196715178
confirmation,1,681002,691002,random,702,legacy5,intact,coordinate,0.3,699002,1,False,0.0,33,0.0,0,0.29949238578680204,0.00012522331196715178
confirmation,1,681002,691002,random,702,legacy5,intact,coordinate,0.3,699003,1,False,0.0,33,0.0,0,0.3096446700507614,0.00012522331196715178
confirmation,1,681002,691002,random,702,legacy5,degree,own,0.0003,699001,33,False,106.30169903639559,32,1.0,32,0.6751269035532995,5.598892163231241e-10
confirmation,1,681002,691002,random,702,legacy5,degree,own,0.0003,699002,33,False,106.30169903639559,32,1.0,32,0.6751269035532995,5.598892163231241e-10
confirmation,1,681002,691002,random,702,legacy5,degree,own,0.0003,699003,33,False,106.30169903639559,32,1.0,32,0.6751269035532995,5.598892163231241e-10
confirmation,1,681002,691002,random,702,legacy5,degree,coordinate,0.0003,699001,33,False,106.30169903639559,32,1.0,32,0.6751269035532995,2.5329542619228314e-09
confirmation,1,681002,691002,random,702,legacy5,degree,coordinate,0.0003,699002,33,False,106.30169903639559,32,1.0,32,0.6751269035532995,2.5329542619228314e-09
confirmation,1,681002,691002,random,702,legacy5,degree,coordinate,0.0003,699003,33,False,106.30169903639559,32,1.0,32,0.6751269035532995,2.5329542619228314e-09
confirmation,1,681002,691002,random,702,legacy5,degree,own,0.03,699001,33,False,106.30169903639559,32,1.0,32,0.6548223350253807,5.598892163231241e-06
confirmation,1,681002,691002,random,702,legacy5,degree,own,0.03,699002,33,False,106.30169903639559,32,1.0,32,0.6649746192893401,5.598892163231241e-06
confirmation,1,681002,691002,random,702,legacy5,degree,own,0.03,699003,33,False,106.30169903639559,32,1.0,32,0.649746192893401,5.598892163231241e-06
confirmation,1,681002,691002,random,702,legacy5,degree,coordinate,0.03,699001,27,False,86.37013046707142,32,0.8125,26,0.6243654822335025,2.5329542619228312e-05
confirmation,1,681002,691002,random,702,legacy5,degree,coordinate,0.03,699002,26,False,83.04820237218405,32,0.78125,25,0.6243654822335025,2.5329542619228312e-05
confirmation,1,681002,691002,random,702,legacy5,degree,coordinate,0.03,699003,33,False,106.30169903639559,32,1.0,32,0.6091370558375635,2.5329542619228312e-05
confirmation,1,681002,691002,random,702,legacy5,degree,own,0.3,699001,6,False,16.609640474436812,32,0.15625,5,0.4263959390862944,0.0005598892163231243
confirmation,1,681002,691002,random,702,legacy5,degree,own,0.3,699002,9,False,26.575424759098897,32,0.25,8,0.41624365482233505,0.0005598892163231243
confirmation,1,681002,691002,random,702,legacy5,degree,own,0.3,699003,2,False,3.321928094887362,32,0.03125,1,0.40609137055837563,0.0005598892163231243
confirmation,1,681002,691002,random,702,legacy5,degree,coordinate,0.3,699001,1,False,0.0,32,0.0,0,0.3096446700507614,0.0025329542619228315
confirmation,1,681002,691002,random,702,legacy5,degree,coordinate,0.3,699002,9,False,26.575424759098897,32,0.25,8,0.3299492385786802,0.0025329542619228315
confirmation,1,681002,691002,random,702,legacy5,degree,coordinate,0.3,699003,2,False,3.321928094887362,32,0.03125,1,0.28426395939086296,0.0025329542619228315
confirmation,1,681002,691002,random,702,legacy5,role,own,0.0003,699001,33,False,106.30169903639559,32,1.0,32,0.8629441624365483,5.695337518023288e-11
confirmation,1,681002,691002,random,702,legacy5,role,own,0.0003,699002,33,False,106.30169903639559,32,1.0,32,0.8629441624365483,5.695337518023288e-11
confirmation,1,681002,691002,random,702,legacy5,role,own,0.0003,699003,33,False,106.30169903639559,32,1.0,32,0.8629441624365483,5.695337518023288e-11
confirmation,1,681002,691002,random,702,legacy5,role,coordinate,0.0003,699001,33,False,106.30169903639559,32,1.0,32,0.8629441624365483,1.025699718786077e-10
confirmation,1,681002,691002,random,702,legacy5,role,coordinate,0.0003,699002,33,False,106.30169903639559,32,1.0,32,0.8629441624365483,1.025699718786077e-10
confirmation,1,681002,691002,random,702,legacy5,role,coordinate,0.0003,699003,33,False,106.30169903639559,32,1.0,32,0.8629441624365483,1.025699718786077e-10
confirmation,1,681002,691002,random,702,legacy5,role,own,0.03,699001,33,False,106.30169903639559,32,1.0,32,0.7868020304568528,5.69533751802329e-07
confirmation,1,681002,691002,random,702,legacy5,role,own,0.03,699002,33,False,106.30169903639559,32,1.0,32,0.8121827411167513,5.69533751802329e-07
confirmation,1,681002,691002,random,702,legacy5,role,own,0.03,699003,26,False,83.04820237218405,32,0.78125,25,0.8071065989847716,5.69533751802329e-07
confirmation,1,681002,691002,random,702,legacy5,role,coordinate,0.03,699001,13,False,39.86313713864835,32,0.375,12,0.7461928934010152,1.025699718786077e-06
confirmation,1,681002,691002,random,702,legacy5,role,coordinate,0.03,699002,6,False,16.609640474436812,32,0.15625,5,0.7766497461928934,1.025699718786077e-06
confirmation,1,681002,691002,random,702,legacy5,role,coordinate,0.03,699003,26,False,83.04820237218405,32,0.78125,25,0.7817258883248731,1.025699718786077e-06
confirmation,1,681002,691002,random,702,legacy5,role,own,0.3,699001,1,False,0.0,32,0.0,0,0.40609137055837563,5.6953375180232905e-05
confirmation,1,681002,691002,random,702,legacy5,role,own,0.3,699002,3,False,6.643856189774724,32,0.0625,2,0.41116751269035534,5.6953375180232905e-05
confirmation,1,681002,691002,random,702,legacy5,role,own,0.3,699003,3,False,6.643856189774724,32,0.0625,2,0.4213197969543147,5.6953375180232905e-05
confirmation,1,681002,691002,random,702,legacy5,role,coordinate,0.3,699001,1,False,0.0,32,0.0,0,0.3147208121827411,0.0001025699718786077
confirmation,1,681002,691002,random,702,legacy5,role,coordinate,0.3,699002,3,False,6.643856189774724,32,0.0625,2,0.3604060913705584,0.0001025699718786077
confirmation,1,681002,691002,random,702,legacy5,role,coordinate,0.3,699003,3,False,6.643856189774724,32,0.0625,2,0.3350253807106599,0.0001025699718786077
confirmation,1,681002,691002,pi,701,legacy5,intact,own,0.0003,699001,33,False,106.30169903639559,32,1.0,32,0.8121827411167513,7.893624727972808e-11
confirmation,1,681002,691002,pi,701,legacy5,intact,own,0.0003,699002,33,False,106.30169903639559,32,1.0,32,0.8121827411167513,7.893624727972808e-11
confirmation,1,681002,691002,pi,701,legacy5,intact,own,0.0003,699003,33,False,106.30169903639559,32,1.0,32,0.8121827411167513,7.893624727972808e-11
confirmation,1,681002,691002,pi,701,legacy5,intact,coordinate,0.0003,699001,33,False,106.30169903639559,32,1.0,32,0.8071065989847716,1.8414747633832098e-10
confirmation,1,681002,691002,pi,701,legacy5,intact,coordinate,0.0003,699002,33,False,106.30169903639559,32,1.0,32,0.8121827411167513,1.8414747633832098e-10
confirmation,1,681002,691002,pi,701,legacy5,intact,coordinate,0.0003,699003,33,False,106.30169903639559,32,1.0,32,0.8071065989847716,1.8414747633832098e-10
confirmation,1,681002,691002,pi,701,legacy5,intact,own,0.03,699001,27,False,86.37013046707142,32,0.8125,26,0.7766497461928934,7.89362472797281e-07
confirmation,1,681002,691002,pi,701,legacy5,intact,own,0.03,699002,33,False,106.30169903639559,32,1.0,32,0.7614213197969543,7.89362472797281e-07
confirmation,1,681002,691002,pi,701,legacy5,intact,own,0.03,699003,27,False,86.37013046707142,32,0.8125,26,0.766497461928934,7.89362472797281e-07
confirmation,1,681002,691002,pi,701,legacy5,intact,coordinate,0.03,699001,27,False,86.37013046707142,32,0.8125,26,0.7258883248730964,1.84147476338321e-06
confirmation,1,681002,691002,pi,701,legacy5,intact,coordinate,0.03,699002,33,False,106.30169903639559,32,1.0,32,0.7157360406091371,1.84147476338321e-06
confirmation,1,681002,691002,pi,701,legacy5,intact,coordinate,0.03,699003,5,False,13.287712379549449,32,0.125,4,0.7157360406091371,1.84147476338321e-06
confirmation,1,681002,691002,pi,701,legacy5,intact,own,0.3,699001,1,False,0.0,32,0.0,0,0.40609137055837563,7.89362472797281e-05
confirmation,1,681002,691002,pi,701,legacy5,intact,own,0.3,699002,1,False,0.0,32,0.0,0,0.3553299492385787,7.89362472797281e-05
confirmation,1,681002,691002,pi,701,legacy5,intact,own,0.3,699003,1,False,0.0,32,0.0,0,0.40609137055837563,7.89362472797281e-05
confirmation,1,681002,691002,pi,701,legacy5,intact,coordinate,0.3,699001,1,False,0.0,32,0.0,0,0.3401015228426396,0.00018414747633832098
confirmation,1,681002,691002,pi,701,legacy5,intact,coordinate,0.3,699002,1,False,0.0,32,0.0,0,0.26903553299492383,0.00018414747633832098
confirmation,1,681002,691002,pi,701,legacy5,intact,coordinate,0.3,699003,1,False,0.0,32,0.0,0,0.3248730964467005,0.00018414747633832098
confirmation,1,681002,691002,pi,701,legacy5,degree,own,0.0003,699001,39,False,126.23326760571976,38,1.0,38,0.7055837563451777,4.180388625873029e-10
confirmation,1,681002,691002,pi,701,legacy5,degree,own,0.0003,699002,39,False,126.23326760571976,38,1.0,38,0.7055837563451777,4.180388625873029e-10
confirmation,1,681002,691002,pi,701,legacy5,degree,own,0.0003,699003,39,False,126.23326760571976,38,1.0,38,0.7055837563451777,4.180388625873029e-10
confirmation,1,681002,691002,pi,701,legacy5,degree,coordinate,0.0003,699001,39,False,126.23326760571976,38,1.0,38,0.7055837563451777,1.9223467184464112e-09
confirmation,1,681002,691002,pi,701,legacy5,degree,coordinate,0.0003,699002,39,False,126.23326760571976,38,1.0,38,0.7055837563451777,1.9223467184464112e-09
confirmation,1,681002,691002,pi,701,legacy5,degree,coordinate,0.0003,699003,39,False,126.23326760571976,38,1.0,38,0.7055837563451777,1.9223467184464112e-09
confirmation,1,681002,691002,pi,701,legacy5,degree,own,0.03,699001,25,False,79.7262742772967,38,0.631578947368421,24,0.6852791878172588,4.18038862587303e-06
confirmation,1,681002,691002,pi,701,legacy5,degree,own,0.03,699002,39,False,126.23326760571976,38,1.0,38,0.6954314720812182,4.18038862587303e-06
confirmation,1,681002,691002,pi,701,legacy5,degree,own,0.03,699003,39,False,126.23326760571976,38,1.0,38,0.6903553299492385,4.18038862587303e-06
confirmation,1,681002,691002,pi,701,legacy5,degree,coordinate,0.03,699001,12,False,36.541209043760986,38,0.2894736842105263,11,0.6091370558375635,1.9223467184464118e-05
confirmation,1,681002,691002,pi,701,legacy5,degree,coordinate,0.03,699002,39,False,126.23326760571976,38,1.0,38,0.649746192893401,1.9223467184464118e-05
confirmation,1,681002,691002,pi,701,legacy5,degree,coordinate,0.03,699003,39,False,126.23326760571976,38,1.0,38,0.6395939086294417,1.9223467184464118e-05
confirmation,1,681002,691002,pi,701,legacy5,degree,own,0.3,699001,5,False,13.287712379549449,38,0.10526315789473684,4,0.4416243654822335,0.0004180388625873028
confirmation,1,681002,691002,pi,701,legacy5,degree,own,0.3,699002,6,False,16.609640474436812,38,0.13157894736842105,5,0.4416243654822335,0.0004180388625873028
confirmation,1,681002,691002,pi,701,legacy5,degree,own,0.3,699003,3,False,6.643856189774724,38,0.05263157894736842,2,0.4467005076142132,0.0004180388625873028
confirmation,1,681002,691002,pi,701,legacy5,degree,coordinate,0.3,699001,1,False,0.0,38,0.0,0,0.34517766497461927,0.0019223467184464114
confirmation,1,681002,691002,pi,701,legacy5,degree,coordinate,0.3,699002,5,False,13.287712379549449,38,0.10526315789473684,4,0.3553299492385787,0.0019223467184464114
confirmation,1,681002,691002,pi,701,legacy5,degree,coordinate,0.3,699003,2,False,3.321928094887362,38,0.02631578947368421,1,0.3299492385786802,0.0019223467184464114
confirmation,1,681002,691002,pi,701,legacy5,role,own,0.0003,699001,33,False,106.30169903639559,32,1.0,32,0.8781725888324873,6.324002962693693e-11
confirmation,1,681002,691002,pi,701,legacy5,role,own,0.0003,699002,33,False,106.30169903639559,32,1.0,32,0.8781725888324873,6.324002962693693e-11
confirmation,1,681002,691002,pi,701,legacy5,role,own,0.0003,699003,33,False,106.30169903639559,32,1.0,32,0.8781725888324873,6.324002962693693e-11
confirmation,1,681002,691002,pi,701,legacy5,role,coordinate,0.0003,699001,33,False,106.30169903639559,32,1.0,32,0.8781725888324873,1.2703252278121896e-10
confirmation,1,681002,691002,pi,701,legacy5,role,coordinate,0.0003,699002,33,False,106.30169903639559,32,1.0,32,0.8781725888324873,1.2703252278121896e-10
confirmation,1,681002,691002,pi,701,legacy5,role,coordinate,0.0003,699003,33,False,106.30169903639559,32,1.0,32,0.8781725888324873,1.2703252278121896e-10
confirmation,1,681002,691002,pi,701,legacy5,role,own,0.03,699001,33,False,106.30169903639559,32,1.0,32,0.8578680203045685,6.324002962693694e-07
confirmation,1,681002,691002,pi,701,legacy5,role,own,0.03,699002,29,False,93.01398665684614,32,0.875,28,0.8274111675126904,6.324002962693694e-07
confirmation,1,681002,691002,pi,701,legacy5,role,own,0.03,699003,33,False,106.30169903639559,32,1.0,32,0.8375634517766497,6.324002962693694e-07
confirmation,1,681002,691002,pi,701,legacy5,role,coordinate,0.03,699001,14,False,43.18506523353571,32,0.40625,13,0.7868020304568528,1.2703252278121899e-06
confirmation,1,681002,691002,pi,701,legacy5,role,coordinate,0.03,699002,6,False,16.609640474436812,32,0.15625,5,0.7969543147208121,1.2703252278121899e-06
confirmation,1,681002,691002,pi,701,legacy5,role,coordinate,0.03,699003,15,False,46.50699332842307,32,0.4375,14,0.8071065989847716,1.2703252278121899e-06
confirmation,1,681002,691002,pi,701,legacy5,role,own,0.3,699001,1,False,0.0,32,0.0,0,0.4365482233502538,6.324002962693694e-05
confirmation,1,681002,691002,pi,701,legacy5,role,own,0.3,699002,1,False,0.0,32,0.0,0,0.4263959390862944,6.324002962693694e-05
confirmation,1,681002,691002,pi,701,legacy5,role,own,0.3,699003,1,False,0.0,32,0.0,0,0.4213197969543147,6.324002962693694e-05
confirmation,1,681002,691002,pi,701,legacy5,role,coordinate,0.3,699001,1,False,0.0,32,0.0,0,0.3756345177664975,0.00012703252278121894
confirmation,1,681002,691002,pi,701,legacy5,role,coordinate,0.3,699002,1,False,0.0,32,0.0,0,0.37055837563451777,0.00012703252278121894
confirmation,1,681002,691002,pi,701,legacy5,role,coordinate,0.3,699003,1,False,0.0,32,0.0,0,0.3553299492385787,0.00012703252278121894
confirmation,1,681002,691002,pi,702,legacy5,intact,own,0.0003,699001,39,False,126.23326760571976,38,1.0,38,0.766497461928934,8.329900311041803e-11
confirmation,1,681002,691002,pi,702,legacy5,intact,own,0.0003,699002,39,False,126.23326760571976,38,1.0,38,0.766497461928934,8.329900311041803e-11
confirmation,1,681002,691002,pi,702,legacy5,intact,own,0.0003,699003,39,False,126.23326760571976,38,1.0,38,0.766497461928934,8.329900311041803e-11
confirmation,1,681002,691002,pi,702,legacy5,intact,coordinate,0.0003,699001,39,False,126.23326760571976,38,1.0,38,0.766497461928934,1.2571769166811212e-10
confirmation,1,681002,691002,pi,702,legacy5,intact,coordinate,0.0003,699002,39,False,126.23326760571976,38,1.0,38,0.766497461928934,1.2571769166811212e-10
confirmation,1,681002,691002,pi,702,legacy5,intact,coordinate,0.0003,699003,39,False,126.23326760571976,38,1.0,38,0.766497461928934,1.2571769166811212e-10
confirmation,1,681002,691002,pi,702,legacy5,intact,own,0.03,699001,24,False,76.40434618240933,38,0.6052631578947368,23,0.7411167512690355,8.329900311041802e-07
confirmation,1,681002,691002,pi,702,legacy5,intact,own,0.03,699002,39,False,126.23326760571976,38,1.0,38,0.7208121827411168,8.329900311041802e-07
confirmation,1,681002,691002,pi,702,legacy5,intact,own,0.03,699003,39,False,126.23326760571976,38,1.0,38,0.7208121827411168,8.329900311041802e-07
confirmation,1,681002,691002,pi,702,legacy5,intact,coordinate,0.03,699001,20,False,63.11663380285988,38,0.5,19,0.6954314720812182,1.2571769166811211e-06
confirmation,1,681002,691002,pi,702,legacy5,intact,coordinate,0.03,699002,39,False,126.23326760571976,38,1.0,38,0.6903553299492385,1.2571769166811211e-06
confirmation,1,681002,691002,pi,702,legacy5,intact,coordinate,0.03,699003,39,False,126.23326760571976,38,1.0,38,0.700507614213198,1.2571769166811211e-06
confirmation,1,681002,691002,pi,702,legacy5,intact,own,0.3,699001,3,False,6.643856189774724,38,0.05263157894736842,2,0.4010152284263959,8.329900311041804e-05
confirmation,1,681002,691002,pi,702,legacy5,intact,own,0.3,699002,3,False,6.643856189774724,38,0.05263157894736842,2,0.3299492385786802,8.329900311041804e-05
confirmation,1,681002,691002,pi,702,legacy5,intact,own,0.3,699003,3,False,6.643856189774724,38,0.05263157894736842,2,0.350253807106599,8.329900311041804e-05
confirmation,1,681002,691002,pi,702,legacy5,intact,coordinate,0.3,699001,3,False,6.643856189774724,38,0.05263157894736842,2,0.3756345177664975,0.00012571769166811212
confirmation,1,681002,691002,pi,702,legacy5,intact,coordinate,0.3,699002,1,False,0.0,38,0.0,0,0.29949238578680204,0.00012571769166811212
confirmation,1,681002,691002,pi,702,legacy5,intact,coordinate,0.3,699003,3,False,6.643856189774724,38,0.05263157894736842,2,0.3197969543147208,0.00012571769166811212
confirmation,1,681002,691002,pi,702,legacy5,degree,own,0.0003,699001,25,False,79.7262742772967,24,1.0,24,0.6649746192893401,5.209242414421311e-10
confirmation,1,681002,691002,pi,702,legacy5,degree,own,0.0003,699002,25,False,79.7262742772967,24,1.0,24,0.6649746192893401,5.209242414421311e-10
confirmation,1,681002,691002,pi,702,legacy5,degree,own,0.0003,699003,25,False,79.7262742772967,24,1.0,24,0.6649746192893401,5.209242414421311e-10
confirmation,1,681002,691002,pi,702,legacy5,degree,coordinate,0.0003,699001,25,False,79.7262742772967,24,1.0,24,0.6649746192893401,2.4369552837148904e-09
confirmation,1,681002,691002,pi,702,legacy5,degree,coordinate,0.0003,699002,25,False,79.7262742772967,24,1.0,24,0.6649746192893401,2.4369552837148904e-09
confirmation,1,681002,691002,pi,702,legacy5,degree,coordinate,0.0003,699003,25,False,79.7262742772967,24,1.0,24,0.6649746192893401,2.4369552837148904e-09
confirmation,1,681002,691002,pi,702,legacy5,degree,own,0.03,699001,25,False,79.7262742772967,24,1.0,24,0.6395939086294417,5.209242414421313e-06
confirmation,1,681002,691002,pi,702,legacy5,degree,own,0.03,699002,25,False,79.7262742772967,24,1.0,24,0.649746192893401,5.209242414421313e-06
confirmation,1,681002,691002,pi,702,legacy5,degree,own,0.03,699003,25,False,79.7262742772967,24,1.0,24,0.6548223350253807,5.209242414421313e-06
confirmation,1,681002,691002,pi,702,legacy5,degree,coordinate,0.03,699001,2,False,3.321928094887362,24,0.041666666666666664,1,0.6040609137055838,2.4369552837148913e-05
confirmation,1,681002,691002,pi,702,legacy5,degree,coordinate,0.03,699002,12,False,36.541209043760986,24,0.4583333333333333,11,0.5939086294416244,2.4369552837148913e-05
confirmation,1,681002,691002,pi,702,legacy5,degree,coordinate,0.03,699003,2,False,3.321928094887362,24,0.041666666666666664,1,0.5989847715736041,2.4369552837148913e-05
confirmation,1,681002,691002,pi,702,legacy5,degree,own,0.3,699001,2,False,3.321928094887362,24,0.041666666666666664,1,0.350253807106599,0.0005209242414421313
confirmation,1,681002,691002,pi,702,legacy5,degree,own,0.3,699002,6,False,16.609640474436812,24,0.20833333333333334,5,0.4010152284263959,0.0005209242414421313
confirmation,1,681002,691002,pi,702,legacy5,degree,own,0.3,699003,2,False,3.321928094887362,24,0.041666666666666664,1,0.41116751269035534,0.0005209242414421313
confirmation,1,681002,691002,pi,702,legacy5,degree,coordinate,0.3,699001,2,False,3.321928094887362,24,0.041666666666666664,1,0.29441624365482233,0.002436955283714891
confirmation,1,681002,691002,pi,702,legacy5,degree,coordinate,0.3,699002,2,False,3.321928094887362,24,0.041666666666666664,1,0.28426395939086296,0.002436955283714891
confirmation,1,681002,691002,pi,702,legacy5,degree,coordinate,0.3,699003,1,False,0.0,24,0.0,0,0.28426395939086296,0.002436955283714891
confirmation,1,681002,691002,pi,702,legacy5,role,own,0.0003,699001,38,False,122.9113395108324,37,1.0,37,0.8781725888324873,5.699905165065095e-11
confirmation,1,681002,691002,pi,702,legacy5,role,own,0.0003,699002,38,False,122.9113395108324,37,1.0,37,0.883248730964467,5.699905165065095e-11
confirmation,1,681002,691002,pi,702,legacy5,role,own,0.0003,699003,38,False,122.9113395108324,37,1.0,37,0.8781725888324873,5.699905165065095e-11
confirmation,1,681002,691002,pi,702,legacy5,role,coordinate,0.0003,699001,38,False,122.9113395108324,37,1.0,37,0.8781725888324873,9.981487435203941e-11
confirmation,1,681002,691002,pi,702,legacy5,role,coordinate,0.0003,699002,38,False,122.9113395108324,37,1.0,37,0.883248730964467,9.981487435203941e-11
confirmation,1,681002,691002,pi,702,legacy5,role,coordinate,0.0003,699003,38,False,122.9113395108324,37,1.0,37,0.8781725888324873,9.981487435203941e-11
confirmation,1,681002,691002,pi,702,legacy5,role,own,0.03,699001,29,False,93.01398665684614,37,0.7567567567567568,28,0.8121827411167513,5.699905165065096e-07
confirmation,1,681002,691002,pi,702,legacy5,role,own,0.03,699002,38,False,122.9113395108324,37,1.0,37,0.8477157360406091,5.699905165065096e-07
confirmation,1,681002,691002,pi,702,legacy5,role,own,0.03,699003,38,False,122.9113395108324,37,1.0,37,0.8629441624365483,5.699905165065096e-07
confirmation,1,681002,691002,pi,702,legacy5,role,coordinate,0.03,699001,29,False,93.01398665684614,37,0.7567567567567568,28,0.7868020304568528,9.981487435203943e-07
confirmation,1,681002,691002,pi,702,legacy5,role,coordinate,0.03,699002,38,False,122.9113395108324,37,1.0,37,0.8375634517766497,9.981487435203943e-07
confirmation,1,681002,691002,pi,702,legacy5,role,coordinate,0.03,699003,37,False,119.58941141594504,37,0.972972972972973,36,0.817258883248731,9.981487435203943e-07
confirmation,1,681002,691002,pi,702,legacy5,role,own,0.3,699001,2,False,3.321928094887362,37,0.02702702702702703,1,0.39086294416243655,5.6999051650650954e-05
confirmation,1,681002,691002,pi,702,legacy5,role,own,0.3,699002,2,False,3.321928094887362,37,0.02702702702702703,1,0.39593908629441626,5.6999051650650954e-05
confirmation,1,681002,691002,pi,702,legacy5,role,own,0.3,699003,4,False,9.965784284662087,37,0.08108108108108109,3,0.41624365482233505,5.6999051650650954e-05
confirmation,1,681002,691002,pi,702,legacy5,role,coordinate,0.3,699001,2,False,3.321928094887362,37,0.02702702702702703,1,0.3299492385786802,9.981487435203942e-05
confirmation,1,681002,691002,pi,702,legacy5,role,coordinate,0.3,699002,2,False,3.321928094887362,37,0.02702702702702703,1,0.37055837563451777,9.981487435203942e-05
confirmation,1,681002,691002,pi,702,legacy5,role,coordinate,0.3,699003,2,False,3.321928094887362,37,0.02702702702702703,1,0.39086294416243655,9.981487435203942e-05
confirmation,2,681003,691003,random,701,legacy5,intact,own,0.0003,699001,2,False,3.321928094887362,1,1.0,1,0.8071065989847716,7.848706072511825e-11
confirmation,2,681003,691003,random,701,legacy5,intact,own,0.0003,699002,2,False,3.321928094887362,1,1.0,1,0.8071065989847716,7.848706072511825e-11
confirmation,2,681003,691003,random,701,legacy5,intact,own,0.0003,699003,2,False,3.321928094887362,1,1.0,1,0.8071065989847716,7.848706072511825e-11
confirmation,2,681003,691003,random,701,legacy5,intact,coordinate,0.0003,699001,2,False,3.321928094887362,1,1.0,1,0.8071065989847716,1.7384967057064689e-10
confirmation,2,681003,691003,random,701,legacy5,intact,coordinate,0.0003,699002,2,False,3.321928094887362,1,1.0,1,0.8071065989847716,1.7384967057064689e-10
confirmation,2,681003,691003,random,701,legacy5,intact,coordinate,0.0003,699003,2,False,3.321928094887362,1,1.0,1,0.8071065989847716,1.7384967057064689e-10
confirmation,2,681003,691003,random,701,legacy5,intact,own,0.03,699001,2,False,3.321928094887362,1,1.0,1,0.7868020304568528,7.848706072511826e-07
confirmation,2,681003,691003,random,701,legacy5,intact,own,0.03,699002,2,False,3.321928094887362,1,1.0,1,0.7766497461928934,7.848706072511826e-07
confirmation,2,681003,691003,random,701,legacy5,intact,own,0.03,699003,2,False,3.321928094887362,1,1.0,1,0.7614213197969543,7.848706072511826e-07
confirmation,2,681003,691003,random,701,legacy5,intact,coordinate,0.03,699001,2,False,3.321928094887362,1,1.0,1,0.7614213197969543,1.738496705706469e-06
confirmation,2,681003,691003,random,701,legacy5,intact,coordinate,0.03,699002,2,False,3.321928094887362,1,1.0,1,0.7411167512690355,1.738496705706469e-06
confirmation,2,681003,691003,random,701,legacy5,intact,coordinate,0.03,699003,2,False,3.321928094887362,1,1.0,1,0.7309644670050761,1.738496705706469e-06
confirmation,2,681003,691003,random,701,legacy5,intact,own,0.3,699001,3,False,6.643856189774724,1,1.0,2,0.4517766497461929,7.848706072511823e-05
confirmation,2,681003,691003,random,701,legacy5,intact,own,0.3,699002,1,False,0.0,1,0.0,0,0.40609137055837563,7.848706072511823e-05
confirmation,2,681003,691003,random,701,legacy5,intact,own,0.3,699003,2,False,3.321928094887362,1,1.0,1,0.41624365482233505,7.848706072511823e-05
confirmation,2,681003,691003,random,701,legacy5,intact,coordinate,0.3,699001,2,False,3.321928094887362,1,1.0,1,0.3401015228426396,0.00017384967057064687
confirmation,2,681003,691003,random,701,legacy5,intact,coordinate,0.3,699002,1,False,0.0,1,0.0,0,0.3553299492385787,0.00017384967057064687
confirmation,2,681003,691003,random,701,legacy5,intact,coordinate,0.3,699003,2,False,3.321928094887362,1,1.0,1,0.3553299492385787,0.00017384967057064687
confirmation,2,681003,691003,random,701,legacy5,degree,own,0.0003,699001,32,False,102.97977094150822,31,1.0,31,0.7055837563451777,3.792036301544555e-10
confirmation,2,681003,691003,random,701,legacy5,degree,own,0.0003,699002,32,False,102.97977094150822,31,1.0,31,0.7055837563451777,3.792036301544555e-10
confirmation,2,681003,691003,random,701,legacy5,degree,own,0.0003,699003,32,False,102.97977094150822,31,1.0,31,0.7055837563451777,3.792036301544555e-10
confirmation,2,681003,691003,random,701,legacy5,degree,coordinate,0.0003,699001,32,False,102.97977094150822,31,1.0,31,0.7055837563451777,2.399476926323356e-09
confirmation,2,681003,691003,random,701,legacy5,degree,coordinate,0.0003,699002,32,False,102.97977094150822,31,1.0,31,0.7055837563451777,2.399476926323356e-09
confirmation,2,681003,691003,random,701,legacy5,degree,coordinate,0.0003,699003,32,False,102.97977094150822,31,1.0,31,0.7055837563451777,2.399476926323356e-09
confirmation,2,681003,691003,random,701,legacy5,degree,own,0.03,699001,8,False,23.253496664211536,31,0.22580645161290322,7,0.6852791878172588,3.7920363015445564e-06
confirmation,2,681003,691003,random,701,legacy5,degree,own,0.03,699002,32,False,102.97977094150822,31,1.0,31,0.6802030456852792,3.7920363015445564e-06
confirmation,2,681003,691003,random,701,legacy5,degree,own,0.03,699003,32,False,102.97977094150822,31,1.0,31,0.6700507614213198,3.7920363015445564e-06
confirmation,2,681003,691003,random,701,legacy5,degree,coordinate,0.03,699001,8,False,23.253496664211536,31,0.22580645161290322,7,0.583756345177665,2.399476926323356e-05
confirmation,2,681003,691003,random,701,legacy5,degree,coordinate,0.03,699002,14,False,43.18506523353571,31,0.41935483870967744,13,0.5989847715736041,2.399476926323356e-05
confirmation,2,681003,691003,random,701,legacy5,degree,coordinate,0.03,699003,4,False,9.965784284662087,31,0.0967741935483871,3,0.6040609137055838,2.399476926323356e-05
confirmation,2,681003,691003,random,701,legacy5,degree,own,0.3,699001,5,False,13.287712379549449,31,0.12903225806451613,4,0.39593908629441626,0.0003792036301544556
confirmation,2,681003,691003,random,701,legacy5,degree,own,0.3,699002,6,False,16.609640474436812,31,0.16129032258064516,5,0.41624365482233505,0.0003792036301544556
confirmation,2,681003,691003,random,701,legacy5,degree,own,0.3,699003,4,False,9.965784284662087,31,0.0967741935483871,3,0.39593908629441626,0.0003792036301544556
confirmation,2,681003,691003,random,701,legacy5,degree,coordinate,0.3,699001,4,False,9.965784284662087,31,0.0967741935483871,3,0.23857868020304568,0.0023994769263233563
confirmation,2,681003,691003,random,701,legacy5,degree,coordinate,0.3,699002,2,False,3.321928094887362,31,0.03225806451612903,1,0.26903553299492383,0.0023994769263233563
confirmation,2,681003,691003,random,701,legacy5,degree,coordinate,0.3,699003,2,False,3.321928094887362,31,0.03225806451612903,1,0.27411167512690354,0.0023994769263233563
confirmation,2,681003,691003,random,701,legacy5,role,own,0.0003,699001,33,False,106.30169903639559,32,1.0,32,0.8934010152284264,9.479737303384011e-11
confirmation,2,681003,691003,random,701,legacy5,role,own,0.0003,699002,33,False,106.30169903639559,32,1.0,32,0.8934010152284264,9.479737303384011e-11
confirmation,2,681003,691003,random,701,legacy5,role,own,0.0003,699003,33,False,106.30169903639559,32,1.0,32,0.8934010152284264,9.479737303384011e-11
confirmation,2,681003,691003,random,701,legacy5,role,coordinate,0.0003,699001,33,False,106.30169903639559,32,1.0,32,0.8934010152284264,1.8046915086847322e-10
confirmation,2,681003,691003,random,701,legacy5,role,coordinate,0.0003,699002,33,False,106.30169903639559,32,1.0,32,0.8934010152284264,1.8046915086847322e-10
confirmation,2,681003,691003,random,701,legacy5,role,coordinate,0.0003,699003,33,False,106.30169903639559,32,1.0,32,0.8934010152284264,1.8046915086847322e-10
confirmation,2,681003,691003,random,701,legacy5,role,own,0.03,699001,33,False,106.30169903639559,32,1.0,32,0.8527918781725888,9.479737303384012e-07
confirmation,2,681003,691003,random,701,legacy5,role,own,0.03,699002,33,False,106.30169903639559,32,1.0,32,0.8477157360406091,9.479737303384012e-07
confirmation,2,681003,691003,random,701,legacy5,role,own,0.03,699003,33,False,106.30169903639559,32,1.0,32,0.8375634517766497,9.479737303384012e-07
confirmation,2,681003,691003,random,701,legacy5,role,coordinate,0.03,699001,28,False,89.69205856195877,32,0.84375,27,0.8375634517766497,1.8046915086847323e-06
confirmation,2,681003,691003,random,701,legacy5,role,coordinate,0.03,699002,33,False,106.30169903639559,32,1.0,32,0.8223350253807107,1.8046915086847323e-06
confirmation,2,681003,691003,random,701,legacy5,role,coordinate,0.03,699003,33,False,106.30169903639559,32,1.0,32,0.8071065989847716,1.8046915086847323e-06
confirmation,2,681003,691003,random,701,legacy5,role,own,0.3,699001,7,False,19.931568569324174,32,0.1875,6,0.39086294416243655,9.479737303384013e-05
confirmation,2,681003,691003,random,701,legacy5,role,own,0.3,699002,1,False,0.0,32,0.0,0,0.38578680203045684,9.479737303384013e-05
confirmation,2,681003,691003,random,701,legacy5,role,own,0.3,699003,4,False,9.965784284662087,32,0.09375,3,0.4365482233502538,9.479737303384013e-05
confirmation,2,681003,691003,random,701,legacy5,role,coordinate,0.3,699001,11,False,33.219280948873624,32,0.3125,10,0.36548223350253806,0.00018046915086847326
confirmation,2,681003,691003,random,701,legacy5,role,coordinate,0.3,699002,1,False,0.0,32,0.0,0,0.29441624365482233,0.00018046915086847326
confirmation,2,681003,691003,random,701,legacy5,role,coordinate,0.3,699003,4,False,9.965784284662087,32,0.09375,3,0.350253807106599,0.00018046915086847326
confirmation,2,681003,691003,random,702,legacy5,intact,own,0.0003,699001,37,False,119.58941141594504,36,1.0,36,0.8274111675126904,6.696367446108241e-11
confirmation,2,681003,691003,random,702,legacy5,intact,own,0.0003,699002,37,False,119.58941141594504,36,1.0,36,0.8274111675126904,6.696367446108241e-11
confirmation,2,681003,691003,random,702,legacy5,intact,own,0.0003,699003,37,False,119.58941141594504,36,1.0,36,0.8274111675126904,6.696367446108241e-11
confirmation,2,681003,691003,random,702,legacy5,intact,coordinate,0.0003,699001,37,False,119.58941141594504,36,1.0,36,0.8274111675126904,1.2466598006236153e-10
confirmation,2,681003,691003,random,702,legacy5,intact,coordinate,0.0003,699002,37,False,119.58941141594504,36,1.0,36,0.8274111675126904,1.2466598006236153e-10
confirmation,2,681003,691003,random,702,legacy5,intact,coordinate,0.0003,699003,37,False,119.58941141594504,36,1.0,36,0.8274111675126904,1.2466598006236153e-10
confirmation,2,681003,691003,random,702,legacy5,intact,own,0.03,699001,30,False,96.3359147517335,36,0.8055555555555556,29,0.766497461928934,6.696367446108242e-07
confirmation,2,681003,691003,random,702,legacy5,intact,own,0.03,699002,37,False,119.58941141594504,36,1.0,36,0.766497461928934,6.696367446108242e-07
confirmation,2,681003,691003,random,702,legacy5,intact,own,0.03,699003,37,False,119.58941141594504,36,1.0,36,0.7766497461928934,6.696367446108242e-07
confirmation,2,681003,691003,random,702,legacy5,intact,coordinate,0.03,699001,30,False,96.3359147517335,36,0.8055555555555556,29,0.7461928934010152,1.2466598006236157e-06
confirmation,2,681003,691003,random,702,legacy5,intact,coordinate,0.03,699002,31,False,99.65784284662087,36,0.8333333333333334,30,0.7208121827411168,1.2466598006236157e-06
confirmation,2,681003,691003,random,702,legacy5,intact,coordinate,0.03,699003,32,False,102.97977094150822,36,0.8611111111111112,31,0.7208121827411168,1.2466598006236157e-06
confirmation,2,681003,691003,random,702,legacy5,intact,own,0.3,699001,1,False,0.0,36,0.0,0,0.3756345177664975,6.69636744610824e-05
confirmation,2,681003,691003,random,702,legacy5,intact,own,0.3,699002,3,False,6.643856189774724,36,0.05555555555555555,2,0.350253807106599,6.69636744610824e-05
confirmation,2,681003,691003,random,702,legacy5,intact,own,0.3,699003,5,False,13.287712379549449,36,0.1111111111111111,4,0.3350253807106599,6.69636744610824e-05
confirmation,2,681003,691003,random,702,legacy5,intact,coordinate,0.3,699001,1,False,0.0,36,0.0,0,0.29441624365482233,0.00012466598006236157
confirmation,2,681003,691003,random,702,legacy5,intact,coordinate,0.3,699002,3,False,6.643856189774724,36,0.05555555555555555,2,0.28426395939086296,0.00012466598006236157
confirmation,2,681003,691003,random,702,legacy5,intact,coordinate,0.3,699003,5,False,13.287712379549449,36,0.1111111111111111,4,0.29949238578680204,0.00012466598006236157
confirmation,2,681003,691003,random,702,legacy5,degree,own,0.0003,699001,18,False,56.47277761308516,17,1.0,17,0.6852791878172588,6.370558189752432e-10
confirmation,2,681003,691003,random,702,legacy5,degree,own,0.0003,699002,18,False,56.47277761308516,17,1.0,17,0.6852791878172588,6.370558189752432e-10
confirmation,2,681003,691003,random,702,legacy5,degree,own,0.0003,699003,18,False,56.47277761308516,17,1.0,17,0.6852791878172588,6.370558189752432e-10
confirmation,2,681003,691003,random,702,legacy5,degree,coordinate,0.0003,699001,18,False,56.47277761308516,17,1.0,17,0.6852791878172588,3.405998480047288e-09
confirmation,2,681003,691003,random,702,legacy5,degree,coordinate,0.0003,699002,18,False,56.47277761308516,17,1.0,17,0.6852791878172588,3.405998480047288e-09
confirmation,2,681003,691003,random,702,legacy5,degree,coordinate,0.0003,699003,18,False,56.47277761308516,17,1.0,17,0.6852791878172588,3.405998480047288e-09
confirmation,2,681003,691003,random,702,legacy5,degree,own,0.03,699001,18,False,56.47277761308516,17,1.0,17,0.6751269035532995,6.370558189752433e-06
confirmation,2,681003,691003,random,702,legacy5,degree,own,0.03,699002,18,False,56.47277761308516,17,1.0,17,0.6649746192893401,6.370558189752433e-06
confirmation,2,681003,691003,random,702,legacy5,degree,own,0.03,699003,18,False,56.47277761308516,17,1.0,17,0.6548223350253807,6.370558189752433e-06
confirmation,2,681003,691003,random,702,legacy5,degree,coordinate,0.03,699001,1,False,0.0,17,0.0,0,0.583756345177665,3.4059984800472887e-05
confirmation,2,681003,691003,random,702,legacy5,degree,coordinate,0.03,699002,18,False,56.47277761308516,17,1.0,17,0.5939086294416244,3.4059984800472887e-05
confirmation,2,681003,691003,random,702,legacy5,degree,coordinate,0.03,699003,6,False,16.609640474436812,17,0.29411764705882354,5,0.5888324873096447,3.4059984800472887e-05
confirmation,2,681003,691003,random,702,legacy5,degree,own,0.3,699001,1,False,0.0,17,0.0,0,0.38071065989847713,0.0006370558189752434
confirmation,2,681003,691003,random,702,legacy5,degree,own,0.3,699002,5,False,13.287712379549449,17,0.23529411764705882,4,0.41624365482233505,0.0006370558189752434
confirmation,2,681003,691003,random,702,legacy5,degree,own,0.3,699003,5,False,13.287712379549449,17,0.23529411764705882,4,0.40609137055837563,0.0006370558189752434
confirmation,2,681003,691003,random,702,legacy5,degree,coordinate,0.3,699001,1,False,0.0,17,0.0,0,0.233502538071066,0.0034059984800472887
confirmation,2,681003,691003,random,702,legacy5,degree,coordinate,0.3,699002,1,False,0.0,17,0.0,0,0.3197969543147208,0.0034059984800472887
confirmation,2,681003,691003,random,702,legacy5,degree,coordinate,0.3,699003,5,False,13.287712379549449,17,0.23529411764705882,4,0.3299492385786802,0.0034059984800472887
confirmation,2,681003,691003,random,702,legacy5,role,own,0.0003,699001,34,False,109.62362713128296,33,1.0,33,0.8324873096446701,4.897515836003076e-11
confirmation,2,681003,691003,random,702,legacy5,role,own,0.0003,699002,34,False,109.62362713128296,33,1.0,33,0.8324873096446701,4.897515836003076e-11
confirmation,2,681003,691003,random,702,legacy5,role,own,0.0003,699003,34,False,109.62362713128296,33,1.0,33,0.8324873096446701,4.897515836003076e-11
confirmation,2,681003,691003,random,702,legacy5,role,coordinate,0.0003,699001,34,False,109.62362713128296,33,1.0,33,0.8324873096446701,1.3104144237888174e-10
confirmation,2,681003,691003,random,702,legacy5,role,coordinate,0.0003,699002,34,False,109.62362713128296,33,1.0,33,0.8324873096446701,1.3104144237888174e-10
confirmation,2,681003,691003,random,702,legacy5,role,coordinate,0.0003,699003,34,False,109.62362713128296,33,1.0,33,0.8324873096446701,1.3104144237888174e-10
confirmation,2,681003,691003,random,702,legacy5,role,own,0.03,699001,34,False,109.62362713128296,33,1.0,33,0.7969543147208121,4.897515836003078e-07
confirmation,2,681003,691003,random,702,legacy5,role,own,0.03,699002,1,False,0.0,33,0.0,0,0.8121827411167513,4.897515836003078e-07
confirmation,2,681003,691003,random,702,legacy5,role,own,0.03,699003,34,False,109.62362713128296,33,1.0,33,0.8071065989847716,4.897515836003078e-07
confirmation,2,681003,691003,random,702,legacy5,role,coordinate,0.03,699001,1,False,0.0,33,0.0,0,0.751269035532995,1.3104144237888177e-06
confirmation,2,681003,691003,random,702,legacy5,role,coordinate,0.03,699002,1,False,0.0,33,0.0,0,0.766497461928934,1.3104144237888177e-06
confirmation,2,681003,691003,random,702,legacy5,role,coordinate,0.03,699003,34,False,109.62362713128296,33,1.0,33,0.7614213197969543,1.3104144237888177e-06
confirmation,2,681003,691003,random,702,legacy5,role,own,0.3,699001,1,False,0.0,33,0.0,0,0.4517766497461929,4.8975158360030775e-05
confirmation,2,681003,691003,random,702,legacy5,role,own,0.3,699002,1,False,0.0,33,0.0,0,0.4263959390862944,4.8975158360030775e-05
confirmation,2,681003,691003,random,702,legacy5,role,own,0.3,699003,1,False,0.0,33,0.0,0,0.41116751269035534,4.8975158360030775e-05
confirmation,2,681003,691003,random,702,legacy5,role,coordinate,0.3,699001,1,False,0.0,33,0.0,0,0.350253807106599,0.00013104144237888177
confirmation,2,681003,691003,random,702,legacy5,role,coordinate,0.3,699002,1,False,0.0,33,0.0,0,0.3096446700507614,0.00013104144237888177
confirmation,2,681003,691003,random,702,legacy5,role,coordinate,0.3,699003,1,False,0.0,33,0.0,0,0.3248730964467005,0.00013104144237888177
confirmation,2,681003,691003,pi,701,legacy5,intact,own,0.0003,699001,17,False,53.150849518197795,16,1.0,16,0.7868020304568528,7.956796594418511e-11
confirmation,2,681003,691003,pi,701,legacy5,intact,own,0.0003,699002,17,False,53.150849518197795,16,1.0,16,0.7918781725888325,7.956796594418511e-11
confirmation,2,681003,691003,pi,701,legacy5,intact,own,0.0003,699003,17,False,53.150849518197795,16,1.0,16,0.7918781725888325,7.956796594418511e-11
confirmation,2,681003,691003,pi,701,legacy5,intact,coordinate,0.0003,699001,17,False,53.150849518197795,16,1.0,16,0.7969543147208121,1.5876813904161122e-10
confirmation,2,681003,691003,pi,701,legacy5,intact,coordinate,0.0003,699002,17,False,53.150849518197795,16,1.0,16,0.7918781725888325,1.5876813904161122e-10
confirmation,2,681003,691003,pi,701,legacy5,intact,coordinate,0.0003,699003,17,False,53.150849518197795,16,1.0,16,0.7918781725888325,1.5876813904161122e-10
confirmation,2,681003,691003,pi,701,legacy5,intact,own,0.03,699001,17,False,53.150849518197795,16,1.0,16,0.7461928934010152,7.956796594418513e-07
confirmation,2,681003,691003,pi,701,legacy5,intact,own,0.03,699002,17,False,53.150849518197795,16,1.0,16,0.7208121827411168,7.956796594418513e-07
confirmation,2,681003,691003,pi,701,legacy5,intact,own,0.03,699003,17,False,53.150849518197795,16,1.0,16,0.7461928934010152,7.956796594418513e-07
confirmation,2,681003,691003,pi,701,legacy5,intact,coordinate,0.03,699001,17,False,53.150849518197795,16,1.0,16,0.7208121827411168,1.587681390416112e-06
confirmation,2,681003,691003,pi,701,legacy5,intact,coordinate,0.03,699002,17,False,53.150849518197795,16,1.0,16,0.700507614213198,1.587681390416112e-06
confirmation,2,681003,691003,pi,701,legacy5,intact,coordinate,0.03,699003,17,False,53.150849518197795,16,1.0,16,0.7106598984771574,1.587681390416112e-06
confirmation,2,681003,691003,pi,701,legacy5,intact,own,0.3,699001,1,False,0.0,16,0.0,0,0.38071065989847713,7.956796594418513e-05
confirmation,2,681003,691003,pi,701,legacy5,intact,own,0.3,699002,1,False,0.0,16,0.0,0,0.3756345177664975,7.956796594418513e-05
confirmation,2,681003,691003,pi,701,legacy5,intact,own,0.3,699003,2,False,3.321928094887362,16,0.0625,1,0.3350253807106599,7.956796594418513e-05
confirmation,2,681003,691003,pi,701,legacy5,intact,coordinate,0.3,699001,1,False,0.0,16,0.0,0,0.30456852791878175,0.00015876813904161123
confirmation,2,681003,691003,pi,701,legacy5,intact,coordinate,0.3,699002,1,False,0.0,16,0.0,0,0.2893401015228426,0.00015876813904161123
confirmation,2,681003,691003,pi,701,legacy5,intact,coordinate,0.3,699003,1,False,0.0,16,0.0,0,0.29441624365482233,0.00015876813904161123
confirmation,2,681003,691003,pi,701,legacy5,degree,own,0.0003,699001,36,False,116.26748332105768,35,1.0,35,0.7817258883248731,4.3583419794239487e-10
confirmation,2,681003,691003,pi,701,legacy5,degree,own,0.0003,699002,36,False,116.26748332105768,35,1.0,35,0.7817258883248731,4.3583419794239487e-10
confirmation,2,681003,691003,pi,701,legacy5,degree,own,0.0003,699003,36,False,116.26748332105768,35,1.0,35,0.7817258883248731,4.3583419794239487e-10
confirmation,2,681003,691003,pi,701,legacy5,degree,coordinate,0.0003,699001,36,False,116.26748332105768,35,1.0,35,0.7817258883248731,2.5526639488556185e-09
confirmation,2,681003,691003,pi,701,legacy5,degree,coordinate,0.0003,699002,36,False,116.26748332105768,35,1.0,35,0.7817258883248731,2.5526639488556185e-09
confirmation,2,681003,691003,pi,701,legacy5,degree,coordinate,0.0003,699003,36,False,116.26748332105768,35,1.0,35,0.7817258883248731,2.5526639488556185e-09
confirmation,2,681003,691003,pi,701,legacy5,degree,own,0.03,699001,36,False,116.26748332105768,35,1.0,35,0.7817258883248731,4.358341979423949e-06
confirmation,2,681003,691003,pi,701,legacy5,degree,own,0.03,699002,29,False,93.01398665684614,35,0.8,28,0.7715736040609137,4.358341979423949e-06
confirmation,2,681003,691003,pi,701,legacy5,degree,own,0.03,699003,36,False,116.26748332105768,35,1.0,35,0.7715736040609137,4.358341979423949e-06
confirmation,2,681003,691003,pi,701,legacy5,degree,coordinate,0.03,699001,11,False,33.219280948873624,35,0.2857142857142857,10,0.7106598984771574,2.552663948855619e-05
confirmation,2,681003,691003,pi,701,legacy5,degree,coordinate,0.03,699002,11,False,33.219280948873624,35,0.2857142857142857,10,0.6903553299492385,2.552663948855619e-05
confirmation,2,681003,691003,pi,701,legacy5,degree,coordinate,0.03,699003,13,False,39.86313713864835,35,0.34285714285714286,12,0.6903553299492385,2.552663948855619e-05
confirmation,2,681003,691003,pi,701,legacy5,degree,own,0.3,699001,5,False,13.287712379549449,35,0.11428571428571428,4,0.467005076142132,0.00043583419794239497
confirmation,2,681003,691003,pi,701,legacy5,degree,own,0.3,699002,9,False,26.575424759098897,35,0.22857142857142856,8,0.49746192893401014,0.00043583419794239497
confirmation,2,681003,691003,pi,701,legacy5,degree,own,0.3,699003,1,False,0.0,35,0.0,0,0.48223350253807107,0.00043583419794239497
confirmation,2,681003,691003,pi,701,legacy5,degree,coordinate,0.3,699001,5,False,13.287712379549449,35,0.11428571428571428,4,0.3350253807106599,0.0025526639488556192
confirmation,2,681003,691003,pi,701,legacy5,degree,coordinate,0.3,699002,2,False,3.321928094887362,35,0.02857142857142857,1,0.37055837563451777,0.0025526639488556192
confirmation,2,681003,691003,pi,701,legacy5,degree,coordinate,0.3,699003,1,False,0.0,35,0.0,0,0.3299492385786802,0.0025526639488556192
confirmation,2,681003,691003,pi,701,legacy5,role,own,0.0003,699001,33,False,106.30169903639559,32,1.0,32,0.8071065989847716,8.500172256349884e-11
confirmation,2,681003,691003,pi,701,legacy5,role,own,0.0003,699002,33,False,106.30169903639559,32,1.0,32,0.8071065989847716,8.500172256349884e-11
confirmation,2,681003,691003,pi,701,legacy5,role,own,0.0003,699003,33,False,106.30169903639559,32,1.0,32,0.8071065989847716,8.500172256349884e-11
confirmation,2,681003,691003,pi,701,legacy5,role,coordinate,0.0003,699001,33,False,106.30169903639559,32,1.0,32,0.8071065989847716,1.6915902508679628e-10
confirmation,2,681003,691003,pi,701,legacy5,role,coordinate,0.0003,699002,33,False,106.30169903639559,32,1.0,32,0.8071065989847716,1.6915902508679628e-10
confirmation,2,681003,691003,pi,701,legacy5,role,coordinate,0.0003,699003,33,False,106.30169903639559,32,1.0,32,0.8071065989847716,1.6915902508679628e-10
confirmation,2,681003,691003,pi,701,legacy5,role,own,0.03,699001,33,False,106.30169903639559,32,1.0,32,0.7766497461928934,8.500172256349887e-07
confirmation,2,681003,691003,pi,701,legacy5,role,own,0.03,699002,33,False,106.30169903639559,32,1.0,32,0.7868020304568528,8.500172256349887e-07
confirmation,2,681003,691003,pi,701,legacy5,role,own,0.03,699003,33,False,106.30169903639559,32,1.0,32,0.7868020304568528,8.500172256349887e-07
confirmation,2,681003,691003,pi,701,legacy5,role,coordinate,0.03,699001,30,False,96.3359147517335,32,0.90625,29,0.7309644670050761,1.6915902508679632e-06
confirmation,2,681003,691003,pi,701,legacy5,role,coordinate,0.03,699002,20,False,63.11663380285988,32,0.59375,19,0.7563451776649747,1.6915902508679632e-06
confirmation,2,681003,691003,pi,701,legacy5,role,coordinate,0.03,699003,10,False,29.89735285398626,32,0.28125,9,0.7563451776649747,1.6915902508679632e-06
confirmation,2,681003,691003,pi,701,legacy5,role,own,0.3,699001,2,False,3.321928094887362,32,0.03125,1,0.38071065989847713,8.500172256349887e-05
confirmation,2,681003,691003,pi,701,legacy5,role,own,0.3,699002,1,False,0.0,32,0.0,0,0.40609137055837563,8.500172256349887e-05
confirmation,2,681003,691003,pi,701,legacy5,role,own,0.3,699003,3,False,6.643856189774724,32,0.0625,2,0.4213197969543147,8.500172256349887e-05
confirmation,2,681003,691003,pi,701,legacy5,role,coordinate,0.3,699001,2,False,3.321928094887362,32,0.03125,1,0.3147208121827411,0.00016915902508679635
confirmation,2,681003,691003,pi,701,legacy5,role,coordinate,0.3,699002,1,False,0.0,32,0.0,0,0.38578680203045684,0.00016915902508679635
confirmation,2,681003,691003,pi,701,legacy5,role,coordinate,0.3,699003,3,False,6.643856189774724,32,0.0625,2,0.36548223350253806,0.00016915902508679635
confirmation,2,681003,691003,pi,702,legacy5,intact,own,0.0003,699001,36,False,116.26748332105768,35,1.0,35,0.7868020304568528,6.542302451041423e-11
confirmation,2,681003,691003,pi,702,legacy5,intact,own,0.0003,699002,36,False,116.26748332105768,35,1.0,35,0.7868020304568528,6.542302451041423e-11
confirmation,2,681003,691003,pi,702,legacy5,intact,own,0.0003,699003,36,False,116.26748332105768,35,1.0,35,0.7868020304568528,6.542302451041423e-11
confirmation,2,681003,691003,pi,702,legacy5,intact,coordinate,0.0003,699001,36,False,116.26748332105768,35,1.0,35,0.7868020304568528,1.2317679554160677e-10
confirmation,2,681003,691003,pi,702,legacy5,intact,coordinate,0.0003,699002,36,False,116.26748332105768,35,1.0,35,0.7868020304568528,1.2317679554160677e-10
confirmation,2,681003,691003,pi,702,legacy5,intact,coordinate,0.0003,699003,36,False,116.26748332105768,35,1.0,35,0.7868020304568528,1.2317679554160677e-10
confirmation,2,681003,691003,pi,702,legacy5,intact,own,0.03,699001,36,False,116.26748332105768,35,1.0,35,0.7766497461928934,6.542302451041422e-07
confirmation,2,681003,691003,pi,702,legacy5,intact,own,0.03,699002,36,False,116.26748332105768,35,1.0,35,0.766497461928934,6.542302451041422e-07
confirmation,2,681003,691003,pi,702,legacy5,intact,own,0.03,699003,33,False,106.30169903639559,35,0.9142857142857143,32,0.7715736040609137,6.542302451041422e-07
confirmation,2,681003,691003,pi,702,legacy5,intact,coordinate,0.03,699001,36,False,116.26748332105768,35,1.0,35,0.7614213197969543,1.2317679554160678e-06
confirmation,2,681003,691003,pi,702,legacy5,intact,coordinate,0.03,699002,36,False,116.26748332105768,35,1.0,35,0.7411167512690355,1.2317679554160678e-06
confirmation,2,681003,691003,pi,702,legacy5,intact,coordinate,0.03,699003,1,False,0.0,35,0.0,0,0.7411167512690355,1.2317679554160678e-06
confirmation,2,681003,691003,pi,702,legacy5,intact,own,0.3,699001,2,False,3.321928094887362,35,0.02857142857142857,1,0.40609137055837563,6.542302451041422e-05
confirmation,2,681003,691003,pi,702,legacy5,intact,own,0.3,699002,1,False,0.0,35,0.0,0,0.4213197969543147,6.542302451041422e-05
confirmation,2,681003,691003,pi,702,legacy5,intact,own,0.3,699003,1,False,0.0,35,0.0,0,0.4263959390862944,6.542302451041422e-05
confirmation,2,681003,691003,pi,702,legacy5,intact,coordinate,0.3,699001,2,False,3.321928094887362,35,0.02857142857142857,1,0.37055837563451777,0.00012317679554160675
confirmation,2,681003,691003,pi,702,legacy5,intact,coordinate,0.3,699002,1,False,0.0,35,0.0,0,0.38071065989847713,0.00012317679554160675
confirmation,2,681003,691003,pi,702,legacy5,intact,coordinate,0.3,699003,1,False,0.0,35,0.0,0,0.38071065989847713,0.00012317679554160675
confirmation,2,681003,691003,pi,702,legacy5,degree,own,0.0003,699001,33,False,106.30169903639559,32,1.0,32,0.7309644670050761,5.878549888847375e-10
confirmation,2,681003,691003,pi,702,legacy5,degree,own,0.0003,699002,33,False,106.30169903639559,32,1.0,32,0.7309644670050761,5.878549888847375e-10
confirmation,2,681003,691003,pi,702,legacy5,degree,own,0.0003,699003,33,False,106.30169903639559,32,1.0,32,0.7309644670050761,5.878549888847375e-10
confirmation,2,681003,691003,pi,702,legacy5,degree,coordinate,0.0003,699001,33,False,106.30169903639559,32,1.0,32,0.7309644670050761,2.9627029506183202e-09
confirmation,2,681003,691003,pi,702,legacy5,degree,coordinate,0.0003,699002,33,False,106.30169903639559,32,1.0,32,0.7309644670050761,2.9627029506183202e-09
confirmation,2,681003,691003,pi,702,legacy5,degree,coordinate,0.0003,699003,33,False,106.30169903639559,32,1.0,32,0.7309644670050761,2.9627029506183202e-09
confirmation,2,681003,691003,pi,702,legacy5,degree,own,0.03,699001,8,False,23.253496664211536,32,0.21875,7,0.7157360406091371,5.8785498888473746e-06
confirmation,2,681003,691003,pi,702,legacy5,degree,own,0.03,699002,33,False,106.30169903639559,32,1.0,32,0.7106598984771574,5.8785498888473746e-06
confirmation,2,681003,691003,pi,702,legacy5,degree,own,0.03,699003,33,False,106.30169903639559,32,1.0,32,0.7157360406091371,5.8785498888473746e-06
confirmation,2,681003,691003,pi,702,legacy5,degree,coordinate,0.03,699001,8,False,23.253496664211536,32,0.21875,7,0.6598984771573604,2.9627029506183202e-05
confirmation,2,681003,691003,pi,702,legacy5,degree,coordinate,0.03,699002,33,False,106.30169903639559,32,1.0,32,0.6802030456852792,2.9627029506183202e-05
confirmation,2,681003,691003,pi,702,legacy5,degree,coordinate,0.03,699003,8,False,23.253496664211536,32,0.21875,7,0.6395939086294417,2.9627029506183202e-05
confirmation,2,681003,691003,pi,702,legacy5,degree,own,0.3,699001,2,False,3.321928094887362,32,0.03125,1,0.43147208121827413,0.0005878549888847376
confirmation,2,681003,691003,pi,702,legacy5,degree,own,0.3,699002,2,False,3.321928094887362,32,0.03125,1,0.467005076142132,0.0005878549888847376
confirmation,2,681003,691003,pi,702,legacy5,degree,own,0.3,699003,1,False,0.0,32,0.0,0,0.4467005076142132,0.0005878549888847376
confirmation,2,681003,691003,pi,702,legacy5,degree,coordinate,0.3,699001,1,False,0.0,32,0.0,0,0.29441624365482233,0.002962702950618321
confirmation,2,681003,691003,pi,702,legacy5,degree,coordinate,0.3,699002,1,False,0.0,32,0.0,0,0.3553299492385787,0.002962702950618321
confirmation,2,681003,691003,pi,702,legacy5,degree,coordinate,0.3,699003,1,False,0.0,32,0.0,0,0.3147208121827411,0.002962702950618321
confirmation,2,681003,691003,pi,702,legacy5,role,own,0.0003,699001,40,False,129.55519570060713,39,1.0,39,0.934010152284264,5.1239097932965204e-11
confirmation,2,681003,691003,pi,702,legacy5,role,own,0.0003,699002,40,False,129.55519570060713,39,1.0,39,0.934010152284264,5.1239097932965204e-11
confirmation,2,681003,691003,pi,702,legacy5,role,own,0.0003,699003,40,False,129.55519570060713,39,1.0,39,0.934010152284264,5.1239097932965204e-11
confirmation,2,681003,691003,pi,702,legacy5,role,coordinate,0.0003,699001,40,False,129.55519570060713,39,1.0,39,0.934010152284264,1.2592557233912616e-10
confirmation,2,681003,691003,pi,702,legacy5,role,coordinate,0.0003,699002,40,False,129.55519570060713,39,1.0,39,0.934010152284264,1.2592557233912616e-10
confirmation,2,681003,691003,pi,702,legacy5,role,coordinate,0.0003,699003,40,False,129.55519570060713,39,1.0,39,0.934010152284264,1.2592557233912616e-10
confirmation,2,681003,691003,pi,702,legacy5,role,own,0.03,699001,31,False,99.65784284662087,39,0.7692307692307693,30,0.9137055837563451,5.123909793296521e-07
confirmation,2,681003,691003,pi,702,legacy5,role,own,0.03,699002,40,False,129.55519570060713,39,1.0,39,0.9137055837563451,5.123909793296521e-07
confirmation,2,681003,691003,pi,702,legacy5,role,own,0.03,699003,26,False,83.04820237218405,39,0.6410256410256411,25,0.8984771573604061,5.123909793296521e-07
confirmation,2,681003,691003,pi,702,legacy5,role,coordinate,0.03,699001,31,False,99.65784284662087,39,0.7692307692307693,30,0.8629441624365483,1.2592557233912618e-06
confirmation,2,681003,691003,pi,702,legacy5,role,coordinate,0.03,699002,6,False,16.609640474436812,39,0.1282051282051282,5,0.8274111675126904,1.2592557233912618e-06
confirmation,2,681003,691003,pi,702,legacy5,role,coordinate,0.03,699003,18,False,56.47277761308516,39,0.4358974358974359,17,0.8629441624365483,1.2592557233912618e-06
confirmation,2,681003,691003,pi,702,legacy5,role,own,0.3,699001,1,False,0.0,39,0.0,0,0.4720812182741117,5.1239097932965206e-05
confirmation,2,681003,691003,pi,702,legacy5,role,own,0.3,699002,5,False,13.287712379549449,39,0.10256410256410256,4,0.4517766497461929,5.1239097932965206e-05
confirmation,2,681003,691003,pi,702,legacy5,role,own,0.3,699003,2,False,3.321928094887362,39,0.02564102564102564,1,0.4619289340101523,5.1239097932965206e-05
confirmation,2,681003,691003,pi,702,legacy5,role,coordinate,0.3,699001,1,False,0.0,39,0.0,0,0.3553299492385787,0.0001259255723391262
confirmation,2,681003,691003,pi,702,legacy5,role,coordinate,0.3,699002,1,False,0.0,39,0.0,0,0.3553299492385787,0.0001259255723391262
confirmation,2,681003,691003,pi,702,legacy5,role,coordinate,0.3,699003,2,False,3.321928094887362,39,0.02564102564102564,1,0.3401015228426396,0.0001259255723391262
