circuit,seed,normalization,model,condition,epoch,loss,accuracy,best_loss
flywire_783_mb_left_kc512_s701,742,spectral,fly,frozen,0,1.6989888752749112,0.38190954773869346,1.6989888752749112
flywire_783_mb_left_kc512_s701,742,spectral,fly,full_bptt,0,1.6989888752749112,0.38190954773869346,1.6989888752749112
flywire_783_mb_left_kc512_s701,742,spectral,fly,full_bptt,1,1.7392074108460003,0.37185929648241206,1.6989888752749112
flywire_783_mb_left_kc512_s701,742,spectral,fly,full_bptt,2,1.734733379616703,0.39195979899497485,1.6989888752749112
flywire_783_mb_left_kc512_s701,742,spectral,fly,full_bptt,3,1.7279103855980547,0.37185929648241206,1.6989888752749112
flywire_783_mb_left_kc512_s701,742,spectral,fly,full_bptt,4,1.7016379547944913,0.39195979899497485,1.6989888752749112
flywire_783_mb_left_kc512_s701,742,spectral,fly,full_bptt,5,1.7108640112685556,0.36683417085427134,1.6989888752749112
flywire_783_mb_left_kc512_s701,742,spectral,fly,full_bptt,6,1.7156057571040222,0.3869346733668342,1.6989888752749112
flywire_783_mb_left_kc512_s701,742,spectral,fly,full_bptt,7,1.7013261093336365,0.36180904522613067,1.6989888752749112
flywire_783_mb_left_kc512_s701,742,spectral,fly,full_bptt,8,1.694609263245577,0.37185929648241206,1.694609263245577
flywire_783_mb_left_kc512_s701,742,spectral,fly,full_bptt,9,1.7028696453699812,0.39195979899497485,1.694609263245577
flywire_783_mb_left_kc512_s701,742,spectral,fly,full_bptt,10,1.7043382129823916,0.3969849246231156,1.694609263245577
flywire_783_mb_left_kc512_s701,742,spectral,fly,full_bptt,11,1.6951137577424893,0.38190954773869346,1.694609263245577
flywire_783_mb_left_kc512_s701,742,spectral,fly,full_bptt,12,1.6904357027052856,0.38190954773869346,1.6904357027052856
flywire_783_mb_left_kc512_s701,742,spectral,fly,full_bptt,13,1.6943827910927993,0.36683417085427134,1.6904357027052856
flywire_783_mb_left_kc512_s701,742,spectral,fly,full_bptt,14,1.696306050711443,0.37185929648241206,1.6904357027052856
flywire_783_mb_left_kc512_s701,742,spectral,fly,full_bptt,15,1.6922378535591822,0.3869346733668342,1.6904357027052856
flywire_783_mb_left_kc512_s701,742,spectral,fly,full_bptt,16,1.68887252407675,0.4020100502512563,1.68887252407675
flywire_783_mb_left_kc512_s701,742,spectral,fly,full_bptt,17,1.6900252652657013,0.3869346733668342,1.68887252407675
flywire_783_mb_left_kc512_s701,742,spectral,fly,full_bptt,18,1.6912099299504015,0.39195979899497485,1.68887252407675
flywire_783_mb_left_kc512_s701,742,spectral,fly,full_bptt,19,1.688673750035611,0.3869346733668342,1.688673750035611
flywire_783_mb_left_kc512_s701,742,spectral,fly,full_bptt,20,1.6859711952161847,0.3869346733668342,1.6859711952161847
flywire_783_mb_left_kc512_s701,742,spectral,fly,full_bptt,21,1.6867699411166537,0.3768844221105528,1.6859711952161847
flywire_783_mb_left_kc512_s701,742,spectral,fly,full_bptt,22,1.6880512692427438,0.35678391959798994,1.6859711952161847
flywire_783_mb_left_kc512_s701,742,spectral,fly,full_bptt,23,1.6864116273186425,0.35678391959798994,1.6859711952161847
flywire_783_mb_left_kc512_s701,742,spectral,fly,full_bptt,24,1.6841625116805385,0.36683417085427134,1.6841625116805385
flywire_783_mb_left_kc512_s701,742,spectral,fly,full_bptt,25,1.6842023226038962,0.38190954773869346,1.6841625116805385
flywire_783_mb_left_kc512_s701,742,spectral,fly,full_bptt,26,1.6849841755872033,0.38190954773869346,1.6841625116805385
flywire_783_mb_left_kc512_s701,742,spectral,fly,full_bptt,27,1.6841212305864648,0.39195979899497485,1.6841212305864648
flywire_783_mb_left_kc512_s701,742,spectral,fly,full_bptt,28,1.6826174490709511,0.38190954773869346,1.6826174490709511
flywire_783_mb_left_kc512_s701,742,spectral,fly,full_bptt,29,1.6824382636416926,0.3768844221105528,1.6824382636416926
flywire_783_mb_left_kc512_s701,742,spectral,fly,full_bptt,30,1.6828259114401485,0.38190954773869346,1.6824382636416926
flywire_783_mb_left_kc512_s701,742,spectral,fly,full_bptt,31,1.682113814007008,0.38190954773869346,1.682113814007008
flywire_783_mb_left_kc512_s701,742,spectral,fly,full_bptt,32,1.6810028884645973,0.3869346733668342,1.6810028884645973
flywire_783_mb_left_kc512_s701,742,spectral,fly,full_bptt,33,1.6809357188480567,0.39195979899497485,1.6809357188480567
flywire_783_mb_left_kc512_s701,742,spectral,fly,full_bptt,34,1.6811849243284287,0.3869346733668342,1.6809357188480567
flywire_783_mb_left_kc512_s701,742,spectral,fly,full_bptt,35,1.6805097597684824,0.3869346733668342,1.6805097597684824
flywire_783_mb_left_kc512_s701,742,spectral,fly,full_bptt,36,1.6796362741993724,0.39195979899497485,1.6796362741993724
flywire_783_mb_left_kc512_s701,742,spectral,fly,full_bptt,37,1.6795871282833768,0.3869346733668342,1.6795871282833768
flywire_783_mb_left_kc512_s701,742,spectral,fly,full_bptt,38,1.6796961434710513,0.38190954773869346,1.6795871282833768
flywire_783_mb_left_kc512_s701,742,spectral,fly,full_bptt,39,1.6791026012534778,0.38190954773869346,1.6791026012534778
flywire_783_mb_left_kc512_s701,742,spectral,fly,full_bptt,40,1.6784215568280096,0.38190954773869346,1.6784215568280096
flywire_783_mb_left_kc512_s701,742,spectral,fly,full_bptt,41,1.678370170187006,0.3869346733668342,1.678370170187006
flywire_783_mb_left_kc512_s701,742,spectral,fly,full_bptt,42,1.6783602050865238,0.3969849246231156,1.6783602050865238
flywire_783_mb_left_kc512_s701,742,spectral,fly,full_bptt,43,1.6778479482477973,0.39195979899497485,1.6778479482477973
flywire_783_mb_left_kc512_s701,742,spectral,fly,full_bptt,44,1.6773828090427783,0.3869346733668342,1.6773828090427783
flywire_783_mb_left_kc512_s701,742,spectral,fly,full_bptt,45,1.6772965066894445,0.38190954773869346,1.6772965066894445
flywire_783_mb_left_kc512_s701,742,spectral,fly,full_bptt,46,1.6771047398129644,0.38190954773869346,1.6771047398129644
flywire_783_mb_left_kc512_s701,742,spectral,fly,full_bptt,47,1.6766760356337667,0.39195979899497485,1.6766760356337667
flywire_783_mb_left_kc512_s701,742,spectral,fly,full_bptt,48,1.6764157810591718,0.39195979899497485,1.6764157810591718
flywire_783_mb_left_kc512_s701,742,spectral,fly,full_bptt,49,1.6763127925493544,0.3869346733668342,1.6763127925493544
flywire_783_mb_left_kc512_s701,742,spectral,fly,full_bptt,50,1.6760283542775007,0.3869346733668342,1.6760283542775007
flywire_783_mb_left_kc512_s701,742,spectral,fly,full_bptt,51,1.6756632615105693,0.3869346733668342,1.6756632615105693
flywire_783_mb_left_kc512_s701,742,spectral,fly,full_bptt,52,1.675477883851204,0.39195979899497485,1.675477883851204
flywire_783_mb_left_kc512_s701,742,spectral,fly,full_bptt,53,1.6753098628045668,0.3869346733668342,1.6753098628045668
flywire_783_mb_left_kc512_s701,742,spectral,fly,full_bptt,54,1.67501487968604,0.39195979899497485,1.67501487968604
flywire_783_mb_left_kc512_s701,742,spectral,fly,full_bptt,55,1.6747708107443824,0.39195979899497485,1.6747708107443824
flywire_783_mb_left_kc512_s701,742,spectral,fly,full_bptt,56,1.6746034084470676,0.3869346733668342,1.6746034084470676
flywire_783_mb_left_kc512_s701,742,spectral,fly,full_bptt,57,1.6743635853021976,0.3869346733668342,1.6743635853021976
flywire_783_mb_left_kc512_s701,742,spectral,fly,full_bptt,58,1.6741077678726788,0.3869346733668342,1.6741077678726788
flywire_783_mb_left_kc512_s701,742,spectral,fly,full_bptt,59,1.6739389591132785,0.3869346733668342,1.6739389591132785
flywire_783_mb_left_kc512_s701,742,spectral,fly,full_bptt,60,1.6737466288289389,0.3869346733668342,1.6737466288289389
flywire_783_mb_left_kc512_s701,742,spectral,fly,full_bptt,61,1.6734829824015058,0.3869346733668342,1.6734829824015058
flywire_783_mb_left_kc512_s701,742,spectral,fly,full_bptt,62,1.6732810149838728,0.3869346733668342,1.6732810149838728
flywire_783_mb_left_kc512_s701,742,spectral,fly,full_bptt,63,1.673125330410397,0.3869346733668342,1.673125330410397
flywire_783_mb_left_kc512_s701,742,spectral,fly,full_bptt,64,1.6729060672238616,0.3869346733668342,1.6729060672238616
flywire_783_mb_left_kc512_s701,742,spectral,fly,full_bptt,65,1.6726828348265976,0.3869346733668342,1.6726828348265976
flywire_783_mb_left_kc512_s701,742,spectral,fly,full_bptt,66,1.672516458100959,0.3869346733668342,1.672516458100959
flywire_783_mb_left_kc512_s701,742,spectral,fly,full_bptt,67,1.6723314844505166,0.3869346733668342,1.6723314844505166
flywire_783_mb_left_kc512_s701,742,spectral,fly,full_bptt,68,1.672115255292573,0.3869346733668342,1.672115255292573
flywire_783_mb_left_kc512_s701,742,spectral,fly,full_bptt,69,1.6719381835512268,0.3869346733668342,1.6719381835512268
flywire_783_mb_left_kc512_s701,742,spectral,fly,full_bptt,70,1.6717716051925,0.3869346733668342,1.6717716051925
flywire_783_mb_left_kc512_s701,742,spectral,fly,full_bptt,71,1.67157155040371,0.3869346733668342,1.67157155040371
flywire_783_mb_left_kc512_s701,742,spectral,fly,full_bptt,72,1.6713863430430627,0.3869346733668342,1.6713863430430627
flywire_783_mb_left_kc512_s701,742,spectral,fly,full_bptt,73,1.6712241020130858,0.3869346733668342,1.6712241020130858
flywire_783_mb_left_kc512_s701,742,spectral,fly,full_bptt,74,1.6710440961768267,0.3869346733668342,1.6710440961768267
flywire_783_mb_left_kc512_s701,742,spectral,fly,full_bptt,75,1.670862270139924,0.3869346733668342,1.670862270139924
flywire_783_mb_left_kc512_s701,742,spectral,fly,full_bptt,76,1.670698761498416,0.3869346733668342,1.670698761498416
flywire_783_mb_left_kc512_s701,742,spectral,fly,full_bptt,77,1.6705281459414925,0.3869346733668342,1.6705281459414925
flywire_783_mb_left_kc512_s701,742,spectral,fly,full_bptt,78,1.6703531322683833,0.3869346733668342,1.6703531322683833
flywire_783_mb_left_kc512_s701,742,spectral,fly,full_bptt,79,1.6701930524684154,0.3869346733668342,1.6701930524684154
flywire_783_mb_left_kc512_s701,742,spectral,fly,full_bptt,80,1.6700299847623246,0.3869346733668342,1.6700299847623246
flywire_783_mb_left_kc512_s701,742,spectral,fly,full_bptt,81,1.669861090770092,0.3869346733668342,1.669861090770092
flywire_783_mb_left_kc512_s701,742,spectral,fly,full_bptt,82,1.669703066878432,0.3869346733668342,1.669703066878432
flywire_783_mb_left_kc512_s701,742,spectral,fly,full_bptt,83,1.6695461539761183,0.3869346733668342,1.6695461539761183
flywire_783_mb_left_kc512_s701,742,spectral,fly,full_bptt,84,1.6693838231521243,0.3869346733668342,1.6693838231521243
flywire_783_mb_left_kc512_s701,742,spectral,fly,full_bptt,85,1.6692293741758162,0.3869346733668342,1.6692293741758162
flywire_783_mb_left_kc512_s701,742,spectral,fly,full_bptt,86,1.669077552732598,0.3869346733668342,1.669077552732598
flywire_783_mb_left_kc512_s701,742,spectral,fly,full_bptt,87,1.6689206366537261,0.3869346733668342,1.6689206366537261
flywire_783_mb_left_kc512_s701,742,spectral,fly,full_bptt,88,1.6687696811166468,0.3869346733668342,1.6687696811166468
flywire_783_mb_left_kc512_s701,742,spectral,fly,full_bptt,89,1.6686223198865051,0.3869346733668342,1.6686223198865051
flywire_783_mb_left_kc512_s701,742,spectral,fly,full_bptt,90,1.6684709435698857,0.3869346733668342,1.6684709435698857
flywire_783_mb_left_kc512_s701,742,spectral,fly,full_bptt,91,1.668323299205099,0.3869346733668342,1.668323299205099
flywire_783_mb_left_kc512_s701,742,spectral,fly,full_bptt,92,1.6681799528279493,0.3869346733668342,1.6681799528279493
flywire_783_mb_left_kc512_s701,742,spectral,fly,full_bptt,93,1.6680339621268117,0.3869346733668342,1.6680339621268117
flywire_783_mb_left_kc512_s701,742,spectral,fly,full_bptt,94,1.6678901577101577,0.3869346733668342,1.6678901577101577
flywire_783_mb_left_kc512_s701,742,spectral,fly,full_bptt,95,1.6677498943372517,0.3869346733668342,1.6677498943372517
flywire_783_mb_left_kc512_s701,742,spectral,fly,full_bptt,96,1.6676082111039032,0.3869346733668342,1.6676082111039032
flywire_783_mb_left_kc512_s701,742,spectral,fly,full_bptt,97,1.6674684341825587,0.3869346733668342,1.6674684341825587
flywire_783_mb_left_kc512_s701,742,spectral,fly,full_bptt,98,1.6673315663076123,0.3869346733668342,1.6673315663076123
flywire_783_mb_left_kc512_s701,742,spectral,fly,full_bptt,99,1.6671939011391732,0.39195979899497485,1.6671939011391732
flywire_783_mb_left_kc512_s701,742,spectral,fly,full_bptt,100,1.6670577126126558,0.39195979899497485,1.6670577126126558
flywire_783_mb_left_kc512_s701,742,spectral,fly,local_gradient,0,1.6989888752749112,0.38190954773869346,1.6989888752749112
flywire_783_mb_left_kc512_s701,742,spectral,fly,local_gradient,1,1.7293321283189136,0.3969849246231156,1.6989888752749112
flywire_783_mb_left_kc512_s701,742,spectral,fly,local_gradient,2,1.7296662213245382,0.36683417085427134,1.6989888752749112
flywire_783_mb_left_kc512_s701,742,spectral,fly,local_gradient,3,1.7130745979004993,0.40703517587939697,1.6989888752749112
flywire_783_mb_left_kc512_s701,742,spectral,fly,local_gradient,4,1.7222128709677578,0.39195979899497485,1.6989888752749112
flywire_783_mb_left_kc512_s701,742,spectral,fly,local_gradient,5,1.713324389301616,0.36683417085427134,1.6989888752749112
flywire_783_mb_left_kc512_s701,742,spectral,fly,local_gradient,6,1.709376741300067,0.37185929648241206,1.6989888752749112
flywire_783_mb_left_kc512_s701,742,spectral,fly,local_gradient,7,1.7114531163370725,0.39195979899497485,1.6989888752749112
flywire_783_mb_left_kc512_s701,742,spectral,fly,local_gradient,8,1.7112674046766068,0.4020100502512563,1.6989888752749112
flywire_783_mb_left_kc512_s701,742,spectral,fly,local_gradient,9,1.7126682484415399,0.39195979899497485,1.6989888752749112
flywire_783_mb_left_kc512_s701,742,spectral,fly,local_gradient,10,1.714916561597579,0.3869346733668342,1.6989888752749112
flywire_783_mb_left_kc512_s701,742,spectral,fly,local_gradient,11,1.713740669956722,0.38190954773869346,1.6989888752749112
flywire_783_mb_left_kc512_s701,742,spectral,fly,local_gradient,12,1.7122174573649085,0.38190954773869346,1.6989888752749112
flywire_783_mb_left_kc512_s701,742,spectral,fly,local_gradient,13,1.7128251872711329,0.3768844221105528,1.6989888752749112
flywire_783_mb_left_kc512_s701,742,spectral,fly,local_gradient,14,1.7130023362233433,0.39195979899497485,1.6989888752749112
flywire_783_mb_left_kc512_s701,742,spectral,fly,local_gradient,15,1.7121279937196965,0.3869346733668342,1.6989888752749112
flywire_783_mb_left_kc512_s701,742,spectral,fly,local_gradient,16,1.7122364092702995,0.35678391959798994,1.6989888752749112
flywire_783_mb_left_kc512_s701,742,spectral,fly,local_gradient,17,1.7135197807330156,0.36180904522613067,1.6989888752749112
flywire_783_mb_left_kc512_s701,742,spectral,fly,local_gradient,18,1.7145019051885884,0.3768844221105528,1.6989888752749112
flywire_783_mb_left_kc512_s701,742,spectral,fly,local_gradient,19,1.7147954459120387,0.37185929648241206,1.6989888752749112
flywire_783_mb_left_kc512_s701,742,spectral,fly,local_gradient,20,1.7149138143939888,0.3768844221105528,1.6989888752749112
flywire_783_mb_left_kc512_s701,742,spectral,fly,local_gradient,21,1.7152193476619395,0.3768844221105528,1.6989888752749112
flywire_783_mb_left_kc512_s701,742,spectral,fly,local_gradient,22,1.7158521622553524,0.36683417085427134,1.6989888752749112
flywire_783_mb_left_kc512_s701,742,spectral,fly,local_gradient,23,1.7164963828421835,0.36180904522613067,1.6989888752749112
flywire_783_mb_left_kc512_s701,742,spectral,fly,local_gradient,24,1.7170434484635582,0.37185929648241206,1.6989888752749112
flywire_783_mb_left_kc512_s701,742,spectral,fly,local_gradient,25,1.7176945286301148,0.3768844221105528,1.6989888752749112
flywire_783_mb_left_kc512_s701,742,spectral,fly,local_gradient,26,1.718155909278518,0.38190954773869346,1.6989888752749112
flywire_783_mb_left_kc512_s701,742,spectral,fly,local_gradient,27,1.71837103948786,0.39195979899497485,1.6989888752749112
flywire_783_mb_left_kc512_s701,742,spectral,fly,local_gradient,28,1.718963345588065,0.39195979899497485,1.6989888752749112
flywire_783_mb_left_kc512_s701,742,spectral,fly,local_gradient,29,1.7198951486085625,0.3969849246231156,1.6989888752749112
flywire_783_mb_left_kc512_s701,742,spectral,fly,local_gradient,30,1.7206552541642324,0.3969849246231156,1.6989888752749112
flywire_783_mb_left_kc512_s701,742,spectral,fly,local_gradient,31,1.7214395851193776,0.3969849246231156,1.6989888752749112
flywire_783_mb_left_kc512_s701,742,spectral,fly,local_gradient,32,1.722443605161718,0.3869346733668342,1.6989888752749112
flywire_783_mb_left_kc512_s701,742,spectral,fly,local_gradient,33,1.7234588832484439,0.3869346733668342,1.6989888752749112
flywire_783_mb_left_kc512_s701,742,spectral,fly,local_gradient,34,1.7244530034912589,0.37185929648241206,1.6989888752749112
flywire_783_mb_left_kc512_s701,742,spectral,fly,local_gradient,35,1.725377637322219,0.38190954773869346,1.6989888752749112
flywire_783_mb_left_kc512_s701,742,spectral,fly,local_gradient,36,1.7261410209965868,0.38190954773869346,1.6989888752749112
flywire_783_mb_left_kc512_s701,742,spectral,fly,local_gradient,37,1.726966614889769,0.39195979899497485,1.6989888752749112
flywire_783_mb_left_kc512_s701,742,spectral,fly,local_gradient,38,1.7281658334292234,0.3869346733668342,1.6989888752749112
flywire_783_mb_left_kc512_s701,742,spectral,fly,local_gradient,39,1.7298528754137097,0.39195979899497485,1.6989888752749112
flywire_783_mb_left_kc512_s701,742,spectral,fly,local_gradient,40,1.7320147771778138,0.39195979899497485,1.6989888752749112
flywire_783_mb_left_kc512_s701,742,spectral,fly,local_gradient,41,1.7346365597064413,0.3869346733668342,1.6989888752749112
flywire_783_mb_left_kc512_s701,742,spectral,fly,local_gradient,42,1.737737945607768,0.39195979899497485,1.6989888752749112
flywire_783_mb_left_kc512_s701,742,spectral,fly,local_gradient,43,1.741231793515882,0.39195979899497485,1.6989888752749112
flywire_783_mb_left_kc512_s701,742,spectral,fly,local_gradient,44,1.744799525639636,0.39195979899497485,1.6989888752749112
flywire_783_mb_left_kc512_s701,742,spectral,fly,local_gradient,45,1.7480216791384082,0.3869346733668342,1.6989888752749112
flywire_783_mb_left_kc512_s701,742,spectral,fly,local_gradient,46,1.7507253862379588,0.3869346733668342,1.6989888752749112
flywire_783_mb_left_kc512_s701,742,spectral,fly,local_gradient,47,1.7531703714363465,0.3869346733668342,1.6989888752749112
flywire_783_mb_left_kc512_s701,742,spectral,fly,local_gradient,48,1.7558039679304789,0.3768844221105528,1.6989888752749112
flywire_783_mb_left_kc512_s701,742,spectral,fly,local_gradient,49,1.7589773818287304,0.3768844221105528,1.6989888752749112
flywire_783_mb_left_kc512_s701,742,spectral,fly,local_gradient,50,1.7628097768577078,0.3768844221105528,1.6989888752749112
flywire_783_mb_left_kc512_s701,742,spectral,fly,local_gradient,51,1.767219960787163,0.36683417085427134,1.6989888752749112
flywire_783_mb_left_kc512_s701,742,spectral,fly,local_gradient,52,1.7721384003129812,0.36683417085427134,1.6989888752749112
flywire_783_mb_left_kc512_s701,742,spectral,fly,local_gradient,53,1.7774790646190104,0.36180904522613067,1.6989888752749112
flywire_783_mb_left_kc512_s701,742,spectral,fly,local_gradient,54,1.7830114909152441,0.36180904522613067,1.6989888752749112
flywire_783_mb_left_kc512_s701,742,spectral,fly,local_gradient,55,1.7884811469621174,0.35175879396984927,1.6989888752749112
flywire_783_mb_left_kc512_s701,742,spectral,fly,local_gradient,56,1.7937223397773545,0.35175879396984927,1.6989888752749112
flywire_783_mb_left_kc512_s701,742,spectral,fly,local_gradient,57,1.7987152197695682,0.34673366834170855,1.6989888752749112
flywire_783_mb_left_kc512_s701,742,spectral,fly,local_gradient,58,1.8035928440290294,0.34673366834170855,1.6989888752749112
flywire_783_mb_left_kc512_s701,742,spectral,fly,local_gradient,59,1.808545335038255,0.34673366834170855,1.6989888752749112
flywire_783_mb_left_kc512_s701,742,spectral,fly,local_gradient,60,1.8137380818056377,0.34673366834170855,1.6989888752749112
flywire_783_mb_left_kc512_s701,742,spectral,fly,local_gradient,61,1.819241372319328,0.35175879396984927,1.6989888752749112
flywire_783_mb_left_kc512_s701,742,spectral,fly,local_gradient,62,1.8250265256346982,0.35175879396984927,1.6989888752749112
flywire_783_mb_left_kc512_s701,742,spectral,fly,local_gradient,63,1.8309958366804573,0.35175879396984927,1.6989888752749112
flywire_783_mb_left_kc512_s701,742,spectral,fly,local_gradient,64,1.837043706961547,0.35175879396984927,1.6989888752749112
flywire_783_mb_left_kc512_s701,742,spectral,fly,local_gradient,65,1.843148137421262,0.35175879396984927,1.6989888752749112
flywire_783_mb_left_kc512_s701,742,spectral,fly,local_gradient,66,1.8493553945463224,0.34673366834170855,1.6989888752749112
flywire_783_mb_left_kc512_s701,742,spectral,fly,local_gradient,67,1.8557553676405507,0.3417085427135678,1.6989888752749112
flywire_783_mb_left_kc512_s701,742,spectral,fly,local_gradient,68,1.8624190150419462,0.3417085427135678,1.6989888752749112
flywire_783_mb_left_kc512_s701,742,spectral,fly,local_gradient,69,1.8692816480765495,0.3417085427135678,1.6989888752749112
flywire_783_mb_left_kc512_s701,742,spectral,fly,local_gradient,70,1.8761786747188038,0.33668341708542715,1.6989888752749112
flywire_783_mb_left_kc512_s701,742,spectral,fly,local_gradient,71,1.8829513743215527,0.3316582914572864,1.6989888752749112
flywire_783_mb_left_kc512_s701,742,spectral,fly,local_gradient,72,1.8894893254060372,0.3316582914572864,1.6989888752749112
flywire_783_mb_left_kc512_s701,742,spectral,fly,local_gradient,73,1.8957470968948296,0.32663316582914576,1.6989888752749112
flywire_783_mb_left_kc512_s701,742,spectral,fly,local_gradient,74,1.9017675281752828,0.3316582914572864,1.6989888752749112
flywire_783_mb_left_kc512_s701,742,spectral,fly,local_gradient,75,1.9076761502742283,0.3316582914572864,1.6989888752749112
flywire_783_mb_left_kc512_s701,742,spectral,fly,local_gradient,76,1.913643855802388,0.33668341708542715,1.6989888752749112
flywire_783_mb_left_kc512_s701,742,spectral,fly,local_gradient,77,1.9198371060985713,0.33668341708542715,1.6989888752749112
flywire_783_mb_left_kc512_s701,742,spectral,fly,local_gradient,78,1.9263170545981645,0.33668341708542715,1.6989888752749112
flywire_783_mb_left_kc512_s701,742,spectral,fly,local_gradient,79,1.9329774564337807,0.3316582914572864,1.6989888752749112
flywire_783_mb_left_kc512_s701,742,spectral,fly,local_gradient,80,1.939594708056156,0.32663316582914576,1.6989888752749112
flywire_783_mb_left_kc512_s701,742,spectral,fly,local_gradient,81,1.9459679243441583,0.32160804020100503,1.6989888752749112
flywire_783_mb_left_kc512_s701,742,spectral,fly,local_gradient,82,1.9520603751089345,0.32160804020100503,1.6989888752749112
flywire_783_mb_left_kc512_s701,742,spectral,fly,local_gradient,83,1.9579847866712152,0.3165829145728643,1.6989888752749112
flywire_783_mb_left_kc512_s701,742,spectral,fly,local_gradient,84,1.9638697510004204,0.32160804020100503,1.6989888752749112
flywire_783_mb_left_kc512_s701,742,spectral,fly,local_gradient,85,1.9697600226980774,0.3165829145728643,1.6989888752749112
flywire_783_mb_left_kc512_s701,742,spectral,fly,local_gradient,86,1.9756152190089338,0.3165829145728643,1.6989888752749112
flywire_783_mb_left_kc512_s701,742,spectral,fly,local_gradient,87,1.9813748819005346,0.3165829145728643,1.6989888752749112
flywire_783_mb_left_kc512_s701,742,spectral,fly,local_gradient,88,1.9870212353623142,0.3165829145728643,1.6989888752749112
flywire_783_mb_left_kc512_s701,742,spectral,fly,local_gradient,89,1.9925885231912102,0.32160804020100503,1.6989888752749112
flywire_783_mb_left_kc512_s701,742,spectral,fly,local_gradient,90,1.9981320003075822,0.32160804020100503,1.6989888752749112
flywire_783_mb_left_kc512_s701,742,spectral,fly,local_gradient,91,2.0037047541011592,0.32160804020100503,1.6989888752749112
flywire_783_mb_left_kc512_s701,742,spectral,fly,local_gradient,92,2.0093302019925616,0.32160804020100503,1.6989888752749112
flywire_783_mb_left_kc512_s701,742,spectral,fly,local_gradient,93,2.014984811000166,0.32663316582914576,1.6989888752749112
flywire_783_mb_left_kc512_s701,742,spectral,fly,local_gradient,94,2.0206038762284066,0.32663316582914576,1.6989888752749112
flywire_783_mb_left_kc512_s701,742,spectral,fly,local_gradient,95,2.0260851524721994,0.32663316582914576,1.6989888752749112
flywire_783_mb_left_kc512_s701,742,spectral,fly,local_gradient,96,2.0313087788965993,0.32160804020100503,1.6989888752749112
flywire_783_mb_left_kc512_s701,742,spectral,fly,local_gradient,97,2.036193647826274,0.3165829145728643,1.6989888752749112
flywire_783_mb_left_kc512_s701,742,spectral,fly,local_gradient,98,2.0407583588014986,0.31155778894472363,1.6989888752749112
flywire_783_mb_left_kc512_s701,742,spectral,fly,local_gradient,99,2.0451334893705804,0.31155778894472363,1.6989888752749112
flywire_783_mb_left_kc512_s701,742,spectral,fly,local_gradient,100,2.0494995336427713,0.31155778894472363,1.6989888752749112
flywire_783_mb_left_kc512_s701,742,spectral,fly,permuted_bptt,0,3.2187950651060473,0.1507537688442211,3.2187950651060473
flywire_783_mb_left_kc512_s701,742,spectral,fly,permuted_bptt,1,3.106202203308578,0.17587939698492464,3.106202203308578
flywire_783_mb_left_kc512_s701,742,spectral,fly,permuted_bptt,2,3.0543982552846,0.1507537688442211,3.0543982552846
flywire_783_mb_left_kc512_s701,742,spectral,fly,permuted_bptt,3,3.0045017421002993,0.18592964824120603,3.0045017421002993
flywire_783_mb_left_kc512_s701,742,spectral,fly,permuted_bptt,4,2.970795657148283,0.20603015075376885,2.970795657148283
flywire_783_mb_left_kc512_s701,742,spectral,fly,permuted_bptt,5,2.933233385643691,0.20100502512562815,2.933233385643691
flywire_783_mb_left_kc512_s701,742,spectral,fly,permuted_bptt,6,2.9120814043400385,0.18592964824120603,2.9120814043400385
flywire_783_mb_left_kc512_s701,742,spectral,fly,permuted_bptt,7,2.889379122184758,0.18592964824120603,2.889379122184758
flywire_783_mb_left_kc512_s701,742,spectral,fly,permuted_bptt,8,2.863870190969702,0.21105527638190955,2.863870190969702
flywire_783_mb_left_kc512_s701,742,spectral,fly,permuted_bptt,9,2.84367549260336,0.23115577889447236,2.84367549260336
flywire_783_mb_left_kc512_s701,742,spectral,fly,permuted_bptt,10,2.824878455762378,0.22613065326633167,2.824878455762378
flywire_783_mb_left_kc512_s701,742,spectral,fly,permuted_bptt,11,2.8050278827762494,0.23115577889447236,2.8050278827762494
flywire_783_mb_left_kc512_s701,742,spectral,fly,permuted_bptt,12,2.787093201531893,0.21608040201005024,2.787093201531893
flywire_783_mb_left_kc512_s701,742,spectral,fly,permuted_bptt,13,2.7717980508087376,0.22110552763819097,2.7717980508087376
flywire_783_mb_left_kc512_s701,742,spectral,fly,permuted_bptt,14,2.7579315263687696,0.23618090452261306,2.7579315263687696
flywire_783_mb_left_kc512_s701,742,spectral,fly,permuted_bptt,15,2.745748703070184,0.23115577889447236,2.745748703070184
flywire_783_mb_left_kc512_s701,742,spectral,fly,permuted_bptt,16,2.735769797146879,0.23115577889447236,2.735769797146879
flywire_783_mb_left_kc512_s701,742,spectral,fly,permuted_bptt,17,2.726016853431807,0.23618090452261306,2.726016853431807
flywire_783_mb_left_kc512_s701,742,spectral,fly,permuted_bptt,18,2.715929684932173,0.23618090452261306,2.715929684932173
flywire_783_mb_left_kc512_s701,742,spectral,fly,permuted_bptt,19,2.707707407176639,0.24623115577889448,2.707707407176639
flywire_783_mb_left_kc512_s701,742,spectral,fly,permuted_bptt,20,2.6999341136116124,0.24623115577889448,2.6999341136116124
flywire_783_mb_left_kc512_s701,742,spectral,fly,permuted_bptt,21,2.690639236637052,0.24120603015075376,2.690639236637052
flywire_783_mb_left_kc512_s701,742,spectral,fly,permuted_bptt,22,2.6819964029930596,0.23618090452261306,2.6819964029930596
flywire_783_mb_left_kc512_s701,742,spectral,fly,permuted_bptt,23,2.6746642624182644,0.24120603015075376,2.6746642624182644
flywire_783_mb_left_kc512_s701,742,spectral,fly,permuted_bptt,24,2.666872243607918,0.24120603015075376,2.666872243607918
flywire_783_mb_left_kc512_s701,742,spectral,fly,permuted_bptt,25,2.659099733502482,0.24120603015075376,2.659099733502482
flywire_783_mb_left_kc512_s701,742,spectral,fly,permuted_bptt,26,2.6519226614356755,0.25125628140703515,2.6519226614356755
flywire_783_mb_left_kc512_s701,742,spectral,fly,permuted_bptt,27,2.6446133401792467,0.24120603015075376,2.6446133401792467
flywire_783_mb_left_kc512_s701,742,spectral,fly,permuted_bptt,28,2.637396973695317,0.24120603015075376,2.637396973695317
flywire_783_mb_left_kc512_s701,742,spectral,fly,permuted_bptt,29,2.630677295437496,0.24623115577889448,2.630677295437496
flywire_783_mb_left_kc512_s701,742,spectral,fly,permuted_bptt,30,2.6239782009013557,0.24120603015075376,2.6239782009013557
flywire_783_mb_left_kc512_s701,742,spectral,fly,permuted_bptt,31,2.617058861581806,0.24623115577889448,2.617058861581806
flywire_783_mb_left_kc512_s701,742,spectral,fly,permuted_bptt,32,2.6104279452799,0.24120603015075376,2.6104279452799
flywire_783_mb_left_kc512_s701,742,spectral,fly,permuted_bptt,33,2.604196640003824,0.24623115577889448,2.604196640003824
flywire_783_mb_left_kc512_s701,742,spectral,fly,permuted_bptt,34,2.597830657146328,0.24623115577889448,2.597830657146328
flywire_783_mb_left_kc512_s701,742,spectral,fly,permuted_bptt,35,2.5916394699779484,0.24623115577889448,2.5916394699779484
flywire_783_mb_left_kc512_s701,742,spectral,fly,permuted_bptt,36,2.58595922809161,0.23618090452261306,2.58595922809161
flywire_783_mb_left_kc512_s701,742,spectral,fly,permuted_bptt,37,2.580238645527835,0.23618090452261306,2.580238645527835
flywire_783_mb_left_kc512_s701,742,spectral,fly,permuted_bptt,38,2.574589184593287,0.24120603015075376,2.574589184593287
flywire_783_mb_left_kc512_s701,742,spectral,fly,permuted_bptt,39,2.5692149889187945,0.24623115577889448,2.5692149889187945
flywire_783_mb_left_kc512_s701,742,spectral,fly,permuted_bptt,40,2.563792972373035,0.24623115577889448,2.563792972373035
flywire_783_mb_left_kc512_s701,742,spectral,fly,permuted_bptt,41,2.5584956961409424,0.24120603015075376,2.5584956961409424
flywire_783_mb_left_kc512_s701,742,spectral,fly,permuted_bptt,42,2.553363387038112,0.24120603015075376,2.553363387038112
flywire_783_mb_left_kc512_s701,742,spectral,fly,permuted_bptt,43,2.5482280266928266,0.24120603015075376,2.5482280266928266
flywire_783_mb_left_kc512_s701,742,spectral,fly,permuted_bptt,44,2.5432710194117427,0.23618090452261306,2.5432710194117427
flywire_783_mb_left_kc512_s701,742,spectral,fly,permuted_bptt,45,2.5385614787843958,0.24120603015075376,2.5385614787843958
flywire_783_mb_left_kc512_s701,742,spectral,fly,permuted_bptt,46,2.5339002302817724,0.24120603015075376,2.5339002302817724
flywire_783_mb_left_kc512_s701,742,spectral,fly,permuted_bptt,47,2.5292733781836763,0.24120603015075376,2.5292733781836763
flywire_783_mb_left_kc512_s701,742,spectral,fly,permuted_bptt,48,2.524806563286114,0.24623115577889448,2.524806563286114
flywire_783_mb_left_kc512_s701,742,spectral,fly,permuted_bptt,49,2.5203647988116002,0.24120603015075376,2.5203647988116002
flywire_783_mb_left_kc512_s701,742,spectral,fly,permuted_bptt,50,2.5159775949506744,0.23618090452261306,2.5159775949506744
flywire_783_mb_left_kc512_s701,742,spectral,fly,permuted_bptt,51,2.511716025016829,0.24623115577889448,2.511716025016829
flywire_783_mb_left_kc512_s701,742,spectral,fly,permuted_bptt,52,2.5074850935002186,0.25125628140703515,2.5074850935002186
flywire_783_mb_left_kc512_s701,742,spectral,fly,permuted_bptt,53,2.503381322337187,0.24623115577889448,2.503381322337187
flywire_783_mb_left_kc512_s701,742,spectral,fly,permuted_bptt,54,2.4993588508244406,0.2562814070351759,2.4993588508244406
flywire_783_mb_left_kc512_s701,742,spectral,fly,permuted_bptt,55,2.4953797771853146,0.2562814070351759,2.4953797771853146
flywire_783_mb_left_kc512_s701,742,spectral,fly,permuted_bptt,56,2.4915305980409337,0.25125628140703515,2.4915305980409337
flywire_783_mb_left_kc512_s701,742,spectral,fly,permuted_bptt,57,2.4877724533096717,0.25125628140703515,2.4877724533096717
flywire_783_mb_left_kc512_s701,742,spectral,fly,permuted_bptt,58,2.4840665272362585,0.2613065326633166,2.4840665272362585
flywire_783_mb_left_kc512_s701,742,spectral,fly,permuted_bptt,59,2.480446008596077,0.2613065326633166,2.480446008596077
flywire_783_mb_left_kc512_s701,742,spectral,fly,permuted_bptt,60,2.4768904567562124,0.2613065326633166,2.4768904567562124
flywire_783_mb_left_kc512_s701,742,spectral,fly,permuted_bptt,61,2.4733889276299936,0.2613065326633166,2.4733889276299936
flywire_783_mb_left_kc512_s701,742,spectral,fly,permuted_bptt,62,2.4699831814900115,0.2663316582914573,2.4699831814900115
flywire_783_mb_left_kc512_s701,742,spectral,fly,permuted_bptt,63,2.466638157030777,0.271356783919598,2.466638157030777
flywire_783_mb_left_kc512_s701,742,spectral,fly,permuted_bptt,64,2.463379652042265,0.271356783919598,2.463379652042265
flywire_783_mb_left_kc512_s701,742,spectral,fly,permuted_bptt,65,2.4601862567593127,0.2814070351758794,2.4601862567593127
flywire_783_mb_left_kc512_s701,742,spectral,fly,permuted_bptt,66,2.4570420486889915,0.2814070351758794,2.4570420486889915
flywire_783_mb_left_kc512_s701,742,spectral,fly,permuted_bptt,67,2.453981287204833,0.2814070351758794,2.453981287204833
flywire_783_mb_left_kc512_s701,742,spectral,fly,permuted_bptt,68,2.4509839898857892,0.2814070351758794,2.4509839898857892
flywire_783_mb_left_kc512_s701,742,spectral,fly,permuted_bptt,69,2.4480448898877296,0.2814070351758794,2.4480448898877296
flywire_783_mb_left_kc512_s701,742,spectral,fly,permuted_bptt,70,2.4451739080604122,0.2914572864321608,2.4451739080604122
flywire_783_mb_left_kc512_s701,742,spectral,fly,permuted_bptt,71,2.442360109437925,0.2914572864321608,2.442360109437925
flywire_783_mb_left_kc512_s701,742,spectral,fly,permuted_bptt,72,2.4396096638123246,0.2914572864321608,2.4396096638123246
flywire_783_mb_left_kc512_s701,742,spectral,fly,permuted_bptt,73,2.4369213691672713,0.2914572864321608,2.4369213691672713
flywire_783_mb_left_kc512_s701,742,spectral,fly,permuted_bptt,74,2.434288306349732,0.2914572864321608,2.434288306349732
flywire_783_mb_left_kc512_s701,742,spectral,fly,permuted_bptt,75,2.431720923394929,0.2914572864321608,2.431720923394929
flywire_783_mb_left_kc512_s701,742,spectral,fly,permuted_bptt,76,2.4292003381712552,0.2914572864321608,2.4292003381712552
flywire_783_mb_left_kc512_s701,742,spectral,fly,permuted_bptt,77,2.4267353887709278,0.2864321608040201,2.4267353887709278
flywire_783_mb_left_kc512_s701,742,spectral,fly,permuted_bptt,78,2.424324843430858,0.2864321608040201,2.424324843430858
flywire_783_mb_left_kc512_s701,742,spectral,fly,permuted_bptt,79,2.421964055670822,0.2864321608040201,2.421964055670822
flywire_783_mb_left_kc512_s701,742,spectral,fly,permuted_bptt,80,2.419656702844716,0.2864321608040201,2.419656702844716
flywire_783_mb_left_kc512_s701,742,spectral,fly,permuted_bptt,81,2.4173990593492856,0.2814070351758794,2.4173990593492856
flywire_783_mb_left_kc512_s701,742,spectral,fly,permuted_bptt,82,2.4151901476288526,0.2814070351758794,2.4151901476288526
flywire_783_mb_left_kc512_s701,742,spectral,fly,permuted_bptt,83,2.4130299535480493,0.2814070351758794,2.4130299535480493
flywire_783_mb_left_kc512_s701,742,spectral,fly,permuted_bptt,84,2.410914071288815,0.2814070351758794,2.410914071288815
flywire_783_mb_left_kc512_s701,742,spectral,fly,permuted_bptt,85,2.40884719421414,0.2814070351758794,2.40884719421414
flywire_783_mb_left_kc512_s701,742,spectral,fly,permuted_bptt,86,2.406821819882439,0.2814070351758794,2.406821819882439
flywire_783_mb_left_kc512_s701,742,spectral,fly,permuted_bptt,87,2.4048409993595112,0.2814070351758794,2.4048409993595112
flywire_783_mb_left_kc512_s701,742,spectral,fly,permuted_bptt,88,2.4029035901985325,0.27638190954773867,2.4029035901985325
flywire_783_mb_left_kc512_s701,742,spectral,fly,permuted_bptt,89,2.401007286474661,0.27638190954773867,2.401007286474661
flywire_783_mb_left_kc512_s701,742,spectral,fly,permuted_bptt,90,2.3991522113709403,0.27638190954773867,2.3991522113709403
flywire_783_mb_left_kc512_s701,742,spectral,fly,permuted_bptt,91,2.3973363288638865,0.2814070351758794,2.3973363288638865
flywire_783_mb_left_kc512_s701,742,spectral,fly,permuted_bptt,92,2.3955599588552454,0.2814070351758794,2.3955599588552454
flywire_783_mb_left_kc512_s701,742,spectral,fly,permuted_bptt,93,2.3938209346283594,0.2864321608040201,2.3938209346283594
flywire_783_mb_left_kc512_s701,742,spectral,fly,permuted_bptt,94,2.3921183635317753,0.2864321608040201,2.3921183635317753
flywire_783_mb_left_kc512_s701,742,spectral,fly,permuted_bptt,95,2.390452620168578,0.2864321608040201,2.390452620168578
flywire_783_mb_left_kc512_s701,742,spectral,fly,permuted_bptt,96,2.388820981761607,0.2864321608040201,2.388820981761607
flywire_783_mb_left_kc512_s701,742,spectral,fly,permuted_bptt,97,2.3872241045617506,0.2864321608040201,2.3872241045617506
flywire_783_mb_left_kc512_s701,742,spectral,fly,permuted_bptt,98,2.385660114621998,0.2914572864321608,2.385660114621998
flywire_783_mb_left_kc512_s701,742,spectral,fly,permuted_bptt,99,2.3841284392814184,0.2964824120603015,2.3841284392814184
flywire_783_mb_left_kc512_s701,742,spectral,fly,permuted_bptt,100,2.3826282595422716,0.2964824120603015,2.3826282595422716
flywire_783_mb_left_kc512_s701,742,spectral,role_shuffled,frozen,0,1.6847206692712766,0.38190954773869346,1.6847206692712766
flywire_783_mb_left_kc512_s701,742,spectral,role_shuffled,full_bptt,0,1.6847206692712766,0.38190954773869346,1.6847206692712766
flywire_783_mb_left_kc512_s701,742,spectral,role_shuffled,full_bptt,1,1.723032161054446,0.36683417085427134,1.6847206692712766
flywire_783_mb_left_kc512_s701,742,spectral,role_shuffled,full_bptt,2,1.7336785615656949,0.3869346733668342,1.6847206692712766
flywire_783_mb_left_kc512_s701,742,spectral,role_shuffled,full_bptt,3,1.7098753402510132,0.39195979899497485,1.6847206692712766
flywire_783_mb_left_kc512_s701,742,spectral,role_shuffled,full_bptt,4,1.688128408789456,0.3768844221105528,1.6847206692712766
flywire_783_mb_left_kc512_s701,742,spectral,role_shuffled,full_bptt,5,1.712657597012729,0.3768844221105528,1.6847206692712766
flywire_783_mb_left_kc512_s701,742,spectral,role_shuffled,full_bptt,6,1.6980479270636726,0.3869346733668342,1.6847206692712766
flywire_783_mb_left_kc512_s701,742,spectral,role_shuffled,full_bptt,7,1.6821694844147084,0.40703517587939697,1.6821694844147084
flywire_783_mb_left_kc512_s701,742,spectral,role_shuffled,full_bptt,8,1.692540311725786,0.3768844221105528,1.6821694844147084
flywire_783_mb_left_kc512_s701,742,spectral,role_shuffled,full_bptt,9,1.6970678741011502,0.3869346733668342,1.6821694844147084
flywire_783_mb_left_kc512_s701,742,spectral,role_shuffled,full_bptt,10,1.68700853302375,0.4020100502512563,1.6821694844147084
flywire_783_mb_left_kc512_s701,742,spectral,role_shuffled,full_bptt,11,1.681930034026623,0.4020100502512563,1.681930034026623
flywire_783_mb_left_kc512_s701,742,spectral,role_shuffled,full_bptt,12,1.687393353492422,0.3869346733668342,1.681930034026623
flywire_783_mb_left_kc512_s701,742,spectral,role_shuffled,full_bptt,13,1.687268627226918,0.38190954773869346,1.681930034026623
flywire_783_mb_left_kc512_s701,742,spectral,role_shuffled,full_bptt,14,1.6803667738672627,0.40703517587939697,1.6803667738672627
flywire_783_mb_left_kc512_s701,742,spectral,role_shuffled,full_bptt,15,1.6802666546865688,0.3969849246231156,1.6802666546865688
flywire_783_mb_left_kc512_s701,742,spectral,role_shuffled,full_bptt,16,1.6847071298095986,0.39195979899497485,1.6802666546865688
flywire_783_mb_left_kc512_s701,742,spectral,role_shuffled,full_bptt,17,1.682717439423061,0.3869346733668342,1.6802666546865688
flywire_783_mb_left_kc512_s701,742,spectral,role_shuffled,full_bptt,18,1.6773269713716492,0.4120603015075377,1.6773269713716492
flywire_783_mb_left_kc512_s701,742,spectral,role_shuffled,full_bptt,19,1.6774805176601508,0.4020100502512563,1.6773269713716492
flywire_783_mb_left_kc512_s701,742,spectral,role_shuffled,full_bptt,20,1.6809049197306283,0.3969849246231156,1.6773269713716492
flywire_783_mb_left_kc512_s701,742,spectral,role_shuffled,full_bptt,21,1.67982980152576,0.4020100502512563,1.6773269713716492
flywire_783_mb_left_kc512_s701,742,spectral,role_shuffled,full_bptt,22,1.6762911678003436,0.4221105527638191,1.6762911678003436
flywire_783_mb_left_kc512_s701,742,spectral,role_shuffled,full_bptt,23,1.6761813772704028,0.4120603015075377,1.6761813772704028
flywire_783_mb_left_kc512_s701,742,spectral,role_shuffled,full_bptt,24,1.677827619860417,0.4020100502512563,1.6761813772704028
flywire_783_mb_left_kc512_s701,742,spectral,role_shuffled,full_bptt,25,1.676948869948547,0.4020100502512563,1.6761813772704028
flywire_783_mb_left_kc512_s701,742,spectral,role_shuffled,full_bptt,26,1.6751673507096563,0.3969849246231156,1.6751673507096563
flywire_783_mb_left_kc512_s701,742,spectral,role_shuffled,full_bptt,27,1.6756175057722904,0.4020100502512563,1.6751673507096563
flywire_783_mb_left_kc512_s701,742,spectral,role_shuffled,full_bptt,28,1.6761957434713315,0.41708542713567837,1.6751673507096563
flywire_783_mb_left_kc512_s701,742,spectral,role_shuffled,full_bptt,29,1.6747603305621976,0.40703517587939697,1.6747603305621976
flywire_783_mb_left_kc512_s701,742,spectral,role_shuffled,full_bptt,30,1.6738728722249208,0.4221105527638191,1.6738728722249208
flywire_783_mb_left_kc512_s701,742,spectral,role_shuffled,full_bptt,31,1.6746873487970402,0.4271356783919598,1.6738728722249208
flywire_783_mb_left_kc512_s701,742,spectral,role_shuffled,full_bptt,32,1.67471533969486,0.4271356783919598,1.6738728722249208
flywire_783_mb_left_kc512_s701,742,spectral,role_shuffled,full_bptt,33,1.6734601134668607,0.4371859296482412,1.6734601134668607
flywire_783_mb_left_kc512_s701,742,spectral,role_shuffled,full_bptt,34,1.6731158344448598,0.4271356783919598,1.6731158344448598
flywire_783_mb_left_kc512_s701,742,spectral,role_shuffled,full_bptt,35,1.6736418016806223,0.4271356783919598,1.6731158344448598
flywire_783_mb_left_kc512_s701,742,spectral,role_shuffled,full_bptt,36,1.673183986007803,0.4221105527638191,1.6731158344448598
flywire_783_mb_left_kc512_s701,742,spectral,role_shuffled,full_bptt,37,1.6723921669973314,0.4221105527638191,1.6723921669973314
flywire_783_mb_left_kc512_s701,742,spectral,role_shuffled,full_bptt,38,1.6725556473310845,0.4221105527638191,1.6723921669973314
flywire_783_mb_left_kc512_s701,742,spectral,role_shuffled,full_bptt,39,1.6726484637162105,0.4221105527638191,1.6723921669973314
flywire_783_mb_left_kc512_s701,742,spectral,role_shuffled,full_bptt,40,1.671981515097852,0.4321608040201005,1.671981515097852
flywire_783_mb_left_kc512_s701,742,spectral,role_shuffled,full_bptt,41,1.6716699679059213,0.4271356783919598,1.6716699679059213
flywire_783_mb_left_kc512_s701,742,spectral,role_shuffled,full_bptt,42,1.6718810600252008,0.4221105527638191,1.6716699679059213
flywire_783_mb_left_kc512_s701,742,spectral,role_shuffled,full_bptt,43,1.6715888761670068,0.41708542713567837,1.6715888761670068
flywire_783_mb_left_kc512_s701,742,spectral,role_shuffled,full_bptt,44,1.6710883526322597,0.4221105527638191,1.6710883526322597
flywire_783_mb_left_kc512_s701,742,spectral,role_shuffled,full_bptt,45,1.6710990801352357,0.4321608040201005,1.6710883526322597
flywire_783_mb_left_kc512_s701,742,spectral,role_shuffled,full_bptt,46,1.671049162640363,0.4371859296482412,1.671049162640363
flywire_783_mb_left_kc512_s701,742,spectral,role_shuffled,full_bptt,47,1.6706203300048375,0.4321608040201005,1.6706203300048375
flywire_783_mb_left_kc512_s701,742,spectral,role_shuffled,full_bptt,48,1.670443860057077,0.4321608040201005,1.670443860057077
flywire_783_mb_left_kc512_s701,742,spectral,role_shuffled,full_bptt,49,1.6704670465764002,0.4271356783919598,1.670443860057077
flywire_783_mb_left_kc512_s701,742,spectral,role_shuffled,full_bptt,50,1.6701868087207734,0.4271356783919598,1.6701868087207734
flywire_783_mb_left_kc512_s701,742,spectral,role_shuffled,full_bptt,51,1.669919509483281,0.4321608040201005,1.669919509483281
flywire_783_mb_left_kc512_s701,742,spectral,role_shuffled,full_bptt,52,1.6698836841190001,0.4371859296482412,1.6698836841190001
flywire_783_mb_left_kc512_s701,742,spectral,role_shuffled,full_bptt,53,1.6697015153616144,0.4371859296482412,1.6697015153616144
flywire_783_mb_left_kc512_s701,742,spectral,role_shuffled,full_bptt,54,1.6694382213223982,0.4271356783919598,1.6694382213223982
flywire_783_mb_left_kc512_s701,742,spectral,role_shuffled,full_bptt,55,1.6693661421382815,0.4271356783919598,1.6693661421382815
flywire_783_mb_left_kc512_s701,742,spectral,role_shuffled,full_bptt,56,1.669235546452704,0.4271356783919598,1.669235546452704
flywire_783_mb_left_kc512_s701,742,spectral,role_shuffled,full_bptt,57,1.668974275211721,0.4271356783919598,1.668974275211721
flywire_783_mb_left_kc512_s701,742,spectral,role_shuffled,full_bptt,58,1.668860126194107,0.4321608040201005,1.668860126194107
flywire_783_mb_left_kc512_s701,742,spectral,role_shuffled,full_bptt,59,1.6687725803336382,0.4371859296482412,1.6687725803336382
flywire_783_mb_left_kc512_s701,742,spectral,role_shuffled,full_bptt,60,1.6685507834458697,0.4321608040201005,1.6685507834458697
flywire_783_mb_left_kc512_s701,742,spectral,role_shuffled,full_bptt,61,1.6683935223578967,0.4221105527638191,1.6683935223578967
flywire_783_mb_left_kc512_s701,742,spectral,role_shuffled,full_bptt,62,1.6683000551530829,0.4271356783919598,1.6683000551530829
flywire_783_mb_left_kc512_s701,742,spectral,role_shuffled,full_bptt,63,1.6681219093221813,0.4271356783919598,1.6681219093221813
flywire_783_mb_left_kc512_s701,742,spectral,role_shuffled,full_bptt,64,1.6679682859742355,0.4271356783919598,1.6679682859742355
flywire_783_mb_left_kc512_s701,742,spectral,role_shuffled,full_bptt,65,1.667862637617006,0.4271356783919598,1.667862637617006
flywire_783_mb_left_kc512_s701,742,spectral,role_shuffled,full_bptt,66,1.6676937008298651,0.4271356783919598,1.6676937008298651
flywire_783_mb_left_kc512_s701,742,spectral,role_shuffled,full_bptt,67,1.6675406427406017,0.4271356783919598,1.6675406427406017
flywire_783_mb_left_kc512_s701,742,spectral,role_shuffled,full_bptt,68,1.6674388202258612,0.4271356783919598,1.6674388202258612
flywire_783_mb_left_kc512_s701,742,spectral,role_shuffled,full_bptt,69,1.6672878702981304,0.4221105527638191,1.6672878702981304
flywire_783_mb_left_kc512_s701,742,spectral,role_shuffled,full_bptt,70,1.6671353618777123,0.4271356783919598,1.6671353618777123
flywire_783_mb_left_kc512_s701,742,spectral,role_shuffled,full_bptt,71,1.667024348161141,0.4271356783919598,1.667024348161141
flywire_783_mb_left_kc512_s701,742,spectral,role_shuffled,full_bptt,72,1.6668843902641273,0.4271356783919598,1.6668843902641273
flywire_783_mb_left_kc512_s701,742,spectral,role_shuffled,full_bptt,73,1.66674321183498,0.4271356783919598,1.66674321183498
flywire_783_mb_left_kc512_s701,742,spectral,role_shuffled,full_bptt,74,1.6666293517349344,0.4321608040201005,1.6666293517349344
flywire_783_mb_left_kc512_s701,742,spectral,role_shuffled,full_bptt,75,1.6664909358575093,0.4271356783919598,1.6664909358575093
flywire_783_mb_left_kc512_s701,742,spectral,role_shuffled,full_bptt,76,1.6663554497256405,0.4321608040201005,1.6663554497256405
flywire_783_mb_left_kc512_s701,742,spectral,role_shuffled,full_bptt,77,1.666244172889355,0.4321608040201005,1.666244172889355
flywire_783_mb_left_kc512_s701,742,spectral,role_shuffled,full_bptt,78,1.6661124316338947,0.4321608040201005,1.6661124316338947
flywire_783_mb_left_kc512_s701,742,spectral,role_shuffled,full_bptt,79,1.6659807140682994,0.4271356783919598,1.6659807140682994
flywire_783_mb_left_kc512_s701,742,spectral,role_shuffled,full_bptt,80,1.6658666672293823,0.4321608040201005,1.6658666672293823
flywire_783_mb_left_kc512_s701,742,spectral,role_shuffled,full_bptt,81,1.6657395643217354,0.4271356783919598,1.6657395643217354
flywire_783_mb_left_kc512_s701,742,spectral,role_shuffled,full_bptt,82,1.6656154827488105,0.4271356783919598,1.6656154827488105
flywire_783_mb_left_kc512_s701,742,spectral,role_shuffled,full_bptt,83,1.6655013931912777,0.4271356783919598,1.6655013931912777
flywire_783_mb_left_kc512_s701,742,spectral,role_shuffled,full_bptt,84,1.6653765343792961,0.4271356783919598,1.6653765343792961
flywire_783_mb_left_kc512_s701,742,spectral,role_shuffled,full_bptt,85,1.665257523257367,0.4371859296482412,1.665257523257367
flywire_783_mb_left_kc512_s701,742,spectral,role_shuffled,full_bptt,86,1.6651445953691189,0.4321608040201005,1.6651445953691189
flywire_783_mb_left_kc512_s701,742,spectral,role_shuffled,full_bptt,87,1.665023006604955,0.4321608040201005,1.665023006604955
flywire_783_mb_left_kc512_s701,742,spectral,role_shuffled,full_bptt,88,1.6649078021271397,0.4321608040201005,1.6649078021271397
flywire_783_mb_left_kc512_s701,742,spectral,role_shuffled,full_bptt,89,1.6647954878568934,0.4321608040201005,1.6647954878568934
flywire_783_mb_left_kc512_s701,742,spectral,role_shuffled,full_bptt,90,1.6646776457945789,0.4321608040201005,1.6646776457945789
flywire_783_mb_left_kc512_s701,742,spectral,role_shuffled,full_bptt,91,1.6645660737970684,0.4321608040201005,1.6645660737970684
flywire_783_mb_left_kc512_s701,742,spectral,role_shuffled,full_bptt,92,1.6644546117427244,0.4321608040201005,1.6644546117427244
flywire_783_mb_left_kc512_s701,742,spectral,role_shuffled,full_bptt,93,1.6643402573145476,0.4321608040201005,1.6643402573145476
flywire_783_mb_left_kc512_s701,742,spectral,role_shuffled,full_bptt,94,1.6642314105009046,0.4321608040201005,1.6642314105009046
flywire_783_mb_left_kc512_s701,742,spectral,role_shuffled,full_bptt,95,1.6641211591199843,0.4321608040201005,1.6641211591199843
flywire_783_mb_left_kc512_s701,742,spectral,role_shuffled,full_bptt,96,1.6640104309117576,0.4321608040201005,1.6640104309117576
flywire_783_mb_left_kc512_s701,742,spectral,role_shuffled,full_bptt,97,1.663903783575301,0.4321608040201005,1.663903783575301
flywire_783_mb_left_kc512_s701,742,spectral,role_shuffled,full_bptt,98,1.6637951186332585,0.4321608040201005,1.6637951186332585
flywire_783_mb_left_kc512_s701,742,spectral,role_shuffled,full_bptt,99,1.6636876893340735,0.4321608040201005,1.6636876893340735
flywire_783_mb_left_kc512_s701,742,spectral,role_shuffled,full_bptt,100,1.663582717789347,0.4321608040201005,1.663582717789347
flywire_783_mb_left_kc512_s701,742,spectral,role_shuffled,local_gradient,0,1.6847206692712766,0.38190954773869346,1.6847206692712766
flywire_783_mb_left_kc512_s701,742,spectral,role_shuffled,local_gradient,1,1.7023692384490978,0.39195979899497485,1.6847206692712766
flywire_783_mb_left_kc512_s701,742,spectral,role_shuffled,local_gradient,2,1.7247948674392017,0.36683417085427134,1.6847206692712766
flywire_783_mb_left_kc512_s701,742,spectral,role_shuffled,local_gradient,3,1.7019884736925728,0.3768844221105528,1.6847206692712766
flywire_783_mb_left_kc512_s701,742,spectral,role_shuffled,local_gradient,4,1.7080501194488062,0.37185929648241206,1.6847206692712766
flywire_783_mb_left_kc512_s701,742,spectral,role_shuffled,local_gradient,5,1.698943801391449,0.36683417085427134,1.6847206692712766
flywire_783_mb_left_kc512_s701,742,spectral,role_shuffled,local_gradient,6,1.7036694081629042,0.37185929648241206,1.6847206692712766
flywire_783_mb_left_kc512_s701,742,spectral,role_shuffled,local_gradient,7,1.7044393510707014,0.37185929648241206,1.6847206692712766
flywire_783_mb_left_kc512_s701,742,spectral,role_shuffled,local_gradient,8,1.7003504298364913,0.3869346733668342,1.6847206692712766
flywire_783_mb_left_kc512_s701,742,spectral,role_shuffled,local_gradient,9,1.7051365741113647,0.3869346733668342,1.6847206692712766
flywire_783_mb_left_kc512_s701,742,spectral,role_shuffled,local_gradient,10,1.7075145276624137,0.3869346733668342,1.6847206692712766
flywire_783_mb_left_kc512_s701,742,spectral,role_shuffled,local_gradient,11,1.703746365656097,0.38190954773869346,1.6847206692712766
flywire_783_mb_left_kc512_s701,742,spectral,role_shuffled,local_gradient,12,1.7049777502226209,0.3869346733668342,1.6847206692712766
flywire_783_mb_left_kc512_s701,742,spectral,role_shuffled,local_gradient,13,1.7110627688838167,0.3768844221105528,1.6847206692712766
flywire_783_mb_left_kc512_s701,742,spectral,role_shuffled,local_gradient,14,1.7115428281736675,0.36683417085427134,1.6847206692712766
flywire_783_mb_left_kc512_s701,742,spectral,role_shuffled,local_gradient,15,1.7098462170637454,0.35175879396984927,1.6847206692712766
flywire_783_mb_left_kc512_s701,742,spectral,role_shuffled,local_gradient,16,1.7125121088227957,0.38190954773869346,1.6847206692712766
flywire_783_mb_left_kc512_s701,742,spectral,role_shuffled,local_gradient,17,1.7172493180237136,0.3768844221105528,1.6847206692712766
flywire_783_mb_left_kc512_s701,742,spectral,role_shuffled,local_gradient,18,1.7201515401843581,0.37185929648241206,1.6847206692712766
flywire_783_mb_left_kc512_s701,742,spectral,role_shuffled,local_gradient,19,1.7217761839656665,0.38190954773869346,1.6847206692712766
flywire_783_mb_left_kc512_s701,742,spectral,role_shuffled,local_gradient,20,1.7229206926207867,0.38190954773869346,1.6847206692712766
flywire_783_mb_left_kc512_s701,742,spectral,role_shuffled,local_gradient,21,1.7228585549306195,0.38190954773869346,1.6847206692712766
flywire_783_mb_left_kc512_s701,742,spectral,role_shuffled,local_gradient,22,1.7222163467197436,0.36180904522613067,1.6847206692712766
flywire_783_mb_left_kc512_s701,742,spectral,role_shuffled,local_gradient,23,1.7226180800010829,0.37185929648241206,1.6847206692712766
flywire_783_mb_left_kc512_s701,742,spectral,role_shuffled,local_gradient,24,1.7248054069314702,0.36180904522613067,1.6847206692712766
flywire_783_mb_left_kc512_s701,742,spectral,role_shuffled,local_gradient,25,1.7284302149487294,0.36683417085427134,1.6847206692712766
flywire_783_mb_left_kc512_s701,742,spectral,role_shuffled,local_gradient,26,1.732340516348636,0.36180904522613067,1.6847206692712766
flywire_783_mb_left_kc512_s701,742,spectral,role_shuffled,local_gradient,27,1.735523718852579,0.36180904522613067,1.6847206692712766
flywire_783_mb_left_kc512_s701,742,spectral,role_shuffled,local_gradient,28,1.7386763603963409,0.34673366834170855,1.6847206692712766
flywire_783_mb_left_kc512_s701,742,spectral,role_shuffled,local_gradient,29,1.7434372159356866,0.3417085427135678,1.6847206692712766
flywire_783_mb_left_kc512_s701,742,spectral,role_shuffled,local_gradient,30,1.749945211584226,0.35678391959798994,1.6847206692712766
flywire_783_mb_left_kc512_s701,742,spectral,role_shuffled,local_gradient,31,1.7564361029744502,0.35175879396984927,1.6847206692712766
flywire_783_mb_left_kc512_s701,742,spectral,role_shuffled,local_gradient,32,1.7612236212536785,0.34673366834170855,1.6847206692712766
flywire_783_mb_left_kc512_s701,742,spectral,role_shuffled,local_gradient,33,1.7642456509912992,0.33668341708542715,1.6847206692712766
flywire_783_mb_left_kc512_s701,742,spectral,role_shuffled,local_gradient,34,1.7663017054039214,0.36180904522613067,1.6847206692712766
flywire_783_mb_left_kc512_s701,742,spectral,role_shuffled,local_gradient,35,1.7675347004842965,0.36683417085427134,1.6847206692712766
flywire_783_mb_left_kc512_s701,742,spectral,role_shuffled,local_gradient,36,1.7678456654221115,0.36180904522613067,1.6847206692712766
flywire_783_mb_left_kc512_s701,742,spectral,role_shuffled,local_gradient,37,1.768250001458717,0.35678391959798994,1.6847206692712766
flywire_783_mb_left_kc512_s701,742,spectral,role_shuffled,local_gradient,38,1.770538888112111,0.36683417085427134,1.6847206692712766
flywire_783_mb_left_kc512_s701,742,spectral,role_shuffled,local_gradient,39,1.775712238436374,0.34673366834170855,1.6847206692712766
flywire_783_mb_left_kc512_s701,742,spectral,role_shuffled,local_gradient,40,1.783507077114105,0.3316582914572864,1.6847206692712766
flywire_783_mb_left_kc512_s701,742,spectral,role_shuffled,local_gradient,41,1.793048628788334,0.3417085427135678,1.6847206692712766
flywire_783_mb_left_kc512_s701,742,spectral,role_shuffled,local_gradient,42,1.8031035066869185,0.34673366834170855,1.6847206692712766
flywire_783_mb_left_kc512_s701,742,spectral,role_shuffled,local_gradient,43,1.8123498394476596,0.35678391959798994,1.6847206692712766
flywire_783_mb_left_kc512_s701,742,spectral,role_shuffled,local_gradient,44,1.8202190699055096,0.35678391959798994,1.6847206692712766
flywire_783_mb_left_kc512_s701,742,spectral,role_shuffled,local_gradient,45,1.8269129284065162,0.34673366834170855,1.6847206692712766
flywire_783_mb_left_kc512_s701,742,spectral,role_shuffled,local_gradient,46,1.8323999938424473,0.3417085427135678,1.6847206692712766
flywire_783_mb_left_kc512_s701,742,spectral,role_shuffled,local_gradient,47,1.8368272006082953,0.34673366834170855,1.6847206692712766
flywire_783_mb_left_kc512_s701,742,spectral,role_shuffled,local_gradient,48,1.8414517958921854,0.3417085427135678,1.6847206692712766
flywire_783_mb_left_kc512_s701,742,spectral,role_shuffled,local_gradient,49,1.847366442713796,0.35678391959798994,1.6847206692712766
flywire_783_mb_left_kc512_s701,742,spectral,role_shuffled,local_gradient,50,1.853698982019392,0.3316582914572864,1.6847206692712766
flywire_783_mb_left_kc512_s701,742,spectral,role_shuffled,local_gradient,51,1.8584684359787345,0.32663316582914576,1.6847206692712766
flywire_783_mb_left_kc512_s701,742,spectral,role_shuffled,local_gradient,52,1.8611721187227523,0.3316582914572864,1.6847206692712766
flywire_783_mb_left_kc512_s701,742,spectral,role_shuffled,local_gradient,53,1.8635502749490942,0.3417085427135678,1.6847206692712766
flywire_783_mb_left_kc512_s701,742,spectral,role_shuffled,local_gradient,54,1.867902832838673,0.33668341708542715,1.6847206692712766
flywire_783_mb_left_kc512_s701,742,spectral,role_shuffled,local_gradient,55,1.8757292734993325,0.32663316582914576,1.6847206692712766
flywire_783_mb_left_kc512_s701,742,spectral,role_shuffled,local_gradient,56,1.887873022922815,0.3065326633165829,1.6847206692712766
flywire_783_mb_left_kc512_s701,742,spectral,role_shuffled,local_gradient,57,1.9039088405944842,0.3316582914572864,1.6847206692712766
flywire_783_mb_left_kc512_s701,742,spectral,role_shuffled,local_gradient,58,1.9207757802858432,0.32663316582914576,1.6847206692712766
flywire_783_mb_left_kc512_s701,742,spectral,role_shuffled,local_gradient,59,1.9342991286880915,0.3165829145728643,1.6847206692712766
flywire_783_mb_left_kc512_s701,742,spectral,role_shuffled,local_gradient,60,1.9428965682999702,0.3165829145728643,1.6847206692712766
flywire_783_mb_left_kc512_s701,742,spectral,role_shuffled,local_gradient,61,1.9481518875606763,0.33668341708542715,1.6847206692712766
flywire_783_mb_left_kc512_s701,742,spectral,role_shuffled,local_gradient,62,1.9524364849424647,0.3417085427135678,1.6847206692712766
flywire_783_mb_left_kc512_s701,742,spectral,role_shuffled,local_gradient,63,1.95775636580859,0.34673366834170855,1.6847206692712766
flywire_783_mb_left_kc512_s701,742,spectral,role_shuffled,local_gradient,64,1.9656423950708848,0.34673366834170855,1.6847206692712766
flywire_783_mb_left_kc512_s701,742,spectral,role_shuffled,local_gradient,65,1.976205532696877,0.36683417085427134,1.6847206692712766
flywire_783_mb_left_kc512_s701,742,spectral,role_shuffled,local_gradient,66,1.9876465071065066,0.35175879396984927,1.6847206692712766
flywire_783_mb_left_kc512_s701,742,spectral,role_shuffled,local_gradient,67,1.9976718254774057,0.34673366834170855,1.6847206692712766
flywire_783_mb_left_kc512_s701,742,spectral,role_shuffled,local_gradient,68,2.005414055220168,0.3417085427135678,1.6847206692712766
flywire_783_mb_left_kc512_s701,742,spectral,role_shuffled,local_gradient,69,2.0118515486529582,0.33668341708542715,1.6847206692712766
flywire_783_mb_left_kc512_s701,742,spectral,role_shuffled,local_gradient,70,2.018806143249115,0.3316582914572864,1.6847206692712766
flywire_783_mb_left_kc512_s701,742,spectral,role_shuffled,local_gradient,71,2.028046487319345,0.32663316582914576,1.6847206692712766
flywire_783_mb_left_kc512_s701,742,spectral,role_shuffled,local_gradient,72,2.040987821819235,0.3065326633165829,1.6847206692712766
flywire_783_mb_left_kc512_s701,742,spectral,role_shuffled,local_gradient,73,2.0578609247795296,0.2964824120603015,1.6847206692712766
flywire_783_mb_left_kc512_s701,742,spectral,role_shuffled,local_gradient,74,2.0765106624191354,0.2814070351758794,1.6847206692712766
flywire_783_mb_left_kc512_s701,742,spectral,role_shuffled,local_gradient,75,2.0932094598964595,0.27638190954773867,1.6847206692712766
flywire_783_mb_left_kc512_s701,742,spectral,role_shuffled,local_gradient,76,2.1056177814043,0.27638190954773867,1.6847206692712766
flywire_783_mb_left_kc512_s701,742,spectral,role_shuffled,local_gradient,77,2.1143471789647728,0.27638190954773867,1.6847206692712766
flywire_783_mb_left_kc512_s701,742,spectral,role_shuffled,local_gradient,78,2.121680794526897,0.27638190954773867,1.6847206692712766
flywire_783_mb_left_kc512_s701,742,spectral,role_shuffled,local_gradient,79,2.129830491530819,0.2814070351758794,1.6847206692712766
flywire_783_mb_left_kc512_s701,742,spectral,role_shuffled,local_gradient,80,2.1402480109159634,0.2914572864321608,1.6847206692712766
flywire_783_mb_left_kc512_s701,742,spectral,role_shuffled,local_gradient,81,2.153300474357377,0.2964824120603015,1.6847206692712766
flywire_783_mb_left_kc512_s701,742,spectral,role_shuffled,local_gradient,82,2.168125559850661,0.3065326633165829,1.6847206692712766
flywire_783_mb_left_kc512_s701,742,spectral,role_shuffled,local_gradient,83,2.183261446121578,0.3165829145728643,1.6847206692712766
flywire_783_mb_left_kc512_s701,742,spectral,role_shuffled,local_gradient,84,2.1977020924904673,0.3065326633165829,1.6847206692712766
flywire_783_mb_left_kc512_s701,742,spectral,role_shuffled,local_gradient,85,2.211396737556535,0.3065326633165829,1.6847206692712766
flywire_783_mb_left_kc512_s701,742,spectral,role_shuffled,local_gradient,86,2.2249691040576858,0.2914572864321608,1.6847206692712766
flywire_783_mb_left_kc512_s701,742,spectral,role_shuffled,local_gradient,87,2.2392264840364797,0.2864321608040201,1.6847206692712766
flywire_783_mb_left_kc512_s701,742,spectral,role_shuffled,local_gradient,88,2.254854131307866,0.2864321608040201,1.6847206692712766
flywire_783_mb_left_kc512_s701,742,spectral,role_shuffled,local_gradient,89,2.2721164457884138,0.27638190954773867,1.6847206692712766
flywire_783_mb_left_kc512_s701,742,spectral,role_shuffled,local_gradient,90,2.2904918218036583,0.271356783919598,1.6847206692712766
flywire_783_mb_left_kc512_s701,742,spectral,role_shuffled,local_gradient,91,2.308741852621449,0.271356783919598,1.6847206692712766
flywire_783_mb_left_kc512_s701,742,spectral,role_shuffled,local_gradient,92,2.3256704673709407,0.271356783919598,1.6847206692712766
flywire_783_mb_left_kc512_s701,742,spectral,role_shuffled,local_gradient,93,2.340896902196572,0.27638190954773867,1.6847206692712766
flywire_783_mb_left_kc512_s701,742,spectral,role_shuffled,local_gradient,94,2.354911316205242,0.2814070351758794,1.6847206692712766
flywire_783_mb_left_kc512_s701,742,spectral,role_shuffled,local_gradient,95,2.3685838032177693,0.2864321608040201,1.6847206692712766
flywire_783_mb_left_kc512_s701,742,spectral,role_shuffled,local_gradient,96,2.3827164327359136,0.2964824120603015,1.6847206692712766
flywire_783_mb_left_kc512_s701,742,spectral,role_shuffled,local_gradient,97,2.3978307696492323,0.2964824120603015,1.6847206692712766
flywire_783_mb_left_kc512_s701,742,spectral,role_shuffled,local_gradient,98,2.414088200021345,0.2864321608040201,1.6847206692712766
flywire_783_mb_left_kc512_s701,742,spectral,role_shuffled,local_gradient,99,2.4313481183487524,0.2864321608040201,1.6847206692712766
flywire_783_mb_left_kc512_s701,742,spectral,role_shuffled,local_gradient,100,2.4493781108941692,0.2914572864321608,1.6847206692712766
flywire_783_mb_left_kc512_s701,742,spectral,role_shuffled,permuted_bptt,0,3.1251230161211434,0.1407035175879397,3.1251230161211434
flywire_783_mb_left_kc512_s701,742,spectral,role_shuffled,permuted_bptt,1,3.039238525961227,0.1457286432160804,3.039238525961227
flywire_783_mb_left_kc512_s701,742,spectral,role_shuffled,permuted_bptt,2,3.0082647454006635,0.1658291457286432,3.0082647454006635
flywire_783_mb_left_kc512_s701,742,spectral,role_shuffled,permuted_bptt,3,2.9452855175430956,0.18090452261306533,2.9452855175430956
flywire_783_mb_left_kc512_s701,742,spectral,role_shuffled,permuted_bptt,4,2.9305364948494783,0.1658291457286432,2.9305364948494783
flywire_783_mb_left_kc512_s701,742,spectral,role_shuffled,permuted_bptt,5,2.889832175160412,0.18090452261306533,2.889832175160412
flywire_783_mb_left_kc512_s701,742,spectral,role_shuffled,permuted_bptt,6,2.8539386884562465,0.18592964824120603,2.8539386884562465
flywire_783_mb_left_kc512_s701,742,spectral,role_shuffled,permuted_bptt,7,2.8371208169955158,0.19095477386934673,2.8371208169955158
flywire_783_mb_left_kc512_s701,742,spectral,role_shuffled,permuted_bptt,8,2.811561627150075,0.18090452261306533,2.811561627150075
flywire_783_mb_left_kc512_s701,742,spectral,role_shuffled,permuted_bptt,9,2.786176663254186,0.20100502512562815,2.786176663254186
flywire_783_mb_left_kc512_s701,742,spectral,role_shuffled,permuted_bptt,10,2.772198407287621,0.18592964824120603,2.772198407287621
flywire_783_mb_left_kc512_s701,742,spectral,role_shuffled,permuted_bptt,11,2.7537766970240947,0.18592964824120603,2.7537766970240947
flywire_783_mb_left_kc512_s701,742,spectral,role_shuffled,permuted_bptt,12,2.730333940283075,0.19597989949748743,2.730333940283075
flywire_783_mb_left_kc512_s701,742,spectral,role_shuffled,permuted_bptt,13,2.7138394527586396,0.19597989949748743,2.7138394527586396
flywire_783_mb_left_kc512_s701,742,spectral,role_shuffled,permuted_bptt,14,2.70065022319094,0.21105527638190955,2.70065022319094
flywire_783_mb_left_kc512_s701,742,spectral,role_shuffled,permuted_bptt,15,2.683614682389828,0.22613065326633167,2.683614682389828
flywire_783_mb_left_kc512_s701,742,spectral,role_shuffled,permuted_bptt,16,2.668373276194711,0.22110552763819097,2.668373276194711
flywire_783_mb_left_kc512_s701,742,spectral,role_shuffled,permuted_bptt,17,2.6571368814245666,0.21105527638190955,2.6571368814245666
flywire_783_mb_left_kc512_s701,742,spectral,role_shuffled,permuted_bptt,18,2.6445705297741116,0.20603015075376885,2.6445705297741116
flywire_783_mb_left_kc512_s701,742,spectral,role_shuffled,permuted_bptt,19,2.630804340420511,0.23115577889447236,2.630804340420511
flywire_783_mb_left_kc512_s701,742,spectral,role_shuffled,permuted_bptt,20,2.6199486186482455,0.23115577889447236,2.6199486186482455
flywire_783_mb_left_kc512_s701,742,spectral,role_shuffled,permuted_bptt,21,2.6099422235739613,0.22613065326633167,2.6099422235739613
flywire_783_mb_left_kc512_s701,742,spectral,role_shuffled,permuted_bptt,22,2.5978689379702287,0.24623115577889448,2.5978689379702287
flywire_783_mb_left_kc512_s701,742,spectral,role_shuffled,permuted_bptt,23,2.586910725954015,0.23115577889447236,2.586910725954015
flywire_783_mb_left_kc512_s701,742,spectral,role_shuffled,permuted_bptt,24,2.57820653866105,0.23115577889447236,2.57820653866105
flywire_783_mb_left_kc512_s701,742,spectral,role_shuffled,permuted_bptt,25,2.5686592845303355,0.22110552763819097,2.5686592845303355
flywire_783_mb_left_kc512_s701,742,spectral,role_shuffled,permuted_bptt,26,2.5584143875695093,0.23618090452261306,2.5584143875695093
flywire_783_mb_left_kc512_s701,742,spectral,role_shuffled,permuted_bptt,27,2.549727766026647,0.22613065326633167,2.549727766026647
flywire_783_mb_left_kc512_s701,742,spectral,role_shuffled,permuted_bptt,28,2.541505998181097,0.23115577889447236,2.541505998181097
flywire_783_mb_left_kc512_s701,742,spectral,role_shuffled,permuted_bptt,29,2.5325493589663925,0.22110552763819097,2.5325493589663925
flywire_783_mb_left_kc512_s701,742,spectral,role_shuffled,permuted_bptt,30,2.524394352275265,0.22613065326633167,2.524394352275265
flywire_783_mb_left_kc512_s701,742,spectral,role_shuffled,permuted_bptt,31,2.516958099718295,0.24623115577889448,2.516958099718295
flywire_783_mb_left_kc512_s701,742,spectral,role_shuffled,permuted_bptt,32,2.50885589564339,0.24120603015075376,2.50885589564339
flywire_783_mb_left_kc512_s701,742,spectral,role_shuffled,permuted_bptt,33,2.5010358088422904,0.24120603015075376,2.5010358088422904
flywire_783_mb_left_kc512_s701,742,spectral,role_shuffled,permuted_bptt,34,2.494325227327215,0.23618090452261306,2.494325227327215
flywire_783_mb_left_kc512_s701,742,spectral,role_shuffled,permuted_bptt,35,2.487467343229155,0.23618090452261306,2.487467343229155
flywire_783_mb_left_kc512_s701,742,spectral,role_shuffled,permuted_bptt,36,2.48042895984265,0.23618090452261306,2.48042895984265
flywire_783_mb_left_kc512_s701,742,spectral,role_shuffled,permuted_bptt,37,2.4740838014241113,0.24120603015075376,2.4740838014241113
flywire_783_mb_left_kc512_s701,742,spectral,role_shuffled,permuted_bptt,38,2.46776844082443,0.24623115577889448,2.46776844082443
flywire_783_mb_left_kc512_s701,742,spectral,role_shuffled,permuted_bptt,39,2.4613147204022736,0.25125628140703515,2.4613147204022736
flywire_783_mb_left_kc512_s701,742,spectral,role_shuffled,permuted_bptt,40,2.4555287183953545,0.2562814070351759,2.4555287183953545
flywire_783_mb_left_kc512_s701,742,spectral,role_shuffled,permuted_bptt,41,2.449975367489323,0.2562814070351759,2.449975367489323
flywire_783_mb_left_kc512_s701,742,spectral,role_shuffled,permuted_bptt,42,2.444231312178625,0.2562814070351759,2.444231312178625
flywire_783_mb_left_kc512_s701,742,spectral,role_shuffled,permuted_bptt,43,2.4388631354856325,0.24623115577889448,2.4388631354856325
flywire_783_mb_left_kc512_s701,742,spectral,role_shuffled,permuted_bptt,44,2.4337003838546365,0.24623115577889448,2.4337003838546365
flywire_783_mb_left_kc512_s701,742,spectral,role_shuffled,permuted_bptt,45,2.42847455502523,0.25125628140703515,2.42847455502523
flywire_783_mb_left_kc512_s701,742,spectral,role_shuffled,permuted_bptt,46,2.4236310892390227,0.24623115577889448,2.4236310892390227
flywire_783_mb_left_kc512_s701,742,spectral,role_shuffled,permuted_bptt,47,2.4189966339685127,0.23618090452261306,2.4189966339685127
flywire_783_mb_left_kc512_s701,742,spectral,role_shuffled,permuted_bptt,48,2.4142488025671986,0.23115577889447236,2.4142488025671986
flywire_783_mb_left_kc512_s701,742,spectral,role_shuffled,permuted_bptt,49,2.4097434383195275,0.23115577889447236,2.4097434383195275
flywire_783_mb_left_kc512_s701,742,spectral,role_shuffled,permuted_bptt,50,2.4054138451524842,0.23115577889447236,2.4054138451524842
flywire_783_mb_left_kc512_s701,742,spectral,role_shuffled,permuted_bptt,51,2.401058596325712,0.23618090452261306,2.401058596325712
flywire_783_mb_left_kc512_s701,742,spectral,role_shuffled,permuted_bptt,52,2.3969268643716313,0.24120603015075376,2.3969268643716313
flywire_783_mb_left_kc512_s701,742,spectral,role_shuffled,permuted_bptt,53,2.3929263969316477,0.24623115577889448,2.3929263969316477
flywire_783_mb_left_kc512_s701,742,spectral,role_shuffled,permuted_bptt,54,2.3889254297067084,0.24623115577889448,2.3889254297067084
flywire_783_mb_left_kc512_s701,742,spectral,role_shuffled,permuted_bptt,55,2.385114341492161,0.25125628140703515,2.385114341492161
flywire_783_mb_left_kc512_s701,742,spectral,role_shuffled,permuted_bptt,56,2.381377856822209,0.2562814070351759,2.381377856822209
flywire_783_mb_left_kc512_s701,742,spectral,role_shuffled,permuted_bptt,57,2.3776610277983474,0.2562814070351759,2.3776610277983474
flywire_783_mb_left_kc512_s701,742,spectral,role_shuffled,permuted_bptt,58,2.3741278934650913,0.2663316582914573,2.3741278934650913
flywire_783_mb_left_kc512_s701,742,spectral,role_shuffled,permuted_bptt,59,2.370657964701003,0.2613065326633166,2.370657964701003
flywire_783_mb_left_kc512_s701,742,spectral,role_shuffled,permuted_bptt,60,2.367227119551729,0.2613065326633166,2.367227119551729
flywire_783_mb_left_kc512_s701,742,spectral,role_shuffled,permuted_bptt,61,2.3639316845109666,0.2613065326633166,2.3639316845109666
flywire_783_mb_left_kc512_s701,742,spectral,role_shuffled,permuted_bptt,62,2.360674335450645,0.2613065326633166,2.360674335450645
flywire_783_mb_left_kc512_s701,742,spectral,role_shuffled,permuted_bptt,63,2.3574888910911436,0.2562814070351759,2.3574888910911436
flywire_783_mb_left_kc512_s701,742,spectral,role_shuffled,permuted_bptt,64,2.354410632633591,0.2562814070351759,2.354410632633591
flywire_783_mb_left_kc512_s701,742,spectral,role_shuffled,permuted_bptt,65,2.3513571704620118,0.2613065326633166,2.3513571704620118
flywire_783_mb_left_kc512_s701,742,spectral,role_shuffled,permuted_bptt,66,2.3483916831173146,0.2613065326633166,2.3483916831173146
flywire_783_mb_left_kc512_s701,742,spectral,role_shuffled,permuted_bptt,67,2.345511375404228,0.2663316582914573,2.345511375404228
flywire_783_mb_left_kc512_s701,742,spectral,role_shuffled,permuted_bptt,68,2.342662933079637,0.2613065326633166,2.342662933079637
flywire_783_mb_left_kc512_s701,742,spectral,role_shuffled,permuted_bptt,69,2.339895436529332,0.2613065326633166,2.339895436529332
flywire_783_mb_left_kc512_s701,742,spectral,role_shuffled,permuted_bptt,70,2.3371755426276306,0.2613065326633166,2.3371755426276306
flywire_783_mb_left_kc512_s701,742,spectral,role_shuffled,permuted_bptt,71,2.334496822214648,0.2613065326633166,2.334496822214648
flywire_783_mb_left_kc512_s701,742,spectral,role_shuffled,permuted_bptt,72,2.3318940952293645,0.2613065326633166,2.3318940952293645
flywire_783_mb_left_kc512_s701,742,spectral,role_shuffled,permuted_bptt,73,2.329326913026126,0.2613065326633166,2.329326913026126
flywire_783_mb_left_kc512_s701,742,spectral,role_shuffled,permuted_bptt,74,2.3268104238098184,0.2663316582914573,2.3268104238098184
flywire_783_mb_left_kc512_s701,742,spectral,role_shuffled,permuted_bptt,75,2.32434762174205,0.2663316582914573,2.32434762174205
flywire_783_mb_left_kc512_s701,742,spectral,role_shuffled,permuted_bptt,76,2.3219159724117056,0.2663316582914573,2.3219159724117056
flywire_783_mb_left_kc512_s701,742,spectral,role_shuffled,permuted_bptt,77,2.319541583644302,0.2663316582914573,2.319541583644302
flywire_783_mb_left_kc512_s701,742,spectral,role_shuffled,permuted_bptt,78,2.317205739130214,0.271356783919598,2.317205739130214
flywire_783_mb_left_kc512_s701,742,spectral,role_shuffled,permuted_bptt,79,2.3149041942511963,0.271356783919598,2.3149041942511963
flywire_783_mb_left_kc512_s701,742,spectral,role_shuffled,permuted_bptt,80,2.3126507693108285,0.271356783919598,2.3126507693108285
flywire_783_mb_left_kc512_s701,742,spectral,role_shuffled,permuted_bptt,81,2.310426827600458,0.271356783919598,2.310426827600458
flywire_783_mb_left_kc512_s701,742,spectral,role_shuffled,permuted_bptt,82,2.308243382800142,0.271356783919598,2.308243382800142
flywire_783_mb_left_kc512_s701,742,spectral,role_shuffled,permuted_bptt,83,2.3060963999500794,0.271356783919598,2.3060963999500794
flywire_783_mb_left_kc512_s701,742,spectral,role_shuffled,permuted_bptt,84,2.3039799807667998,0.271356783919598,2.3039799807667998
flywire_783_mb_left_kc512_s701,742,spectral,role_shuffled,permuted_bptt,85,2.301904434848323,0.271356783919598,2.301904434848323
flywire_783_mb_left_kc512_s701,742,spectral,role_shuffled,permuted_bptt,86,2.299857195567699,0.271356783919598,2.299857195567699
flywire_783_mb_left_kc512_s701,742,spectral,role_shuffled,permuted_bptt,87,2.2978437812610912,0.271356783919598,2.2978437812610912
flywire_783_mb_left_kc512_s701,742,spectral,role_shuffled,permuted_bptt,88,2.295864759605893,0.271356783919598,2.295864759605893
flywire_783_mb_left_kc512_s701,742,spectral,role_shuffled,permuted_bptt,89,2.2939135753511812,0.271356783919598,2.2939135753511812
flywire_783_mb_left_kc512_s701,742,spectral,role_shuffled,permuted_bptt,90,2.2919959050055643,0.271356783919598,2.2919959050055643
flywire_783_mb_left_kc512_s701,742,spectral,role_shuffled,permuted_bptt,91,2.290104911917816,0.271356783919598,2.290104911917816
flywire_783_mb_left_kc512_s701,742,spectral,role_shuffled,permuted_bptt,92,2.288243602405653,0.271356783919598,2.288243602405653
flywire_783_mb_left_kc512_s701,742,spectral,role_shuffled,permuted_bptt,93,2.2864116560335295,0.271356783919598,2.2864116560335295
flywire_783_mb_left_kc512_s701,742,spectral,role_shuffled,permuted_bptt,94,2.2846051099728566,0.271356783919598,2.2846051099728566
flywire_783_mb_left_kc512_s701,742,spectral,role_shuffled,permuted_bptt,95,2.282828001657557,0.271356783919598,2.282828001657557
flywire_783_mb_left_kc512_s701,742,spectral,role_shuffled,permuted_bptt,96,2.2810756132185266,0.271356783919598,2.2810756132185266
flywire_783_mb_left_kc512_s701,742,spectral,role_shuffled,permuted_bptt,97,2.279349444661091,0.271356783919598,2.279349444661091
flywire_783_mb_left_kc512_s701,742,spectral,role_shuffled,permuted_bptt,98,2.277648551540486,0.271356783919598,2.277648551540486
flywire_783_mb_left_kc512_s701,742,spectral,role_shuffled,permuted_bptt,99,2.275971102764471,0.271356783919598,2.275971102764471
flywire_783_mb_left_kc512_s701,742,spectral,role_shuffled,permuted_bptt,100,2.2743191604877087,0.27638190954773867,2.2743191604877087
flywire_783_mb_left_kc512_s701,742,incoming_l1,fly,frozen,0,1.6363978864681945,0.4623115577889447,1.6363978864681945
flywire_783_mb_left_kc512_s701,742,incoming_l1,fly,full_bptt,0,1.6363978864681945,0.4623115577889447,1.6363978864681945
flywire_783_mb_left_kc512_s701,742,incoming_l1,fly,full_bptt,1,1.6919129839964373,0.35678391959798994,1.6363978864681945
flywire_783_mb_left_kc512_s701,742,incoming_l1,fly,full_bptt,2,1.6728773238906054,0.40703517587939697,1.6363978864681945
flywire_783_mb_left_kc512_s701,742,incoming_l1,fly,full_bptt,3,1.6766091330444624,0.41708542713567837,1.6363978864681945
flywire_783_mb_left_kc512_s701,742,incoming_l1,fly,full_bptt,4,1.6443003557217628,0.4472361809045226,1.6363978864681945
flywire_783_mb_left_kc512_s701,742,incoming_l1,fly,full_bptt,5,1.6504107011702474,0.41708542713567837,1.6363978864681945
flywire_783_mb_left_kc512_s701,742,incoming_l1,fly,full_bptt,6,1.6630502603850803,0.41708542713567837,1.6363978864681945
flywire_783_mb_left_kc512_s701,742,incoming_l1,fly,full_bptt,7,1.6474936406044902,0.457286432160804,1.6363978864681945
flywire_783_mb_left_kc512_s701,742,incoming_l1,fly,full_bptt,8,1.6384691518349856,0.4723618090452261,1.6363978864681945
flywire_783_mb_left_kc512_s701,742,incoming_l1,fly,full_bptt,9,1.6454330978283618,0.4371859296482412,1.6363978864681945
flywire_783_mb_left_kc512_s701,742,incoming_l1,fly,full_bptt,10,1.6464757519072972,0.45226130653266333,1.6363978864681945
flywire_783_mb_left_kc512_s701,742,incoming_l1,fly,full_bptt,11,1.6386346797626492,0.46733668341708545,1.6363978864681945
flywire_783_mb_left_kc512_s701,742,incoming_l1,fly,full_bptt,12,1.6352659919230645,0.45226130653266333,1.6352659919230645
flywire_783_mb_left_kc512_s701,742,incoming_l1,fly,full_bptt,13,1.6389433273124059,0.4271356783919598,1.6352659919230645
flywire_783_mb_left_kc512_s701,742,incoming_l1,fly,full_bptt,14,1.6392992752588786,0.41708542713567837,1.6352659919230645
flywire_783_mb_left_kc512_s701,742,incoming_l1,fly,full_bptt,15,1.6343130583007826,0.4371859296482412,1.6343130583007826
flywire_783_mb_left_kc512_s701,742,incoming_l1,fly,full_bptt,16,1.6325896611243769,0.4472361809045226,1.6325896611243769
flywire_783_mb_left_kc512_s701,742,incoming_l1,fly,full_bptt,17,1.6353068833800448,0.4472361809045226,1.6325896611243769
flywire_783_mb_left_kc512_s701,742,incoming_l1,fly,full_bptt,18,1.6350938704789713,0.44221105527638194,1.6325896611243769
flywire_783_mb_left_kc512_s701,742,incoming_l1,fly,full_bptt,19,1.6311726530250372,0.4472361809045226,1.6311726530250372
flywire_783_mb_left_kc512_s701,742,incoming_l1,fly,full_bptt,20,1.6296521765011145,0.4623115577889447,1.6296521765011145
flywire_783_mb_left_kc512_s701,742,incoming_l1,fly,full_bptt,21,1.631761138231823,0.4472361809045226,1.6296521765011145
flywire_783_mb_left_kc512_s701,742,incoming_l1,fly,full_bptt,22,1.632231185154751,0.44221105527638194,1.6296521765011145
flywire_783_mb_left_kc512_s701,742,incoming_l1,fly,full_bptt,23,1.6295358458455464,0.46733668341708545,1.6295358458455464
flywire_783_mb_left_kc512_s701,742,incoming_l1,fly,full_bptt,24,1.628045838070558,0.4824120603015075,1.628045838070558
flywire_783_mb_left_kc512_s701,742,incoming_l1,fly,full_bptt,25,1.6293462780179568,0.46733668341708545,1.628045838070558
flywire_783_mb_left_kc512_s701,742,incoming_l1,fly,full_bptt,26,1.6298188684122499,0.46733668341708545,1.628045838070558
flywire_783_mb_left_kc512_s701,742,incoming_l1,fly,full_bptt,27,1.6280134974465643,0.4824120603015075,1.6280134974465643
flywire_783_mb_left_kc512_s701,742,incoming_l1,fly,full_bptt,28,1.6268429496193986,0.47738693467336685,1.6268429496193986
flywire_783_mb_left_kc512_s701,742,incoming_l1,fly,full_bptt,29,1.6275459130161982,0.4623115577889447,1.6268429496193986
flywire_783_mb_left_kc512_s701,742,incoming_l1,fly,full_bptt,30,1.6277363492566872,0.4623115577889447,1.6268429496193986
flywire_783_mb_left_kc512_s701,742,incoming_l1,fly,full_bptt,31,1.6265279411084048,0.4623115577889447,1.6265279411084048
flywire_783_mb_left_kc512_s701,742,incoming_l1,fly,full_bptt,32,1.625886454872501,0.4723618090452261,1.625886454872501
flywire_783_mb_left_kc512_s701,742,incoming_l1,fly,full_bptt,33,1.6263389981374317,0.4723618090452261,1.625886454872501
flywire_783_mb_left_kc512_s701,742,incoming_l1,fly,full_bptt,34,1.626213747101446,0.46733668341708545,1.625886454872501
flywire_783_mb_left_kc512_s701,742,incoming_l1,fly,full_bptt,35,1.625277686017539,0.4723618090452261,1.625277686017539
flywire_783_mb_left_kc512_s701,742,incoming_l1,fly,full_bptt,36,1.6249456035532923,0.4723618090452261,1.6249456035532923
flywire_783_mb_left_kc512_s701,742,incoming_l1,fly,full_bptt,37,1.625185633314332,0.46733668341708545,1.6249456035532923
flywire_783_mb_left_kc512_s701,742,incoming_l1,fly,full_bptt,38,1.6248739612107221,0.4824120603015075,1.6248739612107221
flywire_783_mb_left_kc512_s701,742,incoming_l1,fly,full_bptt,39,1.6242945446527817,0.48743718592964824,1.6242945446527817
flywire_783_mb_left_kc512_s701,742,incoming_l1,fly,full_bptt,40,1.6242514120627136,0.48743718592964824,1.6242514120627136
flywire_783_mb_left_kc512_s701,742,incoming_l1,fly,full_bptt,41,1.6242639411905082,0.48743718592964824,1.6242514120627136
flywire_783_mb_left_kc512_s701,742,incoming_l1,fly,full_bptt,42,1.6237797844629307,0.4824120603015075,1.6237797844629307
flywire_783_mb_left_kc512_s701,742,incoming_l1,fly,full_bptt,43,1.6233923326620705,0.48743718592964824,1.6233923326620705
flywire_783_mb_left_kc512_s701,742,incoming_l1,fly,full_bptt,44,1.6234461174451342,0.4824120603015075,1.6233923326620705
flywire_783_mb_left_kc512_s701,742,incoming_l1,fly,full_bptt,45,1.6233308629289094,0.4824120603015075,1.6233308629289094
flywire_783_mb_left_kc512_s701,742,incoming_l1,fly,full_bptt,46,1.6229276853898114,0.48743718592964824,1.6229276853898114
flywire_783_mb_left_kc512_s701,742,incoming_l1,fly,full_bptt,47,1.6227485120121654,0.4824120603015075,1.6227485120121654
flywire_783_mb_left_kc512_s701,742,incoming_l1,fly,full_bptt,48,1.622708415199873,0.48743718592964824,1.622708415199873
flywire_783_mb_left_kc512_s701,742,incoming_l1,fly,full_bptt,49,1.6224453046031133,0.48743718592964824,1.6224453046031133
flywire_783_mb_left_kc512_s701,742,incoming_l1,fly,full_bptt,50,1.6221742439726436,0.49246231155778897,1.6221742439726436
flywire_783_mb_left_kc512_s701,742,incoming_l1,fly,full_bptt,51,1.622099472098892,0.48743718592964824,1.622099472098892
flywire_783_mb_left_kc512_s701,742,incoming_l1,fly,full_bptt,52,1.621946747947477,0.48743718592964824,1.621946747947477
flywire_783_mb_left_kc512_s701,742,incoming_l1,fly,full_bptt,53,1.6216827441724155,0.4824120603015075,1.6216827441724155
flywire_783_mb_left_kc512_s701,742,incoming_l1,fly,full_bptt,54,1.6215594598377232,0.4824120603015075,1.6215594598377232
flywire_783_mb_left_kc512_s701,742,incoming_l1,fly,full_bptt,55,1.6214646052766182,0.48743718592964824,1.6214646052766182
flywire_783_mb_left_kc512_s701,742,incoming_l1,fly,full_bptt,56,1.621228564078263,0.48743718592964824,1.621228564078263
flywire_783_mb_left_kc512_s701,742,incoming_l1,fly,full_bptt,57,1.6210406899791878,0.48743718592964824,1.6210406899791878
flywire_783_mb_left_kc512_s701,742,incoming_l1,fly,full_bptt,58,1.6209580011091889,0.48743718592964824,1.6209580011091889
flywire_783_mb_left_kc512_s701,742,incoming_l1,fly,full_bptt,59,1.6207854796171155,0.48743718592964824,1.6207854796171155
flywire_783_mb_left_kc512_s701,742,incoming_l1,fly,full_bptt,60,1.6205773326224675,0.49246231155778897,1.6205773326224675
flywire_783_mb_left_kc512_s701,742,incoming_l1,fly,full_bptt,61,1.6204732811495646,0.49246231155778897,1.6204732811495646
flywire_783_mb_left_kc512_s701,742,incoming_l1,fly,full_bptt,62,1.620349368330862,0.49246231155778897,1.620349368330862
flywire_783_mb_left_kc512_s701,742,incoming_l1,fly,full_bptt,63,1.6201504346969928,0.48743718592964824,1.6201504346969928
flywire_783_mb_left_kc512_s701,742,incoming_l1,fly,full_bptt,64,1.6200102818868511,0.48743718592964824,1.6200102818868511
flywire_783_mb_left_kc512_s701,742,incoming_l1,fly,full_bptt,65,1.6199035309383103,0.48743718592964824,1.6199035309383103
flywire_783_mb_left_kc512_s701,742,incoming_l1,fly,full_bptt,66,1.6197364107956345,0.48743718592964824,1.6197364107956345
flywire_783_mb_left_kc512_s701,742,incoming_l1,fly,full_bptt,67,1.6195817925323674,0.48743718592964824,1.6195817925323674
flywire_783_mb_left_kc512_s701,742,incoming_l1,fly,full_bptt,68,1.61946752847692,0.48743718592964824,1.61946752847692
flywire_783_mb_left_kc512_s701,742,incoming_l1,fly,full_bptt,69,1.6193220098284524,0.48743718592964824,1.6193220098284524
flywire_783_mb_left_kc512_s701,742,incoming_l1,fly,full_bptt,70,1.619171553255632,0.48743718592964824,1.619171553255632
flywire_783_mb_left_kc512_s701,742,incoming_l1,fly,full_bptt,71,1.619052423081905,0.48743718592964824,1.619052423081905
flywire_783_mb_left_kc512_s701,742,incoming_l1,fly,full_bptt,72,1.618915946946948,0.48743718592964824,1.618915946946948
flywire_783_mb_left_kc512_s701,742,incoming_l1,fly,full_bptt,73,1.6187687184116044,0.48743718592964824,1.6187687184116044
flywire_783_mb_left_kc512_s701,742,incoming_l1,fly,full_bptt,74,1.6186463642141864,0.48743718592964824,1.6186463642141864
flywire_783_mb_left_kc512_s701,742,incoming_l1,fly,full_bptt,75,1.6185169926453247,0.48743718592964824,1.6185169926453247
flywire_783_mb_left_kc512_s701,742,incoming_l1,fly,full_bptt,76,1.6183765517065667,0.48743718592964824,1.6183765517065667
flywire_783_mb_left_kc512_s701,742,incoming_l1,fly,full_bptt,77,1.6182539958875664,0.48743718592964824,1.6182539958875664
flywire_783_mb_left_kc512_s701,742,incoming_l1,fly,full_bptt,78,1.6181281195721637,0.48743718592964824,1.6181281195721637
flywire_783_mb_left_kc512_s701,742,incoming_l1,fly,full_bptt,79,1.6179911717769833,0.48743718592964824,1.6179911717769833
flywire_783_mb_left_kc512_s701,742,incoming_l1,fly,full_bptt,80,1.6178677341300265,0.48743718592964824,1.6178677341300265
flywire_783_mb_left_kc512_s701,742,incoming_l1,fly,full_bptt,81,1.6177450004954619,0.48743718592964824,1.6177450004954619
flywire_783_mb_left_kc512_s701,742,incoming_l1,fly,full_bptt,82,1.617613771601154,0.48743718592964824,1.617613771601154
flywire_783_mb_left_kc512_s701,742,incoming_l1,fly,full_bptt,83,1.6174919150831852,0.48743718592964824,1.6174919150831852
flywire_783_mb_left_kc512_s701,742,incoming_l1,fly,full_bptt,84,1.6173703065121598,0.48743718592964824,1.6173703065121598
flywire_783_mb_left_kc512_s701,742,incoming_l1,fly,full_bptt,85,1.6172415229481798,0.48743718592964824,1.6172415229481798
flywire_783_mb_left_kc512_s701,742,incoming_l1,fly,full_bptt,86,1.6171209765289813,0.48743718592964824,1.6171209765289813
flywire_783_mb_left_kc512_s701,742,incoming_l1,fly,full_bptt,87,1.6170019881561537,0.48743718592964824,1.6170019881561537
flywire_783_mb_left_kc512_s701,742,incoming_l1,fly,full_bptt,88,1.6168770196642717,0.48743718592964824,1.6168770196642717
flywire_783_mb_left_kc512_s701,742,incoming_l1,fly,full_bptt,89,1.6167576659929188,0.48743718592964824,1.6167576659929188
flywire_783_mb_left_kc512_s701,742,incoming_l1,fly,full_bptt,90,1.616639540879576,0.48743718592964824,1.616639540879576
flywire_783_mb_left_kc512_s701,742,incoming_l1,fly,full_bptt,91,1.6165169840276903,0.48743718592964824,1.6165169840276903
flywire_783_mb_left_kc512_s701,742,incoming_l1,fly,full_bptt,92,1.6163991793431056,0.48743718592964824,1.6163991793431056
flywire_783_mb_left_kc512_s701,742,incoming_l1,fly,full_bptt,93,1.6162827613629656,0.48743718592964824,1.6162827613629656
flywire_783_mb_left_kc512_s701,742,incoming_l1,fly,full_bptt,94,1.6161630969271248,0.48743718592964824,1.6161630969271248
flywire_783_mb_left_kc512_s701,742,incoming_l1,fly,full_bptt,95,1.6160466113071952,0.48743718592964824,1.6160466113071952
flywire_783_mb_left_kc512_s701,742,incoming_l1,fly,full_bptt,96,1.6159308641617176,0.48743718592964824,1.6159308641617176
flywire_783_mb_left_kc512_s701,742,incoming_l1,fly,full_bptt,97,1.6158133175887772,0.48743718592964824,1.6158133175887772
flywire_783_mb_left_kc512_s701,742,incoming_l1,fly,full_bptt,98,1.6156984357206419,0.48743718592964824,1.6156984357206419
flywire_783_mb_left_kc512_s701,742,incoming_l1,fly,full_bptt,99,1.615583897790529,0.48743718592964824,1.615583897790529
flywire_783_mb_left_kc512_s701,742,incoming_l1,fly,full_bptt,100,1.6154685419196788,0.48743718592964824,1.6154685419196788
flywire_783_mb_left_kc512_s701,742,incoming_l1,fly,local_gradient,0,1.6363978864681945,0.4623115577889447,1.6363978864681945
flywire_783_mb_left_kc512_s701,742,incoming_l1,fly,local_gradient,1,1.6779423126116753,0.36683417085427134,1.6363978864681945
flywire_783_mb_left_kc512_s701,742,incoming_l1,fly,local_gradient,2,1.6857051354030614,0.44221105527638194,1.6363978864681945
flywire_783_mb_left_kc512_s701,742,incoming_l1,fly,local_gradient,3,1.6538437094887357,0.41708542713567837,1.6363978864681945
flywire_783_mb_left_kc512_s701,742,incoming_l1,fly,local_gradient,4,1.655033840302585,0.4321608040201005,1.6363978864681945
flywire_783_mb_left_kc512_s701,742,incoming_l1,fly,local_gradient,5,1.662144805692056,0.4120603015075377,1.6363978864681945
flywire_783_mb_left_kc512_s701,742,incoming_l1,fly,local_gradient,6,1.6534050082347296,0.45226130653266333,1.6363978864681945
flywire_783_mb_left_kc512_s701,742,incoming_l1,fly,local_gradient,7,1.6471563551088642,0.4472361809045226,1.6363978864681945
flywire_783_mb_left_kc512_s701,742,incoming_l1,fly,local_gradient,8,1.6517755553726317,0.44221105527638194,1.6363978864681945
flywire_783_mb_left_kc512_s701,742,incoming_l1,fly,local_gradient,9,1.6540495154928163,0.45226130653266333,1.6363978864681945
flywire_783_mb_left_kc512_s701,742,incoming_l1,fly,local_gradient,10,1.6492658464456338,0.4271356783919598,1.6363978864681945
flywire_783_mb_left_kc512_s701,742,incoming_l1,fly,local_gradient,11,1.6459381138576705,0.4371859296482412,1.6363978864681945
flywire_783_mb_left_kc512_s701,742,incoming_l1,fly,local_gradient,12,1.6478466631471544,0.41708542713567837,1.6363978864681945
flywire_783_mb_left_kc512_s701,742,incoming_l1,fly,local_gradient,13,1.6490029430380608,0.4120603015075377,1.6363978864681945
flywire_783_mb_left_kc512_s701,742,incoming_l1,fly,local_gradient,14,1.646395414776318,0.44221105527638194,1.6363978864681945
flywire_783_mb_left_kc512_s701,742,incoming_l1,fly,local_gradient,15,1.6442084898356206,0.44221105527638194,1.6363978864681945
flywire_783_mb_left_kc512_s701,742,incoming_l1,fly,local_gradient,16,1.6449733733114555,0.45226130653266333,1.6363978864681945
flywire_783_mb_left_kc512_s701,742,incoming_l1,fly,local_gradient,17,1.6461672418658782,0.4623115577889447,1.6363978864681945
flywire_783_mb_left_kc512_s701,742,incoming_l1,fly,local_gradient,18,1.645556867251519,0.46733668341708545,1.6363978864681945
flywire_783_mb_left_kc512_s701,742,incoming_l1,fly,local_gradient,19,1.6442699157273895,0.4623115577889447,1.6363978864681945
flywire_783_mb_left_kc512_s701,742,incoming_l1,fly,local_gradient,20,1.6441262389662643,0.457286432160804,1.6363978864681945
flywire_783_mb_left_kc512_s701,742,incoming_l1,fly,local_gradient,21,1.644746326363262,0.457286432160804,1.6363978864681945
flywire_783_mb_left_kc512_s701,742,incoming_l1,fly,local_gradient,22,1.6444961542541188,0.4472361809045226,1.6363978864681945
flywire_783_mb_left_kc512_s701,742,incoming_l1,fly,local_gradient,23,1.6434076985497725,0.457286432160804,1.6363978864681945
flywire_783_mb_left_kc512_s701,742,incoming_l1,fly,local_gradient,24,1.6429203845149587,0.457286432160804,1.6363978864681945
flywire_783_mb_left_kc512_s701,742,incoming_l1,fly,local_gradient,25,1.6432691245352586,0.45226130653266333,1.6363978864681945
flywire_783_mb_left_kc512_s701,742,incoming_l1,fly,local_gradient,26,1.6435487654441547,0.4623115577889447,1.6363978864681945
flywire_783_mb_left_kc512_s701,742,incoming_l1,fly,local_gradient,27,1.6435845556657753,0.4623115577889447,1.6363978864681945
flywire_783_mb_left_kc512_s701,742,incoming_l1,fly,local_gradient,28,1.6437201782456006,0.457286432160804,1.6363978864681945
flywire_783_mb_left_kc512_s701,742,incoming_l1,fly,local_gradient,29,1.6438336429657332,0.457286432160804,1.6363978864681945
flywire_783_mb_left_kc512_s701,742,incoming_l1,fly,local_gradient,30,1.6434381231377875,0.45226130653266333,1.6363978864681945
flywire_783_mb_left_kc512_s701,742,incoming_l1,fly,local_gradient,31,1.6425260287566839,0.45226130653266333,1.6363978864681945
flywire_783_mb_left_kc512_s701,742,incoming_l1,fly,local_gradient,32,1.6419649013304682,0.457286432160804,1.6363978864681945
flywire_783_mb_left_kc512_s701,742,incoming_l1,fly,local_gradient,33,1.6421931941871382,0.457286432160804,1.6363978864681945
flywire_783_mb_left_kc512_s701,742,incoming_l1,fly,local_gradient,34,1.6424878900002142,0.45226130653266333,1.6363978864681945
flywire_783_mb_left_kc512_s701,742,incoming_l1,fly,local_gradient,35,1.642480800122416,0.4472361809045226,1.6363978864681945
flywire_783_mb_left_kc512_s701,742,incoming_l1,fly,local_gradient,36,1.6426481549766248,0.4472361809045226,1.6363978864681945
flywire_783_mb_left_kc512_s701,742,incoming_l1,fly,local_gradient,37,1.6430970534977054,0.4623115577889447,1.6363978864681945
flywire_783_mb_left_kc512_s701,742,incoming_l1,fly,local_gradient,38,1.6433972480594154,0.46733668341708545,1.6363978864681945
flywire_783_mb_left_kc512_s701,742,incoming_l1,fly,local_gradient,39,1.6433082318997243,0.4723618090452261,1.6363978864681945
flywire_783_mb_left_kc512_s701,742,incoming_l1,fly,local_gradient,40,1.6429692874410011,0.46733668341708545,1.6363978864681945
flywire_783_mb_left_kc512_s701,742,incoming_l1,fly,local_gradient,41,1.6425979308336203,0.46733668341708545,1.6363978864681945
flywire_783_mb_left_kc512_s701,742,incoming_l1,fly,local_gradient,42,1.6422128097378017,0.4623115577889447,1.6363978864681945
flywire_783_mb_left_kc512_s701,742,incoming_l1,fly,local_gradient,43,1.641802938303089,0.457286432160804,1.6363978864681945
flywire_783_mb_left_kc512_s701,742,incoming_l1,fly,local_gradient,44,1.6415952518661283,0.457286432160804,1.6363978864681945
flywire_783_mb_left_kc512_s701,742,incoming_l1,fly,local_gradient,45,1.6417271004835423,0.457286432160804,1.6363978864681945
flywire_783_mb_left_kc512_s701,742,incoming_l1,fly,local_gradient,46,1.641986072623879,0.46733668341708545,1.6363978864681945
flywire_783_mb_left_kc512_s701,742,incoming_l1,fly,local_gradient,47,1.6421708820326515,0.4623115577889447,1.6363978864681945
flywire_783_mb_left_kc512_s701,742,incoming_l1,fly,local_gradient,48,1.6423041488169852,0.4623115577889447,1.6363978864681945
flywire_783_mb_left_kc512_s701,742,incoming_l1,fly,local_gradient,49,1.642413294366484,0.457286432160804,1.6363978864681945
flywire_783_mb_left_kc512_s701,742,incoming_l1,fly,local_gradient,50,1.6424699529028708,0.4623115577889447,1.6363978864681945
flywire_783_mb_left_kc512_s701,742,incoming_l1,fly,local_gradient,51,1.6425199704838669,0.457286432160804,1.6363978864681945
flywire_783_mb_left_kc512_s701,742,incoming_l1,fly,local_gradient,52,1.6425873783041491,0.45226130653266333,1.6363978864681945
flywire_783_mb_left_kc512_s701,742,incoming_l1,fly,local_gradient,53,1.6425673086784836,0.4472361809045226,1.6363978864681945
flywire_783_mb_left_kc512_s701,742,incoming_l1,fly,local_gradient,54,1.6424297920947517,0.45226130653266333,1.6363978864681945
flywire_783_mb_left_kc512_s701,742,incoming_l1,fly,local_gradient,55,1.64228572983443,0.4623115577889447,1.6363978864681945
flywire_783_mb_left_kc512_s701,742,incoming_l1,fly,local_gradient,56,1.642209717387948,0.4623115577889447,1.6363978864681945
flywire_783_mb_left_kc512_s701,742,incoming_l1,fly,local_gradient,57,1.6422169135713087,0.4623115577889447,1.6363978864681945
flywire_783_mb_left_kc512_s701,742,incoming_l1,fly,local_gradient,58,1.6423085864044706,0.4623115577889447,1.6363978864681945
flywire_783_mb_left_kc512_s701,742,incoming_l1,fly,local_gradient,59,1.6424546971237932,0.4623115577889447,1.6363978864681945
flywire_783_mb_left_kc512_s701,742,incoming_l1,fly,local_gradient,60,1.6426020034292494,0.4623115577889447,1.6363978864681945
flywire_783_mb_left_kc512_s701,742,incoming_l1,fly,local_gradient,61,1.6427416431919328,0.457286432160804,1.6363978864681945
flywire_783_mb_left_kc512_s701,742,incoming_l1,fly,local_gradient,62,1.6429044642510549,0.45226130653266333,1.6363978864681945
flywire_783_mb_left_kc512_s701,742,incoming_l1,fly,local_gradient,63,1.6430626439657812,0.4472361809045226,1.6363978864681945
flywire_783_mb_left_kc512_s701,742,incoming_l1,fly,local_gradient,64,1.6431366105292144,0.4472361809045226,1.6363978864681945
flywire_783_mb_left_kc512_s701,742,incoming_l1,fly,local_gradient,65,1.643089853141334,0.44221105527638194,1.6363978864681945
flywire_783_mb_left_kc512_s701,742,incoming_l1,fly,local_gradient,66,1.6429843180146981,0.4472361809045226,1.6363978864681945
flywire_783_mb_left_kc512_s701,742,incoming_l1,fly,local_gradient,67,1.6429227512816142,0.457286432160804,1.6363978864681945
flywire_783_mb_left_kc512_s701,742,incoming_l1,fly,local_gradient,68,1.6429346521072965,0.46733668341708545,1.6363978864681945
flywire_783_mb_left_kc512_s701,742,incoming_l1,fly,local_gradient,69,1.643005073861246,0.46733668341708545,1.6363978864681945
flywire_783_mb_left_kc512_s701,742,incoming_l1,fly,local_gradient,70,1.6431411506011933,0.46733668341708545,1.6363978864681945
flywire_783_mb_left_kc512_s701,742,incoming_l1,fly,local_gradient,71,1.6433448861259476,0.4623115577889447,1.6363978864681945
flywire_783_mb_left_kc512_s701,742,incoming_l1,fly,local_gradient,72,1.6435815868280652,0.4623115577889447,1.6363978864681945
flywire_783_mb_left_kc512_s701,742,incoming_l1,fly,local_gradient,73,1.6437958207525738,0.457286432160804,1.6363978864681945
flywire_783_mb_left_kc512_s701,742,incoming_l1,fly,local_gradient,74,1.6439467727442885,0.4472361809045226,1.6363978864681945
flywire_783_mb_left_kc512_s701,742,incoming_l1,fly,local_gradient,75,1.6440186909740906,0.4472361809045226,1.6363978864681945
flywire_783_mb_left_kc512_s701,742,incoming_l1,fly,local_gradient,76,1.6440343299685973,0.4472361809045226,1.6363978864681945
flywire_783_mb_left_kc512_s701,742,incoming_l1,fly,local_gradient,77,1.644037399811603,0.4472361809045226,1.6363978864681945
flywire_783_mb_left_kc512_s701,742,incoming_l1,fly,local_gradient,78,1.644048366409771,0.4472361809045226,1.6363978864681945
flywire_783_mb_left_kc512_s701,742,incoming_l1,fly,local_gradient,79,1.644086752479166,0.45226130653266333,1.6363978864681945
flywire_783_mb_left_kc512_s701,742,incoming_l1,fly,local_gradient,80,1.6441815915475315,0.457286432160804,1.6363978864681945
flywire_783_mb_left_kc512_s701,742,incoming_l1,fly,local_gradient,81,1.64433693812683,0.457286432160804,1.6363978864681945
flywire_783_mb_left_kc512_s701,742,incoming_l1,fly,local_gradient,82,1.6445323339257885,0.45226130653266333,1.6363978864681945
flywire_783_mb_left_kc512_s701,742,incoming_l1,fly,local_gradient,83,1.6447552444864764,0.45226130653266333,1.6363978864681945
flywire_783_mb_left_kc512_s701,742,incoming_l1,fly,local_gradient,84,1.6449983138197823,0.44221105527638194,1.6363978864681945
flywire_783_mb_left_kc512_s701,742,incoming_l1,fly,local_gradient,85,1.6452319188796636,0.44221105527638194,1.6363978864681945
flywire_783_mb_left_kc512_s701,742,incoming_l1,fly,local_gradient,86,1.6454141073898982,0.4371859296482412,1.6363978864681945
flywire_783_mb_left_kc512_s701,742,incoming_l1,fly,local_gradient,87,1.6455225109413671,0.44221105527638194,1.6363978864681945
flywire_783_mb_left_kc512_s701,742,incoming_l1,fly,local_gradient,88,1.6455748839912954,0.44221105527638194,1.6363978864681945
flywire_783_mb_left_kc512_s701,742,incoming_l1,fly,local_gradient,89,1.6456220467507512,0.4472361809045226,1.6363978864681945
flywire_783_mb_left_kc512_s701,742,incoming_l1,fly,local_gradient,90,1.645710933206653,0.4472361809045226,1.6363978864681945
flywire_783_mb_left_kc512_s701,742,incoming_l1,fly,local_gradient,91,1.6458519875024509,0.45226130653266333,1.6363978864681945
flywire_783_mb_left_kc512_s701,742,incoming_l1,fly,local_gradient,92,1.6460354552527643,0.45226130653266333,1.6363978864681945
flywire_783_mb_left_kc512_s701,742,incoming_l1,fly,local_gradient,93,1.646252083104526,0.45226130653266333,1.6363978864681945
flywire_783_mb_left_kc512_s701,742,incoming_l1,fly,local_gradient,94,1.646484148595426,0.45226130653266333,1.6363978864681945
flywire_783_mb_left_kc512_s701,742,incoming_l1,fly,local_gradient,95,1.646706942825276,0.45226130653266333,1.6363978864681945
flywire_783_mb_left_kc512_s701,742,incoming_l1,fly,local_gradient,96,1.6469033668855935,0.44221105527638194,1.6363978864681945
flywire_783_mb_left_kc512_s701,742,incoming_l1,fly,local_gradient,97,1.6470692054254916,0.44221105527638194,1.6363978864681945
flywire_783_mb_left_kc512_s701,742,incoming_l1,fly,local_gradient,98,1.647212313592305,0.44221105527638194,1.6363978864681945
flywire_783_mb_left_kc512_s701,742,incoming_l1,fly,local_gradient,99,1.6473541806047842,0.45226130653266333,1.6363978864681945
flywire_783_mb_left_kc512_s701,742,incoming_l1,fly,local_gradient,100,1.647511550294577,0.45226130653266333,1.6363978864681945
flywire_783_mb_left_kc512_s701,742,incoming_l1,fly,permuted_bptt,0,3.3400023966604797,0.1457286432160804,3.3400023966604797
flywire_783_mb_left_kc512_s701,742,incoming_l1,fly,permuted_bptt,1,3.199437846077803,0.18090452261306533,3.199437846077803
flywire_783_mb_left_kc512_s701,742,incoming_l1,fly,permuted_bptt,2,3.1016200439803394,0.20100502512562815,3.1016200439803394
flywire_783_mb_left_kc512_s701,742,incoming_l1,fly,permuted_bptt,3,3.0515219800690763,0.21105527638190955,3.0515219800690763
flywire_783_mb_left_kc512_s701,742,incoming_l1,fly,permuted_bptt,4,3.0121758283075963,0.20603015075376885,3.0121758283075963
flywire_783_mb_left_kc512_s701,742,incoming_l1,fly,permuted_bptt,5,2.9814984034189314,0.22110552763819097,2.9814984034189314
flywire_783_mb_left_kc512_s701,742,incoming_l1,fly,permuted_bptt,6,2.9561255677562404,0.20603015075376885,2.9561255677562404
flywire_783_mb_left_kc512_s701,742,incoming_l1,fly,permuted_bptt,7,2.930747092105692,0.22110552763819097,2.930747092105692
flywire_783_mb_left_kc512_s701,742,incoming_l1,fly,permuted_bptt,8,2.903371736756432,0.21105527638190955,2.903371736756432
flywire_783_mb_left_kc512_s701,742,incoming_l1,fly,permuted_bptt,9,2.87825601190182,0.22613065326633167,2.87825601190182
flywire_783_mb_left_kc512_s701,742,incoming_l1,fly,permuted_bptt,10,2.8564283219557947,0.22110552763819097,2.8564283219557947
flywire_783_mb_left_kc512_s701,742,incoming_l1,fly,permuted_bptt,11,2.837576028330996,0.21608040201005024,2.837576028330996
flywire_783_mb_left_kc512_s701,742,incoming_l1,fly,permuted_bptt,12,2.819764320040391,0.21105527638190955,2.819764320040391
flywire_783_mb_left_kc512_s701,742,incoming_l1,fly,permuted_bptt,13,2.803985129493077,0.22613065326633167,2.803985129493077
flywire_783_mb_left_kc512_s701,742,incoming_l1,fly,permuted_bptt,14,2.7884778231437752,0.22110552763819097,2.7884778231437752
flywire_783_mb_left_kc512_s701,742,incoming_l1,fly,permuted_bptt,15,2.772496784100498,0.20603015075376885,2.772496784100498
flywire_783_mb_left_kc512_s701,742,incoming_l1,fly,permuted_bptt,16,2.7569914234839143,0.21105527638190955,2.7569914234839143
flywire_783_mb_left_kc512_s701,742,incoming_l1,fly,permuted_bptt,17,2.742420916058821,0.19095477386934673,2.742420916058821
flywire_783_mb_left_kc512_s701,742,incoming_l1,fly,permuted_bptt,18,2.7289583705466973,0.18090452261306533,2.7289583705466973
flywire_783_mb_left_kc512_s701,742,incoming_l1,fly,permuted_bptt,19,2.715892905989258,0.18592964824120603,2.715892905989258
flywire_783_mb_left_kc512_s701,742,incoming_l1,fly,permuted_bptt,20,2.704014781539358,0.19095477386934673,2.704014781539358
flywire_783_mb_left_kc512_s701,742,incoming_l1,fly,permuted_bptt,21,2.69340925551458,0.21105527638190955,2.69340925551458
flywire_783_mb_left_kc512_s701,742,incoming_l1,fly,permuted_bptt,22,2.683251159134428,0.22110552763819097,2.683251159134428
flywire_783_mb_left_kc512_s701,742,incoming_l1,fly,permuted_bptt,23,2.672948487475105,0.20603015075376885,2.672948487475105
flywire_783_mb_left_kc512_s701,742,incoming_l1,fly,permuted_bptt,24,2.6626655064339837,0.20603015075376885,2.6626655064339837
flywire_783_mb_left_kc512_s701,742,incoming_l1,fly,permuted_bptt,25,2.652814046502792,0.19095477386934673,2.652814046502792
flywire_783_mb_left_kc512_s701,742,incoming_l1,fly,permuted_bptt,26,2.6431781723154404,0.19597989949748743,2.6431781723154404
flywire_783_mb_left_kc512_s701,742,incoming_l1,fly,permuted_bptt,27,2.6337121232691754,0.21105527638190955,2.6337121232691754
flywire_783_mb_left_kc512_s701,742,incoming_l1,fly,permuted_bptt,28,2.6244814087355866,0.21608040201005024,2.6244814087355866
flywire_783_mb_left_kc512_s701,742,incoming_l1,fly,permuted_bptt,29,2.61586945513665,0.22110552763819097,2.61586945513665
flywire_783_mb_left_kc512_s701,742,incoming_l1,fly,permuted_bptt,30,2.6075997460771227,0.22110552763819097,2.6075997460771227
flywire_783_mb_left_kc512_s701,742,incoming_l1,fly,permuted_bptt,31,2.599608975934553,0.22110552763819097,2.599608975934553
flywire_783_mb_left_kc512_s701,742,incoming_l1,fly,permuted_bptt,32,2.5919014990738645,0.21608040201005024,2.5919014990738645
flywire_783_mb_left_kc512_s701,742,incoming_l1,fly,permuted_bptt,33,2.5844938303770713,0.21608040201005024,2.5844938303770713
flywire_783_mb_left_kc512_s701,742,incoming_l1,fly,permuted_bptt,34,2.577253591780087,0.22110552763819097,2.577253591780087
flywire_783_mb_left_kc512_s701,742,incoming_l1,fly,permuted_bptt,35,2.5701199385752007,0.23115577889447236,2.5701199385752007
flywire_783_mb_left_kc512_s701,742,incoming_l1,fly,permuted_bptt,36,2.5631990688934048,0.23115577889447236,2.5631990688934048
flywire_783_mb_left_kc512_s701,742,incoming_l1,fly,permuted_bptt,37,2.5563759794385854,0.22613065326633167,2.5563759794385854
flywire_783_mb_left_kc512_s701,742,incoming_l1,fly,permuted_bptt,38,2.5497022879352116,0.22110552763819097,2.5497022879352116
flywire_783_mb_left_kc512_s701,742,incoming_l1,fly,permuted_bptt,39,2.5432043743488753,0.21608040201005024,2.5432043743488753
flywire_783_mb_left_kc512_s701,742,incoming_l1,fly,permuted_bptt,40,2.536881087041689,0.21608040201005024,2.536881087041689
flywire_783_mb_left_kc512_s701,742,incoming_l1,fly,permuted_bptt,41,2.5306382737633473,0.21608040201005024,2.5306382737633473
flywire_783_mb_left_kc512_s701,742,incoming_l1,fly,permuted_bptt,42,2.5245510508914317,0.21608040201005024,2.5245510508914317
flywire_783_mb_left_kc512_s701,742,incoming_l1,fly,permuted_bptt,43,2.5186509154623886,0.22613065326633167,2.5186509154623886
flywire_783_mb_left_kc512_s701,742,incoming_l1,fly,permuted_bptt,44,2.5129017225645267,0.23618090452261306,2.5129017225645267
flywire_783_mb_left_kc512_s701,742,incoming_l1,fly,permuted_bptt,45,2.507240855324142,0.24120603015075376,2.507240855324142
flywire_783_mb_left_kc512_s701,742,incoming_l1,fly,permuted_bptt,46,2.5017577325382683,0.25125628140703515,2.5017577325382683
flywire_783_mb_left_kc512_s701,742,incoming_l1,fly,permuted_bptt,47,2.4964780272964684,0.24623115577889448,2.4964780272964684
flywire_783_mb_left_kc512_s701,742,incoming_l1,fly,permuted_bptt,48,2.49136917734827,0.2562814070351759,2.49136917734827
flywire_783_mb_left_kc512_s701,742,incoming_l1,fly,permuted_bptt,49,2.486377724592269,0.2613065326633166,2.486377724592269
flywire_783_mb_left_kc512_s701,742,incoming_l1,fly,permuted_bptt,50,2.4815403351655982,0.2613065326633166,2.4815403351655982
flywire_783_mb_left_kc512_s701,742,incoming_l1,fly,permuted_bptt,51,2.4768118777077963,0.2613065326633166,2.4768118777077963
flywire_783_mb_left_kc512_s701,742,incoming_l1,fly,permuted_bptt,52,2.472165561535572,0.2613065326633166,2.472165561535572
flywire_783_mb_left_kc512_s701,742,incoming_l1,fly,permuted_bptt,53,2.4676132516827955,0.2663316582914573,2.4676132516827955
flywire_783_mb_left_kc512_s701,742,incoming_l1,fly,permuted_bptt,54,2.463171801411847,0.271356783919598,2.463171801411847
flywire_783_mb_left_kc512_s701,742,incoming_l1,fly,permuted_bptt,55,2.4588472709057587,0.271356783919598,2.4588472709057587
flywire_783_mb_left_kc512_s701,742,incoming_l1,fly,permuted_bptt,56,2.4546457570037763,0.27638190954773867,2.4546457570037763
flywire_783_mb_left_kc512_s701,742,incoming_l1,fly,permuted_bptt,57,2.450560748474076,0.27638190954773867,2.450560748474076
flywire_783_mb_left_kc512_s701,742,incoming_l1,fly,permuted_bptt,58,2.446562114512628,0.27638190954773867,2.446562114512628
flywire_783_mb_left_kc512_s701,742,incoming_l1,fly,permuted_bptt,59,2.442654970909394,0.271356783919598,2.442654970909394
flywire_783_mb_left_kc512_s701,742,incoming_l1,fly,permuted_bptt,60,2.4388308949096418,0.2663316582914573,2.4388308949096418
flywire_783_mb_left_kc512_s701,742,incoming_l1,fly,permuted_bptt,61,2.435092346835857,0.2663316582914573,2.435092346835857
flywire_783_mb_left_kc512_s701,742,incoming_l1,fly,permuted_bptt,62,2.4314384155332855,0.27638190954773867,2.4314384155332855
flywire_783_mb_left_kc512_s701,742,incoming_l1,fly,permuted_bptt,63,2.4278763967479593,0.27638190954773867,2.4278763967479593
flywire_783_mb_left_kc512_s701,742,incoming_l1,fly,permuted_bptt,64,2.4243911511183542,0.2814070351758794,2.4243911511183542
flywire_783_mb_left_kc512_s701,742,incoming_l1,fly,permuted_bptt,65,2.4209760943307943,0.2814070351758794,2.4209760943307943
flywire_783_mb_left_kc512_s701,742,incoming_l1,fly,permuted_bptt,66,2.417643964189111,0.2864321608040201,2.417643964189111
flywire_783_mb_left_kc512_s701,742,incoming_l1,fly,permuted_bptt,67,2.414387395353363,0.2864321608040201,2.414387395353363
flywire_783_mb_left_kc512_s701,742,incoming_l1,fly,permuted_bptt,68,2.4112010689763395,0.2864321608040201,2.4112010689763395
flywire_783_mb_left_kc512_s701,742,incoming_l1,fly,permuted_bptt,69,2.4080903879620004,0.2864321608040201,2.4080903879620004
flywire_783_mb_left_kc512_s701,742,incoming_l1,fly,permuted_bptt,70,2.405051652592807,0.2914572864321608,2.405051652592807
flywire_783_mb_left_kc512_s701,742,incoming_l1,fly,permuted_bptt,71,2.4020753324313215,0.2914572864321608,2.4020753324313215
flywire_783_mb_left_kc512_s701,742,incoming_l1,fly,permuted_bptt,72,2.3991580375628083,0.2914572864321608,2.3991580375628083
flywire_783_mb_left_kc512_s701,742,incoming_l1,fly,permuted_bptt,73,2.3963038261132477,0.2914572864321608,2.3963038261132477
flywire_783_mb_left_kc512_s701,742,incoming_l1,fly,permuted_bptt,74,2.39350937247474,0.2914572864321608,2.39350937247474
flywire_783_mb_left_kc512_s701,742,incoming_l1,fly,permuted_bptt,75,2.390774740210825,0.2914572864321608,2.390774740210825
flywire_783_mb_left_kc512_s701,742,incoming_l1,fly,permuted_bptt,76,2.388097552744567,0.2914572864321608,2.388097552744567
flywire_783_mb_left_kc512_s701,742,incoming_l1,fly,permuted_bptt,77,2.385473311883126,0.2964824120603015,2.385473311883126
flywire_783_mb_left_kc512_s701,742,incoming_l1,fly,permuted_bptt,78,2.3829017783679585,0.2964824120603015,2.3829017783679585
flywire_783_mb_left_kc512_s701,742,incoming_l1,fly,permuted_bptt,79,2.3803812151190438,0.2964824120603015,2.3803812151190438
flywire_783_mb_left_kc512_s701,742,incoming_l1,fly,permuted_bptt,80,2.3779099858296004,0.3065326633165829,2.3779099858296004
flywire_783_mb_left_kc512_s701,742,incoming_l1,fly,permuted_bptt,81,2.3754891050631084,0.3065326633165829,2.3754891050631084
flywire_783_mb_left_kc512_s701,742,incoming_l1,fly,permuted_bptt,82,2.3731154331810314,0.3065326633165829,2.3731154331810314
flywire_783_mb_left_kc512_s701,742,incoming_l1,fly,permuted_bptt,83,2.3707858583449246,0.3065326633165829,2.3707858583449246
flywire_783_mb_left_kc512_s701,742,incoming_l1,fly,permuted_bptt,84,2.368499635261736,0.3065326633165829,2.368499635261736
flywire_783_mb_left_kc512_s701,742,incoming_l1,fly,permuted_bptt,85,2.3662544412337594,0.3065326633165829,2.3662544412337594
flywire_783_mb_left_kc512_s701,742,incoming_l1,fly,permuted_bptt,86,2.3640483861764214,0.3065326633165829,2.3640483861764214
flywire_783_mb_left_kc512_s701,742,incoming_l1,fly,permuted_bptt,87,2.3618806493167925,0.3065326633165829,2.3618806493167925
flywire_783_mb_left_kc512_s701,742,incoming_l1,fly,permuted_bptt,88,2.359750170987489,0.3065326633165829,2.359750170987489
flywire_783_mb_left_kc512_s701,742,incoming_l1,fly,permuted_bptt,89,2.357654584688863,0.3065326633165829,2.357654584688863
flywire_783_mb_left_kc512_s701,742,incoming_l1,fly,permuted_bptt,90,2.355593453535611,0.3015075376884422,2.355593453535611
flywire_783_mb_left_kc512_s701,742,incoming_l1,fly,permuted_bptt,91,2.353566188683121,0.3015075376884422,2.353566188683121
flywire_783_mb_left_kc512_s701,742,incoming_l1,fly,permuted_bptt,92,2.3515707800133003,0.3015075376884422,2.3515707800133003
flywire_783_mb_left_kc512_s701,742,incoming_l1,fly,permuted_bptt,93,2.349606194640618,0.3065326633165829,2.349606194640618
flywire_783_mb_left_kc512_s701,742,incoming_l1,fly,permuted_bptt,94,2.347671500147905,0.3065326633165829,2.347671500147905
flywire_783_mb_left_kc512_s701,742,incoming_l1,fly,permuted_bptt,95,2.345765173108041,0.3065326633165829,2.345765173108041
flywire_783_mb_left_kc512_s701,742,incoming_l1,fly,permuted_bptt,96,2.3438859798496683,0.3065326633165829,2.3438859798496683
flywire_783_mb_left_kc512_s701,742,incoming_l1,fly,permuted_bptt,97,2.3420329873638925,0.3065326633165829,2.3420329873638925
flywire_783_mb_left_kc512_s701,742,incoming_l1,fly,permuted_bptt,98,2.340205286956058,0.31155778894472363,2.340205286956058
flywire_783_mb_left_kc512_s701,742,incoming_l1,fly,permuted_bptt,99,2.3384020271256825,0.3065326633165829,2.3384020271256825
flywire_783_mb_left_kc512_s701,742,incoming_l1,fly,permuted_bptt,100,2.3366223217429596,0.3065326633165829,2.3366223217429596
flywire_783_mb_left_kc512_s701,742,incoming_l1,role_shuffled,frozen,0,1.5882297423277414,0.4321608040201005,1.5882297423277414
flywire_783_mb_left_kc512_s701,742,incoming_l1,role_shuffled,full_bptt,0,1.5882297423277414,0.4321608040201005,1.5882297423277414
flywire_783_mb_left_kc512_s701,742,incoming_l1,role_shuffled,full_bptt,1,1.6080182942495245,0.4371859296482412,1.5882297423277414
flywire_783_mb_left_kc512_s701,742,incoming_l1,role_shuffled,full_bptt,2,1.6447467132313978,0.41708542713567837,1.5882297423277414
flywire_783_mb_left_kc512_s701,742,incoming_l1,role_shuffled,full_bptt,3,1.6063887681819229,0.39195979899497485,1.5882297423277414
flywire_783_mb_left_kc512_s701,742,incoming_l1,role_shuffled,full_bptt,4,1.6023505345876206,0.4221105527638191,1.5882297423277414
flywire_783_mb_left_kc512_s701,742,incoming_l1,role_shuffled,full_bptt,5,1.614528854182626,0.4271356783919598,1.5882297423277414
flywire_783_mb_left_kc512_s701,742,incoming_l1,role_shuffled,full_bptt,6,1.6087948675930306,0.44221105527638194,1.5882297423277414
flywire_783_mb_left_kc512_s701,742,incoming_l1,role_shuffled,full_bptt,7,1.591761720247953,0.4321608040201005,1.5882297423277414
flywire_783_mb_left_kc512_s701,742,incoming_l1,role_shuffled,full_bptt,8,1.5924358432811543,0.4472361809045226,1.5882297423277414
flywire_783_mb_left_kc512_s701,742,incoming_l1,role_shuffled,full_bptt,9,1.603725916908164,0.4321608040201005,1.5882297423277414
flywire_783_mb_left_kc512_s701,742,incoming_l1,role_shuffled,full_bptt,10,1.5981445902458626,0.44221105527638194,1.5882297423277414
flywire_783_mb_left_kc512_s701,742,incoming_l1,role_shuffled,full_bptt,11,1.5881041236611635,0.45226130653266333,1.5881041236611635
flywire_783_mb_left_kc512_s701,742,incoming_l1,role_shuffled,full_bptt,12,1.5876865782279488,0.4472361809045226,1.5876865782279488
flywire_783_mb_left_kc512_s701,742,incoming_l1,role_shuffled,full_bptt,13,1.5920193736914925,0.4472361809045226,1.5876865782279488
flywire_783_mb_left_kc512_s701,742,incoming_l1,role_shuffled,full_bptt,14,1.5934597039366405,0.45226130653266333,1.5876865782279488
flywire_783_mb_left_kc512_s701,742,incoming_l1,role_shuffled,full_bptt,15,1.589533219291839,0.457286432160804,1.5876865782279488
flywire_783_mb_left_kc512_s701,742,incoming_l1,role_shuffled,full_bptt,16,1.584699520281761,0.457286432160804,1.584699520281761
flywire_783_mb_left_kc512_s701,742,incoming_l1,role_shuffled,full_bptt,17,1.585218838712653,0.4321608040201005,1.584699520281761
flywire_783_mb_left_kc512_s701,742,incoming_l1,role_shuffled,full_bptt,18,1.5887036064825324,0.4221105527638191,1.584699520281761
flywire_783_mb_left_kc512_s701,742,incoming_l1,role_shuffled,full_bptt,19,1.588137220088674,0.4271356783919598,1.584699520281761
flywire_783_mb_left_kc512_s701,742,incoming_l1,role_shuffled,full_bptt,20,1.584459464608312,0.4472361809045226,1.584459464608312
flywire_783_mb_left_kc512_s701,742,incoming_l1,role_shuffled,full_bptt,21,1.5831896951386886,0.4472361809045226,1.5831896951386886
flywire_783_mb_left_kc512_s701,742,incoming_l1,role_shuffled,full_bptt,22,1.5844756796058146,0.457286432160804,1.5831896951386886
flywire_783_mb_left_kc512_s701,742,incoming_l1,role_shuffled,full_bptt,23,1.5849672166027913,0.4472361809045226,1.5831896951386886
flywire_783_mb_left_kc512_s701,742,incoming_l1,role_shuffled,full_bptt,24,1.5838299855514275,0.4371859296482412,1.5831896951386886
flywire_783_mb_left_kc512_s701,742,incoming_l1,role_shuffled,full_bptt,25,1.5823508644091424,0.4321608040201005,1.5823508644091424
flywire_783_mb_left_kc512_s701,742,incoming_l1,role_shuffled,full_bptt,26,1.582094029382448,0.4371859296482412,1.582094029382448
flywire_783_mb_left_kc512_s701,742,incoming_l1,role_shuffled,full_bptt,27,1.5830056429265735,0.4472361809045226,1.582094029382448
flywire_783_mb_left_kc512_s701,742,incoming_l1,role_shuffled,full_bptt,28,1.582799314495008,0.45226130653266333,1.582094029382448
flywire_783_mb_left_kc512_s701,742,incoming_l1,role_shuffled,full_bptt,29,1.581322194174645,0.45226130653266333,1.581322194174645
flywire_783_mb_left_kc512_s701,742,incoming_l1,role_shuffled,full_bptt,30,1.580801334502918,0.44221105527638194,1.580801334502918
flywire_783_mb_left_kc512_s701,742,incoming_l1,role_shuffled,full_bptt,31,1.5812752334358091,0.4371859296482412,1.580801334502918
flywire_783_mb_left_kc512_s701,742,incoming_l1,role_shuffled,full_bptt,32,1.5812997125645754,0.457286432160804,1.580801334502918
flywire_783_mb_left_kc512_s701,742,incoming_l1,role_shuffled,full_bptt,33,1.5806672523550194,0.457286432160804,1.5806672523550194
flywire_783_mb_left_kc512_s701,742,incoming_l1,role_shuffled,full_bptt,34,1.5799834386246645,0.4371859296482412,1.5799834386246645
flywire_783_mb_left_kc512_s701,742,incoming_l1,role_shuffled,full_bptt,35,1.579889004169717,0.44221105527638194,1.579889004169717
flywire_783_mb_left_kc512_s701,742,incoming_l1,role_shuffled,full_bptt,36,1.5801945496577239,0.44221105527638194,1.579889004169717
flywire_783_mb_left_kc512_s701,742,incoming_l1,role_shuffled,full_bptt,37,1.579874661232249,0.44221105527638194,1.579874661232249
flywire_783_mb_left_kc512_s701,742,incoming_l1,role_shuffled,full_bptt,38,1.5791462181288087,0.4472361809045226,1.5791462181288087
flywire_783_mb_left_kc512_s701,742,incoming_l1,role_shuffled,full_bptt,39,1.5789892318439651,0.44221105527638194,1.5789892318439651
flywire_783_mb_left_kc512_s701,742,incoming_l1,role_shuffled,full_bptt,40,1.5791318811109296,0.4472361809045226,1.5789892318439651
flywire_783_mb_left_kc512_s701,742,incoming_l1,role_shuffled,full_bptt,41,1.578986439288823,0.4472361809045226,1.578986439288823
flywire_783_mb_left_kc512_s701,742,incoming_l1,role_shuffled,full_bptt,42,1.5785795065243464,0.44221105527638194,1.5785795065243464
flywire_783_mb_left_kc512_s701,742,incoming_l1,role_shuffled,full_bptt,43,1.5782196356603428,0.44221105527638194,1.5782196356603428
flywire_783_mb_left_kc512_s701,742,incoming_l1,role_shuffled,full_bptt,44,1.578202008657172,0.44221105527638194,1.578202008657172
flywire_783_mb_left_kc512_s701,742,incoming_l1,role_shuffled,full_bptt,45,1.5781685146245032,0.44221105527638194,1.5781685146245032
flywire_783_mb_left_kc512_s701,742,incoming_l1,role_shuffled,full_bptt,46,1.5778217471412483,0.4472361809045226,1.5778217471412483
flywire_783_mb_left_kc512_s701,742,incoming_l1,role_shuffled,full_bptt,47,1.5775697763245482,0.4472361809045226,1.5775697763245482
flywire_783_mb_left_kc512_s701,742,incoming_l1,role_shuffled,full_bptt,48,1.5774965575882791,0.44221105527638194,1.5774965575882791
flywire_783_mb_left_kc512_s701,742,incoming_l1,role_shuffled,full_bptt,49,1.5773747531207678,0.44221105527638194,1.5773747531207678
flywire_783_mb_left_kc512_s701,742,incoming_l1,role_shuffled,full_bptt,50,1.5771499058983394,0.44221105527638194,1.5771499058983394
flywire_783_mb_left_kc512_s701,742,incoming_l1,role_shuffled,full_bptt,51,1.5768992607233105,0.4371859296482412,1.5768992607233105
flywire_783_mb_left_kc512_s701,742,incoming_l1,role_shuffled,full_bptt,52,1.5767934694194672,0.44221105527638194,1.5767934694194672
flywire_783_mb_left_kc512_s701,742,incoming_l1,role_shuffled,full_bptt,53,1.5766944888119072,0.4472361809045226,1.5766944888119072
flywire_783_mb_left_kc512_s701,742,incoming_l1,role_shuffled,full_bptt,54,1.5764585125285377,0.44221105527638194,1.5764585125285377
flywire_783_mb_left_kc512_s701,742,incoming_l1,role_shuffled,full_bptt,55,1.576272473246481,0.44221105527638194,1.576272473246481
flywire_783_mb_left_kc512_s701,742,incoming_l1,role_shuffled,full_bptt,56,1.5761542344850354,0.4472361809045226,1.5761542344850354
flywire_783_mb_left_kc512_s701,742,incoming_l1,role_shuffled,full_bptt,57,1.5760124292545528,0.4472361809045226,1.5760124292545528
flywire_783_mb_left_kc512_s701,742,incoming_l1,role_shuffled,full_bptt,58,1.5758253147546006,0.4472361809045226,1.5758253147546006
flywire_783_mb_left_kc512_s701,742,incoming_l1,role_shuffled,full_bptt,59,1.5756405756022707,0.45226130653266333,1.5756405756022707
flywire_783_mb_left_kc512_s701,742,incoming_l1,role_shuffled,full_bptt,60,1.575528592510932,0.4472361809045226,1.575528592510932
flywire_783_mb_left_kc512_s701,742,incoming_l1,role_shuffled,full_bptt,61,1.575383175335799,0.44221105527638194,1.575383175335799
flywire_783_mb_left_kc512_s701,742,incoming_l1,role_shuffled,full_bptt,62,1.5751893539268556,0.4472361809045226,1.5751893539268556
flywire_783_mb_left_kc512_s701,742,incoming_l1,role_shuffled,full_bptt,63,1.5750365274369231,0.45226130653266333,1.5750365274369231
flywire_783_mb_left_kc512_s701,742,incoming_l1,role_shuffled,full_bptt,64,1.5749055277917436,0.4472361809045226,1.5749055277917436
flywire_783_mb_left_kc512_s701,742,incoming_l1,role_shuffled,full_bptt,65,1.5747615377937039,0.4472361809045226,1.5747615377937039
flywire_783_mb_left_kc512_s701,742,incoming_l1,role_shuffled,full_bptt,66,1.5745874673801237,0.4472361809045226,1.5745874673801237
flywire_783_mb_left_kc512_s701,742,incoming_l1,role_shuffled,full_bptt,67,1.5744351258745932,0.4472361809045226,1.5744351258745932
flywire_783_mb_left_kc512_s701,742,incoming_l1,role_shuffled,full_bptt,68,1.5743049890589544,0.4472361809045226,1.5743049890589544
flywire_783_mb_left_kc512_s701,742,incoming_l1,role_shuffled,full_bptt,69,1.574146894467756,0.4472361809045226,1.574146894467756
flywire_783_mb_left_kc512_s701,742,incoming_l1,role_shuffled,full_bptt,70,1.5739892836085225,0.4472361809045226,1.5739892836085225
flywire_783_mb_left_kc512_s701,742,incoming_l1,role_shuffled,full_bptt,71,1.5738452943029884,0.45226130653266333,1.5738452943029884
flywire_783_mb_left_kc512_s701,742,incoming_l1,role_shuffled,full_bptt,72,1.5737064157004321,0.45226130653266333,1.5737064157004321
flywire_783_mb_left_kc512_s701,742,incoming_l1,role_shuffled,full_bptt,73,1.5735523715196993,0.45226130653266333,1.5735523715196993
flywire_783_mb_left_kc512_s701,742,incoming_l1,role_shuffled,full_bptt,74,1.5733976824492777,0.45226130653266333,1.5733976824492777
flywire_783_mb_left_kc512_s701,742,incoming_l1,role_shuffled,full_bptt,75,1.573261716559639,0.4472361809045226,1.573261716559639
flywire_783_mb_left_kc512_s701,742,incoming_l1,role_shuffled,full_bptt,76,1.5731160273045002,0.4472361809045226,1.5731160273045002
flywire_783_mb_left_kc512_s701,742,incoming_l1,role_shuffled,full_bptt,77,1.572964552160484,0.4472361809045226,1.572964552160484
flywire_783_mb_left_kc512_s701,742,incoming_l1,role_shuffled,full_bptt,78,1.5728187513392882,0.45226130653266333,1.5728187513392882
flywire_783_mb_left_kc512_s701,742,incoming_l1,role_shuffled,full_bptt,79,1.5726792767356252,0.45226130653266333,1.5726792767356252
flywire_783_mb_left_kc512_s701,742,incoming_l1,role_shuffled,full_bptt,80,1.5725324923224244,0.45226130653266333,1.5725324923224244
flywire_783_mb_left_kc512_s701,742,incoming_l1,role_shuffled,full_bptt,81,1.5723828874247205,0.45226130653266333,1.5723828874247205
flywire_783_mb_left_kc512_s701,742,incoming_l1,role_shuffled,full_bptt,82,1.5722440367731036,0.4472361809045226,1.5722440367731036
flywire_783_mb_left_kc512_s701,742,incoming_l1,role_shuffled,full_bptt,83,1.5721016482983399,0.4472361809045226,1.5721016482983399
flywire_783_mb_left_kc512_s701,742,incoming_l1,role_shuffled,full_bptt,84,1.5719552844578555,0.45226130653266333,1.5719552844578555
flywire_783_mb_left_kc512_s701,742,incoming_l1,role_shuffled,full_bptt,85,1.5718114117570214,0.45226130653266333,1.5718114117570214
flywire_783_mb_left_kc512_s701,742,incoming_l1,role_shuffled,full_bptt,86,1.5716719956757457,0.45226130653266333,1.5716719956757457
flywire_783_mb_left_kc512_s701,742,incoming_l1,role_shuffled,full_bptt,87,1.57152806621343,0.45226130653266333,1.57152806621343
flywire_783_mb_left_kc512_s701,742,incoming_l1,role_shuffled,full_bptt,88,1.5713837791205687,0.45226130653266333,1.5713837791205687
flywire_783_mb_left_kc512_s701,742,incoming_l1,role_shuffled,full_bptt,89,1.5712445658493612,0.45226130653266333,1.5712445658493612
flywire_783_mb_left_kc512_s701,742,incoming_l1,role_shuffled,full_bptt,90,1.57110312979344,0.45226130653266333,1.57110312979344
flywire_783_mb_left_kc512_s701,742,incoming_l1,role_shuffled,full_bptt,91,1.5709602783456935,0.45226130653266333,1.5709602783456935
flywire_783_mb_left_kc512_s701,742,incoming_l1,role_shuffled,full_bptt,92,1.5708193697481785,0.45226130653266333,1.5708193697481785
flywire_783_mb_left_kc512_s701,742,incoming_l1,role_shuffled,full_bptt,93,1.5706802438779284,0.45226130653266333,1.5706802438779284
flywire_783_mb_left_kc512_s701,742,incoming_l1,role_shuffled,full_bptt,94,1.5705380206410713,0.45226130653266333,1.5705380206410713
flywire_783_mb_left_kc512_s701,742,incoming_l1,role_shuffled,full_bptt,95,1.5703975708490525,0.45226130653266333,1.5703975708490525
flywire_783_mb_left_kc512_s701,742,incoming_l1,role_shuffled,full_bptt,96,1.5702589611515547,0.45226130653266333,1.5702589611515547
flywire_783_mb_left_kc512_s701,742,incoming_l1,role_shuffled,full_bptt,97,1.570118959158961,0.45226130653266333,1.570118959158961
flywire_783_mb_left_kc512_s701,742,incoming_l1,role_shuffled,full_bptt,98,1.5699785418993428,0.45226130653266333,1.5699785418993428
flywire_783_mb_left_kc512_s701,742,incoming_l1,role_shuffled,full_bptt,99,1.5698400078945212,0.45226130653266333,1.5698400078945212
flywire_783_mb_left_kc512_s701,742,incoming_l1,role_shuffled,full_bptt,100,1.5697014743843505,0.45226130653266333,1.5697014743843505
flywire_783_mb_left_kc512_s701,742,incoming_l1,role_shuffled,local_gradient,0,1.5882297423277414,0.4321608040201005,1.5882297423277414
flywire_783_mb_left_kc512_s701,742,incoming_l1,role_shuffled,local_gradient,1,1.6313534557146532,0.4472361809045226,1.5882297423277414
flywire_783_mb_left_kc512_s701,742,incoming_l1,role_shuffled,local_gradient,2,1.6342827259442005,0.4321608040201005,1.5882297423277414
flywire_783_mb_left_kc512_s701,742,incoming_l1,role_shuffled,local_gradient,3,1.624538741440595,0.4020100502512563,1.5882297423277414
flywire_783_mb_left_kc512_s701,742,incoming_l1,role_shuffled,local_gradient,4,1.625822748842513,0.4371859296482412,1.5882297423277414
flywire_783_mb_left_kc512_s701,742,incoming_l1,role_shuffled,local_gradient,5,1.6158917261710912,0.4271356783919598,1.5882297423277414
flywire_783_mb_left_kc512_s701,742,incoming_l1,role_shuffled,local_gradient,6,1.6109436506186519,0.4271356783919598,1.5882297423277414
flywire_783_mb_left_kc512_s701,742,incoming_l1,role_shuffled,local_gradient,7,1.6281031160934964,0.4120603015075377,1.5882297423277414
flywire_783_mb_left_kc512_s701,742,incoming_l1,role_shuffled,local_gradient,8,1.6409921752662329,0.4120603015075377,1.5882297423277414
flywire_783_mb_left_kc512_s701,742,incoming_l1,role_shuffled,local_gradient,9,1.636035021702736,0.4321608040201005,1.5882297423277414
flywire_783_mb_left_kc512_s701,742,incoming_l1,role_shuffled,local_gradient,10,1.6265272623445075,0.4221105527638191,1.5882297423277414
flywire_783_mb_left_kc512_s701,742,incoming_l1,role_shuffled,local_gradient,11,1.6263965281866224,0.4321608040201005,1.5882297423277414
flywire_783_mb_left_kc512_s701,742,incoming_l1,role_shuffled,local_gradient,12,1.639573142166484,0.4221105527638191,1.5882297423277414
flywire_783_mb_left_kc512_s701,742,incoming_l1,role_shuffled,local_gradient,13,1.6614132564898005,0.4020100502512563,1.5882297423277414
flywire_783_mb_left_kc512_s701,742,incoming_l1,role_shuffled,local_gradient,14,1.6825723431330024,0.37185929648241206,1.5882297423277414
flywire_783_mb_left_kc512_s701,742,incoming_l1,role_shuffled,local_gradient,15,1.697329895610034,0.4020100502512563,1.5882297423277414
flywire_783_mb_left_kc512_s701,742,incoming_l1,role_shuffled,local_gradient,16,1.708075390506858,0.3768844221105528,1.5882297423277414
flywire_783_mb_left_kc512_s701,742,incoming_l1,role_shuffled,local_gradient,17,1.7220176764048662,0.3869346733668342,1.5882297423277414
flywire_783_mb_left_kc512_s701,742,incoming_l1,role_shuffled,local_gradient,18,1.7471097667185984,0.4020100502512563,1.5882297423277414
flywire_783_mb_left_kc512_s701,742,incoming_l1,role_shuffled,local_gradient,19,1.7869706862552477,0.3969849246231156,1.5882297423277414
flywire_783_mb_left_kc512_s701,742,incoming_l1,role_shuffled,local_gradient,20,1.8371567031146032,0.3768844221105528,1.5882297423277414
flywire_783_mb_left_kc512_s701,742,incoming_l1,role_shuffled,local_gradient,21,1.8900321851554596,0.37185929648241206,1.5882297423277414
flywire_783_mb_left_kc512_s701,742,incoming_l1,role_shuffled,local_gradient,22,1.9422644158409546,0.3768844221105528,1.5882297423277414
flywire_783_mb_left_kc512_s701,742,incoming_l1,role_shuffled,local_gradient,23,1.995946117805029,0.35678391959798994,1.5882297423277414
flywire_783_mb_left_kc512_s701,742,incoming_l1,role_shuffled,local_gradient,24,2.0553137945952513,0.3165829145728643,1.5882297423277414
flywire_783_mb_left_kc512_s701,742,incoming_l1,role_shuffled,local_gradient,25,2.1236255215368427,0.31155778894472363,1.5882297423277414
flywire_783_mb_left_kc512_s701,742,incoming_l1,role_shuffled,local_gradient,26,2.201727859734896,0.3065326633165829,1.5882297423277414
flywire_783_mb_left_kc512_s701,742,incoming_l1,role_shuffled,local_gradient,27,2.288098917317755,0.31155778894472363,1.5882297423277414
flywire_783_mb_left_kc512_s701,742,incoming_l1,role_shuffled,local_gradient,28,2.3798599890352716,0.2864321608040201,1.5882297423277414
flywire_783_mb_left_kc512_s701,742,incoming_l1,role_shuffled,local_gradient,29,2.474238100086105,0.2914572864321608,1.5882297423277414
flywire_783_mb_left_kc512_s701,742,incoming_l1,role_shuffled,local_gradient,30,2.569799144793939,0.2964824120603015,1.5882297423277414
flywire_783_mb_left_kc512_s701,742,incoming_l1,role_shuffled,local_gradient,31,2.6667040518725114,0.3065326633165829,1.5882297423277414
flywire_783_mb_left_kc512_s701,742,incoming_l1,role_shuffled,local_gradient,32,2.7659475982861523,0.2914572864321608,1.5882297423277414
flywire_783_mb_left_kc512_s701,742,incoming_l1,role_shuffled,local_gradient,33,2.8683868375763466,0.3015075376884422,1.5882297423277414
flywire_783_mb_left_kc512_s701,742,incoming_l1,role_shuffled,local_gradient,34,2.9743088176998773,0.3015075376884422,1.5882297423277414
flywire_783_mb_left_kc512_s701,742,incoming_l1,role_shuffled,local_gradient,35,3.0835871661364394,0.3015075376884422,1.5882297423277414
flywire_783_mb_left_kc512_s701,742,incoming_l1,role_shuffled,local_gradient,36,3.196078433859906,0.3015075376884422,1.5882297423277414
flywire_783_mb_left_kc512_s701,742,incoming_l1,role_shuffled,local_gradient,37,3.3118924421197935,0.2914572864321608,1.5882297423277414
flywire_783_mb_left_kc512_s701,742,incoming_l1,role_shuffled,local_gradient,38,3.431300678259278,0.2814070351758794,1.5882297423277414
flywire_783_mb_left_kc512_s701,742,incoming_l1,role_shuffled,local_gradient,39,3.554324980346154,0.27638190954773867,1.5882297423277414
flywire_783_mb_left_kc512_s701,742,incoming_l1,role_shuffled,local_gradient,40,3.680333348256318,0.27638190954773867,1.5882297423277414
flywire_783_mb_left_kc512_s701,742,incoming_l1,role_shuffled,local_gradient,41,3.8079917210859113,0.271356783919598,1.5882297423277414
flywire_783_mb_left_kc512_s701,742,incoming_l1,role_shuffled,local_gradient,42,3.9356376967449473,0.27638190954773867,1.5882297423277414
flywire_783_mb_left_kc512_s701,742,incoming_l1,role_shuffled,local_gradient,43,4.061828869052379,0.2814070351758794,1.5882297423277414
flywire_783_mb_left_kc512_s701,742,incoming_l1,role_shuffled,local_gradient,44,4.185744087694539,0.2814070351758794,1.5882297423277414
flywire_783_mb_left_kc512_s701,742,incoming_l1,role_shuffled,local_gradient,45,4.307269909796129,0.27638190954773867,1.5882297423277414
flywire_783_mb_left_kc512_s701,742,incoming_l1,role_shuffled,local_gradient,46,4.426805330397158,0.27638190954773867,1.5882297423277414
flywire_783_mb_left_kc512_s701,742,incoming_l1,role_shuffled,local_gradient,47,4.544939882227465,0.2613065326633166,1.5882297423277414
flywire_783_mb_left_kc512_s701,742,incoming_l1,role_shuffled,local_gradient,48,4.662181013513665,0.2663316582914573,1.5882297423277414
flywire_783_mb_left_kc512_s701,742,incoming_l1,role_shuffled,local_gradient,49,4.778846126006035,0.2562814070351759,1.5882297423277414
flywire_783_mb_left_kc512_s701,742,incoming_l1,role_shuffled,local_gradient,50,4.895127031692326,0.25125628140703515,1.5882297423277414
flywire_783_mb_left_kc512_s701,742,incoming_l1,role_shuffled,local_gradient,51,5.0112346218717425,0.24623115577889448,1.5882297423277414
flywire_783_mb_left_kc512_s701,742,incoming_l1,role_shuffled,local_gradient,52,5.127496646214691,0.24120603015075376,1.5882297423277414
flywire_783_mb_left_kc512_s701,742,incoming_l1,role_shuffled,local_gradient,53,5.24433335459577,0.24120603015075376,1.5882297423277414
flywire_783_mb_left_kc512_s701,742,incoming_l1,role_shuffled,local_gradient,54,5.362134115682864,0.23618090452261306,1.5882297423277414
flywire_783_mb_left_kc512_s701,742,incoming_l1,role_shuffled,local_gradient,55,5.481125445181931,0.23618090452261306,1.5882297423277414
flywire_783_mb_left_kc512_s701,742,incoming_l1,role_shuffled,local_gradient,56,5.6013141140184315,0.24120603015075376,1.5882297423277414
flywire_783_mb_left_kc512_s701,742,incoming_l1,role_shuffled,local_gradient,57,5.72253146413943,0.24623115577889448,1.5882297423277414
flywire_783_mb_left_kc512_s701,742,incoming_l1,role_shuffled,local_gradient,58,5.844546626305544,0.24120603015075376,1.5882297423277414
flywire_783_mb_left_kc512_s701,742,incoming_l1,role_shuffled,local_gradient,59,5.967188184564675,0.24120603015075376,1.5882297423277414
flywire_783_mb_left_kc512_s701,742,incoming_l1,role_shuffled,local_gradient,60,6.090420182810661,0.24120603015075376,1.5882297423277414
flywire_783_mb_left_kc512_s701,742,incoming_l1,role_shuffled,local_gradient,61,6.2143472618032005,0.23115577889447236,1.5882297423277414
flywire_783_mb_left_kc512_s701,742,incoming_l1,role_shuffled,local_gradient,62,6.339157712930777,0.22110552763819097,1.5882297423277414
flywire_783_mb_left_kc512_s701,742,incoming_l1,role_shuffled,local_gradient,63,6.465037565072116,0.22110552763819097,1.5882297423277414
flywire_783_mb_left_kc512_s701,742,incoming_l1,role_shuffled,local_gradient,64,6.592095147501558,0.22110552763819097,1.5882297423277414
flywire_783_mb_left_kc512_s701,742,incoming_l1,role_shuffled,local_gradient,65,6.7203236566394216,0.21105527638190955,1.5882297423277414
flywire_783_mb_left_kc512_s701,742,incoming_l1,role_shuffled,local_gradient,66,6.849607981851984,0.20603015075376885,1.5882297423277414
flywire_783_mb_left_kc512_s701,742,incoming_l1,role_shuffled,local_gradient,67,6.97976404770407,0.20100502512562815,1.5882297423277414
flywire_783_mb_left_kc512_s701,742,incoming_l1,role_shuffled,local_gradient,68,7.110590623803844,0.20100502512562815,1.5882297423277414
flywire_783_mb_left_kc512_s701,742,incoming_l1,role_shuffled,local_gradient,69,7.241913483135014,0.20100502512562815,1.5882297423277414
flywire_783_mb_left_kc512_s701,742,incoming_l1,role_shuffled,local_gradient,70,7.373607552545451,0.19597989949748743,1.5882297423277414
flywire_783_mb_left_kc512_s701,742,incoming_l1,role_shuffled,local_gradient,71,7.505593222479722,0.19597989949748743,1.5882297423277414
flywire_783_mb_left_kc512_s701,742,incoming_l1,role_shuffled,local_gradient,72,7.637814678285077,0.19597989949748743,1.5882297423277414
flywire_783_mb_left_kc512_s701,742,incoming_l1,role_shuffled,local_gradient,73,7.770214770678144,0.19597989949748743,1.5882297423277414
flywire_783_mb_left_kc512_s701,742,incoming_l1,role_shuffled,local_gradient,74,7.902719140430603,0.19597989949748743,1.5882297423277414
flywire_783_mb_left_kc512_s701,742,incoming_l1,role_shuffled,local_gradient,75,8.035234623455873,0.19095477386934673,1.5882297423277414
flywire_783_mb_left_kc512_s701,742,incoming_l1,role_shuffled,local_gradient,76,8.167659072358788,0.19095477386934673,1.5882297423277414
flywire_783_mb_left_kc512_s701,742,incoming_l1,role_shuffled,local_gradient,77,8.299895652329456,0.19095477386934673,1.5882297423277414
flywire_783_mb_left_kc512_s701,742,incoming_l1,role_shuffled,local_gradient,78,8.431864849671722,0.19095477386934673,1.5882297423277414
flywire_783_mb_left_kc512_s701,742,incoming_l1,role_shuffled,local_gradient,79,8.563510092096477,0.19597989949748743,1.5882297423277414
flywire_783_mb_left_kc512_s701,742,incoming_l1,role_shuffled,local_gradient,80,8.694796098162186,0.19597989949748743,1.5882297423277414
flywire_783_mb_left_kc512_s701,742,incoming_l1,role_shuffled,local_gradient,81,8.825701731543157,0.20100502512562815,1.5882297423277414
flywire_783_mb_left_kc512_s701,742,incoming_l1,role_shuffled,local_gradient,82,8.95621074224193,0.20100502512562815,1.5882297423277414
flywire_783_mb_left_kc512_s701,742,incoming_l1,role_shuffled,local_gradient,83,9.086304073004115,0.20100502512562815,1.5882297423277414
flywire_783_mb_left_kc512_s701,742,incoming_l1,role_shuffled,local_gradient,84,9.215956376678424,0.20100502512562815,1.5882297423277414
flywire_783_mb_left_kc512_s701,742,incoming_l1,role_shuffled,local_gradient,85,9.345137484451625,0.20603015075376885,1.5882297423277414
flywire_783_mb_left_kc512_s701,742,incoming_l1,role_shuffled,local_gradient,86,9.47381764544562,0.21105527638190955,1.5882297423277414
flywire_783_mb_left_kc512_s701,742,incoming_l1,role_shuffled,local_gradient,87,9.601974196781034,0.20603015075376885,1.5882297423277414
flywire_783_mb_left_kc512_s701,742,incoming_l1,role_shuffled,local_gradient,88,9.729597153902565,0.20603015075376885,1.5882297423277414
flywire_783_mb_left_kc512_s701,742,incoming_l1,role_shuffled,local_gradient,89,9.856691771260117,0.20100502512562815,1.5882297423277414
flywire_783_mb_left_kc512_s701,742,incoming_l1,role_shuffled,local_gradient,90,9.983277053952685,0.20100502512562815,1.5882297423277414
flywire_783_mb_left_kc512_s701,742,incoming_l1,role_shuffled,local_gradient,91,10.109380301427777,0.20100502512562815,1.5882297423277414
flywire_783_mb_left_kc512_s701,742,incoming_l1,role_shuffled,local_gradient,92,10.235028898585492,0.20100502512562815,1.5882297423277414
flywire_783_mb_left_kc512_s701,742,incoming_l1,role_shuffled,local_gradient,93,10.360241491957735,0.19597989949748743,1.5882297423277414
flywire_783_mb_left_kc512_s701,742,incoming_l1,role_shuffled,local_gradient,94,10.485021083984304,0.19597989949748743,1.5882297423277414
flywire_783_mb_left_kc512_s701,742,incoming_l1,role_shuffled,local_gradient,95,10.609352257134502,0.19597989949748743,1.5882297423277414
flywire_783_mb_left_kc512_s701,742,incoming_l1,role_shuffled,local_gradient,96,10.733203750222586,0.20603015075376885,1.5882297423277414
flywire_783_mb_left_kc512_s701,742,incoming_l1,role_shuffled,local_gradient,97,10.856536198034222,0.20603015075376885,1.5882297423277414
flywire_783_mb_left_kc512_s701,742,incoming_l1,role_shuffled,local_gradient,98,10.979313377256101,0.20100502512562815,1.5882297423277414
flywire_783_mb_left_kc512_s701,742,incoming_l1,role_shuffled,local_gradient,99,11.101514207646646,0.20100502512562815,1.5882297423277414
flywire_783_mb_left_kc512_s701,742,incoming_l1,role_shuffled,local_gradient,100,11.223142434777435,0.20100502512562815,1.5882297423277414
flywire_783_mb_left_kc512_s701,742,incoming_l1,role_shuffled,permuted_bptt,0,3.4933678319162427,0.1407035175879397,3.4933678319162427
flywire_783_mb_left_kc512_s701,742,incoming_l1,role_shuffled,permuted_bptt,1,3.367434500653429,0.15577889447236182,3.367434500653429
flywire_783_mb_left_kc512_s701,742,incoming_l1,role_shuffled,permuted_bptt,2,3.2833107698337605,0.1658291457286432,3.2833107698337605
flywire_783_mb_left_kc512_s701,742,incoming_l1,role_shuffled,permuted_bptt,3,3.1980024418139306,0.16080402010050251,3.1980024418139306
flywire_783_mb_left_kc512_s701,742,incoming_l1,role_shuffled,permuted_bptt,4,3.1421840438342206,0.1708542713567839,3.1421840438342206
flywire_783_mb_left_kc512_s701,742,incoming_l1,role_shuffled,permuted_bptt,5,3.0917437376663526,0.20100502512562815,3.0917437376663526
flywire_783_mb_left_kc512_s701,742,incoming_l1,role_shuffled,permuted_bptt,6,3.0448573767721507,0.20100502512562815,3.0448573767721507
flywire_783_mb_left_kc512_s701,742,incoming_l1,role_shuffled,permuted_bptt,7,3.006307901700973,0.20100502512562815,3.006307901700973
flywire_783_mb_left_kc512_s701,742,incoming_l1,role_shuffled,permuted_bptt,8,2.9725990778964757,0.19095477386934673,2.9725990778964757
flywire_783_mb_left_kc512_s701,742,incoming_l1,role_shuffled,permuted_bptt,9,2.942605457207896,0.19095477386934673,2.942605457207896
flywire_783_mb_left_kc512_s701,742,incoming_l1,role_shuffled,permuted_bptt,10,2.9145243249703165,0.20100502512562815,2.9145243249703165
flywire_783_mb_left_kc512_s701,742,incoming_l1,role_shuffled,permuted_bptt,11,2.8896109513853894,0.20603015075376885,2.8896109513853894
flywire_783_mb_left_kc512_s701,742,incoming_l1,role_shuffled,permuted_bptt,12,2.8707749361638144,0.20603015075376885,2.8707749361638144
flywire_783_mb_left_kc512_s701,742,incoming_l1,role_shuffled,permuted_bptt,13,2.8531064429684103,0.22110552763819097,2.8531064429684103
flywire_783_mb_left_kc512_s701,742,incoming_l1,role_shuffled,permuted_bptt,14,2.8338616123685787,0.22110552763819097,2.8338616123685787
flywire_783_mb_left_kc512_s701,742,incoming_l1,role_shuffled,permuted_bptt,15,2.817201694506265,0.22613065326633167,2.817201694506265
flywire_783_mb_left_kc512_s701,742,incoming_l1,role_shuffled,permuted_bptt,16,2.803668944542924,0.22613065326633167,2.803668944542924
flywire_783_mb_left_kc512_s701,742,incoming_l1,role_shuffled,permuted_bptt,17,2.7893915553840367,0.22110552763819097,2.7893915553840367
flywire_783_mb_left_kc512_s701,742,incoming_l1,role_shuffled,permuted_bptt,18,2.7753030827070027,0.21608040201005024,2.7753030827070027
flywire_783_mb_left_kc512_s701,742,incoming_l1,role_shuffled,permuted_bptt,19,2.762940207592974,0.22110552763819097,2.762940207592974
flywire_783_mb_left_kc512_s701,742,incoming_l1,role_shuffled,permuted_bptt,20,2.750973121499399,0.22110552763819097,2.750973121499399
flywire_783_mb_left_kc512_s701,742,incoming_l1,role_shuffled,permuted_bptt,21,2.739159792482878,0.22110552763819097,2.739159792482878
flywire_783_mb_left_kc512_s701,742,incoming_l1,role_shuffled,permuted_bptt,22,2.728106623178866,0.22110552763819097,2.728106623178866
flywire_783_mb_left_kc512_s701,742,incoming_l1,role_shuffled,permuted_bptt,23,2.7176518641819554,0.22110552763819097,2.7176518641819554
flywire_783_mb_left_kc512_s701,742,incoming_l1,role_shuffled,permuted_bptt,24,2.7078724482696703,0.23618090452261306,2.7078724482696703
flywire_783_mb_left_kc512_s701,742,incoming_l1,role_shuffled,permuted_bptt,25,2.698507513402655,0.23618090452261306,2.698507513402655
flywire_783_mb_left_kc512_s701,742,incoming_l1,role_shuffled,permuted_bptt,26,2.6891616091351795,0.23618090452261306,2.6891616091351795
flywire_783_mb_left_kc512_s701,742,incoming_l1,role_shuffled,permuted_bptt,27,2.6803384603070404,0.23115577889447236,2.6803384603070404
flywire_783_mb_left_kc512_s701,742,incoming_l1,role_shuffled,permuted_bptt,28,2.6718393594073215,0.22110552763819097,2.6718393594073215
flywire_783_mb_left_kc512_s701,742,incoming_l1,role_shuffled,permuted_bptt,29,2.6633092959860365,0.22110552763819097,2.6633092959860365
flywire_783_mb_left_kc512_s701,742,incoming_l1,role_shuffled,permuted_bptt,30,2.655355392503899,0.22110552763819097,2.655355392503899
flywire_783_mb_left_kc512_s701,742,incoming_l1,role_shuffled,permuted_bptt,31,2.6477430572772374,0.22110552763819097,2.6477430572772374
flywire_783_mb_left_kc512_s701,742,incoming_l1,role_shuffled,permuted_bptt,32,2.6399203444354735,0.22613065326633167,2.6399203444354735
flywire_783_mb_left_kc512_s701,742,incoming_l1,role_shuffled,permuted_bptt,33,2.6324179214614687,0.22110552763819097,2.6324179214614687
flywire_783_mb_left_kc512_s701,742,incoming_l1,role_shuffled,permuted_bptt,34,2.625321732036791,0.22110552763819097,2.625321732036791
flywire_783_mb_left_kc512_s701,742,incoming_l1,role_shuffled,permuted_bptt,35,2.6182789200480343,0.22110552763819097,2.6182789200480343
flywire_783_mb_left_kc512_s701,742,incoming_l1,role_shuffled,permuted_bptt,36,2.6114361204186207,0.21608040201005024,2.6114361204186207
flywire_783_mb_left_kc512_s701,742,incoming_l1,role_shuffled,permuted_bptt,37,2.604797362134792,0.22613065326633167,2.604797362134792
flywire_783_mb_left_kc512_s701,742,incoming_l1,role_shuffled,permuted_bptt,38,2.5983348272808566,0.23618090452261306,2.5983348272808566
flywire_783_mb_left_kc512_s701,742,incoming_l1,role_shuffled,permuted_bptt,39,2.592047859349076,0.23618090452261306,2.592047859349076
flywire_783_mb_left_kc512_s701,742,incoming_l1,role_shuffled,permuted_bptt,40,2.5857963650245277,0.23618090452261306,2.5857963650245277
flywire_783_mb_left_kc512_s701,742,incoming_l1,role_shuffled,permuted_bptt,41,2.5797798264989136,0.23115577889447236,2.5797798264989136
flywire_783_mb_left_kc512_s701,742,incoming_l1,role_shuffled,permuted_bptt,42,2.573968073906567,0.23115577889447236,2.573968073906567
flywire_783_mb_left_kc512_s701,742,incoming_l1,role_shuffled,permuted_bptt,43,2.5681332271529866,0.23115577889447236,2.5681332271529866
flywire_783_mb_left_kc512_s701,742,incoming_l1,role_shuffled,permuted_bptt,44,2.562452636735239,0.24120603015075376,2.562452636735239
flywire_783_mb_left_kc512_s701,742,incoming_l1,role_shuffled,permuted_bptt,45,2.556944389790276,0.24120603015075376,2.556944389790276
flywire_783_mb_left_kc512_s701,742,incoming_l1,role_shuffled,permuted_bptt,46,2.551533656565628,0.24120603015075376,2.551533656565628
flywire_783_mb_left_kc512_s701,742,incoming_l1,role_shuffled,permuted_bptt,47,2.5462407595743772,0.24623115577889448,2.5462407595743772
flywire_783_mb_left_kc512_s701,742,incoming_l1,role_shuffled,permuted_bptt,48,2.5409906679356484,0.24623115577889448,2.5409906679356484
flywire_783_mb_left_kc512_s701,742,incoming_l1,role_shuffled,permuted_bptt,49,2.5358778658509613,0.24120603015075376,2.5358778658509613
flywire_783_mb_left_kc512_s701,742,incoming_l1,role_shuffled,permuted_bptt,50,2.530905749083726,0.24623115577889448,2.530905749083726
flywire_783_mb_left_kc512_s701,742,incoming_l1,role_shuffled,permuted_bptt,51,2.5259940331909987,0.24623115577889448,2.5259940331909987
flywire_783_mb_left_kc512_s701,742,incoming_l1,role_shuffled,permuted_bptt,52,2.5212009403562976,0.24623115577889448,2.5212009403562976
flywire_783_mb_left_kc512_s701,742,incoming_l1,role_shuffled,permuted_bptt,53,2.516489449295634,0.25125628140703515,2.516489449295634
flywire_783_mb_left_kc512_s701,742,incoming_l1,role_shuffled,permuted_bptt,54,2.511866195774577,0.24623115577889448,2.511866195774577
flywire_783_mb_left_kc512_s701,742,incoming_l1,role_shuffled,permuted_bptt,55,2.5073528423802096,0.25125628140703515,2.5073528423802096
flywire_783_mb_left_kc512_s701,742,incoming_l1,role_shuffled,permuted_bptt,56,2.502943942966972,0.25125628140703515,2.502943942966972
flywire_783_mb_left_kc512_s701,742,incoming_l1,role_shuffled,permuted_bptt,57,2.49866496851082,0.25125628140703515,2.49866496851082
flywire_783_mb_left_kc512_s701,742,incoming_l1,role_shuffled,permuted_bptt,58,2.4944614944629526,0.25125628140703515,2.4944614944629526
flywire_783_mb_left_kc512_s701,742,incoming_l1,role_shuffled,permuted_bptt,59,2.4903560965299247,0.25125628140703515,2.4903560965299247
flywire_783_mb_left_kc512_s701,742,incoming_l1,role_shuffled,permuted_bptt,60,2.4863531755600734,0.25125628140703515,2.4863531755600734
flywire_783_mb_left_kc512_s701,742,incoming_l1,role_shuffled,permuted_bptt,61,2.482413414972067,0.25125628140703515,2.482413414972067
flywire_783_mb_left_kc512_s701,742,incoming_l1,role_shuffled,permuted_bptt,62,2.478556606103736,0.25125628140703515,2.478556606103736
flywire_783_mb_left_kc512_s701,742,incoming_l1,role_shuffled,permuted_bptt,63,2.47476466371221,0.24623115577889448,2.47476466371221
flywire_783_mb_left_kc512_s701,742,incoming_l1,role_shuffled,permuted_bptt,64,2.4710489512252263,0.25125628140703515,2.4710489512252263
flywire_783_mb_left_kc512_s701,742,incoming_l1,role_shuffled,permuted_bptt,65,2.467406331827718,0.2663316582914573,2.467406331827718
flywire_783_mb_left_kc512_s701,742,incoming_l1,role_shuffled,permuted_bptt,66,2.4638249457943195,0.2663316582914573,2.4638249457943195
flywire_783_mb_left_kc512_s701,742,incoming_l1,role_shuffled,permuted_bptt,67,2.4603101128650406,0.2663316582914573,2.4603101128650406
flywire_783_mb_left_kc512_s701,742,incoming_l1,role_shuffled,permuted_bptt,68,2.4568542249822403,0.2663316582914573,2.4568542249822403
flywire_783_mb_left_kc512_s701,742,incoming_l1,role_shuffled,permuted_bptt,69,2.4534614294691024,0.271356783919598,2.4534614294691024
flywire_783_mb_left_kc512_s701,742,incoming_l1,role_shuffled,permuted_bptt,70,2.4501178827912784,0.27638190954773867,2.4501178827912784
flywire_783_mb_left_kc512_s701,742,incoming_l1,role_shuffled,permuted_bptt,71,2.446837342619521,0.27638190954773867,2.446837342619521
flywire_783_mb_left_kc512_s701,742,incoming_l1,role_shuffled,permuted_bptt,72,2.4436121313171686,0.27638190954773867,2.4436121313171686
flywire_783_mb_left_kc512_s701,742,incoming_l1,role_shuffled,permuted_bptt,73,2.4404329986988142,0.271356783919598,2.4404329986988142
flywire_783_mb_left_kc512_s701,742,incoming_l1,role_shuffled,permuted_bptt,74,2.437314252155808,0.2663316582914573,2.437314252155808
flywire_783_mb_left_kc512_s701,742,incoming_l1,role_shuffled,permuted_bptt,75,2.4342436252408546,0.271356783919598,2.4342436252408546
flywire_783_mb_left_kc512_s701,742,incoming_l1,role_shuffled,permuted_bptt,76,2.4312181102091124,0.271356783919598,2.4312181102091124
flywire_783_mb_left_kc512_s701,742,incoming_l1,role_shuffled,permuted_bptt,77,2.4282389071492188,0.27638190954773867,2.4282389071492188
flywire_783_mb_left_kc512_s701,742,incoming_l1,role_shuffled,permuted_bptt,78,2.425307724526953,0.271356783919598,2.425307724526953
flywire_783_mb_left_kc512_s701,742,incoming_l1,role_shuffled,permuted_bptt,79,2.422416243189529,0.271356783919598,2.422416243189529
flywire_783_mb_left_kc512_s701,742,incoming_l1,role_shuffled,permuted_bptt,80,2.4195681129373594,0.2663316582914573,2.4195681129373594
flywire_783_mb_left_kc512_s701,742,incoming_l1,role_shuffled,permuted_bptt,81,2.4167620308712854,0.2663316582914573,2.4167620308712854
flywire_783_mb_left_kc512_s701,742,incoming_l1,role_shuffled,permuted_bptt,82,2.413993448826633,0.271356783919598,2.413993448826633
flywire_783_mb_left_kc512_s701,742,incoming_l1,role_shuffled,permuted_bptt,83,2.4112672410951324,0.271356783919598,2.4112672410951324
flywire_783_mb_left_kc512_s701,742,incoming_l1,role_shuffled,permuted_bptt,84,2.4085780775134973,0.271356783919598,2.4085780775134973
flywire_783_mb_left_kc512_s701,742,incoming_l1,role_shuffled,permuted_bptt,85,2.405926124368594,0.271356783919598,2.405926124368594
flywire_783_mb_left_kc512_s701,742,incoming_l1,role_shuffled,permuted_bptt,86,2.403309702854184,0.271356783919598,2.403309702854184
flywire_783_mb_left_kc512_s701,742,incoming_l1,role_shuffled,permuted_bptt,87,2.400729203122178,0.27638190954773867,2.400729203122178
flywire_783_mb_left_kc512_s701,742,incoming_l1,role_shuffled,permuted_bptt,88,2.3981826976292773,0.27638190954773867,2.3981826976292773
flywire_783_mb_left_kc512_s701,742,incoming_l1,role_shuffled,permuted_bptt,89,2.395669769971218,0.27638190954773867,2.395669769971218
flywire_783_mb_left_kc512_s701,742,incoming_l1,role_shuffled,permuted_bptt,90,2.393188292893811,0.27638190954773867,2.393188292893811
flywire_783_mb_left_kc512_s701,742,incoming_l1,role_shuffled,permuted_bptt,91,2.3907391708217016,0.27638190954773867,2.3907391708217016
flywire_783_mb_left_kc512_s701,742,incoming_l1,role_shuffled,permuted_bptt,92,2.3883208583783633,0.27638190954773867,2.3883208583783633
flywire_783_mb_left_kc512_s701,742,incoming_l1,role_shuffled,permuted_bptt,93,2.385931351684672,0.2814070351758794,2.385931351684672
flywire_783_mb_left_kc512_s701,742,incoming_l1,role_shuffled,permuted_bptt,94,2.3835717863257053,0.2814070351758794,2.3835717863257053
flywire_783_mb_left_kc512_s701,742,incoming_l1,role_shuffled,permuted_bptt,95,2.3812397178207823,0.2814070351758794,2.3812397178207823
flywire_783_mb_left_kc512_s701,742,incoming_l1,role_shuffled,permuted_bptt,96,2.378934751585575,0.27638190954773867,2.378934751585575
flywire_783_mb_left_kc512_s701,742,incoming_l1,role_shuffled,permuted_bptt,97,2.3766563178827056,0.27638190954773867,2.3766563178827056
flywire_783_mb_left_kc512_s701,742,incoming_l1,role_shuffled,permuted_bptt,98,2.3744036726199433,0.27638190954773867,2.3744036726199433
flywire_783_mb_left_kc512_s701,742,incoming_l1,role_shuffled,permuted_bptt,99,2.3721756819241024,0.27638190954773867,2.3721756819241024
flywire_783_mb_left_kc512_s701,742,incoming_l1,role_shuffled,permuted_bptt,100,2.3699726744022938,0.27638190954773867,2.3699726744022938
flywire_783_mb_left_kc512_s701,743,spectral,fly,frozen,0,1.7109920408095023,0.4020100502512563,1.7109920408095023
flywire_783_mb_left_kc512_s701,743,spectral,fly,full_bptt,0,1.7109920408095023,0.4020100502512563,1.7109920408095023
flywire_783_mb_left_kc512_s701,743,spectral,fly,full_bptt,1,1.728735064133802,0.37185929648241206,1.7109920408095023
flywire_783_mb_left_kc512_s701,743,spectral,fly,full_bptt,2,1.747200106366183,0.4221105527638191,1.7109920408095023
flywire_783_mb_left_kc512_s701,743,spectral,fly,full_bptt,3,1.7184798744928385,0.41708542713567837,1.7109920408095023
flywire_783_mb_left_kc512_s701,743,spectral,fly,full_bptt,4,1.719016111668424,0.3969849246231156,1.7109920408095023
flywire_783_mb_left_kc512_s701,743,spectral,fly,full_bptt,5,1.7288604761924693,0.3869346733668342,1.7109920408095023
flywire_783_mb_left_kc512_s701,743,spectral,fly,full_bptt,6,1.7152161837067645,0.3869346733668342,1.7109920408095023
flywire_783_mb_left_kc512_s701,743,spectral,fly,full_bptt,7,1.7093240123395093,0.4120603015075377,1.7093240123395093
flywire_783_mb_left_kc512_s701,743,spectral,fly,full_bptt,8,1.7140472388205232,0.4120603015075377,1.7093240123395093
flywire_783_mb_left_kc512_s701,743,spectral,fly,full_bptt,9,1.714613560490743,0.3869346733668342,1.7093240123395093
flywire_783_mb_left_kc512_s701,743,spectral,fly,full_bptt,10,1.7102222530612012,0.38190954773869346,1.7093240123395093
flywire_783_mb_left_kc512_s701,743,spectral,fly,full_bptt,11,1.7075252634702192,0.39195979899497485,1.7075252634702192
flywire_783_mb_left_kc512_s701,743,spectral,fly,full_bptt,12,1.7079253280078548,0.3969849246231156,1.7075252634702192
flywire_783_mb_left_kc512_s701,743,spectral,fly,full_bptt,13,1.7079264261336033,0.40703517587939697,1.7075252634702192
flywire_783_mb_left_kc512_s701,743,spectral,fly,full_bptt,14,1.7068811756659883,0.4020100502512563,1.7068811756659883
flywire_783_mb_left_kc512_s701,743,spectral,fly,full_bptt,15,1.70500725677853,0.41708542713567837,1.70500725677853
flywire_783_mb_left_kc512_s701,743,spectral,fly,full_bptt,16,1.7034312279876684,0.4221105527638191,1.7034312279876684
flywire_783_mb_left_kc512_s701,743,spectral,fly,full_bptt,17,1.7039914349426866,0.41708542713567837,1.7034312279876684
flywire_783_mb_left_kc512_s701,743,spectral,fly,full_bptt,18,1.7043020262625166,0.40703517587939697,1.7034312279876684
flywire_783_mb_left_kc512_s701,743,spectral,fly,full_bptt,19,1.702448286633752,0.4020100502512563,1.702448286633752
flywire_783_mb_left_kc512_s701,743,spectral,fly,full_bptt,20,1.7011296855789118,0.39195979899497485,1.7011296855789118
flywire_783_mb_left_kc512_s701,743,spectral,fly,full_bptt,21,1.7016623322855868,0.41708542713567837,1.7011296855789118
flywire_783_mb_left_kc512_s701,743,spectral,fly,full_bptt,22,1.7015942151080363,0.40703517587939697,1.7011296855789118
flywire_783_mb_left_kc512_s701,743,spectral,fly,full_bptt,23,1.699899900484648,0.4020100502512563,1.699899900484648
flywire_783_mb_left_kc512_s701,743,spectral,fly,full_bptt,24,1.698916065149468,0.39195979899497485,1.698916065149468
flywire_783_mb_left_kc512_s701,743,spectral,fly,full_bptt,25,1.699678818893125,0.38190954773869346,1.698916065149468
flywire_783_mb_left_kc512_s701,743,spectral,fly,full_bptt,26,1.6998535531919414,0.39195979899497485,1.698916065149468
flywire_783_mb_left_kc512_s701,743,spectral,fly,full_bptt,27,1.6985156665745775,0.3969849246231156,1.6985156665745775
flywire_783_mb_left_kc512_s701,743,spectral,fly,full_bptt,28,1.6975818147982187,0.40703517587939697,1.6975818147982187
flywire_783_mb_left_kc512_s701,743,spectral,fly,full_bptt,29,1.6976577473929984,0.4221105527638191,1.6975818147982187
flywire_783_mb_left_kc512_s701,743,spectral,fly,full_bptt,30,1.6975482254259622,0.4221105527638191,1.6975482254259622
flywire_783_mb_left_kc512_s701,743,spectral,fly,full_bptt,31,1.6969884773187855,0.4020100502512563,1.6969884773187855
flywire_783_mb_left_kc512_s701,743,spectral,fly,full_bptt,32,1.6965787281282048,0.4020100502512563,1.6965787281282048
flywire_783_mb_left_kc512_s701,743,spectral,fly,full_bptt,33,1.696374313769667,0.4020100502512563,1.696374313769667
flywire_783_mb_left_kc512_s701,743,spectral,fly,full_bptt,34,1.6960329991485215,0.40703517587939697,1.6960329991485215
flywire_783_mb_left_kc512_s701,743,spectral,fly,full_bptt,35,1.695555801724236,0.4120603015075377,1.695555801724236
flywire_783_mb_left_kc512_s701,743,spectral,fly,full_bptt,36,1.6951842965048554,0.4120603015075377,1.6951842965048554
flywire_783_mb_left_kc512_s701,743,spectral,fly,full_bptt,37,1.6950209765379605,0.4221105527638191,1.6950209765379605
flywire_783_mb_left_kc512_s701,743,spectral,fly,full_bptt,38,1.694904037487589,0.41708542713567837,1.694904037487589
flywire_783_mb_left_kc512_s701,743,spectral,fly,full_bptt,39,1.6945053752229033,0.4120603015075377,1.6945053752229033
flywire_783_mb_left_kc512_s701,743,spectral,fly,full_bptt,40,1.6939915867390547,0.40703517587939697,1.6939915867390547
flywire_783_mb_left_kc512_s701,743,spectral,fly,full_bptt,41,1.6938273078763482,0.3969849246231156,1.6938273078763482
flywire_783_mb_left_kc512_s701,743,spectral,fly,full_bptt,42,1.6937628854902023,0.4020100502512563,1.6937628854902023
flywire_783_mb_left_kc512_s701,743,spectral,fly,full_bptt,43,1.6933769582383662,0.40703517587939697,1.6933769582383662
flywire_783_mb_left_kc512_s701,743,spectral,fly,full_bptt,44,1.6929938199001857,0.4020100502512563,1.6929938199001857
flywire_783_mb_left_kc512_s701,743,spectral,fly,full_bptt,45,1.6928819422549832,0.40703517587939697,1.6928819422549832
flywire_783_mb_left_kc512_s701,743,spectral,fly,full_bptt,46,1.6926898402763768,0.4020100502512563,1.6926898402763768
flywire_783_mb_left_kc512_s701,743,spectral,fly,full_bptt,47,1.6923377038950536,0.3969849246231156,1.6923377038950536
flywire_783_mb_left_kc512_s701,743,spectral,fly,full_bptt,48,1.692111411868331,0.4120603015075377,1.692111411868331
flywire_783_mb_left_kc512_s701,743,spectral,fly,full_bptt,49,1.6919585787988785,0.40703517587939697,1.6919585787988785
flywire_783_mb_left_kc512_s701,743,spectral,fly,full_bptt,50,1.6917085636481677,0.40703517587939697,1.6917085636481677
flywire_783_mb_left_kc512_s701,743,spectral,fly,full_bptt,51,1.6914485381012159,0.40703517587939697,1.6914485381012159
flywire_783_mb_left_kc512_s701,743,spectral,fly,full_bptt,52,1.691260271085339,0.4020100502512563,1.691260271085339
flywire_783_mb_left_kc512_s701,743,spectral,fly,full_bptt,53,1.691078751376329,0.40703517587939697,1.691078751376329
flywire_783_mb_left_kc512_s701,743,spectral,fly,full_bptt,54,1.6908569416427748,0.40703517587939697,1.6908569416427748
flywire_783_mb_left_kc512_s701,743,spectral,fly,full_bptt,55,1.6906224922857571,0.40703517587939697,1.6906224922857571
flywire_783_mb_left_kc512_s701,743,spectral,fly,full_bptt,56,1.6904397695633504,0.40703517587939697,1.6904397695633504
flywire_783_mb_left_kc512_s701,743,spectral,fly,full_bptt,57,1.6902798027862995,0.4120603015075377,1.6902798027862995
flywire_783_mb_left_kc512_s701,743,spectral,fly,full_bptt,58,1.6900623211709132,0.4120603015075377,1.6900623211709132
flywire_783_mb_left_kc512_s701,743,spectral,fly,full_bptt,59,1.689853245948435,0.4020100502512563,1.689853245948435
flywire_783_mb_left_kc512_s701,743,spectral,fly,full_bptt,60,1.6896997841672792,0.40703517587939697,1.6896997841672792
flywire_783_mb_left_kc512_s701,743,spectral,fly,full_bptt,61,1.6895148947434835,0.4020100502512563,1.6895148947434835
flywire_783_mb_left_kc512_s701,743,spectral,fly,full_bptt,62,1.6893127524573075,0.4120603015075377,1.6893127524573075
flywire_783_mb_left_kc512_s701,743,spectral,fly,full_bptt,63,1.689157934831401,0.40703517587939697,1.689157934831401
flywire_783_mb_left_kc512_s701,743,spectral,fly,full_bptt,64,1.6889914573015214,0.40703517587939697,1.6889914573015214
flywire_783_mb_left_kc512_s701,743,spectral,fly,full_bptt,65,1.6887977675348655,0.40703517587939697,1.6887977675348655
flywire_783_mb_left_kc512_s701,743,spectral,fly,full_bptt,66,1.6886348813198815,0.41708542713567837,1.6886348813198815
flywire_783_mb_left_kc512_s701,743,spectral,fly,full_bptt,67,1.6884839552359083,0.4120603015075377,1.6884839552359083
flywire_783_mb_left_kc512_s701,743,spectral,fly,full_bptt,68,1.6883150033312622,0.40703517587939697,1.6883150033312622
flywire_783_mb_left_kc512_s701,743,spectral,fly,full_bptt,69,1.6881474981490896,0.4120603015075377,1.6881474981490896
flywire_783_mb_left_kc512_s701,743,spectral,fly,full_bptt,70,1.6879934120529223,0.40703517587939697,1.6879934120529223
flywire_783_mb_left_kc512_s701,743,spectral,fly,full_bptt,71,1.6878424648474355,0.40703517587939697,1.6878424648474355
flywire_783_mb_left_kc512_s701,743,spectral,fly,full_bptt,72,1.6876840555498585,0.4120603015075377,1.6876840555498585
flywire_783_mb_left_kc512_s701,743,spectral,fly,full_bptt,73,1.6875305066688644,0.40703517587939697,1.6875305066688644
flywire_783_mb_left_kc512_s701,743,spectral,fly,full_bptt,74,1.6873883390509872,0.4020100502512563,1.6873883390509872
flywire_783_mb_left_kc512_s701,743,spectral,fly,full_bptt,75,1.6872379751836624,0.40703517587939697,1.6872379751836624
flywire_783_mb_left_kc512_s701,743,spectral,fly,full_bptt,76,1.6870883543390678,0.40703517587939697,1.6870883543390678
flywire_783_mb_left_kc512_s701,743,spectral,fly,full_bptt,77,1.6869522642866974,0.40703517587939697,1.6869522642866974
flywire_783_mb_left_kc512_s701,743,spectral,fly,full_bptt,78,1.6868099462730353,0.40703517587939697,1.6868099462730353
flywire_783_mb_left_kc512_s701,743,spectral,fly,full_bptt,79,1.6866656810725076,0.40703517587939697,1.6866656810725076
flywire_783_mb_left_kc512_s701,743,spectral,fly,full_bptt,80,1.6865322747633196,0.4120603015075377,1.6865322747633196
flywire_783_mb_left_kc512_s701,743,spectral,fly,full_bptt,81,1.6863972515007852,0.4120603015075377,1.6863972515007852
flywire_783_mb_left_kc512_s701,743,spectral,fly,full_bptt,82,1.686261208783881,0.40703517587939697,1.686261208783881
flywire_783_mb_left_kc512_s701,743,spectral,fly,full_bptt,83,1.6861306397211,0.40703517587939697,1.6861306397211
flywire_783_mb_left_kc512_s701,743,spectral,fly,full_bptt,84,1.6860004864809293,0.40703517587939697,1.6860004864809293
flywire_783_mb_left_kc512_s701,743,spectral,fly,full_bptt,85,1.6858706562769157,0.40703517587939697,1.6858706562769157
flywire_783_mb_left_kc512_s701,743,spectral,fly,full_bptt,86,1.685743989608941,0.4120603015075377,1.685743989608941
flywire_783_mb_left_kc512_s701,743,spectral,fly,full_bptt,87,1.6856200007828293,0.4120603015075377,1.6856200007828293
flywire_783_mb_left_kc512_s701,743,spectral,fly,full_bptt,88,1.68549551985874,0.4120603015075377,1.68549551985874
flywire_783_mb_left_kc512_s701,743,spectral,fly,full_bptt,89,1.6853721219433904,0.4120603015075377,1.6853721219433904
flywire_783_mb_left_kc512_s701,743,spectral,fly,full_bptt,90,1.6852532299384455,0.4120603015075377,1.6852532299384455
flywire_783_mb_left_kc512_s701,743,spectral,fly,full_bptt,91,1.6851339217526238,0.4120603015075377,1.6851339217526238
flywire_783_mb_left_kc512_s701,743,spectral,fly,full_bptt,92,1.6850149525529727,0.4120603015075377,1.6850149525529727
flywire_783_mb_left_kc512_s701,743,spectral,fly,full_bptt,93,1.684900107415501,0.4120603015075377,1.684900107415501
flywire_783_mb_left_kc512_s701,743,spectral,fly,full_bptt,94,1.68478511243226,0.4120603015075377,1.68478511243226
flywire_783_mb_left_kc512_s701,743,spectral,fly,full_bptt,95,1.6846709521561232,0.4120603015075377,1.6846709521561232
flywire_783_mb_left_kc512_s701,743,spectral,fly,full_bptt,96,1.6845598001724253,0.4120603015075377,1.6845598001724253
flywire_783_mb_left_kc512_s701,743,spectral,fly,full_bptt,97,1.6844490108708832,0.4120603015075377,1.6844490108708832
flywire_783_mb_left_kc512_s701,743,spectral,fly,full_bptt,98,1.6843393745888364,0.4120603015075377,1.6843393745888364
flywire_783_mb_left_kc512_s701,743,spectral,fly,full_bptt,99,1.6842317355910934,0.4120603015075377,1.6842317355910934
flywire_783_mb_left_kc512_s701,743,spectral,fly,full_bptt,100,1.684125028197422,0.4120603015075377,1.684125028197422
flywire_783_mb_left_kc512_s701,743,spectral,fly,local_gradient,0,1.7109920408095023,0.4020100502512563,1.7109920408095023
flywire_783_mb_left_kc512_s701,743,spectral,fly,local_gradient,1,1.7404288282035925,0.3969849246231156,1.7109920408095023
flywire_783_mb_left_kc512_s701,743,spectral,fly,local_gradient,2,1.7393635863295807,0.36180904522613067,1.7109920408095023
flywire_783_mb_left_kc512_s701,743,spectral,fly,local_gradient,3,1.7228798356856774,0.39195979899497485,1.7109920408095023
flywire_783_mb_left_kc512_s701,743,spectral,fly,local_gradient,4,1.7240159334542065,0.3869346733668342,1.7109920408095023
flywire_783_mb_left_kc512_s701,743,spectral,fly,local_gradient,5,1.7251089199862113,0.4120603015075377,1.7109920408095023
flywire_783_mb_left_kc512_s701,743,spectral,fly,local_gradient,6,1.7193317707777171,0.40703517587939697,1.7109920408095023
flywire_783_mb_left_kc512_s701,743,spectral,fly,local_gradient,7,1.7187661712853841,0.3969849246231156,1.7109920408095023
flywire_783_mb_left_kc512_s701,743,spectral,fly,local_gradient,8,1.721232496089369,0.39195979899497485,1.7109920408095023
flywire_783_mb_left_kc512_s701,743,spectral,fly,local_gradient,9,1.720317076385493,0.39195979899497485,1.7109920408095023
flywire_783_mb_left_kc512_s701,743,spectral,fly,local_gradient,10,1.7189068843154487,0.4120603015075377,1.7109920408095023
flywire_783_mb_left_kc512_s701,743,spectral,fly,local_gradient,11,1.7202071610522813,0.3969849246231156,1.7109920408095023
flywire_783_mb_left_kc512_s701,743,spectral,fly,local_gradient,12,1.7206584916518732,0.3768844221105528,1.7109920408095023
flywire_783_mb_left_kc512_s701,743,spectral,fly,local_gradient,13,1.7181885567512754,0.37185929648241206,1.7109920408095023
flywire_783_mb_left_kc512_s701,743,spectral,fly,local_gradient,14,1.7162132502850393,0.3869346733668342,1.7109920408095023
flywire_783_mb_left_kc512_s701,743,spectral,fly,local_gradient,15,1.7167729556176576,0.39195979899497485,1.7109920408095023
flywire_783_mb_left_kc512_s701,743,spectral,fly,local_gradient,16,1.7169506359624693,0.4020100502512563,1.7109920408095023
flywire_783_mb_left_kc512_s701,743,spectral,fly,local_gradient,17,1.7157499535478118,0.3969849246231156,1.7109920408095023
flywire_783_mb_left_kc512_s701,743,spectral,fly,local_gradient,18,1.715411606810222,0.40703517587939697,1.7109920408095023
flywire_783_mb_left_kc512_s701,743,spectral,fly,local_gradient,19,1.7163758383951517,0.4120603015075377,1.7109920408095023
flywire_783_mb_left_kc512_s701,743,spectral,fly,local_gradient,20,1.716836011410639,0.40703517587939697,1.7109920408095023
flywire_783_mb_left_kc512_s701,743,spectral,fly,local_gradient,21,1.7162339895847616,0.3969849246231156,1.7109920408095023
flywire_783_mb_left_kc512_s701,743,spectral,fly,local_gradient,22,1.7157881854557588,0.4020100502512563,1.7109920408095023
flywire_783_mb_left_kc512_s701,743,spectral,fly,local_gradient,23,1.716173933279954,0.3969849246231156,1.7109920408095023
flywire_783_mb_left_kc512_s701,743,spectral,fly,local_gradient,24,1.7165063193669077,0.38190954773869346,1.7109920408095023
flywire_783_mb_left_kc512_s701,743,spectral,fly,local_gradient,25,1.7163026694810888,0.3969849246231156,1.7109920408095023
flywire_783_mb_left_kc512_s701,743,spectral,fly,local_gradient,26,1.7162968315456057,0.3969849246231156,1.7109920408095023
flywire_783_mb_left_kc512_s701,743,spectral,fly,local_gradient,27,1.7166067940746068,0.3969849246231156,1.7109920408095023
flywire_783_mb_left_kc512_s701,743,spectral,fly,local_gradient,28,1.7166331108439794,0.4020100502512563,1.7109920408095023
flywire_783_mb_left_kc512_s701,743,spectral,fly,local_gradient,29,1.7164914848659731,0.4020100502512563,1.7109920408095023
flywire_783_mb_left_kc512_s701,743,spectral,fly,local_gradient,30,1.716585805403947,0.3969849246231156,1.7109920408095023
flywire_783_mb_left_kc512_s701,743,spectral,fly,local_gradient,31,1.716678039527261,0.3969849246231156,1.7109920408095023
flywire_783_mb_left_kc512_s701,743,spectral,fly,local_gradient,32,1.7166683309962665,0.3969849246231156,1.7109920408095023
flywire_783_mb_left_kc512_s701,743,spectral,fly,local_gradient,33,1.7168896419849458,0.3869346733668342,1.7109920408095023
flywire_783_mb_left_kc512_s701,743,spectral,fly,local_gradient,34,1.7172081505204735,0.3869346733668342,1.7109920408095023
flywire_783_mb_left_kc512_s701,743,spectral,fly,local_gradient,35,1.7172549762950071,0.3869346733668342,1.7109920408095023
flywire_783_mb_left_kc512_s701,743,spectral,fly,local_gradient,36,1.7171528558163385,0.3969849246231156,1.7109920408095023
flywire_783_mb_left_kc512_s701,743,spectral,fly,local_gradient,37,1.7171094058787997,0.4020100502512563,1.7109920408095023
flywire_783_mb_left_kc512_s701,743,spectral,fly,local_gradient,38,1.7170517013689346,0.3969849246231156,1.7109920408095023
flywire_783_mb_left_kc512_s701,743,spectral,fly,local_gradient,39,1.7170739616999635,0.39195979899497485,1.7109920408095023
flywire_783_mb_left_kc512_s701,743,spectral,fly,local_gradient,40,1.7173549683252742,0.3969849246231156,1.7109920408095023
flywire_783_mb_left_kc512_s701,743,spectral,fly,local_gradient,41,1.717611697023411,0.3969849246231156,1.7109920408095023
flywire_783_mb_left_kc512_s701,743,spectral,fly,local_gradient,42,1.7175082773074384,0.39195979899497485,1.7109920408095023
flywire_783_mb_left_kc512_s701,743,spectral,fly,local_gradient,43,1.7173090659826462,0.39195979899497485,1.7109920408095023
flywire_783_mb_left_kc512_s701,743,spectral,fly,local_gradient,44,1.7173979980518794,0.3869346733668342,1.7109920408095023
flywire_783_mb_left_kc512_s701,743,spectral,fly,local_gradient,45,1.7176431238034378,0.3869346733668342,1.7109920408095023
flywire_783_mb_left_kc512_s701,743,spectral,fly,local_gradient,46,1.7178159452623618,0.3869346733668342,1.7109920408095023
flywire_783_mb_left_kc512_s701,743,spectral,fly,local_gradient,47,1.7179985048718698,0.3969849246231156,1.7109920408095023
flywire_783_mb_left_kc512_s701,743,spectral,fly,local_gradient,48,1.7182451316589253,0.4020100502512563,1.7109920408095023
flywire_783_mb_left_kc512_s701,743,spectral,fly,local_gradient,49,1.7184662315499935,0.39195979899497485,1.7109920408095023
flywire_783_mb_left_kc512_s701,743,spectral,fly,local_gradient,50,1.7186507180931534,0.39195979899497485,1.7109920408095023
flywire_783_mb_left_kc512_s701,743,spectral,fly,local_gradient,51,1.7187917911681825,0.3869346733668342,1.7109920408095023
flywire_783_mb_left_kc512_s701,743,spectral,fly,local_gradient,52,1.718830046448803,0.3869346733668342,1.7109920408095023
flywire_783_mb_left_kc512_s701,743,spectral,fly,local_gradient,53,1.7188290417324916,0.3869346733668342,1.7109920408095023
flywire_783_mb_left_kc512_s701,743,spectral,fly,local_gradient,54,1.718856099481438,0.39195979899497485,1.7109920408095023
flywire_783_mb_left_kc512_s701,743,spectral,fly,local_gradient,55,1.7188896365091295,0.3969849246231156,1.7109920408095023
flywire_783_mb_left_kc512_s701,743,spectral,fly,local_gradient,56,1.718983909691155,0.3969849246231156,1.7109920408095023
flywire_783_mb_left_kc512_s701,743,spectral,fly,local_gradient,57,1.7191753305045256,0.39195979899497485,1.7109920408095023
flywire_783_mb_left_kc512_s701,743,spectral,fly,local_gradient,58,1.7194154067178096,0.39195979899497485,1.7109920408095023
flywire_783_mb_left_kc512_s701,743,spectral,fly,local_gradient,59,1.7196970085680179,0.39195979899497485,1.7109920408095023
flywire_783_mb_left_kc512_s701,743,spectral,fly,local_gradient,60,1.719973380015401,0.39195979899497485,1.7109920408095023
flywire_783_mb_left_kc512_s701,743,spectral,fly,local_gradient,61,1.720119962841475,0.39195979899497485,1.7109920408095023
flywire_783_mb_left_kc512_s701,743,spectral,fly,local_gradient,62,1.7201208055437285,0.39195979899497485,1.7109920408095023
flywire_783_mb_left_kc512_s701,743,spectral,fly,local_gradient,63,1.7200977911537383,0.3969849246231156,1.7109920408095023
flywire_783_mb_left_kc512_s701,743,spectral,fly,local_gradient,64,1.720141827938912,0.3969849246231156,1.7109920408095023
flywire_783_mb_left_kc512_s701,743,spectral,fly,local_gradient,65,1.7202741489600673,0.39195979899497485,1.7109920408095023
flywire_783_mb_left_kc512_s701,743,spectral,fly,local_gradient,66,1.7204780995937472,0.39195979899497485,1.7109920408095023
flywire_783_mb_left_kc512_s701,743,spectral,fly,local_gradient,67,1.7206976751939786,0.3969849246231156,1.7109920408095023
flywire_783_mb_left_kc512_s701,743,spectral,fly,local_gradient,68,1.7208967920420344,0.3969849246231156,1.7109920408095023
flywire_783_mb_left_kc512_s701,743,spectral,fly,local_gradient,69,1.7210650509939438,0.3969849246231156,1.7109920408095023
flywire_783_mb_left_kc512_s701,743,spectral,fly,local_gradient,70,1.7211779092094155,0.3869346733668342,1.7109920408095023
flywire_783_mb_left_kc512_s701,743,spectral,fly,local_gradient,71,1.721243482011234,0.39195979899497485,1.7109920408095023
flywire_783_mb_left_kc512_s701,743,spectral,fly,local_gradient,72,1.7213136447981565,0.39195979899497485,1.7109920408095023
flywire_783_mb_left_kc512_s701,743,spectral,fly,local_gradient,73,1.7214090534658333,0.39195979899497485,1.7109920408095023
flywire_783_mb_left_kc512_s701,743,spectral,fly,local_gradient,74,1.7215312112380703,0.39195979899497485,1.7109920408095023
flywire_783_mb_left_kc512_s701,743,spectral,fly,local_gradient,75,1.7216861055534889,0.39195979899497485,1.7109920408095023
flywire_783_mb_left_kc512_s701,743,spectral,fly,local_gradient,76,1.7218570922593,0.39195979899497485,1.7109920408095023
flywire_783_mb_left_kc512_s701,743,spectral,fly,local_gradient,77,1.7220197441993967,0.39195979899497485,1.7109920408095023
flywire_783_mb_left_kc512_s701,743,spectral,fly,local_gradient,78,1.7221403341197195,0.39195979899497485,1.7109920408095023
flywire_783_mb_left_kc512_s701,743,spectral,fly,local_gradient,79,1.7222007965392918,0.39195979899497485,1.7109920408095023
flywire_783_mb_left_kc512_s701,743,spectral,fly,local_gradient,80,1.7222426603833771,0.39195979899497485,1.7109920408095023
flywire_783_mb_left_kc512_s701,743,spectral,fly,local_gradient,81,1.7223220003414184,0.39195979899497485,1.7109920408095023
flywire_783_mb_left_kc512_s701,743,spectral,fly,local_gradient,82,1.7224535111723103,0.39195979899497485,1.7109920408095023
flywire_783_mb_left_kc512_s701,743,spectral,fly,local_gradient,83,1.722619835128974,0.39195979899497485,1.7109920408095023
flywire_783_mb_left_kc512_s701,743,spectral,fly,local_gradient,84,1.7227856538866573,0.39195979899497485,1.7109920408095023
flywire_783_mb_left_kc512_s701,743,spectral,fly,local_gradient,85,1.722915820149404,0.39195979899497485,1.7109920408095023
flywire_783_mb_left_kc512_s701,743,spectral,fly,local_gradient,86,1.7230037577897312,0.39195979899497485,1.7109920408095023
flywire_783_mb_left_kc512_s701,743,spectral,fly,local_gradient,87,1.723068878297336,0.39195979899497485,1.7109920408095023
flywire_783_mb_left_kc512_s701,743,spectral,fly,local_gradient,88,1.7231399324837322,0.39195979899497485,1.7109920408095023
flywire_783_mb_left_kc512_s701,743,spectral,fly,local_gradient,89,1.7232355172900051,0.39195979899497485,1.7109920408095023
flywire_783_mb_left_kc512_s701,743,spectral,fly,local_gradient,90,1.7233514626506903,0.39195979899497485,1.7109920408095023
flywire_783_mb_left_kc512_s701,743,spectral,fly,local_gradient,91,1.7234752181333677,0.39195979899497485,1.7109920408095023
flywire_783_mb_left_kc512_s701,743,spectral,fly,local_gradient,92,1.7235957632126937,0.39195979899497485,1.7109920408095023
flywire_783_mb_left_kc512_s701,743,spectral,fly,local_gradient,93,1.723700332865501,0.39195979899497485,1.7109920408095023
flywire_783_mb_left_kc512_s701,743,spectral,fly,local_gradient,94,1.7237830113191615,0.39195979899497485,1.7109920408095023
flywire_783_mb_left_kc512_s701,743,spectral,fly,local_gradient,95,1.7238455634071879,0.39195979899497485,1.7109920408095023
flywire_783_mb_left_kc512_s701,743,spectral,fly,local_gradient,96,1.723902418037838,0.39195979899497485,1.7109920408095023
flywire_783_mb_left_kc512_s701,743,spectral,fly,local_gradient,97,1.723978731511952,0.39195979899497485,1.7109920408095023
flywire_783_mb_left_kc512_s701,743,spectral,fly,local_gradient,98,1.7240844575728498,0.3869346733668342,1.7109920408095023
flywire_783_mb_left_kc512_s701,743,spectral,fly,local_gradient,99,1.724205138774374,0.3869346733668342,1.7109920408095023
flywire_783_mb_left_kc512_s701,743,spectral,fly,local_gradient,100,1.7243159416786036,0.39195979899497485,1.7109920408095023
flywire_783_mb_left_kc512_s701,743,spectral,fly,permuted_bptt,0,3.175053395617159,0.10552763819095477,3.175053395617159
flywire_783_mb_left_kc512_s701,743,spectral,fly,permuted_bptt,1,3.0769268322925334,0.11557788944723618,3.0769268322925334
flywire_783_mb_left_kc512_s701,743,spectral,fly,permuted_bptt,2,3.02028996379997,0.15577889447236182,3.02028996379997
flywire_783_mb_left_kc512_s701,743,spectral,fly,permuted_bptt,3,2.965145662898821,0.135678391959799,2.965145662898821
flywire_783_mb_left_kc512_s701,743,spectral,fly,permuted_bptt,4,2.924185730925024,0.1407035175879397,2.924185730925024
flywire_783_mb_left_kc512_s701,743,spectral,fly,permuted_bptt,5,2.8877702958730405,0.1457286432160804,2.8877702958730405
flywire_783_mb_left_kc512_s701,743,spectral,fly,permuted_bptt,6,2.8531206914704894,0.16080402010050251,2.8531206914704894
flywire_783_mb_left_kc512_s701,743,spectral,fly,permuted_bptt,7,2.8198303363598543,0.1658291457286432,2.8198303363598543
flywire_783_mb_left_kc512_s701,743,spectral,fly,permuted_bptt,8,2.788377352491621,0.1658291457286432,2.788377352491621
flywire_783_mb_left_kc512_s701,743,spectral,fly,permuted_bptt,9,2.7612666162912074,0.16080402010050251,2.7612666162912074
flywire_783_mb_left_kc512_s701,743,spectral,fly,permuted_bptt,10,2.7365702766203297,0.1708542713567839,2.7365702766203297
flywire_783_mb_left_kc512_s701,743,spectral,fly,permuted_bptt,11,2.7132799497635918,0.19597989949748743,2.7132799497635918
flywire_783_mb_left_kc512_s701,743,spectral,fly,permuted_bptt,12,2.6937559145059704,0.19597989949748743,2.6937559145059704
flywire_783_mb_left_kc512_s701,743,spectral,fly,permuted_bptt,13,2.6767317027065847,0.20100502512562815,2.6767317027065847
flywire_783_mb_left_kc512_s701,743,spectral,fly,permuted_bptt,14,2.658506352756496,0.22110552763819097,2.658506352756496
flywire_783_mb_left_kc512_s701,743,spectral,fly,permuted_bptt,15,2.6406226148740295,0.22110552763819097,2.6406226148740295
flywire_783_mb_left_kc512_s701,743,spectral,fly,permuted_bptt,16,2.62523742023277,0.20603015075376885,2.62523742023277
flywire_783_mb_left_kc512_s701,743,spectral,fly,permuted_bptt,17,2.6105918284423977,0.20603015075376885,2.6105918284423977
flywire_783_mb_left_kc512_s701,743,spectral,fly,permuted_bptt,18,2.595751106494815,0.21608040201005024,2.595751106494815
flywire_783_mb_left_kc512_s701,743,spectral,fly,permuted_bptt,19,2.5820275663914862,0.22613065326633167,2.5820275663914862
flywire_783_mb_left_kc512_s701,743,spectral,fly,permuted_bptt,20,2.5694587084557483,0.22110552763819097,2.5694587084557483
flywire_783_mb_left_kc512_s701,743,spectral,fly,permuted_bptt,21,2.556963888270638,0.22110552763819097,2.556963888270638
flywire_783_mb_left_kc512_s701,743,spectral,fly,permuted_bptt,22,2.5445272497390166,0.22110552763819097,2.5445272497390166
flywire_783_mb_left_kc512_s701,743,spectral,fly,permuted_bptt,23,2.5325560518237755,0.22110552763819097,2.5325560518237755
flywire_783_mb_left_kc512_s701,743,spectral,fly,permuted_bptt,24,2.5211147345376084,0.23115577889447236,2.5211147345376084
flywire_783_mb_left_kc512_s701,743,spectral,fly,permuted_bptt,25,2.510143304104469,0.23115577889447236,2.510143304104469
flywire_783_mb_left_kc512_s701,743,spectral,fly,permuted_bptt,26,2.4994814917802732,0.23618090452261306,2.4994814917802732
flywire_783_mb_left_kc512_s701,743,spectral,fly,permuted_bptt,27,2.4893135375784707,0.23618090452261306,2.4893135375784707
flywire_783_mb_left_kc512_s701,743,spectral,fly,permuted_bptt,28,2.4800007042571566,0.23618090452261306,2.4800007042571566
flywire_783_mb_left_kc512_s701,743,spectral,fly,permuted_bptt,29,2.4711652813712988,0.24623115577889448,2.4711652813712988
flywire_783_mb_left_kc512_s701,743,spectral,fly,permuted_bptt,30,2.46237998087305,0.24623115577889448,2.46237998087305
flywire_783_mb_left_kc512_s701,743,spectral,fly,permuted_bptt,31,2.454021782316819,0.24623115577889448,2.454021782316819
flywire_783_mb_left_kc512_s701,743,spectral,fly,permuted_bptt,32,2.446159083955924,0.24120603015075376,2.446159083955924
flywire_783_mb_left_kc512_s701,743,spectral,fly,permuted_bptt,33,2.4383632059991864,0.24623115577889448,2.4383632059991864
flywire_783_mb_left_kc512_s701,743,spectral,fly,permuted_bptt,34,2.43078109840061,0.25125628140703515,2.43078109840061
flywire_783_mb_left_kc512_s701,743,spectral,fly,permuted_bptt,35,2.423680586306043,0.2562814070351759,2.423680586306043
flywire_783_mb_left_kc512_s701,743,spectral,fly,permuted_bptt,36,2.4168289281561846,0.2562814070351759,2.4168289281561846
flywire_783_mb_left_kc512_s701,743,spectral,fly,permuted_bptt,37,2.410091102755369,0.2613065326633166,2.410091102755369
flywire_783_mb_left_kc512_s701,743,spectral,fly,permuted_bptt,38,2.40355235449403,0.271356783919598,2.40355235449403
flywire_783_mb_left_kc512_s701,743,spectral,fly,permuted_bptt,39,2.3972109085569184,0.2814070351758794,2.3972109085569184
flywire_783_mb_left_kc512_s701,743,spectral,fly,permuted_bptt,40,2.391016908097399,0.2814070351758794,2.391016908097399
flywire_783_mb_left_kc512_s701,743,spectral,fly,permuted_bptt,41,2.3849487474352618,0.27638190954773867,2.3849487474352618
flywire_783_mb_left_kc512_s701,743,spectral,fly,permuted_bptt,42,2.379098516236769,0.27638190954773867,2.379098516236769
flywire_783_mb_left_kc512_s701,743,spectral,fly,permuted_bptt,43,2.373524276198209,0.27638190954773867,2.373524276198209
flywire_783_mb_left_kc512_s701,743,spectral,fly,permuted_bptt,44,2.3680868600051013,0.2864321608040201,2.3680868600051013
flywire_783_mb_left_kc512_s701,743,spectral,fly,permuted_bptt,45,2.36279534900102,0.2864321608040201,2.36279534900102
flywire_783_mb_left_kc512_s701,743,spectral,fly,permuted_bptt,46,2.3577574645435506,0.2864321608040201,2.3577574645435506
flywire_783_mb_left_kc512_s701,743,spectral,fly,permuted_bptt,47,2.3528597604685273,0.2914572864321608,2.3528597604685273
flywire_783_mb_left_kc512_s701,743,spectral,fly,permuted_bptt,48,2.3480916003282757,0.3015075376884422,2.3480916003282757
flywire_783_mb_left_kc512_s701,743,spectral,fly,permuted_bptt,49,2.343557757710743,0.3015075376884422,2.343557757710743
flywire_783_mb_left_kc512_s701,743,spectral,fly,permuted_bptt,50,2.339187478015403,0.31155778894472363,2.339187478015403
flywire_783_mb_left_kc512_s701,743,spectral,fly,permuted_bptt,51,2.334942335924315,0.31155778894472363,2.334942335924315
flywire_783_mb_left_kc512_s701,743,spectral,fly,permuted_bptt,52,2.33085456962969,0.31155778894472363,2.33085456962969
flywire_783_mb_left_kc512_s701,743,spectral,fly,permuted_bptt,53,2.3268828568209194,0.32160804020100503,2.3268828568209194
flywire_783_mb_left_kc512_s701,743,spectral,fly,permuted_bptt,54,2.3229993053328983,0.32160804020100503,2.3229993053328983
flywire_783_mb_left_kc512_s701,743,spectral,fly,permuted_bptt,55,2.3192192914439884,0.32160804020100503,2.3192192914439884
flywire_783_mb_left_kc512_s701,743,spectral,fly,permuted_bptt,56,2.315565984059203,0.3165829145728643,2.315565984059203
flywire_783_mb_left_kc512_s701,743,spectral,fly,permuted_bptt,57,2.312022898313701,0.3165829145728643,2.312022898313701
flywire_783_mb_left_kc512_s701,743,spectral,fly,permuted_bptt,58,2.3085666748446294,0.31155778894472363,2.3085666748446294
flywire_783_mb_left_kc512_s701,743,spectral,fly,permuted_bptt,59,2.3052192396792415,0.3065326633165829,2.3052192396792415
flywire_783_mb_left_kc512_s701,743,spectral,fly,permuted_bptt,60,2.3019511460687414,0.3065326633165829,2.3019511460687414
flywire_783_mb_left_kc512_s701,743,spectral,fly,permuted_bptt,61,2.298746595036766,0.3015075376884422,2.298746595036766
flywire_783_mb_left_kc512_s701,743,spectral,fly,permuted_bptt,62,2.2956382850616865,0.3015075376884422,2.2956382850616865
flywire_783_mb_left_kc512_s701,743,spectral,fly,permuted_bptt,63,2.292600904189317,0.3015075376884422,2.292600904189317
flywire_783_mb_left_kc512_s701,743,spectral,fly,permuted_bptt,64,2.2896282239295536,0.3015075376884422,2.2896282239295536
flywire_783_mb_left_kc512_s701,743,spectral,fly,permuted_bptt,65,2.286734624248071,0.3015075376884422,2.286734624248071
flywire_783_mb_left_kc512_s701,743,spectral,fly,permuted_bptt,66,2.2838990422629566,0.3015075376884422,2.2838990422629566
flywire_783_mb_left_kc512_s701,743,spectral,fly,permuted_bptt,67,2.281118686523915,0.2964824120603015,2.281118686523915
flywire_783_mb_left_kc512_s701,743,spectral,fly,permuted_bptt,68,2.2783996064747476,0.2964824120603015,2.2783996064747476
flywire_783_mb_left_kc512_s701,743,spectral,fly,permuted_bptt,69,2.27573821052176,0.2964824120603015,2.27573821052176
flywire_783_mb_left_kc512_s701,743,spectral,fly,permuted_bptt,70,2.2731275191631735,0.2914572864321608,2.2731275191631735
flywire_783_mb_left_kc512_s701,743,spectral,fly,permuted_bptt,71,2.270568271429585,0.2914572864321608,2.270568271429585
flywire_783_mb_left_kc512_s701,743,spectral,fly,permuted_bptt,72,2.2680588405260034,0.2914572864321608,2.2680588405260034
flywire_783_mb_left_kc512_s701,743,spectral,fly,permuted_bptt,73,2.265590336610726,0.2914572864321608,2.265590336610726
flywire_783_mb_left_kc512_s701,743,spectral,fly,permuted_bptt,74,2.263171942955371,0.2914572864321608,2.263171942955371
flywire_783_mb_left_kc512_s701,743,spectral,fly,permuted_bptt,75,2.260798890741272,0.2864321608040201,2.260798890741272
flywire_783_mb_left_kc512_s701,743,spectral,fly,permuted_bptt,76,2.2584644806523766,0.2914572864321608,2.2584644806523766
flywire_783_mb_left_kc512_s701,743,spectral,fly,permuted_bptt,77,2.256175961699135,0.2914572864321608,2.256175961699135
flywire_783_mb_left_kc512_s701,743,spectral,fly,permuted_bptt,78,2.2539270360668846,0.2914572864321608,2.2539270360668846
flywire_783_mb_left_kc512_s701,743,spectral,fly,permuted_bptt,79,2.2517166981556245,0.2914572864321608,2.2517166981556245
flywire_783_mb_left_kc512_s701,743,spectral,fly,permuted_bptt,80,2.2495456017001745,0.2964824120603015,2.2495456017001745
flywire_783_mb_left_kc512_s701,743,spectral,fly,permuted_bptt,81,2.247409654698132,0.2964824120603015,2.247409654698132
flywire_783_mb_left_kc512_s701,743,spectral,fly,permuted_bptt,82,2.2453084258318143,0.3015075376884422,2.2453084258318143
flywire_783_mb_left_kc512_s701,743,spectral,fly,permuted_bptt,83,2.2432424811745104,0.3015075376884422,2.2432424811745104
flywire_783_mb_left_kc512_s701,743,spectral,fly,permuted_bptt,84,2.2412097487813347,0.3015075376884422,2.2412097487813347
flywire_783_mb_left_kc512_s701,743,spectral,fly,permuted_bptt,85,2.2392084018824625,0.3065326633165829,2.2392084018824625
flywire_783_mb_left_kc512_s701,743,spectral,fly,permuted_bptt,86,2.2372404932594865,0.3065326633165829,2.2372404932594865
flywire_783_mb_left_kc512_s701,743,spectral,fly,permuted_bptt,87,2.2353023172157407,0.3065326633165829,2.2353023172157407
flywire_783_mb_left_kc512_s701,743,spectral,fly,permuted_bptt,88,2.2333934159744704,0.3065326633165829,2.2333934159744704
flywire_783_mb_left_kc512_s701,743,spectral,fly,permuted_bptt,89,2.2315136010828835,0.3065326633165829,2.2315136010828835
flywire_783_mb_left_kc512_s701,743,spectral,fly,permuted_bptt,90,2.2296603590546713,0.3065326633165829,2.2296603590546713
flywire_783_mb_left_kc512_s701,743,spectral,fly,permuted_bptt,91,2.227835304131027,0.3165829145728643,2.227835304131027
flywire_783_mb_left_kc512_s701,743,spectral,fly,permuted_bptt,92,2.226037007552433,0.31155778894472363,2.226037007552433
flywire_783_mb_left_kc512_s701,743,spectral,fly,permuted_bptt,93,2.2242643260718795,0.3065326633165829,2.2242643260718795
flywire_783_mb_left_kc512_s701,743,spectral,fly,permuted_bptt,94,2.222516965259206,0.3015075376884422,2.222516965259206
flywire_783_mb_left_kc512_s701,743,spectral,fly,permuted_bptt,95,2.2207939530615497,0.3015075376884422,2.2207939530615497
flywire_783_mb_left_kc512_s701,743,spectral,fly,permuted_bptt,96,2.21909430456833,0.3015075376884422,2.21909430456833
flywire_783_mb_left_kc512_s701,743,spectral,fly,permuted_bptt,97,2.2174181917060096,0.3015075376884422,2.2174181917060096
flywire_783_mb_left_kc512_s701,743,spectral,fly,permuted_bptt,98,2.2157646216992424,0.3015075376884422,2.2157646216992424
flywire_783_mb_left_kc512_s701,743,spectral,fly,permuted_bptt,99,2.2141329763551942,0.3015075376884422,2.2141329763551942
flywire_783_mb_left_kc512_s701,743,spectral,fly,permuted_bptt,100,2.2125231266200274,0.3015075376884422,2.2125231266200274
flywire_783_mb_left_kc512_s701,743,spectral,role_shuffled,frozen,0,1.6971738311100615,0.40703517587939697,1.6971738311100615
flywire_783_mb_left_kc512_s701,743,spectral,role_shuffled,full_bptt,0,1.6971738311100615,0.40703517587939697,1.6971738311100615
flywire_783_mb_left_kc512_s701,743,spectral,role_shuffled,full_bptt,1,1.7192061285338405,0.37185929648241206,1.6971738311100615
flywire_783_mb_left_kc512_s701,743,spectral,role_shuffled,full_bptt,2,1.71962321294344,0.38190954773869346,1.6971738311100615
flywire_783_mb_left_kc512_s701,743,spectral,role_shuffled,full_bptt,3,1.704320362809408,0.4120603015075377,1.6971738311100615
flywire_783_mb_left_kc512_s701,743,spectral,role_shuffled,full_bptt,4,1.7064536452024839,0.40703517587939697,1.6971738311100615
flywire_783_mb_left_kc512_s701,743,spectral,role_shuffled,full_bptt,5,1.7040056222659523,0.4020100502512563,1.6971738311100615
flywire_783_mb_left_kc512_s701,743,spectral,role_shuffled,full_bptt,6,1.6950526529777372,0.3869346733668342,1.6950526529777372
flywire_783_mb_left_kc512_s701,743,spectral,role_shuffled,full_bptt,7,1.696001460240807,0.4020100502512563,1.6950526529777372
flywire_783_mb_left_kc512_s701,743,spectral,role_shuffled,full_bptt,8,1.6987805969263643,0.40703517587939697,1.6950526529777372
flywire_783_mb_left_kc512_s701,743,spectral,role_shuffled,full_bptt,9,1.6938728281644722,0.41708542713567837,1.6938728281644722
flywire_783_mb_left_kc512_s701,743,spectral,role_shuffled,full_bptt,10,1.6905259652242897,0.41708542713567837,1.6905259652242897
flywire_783_mb_left_kc512_s701,743,spectral,role_shuffled,full_bptt,11,1.6928933507149446,0.4371859296482412,1.6905259652242897
flywire_783_mb_left_kc512_s701,743,spectral,role_shuffled,full_bptt,12,1.6927409964401212,0.4371859296482412,1.6905259652242897
flywire_783_mb_left_kc512_s701,743,spectral,role_shuffled,full_bptt,13,1.6885409626718535,0.4271356783919598,1.6885409626718535
flywire_783_mb_left_kc512_s701,743,spectral,role_shuffled,full_bptt,14,1.6873256848174567,0.4221105527638191,1.6873256848174567
flywire_783_mb_left_kc512_s701,743,spectral,role_shuffled,full_bptt,15,1.689120014787189,0.4120603015075377,1.6873256848174567
flywire_783_mb_left_kc512_s701,743,spectral,role_shuffled,full_bptt,16,1.688561051929318,0.40703517587939697,1.6873256848174567
flywire_783_mb_left_kc512_s701,743,spectral,role_shuffled,full_bptt,17,1.686455259166751,0.4221105527638191,1.686455259166751
flywire_783_mb_left_kc512_s701,743,spectral,role_shuffled,full_bptt,18,1.6859447969204666,0.41708542713567837,1.6859447969204666
flywire_783_mb_left_kc512_s701,743,spectral,role_shuffled,full_bptt,19,1.68578909490019,0.4271356783919598,1.68578909490019
flywire_783_mb_left_kc512_s701,743,spectral,role_shuffled,full_bptt,20,1.6847646817646857,0.44221105527638194,1.6847646817646857
flywire_783_mb_left_kc512_s701,743,spectral,role_shuffled,full_bptt,21,1.6845148757768575,0.4321608040201005,1.6845148757768575
flywire_783_mb_left_kc512_s701,743,spectral,role_shuffled,full_bptt,22,1.6848466289474089,0.41708542713567837,1.6845148757768575
flywire_783_mb_left_kc512_s701,743,spectral,role_shuffled,full_bptt,23,1.6838074840967163,0.4120603015075377,1.6838074840967163
flywire_783_mb_left_kc512_s701,743,spectral,role_shuffled,full_bptt,24,1.6825294242279238,0.41708542713567837,1.6825294242279238
flywire_783_mb_left_kc512_s701,743,spectral,role_shuffled,full_bptt,25,1.6827270256501266,0.40703517587939697,1.6825294242279238
flywire_783_mb_left_kc512_s701,743,spectral,role_shuffled,full_bptt,26,1.6829365822341193,0.40703517587939697,1.6825294242279238
flywire_783_mb_left_kc512_s701,743,spectral,role_shuffled,full_bptt,27,1.6819941035795403,0.4120603015075377,1.6819941035795403
flywire_783_mb_left_kc512_s701,743,spectral,role_shuffled,full_bptt,28,1.6812922903449963,0.4271356783919598,1.6812922903449963
flywire_783_mb_left_kc512_s701,743,spectral,role_shuffled,full_bptt,29,1.681435175631735,0.4271356783919598,1.6812922903449963
flywire_783_mb_left_kc512_s701,743,spectral,role_shuffled,full_bptt,30,1.681268735045791,0.4271356783919598,1.681268735045791
flywire_783_mb_left_kc512_s701,743,spectral,role_shuffled,full_bptt,31,1.6806652432373663,0.4371859296482412,1.6806652432373663
flywire_783_mb_left_kc512_s701,743,spectral,role_shuffled,full_bptt,32,1.6803477940220015,0.4321608040201005,1.6803477940220015
flywire_783_mb_left_kc512_s701,743,spectral,role_shuffled,full_bptt,33,1.6800772827576445,0.4221105527638191,1.6800772827576445
flywire_783_mb_left_kc512_s701,743,spectral,role_shuffled,full_bptt,34,1.6796621942560597,0.4221105527638191,1.6796621942560597
flywire_783_mb_left_kc512_s701,743,spectral,role_shuffled,full_bptt,35,1.6795562261644597,0.41708542713567837,1.6795562261644597
flywire_783_mb_left_kc512_s701,743,spectral,role_shuffled,full_bptt,36,1.679495162557412,0.4120603015075377,1.679495162557412
flywire_783_mb_left_kc512_s701,743,spectral,role_shuffled,full_bptt,37,1.6790057474834807,0.4120603015075377,1.6790057474834807
flywire_783_mb_left_kc512_s701,743,spectral,role_shuffled,full_bptt,38,1.67860349750815,0.4221105527638191,1.67860349750815
flywire_783_mb_left_kc512_s701,743,spectral,role_shuffled,full_bptt,39,1.6785706057805365,0.4271356783919598,1.6785706057805365
flywire_783_mb_left_kc512_s701,743,spectral,role_shuffled,full_bptt,40,1.6783712103257873,0.4321608040201005,1.6783712103257873
flywire_783_mb_left_kc512_s701,743,spectral,role_shuffled,full_bptt,41,1.6780045290934351,0.4321608040201005,1.6780045290934351
flywire_783_mb_left_kc512_s701,743,spectral,role_shuffled,full_bptt,42,1.6778384498660919,0.4321608040201005,1.6778384498660919
flywire_783_mb_left_kc512_s701,743,spectral,role_shuffled,full_bptt,43,1.677660076119549,0.4321608040201005,1.677660076119549
flywire_783_mb_left_kc512_s701,743,spectral,role_shuffled,full_bptt,44,1.6773566055129223,0.4221105527638191,1.6773566055129223
flywire_783_mb_left_kc512_s701,743,spectral,role_shuffled,full_bptt,45,1.6771854824532137,0.4221105527638191,1.6771854824532137
flywire_783_mb_left_kc512_s701,743,spectral,role_shuffled,full_bptt,46,1.6770412229677254,0.4221105527638191,1.6770412229677254
flywire_783_mb_left_kc512_s701,743,spectral,role_shuffled,full_bptt,47,1.676783903605015,0.4271356783919598,1.676783903605015
flywire_783_mb_left_kc512_s701,743,spectral,role_shuffled,full_bptt,48,1.6765894668866792,0.4221105527638191,1.6765894668866792
flywire_783_mb_left_kc512_s701,743,spectral,role_shuffled,full_bptt,49,1.6764170845802457,0.41708542713567837,1.6764170845802457
flywire_783_mb_left_kc512_s701,743,spectral,role_shuffled,full_bptt,50,1.6761780295907103,0.4120603015075377,1.6761780295907103
flywire_783_mb_left_kc512_s701,743,spectral,role_shuffled,full_bptt,51,1.6760240639718524,0.41708542713567837,1.6760240639718524
flywire_783_mb_left_kc512_s701,743,spectral,role_shuffled,full_bptt,52,1.6758909690500088,0.41708542713567837,1.6758909690500088
flywire_783_mb_left_kc512_s701,743,spectral,role_shuffled,full_bptt,53,1.6756464441175285,0.41708542713567837,1.6756464441175285
flywire_783_mb_left_kc512_s701,743,spectral,role_shuffled,full_bptt,54,1.6754430904480502,0.4120603015075377,1.6754430904480502
flywire_783_mb_left_kc512_s701,743,spectral,role_shuffled,full_bptt,55,1.6753156814030068,0.41708542713567837,1.6753156814030068
flywire_783_mb_left_kc512_s701,743,spectral,role_shuffled,full_bptt,56,1.6751402233661652,0.4120603015075377,1.6751402233661652
flywire_783_mb_left_kc512_s701,743,spectral,role_shuffled,full_bptt,57,1.674959436214921,0.4221105527638191,1.674959436214921
flywire_783_mb_left_kc512_s701,743,spectral,role_shuffled,full_bptt,58,1.6747948259570968,0.4221105527638191,1.6747948259570968
flywire_783_mb_left_kc512_s701,743,spectral,role_shuffled,full_bptt,59,1.6746088486980002,0.4221105527638191,1.6746088486980002
flywire_783_mb_left_kc512_s701,743,spectral,role_shuffled,full_bptt,60,1.674453410822068,0.41708542713567837,1.674453410822068
flywire_783_mb_left_kc512_s701,743,spectral,role_shuffled,full_bptt,61,1.6743044535841798,0.4120603015075377,1.6743044535841798
flywire_783_mb_left_kc512_s701,743,spectral,role_shuffled,full_bptt,62,1.6741214332685979,0.41708542713567837,1.6741214332685979
flywire_783_mb_left_kc512_s701,743,spectral,role_shuffled,full_bptt,63,1.6739667350937677,0.41708542713567837,1.6739667350937677
flywire_783_mb_left_kc512_s701,743,spectral,role_shuffled,full_bptt,64,1.6738220311392296,0.41708542713567837,1.6738220311392296
flywire_783_mb_left_kc512_s701,743,spectral,role_shuffled,full_bptt,65,1.6736492020461815,0.41708542713567837,1.6736492020461815
flywire_783_mb_left_kc512_s701,743,spectral,role_shuffled,full_bptt,66,1.6734962230654522,0.4221105527638191,1.6734962230654522
flywire_783_mb_left_kc512_s701,743,spectral,role_shuffled,full_bptt,67,1.673351852263468,0.41708542713567837,1.673351852263468
flywire_783_mb_left_kc512_s701,743,spectral,role_shuffled,full_bptt,68,1.6731932322024217,0.41708542713567837,1.6731932322024217
flywire_783_mb_left_kc512_s701,743,spectral,role_shuffled,full_bptt,69,1.6730450797257688,0.4221105527638191,1.6730450797257688
flywire_783_mb_left_kc512_s701,743,spectral,role_shuffled,full_bptt,70,1.672893894375944,0.41708542713567837,1.672893894375944
flywire_783_mb_left_kc512_s701,743,spectral,role_shuffled,full_bptt,71,1.6727420849281274,0.4120603015075377,1.6727420849281274
flywire_783_mb_left_kc512_s701,743,spectral,role_shuffled,full_bptt,72,1.6726032722737811,0.40703517587939697,1.6726032722737811
flywire_783_mb_left_kc512_s701,743,spectral,role_shuffled,full_bptt,73,1.6724547331184076,0.4120603015075377,1.6724547331184076
flywire_783_mb_left_kc512_s701,743,spectral,role_shuffled,full_bptt,74,1.6723070317332875,0.40703517587939697,1.6723070317332875
flywire_783_mb_left_kc512_s701,743,spectral,role_shuffled,full_bptt,75,1.6721689903009107,0.40703517587939697,1.6721689903009107
flywire_783_mb_left_kc512_s701,743,spectral,role_shuffled,full_bptt,76,1.6720229598947205,0.40703517587939697,1.6720229598947205
flywire_783_mb_left_kc512_s701,743,spectral,role_shuffled,full_bptt,77,1.6718814513413591,0.40703517587939697,1.6718814513413591
flywire_783_mb_left_kc512_s701,743,spectral,role_shuffled,full_bptt,78,1.6717453456881344,0.40703517587939697,1.6717453456881344
flywire_783_mb_left_kc512_s701,743,spectral,role_shuffled,full_bptt,79,1.671603842925958,0.40703517587939697,1.671603842925958
flywire_783_mb_left_kc512_s701,743,spectral,role_shuffled,full_bptt,80,1.6714661562242206,0.40703517587939697,1.6714661562242206
flywire_783_mb_left_kc512_s701,743,spectral,role_shuffled,full_bptt,81,1.6713287831297852,0.40703517587939697,1.6713287831297852
flywire_783_mb_left_kc512_s701,743,spectral,role_shuffled,full_bptt,82,1.671192044635413,0.40703517587939697,1.671192044635413
flywire_783_mb_left_kc512_s701,743,spectral,role_shuffled,full_bptt,83,1.6710596431869476,0.40703517587939697,1.6710596431869476
flywire_783_mb_left_kc512_s701,743,spectral,role_shuffled,full_bptt,84,1.6709230907145431,0.40703517587939697,1.6709230907145431
flywire_783_mb_left_kc512_s701,743,spectral,role_shuffled,full_bptt,85,1.6707885634827588,0.40703517587939697,1.6707885634827588
flywire_783_mb_left_kc512_s701,743,spectral,role_shuffled,full_bptt,86,1.6706580296430888,0.40703517587939697,1.6706580296430888
flywire_783_mb_left_kc512_s701,743,spectral,role_shuffled,full_bptt,87,1.6705252526660936,0.40703517587939697,1.6705252526660936
flywire_783_mb_left_kc512_s701,743,spectral,role_shuffled,full_bptt,88,1.6703944647595759,0.40703517587939697,1.6703944647595759
flywire_783_mb_left_kc512_s701,743,spectral,role_shuffled,full_bptt,89,1.6702639941739823,0.40703517587939697,1.6702639941739823
flywire_783_mb_left_kc512_s701,743,spectral,role_shuffled,full_bptt,90,1.670133846215336,0.40703517587939697,1.670133846215336
flywire_783_mb_left_kc512_s701,743,spectral,role_shuffled,full_bptt,91,1.6700061793295127,0.40703517587939697,1.6700061793295127
flywire_783_mb_left_kc512_s701,743,spectral,role_shuffled,full_bptt,92,1.6698773898542143,0.40703517587939697,1.6698773898542143
flywire_783_mb_left_kc512_s701,743,spectral,role_shuffled,full_bptt,93,1.6697499583803235,0.40703517587939697,1.6697499583803235
flywire_783_mb_left_kc512_s701,743,spectral,role_shuffled,full_bptt,94,1.6696236405920573,0.40703517587939697,1.6696236405920573
flywire_783_mb_left_kc512_s701,743,spectral,role_shuffled,full_bptt,95,1.6694970073709061,0.40703517587939697,1.6694970073709061
flywire_783_mb_left_kc512_s701,743,spectral,role_shuffled,full_bptt,96,1.6693722448575459,0.40703517587939697,1.6693722448575459
flywire_783_mb_left_kc512_s701,743,spectral,role_shuffled,full_bptt,97,1.6692472899852937,0.40703517587939697,1.6692472899852937
flywire_783_mb_left_kc512_s701,743,spectral,role_shuffled,full_bptt,98,1.6691229645822399,0.40703517587939697,1.6691229645822399
flywire_783_mb_left_kc512_s701,743,spectral,role_shuffled,full_bptt,99,1.668999906359248,0.40703517587939697,1.668999906359248
flywire_783_mb_left_kc512_s701,743,spectral,role_shuffled,full_bptt,100,1.6688767781186884,0.40703517587939697,1.6688767781186884
flywire_783_mb_left_kc512_s701,743,spectral,role_shuffled,local_gradient,0,1.6971738311100615,0.40703517587939697,1.6971738311100615
flywire_783_mb_left_kc512_s701,743,spectral,role_shuffled,local_gradient,1,1.7101816183213046,0.4020100502512563,1.6971738311100615
flywire_783_mb_left_kc512_s701,743,spectral,role_shuffled,local_gradient,2,1.7405103520405256,0.35175879396984927,1.6971738311100615
flywire_783_mb_left_kc512_s701,743,spectral,role_shuffled,local_gradient,3,1.7860718403990339,0.35678391959798994,1.6971738311100615
flywire_783_mb_left_kc512_s701,743,spectral,role_shuffled,local_gradient,4,1.867168143829764,0.3417085427135678,1.6971738311100615
flywire_783_mb_left_kc512_s701,743,spectral,role_shuffled,local_gradient,5,1.9966261451627252,0.32160804020100503,1.6971738311100615
flywire_783_mb_left_kc512_s701,743,spectral,role_shuffled,local_gradient,6,2.1704107064623464,0.2964824120603015,1.6971738311100615
flywire_783_mb_left_kc512_s701,743,spectral,role_shuffled,local_gradient,7,2.3806569471944976,0.2964824120603015,1.6971738311100615
flywire_783_mb_left_kc512_s701,743,spectral,role_shuffled,local_gradient,8,2.6180903744434167,0.27638190954773867,1.6971738311100615
flywire_783_mb_left_kc512_s701,743,spectral,role_shuffled,local_gradient,9,2.874389365850427,0.2663316582914573,1.6971738311100615
flywire_783_mb_left_kc512_s701,743,spectral,role_shuffled,local_gradient,10,3.139595017056077,0.25125628140703515,1.6971738311100615
flywire_783_mb_left_kc512_s701,743,spectral,role_shuffled,local_gradient,11,3.401779556346746,0.25125628140703515,1.6971738311100615
flywire_783_mb_left_kc512_s701,743,spectral,role_shuffled,local_gradient,12,3.6503207837383833,0.22613065326633167,1.6971738311100615
flywire_783_mb_left_kc512_s701,743,spectral,role_shuffled,local_gradient,13,3.879426275103332,0.22110552763819097,1.6971738311100615
flywire_783_mb_left_kc512_s701,743,spectral,role_shuffled,local_gradient,14,4.089263452214974,0.22613065326633167,1.6971738311100615
flywire_783_mb_left_kc512_s701,743,spectral,role_shuffled,local_gradient,15,4.284646674090034,0.22613065326633167,1.6971738311100615
flywire_783_mb_left_kc512_s701,743,spectral,role_shuffled,local_gradient,16,4.472389362063526,0.23115577889447236,1.6971738311100615
flywire_783_mb_left_kc512_s701,743,spectral,role_shuffled,local_gradient,17,4.659313521197215,0.24120603015075376,1.6971738311100615
flywire_783_mb_left_kc512_s701,743,spectral,role_shuffled,local_gradient,18,4.851428816763267,0.25125628140703515,1.6971738311100615
flywire_783_mb_left_kc512_s701,743,spectral,role_shuffled,local_gradient,19,5.05349343815743,0.2562814070351759,1.6971738311100615
flywire_783_mb_left_kc512_s701,743,spectral,role_shuffled,local_gradient,20,5.268450557784675,0.25125628140703515,1.6971738311100615
flywire_783_mb_left_kc512_s701,743,spectral,role_shuffled,local_gradient,21,5.497563092929432,0.25125628140703515,1.6971738311100615
flywire_783_mb_left_kc512_s701,743,spectral,role_shuffled,local_gradient,22,5.741630506826935,0.25125628140703515,1.6971738311100615
flywire_783_mb_left_kc512_s701,743,spectral,role_shuffled,local_gradient,23,6.002048597846888,0.24623115577889448,1.6971738311100615
flywire_783_mb_left_kc512_s701,743,spectral,role_shuffled,local_gradient,24,6.280698399340059,0.24623115577889448,1.6971738311100615
flywire_783_mb_left_kc512_s701,743,spectral,role_shuffled,local_gradient,25,6.578807731998443,0.23115577889447236,1.6971738311100615
flywire_783_mb_left_kc512_s701,743,spectral,role_shuffled,local_gradient,26,6.895681292095365,0.21608040201005024,1.6971738311100615
flywire_783_mb_left_kc512_s701,743,spectral,role_shuffled,local_gradient,27,7.2280956255837285,0.20100502512562815,1.6971738311100615
flywire_783_mb_left_kc512_s701,743,spectral,role_shuffled,local_gradient,28,7.570492183355546,0.19597989949748743,1.6971738311100615
flywire_783_mb_left_kc512_s701,743,spectral,role_shuffled,local_gradient,29,7.915657092573113,0.19095477386934673,1.6971738311100615
flywire_783_mb_left_kc512_s701,743,spectral,role_shuffled,local_gradient,30,8.255588338415611,0.18592964824120603,1.6971738311100615
flywire_783_mb_left_kc512_s701,743,spectral,role_shuffled,local_gradient,31,8.582413675257655,0.17587939698492464,1.6971738311100615
flywire_783_mb_left_kc512_s701,743,spectral,role_shuffled,local_gradient,32,8.889341080835942,0.17587939698492464,1.6971738311100615
flywire_783_mb_left_kc512_s701,743,spectral,role_shuffled,local_gradient,33,9.171624648486489,0.18090452261306533,1.6971738311100615
flywire_783_mb_left_kc512_s701,743,spectral,role_shuffled,local_gradient,34,9.427372068750786,0.19095477386934673,1.6971738311100615
flywire_783_mb_left_kc512_s701,743,spectral,role_shuffled,local_gradient,35,9.657860718917844,0.18090452261306533,1.6971738311100615
flywire_783_mb_left_kc512_s701,743,spectral,role_shuffled,local_gradient,36,9.867156429566723,0.19095477386934673,1.6971738311100615
flywire_783_mb_left_kc512_s701,743,spectral,role_shuffled,local_gradient,37,10.061210532364221,0.19597989949748743,1.6971738311100615
flywire_783_mb_left_kc512_s701,743,spectral,role_shuffled,local_gradient,38,10.246830691713997,0.19597989949748743,1.6971738311100615
flywire_783_mb_left_kc512_s701,743,spectral,role_shuffled,local_gradient,39,10.430758427188195,0.20100502512562815,1.6971738311100615
flywire_783_mb_left_kc512_s701,743,spectral,role_shuffled,local_gradient,40,10.618777910127804,0.18592964824120603,1.6971738311100615
flywire_783_mb_left_kc512_s701,743,spectral,role_shuffled,local_gradient,41,10.814837968696393,0.19095477386934673,1.6971738311100615
flywire_783_mb_left_kc512_s701,743,spectral,role_shuffled,local_gradient,42,11.020610922521444,0.19597989949748743,1.6971738311100615
flywire_783_mb_left_kc512_s701,743,spectral,role_shuffled,local_gradient,43,11.235969813773687,0.19095477386934673,1.6971738311100615
flywire_783_mb_left_kc512_s701,743,spectral,role_shuffled,local_gradient,44,11.460261828827115,0.19095477386934673,1.6971738311100615
flywire_783_mb_left_kc512_s701,743,spectral,role_shuffled,local_gradient,45,11.693670301314283,0.19095477386934673,1.6971738311100615
flywire_783_mb_left_kc512_s701,743,spectral,role_shuffled,local_gradient,46,11.937933403778446,0.19597989949748743,1.6971738311100615
flywire_783_mb_left_kc512_s701,743,spectral,role_shuffled,local_gradient,47,12.196070286818978,0.18090452261306533,1.6971738311100615
flywire_783_mb_left_kc512_s701,743,spectral,role_shuffled,local_gradient,48,12.471226480591657,0.18090452261306533,1.6971738311100615
flywire_783_mb_left_kc512_s701,743,spectral,role_shuffled,local_gradient,49,12.765126590326826,0.18090452261306533,1.6971738311100615
flywire_783_mb_left_kc512_s701,743,spectral,role_shuffled,local_gradient,50,13.0768559748894,0.17587939698492464,1.6971738311100615
flywire_783_mb_left_kc512_s701,743,spectral,role_shuffled,local_gradient,51,13.402571380711118,0.18090452261306533,1.6971738311100615
flywire_783_mb_left_kc512_s701,743,spectral,role_shuffled,local_gradient,52,13.736184125861518,0.1658291457286432,1.6971738311100615
flywire_783_mb_left_kc512_s701,743,spectral,role_shuffled,local_gradient,53,14.07053931068475,0.16080402010050251,1.6971738311100615
flywire_783_mb_left_kc512_s701,743,spectral,role_shuffled,local_gradient,54,14.398556267541423,0.16080402010050251,1.6971738311100615
flywire_783_mb_left_kc512_s701,743,spectral,role_shuffled,local_gradient,55,14.714067004944141,0.15577889447236182,1.6971738311100615
flywire_783_mb_left_kc512_s701,743,spectral,role_shuffled,local_gradient,56,15.012343072506964,0.1457286432160804,1.6971738311100615
flywire_783_mb_left_kc512_s701,743,spectral,role_shuffled,local_gradient,57,15.2903994209554,0.15577889447236182,1.6971738311100615
flywire_783_mb_left_kc512_s701,743,spectral,role_shuffled,local_gradient,58,15.547145184666643,0.15577889447236182,1.6971738311100615
flywire_783_mb_left_kc512_s701,743,spectral,role_shuffled,local_gradient,59,15.783384696411503,0.16080402010050251,1.6971738311100615
flywire_783_mb_left_kc512_s701,743,spectral,role_shuffled,local_gradient,60,16.001622281137273,0.1658291457286432,1.6971738311100615
flywire_783_mb_left_kc512_s701,743,spectral,role_shuffled,local_gradient,61,16.205645815876927,0.1708542713567839,1.6971738311100615
flywire_783_mb_left_kc512_s701,743,spectral,role_shuffled,local_gradient,62,16.399958435425358,0.16080402010050251,1.6971738311100615
flywire_783_mb_left_kc512_s701,743,spectral,role_shuffled,local_gradient,63,16.589199570167747,0.1658291457286432,1.6971738311100615
flywire_783_mb_left_kc512_s701,743,spectral,role_shuffled,local_gradient,64,16.77764501630216,0.1708542713567839,1.6971738311100615
flywire_783_mb_left_kc512_s701,743,spectral,role_shuffled,local_gradient,65,16.96874062880475,0.18090452261306533,1.6971738311100615
flywire_783_mb_left_kc512_s701,743,spectral,role_shuffled,local_gradient,66,17.164640860722873,0.18090452261306533,1.6971738311100615
flywire_783_mb_left_kc512_s701,743,spectral,role_shuffled,local_gradient,67,17.36599304434951,0.18090452261306533,1.6971738311100615
flywire_783_mb_left_kc512_s701,743,spectral,role_shuffled,local_gradient,68,17.572250163447386,0.18592964824120603,1.6971738311100615
flywire_783_mb_left_kc512_s701,743,spectral,role_shuffled,local_gradient,69,17.78239850540538,0.18592964824120603,1.6971738311100615
flywire_783_mb_left_kc512_s701,743,spectral,role_shuffled,local_gradient,70,17.995730310098825,0.17587939698492464,1.6971738311100615
flywire_783_mb_left_kc512_s701,743,spectral,role_shuffled,local_gradient,71,18.212381669393924,0.17587939698492464,1.6971738311100615
flywire_783_mb_left_kc512_s701,743,spectral,role_shuffled,local_gradient,72,18.4335108357701,0.17587939698492464,1.6971738311100615
flywire_783_mb_left_kc512_s701,743,spectral,role_shuffled,local_gradient,73,18.66109850326817,0.1708542713567839,1.6971738311100615
flywire_783_mb_left_kc512_s701,743,spectral,role_shuffled,local_gradient,74,18.897428251319937,0.17587939698492464,1.6971738311100615
flywire_783_mb_left_kc512_s701,743,spectral,role_shuffled,local_gradient,75,19.144379902336922,0.17587939698492464,1.6971738311100615
flywire_783_mb_left_kc512_s701,743,spectral,role_shuffled,local_gradient,76,19.402752980425525,0.18090452261306533,1.6971738311100615
flywire_783_mb_left_kc512_s701,743,spectral,role_shuffled,local_gradient,77,19.67185456248998,0.17587939698492464,1.6971738311100615
flywire_783_mb_left_kc512_s701,743,spectral,role_shuffled,local_gradient,78,19.94946771895975,0.1708542713567839,1.6971738311100615
flywire_783_mb_left_kc512_s701,743,spectral,role_shuffled,local_gradient,79,20.23216527186624,0.16080402010050251,1.6971738311100615
flywire_783_mb_left_kc512_s701,743,spectral,role_shuffled,local_gradient,80,20.5158316015055,0.1507537688442211,1.6971738311100615
flywire_783_mb_left_kc512_s701,743,spectral,role_shuffled,local_gradient,81,20.796216172196004,0.1507537688442211,1.6971738311100615
flywire_783_mb_left_kc512_s701,743,spectral,role_shuffled,local_gradient,82,21.06939365190147,0.1457286432160804,1.6971738311100615
flywire_783_mb_left_kc512_s701,743,spectral,role_shuffled,local_gradient,83,21.33209171012634,0.1457286432160804,1.6971738311100615
flywire_783_mb_left_kc512_s701,743,spectral,role_shuffled,local_gradient,84,21.581901185063277,0.1507537688442211,1.6971738311100615
flywire_783_mb_left_kc512_s701,743,spectral,role_shuffled,local_gradient,85,21.81739750182465,0.1507537688442211,1.6971738311100615
flywire_783_mb_left_kc512_s701,743,spectral,role_shuffled,local_gradient,86,22.03819028878388,0.15577889447236182,1.6971738311100615
flywire_783_mb_left_kc512_s701,743,spectral,role_shuffled,local_gradient,87,22.244896164878487,0.16080402010050251,1.6971738311100615
flywire_783_mb_left_kc512_s701,743,spectral,role_shuffled,local_gradient,88,22.439022039862742,0.1658291457286432,1.6971738311100615
flywire_783_mb_left_kc512_s701,743,spectral,role_shuffled,local_gradient,89,22.622767385218296,0.1658291457286432,1.6971738311100615
flywire_783_mb_left_kc512_s701,743,spectral,role_shuffled,local_gradient,90,22.798782145544987,0.16080402010050251,1.6971738311100615
flywire_783_mb_left_kc512_s701,743,spectral,role_shuffled,local_gradient,91,22.969915112913963,0.1708542713567839,1.6971738311100615
flywire_783_mb_left_kc512_s701,743,spectral,role_shuffled,local_gradient,92,23.13895370862484,0.1708542713567839,1.6971738311100615
flywire_783_mb_left_kc512_s701,743,spectral,role_shuffled,local_gradient,93,23.30832989566014,0.1708542713567839,1.6971738311100615
flywire_783_mb_left_kc512_s701,743,spectral,role_shuffled,local_gradient,94,23.47980231800862,0.17587939698492464,1.6971738311100615
flywire_783_mb_left_kc512_s701,743,spectral,role_shuffled,local_gradient,95,23.654221785622532,0.18090452261306533,1.6971738311100615
flywire_783_mb_left_kc512_s701,743,spectral,role_shuffled,local_gradient,96,23.831535597016963,0.18090452261306533,1.6971738311100615
flywire_783_mb_left_kc512_s701,743,spectral,role_shuffled,local_gradient,97,24.01108335682341,0.17587939698492464,1.6971738311100615
flywire_783_mb_left_kc512_s701,743,spectral,role_shuffled,local_gradient,98,24.192060045752495,0.18090452261306533,1.6971738311100615
flywire_783_mb_left_kc512_s701,743,spectral,role_shuffled,local_gradient,99,24.373947368498083,0.17587939698492464,1.6971738311100615
flywire_783_mb_left_kc512_s701,743,spectral,role_shuffled,local_gradient,100,24.55677826786953,0.1708542713567839,1.6971738311100615
flywire_783_mb_left_kc512_s701,743,spectral,role_shuffled,permuted_bptt,0,3.1388538998798707,0.11055276381909548,3.1388538998798707
flywire_783_mb_left_kc512_s701,743,spectral,role_shuffled,permuted_bptt,1,3.0338950056809226,0.1306532663316583,3.0338950056809226
flywire_783_mb_left_kc512_s701,743,spectral,role_shuffled,permuted_bptt,2,2.949205021329329,0.15577889447236182,2.949205021329329
flywire_783_mb_left_kc512_s701,743,spectral,role_shuffled,permuted_bptt,3,2.8813342822628756,0.1658291457286432,2.8813342822628756
flywire_783_mb_left_kc512_s701,743,spectral,role_shuffled,permuted_bptt,4,2.82892985355362,0.18090452261306533,2.82892985355362
flywire_783_mb_left_kc512_s701,743,spectral,role_shuffled,permuted_bptt,5,2.788831205473934,0.1708542713567839,2.788831205473934
flywire_783_mb_left_kc512_s701,743,spectral,role_shuffled,permuted_bptt,6,2.74822773074036,0.19597989949748743,2.74822773074036
flywire_783_mb_left_kc512_s701,743,spectral,role_shuffled,permuted_bptt,7,2.7151068372331895,0.19095477386934673,2.7151068372331895
flywire_783_mb_left_kc512_s701,743,spectral,role_shuffled,permuted_bptt,8,2.686373400449388,0.19095477386934673,2.686373400449388
flywire_783_mb_left_kc512_s701,743,spectral,role_shuffled,permuted_bptt,9,2.6560062730310072,0.18090452261306533,2.6560062730310072
flywire_783_mb_left_kc512_s701,743,spectral,role_shuffled,permuted_bptt,10,2.6270486958715207,0.1658291457286432,2.6270486958715207
flywire_783_mb_left_kc512_s701,743,spectral,role_shuffled,permuted_bptt,11,2.601588940428986,0.18090452261306533,2.601588940428986
flywire_783_mb_left_kc512_s701,743,spectral,role_shuffled,permuted_bptt,12,2.5779272642873683,0.19095477386934673,2.5779272642873683
flywire_783_mb_left_kc512_s701,743,spectral,role_shuffled,permuted_bptt,13,2.5548722416067644,0.19597989949748743,2.5548722416067644
flywire_783_mb_left_kc512_s701,743,spectral,role_shuffled,permuted_bptt,14,2.5326618965654033,0.21608040201005024,2.5326618965654033
flywire_783_mb_left_kc512_s701,743,spectral,role_shuffled,permuted_bptt,15,2.511879448701461,0.22110552763819097,2.511879448701461
flywire_783_mb_left_kc512_s701,743,spectral,role_shuffled,permuted_bptt,16,2.4930083686547335,0.23618090452261306,2.4930083686547335
flywire_783_mb_left_kc512_s701,743,spectral,role_shuffled,permuted_bptt,17,2.475442312615258,0.23618090452261306,2.475442312615258
flywire_783_mb_left_kc512_s701,743,spectral,role_shuffled,permuted_bptt,18,2.4584002734755153,0.24120603015075376,2.4584002734755153
flywire_783_mb_left_kc512_s701,743,spectral,role_shuffled,permuted_bptt,19,2.442556663801092,0.25125628140703515,2.442556663801092
flywire_783_mb_left_kc512_s701,743,spectral,role_shuffled,permuted_bptt,20,2.4279007773196857,0.24623115577889448,2.4279007773196857
flywire_783_mb_left_kc512_s701,743,spectral,role_shuffled,permuted_bptt,21,2.413879673485791,0.25125628140703515,2.413879673485791
flywire_783_mb_left_kc512_s701,743,spectral,role_shuffled,permuted_bptt,22,2.4007882006960455,0.25125628140703515,2.4007882006960455
flywire_783_mb_left_kc512_s701,743,spectral,role_shuffled,permuted_bptt,23,2.388379657473022,0.2613065326633166,2.388379657473022
flywire_783_mb_left_kc512_s701,743,spectral,role_shuffled,permuted_bptt,24,2.3760152875081344,0.2613065326633166,2.3760152875081344
flywire_783_mb_left_kc512_s701,743,spectral,role_shuffled,permuted_bptt,25,2.364395972405708,0.2663316582914573,2.364395972405708
flywire_783_mb_left_kc512_s701,743,spectral,role_shuffled,permuted_bptt,26,2.3538395004530415,0.2613065326633166,2.3538395004530415
flywire_783_mb_left_kc512_s701,743,spectral,role_shuffled,permuted_bptt,27,2.3432499456384503,0.2562814070351759,2.3432499456384503
flywire_783_mb_left_kc512_s701,743,spectral,role_shuffled,permuted_bptt,28,2.3327673296204043,0.25125628140703515,2.3327673296204043
flywire_783_mb_left_kc512_s701,743,spectral,role_shuffled,permuted_bptt,29,2.3231305488781504,0.25125628140703515,2.3231305488781504
flywire_783_mb_left_kc512_s701,743,spectral,role_shuffled,permuted_bptt,30,2.313893109549177,0.24623115577889448,2.313893109549177
flywire_783_mb_left_kc512_s701,743,spectral,role_shuffled,permuted_bptt,31,2.304854265059411,0.24120603015075376,2.304854265059411
flywire_783_mb_left_kc512_s701,743,spectral,role_shuffled,permuted_bptt,32,2.2963132336379286,0.24623115577889448,2.2963132336379286
flywire_783_mb_left_kc512_s701,743,spectral,role_shuffled,permuted_bptt,33,2.2881144058371348,0.23618090452261306,2.2881144058371348
flywire_783_mb_left_kc512_s701,743,spectral,role_shuffled,permuted_bptt,34,2.280214724615808,0.24623115577889448,2.280214724615808
flywire_783_mb_left_kc512_s701,743,spectral,role_shuffled,permuted_bptt,35,2.2727643950767584,0.2562814070351759,2.2727643950767584
flywire_783_mb_left_kc512_s701,743,spectral,role_shuffled,permuted_bptt,36,2.265583604360697,0.25125628140703515,2.265583604360697
flywire_783_mb_left_kc512_s701,743,spectral,role_shuffled,permuted_bptt,37,2.2586103000838365,0.271356783919598,2.2586103000838365
flywire_783_mb_left_kc512_s701,743,spectral,role_shuffled,permuted_bptt,38,2.251963910307764,0.271356783919598,2.251963910307764
flywire_783_mb_left_kc512_s701,743,spectral,role_shuffled,permuted_bptt,39,2.2456195827077745,0.271356783919598,2.2456195827077745
flywire_783_mb_left_kc512_s701,743,spectral,role_shuffled,permuted_bptt,40,2.2394472917787565,0.271356783919598,2.2394472917787565
flywire_783_mb_left_kc512_s701,743,spectral,role_shuffled,permuted_bptt,41,2.2333645069404526,0.271356783919598,2.2333645069404526
flywire_783_mb_left_kc512_s701,743,spectral,role_shuffled,permuted_bptt,42,2.227516458649058,0.2663316582914573,2.227516458649058
flywire_783_mb_left_kc512_s701,743,spectral,role_shuffled,permuted_bptt,43,2.2219386462403476,0.271356783919598,2.2219386462403476
flywire_783_mb_left_kc512_s701,743,spectral,role_shuffled,permuted_bptt,44,2.2164844909581674,0.27638190954773867,2.2164844909581674
flywire_783_mb_left_kc512_s701,743,spectral,role_shuffled,permuted_bptt,45,2.2112440529897706,0.2814070351758794,2.2112440529897706
flywire_783_mb_left_kc512_s701,743,spectral,role_shuffled,permuted_bptt,46,2.2062530217272496,0.2914572864321608,2.2062530217272496
flywire_783_mb_left_kc512_s701,743,spectral,role_shuffled,permuted_bptt,47,2.201406958409308,0.2914572864321608,2.201406958409308
flywire_783_mb_left_kc512_s701,743,spectral,role_shuffled,permuted_bptt,48,2.196760647811493,0.2914572864321608,2.196760647811493
flywire_783_mb_left_kc512_s701,743,spectral,role_shuffled,permuted_bptt,49,2.1922701948496095,0.3015075376884422,2.1922701948496095
flywire_783_mb_left_kc512_s701,743,spectral,role_shuffled,permuted_bptt,50,2.187894283301824,0.2914572864321608,2.187894283301824
flywire_783_mb_left_kc512_s701,743,spectral,role_shuffled,permuted_bptt,51,2.183724313890855,0.2914572864321608,2.183724313890855
flywire_783_mb_left_kc512_s701,743,spectral,role_shuffled,permuted_bptt,52,2.179689203536596,0.3015075376884422,2.179689203536596
flywire_783_mb_left_kc512_s701,743,spectral,role_shuffled,permuted_bptt,53,2.1757460570349916,0.3015075376884422,2.1757460570349916
flywire_783_mb_left_kc512_s701,743,spectral,role_shuffled,permuted_bptt,54,2.1719561600944357,0.3015075376884422,2.1719561600944357
flywire_783_mb_left_kc512_s701,743,spectral,role_shuffled,permuted_bptt,55,2.168290422536218,0.2964824120603015,2.168290422536218
flywire_783_mb_left_kc512_s701,743,spectral,role_shuffled,permuted_bptt,56,2.1647251202070112,0.2964824120603015,2.1647251202070112
flywire_783_mb_left_kc512_s701,743,spectral,role_shuffled,permuted_bptt,57,2.1612703930442274,0.3015075376884422,2.1612703930442274
flywire_783_mb_left_kc512_s701,743,spectral,role_shuffled,permuted_bptt,58,2.1579234889127776,0.3015075376884422,2.1579234889127776
flywire_783_mb_left_kc512_s701,743,spectral,role_shuffled,permuted_bptt,59,2.1546654841786643,0.3065326633165829,2.1546654841786643
flywire_783_mb_left_kc512_s701,743,spectral,role_shuffled,permuted_bptt,60,2.151482549928464,0.31155778894472363,2.151482549928464
flywire_783_mb_left_kc512_s701,743,spectral,role_shuffled,permuted_bptt,61,2.1483736598580276,0.3065326633165829,2.1483736598580276
flywire_783_mb_left_kc512_s701,743,spectral,role_shuffled,permuted_bptt,62,2.1453354888118064,0.3015075376884422,2.1453354888118064
flywire_783_mb_left_kc512_s701,743,spectral,role_shuffled,permuted_bptt,63,2.1423822356395372,0.3015075376884422,2.1423822356395372
flywire_783_mb_left_kc512_s701,743,spectral,role_shuffled,permuted_bptt,64,2.139494506136682,0.3015075376884422,2.139494506136682
flywire_783_mb_left_kc512_s701,743,spectral,role_shuffled,permuted_bptt,65,2.136669092525904,0.2964824120603015,2.136669092525904
flywire_783_mb_left_kc512_s701,743,spectral,role_shuffled,permuted_bptt,66,2.133926506161687,0.2964824120603015,2.133926506161687
flywire_783_mb_left_kc512_s701,743,spectral,role_shuffled,permuted_bptt,67,2.1312384741665547,0.2964824120603015,2.1312384741665547
flywire_783_mb_left_kc512_s701,743,spectral,role_shuffled,permuted_bptt,68,2.1286086897949317,0.2964824120603015,2.1286086897949317
flywire_783_mb_left_kc512_s701,743,spectral,role_shuffled,permuted_bptt,69,2.1260439116845196,0.2914572864321608,2.1260439116845196
flywire_783_mb_left_kc512_s701,743,spectral,role_shuffled,permuted_bptt,70,2.123532892262901,0.2864321608040201,2.123532892262901
flywire_783_mb_left_kc512_s701,743,spectral,role_shuffled,permuted_bptt,71,2.121081502626337,0.2814070351758794,2.121081502626337
flywire_783_mb_left_kc512_s701,743,spectral,role_shuffled,permuted_bptt,72,2.118681919892767,0.2814070351758794,2.118681919892767
flywire_783_mb_left_kc512_s701,743,spectral,role_shuffled,permuted_bptt,73,2.116336668659271,0.2814070351758794,2.116336668659271
flywire_783_mb_left_kc512_s701,743,spectral,role_shuffled,permuted_bptt,74,2.1140454802925683,0.2814070351758794,2.1140454802925683
flywire_783_mb_left_kc512_s701,743,spectral,role_shuffled,permuted_bptt,75,2.111800311124467,0.2864321608040201,2.111800311124467
flywire_783_mb_left_kc512_s701,743,spectral,role_shuffled,permuted_bptt,76,2.109603520064944,0.2864321608040201,2.109603520064944
flywire_783_mb_left_kc512_s701,743,spectral,role_shuffled,permuted_bptt,77,2.107456361110195,0.2864321608040201,2.107456361110195
flywire_783_mb_left_kc512_s701,743,spectral,role_shuffled,permuted_bptt,78,2.105353433532999,0.2864321608040201,2.105353433532999
flywire_783_mb_left_kc512_s701,743,spectral,role_shuffled,permuted_bptt,79,2.1032943028054847,0.2914572864321608,2.1032943028054847
flywire_783_mb_left_kc512_s701,743,spectral,role_shuffled,permuted_bptt,80,2.1012818709760674,0.2964824120603015,2.1012818709760674
flywire_783_mb_left_kc512_s701,743,spectral,role_shuffled,permuted_bptt,81,2.0993107162916163,0.2964824120603015,2.0993107162916163
flywire_783_mb_left_kc512_s701,743,spectral,role_shuffled,permuted_bptt,82,2.0973815190176595,0.2964824120603015,2.0973815190176595
flywire_783_mb_left_kc512_s701,743,spectral,role_shuffled,permuted_bptt,83,2.0954910433401994,0.2964824120603015,2.0954910433401994
flywire_783_mb_left_kc512_s701,743,spectral,role_shuffled,permuted_bptt,84,2.0936387435405757,0.2964824120603015,2.0936387435405757
flywire_783_mb_left_kc512_s701,743,spectral,role_shuffled,permuted_bptt,85,2.091823390209857,0.2964824120603015,2.091823390209857
flywire_783_mb_left_kc512_s701,743,spectral,role_shuffled,permuted_bptt,86,2.090041006405147,0.2964824120603015,2.090041006405147
flywire_783_mb_left_kc512_s701,743,spectral,role_shuffled,permuted_bptt,87,2.088294511328379,0.2964824120603015,2.088294511328379
flywire_783_mb_left_kc512_s701,743,spectral,role_shuffled,permuted_bptt,88,2.086580521991745,0.2964824120603015,2.086580521991745
flywire_783_mb_left_kc512_s701,743,spectral,role_shuffled,permuted_bptt,89,2.0848982866681864,0.2964824120603015,2.0848982866681864
flywire_783_mb_left_kc512_s701,743,spectral,role_shuffled,permuted_bptt,90,2.083247717155613,0.2914572864321608,2.083247717155613
flywire_783_mb_left_kc512_s701,743,spectral,role_shuffled,permuted_bptt,91,2.0816272168253245,0.2914572864321608,2.0816272168253245
flywire_783_mb_left_kc512_s701,743,spectral,role_shuffled,permuted_bptt,92,2.0800357745839912,0.2914572864321608,2.0800357745839912
flywire_783_mb_left_kc512_s701,743,spectral,role_shuffled,permuted_bptt,93,2.0784725308045586,0.2964824120603015,2.0784725308045586
flywire_783_mb_left_kc512_s701,743,spectral,role_shuffled,permuted_bptt,94,2.076936941978578,0.3015075376884422,2.076936941978578
flywire_783_mb_left_kc512_s701,743,spectral,role_shuffled,permuted_bptt,95,2.075428339781013,0.3015075376884422,2.075428339781013
flywire_783_mb_left_kc512_s701,743,spectral,role_shuffled,permuted_bptt,96,2.073945408356546,0.3015075376884422,2.073945408356546
flywire_783_mb_left_kc512_s701,743,spectral,role_shuffled,permuted_bptt,97,2.0724881554857997,0.2964824120603015,2.0724881554857997
flywire_783_mb_left_kc512_s701,743,spectral,role_shuffled,permuted_bptt,98,2.071055753070259,0.2964824120603015,2.071055753070259
flywire_783_mb_left_kc512_s701,743,spectral,role_shuffled,permuted_bptt,99,2.069646729058293,0.2964824120603015,2.069646729058293
flywire_783_mb_left_kc512_s701,743,spectral,role_shuffled,permuted_bptt,100,2.068261378900222,0.2964824120603015,2.068261378900222
flywire_783_mb_left_kc512_s701,743,incoming_l1,fly,frozen,0,1.6746784356179971,0.4020100502512563,1.6746784356179971
flywire_783_mb_left_kc512_s701,743,incoming_l1,fly,full_bptt,0,1.6746784356179971,0.4020100502512563,1.6746784356179971
flywire_783_mb_left_kc512_s701,743,incoming_l1,fly,full_bptt,1,1.7225425980972242,0.3768844221105528,1.6746784356179971
flywire_783_mb_left_kc512_s701,743,incoming_l1,fly,full_bptt,2,1.711158055181403,0.3969849246231156,1.6746784356179971
flywire_783_mb_left_kc512_s701,743,incoming_l1,fly,full_bptt,3,1.7092142235809613,0.3869346733668342,1.6746784356179971
flywire_783_mb_left_kc512_s701,743,incoming_l1,fly,full_bptt,4,1.6951909009836166,0.3869346733668342,1.6746784356179971
flywire_783_mb_left_kc512_s701,743,incoming_l1,fly,full_bptt,5,1.6918971513154935,0.40703517587939697,1.6746784356179971
flywire_783_mb_left_kc512_s701,743,incoming_l1,fly,full_bptt,6,1.6888175491635988,0.3969849246231156,1.6746784356179971
flywire_783_mb_left_kc512_s701,743,incoming_l1,fly,full_bptt,7,1.683487542374045,0.4120603015075377,1.6746784356179971
flywire_783_mb_left_kc512_s701,743,incoming_l1,fly,full_bptt,8,1.685795059378913,0.4271356783919598,1.6746784356179971
flywire_783_mb_left_kc512_s701,743,incoming_l1,fly,full_bptt,9,1.6862957299817576,0.4221105527638191,1.6746784356179971
flywire_783_mb_left_kc512_s701,743,incoming_l1,fly,full_bptt,10,1.6814968244947177,0.3869346733668342,1.6746784356179971
flywire_783_mb_left_kc512_s701,743,incoming_l1,fly,full_bptt,11,1.6767986930465761,0.4020100502512563,1.6746784356179971
flywire_783_mb_left_kc512_s701,743,incoming_l1,fly,full_bptt,12,1.6765441134402865,0.41708542713567837,1.6746784356179971
flywire_783_mb_left_kc512_s701,743,incoming_l1,fly,full_bptt,13,1.6790587110776527,0.4020100502512563,1.6746784356179971
flywire_783_mb_left_kc512_s701,743,incoming_l1,fly,full_bptt,14,1.678262219223116,0.40703517587939697,1.6746784356179971
flywire_783_mb_left_kc512_s701,743,incoming_l1,fly,full_bptt,15,1.6743685648242015,0.4271356783919598,1.6743685648242015
flywire_783_mb_left_kc512_s701,743,incoming_l1,fly,full_bptt,16,1.6731112424287427,0.41708542713567837,1.6731112424287427
flywire_783_mb_left_kc512_s701,743,incoming_l1,fly,full_bptt,17,1.674602885858156,0.4120603015075377,1.6731112424287427
flywire_783_mb_left_kc512_s701,743,incoming_l1,fly,full_bptt,18,1.6742012184649289,0.41708542713567837,1.6731112424287427
flywire_783_mb_left_kc512_s701,743,incoming_l1,fly,full_bptt,19,1.672095542392183,0.41708542713567837,1.672095542392183
flywire_783_mb_left_kc512_s701,743,incoming_l1,fly,full_bptt,20,1.6716696697823348,0.40703517587939697,1.6716696697823348
flywire_783_mb_left_kc512_s701,743,incoming_l1,fly,full_bptt,21,1.672405806522758,0.3869346733668342,1.6716696697823348
flywire_783_mb_left_kc512_s701,743,incoming_l1,fly,full_bptt,22,1.6714756732132552,0.39195979899497485,1.6714756732132552
flywire_783_mb_left_kc512_s701,743,incoming_l1,fly,full_bptt,23,1.669804365112224,0.4221105527638191,1.669804365112224
flywire_783_mb_left_kc512_s701,743,incoming_l1,fly,full_bptt,24,1.6697526734968944,0.4120603015075377,1.6697526734968944
flywire_783_mb_left_kc512_s701,743,incoming_l1,fly,full_bptt,25,1.6704515836493992,0.4120603015075377,1.6697526734968944
flywire_783_mb_left_kc512_s701,743,incoming_l1,fly,full_bptt,26,1.670041974605384,0.4271356783919598,1.6697526734968944
flywire_783_mb_left_kc512_s701,743,incoming_l1,fly,full_bptt,27,1.6690371759441571,0.4221105527638191,1.6690371759441571
flywire_783_mb_left_kc512_s701,743,incoming_l1,fly,full_bptt,28,1.6685453543914115,0.4221105527638191,1.6685453543914115
flywire_783_mb_left_kc512_s701,743,incoming_l1,fly,full_bptt,29,1.6683365621527286,0.41708542713567837,1.6683365621527286
flywire_783_mb_left_kc512_s701,743,incoming_l1,fly,full_bptt,30,1.6680748199982403,0.4020100502512563,1.6680748199982403
flywire_783_mb_left_kc512_s701,743,incoming_l1,fly,full_bptt,31,1.6679941922490806,0.4020100502512563,1.6679941922490806
flywire_783_mb_left_kc512_s701,743,incoming_l1,fly,full_bptt,32,1.6679652778859693,0.4120603015075377,1.6679652778859693
flywire_783_mb_left_kc512_s701,743,incoming_l1,fly,full_bptt,33,1.6674951404794167,0.4120603015075377,1.6674951404794167
flywire_783_mb_left_kc512_s701,743,incoming_l1,fly,full_bptt,34,1.6668118371403846,0.40703517587939697,1.6668118371403846
flywire_783_mb_left_kc512_s701,743,incoming_l1,fly,full_bptt,35,1.6666793966231808,0.41708542713567837,1.6666793966231808
flywire_783_mb_left_kc512_s701,743,incoming_l1,fly,full_bptt,36,1.666987211451109,0.41708542713567837,1.6666793966231808
flywire_783_mb_left_kc512_s701,743,incoming_l1,fly,full_bptt,37,1.6668261557229227,0.4271356783919598,1.6666793966231808
flywire_783_mb_left_kc512_s701,743,incoming_l1,fly,full_bptt,38,1.6661213871610212,0.4271356783919598,1.6661213871610212
flywire_783_mb_left_kc512_s701,743,incoming_l1,fly,full_bptt,39,1.6657498940251159,0.4221105527638191,1.6657498940251159
flywire_783_mb_left_kc512_s701,743,incoming_l1,fly,full_bptt,40,1.6658918942613765,0.4321608040201005,1.6657498940251159
flywire_783_mb_left_kc512_s701,743,incoming_l1,fly,full_bptt,41,1.6658735879460167,0.4271356783919598,1.6657498940251159
flywire_783_mb_left_kc512_s701,743,incoming_l1,fly,full_bptt,42,1.6655598941572374,0.4271356783919598,1.6655598941572374
flywire_783_mb_left_kc512_s701,743,incoming_l1,fly,full_bptt,43,1.6653095555229056,0.41708542713567837,1.6653095555229056
flywire_783_mb_left_kc512_s701,743,incoming_l1,fly,full_bptt,44,1.6651068401475297,0.4221105527638191,1.6651068401475297
flywire_783_mb_left_kc512_s701,743,incoming_l1,fly,full_bptt,45,1.664912213310203,0.4271356783919598,1.664912213310203
flywire_783_mb_left_kc512_s701,743,incoming_l1,fly,full_bptt,46,1.6648573229694303,0.4321608040201005,1.6648573229694303
flywire_783_mb_left_kc512_s701,743,incoming_l1,fly,full_bptt,47,1.6647578988056841,0.4321608040201005,1.6647578988056841
flywire_783_mb_left_kc512_s701,743,incoming_l1,fly,full_bptt,48,1.6644567173304619,0.4271356783919598,1.6644567173304619
flywire_783_mb_left_kc512_s701,743,incoming_l1,fly,full_bptt,49,1.6642336726033642,0.41708542713567837,1.6642336726033642
flywire_783_mb_left_kc512_s701,743,incoming_l1,fly,full_bptt,50,1.6642102682654831,0.41708542713567837,1.6642102682654831
flywire_783_mb_left_kc512_s701,743,incoming_l1,fly,full_bptt,51,1.6641028582151984,0.4221105527638191,1.6641028582151984
flywire_783_mb_left_kc512_s701,743,incoming_l1,fly,full_bptt,52,1.6638566764714877,0.4271356783919598,1.6638566764714877
flywire_783_mb_left_kc512_s701,743,incoming_l1,fly,full_bptt,53,1.6636867010463368,0.4221105527638191,1.6636867010463368
flywire_783_mb_left_kc512_s701,743,incoming_l1,fly,full_bptt,54,1.6635984418496337,0.4321608040201005,1.6635984418496337
flywire_783_mb_left_kc512_s701,743,incoming_l1,fly,full_bptt,55,1.66346011075961,0.4271356783919598,1.66346011075961
flywire_783_mb_left_kc512_s701,743,incoming_l1,fly,full_bptt,56,1.6632944904878297,0.4321608040201005,1.6632944904878297
flywire_783_mb_left_kc512_s701,743,incoming_l1,fly,full_bptt,57,1.6631622046580856,0.4321608040201005,1.6631622046580856
flywire_783_mb_left_kc512_s701,743,incoming_l1,fly,full_bptt,58,1.6630167661606392,0.4321608040201005,1.6630167661606392
flywire_783_mb_left_kc512_s701,743,incoming_l1,fly,full_bptt,59,1.6628660341836738,0.4271356783919598,1.6628660341836738
flywire_783_mb_left_kc512_s701,743,incoming_l1,fly,full_bptt,60,1.662758434059616,0.4321608040201005,1.662758434059616
flywire_783_mb_left_kc512_s701,743,incoming_l1,fly,full_bptt,61,1.662633074771956,0.4271356783919598,1.662633074771956
flywire_783_mb_left_kc512_s701,743,incoming_l1,fly,full_bptt,62,1.6624693515502074,0.4271356783919598,1.6624693515502074
flywire_783_mb_left_kc512_s701,743,incoming_l1,fly,full_bptt,63,1.6623365463725006,0.4321608040201005,1.6623365463725006
flywire_783_mb_left_kc512_s701,743,incoming_l1,fly,full_bptt,64,1.662219021306626,0.4321608040201005,1.662219021306626
flywire_783_mb_left_kc512_s701,743,incoming_l1,fly,full_bptt,65,1.6620858187396925,0.4321608040201005,1.6620858187396925
flywire_783_mb_left_kc512_s701,743,incoming_l1,fly,full_bptt,66,1.6619668200642155,0.4271356783919598,1.6619668200642155
flywire_783_mb_left_kc512_s701,743,incoming_l1,fly,full_bptt,67,1.661838535340551,0.4271356783919598,1.661838535340551
flywire_783_mb_left_kc512_s701,743,incoming_l1,fly,full_bptt,68,1.661687316839305,0.4321608040201005,1.661687316839305
flywire_783_mb_left_kc512_s701,743,incoming_l1,fly,full_bptt,69,1.6615649703870061,0.4321608040201005,1.6615649703870061
flywire_783_mb_left_kc512_s701,743,incoming_l1,fly,full_bptt,70,1.6614619515790063,0.4321608040201005,1.6614619515790063
flywire_783_mb_left_kc512_s701,743,incoming_l1,fly,full_bptt,71,1.6613329925244986,0.4321608040201005,1.6613329925244986
flywire_783_mb_left_kc512_s701,743,incoming_l1,fly,full_bptt,72,1.6611944144505362,0.4321608040201005,1.6611944144505362
flywire_783_mb_left_kc512_s701,743,incoming_l1,fly,full_bptt,73,1.6610720905809744,0.4321608040201005,1.6610720905809744
flywire_783_mb_left_kc512_s701,743,incoming_l1,fly,full_bptt,74,1.660956317391438,0.4321608040201005,1.660956317391438
flywire_783_mb_left_kc512_s701,743,incoming_l1,fly,full_bptt,75,1.6608369769793416,0.4321608040201005,1.6608369769793416
flywire_783_mb_left_kc512_s701,743,incoming_l1,fly,full_bptt,76,1.6607125223790182,0.4321608040201005,1.6607125223790182
flywire_783_mb_left_kc512_s701,743,incoming_l1,fly,full_bptt,77,1.6605843430388438,0.4371859296482412,1.6605843430388438
flywire_783_mb_left_kc512_s701,743,incoming_l1,fly,full_bptt,78,1.6604660963731304,0.4321608040201005,1.6604660963731304
flywire_783_mb_left_kc512_s701,743,incoming_l1,fly,full_bptt,79,1.6603549415566832,0.4321608040201005,1.6603549415566832
flywire_783_mb_left_kc512_s701,743,incoming_l1,fly,full_bptt,80,1.6602311043209295,0.4321608040201005,1.6602311043209295
flywire_783_mb_left_kc512_s701,743,incoming_l1,fly,full_bptt,81,1.6601067948409423,0.4472361809045226,1.6601067948409423
flywire_783_mb_left_kc512_s701,743,incoming_l1,fly,full_bptt,82,1.659993952349356,0.4472361809045226,1.659993952349356
flywire_783_mb_left_kc512_s701,743,incoming_l1,fly,full_bptt,83,1.6598767332983577,0.4472361809045226,1.6598767332983577
flywire_783_mb_left_kc512_s701,743,incoming_l1,fly,full_bptt,84,1.659756291688689,0.44221105527638194,1.659756291688689
flywire_783_mb_left_kc512_s701,743,incoming_l1,fly,full_bptt,85,1.6596400565234597,0.44221105527638194,1.6596400565234597
flywire_783_mb_left_kc512_s701,743,incoming_l1,fly,full_bptt,86,1.6595234648261137,0.44221105527638194,1.6595234648261137
flywire_783_mb_left_kc512_s701,743,incoming_l1,fly,full_bptt,87,1.6594079909257917,0.44221105527638194,1.6594079909257917
flywire_783_mb_left_kc512_s701,743,incoming_l1,fly,full_bptt,88,1.6592930051823127,0.44221105527638194,1.6592930051823127
flywire_783_mb_left_kc512_s701,743,incoming_l1,fly,full_bptt,89,1.6591759983340102,0.44221105527638194,1.6591759983340102
flywire_783_mb_left_kc512_s701,743,incoming_l1,fly,full_bptt,90,1.6590612652689645,0.44221105527638194,1.6590612652689645
flywire_783_mb_left_kc512_s701,743,incoming_l1,fly,full_bptt,91,1.6589480819276763,0.44221105527638194,1.6589480819276763
flywire_783_mb_left_kc512_s701,743,incoming_l1,fly,full_bptt,92,1.6588328300287813,0.44221105527638194,1.6588328300287813
flywire_783_mb_left_kc512_s701,743,incoming_l1,fly,full_bptt,93,1.6587186665015352,0.44221105527638194,1.6587186665015352
flywire_783_mb_left_kc512_s701,743,incoming_l1,fly,full_bptt,94,1.6586061502865137,0.44221105527638194,1.6586061502865137
flywire_783_mb_left_kc512_s701,743,incoming_l1,fly,full_bptt,95,1.658492342250859,0.44221105527638194,1.658492342250859
flywire_783_mb_left_kc512_s701,743,incoming_l1,fly,full_bptt,96,1.658379570400598,0.44221105527638194,1.658379570400598
flywire_783_mb_left_kc512_s701,743,incoming_l1,fly,full_bptt,97,1.6582676199477715,0.44221105527638194,1.6582676199477715
flywire_783_mb_left_kc512_s701,743,incoming_l1,fly,full_bptt,98,1.6581546625593786,0.44221105527638194,1.6581546625593786
flywire_783_mb_left_kc512_s701,743,incoming_l1,fly,full_bptt,99,1.6580430960339803,0.44221105527638194,1.6580430960339803
flywire_783_mb_left_kc512_s701,743,incoming_l1,fly,full_bptt,100,1.6579319856213832,0.44221105527638194,1.6579319856213832
flywire_783_mb_left_kc512_s701,743,incoming_l1,fly,local_gradient,0,1.6746784356179971,0.4020100502512563,1.6746784356179971
flywire_783_mb_left_kc512_s701,743,incoming_l1,fly,local_gradient,1,1.7052709975096816,0.37185929648241206,1.6746784356179971
flywire_783_mb_left_kc512_s701,743,incoming_l1,fly,local_gradient,2,1.7196849517479593,0.3768844221105528,1.6746784356179971
flywire_783_mb_left_kc512_s701,743,incoming_l1,fly,local_gradient,3,1.6951854738146725,0.3969849246231156,1.6746784356179971
flywire_783_mb_left_kc512_s701,743,incoming_l1,fly,local_gradient,4,1.7000161524861415,0.3869346733668342,1.6746784356179971
flywire_783_mb_left_kc512_s701,743,incoming_l1,fly,local_gradient,5,1.6876066976006037,0.3869346733668342,1.6746784356179971
flywire_783_mb_left_kc512_s701,743,incoming_l1,fly,local_gradient,6,1.692334547752835,0.3969849246231156,1.6746784356179971
flywire_783_mb_left_kc512_s701,743,incoming_l1,fly,local_gradient,7,1.6953299456540742,0.38190954773869346,1.6746784356179971
flywire_783_mb_left_kc512_s701,743,incoming_l1,fly,local_gradient,8,1.6882060790808484,0.3969849246231156,1.6746784356179971
flywire_783_mb_left_kc512_s701,743,incoming_l1,fly,local_gradient,9,1.6863446592653117,0.3969849246231156,1.6746784356179971
flywire_783_mb_left_kc512_s701,743,incoming_l1,fly,local_gradient,10,1.690299843587773,0.39195979899497485,1.6746784356179971
flywire_783_mb_left_kc512_s701,743,incoming_l1,fly,local_gradient,11,1.6889984577195847,0.40703517587939697,1.6746784356179971
flywire_783_mb_left_kc512_s701,743,incoming_l1,fly,local_gradient,12,1.6865050312506602,0.40703517587939697,1.6746784356179971
flywire_783_mb_left_kc512_s701,743,incoming_l1,fly,local_gradient,13,1.6870202206037503,0.41708542713567837,1.6746784356179971
flywire_783_mb_left_kc512_s701,743,incoming_l1,fly,local_gradient,14,1.6862604264248806,0.4020100502512563,1.6746784356179971
flywire_783_mb_left_kc512_s701,743,incoming_l1,fly,local_gradient,15,1.6851273958221502,0.39195979899497485,1.6746784356179971
flywire_783_mb_left_kc512_s701,743,incoming_l1,fly,local_gradient,16,1.6864420548141126,0.39195979899497485,1.6746784356179971
flywire_783_mb_left_kc512_s701,743,incoming_l1,fly,local_gradient,17,1.6880849595326917,0.40703517587939697,1.6746784356179971
flywire_783_mb_left_kc512_s701,743,incoming_l1,fly,local_gradient,18,1.6865309552237342,0.3969849246231156,1.6746784356179971
flywire_783_mb_left_kc512_s701,743,incoming_l1,fly,local_gradient,19,1.6846323127825005,0.3869346733668342,1.6746784356179971
flywire_783_mb_left_kc512_s701,743,incoming_l1,fly,local_gradient,20,1.685672000753757,0.39195979899497485,1.6746784356179971
flywire_783_mb_left_kc512_s701,743,incoming_l1,fly,local_gradient,21,1.6860744890472972,0.39195979899497485,1.6746784356179971
flywire_783_mb_left_kc512_s701,743,incoming_l1,fly,local_gradient,22,1.6842874480387526,0.39195979899497485,1.6746784356179971
flywire_783_mb_left_kc512_s701,743,incoming_l1,fly,local_gradient,23,1.6830735989125536,0.39195979899497485,1.6746784356179971
flywire_783_mb_left_kc512_s701,743,incoming_l1,fly,local_gradient,24,1.6831681082808634,0.38190954773869346,1.6746784356179971
flywire_783_mb_left_kc512_s701,743,incoming_l1,fly,local_gradient,25,1.6833027310829578,0.3869346733668342,1.6746784356179971
flywire_783_mb_left_kc512_s701,743,incoming_l1,fly,local_gradient,26,1.683523697549957,0.3969849246231156,1.6746784356179971
flywire_783_mb_left_kc512_s701,743,incoming_l1,fly,local_gradient,27,1.6837345748915535,0.4020100502512563,1.6746784356179971
flywire_783_mb_left_kc512_s701,743,incoming_l1,fly,local_gradient,28,1.6830364137556602,0.4020100502512563,1.6746784356179971
flywire_783_mb_left_kc512_s701,743,incoming_l1,fly,local_gradient,29,1.6824508994394958,0.3969849246231156,1.6746784356179971
flywire_783_mb_left_kc512_s701,743,incoming_l1,fly,local_gradient,30,1.6830525593126877,0.39195979899497485,1.6746784356179971
flywire_783_mb_left_kc512_s701,743,incoming_l1,fly,local_gradient,31,1.683622814986405,0.39195979899497485,1.6746784356179971
flywire_783_mb_left_kc512_s701,743,incoming_l1,fly,local_gradient,32,1.6831185676694804,0.39195979899497485,1.6746784356179971
flywire_783_mb_left_kc512_s701,743,incoming_l1,fly,local_gradient,33,1.6825714873170212,0.4020100502512563,1.6746784356179971
flywire_783_mb_left_kc512_s701,743,incoming_l1,fly,local_gradient,34,1.682035233423318,0.4020100502512563,1.6746784356179971
flywire_783_mb_left_kc512_s701,743,incoming_l1,fly,local_gradient,35,1.6811024314246878,0.40703517587939697,1.6746784356179971
flywire_783_mb_left_kc512_s701,743,incoming_l1,fly,local_gradient,36,1.6810222857004815,0.4020100502512563,1.6746784356179971
flywire_783_mb_left_kc512_s701,743,incoming_l1,fly,local_gradient,37,1.6814619113557936,0.4020100502512563,1.6746784356179971
flywire_783_mb_left_kc512_s701,743,incoming_l1,fly,local_gradient,38,1.6811372429272022,0.4020100502512563,1.6746784356179971
flywire_783_mb_left_kc512_s701,743,incoming_l1,fly,local_gradient,39,1.6809508577323902,0.40703517587939697,1.6746784356179971
flywire_783_mb_left_kc512_s701,743,incoming_l1,fly,local_gradient,40,1.6818441137315172,0.4020100502512563,1.6746784356179971
flywire_783_mb_left_kc512_s701,743,incoming_l1,fly,local_gradient,41,1.6822057393725744,0.4120603015075377,1.6746784356179971
flywire_783_mb_left_kc512_s701,743,incoming_l1,fly,local_gradient,42,1.6817067750436698,0.40703517587939697,1.6746784356179971
flywire_783_mb_left_kc512_s701,743,incoming_l1,fly,local_gradient,43,1.6818047064702675,0.4020100502512563,1.6746784356179971
flywire_783_mb_left_kc512_s701,743,incoming_l1,fly,local_gradient,44,1.6816910727822723,0.3969849246231156,1.6746784356179971
flywire_783_mb_left_kc512_s701,743,incoming_l1,fly,local_gradient,45,1.6808701843292169,0.39195979899497485,1.6746784356179971
flywire_783_mb_left_kc512_s701,743,incoming_l1,fly,local_gradient,46,1.6808124681371044,0.39195979899497485,1.6746784356179971
flywire_783_mb_left_kc512_s701,743,incoming_l1,fly,local_gradient,47,1.681042935397129,0.3869346733668342,1.6746784356179971
flywire_783_mb_left_kc512_s701,743,incoming_l1,fly,local_gradient,48,1.6804080482158426,0.4020100502512563,1.6746784356179971
flywire_783_mb_left_kc512_s701,743,incoming_l1,fly,local_gradient,49,1.6803318814754344,0.40703517587939697,1.6746784356179971
flywire_783_mb_left_kc512_s701,743,incoming_l1,fly,local_gradient,50,1.681015208573305,0.4120603015075377,1.6746784356179971
flywire_783_mb_left_kc512_s701,743,incoming_l1,fly,local_gradient,51,1.6808876529605732,0.40703517587939697,1.6746784356179971
flywire_783_mb_left_kc512_s701,743,incoming_l1,fly,local_gradient,52,1.6806289960607668,0.3969849246231156,1.6746784356179971
flywire_783_mb_left_kc512_s701,743,incoming_l1,fly,local_gradient,53,1.680996710480559,0.4020100502512563,1.6746784356179971
flywire_783_mb_left_kc512_s701,743,incoming_l1,fly,local_gradient,54,1.6806797095217598,0.3969849246231156,1.6746784356179971
flywire_783_mb_left_kc512_s701,743,incoming_l1,fly,local_gradient,55,1.680128626457515,0.40703517587939697,1.6746784356179971
flywire_783_mb_left_kc512_s701,743,incoming_l1,fly,local_gradient,56,1.6803987380172567,0.4020100502512563,1.6746784356179971
flywire_783_mb_left_kc512_s701,743,incoming_l1,fly,local_gradient,57,1.6803881229960569,0.4020100502512563,1.6746784356179971
flywire_783_mb_left_kc512_s701,743,incoming_l1,fly,local_gradient,58,1.6801560285245978,0.40703517587939697,1.6746784356179971
flywire_783_mb_left_kc512_s701,743,incoming_l1,fly,local_gradient,59,1.6806520319791312,0.38190954773869346,1.6746784356179971
flywire_783_mb_left_kc512_s701,743,incoming_l1,fly,local_gradient,60,1.6808265482686944,0.39195979899497485,1.6746784356179971
flywire_783_mb_left_kc512_s701,743,incoming_l1,fly,local_gradient,61,1.6804859960770864,0.3969849246231156,1.6746784356179971
flywire_783_mb_left_kc512_s701,743,incoming_l1,fly,local_gradient,62,1.6806625470346026,0.3969849246231156,1.6746784356179971
flywire_783_mb_left_kc512_s701,743,incoming_l1,fly,local_gradient,63,1.6806374892629852,0.4020100502512563,1.6746784356179971
flywire_783_mb_left_kc512_s701,743,incoming_l1,fly,local_gradient,64,1.680257768473458,0.4020100502512563,1.6746784356179971
flywire_783_mb_left_kc512_s701,743,incoming_l1,fly,local_gradient,65,1.6804276659599016,0.4020100502512563,1.6746784356179971
flywire_783_mb_left_kc512_s701,743,incoming_l1,fly,local_gradient,66,1.6805098132630392,0.39195979899497485,1.6746784356179971
flywire_783_mb_left_kc512_s701,743,incoming_l1,fly,local_gradient,67,1.6802993719081147,0.39195979899497485,1.6746784356179971
flywire_783_mb_left_kc512_s701,743,incoming_l1,fly,local_gradient,68,1.6805664004658947,0.40703517587939697,1.6746784356179971
flywire_783_mb_left_kc512_s701,743,incoming_l1,fly,local_gradient,69,1.680754437163971,0.4020100502512563,1.6746784356179971
flywire_783_mb_left_kc512_s701,743,incoming_l1,fly,local_gradient,70,1.680650132053155,0.3969849246231156,1.6746784356179971
flywire_783_mb_left_kc512_s701,743,incoming_l1,fly,local_gradient,71,1.6807848923965394,0.3969849246231156,1.6746784356179971
flywire_783_mb_left_kc512_s701,743,incoming_l1,fly,local_gradient,72,1.6806958826168512,0.3969849246231156,1.6746784356179971
flywire_783_mb_left_kc512_s701,743,incoming_l1,fly,local_gradient,73,1.6804314109456506,0.3969849246231156,1.6746784356179971
flywire_783_mb_left_kc512_s701,743,incoming_l1,fly,local_gradient,74,1.6805248280754534,0.4020100502512563,1.6746784356179971
flywire_783_mb_left_kc512_s701,743,incoming_l1,fly,local_gradient,75,1.6805499041914698,0.4020100502512563,1.6746784356179971
flywire_783_mb_left_kc512_s701,743,incoming_l1,fly,local_gradient,76,1.6805427833908106,0.4020100502512563,1.6746784356179971
flywire_783_mb_left_kc512_s701,743,incoming_l1,fly,local_gradient,77,1.6807829398493521,0.39195979899497485,1.6746784356179971
flywire_783_mb_left_kc512_s701,743,incoming_l1,fly,local_gradient,78,1.6808277937653,0.39195979899497485,1.6746784356179971
flywire_783_mb_left_kc512_s701,743,incoming_l1,fly,local_gradient,79,1.6807893218605867,0.3969849246231156,1.6746784356179971
flywire_783_mb_left_kc512_s701,743,incoming_l1,fly,local_gradient,80,1.6808474062348893,0.4020100502512563,1.6746784356179971
flywire_783_mb_left_kc512_s701,743,incoming_l1,fly,local_gradient,81,1.6807150073761825,0.4020100502512563,1.6746784356179971
flywire_783_mb_left_kc512_s701,743,incoming_l1,fly,local_gradient,82,1.6806345826816271,0.4020100502512563,1.6746784356179971
flywire_783_mb_left_kc512_s701,743,incoming_l1,fly,local_gradient,83,1.680684271260735,0.39195979899497485,1.6746784356179971
flywire_783_mb_left_kc512_s701,743,incoming_l1,fly,local_gradient,84,1.6806325599586505,0.4020100502512563,1.6746784356179971
flywire_783_mb_left_kc512_s701,743,incoming_l1,fly,local_gradient,85,1.680691443600222,0.4020100502512563,1.6746784356179971
flywire_783_mb_left_kc512_s701,743,incoming_l1,fly,local_gradient,86,1.680814716235887,0.4020100502512563,1.6746784356179971
flywire_783_mb_left_kc512_s701,743,incoming_l1,fly,local_gradient,87,1.6808476779337758,0.4020100502512563,1.6746784356179971
flywire_783_mb_left_kc512_s701,743,incoming_l1,fly,local_gradient,88,1.6809338884612646,0.4020100502512563,1.6746784356179971
flywire_783_mb_left_kc512_s701,743,incoming_l1,fly,local_gradient,89,1.6809576038119307,0.3969849246231156,1.6746784356179971
flywire_783_mb_left_kc512_s701,743,incoming_l1,fly,local_gradient,90,1.6809051634780185,0.4020100502512563,1.6746784356179971
flywire_783_mb_left_kc512_s701,743,incoming_l1,fly,local_gradient,91,1.680921188875042,0.4020100502512563,1.6746784356179971
flywire_783_mb_left_kc512_s701,743,incoming_l1,fly,local_gradient,92,1.6809079149548887,0.4020100502512563,1.6746784356179971
flywire_783_mb_left_kc512_s701,743,incoming_l1,fly,local_gradient,93,1.6809056075728637,0.4020100502512563,1.6746784356179971
flywire_783_mb_left_kc512_s701,743,incoming_l1,fly,local_gradient,94,1.6809529089247537,0.4020100502512563,1.6746784356179971
flywire_783_mb_left_kc512_s701,743,incoming_l1,fly,local_gradient,95,1.6809571745875431,0.4020100502512563,1.6746784356179971
flywire_783_mb_left_kc512_s701,743,incoming_l1,fly,local_gradient,96,1.6809840795542927,0.4020100502512563,1.6746784356179971
flywire_783_mb_left_kc512_s701,743,incoming_l1,fly,local_gradient,97,1.6810277405812375,0.4020100502512563,1.6746784356179971
flywire_783_mb_left_kc512_s701,743,incoming_l1,fly,local_gradient,98,1.6810559458052488,0.40703517587939697,1.6746784356179971
flywire_783_mb_left_kc512_s701,743,incoming_l1,fly,local_gradient,99,1.6811174403672466,0.40703517587939697,1.6746784356179971
flywire_783_mb_left_kc512_s701,743,incoming_l1,fly,local_gradient,100,1.6811600498069708,0.4020100502512563,1.6746784356179971
flywire_783_mb_left_kc512_s701,743,incoming_l1,fly,permuted_bptt,0,3.0736928823836096,0.10552763819095477,3.0736928823836096
flywire_783_mb_left_kc512_s701,743,incoming_l1,fly,permuted_bptt,1,2.930942453884929,0.135678391959799,2.930942453884929
flywire_783_mb_left_kc512_s701,743,incoming_l1,fly,permuted_bptt,2,2.8336561756045993,0.15577889447236182,2.8336561756045993
flywire_783_mb_left_kc512_s701,743,incoming_l1,fly,permuted_bptt,3,2.7682911856691765,0.135678391959799,2.7682911856691765
flywire_783_mb_left_kc512_s701,743,incoming_l1,fly,permuted_bptt,4,2.7203701807637755,0.1507537688442211,2.7203701807637755
flywire_783_mb_left_kc512_s701,743,incoming_l1,fly,permuted_bptt,5,2.6797017494355466,0.17587939698492464,2.6797017494355466
flywire_783_mb_left_kc512_s701,743,incoming_l1,fly,permuted_bptt,6,2.6451091808174594,0.18090452261306533,2.6451091808174594
flywire_783_mb_left_kc512_s701,743,incoming_l1,fly,permuted_bptt,7,2.6158711208910894,0.19597989949748743,2.6158711208910894
flywire_783_mb_left_kc512_s701,743,incoming_l1,fly,permuted_bptt,8,2.5892294894779115,0.20100502512562815,2.5892294894779115
flywire_783_mb_left_kc512_s701,743,incoming_l1,fly,permuted_bptt,9,2.5650954701352537,0.22110552763819097,2.5650954701352537
flywire_783_mb_left_kc512_s701,743,incoming_l1,fly,permuted_bptt,10,2.5433422077269654,0.22110552763819097,2.5433422077269654
flywire_783_mb_left_kc512_s701,743,incoming_l1,fly,permuted_bptt,11,2.5236642930053064,0.23618090452261306,2.5236642930053064
flywire_783_mb_left_kc512_s701,743,incoming_l1,fly,permuted_bptt,12,2.505604900712111,0.23115577889447236,2.505604900712111
flywire_783_mb_left_kc512_s701,743,incoming_l1,fly,permuted_bptt,13,2.4897736989460575,0.22613065326633167,2.4897736989460575
flywire_783_mb_left_kc512_s701,743,incoming_l1,fly,permuted_bptt,14,2.475738228089182,0.23115577889447236,2.475738228089182
flywire_783_mb_left_kc512_s701,743,incoming_l1,fly,permuted_bptt,15,2.4625296889148856,0.24120603015075376,2.4625296889148856
flywire_783_mb_left_kc512_s701,743,incoming_l1,fly,permuted_bptt,16,2.449242221794904,0.23618090452261306,2.449242221794904
flywire_783_mb_left_kc512_s701,743,incoming_l1,fly,permuted_bptt,17,2.4363970844674334,0.23115577889447236,2.4363970844674334
flywire_783_mb_left_kc512_s701,743,incoming_l1,fly,permuted_bptt,18,2.424098675369082,0.22613065326633167,2.424098675369082
flywire_783_mb_left_kc512_s701,743,incoming_l1,fly,permuted_bptt,19,2.412173336758397,0.22110552763819097,2.412173336758397
flywire_783_mb_left_kc512_s701,743,incoming_l1,fly,permuted_bptt,20,2.4008520675005376,0.21608040201005024,2.4008520675005376
flywire_783_mb_left_kc512_s701,743,incoming_l1,fly,permuted_bptt,21,2.3903994962201915,0.20603015075376885,2.3903994962201915
flywire_783_mb_left_kc512_s701,743,incoming_l1,fly,permuted_bptt,22,2.3805934487801426,0.21608040201005024,2.3805934487801426
flywire_783_mb_left_kc512_s701,743,incoming_l1,fly,permuted_bptt,23,2.370941105536315,0.22613065326633167,2.370941105536315
flywire_783_mb_left_kc512_s701,743,incoming_l1,fly,permuted_bptt,24,2.361581711557799,0.23115577889447236,2.361581711557799
flywire_783_mb_left_kc512_s701,743,incoming_l1,fly,permuted_bptt,25,2.352587834957684,0.22613065326633167,2.352587834957684
flywire_783_mb_left_kc512_s701,743,incoming_l1,fly,permuted_bptt,26,2.344018313924584,0.22613065326633167,2.344018313924584
flywire_783_mb_left_kc512_s701,743,incoming_l1,fly,permuted_bptt,27,2.335806939102478,0.22613065326633167,2.335806939102478
flywire_783_mb_left_kc512_s701,743,incoming_l1,fly,permuted_bptt,28,2.327932057738368,0.22110552763819097,2.327932057738368
flywire_783_mb_left_kc512_s701,743,incoming_l1,fly,permuted_bptt,29,2.3201909478419043,0.21608040201005024,2.3201909478419043
flywire_783_mb_left_kc512_s701,743,incoming_l1,fly,permuted_bptt,30,2.312507457093668,0.21608040201005024,2.312507457093668
flywire_783_mb_left_kc512_s701,743,incoming_l1,fly,permuted_bptt,31,2.3050211571812147,0.21608040201005024,2.3050211571812147
flywire_783_mb_left_kc512_s701,743,incoming_l1,fly,permuted_bptt,32,2.2979035480570764,0.22110552763819097,2.2979035480570764
flywire_783_mb_left_kc512_s701,743,incoming_l1,fly,permuted_bptt,33,2.2910633388546056,0.22110552763819097,2.2910633388546056
flywire_783_mb_left_kc512_s701,743,incoming_l1,fly,permuted_bptt,34,2.284478178252995,0.22613065326633167,2.284478178252995
flywire_783_mb_left_kc512_s701,743,incoming_l1,fly,permuted_bptt,35,2.2781916350768805,0.22613065326633167,2.2781916350768805
flywire_783_mb_left_kc512_s701,743,incoming_l1,fly,permuted_bptt,36,2.2720700458652647,0.22613065326633167,2.2720700458652647
flywire_783_mb_left_kc512_s701,743,incoming_l1,fly,permuted_bptt,37,2.2659320199844695,0.22613065326633167,2.2659320199844695
flywire_783_mb_left_kc512_s701,743,incoming_l1,fly,permuted_bptt,38,2.259803928235712,0.22613065326633167,2.259803928235712
flywire_783_mb_left_kc512_s701,743,incoming_l1,fly,permuted_bptt,39,2.253781007975977,0.23115577889447236,2.253781007975977
flywire_783_mb_left_kc512_s701,743,incoming_l1,fly,permuted_bptt,40,2.247962379410348,0.22613065326633167,2.247962379410348
flywire_783_mb_left_kc512_s701,743,incoming_l1,fly,permuted_bptt,41,2.2424077086184093,0.22110552763819097,2.2424077086184093
flywire_783_mb_left_kc512_s701,743,incoming_l1,fly,permuted_bptt,42,2.237133266090124,0.22110552763819097,2.237133266090124
flywire_783_mb_left_kc512_s701,743,incoming_l1,fly,permuted_bptt,43,2.2320381389520523,0.21608040201005024,2.2320381389520523
flywire_783_mb_left_kc512_s701,743,incoming_l1,fly,permuted_bptt,44,2.2270806748767207,0.21105527638190955,2.2270806748767207
flywire_783_mb_left_kc512_s701,743,incoming_l1,fly,permuted_bptt,45,2.2222780628055894,0.21105527638190955,2.2222780628055894
flywire_783_mb_left_kc512_s701,743,incoming_l1,fly,permuted_bptt,46,2.2176134382573474,0.21105527638190955,2.2176134382573474
flywire_783_mb_left_kc512_s701,743,incoming_l1,fly,permuted_bptt,47,2.2130671170219522,0.22110552763819097,2.2130671170219522
flywire_783_mb_left_kc512_s701,743,incoming_l1,fly,permuted_bptt,48,2.2087071360653794,0.23115577889447236,2.2087071360653794
flywire_783_mb_left_kc512_s701,743,incoming_l1,fly,permuted_bptt,49,2.204522419207707,0.23115577889447236,2.204522419207707
flywire_783_mb_left_kc512_s701,743,incoming_l1,fly,permuted_bptt,50,2.2004762299604113,0.23618090452261306,2.2004762299604113
flywire_783_mb_left_kc512_s701,743,incoming_l1,fly,permuted_bptt,51,2.1965527820483413,0.23115577889447236,2.1965527820483413
flywire_783_mb_left_kc512_s701,743,incoming_l1,fly,permuted_bptt,52,2.192722841151416,0.23618090452261306,2.192722841151416
flywire_783_mb_left_kc512_s701,743,incoming_l1,fly,permuted_bptt,53,2.1889727033160105,0.23618090452261306,2.1889727033160105
flywire_783_mb_left_kc512_s701,743,incoming_l1,fly,permuted_bptt,54,2.1853170202874033,0.23618090452261306,2.1853170202874033
flywire_783_mb_left_kc512_s701,743,incoming_l1,fly,permuted_bptt,55,2.1817691597245847,0.23618090452261306,2.1817691597245847
flywire_783_mb_left_kc512_s701,743,incoming_l1,fly,permuted_bptt,56,2.1783169771825,0.23618090452261306,2.1783169771825
flywire_783_mb_left_kc512_s701,743,incoming_l1,fly,permuted_bptt,57,2.1749686771617402,0.23618090452261306,2.1749686771617402
flywire_783_mb_left_kc512_s701,743,incoming_l1,fly,permuted_bptt,58,2.171710293533739,0.24120603015075376,2.171710293533739
flywire_783_mb_left_kc512_s701,743,incoming_l1,fly,permuted_bptt,59,2.1685221817094,0.24120603015075376,2.1685221817094
flywire_783_mb_left_kc512_s701,743,incoming_l1,fly,permuted_bptt,60,2.165416315031432,0.24120603015075376,2.165416315031432
flywire_783_mb_left_kc512_s701,743,incoming_l1,fly,permuted_bptt,61,2.162387242230048,0.23618090452261306,2.162387242230048
flywire_783_mb_left_kc512_s701,743,incoming_l1,fly,permuted_bptt,62,2.1594295381749045,0.23618090452261306,2.1594295381749045
flywire_783_mb_left_kc512_s701,743,incoming_l1,fly,permuted_bptt,63,2.1565474769225426,0.23115577889447236,2.1565474769225426
flywire_783_mb_left_kc512_s701,743,incoming_l1,fly,permuted_bptt,64,2.1537396893412812,0.23618090452261306,2.1537396893412812
flywire_783_mb_left_kc512_s701,743,incoming_l1,fly,permuted_bptt,65,2.150999872633814,0.24120603015075376,2.150999872633814
flywire_783_mb_left_kc512_s701,743,incoming_l1,fly,permuted_bptt,66,2.1483198724457058,0.25125628140703515,2.1483198724457058
flywire_783_mb_left_kc512_s701,743,incoming_l1,fly,permuted_bptt,67,2.1456918841623343,0.24623115577889448,2.1456918841623343
flywire_783_mb_left_kc512_s701,743,incoming_l1,fly,permuted_bptt,68,2.1431155412281897,0.24623115577889448,2.1431155412281897
flywire_783_mb_left_kc512_s701,743,incoming_l1,fly,permuted_bptt,69,2.1405959320845196,0.24623115577889448,2.1405959320845196
flywire_783_mb_left_kc512_s701,743,incoming_l1,fly,permuted_bptt,70,2.13812860288405,0.24623115577889448,2.13812860288405
flywire_783_mb_left_kc512_s701,743,incoming_l1,fly,permuted_bptt,71,2.13570840247407,0.24623115577889448,2.13570840247407
flywire_783_mb_left_kc512_s701,743,incoming_l1,fly,permuted_bptt,72,2.133333370834646,0.24623115577889448,2.133333370834646
flywire_783_mb_left_kc512_s701,743,incoming_l1,fly,permuted_bptt,73,2.1310003538618054,0.24120603015075376,2.1310003538618054
flywire_783_mb_left_kc512_s701,743,incoming_l1,fly,permuted_bptt,74,2.1287077497225084,0.24120603015075376,2.1287077497225084
flywire_783_mb_left_kc512_s701,743,incoming_l1,fly,permuted_bptt,75,2.1264571325767023,0.24120603015075376,2.1264571325767023
flywire_783_mb_left_kc512_s701,743,incoming_l1,fly,permuted_bptt,76,2.1242466536211384,0.24120603015075376,2.1242466536211384
flywire_783_mb_left_kc512_s701,743,incoming_l1,fly,permuted_bptt,77,2.1220743490691,0.24120603015075376,2.1220743490691
flywire_783_mb_left_kc512_s701,743,incoming_l1,fly,permuted_bptt,78,2.1199383379878167,0.24623115577889448,2.1199383379878167
flywire_783_mb_left_kc512_s701,743,incoming_l1,fly,permuted_bptt,79,2.1178360555412494,0.24623115577889448,2.1178360555412494
flywire_783_mb_left_kc512_s701,743,incoming_l1,fly,permuted_bptt,80,2.115767523488156,0.25125628140703515,2.115767523488156
flywire_783_mb_left_kc512_s701,743,incoming_l1,fly,permuted_bptt,81,2.11373034114122,0.25125628140703515,2.11373034114122
flywire_783_mb_left_kc512_s701,743,incoming_l1,fly,permuted_bptt,82,2.1117227847985065,0.25125628140703515,2.1117227847985065
flywire_783_mb_left_kc512_s701,743,incoming_l1,fly,permuted_bptt,83,2.1097447258720865,0.24623115577889448,2.1097447258720865
flywire_783_mb_left_kc512_s701,743,incoming_l1,fly,permuted_bptt,84,2.1077940041634613,0.24623115577889448,2.1077940041634613
flywire_783_mb_left_kc512_s701,743,incoming_l1,fly,permuted_bptt,85,2.10586934034174,0.25125628140703515,2.10586934034174
flywire_783_mb_left_kc512_s701,743,incoming_l1,fly,permuted_bptt,86,2.103970468307266,0.25125628140703515,2.103970468307266
flywire_783_mb_left_kc512_s701,743,incoming_l1,fly,permuted_bptt,87,2.102095685998233,0.25125628140703515,2.102095685998233
flywire_783_mb_left_kc512_s701,743,incoming_l1,fly,permuted_bptt,88,2.1002449793259736,0.2562814070351759,2.1002449793259736
flywire_783_mb_left_kc512_s701,743,incoming_l1,fly,permuted_bptt,89,2.098417281064661,0.2562814070351759,2.098417281064661
flywire_783_mb_left_kc512_s701,743,incoming_l1,fly,permuted_bptt,90,2.096611425096616,0.2562814070351759,2.096611425096616
flywire_783_mb_left_kc512_s701,743,incoming_l1,fly,permuted_bptt,91,2.0948265360798013,0.2613065326633166,2.0948265360798013
flywire_783_mb_left_kc512_s701,743,incoming_l1,fly,permuted_bptt,92,2.0930610747664926,0.2613065326633166,2.0930610747664926
flywire_783_mb_left_kc512_s701,743,incoming_l1,fly,permuted_bptt,93,2.0913148735782787,0.2613065326633166,2.0913148735782787
flywire_783_mb_left_kc512_s701,743,incoming_l1,fly,permuted_bptt,94,2.089587778419009,0.2613065326633166,2.089587778419009
flywire_783_mb_left_kc512_s701,743,incoming_l1,fly,permuted_bptt,95,2.087878512594001,0.2613065326633166,2.087878512594001
flywire_783_mb_left_kc512_s701,743,incoming_l1,fly,permuted_bptt,96,2.0861864397810566,0.2613065326633166,2.0861864397810566
flywire_783_mb_left_kc512_s701,743,incoming_l1,fly,permuted_bptt,97,2.0845108383413717,0.2613065326633166,2.0845108383413717
flywire_783_mb_left_kc512_s701,743,incoming_l1,fly,permuted_bptt,98,2.082851657540443,0.2663316582914573,2.082851657540443
flywire_783_mb_left_kc512_s701,743,incoming_l1,fly,permuted_bptt,99,2.081208724221331,0.271356783919598,2.081208724221331
flywire_783_mb_left_kc512_s701,743,incoming_l1,fly,permuted_bptt,100,2.079581355011922,0.2663316582914573,2.079581355011922
flywire_783_mb_left_kc512_s701,743,incoming_l1,role_shuffled,frozen,0,1.561224292958724,0.4472361809045226,1.561224292958724
flywire_783_mb_left_kc512_s701,743,incoming_l1,role_shuffled,full_bptt,0,1.561224292958724,0.4472361809045226,1.561224292958724
flywire_783_mb_left_kc512_s701,743,incoming_l1,role_shuffled,full_bptt,1,1.6173724587029161,0.4020100502512563,1.561224292958724
flywire_783_mb_left_kc512_s701,743,incoming_l1,role_shuffled,full_bptt,2,1.6088006377885202,0.45226130653266333,1.561224292958724
flywire_783_mb_left_kc512_s701,743,incoming_l1,role_shuffled,full_bptt,3,1.6004361026783893,0.4321608040201005,1.561224292958724
flywire_783_mb_left_kc512_s701,743,incoming_l1,role_shuffled,full_bptt,4,1.5676414652766606,0.4472361809045226,1.561224292958724
flywire_783_mb_left_kc512_s701,743,incoming_l1,role_shuffled,full_bptt,5,1.5833569095861393,0.4371859296482412,1.561224292958724
flywire_783_mb_left_kc512_s701,743,incoming_l1,role_shuffled,full_bptt,6,1.5907987154913752,0.4221105527638191,1.561224292958724
flywire_783_mb_left_kc512_s701,743,incoming_l1,role_shuffled,full_bptt,7,1.5719953760233678,0.4472361809045226,1.561224292958724
flywire_783_mb_left_kc512_s701,743,incoming_l1,role_shuffled,full_bptt,8,1.56517457363496,0.4321608040201005,1.561224292958724
flywire_783_mb_left_kc512_s701,743,incoming_l1,role_shuffled,full_bptt,9,1.5729933108225755,0.4221105527638191,1.561224292958724
flywire_783_mb_left_kc512_s701,743,incoming_l1,role_shuffled,full_bptt,10,1.5727688254479408,0.4371859296482412,1.561224292958724
flywire_783_mb_left_kc512_s701,743,incoming_l1,role_shuffled,full_bptt,11,1.565001574651027,0.44221105527638194,1.561224292958724
flywire_783_mb_left_kc512_s701,743,incoming_l1,role_shuffled,full_bptt,12,1.5636661968164385,0.45226130653266333,1.561224292958724
flywire_783_mb_left_kc512_s701,743,incoming_l1,role_shuffled,full_bptt,13,1.5681692921727794,0.44221105527638194,1.561224292958724
flywire_783_mb_left_kc512_s701,743,incoming_l1,role_shuffled,full_bptt,14,1.5668326818183556,0.4371859296482412,1.561224292958724
flywire_783_mb_left_kc512_s701,743,incoming_l1,role_shuffled,full_bptt,15,1.561049713311439,0.4472361809045226,1.561049713311439
flywire_783_mb_left_kc512_s701,743,incoming_l1,role_shuffled,full_bptt,16,1.5593679292082423,0.45226130653266333,1.5593679292082423
flywire_783_mb_left_kc512_s701,743,incoming_l1,role_shuffled,full_bptt,17,1.5622104628291174,0.45226130653266333,1.5593679292082423
flywire_783_mb_left_kc512_s701,743,incoming_l1,role_shuffled,full_bptt,18,1.5620620625967938,0.4371859296482412,1.5593679292082423
flywire_783_mb_left_kc512_s701,743,incoming_l1,role_shuffled,full_bptt,19,1.558710199509074,0.4221105527638191,1.558710199509074
flywire_783_mb_left_kc512_s701,743,incoming_l1,role_shuffled,full_bptt,20,1.5581108102124417,0.44221105527638194,1.5581108102124417
flywire_783_mb_left_kc512_s701,743,incoming_l1,role_shuffled,full_bptt,21,1.559801685205663,0.457286432160804,1.5581108102124417
flywire_783_mb_left_kc512_s701,743,incoming_l1,role_shuffled,full_bptt,22,1.559175921640097,0.4623115577889447,1.5581108102124417
flywire_783_mb_left_kc512_s701,743,incoming_l1,role_shuffled,full_bptt,23,1.5568326024185173,0.4723618090452261,1.5568326024185173
flywire_783_mb_left_kc512_s701,743,incoming_l1,role_shuffled,full_bptt,24,1.5562078170438165,0.4723618090452261,1.5562078170438165
flywire_783_mb_left_kc512_s701,743,incoming_l1,role_shuffled,full_bptt,25,1.5572044055331156,0.4623115577889447,1.5562078170438165
flywire_783_mb_left_kc512_s701,743,incoming_l1,role_shuffled,full_bptt,26,1.556935394649729,0.45226130653266333,1.5562078170438165
flywire_783_mb_left_kc512_s701,743,incoming_l1,role_shuffled,full_bptt,27,1.5554887438742857,0.45226130653266333,1.5554887438742857
flywire_783_mb_left_kc512_s701,743,incoming_l1,role_shuffled,full_bptt,28,1.5553374813372443,0.4623115577889447,1.5553374813372443
flywire_783_mb_left_kc512_s701,743,incoming_l1,role_shuffled,full_bptt,29,1.5558692626067534,0.46733668341708545,1.5553374813372443
flywire_783_mb_left_kc512_s701,743,incoming_l1,role_shuffled,full_bptt,30,1.5551942029077002,0.4623115577889447,1.5551942029077002
flywire_783_mb_left_kc512_s701,743,incoming_l1,role_shuffled,full_bptt,31,1.5540223040489314,0.45226130653266333,1.5540223040489314
flywire_783_mb_left_kc512_s701,743,incoming_l1,role_shuffled,full_bptt,32,1.5539831678707041,0.44221105527638194,1.5539831678707041
flywire_783_mb_left_kc512_s701,743,incoming_l1,role_shuffled,full_bptt,33,1.5544650933675144,0.44221105527638194,1.5539831678707041
flywire_783_mb_left_kc512_s701,743,incoming_l1,role_shuffled,full_bptt,34,1.553982718870137,0.4371859296482412,1.553982718870137
flywire_783_mb_left_kc512_s701,743,incoming_l1,role_shuffled,full_bptt,35,1.553317844713618,0.45226130653266333,1.553317844713618
flywire_783_mb_left_kc512_s701,743,incoming_l1,role_shuffled,full_bptt,36,1.5533967842065268,0.44221105527638194,1.553317844713618
flywire_783_mb_left_kc512_s701,743,incoming_l1,role_shuffled,full_bptt,37,1.5534133045547605,0.45226130653266333,1.553317844713618
flywire_783_mb_left_kc512_s701,743,incoming_l1,role_shuffled,full_bptt,38,1.5527837161750953,0.4623115577889447,1.5527837161750953
flywire_783_mb_left_kc512_s701,743,incoming_l1,role_shuffled,full_bptt,39,1.552389450056368,0.457286432160804,1.552389450056368
flywire_783_mb_left_kc512_s701,743,incoming_l1,role_shuffled,full_bptt,40,1.5525526660404334,0.47738693467336685,1.552389450056368
flywire_783_mb_left_kc512_s701,743,incoming_l1,role_shuffled,full_bptt,41,1.5524329189604706,0.4723618090452261,1.552389450056368
flywire_783_mb_left_kc512_s701,743,incoming_l1,role_shuffled,full_bptt,42,1.5519800634000633,0.46733668341708545,1.5519800634000633
flywire_783_mb_left_kc512_s701,743,incoming_l1,role_shuffled,full_bptt,43,1.5518226856153667,0.4723618090452261,1.5518226856153667
flywire_783_mb_left_kc512_s701,743,incoming_l1,role_shuffled,full_bptt,44,1.5518291311296804,0.46733668341708545,1.5518226856153667
flywire_783_mb_left_kc512_s701,743,incoming_l1,role_shuffled,full_bptt,45,1.5515161522934844,0.4723618090452261,1.5515161522934844
flywire_783_mb_left_kc512_s701,743,incoming_l1,role_shuffled,full_bptt,46,1.551228592977949,0.457286432160804,1.551228592977949
flywire_783_mb_left_kc512_s701,743,incoming_l1,role_shuffled,full_bptt,47,1.5512460462340112,0.4623115577889447,1.551228592977949
flywire_783_mb_left_kc512_s701,743,incoming_l1,role_shuffled,full_bptt,48,1.5511300104052144,0.46733668341708545,1.5511300104052144
flywire_783_mb_left_kc512_s701,743,incoming_l1,role_shuffled,full_bptt,49,1.550802398307677,0.4623115577889447,1.550802398307677
flywire_783_mb_left_kc512_s701,743,incoming_l1,role_shuffled,full_bptt,50,1.5506526850282032,0.4623115577889447,1.5506526850282032
flywire_783_mb_left_kc512_s701,743,incoming_l1,role_shuffled,full_bptt,51,1.550618206440098,0.457286432160804,1.550618206440098
flywire_783_mb_left_kc512_s701,743,incoming_l1,role_shuffled,full_bptt,52,1.5503870444819976,0.457286432160804,1.5503870444819976
flywire_783_mb_left_kc512_s701,743,incoming_l1,role_shuffled,full_bptt,53,1.550182326208562,0.4623115577889447,1.550182326208562
flywire_783_mb_left_kc512_s701,743,incoming_l1,role_shuffled,full_bptt,54,1.550140631794823,0.4623115577889447,1.550140631794823
flywire_783_mb_left_kc512_s701,743,incoming_l1,role_shuffled,full_bptt,55,1.5500036795999288,0.457286432160804,1.5500036795999288
flywire_783_mb_left_kc512_s701,743,incoming_l1,role_shuffled,full_bptt,56,1.5497577414927166,0.4623115577889447,1.5497577414927166
flywire_783_mb_left_kc512_s701,743,incoming_l1,role_shuffled,full_bptt,57,1.5496487434745196,0.457286432160804,1.5496487434745196
flywire_783_mb_left_kc512_s701,743,incoming_l1,role_shuffled,full_bptt,58,1.5495715107781862,0.457286432160804,1.5495715107781862
flywire_783_mb_left_kc512_s701,743,incoming_l1,role_shuffled,full_bptt,59,1.5493870374395455,0.45226130653266333,1.5493870374395455
flywire_783_mb_left_kc512_s701,743,incoming_l1,role_shuffled,full_bptt,60,1.5492346999906603,0.46733668341708545,1.5492346999906603
flywire_783_mb_left_kc512_s701,743,incoming_l1,role_shuffled,full_bptt,61,1.5491470986124505,0.4623115577889447,1.5491470986124505
flywire_783_mb_left_kc512_s701,743,incoming_l1,role_shuffled,full_bptt,62,1.5489894734344902,0.4623115577889447,1.5489894734344902
flywire_783_mb_left_kc512_s701,743,incoming_l1,role_shuffled,full_bptt,63,1.5488304942556146,0.457286432160804,1.5488304942556146
flywire_783_mb_left_kc512_s701,743,incoming_l1,role_shuffled,full_bptt,64,1.548737768589147,0.45226130653266333,1.548737768589147
flywire_783_mb_left_kc512_s701,743,incoming_l1,role_shuffled,full_bptt,65,1.5486097097680125,0.457286432160804,1.5486097097680125
flywire_783_mb_left_kc512_s701,743,incoming_l1,role_shuffled,full_bptt,66,1.548448940702666,0.45226130653266333,1.548448940702666
flywire_783_mb_left_kc512_s701,743,incoming_l1,role_shuffled,full_bptt,67,1.5483437240744888,0.4623115577889447,1.5483437240744888
flywire_783_mb_left_kc512_s701,743,incoming_l1,role_shuffled,full_bptt,68,1.5482311038041199,0.4623115577889447,1.5482311038041199
flywire_783_mb_left_kc512_s701,743,incoming_l1,role_shuffled,full_bptt,69,1.5480791673042915,0.4623115577889447,1.5480791673042915
flywire_783_mb_left_kc512_s701,743,incoming_l1,role_shuffled,full_bptt,70,1.5479570602081751,0.457286432160804,1.5479570602081751
flywire_783_mb_left_kc512_s701,743,incoming_l1,role_shuffled,full_bptt,71,1.5478497307733905,0.457286432160804,1.5478497307733905
flywire_783_mb_left_kc512_s701,743,incoming_l1,role_shuffled,full_bptt,72,1.5477124595847178,0.457286432160804,1.5477124595847178
flywire_783_mb_left_kc512_s701,743,incoming_l1,role_shuffled,full_bptt,73,1.5475891411399902,0.457286432160804,1.5475891411399902
flywire_783_mb_left_kc512_s701,743,incoming_l1,role_shuffled,full_bptt,74,1.5474803903518626,0.4623115577889447,1.5474803903518626
flywire_783_mb_left_kc512_s701,743,incoming_l1,role_shuffled,full_bptt,75,1.5473517889149992,0.4623115577889447,1.5473517889149992
flywire_783_mb_left_kc512_s701,743,incoming_l1,role_shuffled,full_bptt,76,1.547226749484859,0.457286432160804,1.547226749484859
flywire_783_mb_left_kc512_s701,743,incoming_l1,role_shuffled,full_bptt,77,1.547114557442333,0.457286432160804,1.547114557442333
flywire_783_mb_left_kc512_s701,743,incoming_l1,role_shuffled,full_bptt,78,1.546991450713814,0.457286432160804,1.546991450713814
flywire_783_mb_left_kc512_s701,743,incoming_l1,role_shuffled,full_bptt,79,1.5468709089045358,0.457286432160804,1.5468709089045358
flywire_783_mb_left_kc512_s701,743,incoming_l1,role_shuffled,full_bptt,80,1.5467582555019832,0.457286432160804,1.5467582555019832
flywire_783_mb_left_kc512_s701,743,incoming_l1,role_shuffled,full_bptt,81,1.5466364153306265,0.457286432160804,1.5466364153306265
flywire_783_mb_left_kc512_s701,743,incoming_l1,role_shuffled,full_bptt,82,1.546517982708999,0.457286432160804,1.546517982708999
flywire_783_mb_left_kc512_s701,743,incoming_l1,role_shuffled,full_bptt,83,1.5464059357826,0.457286432160804,1.5464059357826
flywire_783_mb_left_kc512_s701,743,incoming_l1,role_shuffled,full_bptt,84,1.546286019864539,0.457286432160804,1.546286019864539
flywire_783_mb_left_kc512_s701,743,incoming_l1,role_shuffled,full_bptt,85,1.546168038154609,0.457286432160804,1.546168038154609
flywire_783_mb_left_kc512_s701,743,incoming_l1,role_shuffled,full_bptt,86,1.5460566622016592,0.457286432160804,1.5460566622016592
flywire_783_mb_left_kc512_s701,743,incoming_l1,role_shuffled,full_bptt,87,1.5459395931758846,0.457286432160804,1.5459395931758846
flywire_783_mb_left_kc512_s701,743,incoming_l1,role_shuffled,full_bptt,88,1.5458232811617958,0.457286432160804,1.5458232811617958
flywire_783_mb_left_kc512_s701,743,incoming_l1,role_shuffled,full_bptt,89,1.5457110649060244,0.457286432160804,1.5457110649060244
flywire_783_mb_left_kc512_s701,743,incoming_l1,role_shuffled,full_bptt,90,1.5455948024892965,0.457286432160804,1.5455948024892965
flywire_783_mb_left_kc512_s701,743,incoming_l1,role_shuffled,full_bptt,91,1.5454801934605407,0.457286432160804,1.5454801934605407
flywire_783_mb_left_kc512_s701,743,incoming_l1,role_shuffled,full_bptt,92,1.5453684907388245,0.457286432160804,1.5453684907388245
flywire_783_mb_left_kc512_s701,743,incoming_l1,role_shuffled,full_bptt,93,1.5452538140784196,0.457286432160804,1.5452538140784196
flywire_783_mb_left_kc512_s701,743,incoming_l1,role_shuffled,full_bptt,94,1.5451404037130858,0.457286432160804,1.5451404037130858
flywire_783_mb_left_kc512_s701,743,incoming_l1,role_shuffled,full_bptt,95,1.545028459062671,0.457286432160804,1.545028459062671
flywire_783_mb_left_kc512_s701,743,incoming_l1,role_shuffled,full_bptt,96,1.5449145506975843,0.457286432160804,1.5449145506975843
flywire_783_mb_left_kc512_s701,743,incoming_l1,role_shuffled,full_bptt,97,1.5448025568754447,0.457286432160804,1.5448025568754447
flywire_783_mb_left_kc512_s701,743,incoming_l1,role_shuffled,full_bptt,98,1.5446911031202186,0.457286432160804,1.5446911031202186
flywire_783_mb_left_kc512_s701,743,incoming_l1,role_shuffled,full_bptt,99,1.5445777948868273,0.457286432160804,1.5445777948868273
flywire_783_mb_left_kc512_s701,743,incoming_l1,role_shuffled,full_bptt,100,1.5444664513214874,0.457286432160804,1.5444664513214874
flywire_783_mb_left_kc512_s701,743,incoming_l1,role_shuffled,local_gradient,0,1.561224292958724,0.4472361809045226,1.561224292958724
flywire_783_mb_left_kc512_s701,743,incoming_l1,role_shuffled,local_gradient,1,1.5998621379393858,0.4271356783919598,1.561224292958724
flywire_783_mb_left_kc512_s701,743,incoming_l1,role_shuffled,local_gradient,2,1.6026324618331413,0.4321608040201005,1.561224292958724
flywire_783_mb_left_kc512_s701,743,incoming_l1,role_shuffled,local_gradient,3,1.5929800919508201,0.4371859296482412,1.561224292958724
flywire_783_mb_left_kc512_s701,743,incoming_l1,role_shuffled,local_gradient,4,1.6047432059876845,0.4221105527638191,1.561224292958724
flywire_783_mb_left_kc512_s701,743,incoming_l1,role_shuffled,local_gradient,5,1.60249075296417,0.4221105527638191,1.561224292958724
flywire_783_mb_left_kc512_s701,743,incoming_l1,role_shuffled,local_gradient,6,1.5869993057782026,0.41708542713567837,1.561224292958724
flywire_783_mb_left_kc512_s701,743,incoming_l1,role_shuffled,local_gradient,7,1.5869292644033322,0.4221105527638191,1.561224292958724
flywire_783_mb_left_kc512_s701,743,incoming_l1,role_shuffled,local_gradient,8,1.6007356495090106,0.4221105527638191,1.561224292958724
flywire_783_mb_left_kc512_s701,743,incoming_l1,role_shuffled,local_gradient,9,1.6076033223372972,0.41708542713567837,1.561224292958724
flywire_783_mb_left_kc512_s701,743,incoming_l1,role_shuffled,local_gradient,10,1.6025221787916615,0.4221105527638191,1.561224292958724
flywire_783_mb_left_kc512_s701,743,incoming_l1,role_shuffled,local_gradient,11,1.593690990816773,0.4120603015075377,1.561224292958724
flywire_783_mb_left_kc512_s701,743,incoming_l1,role_shuffled,local_gradient,12,1.5871444820378755,0.4221105527638191,1.561224292958724
flywire_783_mb_left_kc512_s701,743,incoming_l1,role_shuffled,local_gradient,13,1.5851477827900133,0.4271356783919598,1.561224292958724
flywire_783_mb_left_kc512_s701,743,incoming_l1,role_shuffled,local_gradient,14,1.5885001919048756,0.4472361809045226,1.561224292958724
flywire_783_mb_left_kc512_s701,743,incoming_l1,role_shuffled,local_gradient,15,1.5945697578776192,0.4371859296482412,1.561224292958724
flywire_783_mb_left_kc512_s701,743,incoming_l1,role_shuffled,local_gradient,16,1.600868721555679,0.4321608040201005,1.561224292958724
flywire_783_mb_left_kc512_s701,743,incoming_l1,role_shuffled,local_gradient,17,1.606000646934492,0.4321608040201005,1.561224292958724
flywire_783_mb_left_kc512_s701,743,incoming_l1,role_shuffled,local_gradient,18,1.6083510485714023,0.4271356783919598,1.561224292958724
flywire_783_mb_left_kc512_s701,743,incoming_l1,role_shuffled,local_gradient,19,1.6076063832233785,0.4321608040201005,1.561224292958724
flywire_783_mb_left_kc512_s701,743,incoming_l1,role_shuffled,local_gradient,20,1.6045945925654517,0.4321608040201005,1.561224292958724
flywire_783_mb_left_kc512_s701,743,incoming_l1,role_shuffled,local_gradient,21,1.6014598313742496,0.41708542713567837,1.561224292958724
flywire_783_mb_left_kc512_s701,743,incoming_l1,role_shuffled,local_gradient,22,1.6005530855851549,0.40703517587939697,1.561224292958724
flywire_783_mb_left_kc512_s701,743,incoming_l1,role_shuffled,local_gradient,23,1.6028917359424262,0.41708542713567837,1.561224292958724
flywire_783_mb_left_kc512_s701,743,incoming_l1,role_shuffled,local_gradient,24,1.6083617980045424,0.41708542713567837,1.561224292958724
flywire_783_mb_left_kc512_s701,743,incoming_l1,role_shuffled,local_gradient,25,1.6153588926751006,0.4221105527638191,1.561224292958724
flywire_783_mb_left_kc512_s701,743,incoming_l1,role_shuffled,local_gradient,26,1.6212541167194,0.4221105527638191,1.561224292958724
flywire_783_mb_left_kc512_s701,743,incoming_l1,role_shuffled,local_gradient,27,1.624115216613316,0.4271356783919598,1.561224292958724
flywire_783_mb_left_kc512_s701,743,incoming_l1,role_shuffled,local_gradient,28,1.6237672711075692,0.4271356783919598,1.561224292958724
flywire_783_mb_left_kc512_s701,743,incoming_l1,role_shuffled,local_gradient,29,1.6221599522116081,0.41708542713567837,1.561224292958724
flywire_783_mb_left_kc512_s701,743,incoming_l1,role_shuffled,local_gradient,30,1.6215704019999218,0.40703517587939697,1.561224292958724
flywire_783_mb_left_kc512_s701,743,incoming_l1,role_shuffled,local_gradient,31,1.6230122105683515,0.4120603015075377,1.561224292958724
flywire_783_mb_left_kc512_s701,743,incoming_l1,role_shuffled,local_gradient,32,1.6273672466823452,0.41708542713567837,1.561224292958724
flywire_783_mb_left_kc512_s701,743,incoming_l1,role_shuffled,local_gradient,33,1.635437532586725,0.4271356783919598,1.561224292958724
flywire_783_mb_left_kc512_s701,743,incoming_l1,role_shuffled,local_gradient,34,1.6459311796794063,0.4371859296482412,1.561224292958724
flywire_783_mb_left_kc512_s701,743,incoming_l1,role_shuffled,local_gradient,35,1.6565120756135734,0.4321608040201005,1.561224292958724
flywire_783_mb_left_kc512_s701,743,incoming_l1,role_shuffled,local_gradient,36,1.6656019123367758,0.4221105527638191,1.561224292958724
flywire_783_mb_left_kc512_s701,743,incoming_l1,role_shuffled,local_gradient,37,1.6719791921324614,0.4221105527638191,1.561224292958724
flywire_783_mb_left_kc512_s701,743,incoming_l1,role_shuffled,local_gradient,38,1.6756156005398932,0.4221105527638191,1.561224292958724
flywire_783_mb_left_kc512_s701,743,incoming_l1,role_shuffled,local_gradient,39,1.6783904754499621,0.3969849246231156,1.561224292958724
flywire_783_mb_left_kc512_s701,743,incoming_l1,role_shuffled,local_gradient,40,1.682436948720684,0.3969849246231156,1.561224292958724
flywire_783_mb_left_kc512_s701,743,incoming_l1,role_shuffled,local_gradient,41,1.6886635771532263,0.40703517587939697,1.561224292958724
flywire_783_mb_left_kc512_s701,743,incoming_l1,role_shuffled,local_gradient,42,1.6967333913740905,0.38190954773869346,1.561224292958724
flywire_783_mb_left_kc512_s701,743,incoming_l1,role_shuffled,local_gradient,43,1.7057531931032854,0.3969849246231156,1.561224292958724
flywire_783_mb_left_kc512_s701,743,incoming_l1,role_shuffled,local_gradient,44,1.7150775365030473,0.3869346733668342,1.561224292958724
flywire_783_mb_left_kc512_s701,743,incoming_l1,role_shuffled,local_gradient,45,1.7246244471003678,0.38190954773869346,1.561224292958724
flywire_783_mb_left_kc512_s701,743,incoming_l1,role_shuffled,local_gradient,46,1.7348520952027702,0.3768844221105528,1.561224292958724
flywire_783_mb_left_kc512_s701,743,incoming_l1,role_shuffled,local_gradient,47,1.7466060688837086,0.38190954773869346,1.561224292958724
flywire_783_mb_left_kc512_s701,743,incoming_l1,role_shuffled,local_gradient,48,1.7607053553198444,0.39195979899497485,1.561224292958724
flywire_783_mb_left_kc512_s701,743,incoming_l1,role_shuffled,local_gradient,49,1.7776286748991115,0.39195979899497485,1.561224292958724
flywire_783_mb_left_kc512_s701,743,incoming_l1,role_shuffled,local_gradient,50,1.7972961780144774,0.3869346733668342,1.561224292958724
flywire_783_mb_left_kc512_s701,743,incoming_l1,role_shuffled,local_gradient,51,1.8188007078766701,0.38190954773869346,1.561224292958724
flywire_783_mb_left_kc512_s701,743,incoming_l1,role_shuffled,local_gradient,52,1.84071015159382,0.3869346733668342,1.561224292958724
flywire_783_mb_left_kc512_s701,743,incoming_l1,role_shuffled,local_gradient,53,1.8618077774696093,0.3768844221105528,1.561224292958724
flywire_783_mb_left_kc512_s701,743,incoming_l1,role_shuffled,local_gradient,54,1.8815145790940686,0.3768844221105528,1.561224292958724
flywire_783_mb_left_kc512_s701,743,incoming_l1,role_shuffled,local_gradient,55,1.9000492658457233,0.37185929648241206,1.561224292958724
flywire_783_mb_left_kc512_s701,743,incoming_l1,role_shuffled,local_gradient,56,1.918329451978659,0.37185929648241206,1.561224292958724
flywire_783_mb_left_kc512_s701,743,incoming_l1,role_shuffled,local_gradient,57,1.9374197275307772,0.37185929648241206,1.561224292958724
flywire_783_mb_left_kc512_s701,743,incoming_l1,role_shuffled,local_gradient,58,1.9579001814157382,0.36683417085427134,1.561224292958724
flywire_783_mb_left_kc512_s701,743,incoming_l1,role_shuffled,local_gradient,59,1.979673701582009,0.35175879396984927,1.561224292958724
flywire_783_mb_left_kc512_s701,743,incoming_l1,role_shuffled,local_gradient,60,2.0023003942466913,0.35175879396984927,1.561224292958724
flywire_783_mb_left_kc512_s701,743,incoming_l1,role_shuffled,local_gradient,61,2.0255457816663562,0.33668341708542715,1.561224292958724
flywire_783_mb_left_kc512_s701,743,incoming_l1,role_shuffled,local_gradient,62,2.0497478679916554,0.33668341708542715,1.561224292958724
flywire_783_mb_left_kc512_s701,743,incoming_l1,role_shuffled,local_gradient,63,2.075797248308265,0.33668341708542715,1.561224292958724
flywire_783_mb_left_kc512_s701,743,incoming_l1,role_shuffled,local_gradient,64,2.1047301206418716,0.3417085427135678,1.561224292958724
flywire_783_mb_left_kc512_s701,743,incoming_l1,role_shuffled,local_gradient,65,2.1371841945443903,0.3417085427135678,1.561224292958724
flywire_783_mb_left_kc512_s701,743,incoming_l1,role_shuffled,local_gradient,66,2.1730913793101534,0.33668341708542715,1.561224292958724
flywire_783_mb_left_kc512_s701,743,incoming_l1,role_shuffled,local_gradient,67,2.2116466982287166,0.3316582914572864,1.561224292958724
flywire_783_mb_left_kc512_s701,743,incoming_l1,role_shuffled,local_gradient,68,2.251417395663637,0.31155778894472363,1.561224292958724
flywire_783_mb_left_kc512_s701,743,incoming_l1,role_shuffled,local_gradient,69,2.2907282277093137,0.3065326633165829,1.561224292958724
flywire_783_mb_left_kc512_s701,743,incoming_l1,role_shuffled,local_gradient,70,2.328304222073726,0.3015075376884422,1.561224292958724
flywire_783_mb_left_kc512_s701,743,incoming_l1,role_shuffled,local_gradient,71,2.3637200233854414,0.3015075376884422,1.561224292958724
flywire_783_mb_left_kc512_s701,743,incoming_l1,role_shuffled,local_gradient,72,2.397366403603519,0.3015075376884422,1.561224292958724
flywire_783_mb_left_kc512_s701,743,incoming_l1,role_shuffled,local_gradient,73,2.430106324836128,0.3015075376884422,1.561224292958724
flywire_783_mb_left_kc512_s701,743,incoming_l1,role_shuffled,local_gradient,74,2.4628620671283086,0.2964824120603015,1.561224292958724
flywire_783_mb_left_kc512_s701,743,incoming_l1,role_shuffled,local_gradient,75,2.4962476349851332,0.2864321608040201,1.561224292958724
flywire_783_mb_left_kc512_s701,743,incoming_l1,role_shuffled,local_gradient,76,2.5304317471395064,0.271356783919598,1.561224292958724
flywire_783_mb_left_kc512_s701,743,incoming_l1,role_shuffled,local_gradient,77,2.56538090610489,0.2613065326633166,1.561224292958724
flywire_783_mb_left_kc512_s701,743,incoming_l1,role_shuffled,local_gradient,78,2.6012909021389827,0.2613065326633166,1.561224292958724
flywire_783_mb_left_kc512_s701,743,incoming_l1,role_shuffled,local_gradient,79,2.6388155415233676,0.2613065326633166,1.561224292958724
flywire_783_mb_left_kc512_s701,743,incoming_l1,role_shuffled,local_gradient,80,2.6788999983245425,0.2613065326633166,1.561224292958724
flywire_783_mb_left_kc512_s701,743,incoming_l1,role_shuffled,local_gradient,81,2.722366313597148,0.271356783919598,1.561224292958724
flywire_783_mb_left_kc512_s701,743,incoming_l1,role_shuffled,local_gradient,82,2.769555911989093,0.2663316582914573,1.561224292958724
flywire_783_mb_left_kc512_s701,743,incoming_l1,role_shuffled,local_gradient,83,2.8202078561503323,0.2663316582914573,1.561224292958724
flywire_783_mb_left_kc512_s701,743,incoming_l1,role_shuffled,local_gradient,84,2.873542260843598,0.2663316582914573,1.561224292958724
flywire_783_mb_left_kc512_s701,743,incoming_l1,role_shuffled,local_gradient,85,2.928476979967905,0.2613065326633166,1.561224292958724
flywire_783_mb_left_kc512_s701,743,incoming_l1,role_shuffled,local_gradient,86,2.9839404403452705,0.2663316582914573,1.561224292958724
flywire_783_mb_left_kc512_s701,743,incoming_l1,role_shuffled,local_gradient,87,3.0391703220307256,0.27638190954773867,1.561224292958724
flywire_783_mb_left_kc512_s701,743,incoming_l1,role_shuffled,local_gradient,88,3.0938296239153753,0.27638190954773867,1.561224292958724
flywire_783_mb_left_kc512_s701,743,incoming_l1,role_shuffled,local_gradient,89,3.1479151039774536,0.2613065326633166,1.561224292958724
flywire_783_mb_left_kc512_s701,743,incoming_l1,role_shuffled,local_gradient,90,3.2015998182336074,0.2613065326633166,1.561224292958724
flywire_783_mb_left_kc512_s701,743,incoming_l1,role_shuffled,local_gradient,91,3.255107037909617,0.2613065326633166,1.561224292958724
flywire_783_mb_left_kc512_s701,743,incoming_l1,role_shuffled,local_gradient,92,3.308621630912891,0.25125628140703515,1.561224292958724
flywire_783_mb_left_kc512_s701,743,incoming_l1,role_shuffled,local_gradient,93,3.362275775254127,0.25125628140703515,1.561224292958724
flywire_783_mb_left_kc512_s701,743,incoming_l1,role_shuffled,local_gradient,94,3.4162460740336993,0.2562814070351759,1.561224292958724
flywire_783_mb_left_kc512_s701,743,incoming_l1,role_shuffled,local_gradient,95,3.4708759685826576,0.24623115577889448,1.561224292958724
flywire_783_mb_left_kc512_s701,743,incoming_l1,role_shuffled,local_gradient,96,3.5266753924619327,0.24120603015075376,1.561224292958724
flywire_783_mb_left_kc512_s701,743,incoming_l1,role_shuffled,local_gradient,97,3.584172894465394,0.24623115577889448,1.561224292958724
flywire_783_mb_left_kc512_s701,743,incoming_l1,role_shuffled,local_gradient,98,3.6437429697594803,0.25125628140703515,1.561224292958724
flywire_783_mb_left_kc512_s701,743,incoming_l1,role_shuffled,local_gradient,99,3.705524290195369,0.24623115577889448,1.561224292958724
flywire_783_mb_left_kc512_s701,743,incoming_l1,role_shuffled,local_gradient,100,3.769430544410776,0.25125628140703515,1.561224292958724
flywire_783_mb_left_kc512_s701,743,incoming_l1,role_shuffled,permuted_bptt,0,3.404702432434892,0.10552763819095477,3.404702432434892
flywire_783_mb_left_kc512_s701,743,incoming_l1,role_shuffled,permuted_bptt,1,3.2240867784771017,0.1407035175879397,3.2240867784771017
flywire_783_mb_left_kc512_s701,743,incoming_l1,role_shuffled,permuted_bptt,2,3.1323639141639363,0.15577889447236182,3.1323639141639363
flywire_783_mb_left_kc512_s701,743,incoming_l1,role_shuffled,permuted_bptt,3,3.0514441804812806,0.1658291457286432,3.0514441804812806
flywire_783_mb_left_kc512_s701,743,incoming_l1,role_shuffled,permuted_bptt,4,2.9961112553693896,0.17587939698492464,2.9961112553693896
flywire_783_mb_left_kc512_s701,743,incoming_l1,role_shuffled,permuted_bptt,5,2.953233568458175,0.18592964824120603,2.953233568458175
flywire_783_mb_left_kc512_s701,743,incoming_l1,role_shuffled,permuted_bptt,6,2.9134246368908134,0.19095477386934673,2.9134246368908134
flywire_783_mb_left_kc512_s701,743,incoming_l1,role_shuffled,permuted_bptt,7,2.876066958434976,0.23115577889447236,2.876066958434976
flywire_783_mb_left_kc512_s701,743,incoming_l1,role_shuffled,permuted_bptt,8,2.8412260493444137,0.22613065326633167,2.8412260493444137
flywire_783_mb_left_kc512_s701,743,incoming_l1,role_shuffled,permuted_bptt,9,2.8099437747404754,0.21608040201005024,2.8099437747404754
flywire_783_mb_left_kc512_s701,743,incoming_l1,role_shuffled,permuted_bptt,10,2.780018933371916,0.22110552763819097,2.780018933371916
flywire_783_mb_left_kc512_s701,743,incoming_l1,role_shuffled,permuted_bptt,11,2.7485811318409565,0.23115577889447236,2.7485811318409565
flywire_783_mb_left_kc512_s701,743,incoming_l1,role_shuffled,permuted_bptt,12,2.718594587751417,0.23618090452261306,2.718594587751417
flywire_783_mb_left_kc512_s701,743,incoming_l1,role_shuffled,permuted_bptt,13,2.6934186523973374,0.22110552763819097,2.6934186523973374
flywire_783_mb_left_kc512_s701,743,incoming_l1,role_shuffled,permuted_bptt,14,2.669676013310358,0.21608040201005024,2.669676013310358
flywire_783_mb_left_kc512_s701,743,incoming_l1,role_shuffled,permuted_bptt,15,2.6448174264594426,0.21608040201005024,2.6448174264594426
flywire_783_mb_left_kc512_s701,743,incoming_l1,role_shuffled,permuted_bptt,16,2.622280542780914,0.21105527638190955,2.622280542780914
flywire_783_mb_left_kc512_s701,743,incoming_l1,role_shuffled,permuted_bptt,17,2.603712167755273,0.20603015075376885,2.603712167755273
flywire_783_mb_left_kc512_s701,743,incoming_l1,role_shuffled,permuted_bptt,18,2.5856536567114277,0.22110552763819097,2.5856536567114277
flywire_783_mb_left_kc512_s701,743,incoming_l1,role_shuffled,permuted_bptt,19,2.5668808983005262,0.22613065326633167,2.5668808983005262
flywire_783_mb_left_kc512_s701,743,incoming_l1,role_shuffled,permuted_bptt,20,2.549526554509689,0.23115577889447236,2.549526554509689
flywire_783_mb_left_kc512_s701,743,incoming_l1,role_shuffled,permuted_bptt,21,2.534306968702847,0.23115577889447236,2.534306968702847
flywire_783_mb_left_kc512_s701,743,incoming_l1,role_shuffled,permuted_bptt,22,2.519895449431296,0.22613065326633167,2.519895449431296
flywire_783_mb_left_kc512_s701,743,incoming_l1,role_shuffled,permuted_bptt,23,2.5056927625915177,0.23115577889447236,2.5056927625915177
flywire_783_mb_left_kc512_s701,743,incoming_l1,role_shuffled,permuted_bptt,24,2.492613739116088,0.23618090452261306,2.492613739116088
flywire_783_mb_left_kc512_s701,743,incoming_l1,role_shuffled,permuted_bptt,25,2.4808610220732,0.25125628140703515,2.4808610220732
flywire_783_mb_left_kc512_s701,743,incoming_l1,role_shuffled,permuted_bptt,26,2.4694791382526304,0.24120603015075376,2.4694791382526304
flywire_783_mb_left_kc512_s701,743,incoming_l1,role_shuffled,permuted_bptt,27,2.4581509138133755,0.24120603015075376,2.4581509138133755
flywire_783_mb_left_kc512_s701,743,incoming_l1,role_shuffled,permuted_bptt,28,2.4471477971785243,0.24623115577889448,2.4471477971785243
flywire_783_mb_left_kc512_s701,743,incoming_l1,role_shuffled,permuted_bptt,29,2.43683412766702,0.24120603015075376,2.43683412766702
flywire_783_mb_left_kc512_s701,743,incoming_l1,role_shuffled,permuted_bptt,30,2.4271008650807686,0.23618090452261306,2.4271008650807686
flywire_783_mb_left_kc512_s701,743,incoming_l1,role_shuffled,permuted_bptt,31,2.4172950174551096,0.25125628140703515,2.4172950174551096
flywire_783_mb_left_kc512_s701,743,incoming_l1,role_shuffled,permuted_bptt,32,2.4076069675344924,0.2562814070351759,2.4076069675344924
flywire_783_mb_left_kc512_s701,743,incoming_l1,role_shuffled,permuted_bptt,33,2.398607988367114,0.2562814070351759,2.398607988367114
flywire_783_mb_left_kc512_s701,743,incoming_l1,role_shuffled,permuted_bptt,34,2.3899022020719554,0.2562814070351759,2.3899022020719554
flywire_783_mb_left_kc512_s701,743,incoming_l1,role_shuffled,permuted_bptt,35,2.3810959514631858,0.25125628140703515,2.3810959514631858
flywire_783_mb_left_kc512_s701,743,incoming_l1,role_shuffled,permuted_bptt,36,2.3726899505360772,0.24623115577889448,2.3726899505360772
flywire_783_mb_left_kc512_s701,743,incoming_l1,role_shuffled,permuted_bptt,37,2.365011023684723,0.24120603015075376,2.365011023684723
flywire_783_mb_left_kc512_s701,743,incoming_l1,role_shuffled,permuted_bptt,38,2.357550630425591,0.24120603015075376,2.357550630425591
flywire_783_mb_left_kc512_s701,743,incoming_l1,role_shuffled,permuted_bptt,39,2.3501405327884863,0.24120603015075376,2.3501405327884863
flywire_783_mb_left_kc512_s701,743,incoming_l1,role_shuffled,permuted_bptt,40,2.3431083631309386,0.24120603015075376,2.3431083631309386
flywire_783_mb_left_kc512_s701,743,incoming_l1,role_shuffled,permuted_bptt,41,2.336364010305239,0.25125628140703515,2.336364010305239
flywire_783_mb_left_kc512_s701,743,incoming_l1,role_shuffled,permuted_bptt,42,2.329732550994544,0.25125628140703515,2.329732550994544
flywire_783_mb_left_kc512_s701,743,incoming_l1,role_shuffled,permuted_bptt,43,2.3232758340178576,0.2613065326633166,2.3232758340178576
flywire_783_mb_left_kc512_s701,743,incoming_l1,role_shuffled,permuted_bptt,44,2.31706359954275,0.2613065326633166,2.31706359954275
flywire_783_mb_left_kc512_s701,743,incoming_l1,role_shuffled,permuted_bptt,45,2.3110265412957345,0.2613065326633166,2.3110265412957345
flywire_783_mb_left_kc512_s701,743,incoming_l1,role_shuffled,permuted_bptt,46,2.305073691060547,0.2613065326633166,2.305073691060547
flywire_783_mb_left_kc512_s701,743,incoming_l1,role_shuffled,permuted_bptt,47,2.299288706641328,0.2613065326633166,2.299288706641328
flywire_783_mb_left_kc512_s701,743,incoming_l1,role_shuffled,permuted_bptt,48,2.293758514269562,0.24623115577889448,2.293758514269562
flywire_783_mb_left_kc512_s701,743,incoming_l1,role_shuffled,permuted_bptt,49,2.288412125173842,0.24623115577889448,2.288412125173842
flywire_783_mb_left_kc512_s701,743,incoming_l1,role_shuffled,permuted_bptt,50,2.2831753494765765,0.25125628140703515,2.2831753494765765
flywire_783_mb_left_kc512_s701,743,incoming_l1,role_shuffled,permuted_bptt,51,2.2781404663259432,0.2562814070351759,2.2781404663259432
flywire_783_mb_left_kc512_s701,743,incoming_l1,role_shuffled,permuted_bptt,52,2.273256557491207,0.2613065326633166,2.273256557491207
flywire_783_mb_left_kc512_s701,743,incoming_l1,role_shuffled,permuted_bptt,53,2.2684119647556296,0.2663316582914573,2.2684119647556296
flywire_783_mb_left_kc512_s701,743,incoming_l1,role_shuffled,permuted_bptt,54,2.2637081536006005,0.2663316582914573,2.2637081536006005
flywire_783_mb_left_kc512_s701,743,incoming_l1,role_shuffled,permuted_bptt,55,2.259171450397612,0.2663316582914573,2.259171450397612
flywire_783_mb_left_kc512_s701,743,incoming_l1,role_shuffled,permuted_bptt,56,2.2547184881893223,0.2663316582914573,2.2547184881893223
flywire_783_mb_left_kc512_s701,743,incoming_l1,role_shuffled,permuted_bptt,57,2.2503669271230105,0.2663316582914573,2.2503669271230105
flywire_783_mb_left_kc512_s701,743,incoming_l1,role_shuffled,permuted_bptt,58,2.246140656800636,0.2613065326633166,2.246140656800636
flywire_783_mb_left_kc512_s701,743,incoming_l1,role_shuffled,permuted_bptt,59,2.2419777574070543,0.2613065326633166,2.2419777574070543
flywire_783_mb_left_kc512_s701,743,incoming_l1,role_shuffled,permuted_bptt,60,2.2378920059098206,0.2663316582914573,2.2378920059098206
flywire_783_mb_left_kc512_s701,743,incoming_l1,role_shuffled,permuted_bptt,61,2.2339139369488588,0.2562814070351759,2.2339139369488588
flywire_783_mb_left_kc512_s701,743,incoming_l1,role_shuffled,permuted_bptt,62,2.2300252152980473,0.2562814070351759,2.2300252152980473
flywire_783_mb_left_kc512_s701,743,incoming_l1,role_shuffled,permuted_bptt,63,2.2261983741411275,0.2562814070351759,2.2261983741411275
flywire_783_mb_left_kc512_s701,743,incoming_l1,role_shuffled,permuted_bptt,64,2.2224513823218666,0.2562814070351759,2.2224513823218666
flywire_783_mb_left_kc512_s701,743,incoming_l1,role_shuffled,permuted_bptt,65,2.2187977770443923,0.2562814070351759,2.2187977770443923
flywire_783_mb_left_kc512_s701,743,incoming_l1,role_shuffled,permuted_bptt,66,2.215208064738175,0.25125628140703515,2.215208064738175
flywire_783_mb_left_kc512_s701,743,incoming_l1,role_shuffled,permuted_bptt,67,2.2116835323198614,0.2562814070351759,2.2116835323198614
flywire_783_mb_left_kc512_s701,743,incoming_l1,role_shuffled,permuted_bptt,68,2.2082441802734416,0.25125628140703515,2.2082441802734416
flywire_783_mb_left_kc512_s701,743,incoming_l1,role_shuffled,permuted_bptt,69,2.2048576719073387,0.25125628140703515,2.2048576719073387
flywire_783_mb_left_kc512_s701,743,incoming_l1,role_shuffled,permuted_bptt,70,2.2015207246403756,0.25125628140703515,2.2015207246403756
flywire_783_mb_left_kc512_s701,743,incoming_l1,role_shuffled,permuted_bptt,71,2.198258791642007,0.25125628140703515,2.198258791642007
flywire_783_mb_left_kc512_s701,743,incoming_l1,role_shuffled,permuted_bptt,72,2.1950546598592595,0.25125628140703515,2.1950546598592595
flywire_783_mb_left_kc512_s701,743,incoming_l1,role_shuffled,permuted_bptt,73,2.191905924242075,0.25125628140703515,2.191905924242075
flywire_783_mb_left_kc512_s701,743,incoming_l1,role_shuffled,permuted_bptt,74,2.188823531419139,0.25125628140703515,2.188823531419139
flywire_783_mb_left_kc512_s701,743,incoming_l1,role_shuffled,permuted_bptt,75,2.185793921669609,0.25125628140703515,2.185793921669609
flywire_783_mb_left_kc512_s701,743,incoming_l1,role_shuffled,permuted_bptt,76,2.1828149712306906,0.25125628140703515,2.1828149712306906
flywire_783_mb_left_kc512_s701,743,incoming_l1,role_shuffled,permuted_bptt,77,2.179894819294522,0.25125628140703515,2.179894819294522
flywire_783_mb_left_kc512_s701,743,incoming_l1,role_shuffled,permuted_bptt,78,2.177028279062822,0.25125628140703515,2.177028279062822
flywire_783_mb_left_kc512_s701,743,incoming_l1,role_shuffled,permuted_bptt,79,2.174208834963395,0.25125628140703515,2.174208834963395
flywire_783_mb_left_kc512_s701,743,incoming_l1,role_shuffled,permuted_bptt,80,2.171439605465252,0.25125628140703515,2.171439605465252
flywire_783_mb_left_kc512_s701,743,incoming_l1,role_shuffled,permuted_bptt,81,2.168720403724539,0.2613065326633166,2.168720403724539
flywire_783_mb_left_kc512_s701,743,incoming_l1,role_shuffled,permuted_bptt,82,2.166047212328472,0.2613065326633166,2.166047212328472
flywire_783_mb_left_kc512_s701,743,incoming_l1,role_shuffled,permuted_bptt,83,2.163423971755031,0.2562814070351759,2.163423971755031
flywire_783_mb_left_kc512_s701,743,incoming_l1,role_shuffled,permuted_bptt,84,2.160848694138576,0.2562814070351759,2.160848694138576
flywire_783_mb_left_kc512_s701,743,incoming_l1,role_shuffled,permuted_bptt,85,2.1583144020641116,0.2613065326633166,2.1583144020641116
flywire_783_mb_left_kc512_s701,743,incoming_l1,role_shuffled,permuted_bptt,86,2.1558251608383534,0.2613065326633166,2.1558251608383534
flywire_783_mb_left_kc512_s701,743,incoming_l1,role_shuffled,permuted_bptt,87,2.153377432336132,0.271356783919598,2.153377432336132
flywire_783_mb_left_kc512_s701,743,incoming_l1,role_shuffled,permuted_bptt,88,2.1509690255343386,0.271356783919598,2.1509690255343386
flywire_783_mb_left_kc512_s701,743,incoming_l1,role_shuffled,permuted_bptt,89,2.1486034830449063,0.27638190954773867,2.1486034830449063
flywire_783_mb_left_kc512_s701,743,incoming_l1,role_shuffled,permuted_bptt,90,2.1462766927115604,0.27638190954773867,2.1462766927115604
flywire_783_mb_left_kc512_s701,743,incoming_l1,role_shuffled,permuted_bptt,91,2.143986454250365,0.2814070351758794,2.143986454250365
flywire_783_mb_left_kc512_s701,743,incoming_l1,role_shuffled,permuted_bptt,92,2.1417343632186943,0.2814070351758794,2.1417343632186943
flywire_783_mb_left_kc512_s701,743,incoming_l1,role_shuffled,permuted_bptt,93,2.1395178931646575,0.2814070351758794,2.1395178931646575
flywire_783_mb_left_kc512_s701,743,incoming_l1,role_shuffled,permuted_bptt,94,2.137335999904857,0.2914572864321608,2.137335999904857
flywire_783_mb_left_kc512_s701,743,incoming_l1,role_shuffled,permuted_bptt,95,2.135189099616479,0.2914572864321608,2.135189099616479
flywire_783_mb_left_kc512_s701,743,incoming_l1,role_shuffled,permuted_bptt,96,2.133075372894251,0.2964824120603015,2.133075372894251
flywire_783_mb_left_kc512_s701,743,incoming_l1,role_shuffled,permuted_bptt,97,2.13099360537443,0.2964824120603015,2.13099360537443
flywire_783_mb_left_kc512_s701,743,incoming_l1,role_shuffled,permuted_bptt,98,2.1289441844547707,0.2964824120603015,2.1289441844547707
flywire_783_mb_left_kc512_s701,743,incoming_l1,role_shuffled,permuted_bptt,99,2.1269252668820546,0.2964824120603015,2.1269252668820546
flywire_783_mb_left_kc512_s701,743,incoming_l1,role_shuffled,permuted_bptt,100,2.1249357539776748,0.2964824120603015,2.1249357539776748
flywire_783_mb_left_kc512_s701,744,spectral,fly,frozen,0,1.6891873432638356,0.38190954773869346,1.6891873432638356
flywire_783_mb_left_kc512_s701,744,spectral,fly,full_bptt,0,1.6891873432638356,0.38190954773869346,1.6891873432638356
flywire_783_mb_left_kc512_s701,744,spectral,fly,full_bptt,1,1.7208112711082333,0.38190954773869346,1.6891873432638356
flywire_783_mb_left_kc512_s701,744,spectral,fly,full_bptt,2,1.704480529822962,0.38190954773869346,1.6891873432638356
flywire_783_mb_left_kc512_s701,744,spectral,fly,full_bptt,3,1.7015083477303115,0.39195979899497485,1.6891873432638356
flywire_783_mb_left_kc512_s701,744,spectral,fly,full_bptt,4,1.6918404242210494,0.39195979899497485,1.6891873432638356
flywire_783_mb_left_kc512_s701,744,spectral,fly,full_bptt,5,1.6925186072900678,0.36683417085427134,1.6891873432638356
flywire_783_mb_left_kc512_s701,744,spectral,fly,full_bptt,6,1.6932237014714948,0.37185929648241206,1.6891873432638356
flywire_783_mb_left_kc512_s701,744,spectral,fly,full_bptt,7,1.6896100890797539,0.37185929648241206,1.6891873432638356
flywire_783_mb_left_kc512_s701,744,spectral,fly,full_bptt,8,1.6859511773198772,0.3869346733668342,1.6859511773198772
flywire_783_mb_left_kc512_s701,744,spectral,fly,full_bptt,9,1.685429903301321,0.40703517587939697,1.685429903301321
flywire_783_mb_left_kc512_s701,744,spectral,fly,full_bptt,10,1.6858226912468663,0.40703517587939697,1.685429903301321
flywire_783_mb_left_kc512_s701,744,spectral,fly,full_bptt,11,1.6847121783164758,0.40703517587939697,1.6847121783164758
flywire_783_mb_left_kc512_s701,744,spectral,fly,full_bptt,12,1.6817399925087828,0.40703517587939697,1.6817399925087828
flywire_783_mb_left_kc512_s701,744,spectral,fly,full_bptt,13,1.680124392136375,0.3869346733668342,1.680124392136375
flywire_783_mb_left_kc512_s701,744,spectral,fly,full_bptt,14,1.68148774442541,0.3768844221105528,1.680124392136375
flywire_783_mb_left_kc512_s701,744,spectral,fly,full_bptt,15,1.6820586133348763,0.3768844221105528,1.680124392136375
flywire_783_mb_left_kc512_s701,744,spectral,fly,full_bptt,16,1.6797142596492443,0.39195979899497485,1.6797142596492443
flywire_783_mb_left_kc512_s701,744,spectral,fly,full_bptt,17,1.6776241536591951,0.3969849246231156,1.6776241536591951
flywire_783_mb_left_kc512_s701,744,spectral,fly,full_bptt,18,1.678079077001291,0.40703517587939697,1.6776241536591951
flywire_783_mb_left_kc512_s701,744,spectral,fly,full_bptt,19,1.6786868002691289,0.4020100502512563,1.6776241536591951
flywire_783_mb_left_kc512_s701,744,spectral,fly,full_bptt,20,1.6773601051961824,0.4120603015075377,1.6773601051961824
flywire_783_mb_left_kc512_s701,744,spectral,fly,full_bptt,21,1.675925718054142,0.38190954773869346,1.675925718054142
flywire_783_mb_left_kc512_s701,744,spectral,fly,full_bptt,22,1.6759888301433092,0.38190954773869346,1.675925718054142
flywire_783_mb_left_kc512_s701,744,spectral,fly,full_bptt,23,1.6762563546921578,0.3768844221105528,1.675925718054142
flywire_783_mb_left_kc512_s701,744,spectral,fly,full_bptt,24,1.6755429616779538,0.3768844221105528,1.6755429616779538
flywire_783_mb_left_kc512_s701,744,spectral,fly,full_bptt,25,1.6745418371937764,0.3768844221105528,1.6745418371937764
flywire_783_mb_left_kc512_s701,744,spectral,fly,full_bptt,26,1.6741377904180093,0.3969849246231156,1.6741377904180093
flywire_783_mb_left_kc512_s701,744,spectral,fly,full_bptt,27,1.67421650877873,0.3969849246231156,1.6741377904180093
flywire_783_mb_left_kc512_s701,744,spectral,fly,full_bptt,28,1.674115738230101,0.4020100502512563,1.674115738230101
flywire_783_mb_left_kc512_s701,744,spectral,fly,full_bptt,29,1.6734304608629706,0.4120603015075377,1.6734304608629706
flywire_783_mb_left_kc512_s701,744,spectral,fly,full_bptt,30,1.6726568079608273,0.3969849246231156,1.6726568079608273
flywire_783_mb_left_kc512_s701,744,spectral,fly,full_bptt,31,1.672509763332829,0.39195979899497485,1.672509763332829
flywire_783_mb_left_kc512_s701,744,spectral,fly,full_bptt,32,1.6725697511469655,0.3869346733668342,1.672509763332829
flywire_783_mb_left_kc512_s701,744,spectral,fly,full_bptt,33,1.6721367868673829,0.3768844221105528,1.6721367868673829
flywire_783_mb_left_kc512_s701,744,spectral,fly,full_bptt,34,1.6715842174344226,0.3869346733668342,1.6715842174344226
flywire_783_mb_left_kc512_s701,744,spectral,fly,full_bptt,35,1.6714071567658948,0.3969849246231156,1.6714071567658948
flywire_783_mb_left_kc512_s701,744,spectral,fly,full_bptt,36,1.6712712398784262,0.3969849246231156,1.6712712398784262
flywire_783_mb_left_kc512_s701,744,spectral,fly,full_bptt,37,1.6709067809356446,0.3969849246231156,1.6709067809356446
flywire_783_mb_left_kc512_s701,744,spectral,fly,full_bptt,38,1.6705663536999302,0.39195979899497485,1.6705663536999302
flywire_783_mb_left_kc512_s701,744,spectral,fly,full_bptt,39,1.6703457249747964,0.38190954773869346,1.6703457249747964
flywire_783_mb_left_kc512_s701,744,spectral,fly,full_bptt,40,1.6701025608749438,0.38190954773869346,1.6701025608749438
flywire_783_mb_left_kc512_s701,744,spectral,fly,full_bptt,41,1.6698397240258374,0.4020100502512563,1.6698397240258374
flywire_783_mb_left_kc512_s701,744,spectral,fly,full_bptt,42,1.6696069994674052,0.4020100502512563,1.6696069994674052
flywire_783_mb_left_kc512_s701,744,spectral,fly,full_bptt,43,1.6693928327271397,0.4020100502512563,1.6693928327271397
flywire_783_mb_left_kc512_s701,744,spectral,fly,full_bptt,44,1.6691782793789842,0.3969849246231156,1.6691782793789842
flywire_783_mb_left_kc512_s701,744,spectral,fly,full_bptt,45,1.6689105990444009,0.39195979899497485,1.6689105990444009
flywire_783_mb_left_kc512_s701,744,spectral,fly,full_bptt,46,1.6686519521996486,0.4020100502512563,1.6686519521996486
flywire_783_mb_left_kc512_s701,744,spectral,fly,full_bptt,47,1.6684881270843908,0.39195979899497485,1.6684881270843908
flywire_783_mb_left_kc512_s701,744,spectral,fly,full_bptt,48,1.6683005617390738,0.3969849246231156,1.6683005617390738
flywire_783_mb_left_kc512_s701,744,spectral,fly,full_bptt,49,1.6680437582389538,0.3969849246231156,1.6680437582389538
flywire_783_mb_left_kc512_s701,744,spectral,fly,full_bptt,50,1.6678457501517576,0.3969849246231156,1.6678457501517576
flywire_783_mb_left_kc512_s701,744,spectral,fly,full_bptt,51,1.6676807856527052,0.3969849246231156,1.6676807856527052
flywire_783_mb_left_kc512_s701,744,spectral,fly,full_bptt,52,1.667460753589703,0.3969849246231156,1.667460753589703
flywire_783_mb_left_kc512_s701,744,spectral,fly,full_bptt,53,1.6672479113033807,0.39195979899497485,1.6672479113033807
flywire_783_mb_left_kc512_s701,744,spectral,fly,full_bptt,54,1.6670736627050633,0.3969849246231156,1.6670736627050633
flywire_783_mb_left_kc512_s701,744,spectral,fly,full_bptt,55,1.6668946604167643,0.3969849246231156,1.6668946604167643
flywire_783_mb_left_kc512_s701,744,spectral,fly,full_bptt,56,1.666704861377084,0.3969849246231156,1.666704861377084
flywire_783_mb_left_kc512_s701,744,spectral,fly,full_bptt,57,1.666515044783302,0.4020100502512563,1.666515044783302
flywire_783_mb_left_kc512_s701,744,spectral,fly,full_bptt,58,1.666339925898928,0.3969849246231156,1.666339925898928
flywire_783_mb_left_kc512_s701,744,spectral,fly,full_bptt,59,1.6661720908708897,0.39195979899497485,1.6661720908708897
flywire_783_mb_left_kc512_s701,744,spectral,fly,full_bptt,60,1.6659860937959277,0.3969849246231156,1.6659860937959277
flywire_783_mb_left_kc512_s701,744,spectral,fly,full_bptt,61,1.665807973723503,0.3969849246231156,1.665807973723503
flywire_783_mb_left_kc512_s701,744,spectral,fly,full_bptt,62,1.6656499062316878,0.39195979899497485,1.6656499062316878
flywire_783_mb_left_kc512_s701,744,spectral,fly,full_bptt,63,1.6654811315214961,0.3969849246231156,1.6654811315214961
flywire_783_mb_left_kc512_s701,744,spectral,fly,full_bptt,64,1.665312456925626,0.40703517587939697,1.665312456925626
flywire_783_mb_left_kc512_s701,744,spectral,fly,full_bptt,65,1.6651518636920561,0.4020100502512563,1.6651518636920561
flywire_783_mb_left_kc512_s701,744,spectral,fly,full_bptt,66,1.6649863846441701,0.3969849246231156,1.6649863846441701
flywire_783_mb_left_kc512_s701,744,spectral,fly,full_bptt,67,1.664828891315477,0.3969849246231156,1.664828891315477
flywire_783_mb_left_kc512_s701,744,spectral,fly,full_bptt,68,1.664676760823815,0.3969849246231156,1.664676760823815
flywire_783_mb_left_kc512_s701,744,spectral,fly,full_bptt,69,1.6645195104788566,0.4020100502512563,1.6645195104788566
flywire_783_mb_left_kc512_s701,744,spectral,fly,full_bptt,70,1.6643653749684018,0.4020100502512563,1.6643653749684018
flywire_783_mb_left_kc512_s701,744,spectral,fly,full_bptt,71,1.6642151321805827,0.3969849246231156,1.6642151321805827
flywire_783_mb_left_kc512_s701,744,spectral,fly,full_bptt,72,1.6640674376809865,0.3969849246231156,1.6640674376809865
flywire_783_mb_left_kc512_s701,744,spectral,fly,full_bptt,73,1.6639199132923888,0.3969849246231156,1.6639199132923888
flywire_783_mb_left_kc512_s701,744,spectral,fly,full_bptt,74,1.6637720841497463,0.3969849246231156,1.6637720841497463
flywire_783_mb_left_kc512_s701,744,spectral,fly,full_bptt,75,1.6636307722114905,0.3969849246231156,1.6636307722114905
flywire_783_mb_left_kc512_s701,744,spectral,fly,full_bptt,76,1.6634898561261902,0.39195979899497485,1.6634898561261902
flywire_783_mb_left_kc512_s701,744,spectral,fly,full_bptt,77,1.663347459531765,0.39195979899497485,1.663347459531765
flywire_783_mb_left_kc512_s701,744,spectral,fly,full_bptt,78,1.6632093715521625,0.3969849246231156,1.6632093715521625
flywire_783_mb_left_kc512_s701,744,spectral,fly,full_bptt,79,1.663071391906418,0.3969849246231156,1.663071391906418
flywire_783_mb_left_kc512_s701,744,spectral,fly,full_bptt,80,1.6629358723732084,0.3969849246231156,1.6629358723732084
flywire_783_mb_left_kc512_s701,744,spectral,fly,full_bptt,81,1.6628040257958387,0.3969849246231156,1.6628040257958387
flywire_783_mb_left_kc512_s701,744,spectral,fly,full_bptt,82,1.6626704991150587,0.3969849246231156,1.6626704991150587
flywire_783_mb_left_kc512_s701,744,spectral,fly,full_bptt,83,1.662538369472367,0.4020100502512563,1.662538369472367
flywire_783_mb_left_kc512_s701,744,spectral,fly,full_bptt,84,1.6624096412978915,0.4020100502512563,1.6624096412978915
flywire_783_mb_left_kc512_s701,744,spectral,fly,full_bptt,85,1.6622822063792129,0.4020100502512563,1.6622822063792129
flywire_783_mb_left_kc512_s701,744,spectral,fly,full_bptt,86,1.6621546917425525,0.4020100502512563,1.6621546917425525
flywire_783_mb_left_kc512_s701,744,spectral,fly,full_bptt,87,1.662028814772608,0.4020100502512563,1.662028814772608
flywire_783_mb_left_kc512_s701,744,spectral,fly,full_bptt,88,1.661906009203434,0.40703517587939697,1.661906009203434
flywire_783_mb_left_kc512_s701,744,spectral,fly,full_bptt,89,1.661782696691523,0.40703517587939697,1.661782696691523
flywire_783_mb_left_kc512_s701,744,spectral,fly,full_bptt,90,1.6616605401067233,0.40703517587939697,1.6616605401067233
flywire_783_mb_left_kc512_s701,744,spectral,fly,full_bptt,91,1.6615413147011302,0.40703517587939697,1.6615413147011302
flywire_783_mb_left_kc512_s701,744,spectral,fly,full_bptt,92,1.6614217848468604,0.40703517587939697,1.6614217848468604
flywire_783_mb_left_kc512_s701,744,spectral,fly,full_bptt,93,1.6613035017564224,0.40703517587939697,1.6613035017564224
flywire_783_mb_left_kc512_s701,744,spectral,fly,full_bptt,94,1.6611874594974083,0.40703517587939697,1.6611874594974083
flywire_783_mb_left_kc512_s701,744,spectral,fly,full_bptt,95,1.6610718533120805,0.4020100502512563,1.6610718533120805
flywire_783_mb_left_kc512_s701,744,spectral,fly,full_bptt,96,1.6609569073682933,0.40703517587939697,1.6609569073682933
flywire_783_mb_left_kc512_s701,744,spectral,fly,full_bptt,97,1.6608437594305772,0.40703517587939697,1.6608437594305772
flywire_783_mb_left_kc512_s701,744,spectral,fly,full_bptt,98,1.6607319425609202,0.40703517587939697,1.6607319425609202
flywire_783_mb_left_kc512_s701,744,spectral,fly,full_bptt,99,1.6606203033957085,0.4020100502512563,1.6606203033957085
flywire_783_mb_left_kc512_s701,744,spectral,fly,full_bptt,100,1.660510134180048,0.4020100502512563,1.660510134180048
flywire_783_mb_left_kc512_s701,744,spectral,fly,local_gradient,0,1.6891873432638356,0.38190954773869346,1.6891873432638356
flywire_783_mb_left_kc512_s701,744,spectral,fly,local_gradient,1,1.7273493264789694,0.3869346733668342,1.6891873432638356
flywire_783_mb_left_kc512_s701,744,spectral,fly,local_gradient,2,1.7061742239965738,0.3768844221105528,1.6891873432638356
flywire_783_mb_left_kc512_s701,744,spectral,fly,local_gradient,3,1.7150583892276778,0.36683417085427134,1.6891873432638356
flywire_783_mb_left_kc512_s701,744,spectral,fly,local_gradient,4,1.7067641641536684,0.3869346733668342,1.6891873432638356
flywire_783_mb_left_kc512_s701,744,spectral,fly,local_gradient,5,1.6961284203455953,0.39195979899497485,1.6891873432638356
flywire_783_mb_left_kc512_s701,744,spectral,fly,local_gradient,6,1.6994844079155642,0.35175879396984927,1.6891873432638356
flywire_783_mb_left_kc512_s701,744,spectral,fly,local_gradient,7,1.7075836221648535,0.36683417085427134,1.6891873432638356
flywire_783_mb_left_kc512_s701,744,spectral,fly,local_gradient,8,1.7059683671240136,0.36180904522613067,1.6891873432638356
flywire_783_mb_left_kc512_s701,744,spectral,fly,local_gradient,9,1.7007357300438952,0.36683417085427134,1.6891873432638356
flywire_783_mb_left_kc512_s701,744,spectral,fly,local_gradient,10,1.700520412063106,0.39195979899497485,1.6891873432638356
flywire_783_mb_left_kc512_s701,744,spectral,fly,local_gradient,11,1.7043203290430362,0.3969849246231156,1.6891873432638356
flywire_783_mb_left_kc512_s701,744,spectral,fly,local_gradient,12,1.7063299290117042,0.40703517587939697,1.6891873432638356
flywire_783_mb_left_kc512_s701,744,spectral,fly,local_gradient,13,1.7049917093647824,0.3969849246231156,1.6891873432638356
flywire_783_mb_left_kc512_s701,744,spectral,fly,local_gradient,14,1.7030258678526824,0.3869346733668342,1.6891873432638356
flywire_783_mb_left_kc512_s701,744,spectral,fly,local_gradient,15,1.7028082816258476,0.3768844221105528,1.6891873432638356
flywire_783_mb_left_kc512_s701,744,spectral,fly,local_gradient,16,1.7036309767231483,0.36683417085427134,1.6891873432638356
flywire_783_mb_left_kc512_s701,744,spectral,fly,local_gradient,17,1.7036943354516327,0.36683417085427134,1.6891873432638356
flywire_783_mb_left_kc512_s701,744,spectral,fly,local_gradient,18,1.7029678654553997,0.37185929648241206,1.6891873432638356
flywire_783_mb_left_kc512_s701,744,spectral,fly,local_gradient,19,1.7025737897192925,0.37185929648241206,1.6891873432638356
flywire_783_mb_left_kc512_s701,744,spectral,fly,local_gradient,20,1.7028737742958509,0.38190954773869346,1.6891873432638356
flywire_783_mb_left_kc512_s701,744,spectral,fly,local_gradient,21,1.7033748108075744,0.39195979899497485,1.6891873432638356
flywire_783_mb_left_kc512_s701,744,spectral,fly,local_gradient,22,1.7038528934849189,0.3869346733668342,1.6891873432638356
flywire_783_mb_left_kc512_s701,744,spectral,fly,local_gradient,23,1.7047193550906,0.38190954773869346,1.6891873432638356
flywire_783_mb_left_kc512_s701,744,spectral,fly,local_gradient,24,1.7062219514042625,0.37185929648241206,1.6891873432638356
flywire_783_mb_left_kc512_s701,744,spectral,fly,local_gradient,25,1.7078061064495769,0.37185929648241206,1.6891873432638356
flywire_783_mb_left_kc512_s701,744,spectral,fly,local_gradient,26,1.7086904782470715,0.37185929648241206,1.6891873432638356
flywire_783_mb_left_kc512_s701,744,spectral,fly,local_gradient,27,1.7088122951938298,0.37185929648241206,1.6891873432638356
flywire_783_mb_left_kc512_s701,744,spectral,fly,local_gradient,28,1.708711142890437,0.36683417085427134,1.6891873432638356
flywire_783_mb_left_kc512_s701,744,spectral,fly,local_gradient,29,1.7087599705380419,0.3768844221105528,1.6891873432638356
flywire_783_mb_left_kc512_s701,744,spectral,fly,local_gradient,30,1.708973197875041,0.3869346733668342,1.6891873432638356
flywire_783_mb_left_kc512_s701,744,spectral,fly,local_gradient,31,1.709344718792256,0.3869346733668342,1.6891873432638356
flywire_783_mb_left_kc512_s701,744,spectral,fly,local_gradient,32,1.7099322105201762,0.38190954773869346,1.6891873432638356
flywire_783_mb_left_kc512_s701,744,spectral,fly,local_gradient,33,1.7106356369068776,0.3768844221105528,1.6891873432638356
flywire_783_mb_left_kc512_s701,744,spectral,fly,local_gradient,34,1.7111983830744302,0.37185929648241206,1.6891873432638356
flywire_783_mb_left_kc512_s701,744,spectral,fly,local_gradient,35,1.7115191339584312,0.3768844221105528,1.6891873432638356
flywire_783_mb_left_kc512_s701,744,spectral,fly,local_gradient,36,1.7117724649247785,0.38190954773869346,1.6891873432638356
flywire_783_mb_left_kc512_s701,744,spectral,fly,local_gradient,37,1.7120889810499058,0.38190954773869346,1.6891873432638356
flywire_783_mb_left_kc512_s701,744,spectral,fly,local_gradient,38,1.7123175684205336,0.38190954773869346,1.6891873432638356
flywire_783_mb_left_kc512_s701,744,spectral,fly,local_gradient,39,1.7122809945667614,0.3768844221105528,1.6891873432638356
flywire_783_mb_left_kc512_s701,744,spectral,fly,local_gradient,40,1.712084943591492,0.3768844221105528,1.6891873432638356
flywire_783_mb_left_kc512_s701,744,spectral,fly,local_gradient,41,1.7119826424991207,0.3768844221105528,1.6891873432638356
flywire_783_mb_left_kc512_s701,744,spectral,fly,local_gradient,42,1.712060457820293,0.3768844221105528,1.6891873432638356
flywire_783_mb_left_kc512_s701,744,spectral,fly,local_gradient,43,1.7122468248003573,0.37185929648241206,1.6891873432638356
flywire_783_mb_left_kc512_s701,744,spectral,fly,local_gradient,44,1.7125440048534093,0.3768844221105528,1.6891873432638356
flywire_783_mb_left_kc512_s701,744,spectral,fly,local_gradient,45,1.713048736642081,0.37185929648241206,1.6891873432638356
flywire_783_mb_left_kc512_s701,744,spectral,fly,local_gradient,46,1.7137816150373162,0.36683417085427134,1.6891873432638356
flywire_783_mb_left_kc512_s701,744,spectral,fly,local_gradient,47,1.7146606275468992,0.36180904522613067,1.6891873432638356
flywire_783_mb_left_kc512_s701,744,spectral,fly,local_gradient,48,1.7156053117702175,0.35678391959798994,1.6891873432638356
flywire_783_mb_left_kc512_s701,744,spectral,fly,local_gradient,49,1.716541275328781,0.35678391959798994,1.6891873432638356
flywire_783_mb_left_kc512_s701,744,spectral,fly,local_gradient,50,1.7173660108879538,0.34673366834170855,1.6891873432638356
flywire_783_mb_left_kc512_s701,744,spectral,fly,local_gradient,51,1.7180265682737603,0.34673366834170855,1.6891873432638356
flywire_783_mb_left_kc512_s701,744,spectral,fly,local_gradient,52,1.718578391394966,0.35175879396984927,1.6891873432638356
flywire_783_mb_left_kc512_s701,744,spectral,fly,local_gradient,53,1.7191023870287385,0.35678391959798994,1.6891873432638356
flywire_783_mb_left_kc512_s701,744,spectral,fly,local_gradient,54,1.7196294647819712,0.36683417085427134,1.6891873432638356
flywire_783_mb_left_kc512_s701,744,spectral,fly,local_gradient,55,1.7201889680130504,0.36683417085427134,1.6891873432638356
flywire_783_mb_left_kc512_s701,744,spectral,fly,local_gradient,56,1.720855706184283,0.36180904522613067,1.6891873432638356
flywire_783_mb_left_kc512_s701,744,spectral,fly,local_gradient,57,1.721685273420745,0.36683417085427134,1.6891873432638356
flywire_783_mb_left_kc512_s701,744,spectral,fly,local_gradient,58,1.7226494233355376,0.36180904522613067,1.6891873432638356
flywire_783_mb_left_kc512_s701,744,spectral,fly,local_gradient,59,1.7236758725779402,0.36683417085427134,1.6891873432638356
flywire_783_mb_left_kc512_s701,744,spectral,fly,local_gradient,60,1.7246982735219476,0.36683417085427134,1.6891873432638356
flywire_783_mb_left_kc512_s701,744,spectral,fly,local_gradient,61,1.7256538140304927,0.37185929648241206,1.6891873432638356
flywire_783_mb_left_kc512_s701,744,spectral,fly,local_gradient,62,1.726513304015745,0.36683417085427134,1.6891873432638356
flywire_783_mb_left_kc512_s701,744,spectral,fly,local_gradient,63,1.7273322139428602,0.36683417085427134,1.6891873432638356
flywire_783_mb_left_kc512_s701,744,spectral,fly,local_gradient,64,1.7281961213744634,0.36683417085427134,1.6891873432638356
flywire_783_mb_left_kc512_s701,744,spectral,fly,local_gradient,65,1.729108311890442,0.36683417085427134,1.6891873432638356
flywire_783_mb_left_kc512_s701,744,spectral,fly,local_gradient,66,1.7299912277668272,0.36683417085427134,1.6891873432638356
flywire_783_mb_left_kc512_s701,744,spectral,fly,local_gradient,67,1.7307653213075613,0.36180904522613067,1.6891873432638356
flywire_783_mb_left_kc512_s701,744,spectral,fly,local_gradient,68,1.731356342956731,0.37185929648241206,1.6891873432638356
flywire_783_mb_left_kc512_s701,744,spectral,fly,local_gradient,69,1.7316682025992187,0.37185929648241206,1.6891873432638356
flywire_783_mb_left_kc512_s701,744,spectral,fly,local_gradient,70,1.731616435833304,0.3768844221105528,1.6891873432638356
flywire_783_mb_left_kc512_s701,744,spectral,fly,local_gradient,71,1.7311733112097996,0.3768844221105528,1.6891873432638356
flywire_783_mb_left_kc512_s701,744,spectral,fly,local_gradient,72,1.7303585052940573,0.3768844221105528,1.6891873432638356
flywire_783_mb_left_kc512_s701,744,spectral,fly,local_gradient,73,1.7292202365216376,0.37185929648241206,1.6891873432638356
flywire_783_mb_left_kc512_s701,744,spectral,fly,local_gradient,74,1.7278471983571881,0.36683417085427134,1.6891873432638356
flywire_783_mb_left_kc512_s701,744,spectral,fly,local_gradient,75,1.7263646687933492,0.37185929648241206,1.6891873432638356
flywire_783_mb_left_kc512_s701,744,spectral,fly,local_gradient,76,1.7248964362688473,0.37185929648241206,1.6891873432638356
flywire_783_mb_left_kc512_s701,744,spectral,fly,local_gradient,77,1.7235442992036087,0.36683417085427134,1.6891873432638356
flywire_783_mb_left_kc512_s701,744,spectral,fly,local_gradient,78,1.7224016058003435,0.36683417085427134,1.6891873432638356
flywire_783_mb_left_kc512_s701,744,spectral,fly,local_gradient,79,1.7215627867142076,0.36180904522613067,1.6891873432638356
flywire_783_mb_left_kc512_s701,744,spectral,fly,local_gradient,80,1.72111442579136,0.36180904522613067,1.6891873432638356
flywire_783_mb_left_kc512_s701,744,spectral,fly,local_gradient,81,1.721120599943695,0.35678391959798994,1.6891873432638356
flywire_783_mb_left_kc512_s701,744,spectral,fly,local_gradient,82,1.7216028732225568,0.35175879396984927,1.6891873432638356
flywire_783_mb_left_kc512_s701,744,spectral,fly,local_gradient,83,1.7225278234069954,0.3417085427135678,1.6891873432638356
flywire_783_mb_left_kc512_s701,744,spectral,fly,local_gradient,84,1.723823633728911,0.3417085427135678,1.6891873432638356
flywire_783_mb_left_kc512_s701,744,spectral,fly,local_gradient,85,1.7254043077919061,0.35175879396984927,1.6891873432638356
flywire_783_mb_left_kc512_s701,744,spectral,fly,local_gradient,86,1.727172602591805,0.35175879396984927,1.6891873432638356
flywire_783_mb_left_kc512_s701,744,spectral,fly,local_gradient,87,1.729015921591971,0.34673366834170855,1.6891873432638356
flywire_783_mb_left_kc512_s701,744,spectral,fly,local_gradient,88,1.730815889716493,0.3417085427135678,1.6891873432638356
flywire_783_mb_left_kc512_s701,744,spectral,fly,local_gradient,89,1.7324686267612732,0.3417085427135678,1.6891873432638356
flywire_783_mb_left_kc512_s701,744,spectral,fly,local_gradient,90,1.7339090641812331,0.3417085427135678,1.6891873432638356
flywire_783_mb_left_kc512_s701,744,spectral,fly,local_gradient,91,1.7351341640619764,0.3417085427135678,1.6891873432638356
flywire_783_mb_left_kc512_s701,744,spectral,fly,local_gradient,92,1.7362065129226647,0.3316582914572864,1.6891873432638356
flywire_783_mb_left_kc512_s701,744,spectral,fly,local_gradient,93,1.7372276859939488,0.3417085427135678,1.6891873432638356
flywire_783_mb_left_kc512_s701,744,spectral,fly,local_gradient,94,1.7383042469241994,0.34673366834170855,1.6891873432638356
flywire_783_mb_left_kc512_s701,744,spectral,fly,local_gradient,95,1.7395327360062645,0.35678391959798994,1.6891873432638356
flywire_783_mb_left_kc512_s701,744,spectral,fly,local_gradient,96,1.741002547799209,0.35175879396984927,1.6891873432638356
flywire_783_mb_left_kc512_s701,744,spectral,fly,local_gradient,97,1.7428049582680782,0.36180904522613067,1.6891873432638356
flywire_783_mb_left_kc512_s701,744,spectral,fly,local_gradient,98,1.7450356897033827,0.36180904522613067,1.6891873432638356
flywire_783_mb_left_kc512_s701,744,spectral,fly,local_gradient,99,1.7477720835631563,0.36180904522613067,1.6891873432638356
flywire_783_mb_left_kc512_s701,744,spectral,fly,local_gradient,100,1.7510268314004391,0.36180904522613067,1.6891873432638356
flywire_783_mb_left_kc512_s701,744,spectral,fly,permuted_bptt,0,3.1752666144037702,0.08542713567839195,3.1752666144037702
flywire_783_mb_left_kc512_s701,744,spectral,fly,permuted_bptt,1,3.0707440383054,0.07035175879396985,3.0707440383054
flywire_783_mb_left_kc512_s701,744,spectral,fly,permuted_bptt,2,2.9961408919714514,0.09547738693467336,2.9961408919714514
flywire_783_mb_left_kc512_s701,744,spectral,fly,permuted_bptt,3,2.9382642641820182,0.09045226130653267,2.9382642641820182
flywire_783_mb_left_kc512_s701,744,spectral,fly,permuted_bptt,4,2.89075542819148,0.08542713567839195,2.89075542819148
flywire_783_mb_left_kc512_s701,744,spectral,fly,permuted_bptt,5,2.8517144121394526,0.11055276381909548,2.8517144121394526
flywire_783_mb_left_kc512_s701,744,spectral,fly,permuted_bptt,6,2.8172714216855423,0.10050251256281408,2.8172714216855423
flywire_783_mb_left_kc512_s701,744,spectral,fly,permuted_bptt,7,2.7859931945170464,0.12060301507537688,2.7859931945170464
flywire_783_mb_left_kc512_s701,744,spectral,fly,permuted_bptt,8,2.7573163294940106,0.12562814070351758,2.7573163294940106
flywire_783_mb_left_kc512_s701,744,spectral,fly,permuted_bptt,9,2.7319098077949815,0.1507537688442211,2.7319098077949815
flywire_783_mb_left_kc512_s701,744,spectral,fly,permuted_bptt,10,2.707368033043704,0.16080402010050251,2.707368033043704
flywire_783_mb_left_kc512_s701,744,spectral,fly,permuted_bptt,11,2.682579930086673,0.1708542713567839,2.682579930086673
flywire_783_mb_left_kc512_s701,744,spectral,fly,permuted_bptt,12,2.659636234215042,0.15577889447236182,2.659636234215042
flywire_783_mb_left_kc512_s701,744,spectral,fly,permuted_bptt,13,2.639296668402048,0.15577889447236182,2.639296668402048
flywire_783_mb_left_kc512_s701,744,spectral,fly,permuted_bptt,14,2.619512828084686,0.1457286432160804,2.619512828084686
flywire_783_mb_left_kc512_s701,744,spectral,fly,permuted_bptt,15,2.6004242242003106,0.1507537688442211,2.6004242242003106
flywire_783_mb_left_kc512_s701,744,spectral,fly,permuted_bptt,16,2.583766529288333,0.135678391959799,2.583766529288333
flywire_783_mb_left_kc512_s701,744,spectral,fly,permuted_bptt,17,2.5686677180348645,0.1457286432160804,2.5686677180348645
flywire_783_mb_left_kc512_s701,744,spectral,fly,permuted_bptt,18,2.5537835827148294,0.135678391959799,2.5537835827148294
flywire_783_mb_left_kc512_s701,744,spectral,fly,permuted_bptt,19,2.5397626227196812,0.16080402010050251,2.5397626227196812
flywire_783_mb_left_kc512_s701,744,spectral,fly,permuted_bptt,20,2.5269172722160533,0.17587939698492464,2.5269172722160533
flywire_783_mb_left_kc512_s701,744,spectral,fly,permuted_bptt,21,2.514505598295414,0.17587939698492464,2.514505598295414
flywire_783_mb_left_kc512_s701,744,spectral,fly,permuted_bptt,22,2.5022104929225555,0.17587939698492464,2.5022104929225555
flywire_783_mb_left_kc512_s701,744,spectral,fly,permuted_bptt,23,2.4901306546558897,0.18090452261306533,2.4901306546558897
flywire_783_mb_left_kc512_s701,744,spectral,fly,permuted_bptt,24,2.4784975293678446,0.17587939698492464,2.4784975293678446
flywire_783_mb_left_kc512_s701,744,spectral,fly,permuted_bptt,25,2.467399250877422,0.17587939698492464,2.467399250877422
flywire_783_mb_left_kc512_s701,744,spectral,fly,permuted_bptt,26,2.45651957640406,0.1708542713567839,2.45651957640406
flywire_783_mb_left_kc512_s701,744,spectral,fly,permuted_bptt,27,2.446020317962732,0.1658291457286432,2.446020317962732
flywire_783_mb_left_kc512_s701,744,spectral,fly,permuted_bptt,28,2.4363009014681194,0.1658291457286432,2.4363009014681194
flywire_783_mb_left_kc512_s701,744,spectral,fly,permuted_bptt,29,2.426984402903873,0.1658291457286432,2.426984402903873
flywire_783_mb_left_kc512_s701,744,spectral,fly,permuted_bptt,30,2.4177372355189846,0.1658291457286432,2.4177372355189846
flywire_783_mb_left_kc512_s701,744,spectral,fly,permuted_bptt,31,2.4089321238335852,0.1708542713567839,2.4089321238335852
flywire_783_mb_left_kc512_s701,744,spectral,fly,permuted_bptt,32,2.4006045527127995,0.17587939698492464,2.4006045527127995
flywire_783_mb_left_kc512_s701,744,spectral,fly,permuted_bptt,33,2.3923995026190283,0.1708542713567839,2.3923995026190283
flywire_783_mb_left_kc512_s701,744,spectral,fly,permuted_bptt,34,2.384377955075817,0.17587939698492464,2.384377955075817
flywire_783_mb_left_kc512_s701,744,spectral,fly,permuted_bptt,35,2.3766669289220586,0.18090452261306533,2.3766669289220586
flywire_783_mb_left_kc512_s701,744,spectral,fly,permuted_bptt,36,2.3691500670078707,0.18090452261306533,2.3691500670078707
flywire_783_mb_left_kc512_s701,744,spectral,fly,permuted_bptt,37,2.3618125399953476,0.18592964824120603,2.3618125399953476
flywire_783_mb_left_kc512_s701,744,spectral,fly,permuted_bptt,38,2.3547467042215104,0.18592964824120603,2.3547467042215104
flywire_783_mb_left_kc512_s701,744,spectral,fly,permuted_bptt,39,2.3480282519556317,0.19095477386934673,2.3480282519556317
flywire_783_mb_left_kc512_s701,744,spectral,fly,permuted_bptt,40,2.3415916012550118,0.19597989949748743,2.3415916012550118
flywire_783_mb_left_kc512_s701,744,spectral,fly,permuted_bptt,41,2.3353071154168625,0.19597989949748743,2.3353071154168625
flywire_783_mb_left_kc512_s701,744,spectral,fly,permuted_bptt,42,2.329249274534849,0.19597989949748743,2.329249274534849
flywire_783_mb_left_kc512_s701,744,spectral,fly,permuted_bptt,43,2.3234468459283533,0.19597989949748743,2.3234468459283533
flywire_783_mb_left_kc512_s701,744,spectral,fly,permuted_bptt,44,2.3177715702209833,0.20100502512562815,2.3177715702209833
flywire_783_mb_left_kc512_s701,744,spectral,fly,permuted_bptt,45,2.3122816502505117,0.20603015075376885,2.3122816502505117
flywire_783_mb_left_kc512_s701,744,spectral,fly,permuted_bptt,46,2.3070149517833776,0.21105527638190955,2.3070149517833776
flywire_783_mb_left_kc512_s701,744,spectral,fly,permuted_bptt,47,2.3018609221843422,0.20603015075376885,2.3018609221843422
flywire_783_mb_left_kc512_s701,744,spectral,fly,permuted_bptt,48,2.296839657226308,0.20100502512562815,2.296839657226308
flywire_783_mb_left_kc512_s701,744,spectral,fly,permuted_bptt,49,2.291999586745914,0.20100502512562815,2.291999586745914
flywire_783_mb_left_kc512_s701,744,spectral,fly,permuted_bptt,50,2.287314195629715,0.20100502512562815,2.287314195629715
flywire_783_mb_left_kc512_s701,744,spectral,fly,permuted_bptt,51,2.2827655055439386,0.19597989949748743,2.2827655055439386
flywire_783_mb_left_kc512_s701,744,spectral,fly,permuted_bptt,52,2.2783554903506964,0.19597989949748743,2.2783554903506964
flywire_783_mb_left_kc512_s701,744,spectral,fly,permuted_bptt,53,2.274089972989855,0.19597989949748743,2.274089972989855
flywire_783_mb_left_kc512_s701,744,spectral,fly,permuted_bptt,54,2.269927306785859,0.19095477386934673,2.269927306785859
flywire_783_mb_left_kc512_s701,744,spectral,fly,permuted_bptt,55,2.2658662807488246,0.18592964824120603,2.2658662807488246
flywire_783_mb_left_kc512_s701,744,spectral,fly,permuted_bptt,56,2.2619370113033,0.18592964824120603,2.2619370113033
flywire_783_mb_left_kc512_s701,744,spectral,fly,permuted_bptt,57,2.258097334875845,0.19095477386934673,2.258097334875845
flywire_783_mb_left_kc512_s701,744,spectral,fly,permuted_bptt,58,2.2543509786298075,0.19095477386934673,2.2543509786298075
flywire_783_mb_left_kc512_s701,744,spectral,fly,permuted_bptt,59,2.25072062463995,0.19095477386934673,2.25072062463995
flywire_783_mb_left_kc512_s701,744,spectral,fly,permuted_bptt,60,2.2471773634260144,0.19095477386934673,2.2471773634260144
flywire_783_mb_left_kc512_s701,744,spectral,fly,permuted_bptt,61,2.243720859758802,0.19597989949748743,2.243720859758802
flywire_783_mb_left_kc512_s701,744,spectral,fly,permuted_bptt,62,2.2403564604714195,0.19597989949748743,2.2403564604714195
flywire_783_mb_left_kc512_s701,744,spectral,fly,permuted_bptt,63,2.2370759726934355,0.19597989949748743,2.2370759726934355
flywire_783_mb_left_kc512_s701,744,spectral,fly,permuted_bptt,64,2.2338703731970844,0.19597989949748743,2.2338703731970844
flywire_783_mb_left_kc512_s701,744,spectral,fly,permuted_bptt,65,2.230741489067344,0.19597989949748743,2.230741489067344
flywire_783_mb_left_kc512_s701,744,spectral,fly,permuted_bptt,66,2.227686481150062,0.19597989949748743,2.227686481150062
flywire_783_mb_left_kc512_s701,744,spectral,fly,permuted_bptt,67,2.224689965592741,0.20100502512562815,2.224689965592741
flywire_783_mb_left_kc512_s701,744,spectral,fly,permuted_bptt,68,2.2217650025061757,0.20100502512562815,2.2217650025061757
flywire_783_mb_left_kc512_s701,744,spectral,fly,permuted_bptt,69,2.2189102554452425,0.19597989949748743,2.2189102554452425
flywire_783_mb_left_kc512_s701,744,spectral,fly,permuted_bptt,70,2.216115574399848,0.19597989949748743,2.216115574399848
flywire_783_mb_left_kc512_s701,744,spectral,fly,permuted_bptt,71,2.2133879098664915,0.20100502512562815,2.2133879098664915
flywire_783_mb_left_kc512_s701,744,spectral,fly,permuted_bptt,72,2.2107202116804636,0.20100502512562815,2.2107202116804636
flywire_783_mb_left_kc512_s701,744,spectral,fly,permuted_bptt,73,2.2081081459397525,0.20603015075376885,2.2081081459397525
flywire_783_mb_left_kc512_s701,744,spectral,fly,permuted_bptt,74,2.20555276237888,0.20603015075376885,2.20555276237888
flywire_783_mb_left_kc512_s701,744,spectral,fly,permuted_bptt,75,2.2030519501234007,0.20603015075376885,2.2030519501234007
flywire_783_mb_left_kc512_s701,744,spectral,fly,permuted_bptt,76,2.2006003864526207,0.20603015075376885,2.2006003864526207
flywire_783_mb_left_kc512_s701,744,spectral,fly,permuted_bptt,77,2.198199244012794,0.22110552763819097,2.198199244012794
flywire_783_mb_left_kc512_s701,744,spectral,fly,permuted_bptt,78,2.195848833215384,0.22110552763819097,2.195848833215384
flywire_783_mb_left_kc512_s701,744,spectral,fly,permuted_bptt,79,2.1935434725704535,0.22110552763819097,2.1935434725704535
flywire_783_mb_left_kc512_s701,744,spectral,fly,permuted_bptt,80,2.1912862038737893,0.22110552763819097,2.1912862038737893
flywire_783_mb_left_kc512_s701,744,spectral,fly,permuted_bptt,81,2.1890738181188936,0.22613065326633167,2.1890738181188936
flywire_783_mb_left_kc512_s701,744,spectral,fly,permuted_bptt,82,2.186904220615428,0.22110552763819097,2.186904220615428
flywire_783_mb_left_kc512_s701,744,spectral,fly,permuted_bptt,83,2.1847785231688177,0.22110552763819097,2.1847785231688177
flywire_783_mb_left_kc512_s701,744,spectral,fly,permuted_bptt,84,2.182693215119738,0.22110552763819097,2.182693215119738
flywire_783_mb_left_kc512_s701,744,spectral,fly,permuted_bptt,85,2.1806464932252916,0.22613065326633167,2.1806464932252916
flywire_783_mb_left_kc512_s701,744,spectral,fly,permuted_bptt,86,2.178638157799748,0.22110552763819097,2.178638157799748
flywire_783_mb_left_kc512_s701,744,spectral,fly,permuted_bptt,87,2.176667045713579,0.22613065326633167,2.176667045713579
flywire_783_mb_left_kc512_s701,744,spectral,fly,permuted_bptt,88,2.17473117980203,0.22613065326633167,2.17473117980203
flywire_783_mb_left_kc512_s701,744,spectral,fly,permuted_bptt,89,2.1728309720182106,0.23115577889447236,2.1728309720182106
flywire_783_mb_left_kc512_s701,744,spectral,fly,permuted_bptt,90,2.1709638198504586,0.23115577889447236,2.1709638198504586
flywire_783_mb_left_kc512_s701,744,spectral,fly,permuted_bptt,91,2.16912949320266,0.23115577889447236,2.16912949320266
flywire_783_mb_left_kc512_s701,744,spectral,fly,permuted_bptt,92,2.1673279247998467,0.22613065326633167,2.1673279247998467
flywire_783_mb_left_kc512_s701,744,spectral,fly,permuted_bptt,93,2.16555718504499,0.22613065326633167,2.16555718504499
flywire_783_mb_left_kc512_s701,744,spectral,fly,permuted_bptt,94,2.1638169607179227,0.22613065326633167,2.1638169607179227
flywire_783_mb_left_kc512_s701,744,spectral,fly,permuted_bptt,95,2.1621060005660104,0.22613065326633167,2.1621060005660104
flywire_783_mb_left_kc512_s701,744,spectral,fly,permuted_bptt,96,2.160423172381816,0.22613065326633167,2.160423172381816
flywire_783_mb_left_kc512_s701,744,spectral,fly,permuted_bptt,97,2.158768025877538,0.22613065326633167,2.158768025877538
flywire_783_mb_left_kc512_s701,744,spectral,fly,permuted_bptt,98,2.157139895703695,0.23115577889447236,2.157139895703695
flywire_783_mb_left_kc512_s701,744,spectral,fly,permuted_bptt,99,2.155537621356874,0.23115577889447236,2.155537621356874
flywire_783_mb_left_kc512_s701,744,spectral,fly,permuted_bptt,100,2.153961168747077,0.24120603015075376,2.153961168747077
flywire_783_mb_left_kc512_s701,744,spectral,role_shuffled,frozen,0,1.610892753868516,0.4824120603015075,1.610892753868516
flywire_783_mb_left_kc512_s701,744,spectral,role_shuffled,full_bptt,0,1.610892753868516,0.4824120603015075,1.610892753868516
flywire_783_mb_left_kc512_s701,744,spectral,role_shuffled,full_bptt,1,1.6814369561513351,0.4120603015075377,1.610892753868516
flywire_783_mb_left_kc512_s701,744,spectral,role_shuffled,full_bptt,2,1.6454497032104374,0.40703517587939697,1.610892753868516
flywire_783_mb_left_kc512_s701,744,spectral,role_shuffled,full_bptt,3,1.6540013268441984,0.40703517587939697,1.610892753868516
flywire_783_mb_left_kc512_s701,744,spectral,role_shuffled,full_bptt,4,1.6243164686392209,0.4723618090452261,1.610892753868516
flywire_783_mb_left_kc512_s701,744,spectral,role_shuffled,full_bptt,5,1.630188039250117,0.49246231155778897,1.610892753868516
flywire_783_mb_left_kc512_s701,744,spectral,role_shuffled,full_bptt,6,1.6411473203570421,0.48743718592964824,1.610892753868516
flywire_783_mb_left_kc512_s701,744,spectral,role_shuffled,full_bptt,7,1.6227003827521025,0.49246231155778897,1.610892753868516
flywire_783_mb_left_kc512_s701,744,spectral,role_shuffled,full_bptt,8,1.611082623447121,0.47738693467336685,1.610892753868516
flywire_783_mb_left_kc512_s701,744,spectral,role_shuffled,full_bptt,9,1.6201258824249536,0.4623115577889447,1.610892753868516
flywire_783_mb_left_kc512_s701,744,spectral,role_shuffled,full_bptt,10,1.624589631868692,0.4472361809045226,1.610892753868516
flywire_783_mb_left_kc512_s701,744,spectral,role_shuffled,full_bptt,11,1.6160861754940699,0.46733668341708545,1.610892753868516
flywire_783_mb_left_kc512_s701,744,spectral,role_shuffled,full_bptt,12,1.6093078869408508,0.4824120603015075,1.6093078869408508
flywire_783_mb_left_kc512_s701,744,spectral,role_shuffled,full_bptt,13,1.6132108594385715,0.47738693467336685,1.6093078869408508
flywire_783_mb_left_kc512_s701,744,spectral,role_shuffled,full_bptt,14,1.6161635818907236,0.4723618090452261,1.6093078869408508
flywire_783_mb_left_kc512_s701,744,spectral,role_shuffled,full_bptt,15,1.6104299432822349,0.49246231155778897,1.6093078869408508
flywire_783_mb_left_kc512_s701,744,spectral,role_shuffled,full_bptt,16,1.6059681890663178,0.4824120603015075,1.6059681890663178
flywire_783_mb_left_kc512_s701,744,spectral,role_shuffled,full_bptt,17,1.608133705458105,0.457286432160804,1.6059681890663178
flywire_783_mb_left_kc512_s701,744,spectral,role_shuffled,full_bptt,18,1.6099266368610246,0.44221105527638194,1.6059681890663178
flywire_783_mb_left_kc512_s701,744,spectral,role_shuffled,full_bptt,19,1.6071994049414533,0.457286432160804,1.6059681890663178
flywire_783_mb_left_kc512_s701,744,spectral,role_shuffled,full_bptt,20,1.604589733049995,0.46733668341708545,1.604589733049995
flywire_783_mb_left_kc512_s701,744,spectral,role_shuffled,full_bptt,21,1.6056396883307678,0.46733668341708545,1.604589733049995
flywire_783_mb_left_kc512_s701,744,spectral,role_shuffled,full_bptt,22,1.6063899853347063,0.4824120603015075,1.604589733049995
flywire_783_mb_left_kc512_s701,744,spectral,role_shuffled,full_bptt,23,1.6038947403458226,0.49246231155778897,1.6038947403458226
flywire_783_mb_left_kc512_s701,744,spectral,role_shuffled,full_bptt,24,1.601926456421468,0.48743718592964824,1.601926456421468
flywire_783_mb_left_kc512_s701,744,spectral,role_shuffled,full_bptt,25,1.6028907333229343,0.47738693467336685,1.601926456421468
flywire_783_mb_left_kc512_s701,744,spectral,role_shuffled,full_bptt,26,1.6037186130255578,0.46733668341708545,1.601926456421468
flywire_783_mb_left_kc512_s701,744,spectral,role_shuffled,full_bptt,27,1.602205623156013,0.48743718592964824,1.601926456421468
flywire_783_mb_left_kc512_s701,744,spectral,role_shuffled,full_bptt,28,1.6006270920406718,0.49246231155778897,1.6006270920406718
flywire_783_mb_left_kc512_s701,744,spectral,role_shuffled,full_bptt,29,1.6009789674174313,0.4824120603015075,1.6006270920406718
flywire_783_mb_left_kc512_s701,744,spectral,role_shuffled,full_bptt,30,1.6012840599075626,0.47738693467336685,1.6006270920406718
flywire_783_mb_left_kc512_s701,744,spectral,role_shuffled,full_bptt,31,1.6000866892037482,0.4824120603015075,1.6000866892037482
flywire_783_mb_left_kc512_s701,744,spectral,role_shuffled,full_bptt,32,1.5991863165343227,0.48743718592964824,1.5991863165343227
flywire_783_mb_left_kc512_s701,744,spectral,role_shuffled,full_bptt,33,1.5994443870574433,0.4623115577889447,1.5991863165343227
flywire_783_mb_left_kc512_s701,744,spectral,role_shuffled,full_bptt,34,1.5993881398705192,0.46733668341708545,1.5991863165343227
flywire_783_mb_left_kc512_s701,744,spectral,role_shuffled,full_bptt,35,1.5985075619775695,0.4824120603015075,1.5985075619775695
flywire_783_mb_left_kc512_s701,744,spectral,role_shuffled,full_bptt,36,1.5980265939733378,0.49748743718592964,1.5980265939733378
flywire_783_mb_left_kc512_s701,744,spectral,role_shuffled,full_bptt,37,1.5981669405241181,0.48743718592964824,1.5980265939733378
flywire_783_mb_left_kc512_s701,744,spectral,role_shuffled,full_bptt,38,1.5977998783201077,0.48743718592964824,1.5977998783201077
flywire_783_mb_left_kc512_s701,744,spectral,role_shuffled,full_bptt,39,1.5970105515804178,0.4824120603015075,1.5970105515804178
flywire_783_mb_left_kc512_s701,744,spectral,role_shuffled,full_bptt,40,1.5967756013618155,0.4824120603015075,1.5967756013618155
flywire_783_mb_left_kc512_s701,744,spectral,role_shuffled,full_bptt,41,1.5968493982821323,0.46733668341708545,1.5967756013618155
flywire_783_mb_left_kc512_s701,744,spectral,role_shuffled,full_bptt,42,1.5964536055757728,0.47738693467336685,1.5964536055757728
flywire_783_mb_left_kc512_s701,744,spectral,role_shuffled,full_bptt,43,1.595900941526346,0.47738693467336685,1.595900941526346
flywire_783_mb_left_kc512_s701,744,spectral,role_shuffled,full_bptt,44,1.595763292408445,0.4824120603015075,1.595763292408445
flywire_783_mb_left_kc512_s701,744,spectral,role_shuffled,full_bptt,45,1.5956206851063663,0.47738693467336685,1.5956206851063663
flywire_783_mb_left_kc512_s701,744,spectral,role_shuffled,full_bptt,46,1.5951420285621547,0.47738693467336685,1.5951420285621547
flywire_783_mb_left_kc512_s701,744,spectral,role_shuffled,full_bptt,47,1.594801970901267,0.4824120603015075,1.594801970901267
flywire_783_mb_left_kc512_s701,744,spectral,role_shuffled,full_bptt,48,1.594727407790074,0.4824120603015075,1.594727407790074
flywire_783_mb_left_kc512_s701,744,spectral,role_shuffled,full_bptt,49,1.594482155197097,0.4824120603015075,1.594482155197097
flywire_783_mb_left_kc512_s701,744,spectral,role_shuffled,full_bptt,50,1.5940725272428682,0.4824120603015075,1.5940725272428682
flywire_783_mb_left_kc512_s701,744,spectral,role_shuffled,full_bptt,51,1.5938462725584113,0.47738693467336685,1.5938462725584113
flywire_783_mb_left_kc512_s701,744,spectral,role_shuffled,full_bptt,52,1.5936806843968903,0.46733668341708545,1.5936806843968903
flywire_783_mb_left_kc512_s701,744,spectral,role_shuffled,full_bptt,53,1.593365772040759,0.4723618090452261,1.593365772040759
flywire_783_mb_left_kc512_s701,744,spectral,role_shuffled,full_bptt,54,1.5930986674139482,0.4824120603015075,1.5930986674139482
flywire_783_mb_left_kc512_s701,744,spectral,role_shuffled,full_bptt,55,1.592942410665604,0.48743718592964824,1.592942410665604
flywire_783_mb_left_kc512_s701,744,spectral,role_shuffled,full_bptt,56,1.5926805750881026,0.48743718592964824,1.5926805750881026
flywire_783_mb_left_kc512_s701,744,spectral,role_shuffled,full_bptt,57,1.5923634677731955,0.48743718592964824,1.5923634677731955
flywire_783_mb_left_kc512_s701,744,spectral,role_shuffled,full_bptt,58,1.592174536632469,0.4723618090452261,1.592174536632469
flywire_783_mb_left_kc512_s701,744,spectral,role_shuffled,full_bptt,59,1.5919920988355638,0.4623115577889447,1.5919920988355638
flywire_783_mb_left_kc512_s701,744,spectral,role_shuffled,full_bptt,60,1.5917167736476838,0.4723618090452261,1.5917167736476838
flywire_783_mb_left_kc512_s701,744,spectral,role_shuffled,full_bptt,61,1.5914884781554821,0.47738693467336685,1.5914884781554821
flywire_783_mb_left_kc512_s701,744,spectral,role_shuffled,full_bptt,62,1.5913056054560317,0.47738693467336685,1.5913056054560317
flywire_783_mb_left_kc512_s701,744,spectral,role_shuffled,full_bptt,63,1.5910549517852903,0.4824120603015075,1.5910549517852903
flywire_783_mb_left_kc512_s701,744,spectral,role_shuffled,full_bptt,64,1.5908156677819716,0.47738693467336685,1.5908156677819716
flywire_783_mb_left_kc512_s701,744,spectral,role_shuffled,full_bptt,65,1.5906386295215338,0.46733668341708545,1.5906386295215338
flywire_783_mb_left_kc512_s701,744,spectral,role_shuffled,full_bptt,66,1.5904214470728468,0.4723618090452261,1.5904214470728468
flywire_783_mb_left_kc512_s701,744,spectral,role_shuffled,full_bptt,67,1.5901838048858832,0.48743718592964824,1.5901838048858832
flywire_783_mb_left_kc512_s701,744,spectral,role_shuffled,full_bptt,68,1.5899976179699649,0.48743718592964824,1.5899976179699649
flywire_783_mb_left_kc512_s701,744,spectral,role_shuffled,full_bptt,69,1.5897948604095316,0.48743718592964824,1.5897948604095316
flywire_783_mb_left_kc512_s701,744,spectral,role_shuffled,full_bptt,70,1.5895598782544191,0.48743718592964824,1.5895598782544191
flywire_783_mb_left_kc512_s701,744,spectral,role_shuffled,full_bptt,71,1.5893678520954322,0.4723618090452261,1.5893678520954322
flywire_783_mb_left_kc512_s701,744,spectral,role_shuffled,full_bptt,72,1.589184500643563,0.46733668341708545,1.589184500643563
flywire_783_mb_left_kc512_s701,744,spectral,role_shuffled,full_bptt,73,1.5889677416477568,0.4723618090452261,1.5889677416477568
flywire_783_mb_left_kc512_s701,744,spectral,role_shuffled,full_bptt,74,1.5887689444594388,0.4824120603015075,1.5887689444594388
flywire_783_mb_left_kc512_s701,744,spectral,role_shuffled,full_bptt,75,1.5885833099948687,0.4824120603015075,1.5885833099948687
flywire_783_mb_left_kc512_s701,744,spectral,role_shuffled,full_bptt,76,1.5883774851757508,0.47738693467336685,1.5883774851757508
flywire_783_mb_left_kc512_s701,744,spectral,role_shuffled,full_bptt,77,1.588185280691092,0.4723618090452261,1.588185280691092
flywire_783_mb_left_kc512_s701,744,spectral,role_shuffled,full_bptt,78,1.5880054418231815,0.46733668341708545,1.5880054418231815
flywire_783_mb_left_kc512_s701,744,spectral,role_shuffled,full_bptt,79,1.5878070246533527,0.46733668341708545,1.5878070246533527
flywire_783_mb_left_kc512_s701,744,spectral,role_shuffled,full_bptt,80,1.5876156329557742,0.4824120603015075,1.5876156329557742
flywire_783_mb_left_kc512_s701,744,spectral,role_shuffled,full_bptt,81,1.5874388517875646,0.48743718592964824,1.5874388517875646
flywire_783_mb_left_kc512_s701,744,spectral,role_shuffled,full_bptt,82,1.5872505044224308,0.4824120603015075,1.5872505044224308
flywire_783_mb_left_kc512_s701,744,spectral,role_shuffled,full_bptt,83,1.5870638886364186,0.47738693467336685,1.5870638886364186
flywire_783_mb_left_kc512_s701,744,spectral,role_shuffled,full_bptt,84,1.5868875969589904,0.46733668341708545,1.5868875969589904
flywire_783_mb_left_kc512_s701,744,spectral,role_shuffled,full_bptt,85,1.5867051522835032,0.46733668341708545,1.5867051522835032
flywire_783_mb_left_kc512_s701,744,spectral,role_shuffled,full_bptt,86,1.586525220917916,0.4723618090452261,1.586525220917916
flywire_783_mb_left_kc512_s701,744,spectral,role_shuffled,full_bptt,87,1.58635245511047,0.4723618090452261,1.58635245511047
flywire_783_mb_left_kc512_s701,744,spectral,role_shuffled,full_bptt,88,1.586174334630048,0.4723618090452261,1.586174334630048
flywire_783_mb_left_kc512_s701,744,spectral,role_shuffled,full_bptt,89,1.585998661122191,0.4723618090452261,1.585998661122191
flywire_783_mb_left_kc512_s701,744,spectral,role_shuffled,full_bptt,90,1.5858296562064973,0.46733668341708545,1.5858296562064973
flywire_783_mb_left_kc512_s701,744,spectral,role_shuffled,full_bptt,91,1.5856570139372763,0.46733668341708545,1.5856570139372763
flywire_783_mb_left_kc512_s701,744,spectral,role_shuffled,full_bptt,92,1.5854857006520693,0.4723618090452261,1.5854857006520693
flywire_783_mb_left_kc512_s701,744,spectral,role_shuffled,full_bptt,93,1.5853194966380915,0.4824120603015075,1.5853194966380915
flywire_783_mb_left_kc512_s701,744,spectral,role_shuffled,full_bptt,94,1.5851516501373626,0.47738693467336685,1.5851516501373626
flywire_783_mb_left_kc512_s701,744,spectral,role_shuffled,full_bptt,95,1.5849853966191587,0.4723618090452261,1.5849853966191587
flywire_783_mb_left_kc512_s701,744,spectral,role_shuffled,full_bptt,96,1.58482249575421,0.46733668341708545,1.58482249575421
flywire_783_mb_left_kc512_s701,744,spectral,role_shuffled,full_bptt,97,1.5846583489299435,0.46733668341708545,1.5846583489299435
flywire_783_mb_left_kc512_s701,744,spectral,role_shuffled,full_bptt,98,1.5844961916896128,0.4723618090452261,1.5844961916896128
flywire_783_mb_left_kc512_s701,744,spectral,role_shuffled,full_bptt,99,1.584337067063866,0.47738693467336685,1.584337067063866
flywire_783_mb_left_kc512_s701,744,spectral,role_shuffled,full_bptt,100,1.5841772352463168,0.4723618090452261,1.5841772352463168
flywire_783_mb_left_kc512_s701,744,spectral,role_shuffled,local_gradient,0,1.610892753868516,0.4824120603015075,1.610892753868516
flywire_783_mb_left_kc512_s701,744,spectral,role_shuffled,local_gradient,1,1.642574515145726,0.44221105527638194,1.610892753868516
flywire_783_mb_left_kc512_s701,744,spectral,role_shuffled,local_gradient,2,1.6435091690982357,0.44221105527638194,1.610892753868516
flywire_783_mb_left_kc512_s701,744,spectral,role_shuffled,local_gradient,3,1.629657495803292,0.44221105527638194,1.610892753868516
flywire_783_mb_left_kc512_s701,744,spectral,role_shuffled,local_gradient,4,1.6292163878008998,0.44221105527638194,1.610892753868516
flywire_783_mb_left_kc512_s701,744,spectral,role_shuffled,local_gradient,5,1.624262472258962,0.45226130653266333,1.610892753868516
flywire_783_mb_left_kc512_s701,744,spectral,role_shuffled,local_gradient,6,1.6366721561249065,0.4271356783919598,1.610892753868516
flywire_783_mb_left_kc512_s701,744,spectral,role_shuffled,local_gradient,7,1.6350781767291334,0.4371859296482412,1.610892753868516
flywire_783_mb_left_kc512_s701,744,spectral,role_shuffled,local_gradient,8,1.62305605193765,0.45226130653266333,1.610892753868516
flywire_783_mb_left_kc512_s701,744,spectral,role_shuffled,local_gradient,9,1.6271294145553232,0.44221105527638194,1.610892753868516
flywire_783_mb_left_kc512_s701,744,spectral,role_shuffled,local_gradient,10,1.6377336568762053,0.4723618090452261,1.610892753868516
flywire_783_mb_left_kc512_s701,744,spectral,role_shuffled,local_gradient,11,1.6330429226694418,0.45226130653266333,1.610892753868516
flywire_783_mb_left_kc512_s701,744,spectral,role_shuffled,local_gradient,12,1.625791294313263,0.45226130653266333,1.610892753868516
flywire_783_mb_left_kc512_s701,744,spectral,role_shuffled,local_gradient,13,1.633035022119209,0.4221105527638191,1.610892753868516
flywire_783_mb_left_kc512_s701,744,spectral,role_shuffled,local_gradient,14,1.646702220204703,0.40703517587939697,1.610892753868516
flywire_783_mb_left_kc512_s701,744,spectral,role_shuffled,local_gradient,15,1.6490463548591336,0.40703517587939697,1.610892753868516
flywire_783_mb_left_kc512_s701,744,spectral,role_shuffled,local_gradient,16,1.6375745184251207,0.4271356783919598,1.610892753868516
flywire_783_mb_left_kc512_s701,744,spectral,role_shuffled,local_gradient,17,1.6267169943010416,0.46733668341708545,1.610892753868516
flywire_783_mb_left_kc512_s701,744,spectral,role_shuffled,local_gradient,18,1.631000643485402,0.457286432160804,1.610892753868516
flywire_783_mb_left_kc512_s701,744,spectral,role_shuffled,local_gradient,19,1.6454626713265519,0.45226130653266333,1.610892753868516
flywire_783_mb_left_kc512_s701,744,spectral,role_shuffled,local_gradient,20,1.6517825832449025,0.46733668341708545,1.610892753868516
flywire_783_mb_left_kc512_s701,744,spectral,role_shuffled,local_gradient,21,1.6441167278671822,0.46733668341708545,1.610892753868516
flywire_783_mb_left_kc512_s701,744,spectral,role_shuffled,local_gradient,22,1.631722343470216,0.4623115577889447,1.610892753868516
flywire_783_mb_left_kc512_s701,744,spectral,role_shuffled,local_gradient,23,1.625049024797143,0.4271356783919598,1.610892753868516
flywire_783_mb_left_kc512_s701,744,spectral,role_shuffled,local_gradient,24,1.6268493452792374,0.4221105527638191,1.610892753868516
flywire_783_mb_left_kc512_s701,744,spectral,role_shuffled,local_gradient,25,1.6333334254988023,0.4120603015075377,1.610892753868516
flywire_783_mb_left_kc512_s701,744,spectral,role_shuffled,local_gradient,26,1.6398565978499287,0.3969849246231156,1.610892753868516
flywire_783_mb_left_kc512_s701,744,spectral,role_shuffled,local_gradient,27,1.643830110656531,0.4020100502512563,1.610892753868516
flywire_783_mb_left_kc512_s701,744,spectral,role_shuffled,local_gradient,28,1.6440883419491978,0.40703517587939697,1.610892753868516
flywire_783_mb_left_kc512_s701,744,spectral,role_shuffled,local_gradient,29,1.640148312622183,0.4271356783919598,1.610892753868516
flywire_783_mb_left_kc512_s701,744,spectral,role_shuffled,local_gradient,30,1.6332443767398104,0.457286432160804,1.610892753868516
flywire_783_mb_left_kc512_s701,744,spectral,role_shuffled,local_gradient,31,1.6283226211120256,0.47738693467336685,1.610892753868516
flywire_783_mb_left_kc512_s701,744,spectral,role_shuffled,local_gradient,32,1.6329622281452558,0.4623115577889447,1.610892753868516
flywire_783_mb_left_kc512_s701,744,spectral,role_shuffled,local_gradient,33,1.6490198743333224,0.45226130653266333,1.610892753868516
flywire_783_mb_left_kc512_s701,744,spectral,role_shuffled,local_gradient,34,1.665179562452282,0.457286432160804,1.610892753868516
flywire_783_mb_left_kc512_s701,744,spectral,role_shuffled,local_gradient,35,1.6670313967717543,0.4371859296482412,1.610892753868516
flywire_783_mb_left_kc512_s701,744,spectral,role_shuffled,local_gradient,36,1.6537676764484606,0.44221105527638194,1.610892753868516
flywire_783_mb_left_kc512_s701,744,spectral,role_shuffled,local_gradient,37,1.6374101140822341,0.44221105527638194,1.610892753868516
flywire_783_mb_left_kc512_s701,744,spectral,role_shuffled,local_gradient,38,1.6299335244744326,0.4271356783919598,1.610892753868516
flywire_783_mb_left_kc512_s701,744,spectral,role_shuffled,local_gradient,39,1.6338551396587968,0.4221105527638191,1.610892753868516
flywire_783_mb_left_kc512_s701,744,spectral,role_shuffled,local_gradient,40,1.6433363466859567,0.41708542713567837,1.610892753868516
flywire_783_mb_left_kc512_s701,744,spectral,role_shuffled,local_gradient,41,1.6516852824019426,0.39195979899497485,1.610892753868516
flywire_783_mb_left_kc512_s701,744,spectral,role_shuffled,local_gradient,42,1.6558119058633443,0.39195979899497485,1.610892753868516
flywire_783_mb_left_kc512_s701,744,spectral,role_shuffled,local_gradient,43,1.655504890630061,0.3969849246231156,1.610892753868516
flywire_783_mb_left_kc512_s701,744,spectral,role_shuffled,local_gradient,44,1.6515221651089667,0.4120603015075377,1.610892753868516
flywire_783_mb_left_kc512_s701,744,spectral,role_shuffled,local_gradient,45,1.64491718104332,0.41708542713567837,1.610892753868516
flywire_783_mb_left_kc512_s701,744,spectral,role_shuffled,local_gradient,46,1.6381568602212435,0.45226130653266333,1.610892753868516
flywire_783_mb_left_kc512_s701,744,spectral,role_shuffled,local_gradient,47,1.636925157533074,0.46733668341708545,1.610892753868516
flywire_783_mb_left_kc512_s701,744,spectral,role_shuffled,local_gradient,48,1.6478387685575904,0.45226130653266333,1.610892753868516
flywire_783_mb_left_kc512_s701,744,spectral,role_shuffled,local_gradient,49,1.669419795346402,0.4472361809045226,1.610892753868516
flywire_783_mb_left_kc512_s701,744,spectral,role_shuffled,local_gradient,50,1.6875462404954553,0.4472361809045226,1.610892753868516
flywire_783_mb_left_kc512_s701,744,spectral,role_shuffled,local_gradient,51,1.6881493141903159,0.45226130653266333,1.610892753868516
flywire_783_mb_left_kc512_s701,744,spectral,role_shuffled,local_gradient,52,1.6719617723667257,0.4472361809045226,1.610892753868516
flywire_783_mb_left_kc512_s701,744,spectral,role_shuffled,local_gradient,53,1.6520151192632564,0.44221105527638194,1.610892753868516
flywire_783_mb_left_kc512_s701,744,spectral,role_shuffled,local_gradient,54,1.6413120177919132,0.4271356783919598,1.610892753868516
flywire_783_mb_left_kc512_s701,744,spectral,role_shuffled,local_gradient,55,1.644604322318949,0.4120603015075377,1.610892753868516
flywire_783_mb_left_kc512_s701,744,spectral,role_shuffled,local_gradient,56,1.6591627236619824,0.3869346733668342,1.610892753868516
flywire_783_mb_left_kc512_s701,744,spectral,role_shuffled,local_gradient,57,1.679377323885734,0.3768844221105528,1.610892753868516
flywire_783_mb_left_kc512_s701,744,spectral,role_shuffled,local_gradient,58,1.6983918678930892,0.35678391959798994,1.610892753868516
flywire_783_mb_left_kc512_s701,744,spectral,role_shuffled,local_gradient,59,1.7082658404222957,0.36683417085427134,1.610892753868516
flywire_783_mb_left_kc512_s701,744,spectral,role_shuffled,local_gradient,60,1.7026443836097953,0.37185929648241206,1.610892753868516
flywire_783_mb_left_kc512_s701,744,spectral,role_shuffled,local_gradient,61,1.6816780512917553,0.3969849246231156,1.610892753868516
flywire_783_mb_left_kc512_s701,744,spectral,role_shuffled,local_gradient,62,1.6561939441277704,0.4371859296482412,1.610892753868516
flywire_783_mb_left_kc512_s701,744,spectral,role_shuffled,local_gradient,63,1.6457354623511475,0.4723618090452261,1.610892753868516
flywire_783_mb_left_kc512_s701,744,spectral,role_shuffled,local_gradient,64,1.6648488258249483,0.4472361809045226,1.610892753868516
flywire_783_mb_left_kc512_s701,744,spectral,role_shuffled,local_gradient,65,1.7044093485402814,0.4321608040201005,1.610892753868516
flywire_783_mb_left_kc512_s701,744,spectral,role_shuffled,local_gradient,66,1.7345738170809153,0.4221105527638191,1.610892753868516
flywire_783_mb_left_kc512_s701,744,spectral,role_shuffled,local_gradient,67,1.7344399252863412,0.41708542713567837,1.610892753868516
flywire_783_mb_left_kc512_s701,744,spectral,role_shuffled,local_gradient,68,1.708894495591582,0.4371859296482412,1.610892753868516
flywire_783_mb_left_kc512_s701,744,spectral,role_shuffled,local_gradient,69,1.677648014108705,0.46733668341708545,1.610892753868516
flywire_783_mb_left_kc512_s701,744,spectral,role_shuffled,local_gradient,70,1.6575909002722244,0.4321608040201005,1.610892753868516
flywire_783_mb_left_kc512_s701,744,spectral,role_shuffled,local_gradient,71,1.6546785067619867,0.4120603015075377,1.610892753868516
flywire_783_mb_left_kc512_s701,744,spectral,role_shuffled,local_gradient,72,1.6668419784710167,0.3969849246231156,1.610892753868516
flywire_783_mb_left_kc512_s701,744,spectral,role_shuffled,local_gradient,73,1.6899236540133078,0.35678391959798994,1.610892753868516
flywire_783_mb_left_kc512_s701,744,spectral,role_shuffled,local_gradient,74,1.7194512903306012,0.36683417085427134,1.610892753868516
flywire_783_mb_left_kc512_s701,744,spectral,role_shuffled,local_gradient,75,1.7481617826039924,0.35678391959798994,1.610892753868516
flywire_783_mb_left_kc512_s701,744,spectral,role_shuffled,local_gradient,76,1.7646063074642395,0.36180904522613067,1.610892753868516
flywire_783_mb_left_kc512_s701,744,spectral,role_shuffled,local_gradient,77,1.757543815488526,0.34673366834170855,1.610892753868516
flywire_783_mb_left_kc512_s701,744,spectral,role_shuffled,local_gradient,78,1.7256852724912268,0.36180904522613067,1.610892753868516
flywire_783_mb_left_kc512_s701,744,spectral,role_shuffled,local_gradient,79,1.6847993154467804,0.4271356783919598,1.610892753868516
flywire_783_mb_left_kc512_s701,744,spectral,role_shuffled,local_gradient,80,1.662106254279732,0.45226130653266333,1.610892753868516
flywire_783_mb_left_kc512_s701,744,spectral,role_shuffled,local_gradient,81,1.6765148421047738,0.4371859296482412,1.610892753868516
flywire_783_mb_left_kc512_s701,744,spectral,role_shuffled,local_gradient,82,1.7188495941805513,0.4271356783919598,1.610892753868516
flywire_783_mb_left_kc512_s701,744,spectral,role_shuffled,local_gradient,83,1.757608230469991,0.4221105527638191,1.610892753868516
flywire_783_mb_left_kc512_s701,744,spectral,role_shuffled,local_gradient,84,1.768019445757023,0.4120603015075377,1.610892753868516
flywire_783_mb_left_kc512_s701,744,spectral,role_shuffled,local_gradient,85,1.7490735495284542,0.41708542713567837,1.610892753868516
flywire_783_mb_left_kc512_s701,744,spectral,role_shuffled,local_gradient,86,1.7161967587765758,0.4271356783919598,1.610892753868516
flywire_783_mb_left_kc512_s701,744,spectral,role_shuffled,local_gradient,87,1.6863057514506936,0.45226130653266333,1.610892753868516
flywire_783_mb_left_kc512_s701,744,spectral,role_shuffled,local_gradient,88,1.669056289361517,0.4371859296482412,1.610892753868516
flywire_783_mb_left_kc512_s701,744,spectral,role_shuffled,local_gradient,89,1.6664078164621918,0.4321608040201005,1.610892753868516
flywire_783_mb_left_kc512_s701,744,spectral,role_shuffled,local_gradient,90,1.6760546477332512,0.3969849246231156,1.610892753868516
flywire_783_mb_left_kc512_s701,744,spectral,role_shuffled,local_gradient,91,1.6949425318561637,0.35678391959798994,1.610892753868516
flywire_783_mb_left_kc512_s701,744,spectral,role_shuffled,local_gradient,92,1.720796743385163,0.36683417085427134,1.610892753868516
flywire_783_mb_left_kc512_s701,744,spectral,role_shuffled,local_gradient,93,1.7491809956138284,0.34673366834170855,1.610892753868516
flywire_783_mb_left_kc512_s701,744,spectral,role_shuffled,local_gradient,94,1.7697062002795712,0.3417085427135678,1.610892753868516
flywire_783_mb_left_kc512_s701,744,spectral,role_shuffled,local_gradient,95,1.769312613463526,0.35175879396984927,1.610892753868516
flywire_783_mb_left_kc512_s701,744,spectral,role_shuffled,local_gradient,96,1.7431083073848774,0.35678391959798994,1.610892753868516
flywire_783_mb_left_kc512_s701,744,spectral,role_shuffled,local_gradient,97,1.7027915904630169,0.40703517587939697,1.610892753868516
flywire_783_mb_left_kc512_s701,744,spectral,role_shuffled,local_gradient,98,1.6727639677096824,0.45226130653266333,1.610892753868516
flywire_783_mb_left_kc512_s701,744,spectral,role_shuffled,local_gradient,99,1.6737934911697192,0.44221105527638194,1.610892753868516
flywire_783_mb_left_kc512_s701,744,spectral,role_shuffled,local_gradient,100,1.7054732543001305,0.44221105527638194,1.610892753868516
flywire_783_mb_left_kc512_s701,744,spectral,role_shuffled,permuted_bptt,0,3.5268868944680585,0.12060301507537688,3.5268868944680585
flywire_783_mb_left_kc512_s701,744,spectral,role_shuffled,permuted_bptt,1,3.4120334534040726,0.11557788944723618,3.4120334534040726
flywire_783_mb_left_kc512_s701,744,spectral,role_shuffled,permuted_bptt,2,3.3382196516827505,0.12562814070351758,3.3382196516827505
flywire_783_mb_left_kc512_s701,744,spectral,role_shuffled,permuted_bptt,3,3.2777299343679176,0.1407035175879397,3.2777299343679176
flywire_783_mb_left_kc512_s701,744,spectral,role_shuffled,permuted_bptt,4,3.2310906200667344,0.15577889447236182,3.2310906200667344
flywire_783_mb_left_kc512_s701,744,spectral,role_shuffled,permuted_bptt,5,3.180754385260664,0.16080402010050251,3.180754385260664
flywire_783_mb_left_kc512_s701,744,spectral,role_shuffled,permuted_bptt,6,3.147747238909365,0.1507537688442211,3.147747238909365
flywire_783_mb_left_kc512_s701,744,spectral,role_shuffled,permuted_bptt,7,3.1104643387270756,0.1658291457286432,3.1104643387270756
flywire_783_mb_left_kc512_s701,744,spectral,role_shuffled,permuted_bptt,8,3.0738243767718796,0.18090452261306533,3.0738243767718796
flywire_783_mb_left_kc512_s701,744,spectral,role_shuffled,permuted_bptt,9,3.045368550527941,0.19095477386934673,3.045368550527941
flywire_783_mb_left_kc512_s701,744,spectral,role_shuffled,permuted_bptt,10,3.015198865287765,0.20100502512562815,3.015198865287765
flywire_783_mb_left_kc512_s701,744,spectral,role_shuffled,permuted_bptt,11,2.9845987031019336,0.20100502512562815,2.9845987031019336
flywire_783_mb_left_kc512_s701,744,spectral,role_shuffled,permuted_bptt,12,2.959859288184831,0.20100502512562815,2.959859288184831
flywire_783_mb_left_kc512_s701,744,spectral,role_shuffled,permuted_bptt,13,2.936704358538876,0.21105527638190955,2.936704358538876
flywire_783_mb_left_kc512_s701,744,spectral,role_shuffled,permuted_bptt,14,2.9139050898502936,0.20603015075376885,2.9139050898502936
flywire_783_mb_left_kc512_s701,744,spectral,role_shuffled,permuted_bptt,15,2.894851824917943,0.20603015075376885,2.894851824917943
flywire_783_mb_left_kc512_s701,744,spectral,role_shuffled,permuted_bptt,16,2.8767493903662142,0.21105527638190955,2.8767493903662142
flywire_783_mb_left_kc512_s701,744,spectral,role_shuffled,permuted_bptt,17,2.858483033967625,0.19597989949748743,2.858483033967625
flywire_783_mb_left_kc512_s701,744,spectral,role_shuffled,permuted_bptt,18,2.8419957994321723,0.19597989949748743,2.8419957994321723
flywire_783_mb_left_kc512_s701,744,spectral,role_shuffled,permuted_bptt,19,2.8257853018802557,0.20100502512562815,2.8257853018802557
flywire_783_mb_left_kc512_s701,744,spectral,role_shuffled,permuted_bptt,20,2.8092853537468634,0.20100502512562815,2.8092853537468634
flywire_783_mb_left_kc512_s701,744,spectral,role_shuffled,permuted_bptt,21,2.7950971034167233,0.21608040201005024,2.7950971034167233
flywire_783_mb_left_kc512_s701,744,spectral,role_shuffled,permuted_bptt,22,2.7820897048587954,0.21105527638190955,2.7820897048587954
flywire_783_mb_left_kc512_s701,744,spectral,role_shuffled,permuted_bptt,23,2.768480881994349,0.21608040201005024,2.768480881994349
flywire_783_mb_left_kc512_s701,744,spectral,role_shuffled,permuted_bptt,24,2.75596169866031,0.21608040201005024,2.75596169866031
flywire_783_mb_left_kc512_s701,744,spectral,role_shuffled,permuted_bptt,25,2.7443952447394255,0.21105527638190955,2.7443952447394255
flywire_783_mb_left_kc512_s701,744,spectral,role_shuffled,permuted_bptt,26,2.7325004632412897,0.22110552763819097,2.7325004632412897
flywire_783_mb_left_kc512_s701,744,spectral,role_shuffled,permuted_bptt,27,2.7214025029444326,0.22613065326633167,2.7214025029444326
flywire_783_mb_left_kc512_s701,744,spectral,role_shuffled,permuted_bptt,28,2.7112626738941956,0.22613065326633167,2.7112626738941956
flywire_783_mb_left_kc512_s701,744,spectral,role_shuffled,permuted_bptt,29,2.7011604976752137,0.22110552763819097,2.7011604976752137
flywire_783_mb_left_kc512_s701,744,spectral,role_shuffled,permuted_bptt,30,2.6915686505453014,0.22110552763819097,2.6915686505453014
flywire_783_mb_left_kc512_s701,744,spectral,role_shuffled,permuted_bptt,31,2.6824482236514005,0.21608040201005024,2.6824482236514005
flywire_783_mb_left_kc512_s701,744,spectral,role_shuffled,permuted_bptt,32,2.6733777032107713,0.21105527638190955,2.6733777032107713
flywire_783_mb_left_kc512_s701,744,spectral,role_shuffled,permuted_bptt,33,2.6649705936284254,0.21105527638190955,2.6649705936284254
flywire_783_mb_left_kc512_s701,744,spectral,role_shuffled,permuted_bptt,34,2.6568558918820564,0.22110552763819097,2.6568558918820564
flywire_783_mb_left_kc512_s701,744,spectral,role_shuffled,permuted_bptt,35,2.6485641717286277,0.22613065326633167,2.6485641717286277
flywire_783_mb_left_kc512_s701,744,spectral,role_shuffled,permuted_bptt,36,2.6407239557676014,0.21105527638190955,2.6407239557676014
flywire_783_mb_left_kc512_s701,744,spectral,role_shuffled,permuted_bptt,37,2.6331032376791397,0.21105527638190955,2.6331032376791397
flywire_783_mb_left_kc512_s701,744,spectral,role_shuffled,permuted_bptt,38,2.625416509290675,0.20100502512562815,2.625416509290675
flywire_783_mb_left_kc512_s701,744,spectral,role_shuffled,permuted_bptt,39,2.618148233038646,0.20100502512562815,2.618148233038646
flywire_783_mb_left_kc512_s701,744,spectral,role_shuffled,permuted_bptt,40,2.611058768011517,0.20100502512562815,2.611058768011517
flywire_783_mb_left_kc512_s701,744,spectral,role_shuffled,permuted_bptt,41,2.6039970455023544,0.21608040201005024,2.6039970455023544
flywire_783_mb_left_kc512_s701,744,spectral,role_shuffled,permuted_bptt,42,2.5971823504842835,0.21608040201005024,2.5971823504842835
flywire_783_mb_left_kc512_s701,744,spectral,role_shuffled,permuted_bptt,43,2.590421371428821,0.22110552763819097,2.590421371428821
flywire_783_mb_left_kc512_s701,744,spectral,role_shuffled,permuted_bptt,44,2.5838015344214047,0.21608040201005024,2.5838015344214047
flywire_783_mb_left_kc512_s701,744,spectral,role_shuffled,permuted_bptt,45,2.5773728339142323,0.21105527638190955,2.5773728339142323
flywire_783_mb_left_kc512_s701,744,spectral,role_shuffled,permuted_bptt,46,2.570961726363745,0.21105527638190955,2.570961726363745
flywire_783_mb_left_kc512_s701,744,spectral,role_shuffled,permuted_bptt,47,2.5647800825775415,0.21105527638190955,2.5647800825775415
flywire_783_mb_left_kc512_s701,744,spectral,role_shuffled,permuted_bptt,48,2.5587538485103702,0.21105527638190955,2.5587538485103702
flywire_783_mb_left_kc512_s701,744,spectral,role_shuffled,permuted_bptt,49,2.552747294696948,0.21105527638190955,2.552747294696948
flywire_783_mb_left_kc512_s701,744,spectral,role_shuffled,permuted_bptt,50,2.5469376953243508,0.20603015075376885,2.5469376953243508
flywire_783_mb_left_kc512_s701,744,spectral,role_shuffled,permuted_bptt,51,2.541218602626209,0.20100502512562815,2.541218602626209
flywire_783_mb_left_kc512_s701,744,spectral,role_shuffled,permuted_bptt,52,2.535572197040946,0.19597989949748743,2.535572197040946
flywire_783_mb_left_kc512_s701,744,spectral,role_shuffled,permuted_bptt,53,2.5300655548856534,0.19597989949748743,2.5300655548856534
flywire_783_mb_left_kc512_s701,744,spectral,role_shuffled,permuted_bptt,54,2.52459662038376,0.19597989949748743,2.52459662038376
flywire_783_mb_left_kc512_s701,744,spectral,role_shuffled,permuted_bptt,55,2.5192210486279976,0.19597989949748743,2.5192210486279976
flywire_783_mb_left_kc512_s701,744,spectral,role_shuffled,permuted_bptt,56,2.513918543932856,0.19597989949748743,2.513918543932856
flywire_783_mb_left_kc512_s701,744,spectral,role_shuffled,permuted_bptt,57,2.5086888117507544,0.19095477386934673,2.5086888117507544
flywire_783_mb_left_kc512_s701,744,spectral,role_shuffled,permuted_bptt,58,2.5035835072240524,0.19095477386934673,2.5035835072240524
flywire_783_mb_left_kc512_s701,744,spectral,role_shuffled,permuted_bptt,59,2.498511570984687,0.19095477386934673,2.498511570984687
flywire_783_mb_left_kc512_s701,744,spectral,role_shuffled,permuted_bptt,60,2.4935128982336,0.19095477386934673,2.4935128982336
flywire_783_mb_left_kc512_s701,744,spectral,role_shuffled,permuted_bptt,61,2.4885913934856925,0.19095477386934673,2.4885913934856925
flywire_783_mb_left_kc512_s701,744,spectral,role_shuffled,permuted_bptt,62,2.4837103400845626,0.19095477386934673,2.4837103400845626
flywire_783_mb_left_kc512_s701,744,spectral,role_shuffled,permuted_bptt,63,2.4789222596813434,0.19095477386934673,2.4789222596813434
flywire_783_mb_left_kc512_s701,744,spectral,role_shuffled,permuted_bptt,64,2.4741960378340133,0.19095477386934673,2.4741960378340133
flywire_783_mb_left_kc512_s701,744,spectral,role_shuffled,permuted_bptt,65,2.469540752503917,0.19095477386934673,2.469540752503917
flywire_783_mb_left_kc512_s701,744,spectral,role_shuffled,permuted_bptt,66,2.464953196359369,0.19095477386934673,2.464953196359369
flywire_783_mb_left_kc512_s701,744,spectral,role_shuffled,permuted_bptt,67,2.4604201246074777,0.19095477386934673,2.4604201246074777
flywire_783_mb_left_kc512_s701,744,spectral,role_shuffled,permuted_bptt,68,2.4559603919261956,0.19095477386934673,2.4559603919261956
flywire_783_mb_left_kc512_s701,744,spectral,role_shuffled,permuted_bptt,69,2.451543933581594,0.19095477386934673,2.451543933581594
flywire_783_mb_left_kc512_s701,744,spectral,role_shuffled,permuted_bptt,70,2.4471920063107753,0.18592964824120603,2.4471920063107753
flywire_783_mb_left_kc512_s701,744,spectral,role_shuffled,permuted_bptt,71,2.442897643539832,0.19095477386934673,2.442897643539832
flywire_783_mb_left_kc512_s701,744,spectral,role_shuffled,permuted_bptt,72,2.43865173323721,0.19597989949748743,2.43865173323721
flywire_783_mb_left_kc512_s701,744,spectral,role_shuffled,permuted_bptt,73,2.4344712960563406,0.20100502512562815,2.4344712960563406
flywire_783_mb_left_kc512_s701,744,spectral,role_shuffled,permuted_bptt,74,2.430340207935668,0.20100502512562815,2.430340207935668
flywire_783_mb_left_kc512_s701,744,spectral,role_shuffled,permuted_bptt,75,2.4262662440601273,0.20100502512562815,2.4262662440601273
flywire_783_mb_left_kc512_s701,744,spectral,role_shuffled,permuted_bptt,76,2.4222402885719108,0.20100502512562815,2.4222402885719108
flywire_783_mb_left_kc512_s701,744,spectral,role_shuffled,permuted_bptt,77,2.4182670455373705,0.20100502512562815,2.4182670455373705
flywire_783_mb_left_kc512_s701,744,spectral,role_shuffled,permuted_bptt,78,2.414346687462873,0.20100502512562815,2.414346687462873
flywire_783_mb_left_kc512_s701,744,spectral,role_shuffled,permuted_bptt,79,2.41047511484154,0.20100502512562815,2.41047511484154
flywire_783_mb_left_kc512_s701,744,spectral,role_shuffled,permuted_bptt,80,2.4066591462936398,0.20100502512562815,2.4066591462936398
flywire_783_mb_left_kc512_s701,744,spectral,role_shuffled,permuted_bptt,81,2.402885903573811,0.20603015075376885,2.402885903573811
flywire_783_mb_left_kc512_s701,744,spectral,role_shuffled,permuted_bptt,82,2.3991616715609223,0.20603015075376885,2.3991616715609223
flywire_783_mb_left_kc512_s701,744,spectral,role_shuffled,permuted_bptt,83,2.3954834718520517,0.20603015075376885,2.3954834718520517
flywire_783_mb_left_kc512_s701,744,spectral,role_shuffled,permuted_bptt,84,2.391852711950168,0.20603015075376885,2.391852711950168
flywire_783_mb_left_kc512_s701,744,spectral,role_shuffled,permuted_bptt,85,2.388269189911083,0.20603015075376885,2.388269189911083
flywire_783_mb_left_kc512_s701,744,spectral,role_shuffled,permuted_bptt,86,2.384730668097753,0.20603015075376885,2.384730668097753
flywire_783_mb_left_kc512_s701,744,spectral,role_shuffled,permuted_bptt,87,2.381238015504513,0.20603015075376885,2.381238015504513
flywire_783_mb_left_kc512_s701,744,spectral,role_shuffled,permuted_bptt,88,2.3777868445887123,0.20603015075376885,2.3777868445887123
flywire_783_mb_left_kc512_s701,744,spectral,role_shuffled,permuted_bptt,89,2.374381184349435,0.21105527638190955,2.374381184349435
flywire_783_mb_left_kc512_s701,744,spectral,role_shuffled,permuted_bptt,90,2.3710167383543332,0.21608040201005024,2.3710167383543332
flywire_783_mb_left_kc512_s701,744,spectral,role_shuffled,permuted_bptt,91,2.367695756495627,0.21608040201005024,2.367695756495627
flywire_783_mb_left_kc512_s701,744,spectral,role_shuffled,permuted_bptt,92,2.3644168344115406,0.21608040201005024,2.3644168344115406
flywire_783_mb_left_kc512_s701,744,spectral,role_shuffled,permuted_bptt,93,2.3611797941913215,0.21105527638190955,2.3611797941913215
flywire_783_mb_left_kc512_s701,744,spectral,role_shuffled,permuted_bptt,94,2.3579844299852395,0.21105527638190955,2.3579844299852395
flywire_783_mb_left_kc512_s701,744,spectral,role_shuffled,permuted_bptt,95,2.354830267069142,0.21105527638190955,2.354830267069142
flywire_783_mb_left_kc512_s701,744,spectral,role_shuffled,permuted_bptt,96,2.3517172424282053,0.21105527638190955,2.3517172424282053
flywire_783_mb_left_kc512_s701,744,spectral,role_shuffled,permuted_bptt,97,2.3486434032276104,0.21105527638190955,2.3486434032276104
flywire_783_mb_left_kc512_s701,744,spectral,role_shuffled,permuted_bptt,98,2.345610119931679,0.21105527638190955,2.345610119931679
flywire_783_mb_left_kc512_s701,744,spectral,role_shuffled,permuted_bptt,99,2.3426156927879562,0.21105527638190955,2.3426156927879562
flywire_783_mb_left_kc512_s701,744,spectral,role_shuffled,permuted_bptt,100,2.3396612198240234,0.21105527638190955,2.3396612198240234
flywire_783_mb_left_kc512_s701,744,incoming_l1,fly,frozen,0,1.5990355569117485,0.4371859296482412,1.5990355569117485
flywire_783_mb_left_kc512_s701,744,incoming_l1,fly,full_bptt,0,1.5990355569117485,0.4371859296482412,1.5990355569117485
flywire_783_mb_left_kc512_s701,744,incoming_l1,fly,full_bptt,1,1.6422530484588376,0.41708542713567837,1.5990355569117485
flywire_783_mb_left_kc512_s701,744,incoming_l1,fly,full_bptt,2,1.6284124629589471,0.41708542713567837,1.5990355569117485
flywire_783_mb_left_kc512_s701,744,incoming_l1,fly,full_bptt,3,1.6229915302658322,0.4371859296482412,1.5990355569117485
flywire_783_mb_left_kc512_s701,744,incoming_l1,fly,full_bptt,4,1.607484362971655,0.4271356783919598,1.5990355569117485
flywire_783_mb_left_kc512_s701,744,incoming_l1,fly,full_bptt,5,1.6194335604167711,0.3969849246231156,1.5990355569117485
flywire_783_mb_left_kc512_s701,744,incoming_l1,fly,full_bptt,6,1.6163071817362367,0.4120603015075377,1.5990355569117485
flywire_783_mb_left_kc512_s701,744,incoming_l1,fly,full_bptt,7,1.6019680153631572,0.4472361809045226,1.5990355569117485
flywire_783_mb_left_kc512_s701,744,incoming_l1,fly,full_bptt,8,1.602284578437953,0.4723618090452261,1.5990355569117485
flywire_783_mb_left_kc512_s701,744,incoming_l1,fly,full_bptt,9,1.6083629120804026,0.4371859296482412,1.5990355569117485
flywire_783_mb_left_kc512_s701,744,incoming_l1,fly,full_bptt,10,1.6065281707457566,0.4371859296482412,1.5990355569117485
flywire_783_mb_left_kc512_s701,744,incoming_l1,fly,full_bptt,11,1.602210943285647,0.4472361809045226,1.5990355569117485
flywire_783_mb_left_kc512_s701,744,incoming_l1,fly,full_bptt,12,1.602597914309499,0.4221105527638191,1.5990355569117485
flywire_783_mb_left_kc512_s701,744,incoming_l1,fly,full_bptt,13,1.6032038511704807,0.41708542713567837,1.5990355569117485
flywire_783_mb_left_kc512_s701,744,incoming_l1,fly,full_bptt,14,1.5996127673205853,0.4271356783919598,1.5990355569117485
flywire_783_mb_left_kc512_s701,744,incoming_l1,fly,full_bptt,15,1.5969982680272197,0.4371859296482412,1.5969982680272197
flywire_783_mb_left_kc512_s701,744,incoming_l1,fly,full_bptt,16,1.5988549043070157,0.4371859296482412,1.5969982680272197
flywire_783_mb_left_kc512_s701,744,incoming_l1,fly,full_bptt,17,1.6010260361129236,0.45226130653266333,1.5969982680272197
flywire_783_mb_left_kc512_s701,744,incoming_l1,fly,full_bptt,18,1.5997334376422068,0.45226130653266333,1.5969982680272197
flywire_783_mb_left_kc512_s701,744,incoming_l1,fly,full_bptt,19,1.5971737188780502,0.457286432160804,1.5969982680272197
flywire_783_mb_left_kc512_s701,744,incoming_l1,fly,full_bptt,20,1.5964238391183485,0.4321608040201005,1.5964238391183485
flywire_783_mb_left_kc512_s701,744,incoming_l1,fly,full_bptt,21,1.5966193441583056,0.4321608040201005,1.5964238391183485
flywire_783_mb_left_kc512_s701,744,incoming_l1,fly,full_bptt,22,1.5961009236184736,0.4472361809045226,1.5961009236184736
flywire_783_mb_left_kc512_s701,744,incoming_l1,fly,full_bptt,23,1.5957017404120484,0.45226130653266333,1.5957017404120484
flywire_783_mb_left_kc512_s701,744,incoming_l1,fly,full_bptt,24,1.5961121490855275,0.46733668341708545,1.5957017404120484
flywire_783_mb_left_kc512_s701,744,incoming_l1,fly,full_bptt,25,1.5960975650291334,0.4623115577889447,1.5957017404120484
flywire_783_mb_left_kc512_s701,744,incoming_l1,fly,full_bptt,26,1.5950473033425934,0.457286432160804,1.5950473033425934
flywire_783_mb_left_kc512_s701,744,incoming_l1,fly,full_bptt,27,1.5941330884988234,0.46733668341708545,1.5941330884988234
flywire_783_mb_left_kc512_s701,744,incoming_l1,fly,full_bptt,28,1.5941877881286957,0.4371859296482412,1.5941330884988234
flywire_783_mb_left_kc512_s701,744,incoming_l1,fly,full_bptt,29,1.594463242441701,0.4371859296482412,1.5941330884988234
flywire_783_mb_left_kc512_s701,744,incoming_l1,fly,full_bptt,30,1.594193919825542,0.44221105527638194,1.5941330884988234
flywire_783_mb_left_kc512_s701,744,incoming_l1,fly,full_bptt,31,1.593728598498023,0.45226130653266333,1.593728598498023
flywire_783_mb_left_kc512_s701,744,incoming_l1,fly,full_bptt,32,1.5934644971147305,0.46733668341708545,1.5934644971147305
flywire_783_mb_left_kc512_s701,744,incoming_l1,fly,full_bptt,33,1.5932125028821602,0.45226130653266333,1.5932125028821602
flywire_783_mb_left_kc512_s701,744,incoming_l1,fly,full_bptt,34,1.5928770928786784,0.45226130653266333,1.5928770928786784
flywire_783_mb_left_kc512_s701,744,incoming_l1,fly,full_bptt,35,1.5927373144177803,0.4472361809045226,1.5927373144177803
flywire_783_mb_left_kc512_s701,744,incoming_l1,fly,full_bptt,36,1.5927647654381911,0.45226130653266333,1.5927373144177803
flywire_783_mb_left_kc512_s701,744,incoming_l1,fly,full_bptt,37,1.5926056993754143,0.45226130653266333,1.5926056993754143
flywire_783_mb_left_kc512_s701,744,incoming_l1,fly,full_bptt,38,1.592239968974548,0.457286432160804,1.592239968974548
flywire_783_mb_left_kc512_s701,744,incoming_l1,fly,full_bptt,39,1.5919530073258117,0.457286432160804,1.5919530073258117
flywire_783_mb_left_kc512_s701,744,incoming_l1,fly,full_bptt,40,1.5918159230864142,0.457286432160804,1.5918159230864142
flywire_783_mb_left_kc512_s701,744,incoming_l1,fly,full_bptt,41,1.5917073496663896,0.457286432160804,1.5917073496663896
flywire_783_mb_left_kc512_s701,744,incoming_l1,fly,full_bptt,42,1.5915897161283017,0.457286432160804,1.5915897161283017
flywire_783_mb_left_kc512_s701,744,incoming_l1,fly,full_bptt,43,1.5914420528278324,0.457286432160804,1.5914420528278324
flywire_783_mb_left_kc512_s701,744,incoming_l1,fly,full_bptt,44,1.5912263766106478,0.4472361809045226,1.5912263766106478
flywire_783_mb_left_kc512_s701,744,incoming_l1,fly,full_bptt,45,1.5910014508662034,0.4472361809045226,1.5910014508662034
flywire_783_mb_left_kc512_s701,744,incoming_l1,fly,full_bptt,46,1.5908602540619543,0.4472361809045226,1.5908602540619543
flywire_783_mb_left_kc512_s701,744,incoming_l1,fly,full_bptt,47,1.59075540582235,0.45226130653266333,1.59075540582235
flywire_783_mb_left_kc512_s701,744,incoming_l1,fly,full_bptt,48,1.5906181854947725,0.4472361809045226,1.5906181854947725
flywire_783_mb_left_kc512_s701,744,incoming_l1,fly,full_bptt,49,1.5904619148238381,0.4472361809045226,1.5904619148238381
flywire_783_mb_left_kc512_s701,744,incoming_l1,fly,full_bptt,50,1.5902991868012517,0.44221105527638194,1.5902991868012517
flywire_783_mb_left_kc512_s701,744,incoming_l1,fly,full_bptt,51,1.5901349253996546,0.4472361809045226,1.5901349253996546
flywire_783_mb_left_kc512_s701,744,incoming_l1,fly,full_bptt,52,1.5899983790135137,0.4472361809045226,1.5899983790135137
flywire_783_mb_left_kc512_s701,744,incoming_l1,fly,full_bptt,53,1.5898814368183123,0.45226130653266333,1.5898814368183123
flywire_783_mb_left_kc512_s701,744,incoming_l1,fly,full_bptt,54,1.589743473313966,0.457286432160804,1.589743473313966
flywire_783_mb_left_kc512_s701,744,incoming_l1,fly,full_bptt,55,1.589595915988788,0.457286432160804,1.589595915988788
flywire_783_mb_left_kc512_s701,744,incoming_l1,fly,full_bptt,56,1.5894574768856011,0.45226130653266333,1.5894574768856011
flywire_783_mb_left_kc512_s701,744,incoming_l1,fly,full_bptt,57,1.5893156282130463,0.4472361809045226,1.5893156282130463
flywire_783_mb_left_kc512_s701,744,incoming_l1,fly,full_bptt,58,1.5891817946849176,0.44221105527638194,1.5891817946849176
flywire_783_mb_left_kc512_s701,744,incoming_l1,fly,full_bptt,59,1.5890698210735252,0.4472361809045226,1.5890698210735252
flywire_783_mb_left_kc512_s701,744,incoming_l1,fly,full_bptt,60,1.588942772207713,0.44221105527638194,1.588942772207713
flywire_783_mb_left_kc512_s701,744,incoming_l1,fly,full_bptt,61,1.5887897551728636,0.44221105527638194,1.5887897551728636
flywire_783_mb_left_kc512_s701,744,incoming_l1,fly,full_bptt,62,1.5886559251995604,0.44221105527638194,1.5886559251995604
flywire_783_mb_left_kc512_s701,744,incoming_l1,fly,full_bptt,63,1.5885462723871697,0.4472361809045226,1.5885462723871697
flywire_783_mb_left_kc512_s701,744,incoming_l1,fly,full_bptt,64,1.5884216689126185,0.44221105527638194,1.5884216689126185
flywire_783_mb_left_kc512_s701,744,incoming_l1,fly,full_bptt,65,1.5882895574440667,0.4472361809045226,1.5882895574440667
flywire_783_mb_left_kc512_s701,744,incoming_l1,fly,full_bptt,66,1.5881675030508302,0.4472361809045226,1.5881675030508302
flywire_783_mb_left_kc512_s701,744,incoming_l1,fly,full_bptt,67,1.5880396863358763,0.45226130653266333,1.5880396863358763
flywire_783_mb_left_kc512_s701,744,incoming_l1,fly,full_bptt,68,1.587912317424161,0.45226130653266333,1.587912317424161
flywire_783_mb_left_kc512_s701,744,incoming_l1,fly,full_bptt,69,1.5877991924280996,0.44221105527638194,1.5877991924280996
flywire_783_mb_left_kc512_s701,744,incoming_l1,fly,full_bptt,70,1.587679381320764,0.44221105527638194,1.587679381320764
flywire_783_mb_left_kc512_s701,744,incoming_l1,fly,full_bptt,71,1.5875502983544891,0.44221105527638194,1.5875502983544891
flywire_783_mb_left_kc512_s701,744,incoming_l1,fly,full_bptt,72,1.5874318331539223,0.44221105527638194,1.5874318331539223
flywire_783_mb_left_kc512_s701,744,incoming_l1,fly,full_bptt,73,1.5873147079711774,0.45226130653266333,1.5873147079711774
flywire_783_mb_left_kc512_s701,744,incoming_l1,fly,full_bptt,74,1.5871942679727018,0.4472361809045226,1.5871942679727018
flywire_783_mb_left_kc512_s701,744,incoming_l1,fly,full_bptt,75,1.587079283598701,0.4472361809045226,1.587079283598701
flywire_783_mb_left_kc512_s701,744,incoming_l1,fly,full_bptt,76,1.5869612673127809,0.4472361809045226,1.5869612673127809
flywire_783_mb_left_kc512_s701,744,incoming_l1,fly,full_bptt,77,1.586839577682853,0.4472361809045226,1.586839577682853
flywire_783_mb_left_kc512_s701,744,incoming_l1,fly,full_bptt,78,1.586724917626681,0.4472361809045226,1.586724917626681
flywire_783_mb_left_kc512_s701,744,incoming_l1,fly,full_bptt,79,1.5866119413508517,0.4472361809045226,1.5866119413508517
flywire_783_mb_left_kc512_s701,744,incoming_l1,fly,full_bptt,80,1.586496519296244,0.4472361809045226,1.586496519296244
flywire_783_mb_left_kc512_s701,744,incoming_l1,fly,full_bptt,81,1.5863810898131794,0.4472361809045226,1.5863810898131794
flywire_783_mb_left_kc512_s701,744,incoming_l1,fly,full_bptt,82,1.586264653961834,0.4472361809045226,1.586264653961834
flywire_783_mb_left_kc512_s701,744,incoming_l1,fly,full_bptt,83,1.586150991086972,0.4472361809045226,1.586150991086972
flywire_783_mb_left_kc512_s701,744,incoming_l1,fly,full_bptt,84,1.586040255660525,0.4472361809045226,1.586040255660525
flywire_783_mb_left_kc512_s701,744,incoming_l1,fly,full_bptt,85,1.5859274696741632,0.4472361809045226,1.5859274696741632
flywire_783_mb_left_kc512_s701,744,incoming_l1,fly,full_bptt,86,1.5858141232879817,0.4472361809045226,1.5858141232879817
flywire_783_mb_left_kc512_s701,744,incoming_l1,fly,full_bptt,87,1.5857018992033152,0.4472361809045226,1.5857018992033152
flywire_783_mb_left_kc512_s701,744,incoming_l1,fly,full_bptt,88,1.585590182173867,0.4472361809045226,1.585590182173867
flywire_783_mb_left_kc512_s701,744,incoming_l1,fly,full_bptt,89,1.585480073214551,0.44221105527638194,1.585480073214551
flywire_783_mb_left_kc512_s701,744,incoming_l1,fly,full_bptt,90,1.5853701162640481,0.44221105527638194,1.5853701162640481
flywire_783_mb_left_kc512_s701,744,incoming_l1,fly,full_bptt,91,1.5852592157288394,0.44221105527638194,1.5852592157288394
flywire_783_mb_left_kc512_s701,744,incoming_l1,fly,full_bptt,92,1.5851492333458388,0.44221105527638194,1.5851492333458388
flywire_783_mb_left_kc512_s701,744,incoming_l1,fly,full_bptt,93,1.5850400417945052,0.44221105527638194,1.5850400417945052
flywire_783_mb_left_kc512_s701,744,incoming_l1,fly,full_bptt,94,1.5849311790993201,0.44221105527638194,1.5849311790993201
flywire_783_mb_left_kc512_s701,744,incoming_l1,fly,full_bptt,95,1.58482319286739,0.44221105527638194,1.58482319286739
flywire_783_mb_left_kc512_s701,744,incoming_l1,fly,full_bptt,96,1.5847147241806723,0.44221105527638194,1.5847147241806723
flywire_783_mb_left_kc512_s701,744,incoming_l1,fly,full_bptt,97,1.5846061102978577,0.44221105527638194,1.5846061102978577
flywire_783_mb_left_kc512_s701,744,incoming_l1,fly,full_bptt,98,1.5844991985056993,0.44221105527638194,1.5844991985056993
flywire_783_mb_left_kc512_s701,744,incoming_l1,fly,full_bptt,99,1.584392476472426,0.44221105527638194,1.584392476472426
flywire_783_mb_left_kc512_s701,744,incoming_l1,fly,full_bptt,100,1.5842853289947225,0.44221105527638194,1.5842853289947225
flywire_783_mb_left_kc512_s701,744,incoming_l1,fly,local_gradient,0,1.5990355569117485,0.4371859296482412,1.5990355569117485
flywire_783_mb_left_kc512_s701,744,incoming_l1,fly,local_gradient,1,1.6398875871994611,0.4020100502512563,1.5990355569117485
flywire_783_mb_left_kc512_s701,744,incoming_l1,fly,local_gradient,2,1.631962389960174,0.41708542713567837,1.5990355569117485
flywire_783_mb_left_kc512_s701,744,incoming_l1,fly,local_gradient,3,1.6150830055531775,0.4472361809045226,1.5990355569117485
flywire_783_mb_left_kc512_s701,744,incoming_l1,fly,local_gradient,4,1.6133194683119547,0.4371859296482412,1.5990355569117485
flywire_783_mb_left_kc512_s701,744,incoming_l1,fly,local_gradient,5,1.6162636100217342,0.4120603015075377,1.5990355569117485
flywire_783_mb_left_kc512_s701,744,incoming_l1,fly,local_gradient,6,1.6150207893105255,0.4321608040201005,1.5990355569117485
flywire_783_mb_left_kc512_s701,744,incoming_l1,fly,local_gradient,7,1.6107639407342513,0.44221105527638194,1.5990355569117485
flywire_783_mb_left_kc512_s701,744,incoming_l1,fly,local_gradient,8,1.6084819853714085,0.4321608040201005,1.5990355569117485
flywire_783_mb_left_kc512_s701,744,incoming_l1,fly,local_gradient,9,1.6100903030018054,0.44221105527638194,1.5990355569117485
flywire_783_mb_left_kc512_s701,744,incoming_l1,fly,local_gradient,10,1.6117297756160456,0.4321608040201005,1.5990355569117485
flywire_783_mb_left_kc512_s701,744,incoming_l1,fly,local_gradient,11,1.611321720249046,0.4221105527638191,1.5990355569117485
flywire_783_mb_left_kc512_s701,744,incoming_l1,fly,local_gradient,12,1.610697839621043,0.4221105527638191,1.5990355569117485
flywire_783_mb_left_kc512_s701,744,incoming_l1,fly,local_gradient,13,1.610571394081542,0.4221105527638191,1.5990355569117485
flywire_783_mb_left_kc512_s701,744,incoming_l1,fly,local_gradient,14,1.6095368338669793,0.4321608040201005,1.5990355569117485
flywire_783_mb_left_kc512_s701,744,incoming_l1,fly,local_gradient,15,1.6080240136620252,0.44221105527638194,1.5990355569117485
flywire_783_mb_left_kc512_s701,744,incoming_l1,fly,local_gradient,16,1.6075636609642772,0.46733668341708545,1.5990355569117485
flywire_783_mb_left_kc512_s701,744,incoming_l1,fly,local_gradient,17,1.6073380865767084,0.4623115577889447,1.5990355569117485
flywire_783_mb_left_kc512_s701,744,incoming_l1,fly,local_gradient,18,1.6070743962220735,0.4623115577889447,1.5990355569117485
flywire_783_mb_left_kc512_s701,744,incoming_l1,fly,local_gradient,19,1.6066243142145358,0.4472361809045226,1.5990355569117485
flywire_783_mb_left_kc512_s701,744,incoming_l1,fly,local_gradient,20,1.606459145765819,0.44221105527638194,1.5990355569117485
flywire_783_mb_left_kc512_s701,744,incoming_l1,fly,local_gradient,21,1.6072300061787805,0.4321608040201005,1.5990355569117485
flywire_783_mb_left_kc512_s701,744,incoming_l1,fly,local_gradient,22,1.6073977237578039,0.4221105527638191,1.5990355569117485
flywire_783_mb_left_kc512_s701,744,incoming_l1,fly,local_gradient,23,1.6074506107803734,0.4271356783919598,1.5990355569117485
flywire_783_mb_left_kc512_s701,744,incoming_l1,fly,local_gradient,24,1.60826921572869,0.4221105527638191,1.5990355569117485
flywire_783_mb_left_kc512_s701,744,incoming_l1,fly,local_gradient,25,1.60845113672888,0.4271356783919598,1.5990355569117485
flywire_783_mb_left_kc512_s701,744,incoming_l1,fly,local_gradient,26,1.6078016169517089,0.4271356783919598,1.5990355569117485
flywire_783_mb_left_kc512_s701,744,incoming_l1,fly,local_gradient,27,1.60702774874418,0.44221105527638194,1.5990355569117485
flywire_783_mb_left_kc512_s701,744,incoming_l1,fly,local_gradient,28,1.606628959738296,0.45226130653266333,1.5990355569117485
flywire_783_mb_left_kc512_s701,744,incoming_l1,fly,local_gradient,29,1.607096446866292,0.457286432160804,1.5990355569117485
flywire_783_mb_left_kc512_s701,744,incoming_l1,fly,local_gradient,30,1.6079319092361648,0.4472361809045226,1.5990355569117485
flywire_783_mb_left_kc512_s701,744,incoming_l1,fly,local_gradient,31,1.6085314879564798,0.45226130653266333,1.5990355569117485
flywire_783_mb_left_kc512_s701,744,incoming_l1,fly,local_gradient,32,1.6090112646301762,0.45226130653266333,1.5990355569117485
flywire_783_mb_left_kc512_s701,744,incoming_l1,fly,local_gradient,33,1.609544873353825,0.4472361809045226,1.5990355569117485
flywire_783_mb_left_kc512_s701,744,incoming_l1,fly,local_gradient,34,1.6102213662486942,0.4472361809045226,1.5990355569117485
flywire_783_mb_left_kc512_s701,744,incoming_l1,fly,local_gradient,35,1.6110456099594817,0.4371859296482412,1.5990355569117485
flywire_783_mb_left_kc512_s701,744,incoming_l1,fly,local_gradient,36,1.6120086867452252,0.4371859296482412,1.5990355569117485
flywire_783_mb_left_kc512_s701,744,incoming_l1,fly,local_gradient,37,1.6129330318303647,0.44221105527638194,1.5990355569117485
flywire_783_mb_left_kc512_s701,744,incoming_l1,fly,local_gradient,38,1.6134950427535935,0.44221105527638194,1.5990355569117485
flywire_783_mb_left_kc512_s701,744,incoming_l1,fly,local_gradient,39,1.613919829768319,0.44221105527638194,1.5990355569117485
flywire_783_mb_left_kc512_s701,744,incoming_l1,fly,local_gradient,40,1.614982754943398,0.4321608040201005,1.5990355569117485
flywire_783_mb_left_kc512_s701,744,incoming_l1,fly,local_gradient,41,1.6168419151890634,0.4472361809045226,1.5990355569117485
flywire_783_mb_left_kc512_s701,744,incoming_l1,fly,local_gradient,42,1.6188790942845652,0.44221105527638194,1.5990355569117485
flywire_783_mb_left_kc512_s701,744,incoming_l1,fly,local_gradient,43,1.62080687435664,0.4472361809045226,1.5990355569117485
flywire_783_mb_left_kc512_s701,744,incoming_l1,fly,local_gradient,44,1.622963304069543,0.4321608040201005,1.5990355569117485
flywire_783_mb_left_kc512_s701,744,incoming_l1,fly,local_gradient,45,1.62563282134612,0.4321608040201005,1.5990355569117485
flywire_783_mb_left_kc512_s701,744,incoming_l1,fly,local_gradient,46,1.6286843836272624,0.4321608040201005,1.5990355569117485
flywire_783_mb_left_kc512_s701,744,incoming_l1,fly,local_gradient,47,1.6317434975299068,0.4371859296482412,1.5990355569117485
flywire_783_mb_left_kc512_s701,744,incoming_l1,fly,local_gradient,48,1.6347411299962313,0.4371859296482412,1.5990355569117485
flywire_783_mb_left_kc512_s701,744,incoming_l1,fly,local_gradient,49,1.638112520430339,0.4472361809045226,1.5990355569117485
flywire_783_mb_left_kc512_s701,744,incoming_l1,fly,local_gradient,50,1.642107244489943,0.45226130653266333,1.5990355569117485
flywire_783_mb_left_kc512_s701,744,incoming_l1,fly,local_gradient,51,1.646849508349791,0.44221105527638194,1.5990355569117485
flywire_783_mb_left_kc512_s701,744,incoming_l1,fly,local_gradient,52,1.6523750316094261,0.4371859296482412,1.5990355569117485
flywire_783_mb_left_kc512_s701,744,incoming_l1,fly,local_gradient,53,1.6585713757550193,0.4221105527638191,1.5990355569117485
flywire_783_mb_left_kc512_s701,744,incoming_l1,fly,local_gradient,54,1.6654395955797097,0.4271356783919598,1.5990355569117485
flywire_783_mb_left_kc512_s701,744,incoming_l1,fly,local_gradient,55,1.6730687142609704,0.4221105527638191,1.5990355569117485
flywire_783_mb_left_kc512_s701,744,incoming_l1,fly,local_gradient,56,1.681564121223756,0.4221105527638191,1.5990355569117485
flywire_783_mb_left_kc512_s701,744,incoming_l1,fly,local_gradient,57,1.6907691993664014,0.4120603015075377,1.5990355569117485
flywire_783_mb_left_kc512_s701,744,incoming_l1,fly,local_gradient,58,1.7005951979479152,0.40703517587939697,1.5990355569117485
flywire_783_mb_left_kc512_s701,744,incoming_l1,fly,local_gradient,59,1.711109366091716,0.4120603015075377,1.5990355569117485
flywire_783_mb_left_kc512_s701,744,incoming_l1,fly,local_gradient,60,1.7223739062677292,0.4120603015075377,1.5990355569117485
flywire_783_mb_left_kc512_s701,744,incoming_l1,fly,local_gradient,61,1.7344069785128522,0.4120603015075377,1.5990355569117485
flywire_783_mb_left_kc512_s701,744,incoming_l1,fly,local_gradient,62,1.7471573320411966,0.4120603015075377,1.5990355569117485
flywire_783_mb_left_kc512_s701,744,incoming_l1,fly,local_gradient,63,1.7608704153828336,0.40703517587939697,1.5990355569117485
flywire_783_mb_left_kc512_s701,744,incoming_l1,fly,local_gradient,64,1.7757299195456868,0.38190954773869346,1.5990355569117485
flywire_783_mb_left_kc512_s701,744,incoming_l1,fly,local_gradient,65,1.7916458451952535,0.3869346733668342,1.5990355569117485
flywire_783_mb_left_kc512_s701,744,incoming_l1,fly,local_gradient,66,1.8082678580659437,0.37185929648241206,1.5990355569117485
flywire_783_mb_left_kc512_s701,744,incoming_l1,fly,local_gradient,67,1.8253378493839303,0.36683417085427134,1.5990355569117485
flywire_783_mb_left_kc512_s701,744,incoming_l1,fly,local_gradient,68,1.8430556352628495,0.37185929648241206,1.5990355569117485
flywire_783_mb_left_kc512_s701,744,incoming_l1,fly,local_gradient,69,1.86162113746151,0.37185929648241206,1.5990355569117485
flywire_783_mb_left_kc512_s701,744,incoming_l1,fly,local_gradient,70,1.8809975444468139,0.36683417085427134,1.5990355569117485
flywire_783_mb_left_kc512_s701,744,incoming_l1,fly,local_gradient,71,1.9009579936872267,0.37185929648241206,1.5990355569117485
flywire_783_mb_left_kc512_s701,744,incoming_l1,fly,local_gradient,72,1.9214858962841521,0.38190954773869346,1.5990355569117485
flywire_783_mb_left_kc512_s701,744,incoming_l1,fly,local_gradient,73,1.9426952536889919,0.37185929648241206,1.5990355569117485
flywire_783_mb_left_kc512_s701,744,incoming_l1,fly,local_gradient,74,1.9645142604558323,0.3417085427135678,1.5990355569117485
flywire_783_mb_left_kc512_s701,744,incoming_l1,fly,local_gradient,75,1.9867234864951118,0.33668341708542715,1.5990355569117485
flywire_783_mb_left_kc512_s701,744,incoming_l1,fly,local_gradient,76,2.009109741528945,0.33668341708542715,1.5990355569117485
flywire_783_mb_left_kc512_s701,744,incoming_l1,fly,local_gradient,77,2.0317335727011603,0.3316582914572864,1.5990355569117485
flywire_783_mb_left_kc512_s701,744,incoming_l1,fly,local_gradient,78,2.054736779972524,0.3316582914572864,1.5990355569117485
flywire_783_mb_left_kc512_s701,744,incoming_l1,fly,local_gradient,79,2.07810547680415,0.32160804020100503,1.5990355569117485
flywire_783_mb_left_kc512_s701,744,incoming_l1,fly,local_gradient,80,2.1016838804115627,0.32160804020100503,1.5990355569117485
flywire_783_mb_left_kc512_s701,744,incoming_l1,fly,local_gradient,81,2.1254328854575295,0.3165829145728643,1.5990355569117485
flywire_783_mb_left_kc512_s701,744,incoming_l1,fly,local_gradient,82,2.149540435744157,0.31155778894472363,1.5990355569117485
flywire_783_mb_left_kc512_s701,744,incoming_l1,fly,local_gradient,83,2.1741369598605305,0.31155778894472363,1.5990355569117485
flywire_783_mb_left_kc512_s701,744,incoming_l1,fly,local_gradient,84,2.199151210101697,0.3065326633165829,1.5990355569117485
flywire_783_mb_left_kc512_s701,744,incoming_l1,fly,local_gradient,85,2.2244093616994247,0.3015075376884422,1.5990355569117485
flywire_783_mb_left_kc512_s701,744,incoming_l1,fly,local_gradient,86,2.249849352102134,0.3015075376884422,1.5990355569117485
flywire_783_mb_left_kc512_s701,744,incoming_l1,fly,local_gradient,87,2.275523434051688,0.2914572864321608,1.5990355569117485
flywire_783_mb_left_kc512_s701,744,incoming_l1,fly,local_gradient,88,2.3014316476705927,0.2864321608040201,1.5990355569117485
flywire_783_mb_left_kc512_s701,744,incoming_l1,fly,local_gradient,89,2.3275054061556837,0.2864321608040201,1.5990355569117485
flywire_783_mb_left_kc512_s701,744,incoming_l1,fly,local_gradient,90,2.353714351751611,0.2914572864321608,1.5990355569117485
flywire_783_mb_left_kc512_s701,744,incoming_l1,fly,local_gradient,91,2.3801198714370204,0.2964824120603015,1.5990355569117485
flywire_783_mb_left_kc512_s701,744,incoming_l1,fly,local_gradient,92,2.406806841302307,0.2964824120603015,1.5990355569117485
flywire_783_mb_left_kc512_s701,744,incoming_l1,fly,local_gradient,93,2.4338054165821363,0.2964824120603015,1.5990355569117485
flywire_783_mb_left_kc512_s701,744,incoming_l1,fly,local_gradient,94,2.46110454418188,0.2864321608040201,1.5990355569117485
flywire_783_mb_left_kc512_s701,744,incoming_l1,fly,local_gradient,95,2.4886869260446627,0.2864321608040201,1.5990355569117485
flywire_783_mb_left_kc512_s701,744,incoming_l1,fly,local_gradient,96,2.5164953005499098,0.2864321608040201,1.5990355569117485
flywire_783_mb_left_kc512_s701,744,incoming_l1,fly,local_gradient,97,2.544421869089014,0.2914572864321608,1.5990355569117485
flywire_783_mb_left_kc512_s701,744,incoming_l1,fly,local_gradient,98,2.572410873984761,0.2914572864321608,1.5990355569117485
flywire_783_mb_left_kc512_s701,744,incoming_l1,fly,local_gradient,99,2.6005509312000825,0.2914572864321608,1.5990355569117485
flywire_783_mb_left_kc512_s701,744,incoming_l1,fly,local_gradient,100,2.6289964356589346,0.2964824120603015,1.5990355569117485
flywire_783_mb_left_kc512_s701,744,incoming_l1,fly,permuted_bptt,0,3.4837101025016057,0.08542713567839195,3.4837101025016057
flywire_783_mb_left_kc512_s701,744,incoming_l1,fly,permuted_bptt,1,3.3403056316138637,0.10552763819095477,3.3403056316138637
flywire_783_mb_left_kc512_s701,744,incoming_l1,fly,permuted_bptt,2,3.2386661821029072,0.09547738693467336,3.2386661821029072
flywire_783_mb_left_kc512_s701,744,incoming_l1,fly,permuted_bptt,3,3.166269997920778,0.09547738693467336,3.166269997920778
flywire_783_mb_left_kc512_s701,744,incoming_l1,fly,permuted_bptt,4,3.114117580661057,0.11557788944723618,3.114117580661057
flywire_783_mb_left_kc512_s701,744,incoming_l1,fly,permuted_bptt,5,3.069452607358073,0.10050251256281408,3.069452607358073
flywire_783_mb_left_kc512_s701,744,incoming_l1,fly,permuted_bptt,6,3.0320746518994435,0.09547738693467336,3.0320746518994435
flywire_783_mb_left_kc512_s701,744,incoming_l1,fly,permuted_bptt,7,2.9988924228742238,0.10552763819095477,2.9988924228742238
flywire_783_mb_left_kc512_s701,744,incoming_l1,fly,permuted_bptt,8,2.965747902380389,0.11557788944723618,2.965747902380389
flywire_783_mb_left_kc512_s701,744,incoming_l1,fly,permuted_bptt,9,2.935677739113959,0.11055276381909548,2.935677739113959
flywire_783_mb_left_kc512_s701,744,incoming_l1,fly,permuted_bptt,10,2.9082005111351177,0.11055276381909548,2.9082005111351177
flywire_783_mb_left_kc512_s701,744,incoming_l1,fly,permuted_bptt,11,2.881763690046688,0.11557788944723618,2.881763690046688
flywire_783_mb_left_kc512_s701,744,incoming_l1,fly,permuted_bptt,12,2.8575802293981845,0.1407035175879397,2.8575802293981845
flywire_783_mb_left_kc512_s701,744,incoming_l1,fly,permuted_bptt,13,2.835372318522108,0.1507537688442211,2.835372318522108
flywire_783_mb_left_kc512_s701,744,incoming_l1,fly,permuted_bptt,14,2.8140794594402307,0.15577889447236182,2.8140794594402307
flywire_783_mb_left_kc512_s701,744,incoming_l1,fly,permuted_bptt,15,2.794696178801346,0.1507537688442211,2.794696178801346
flywire_783_mb_left_kc512_s701,744,incoming_l1,fly,permuted_bptt,16,2.776703479722354,0.15577889447236182,2.776703479722354
flywire_783_mb_left_kc512_s701,744,incoming_l1,fly,permuted_bptt,17,2.7585080202381387,0.1658291457286432,2.7585080202381387
flywire_783_mb_left_kc512_s701,744,incoming_l1,fly,permuted_bptt,18,2.7411337326135325,0.17587939698492464,2.7411337326135325
flywire_783_mb_left_kc512_s701,744,incoming_l1,fly,permuted_bptt,19,2.725344237122776,0.17587939698492464,2.725344237122776
flywire_783_mb_left_kc512_s701,744,incoming_l1,fly,permuted_bptt,20,2.7100027319038134,0.18090452261306533,2.7100027319038134
flywire_783_mb_left_kc512_s701,744,incoming_l1,fly,permuted_bptt,21,2.6953514467881083,0.17587939698492464,2.6953514467881083
flywire_783_mb_left_kc512_s701,744,incoming_l1,fly,permuted_bptt,22,2.6820407445884578,0.17587939698492464,2.6820407445884578
flywire_783_mb_left_kc512_s701,744,incoming_l1,fly,permuted_bptt,23,2.6694618290150074,0.17587939698492464,2.6694618290150074
flywire_783_mb_left_kc512_s701,744,incoming_l1,fly,permuted_bptt,24,2.65757431467874,0.17587939698492464,2.65757431467874
flywire_783_mb_left_kc512_s701,744,incoming_l1,fly,permuted_bptt,25,2.646591093008588,0.17587939698492464,2.646591093008588
flywire_783_mb_left_kc512_s701,744,incoming_l1,fly,permuted_bptt,26,2.6360463539048933,0.18090452261306533,2.6360463539048933
flywire_783_mb_left_kc512_s701,744,incoming_l1,fly,permuted_bptt,27,2.626041968911544,0.18090452261306533,2.626041968911544
flywire_783_mb_left_kc512_s701,744,incoming_l1,fly,permuted_bptt,28,2.6167029502976304,0.18090452261306533,2.6167029502976304
flywire_783_mb_left_kc512_s701,744,incoming_l1,fly,permuted_bptt,29,2.6075183962206685,0.18090452261306533,2.6075183962206685
flywire_783_mb_left_kc512_s701,744,incoming_l1,fly,permuted_bptt,30,2.5985594669121888,0.18090452261306533,2.5985594669121888
flywire_783_mb_left_kc512_s701,744,incoming_l1,fly,permuted_bptt,31,2.5900961017099227,0.18090452261306533,2.5900961017099227
flywire_783_mb_left_kc512_s701,744,incoming_l1,fly,permuted_bptt,32,2.5818804047752275,0.19597989949748743,2.5818804047752275
flywire_783_mb_left_kc512_s701,744,incoming_l1,fly,permuted_bptt,33,2.573856696972119,0.19095477386934673,2.573856696972119
flywire_783_mb_left_kc512_s701,744,incoming_l1,fly,permuted_bptt,34,2.5661698671400166,0.19095477386934673,2.5661698671400166
flywire_783_mb_left_kc512_s701,744,incoming_l1,fly,permuted_bptt,35,2.5587288986501044,0.19597989949748743,2.5587288986501044
flywire_783_mb_left_kc512_s701,744,incoming_l1,fly,permuted_bptt,36,2.551556307530766,0.19095477386934673,2.551556307530766
flywire_783_mb_left_kc512_s701,744,incoming_l1,fly,permuted_bptt,37,2.544707048182643,0.19095477386934673,2.544707048182643
flywire_783_mb_left_kc512_s701,744,incoming_l1,fly,permuted_bptt,38,2.5380462891528444,0.19095477386934673,2.5380462891528444
flywire_783_mb_left_kc512_s701,744,incoming_l1,fly,permuted_bptt,39,2.53166796968693,0.20100502512562815,2.53166796968693
flywire_783_mb_left_kc512_s701,744,incoming_l1,fly,permuted_bptt,40,2.5255535781164555,0.20100502512562815,2.5255535781164555
flywire_783_mb_left_kc512_s701,744,incoming_l1,fly,permuted_bptt,41,2.5195276446458594,0.20100502512562815,2.5195276446458594
flywire_783_mb_left_kc512_s701,744,incoming_l1,fly,permuted_bptt,42,2.513737676737931,0.21105527638190955,2.513737676737931
flywire_783_mb_left_kc512_s701,744,incoming_l1,fly,permuted_bptt,43,2.508170132761796,0.21608040201005024,2.508170132761796
flywire_783_mb_left_kc512_s701,744,incoming_l1,fly,permuted_bptt,44,2.5027219976201276,0.21105527638190955,2.5027219976201276
flywire_783_mb_left_kc512_s701,744,incoming_l1,fly,permuted_bptt,45,2.4974769655084486,0.21105527638190955,2.4974769655084486
flywire_783_mb_left_kc512_s701,744,incoming_l1,fly,permuted_bptt,46,2.4923757411680403,0.21105527638190955,2.4923757411680403
flywire_783_mb_left_kc512_s701,744,incoming_l1,fly,permuted_bptt,47,2.4874163803019793,0.21608040201005024,2.4874163803019793
flywire_783_mb_left_kc512_s701,744,incoming_l1,fly,permuted_bptt,48,2.482602690453141,0.22110552763819097,2.482602690453141
flywire_783_mb_left_kc512_s701,744,incoming_l1,fly,permuted_bptt,49,2.477872620484073,0.22613065326633167,2.477872620484073
flywire_783_mb_left_kc512_s701,744,incoming_l1,fly,permuted_bptt,50,2.4732880597202556,0.22613065326633167,2.4732880597202556
flywire_783_mb_left_kc512_s701,744,incoming_l1,fly,permuted_bptt,51,2.4688265195577164,0.22110552763819097,2.4688265195577164
flywire_783_mb_left_kc512_s701,744,incoming_l1,fly,permuted_bptt,52,2.464457167289814,0.22613065326633167,2.464457167289814
flywire_783_mb_left_kc512_s701,744,incoming_l1,fly,permuted_bptt,53,2.4602194089171032,0.22613065326633167,2.4602194089171032
flywire_783_mb_left_kc512_s701,744,incoming_l1,fly,permuted_bptt,54,2.456080511101169,0.22110552763819097,2.456080511101169
flywire_783_mb_left_kc512_s701,744,incoming_l1,fly,permuted_bptt,55,2.4520294210433944,0.22110552763819097,2.4520294210433944
flywire_783_mb_left_kc512_s701,744,incoming_l1,fly,permuted_bptt,56,2.448067986211236,0.22110552763819097,2.448067986211236
flywire_783_mb_left_kc512_s701,744,incoming_l1,fly,permuted_bptt,57,2.4441851552112532,0.22613065326633167,2.4441851552112532
flywire_783_mb_left_kc512_s701,744,incoming_l1,fly,permuted_bptt,58,2.440396310457443,0.23115577889447236,2.440396310457443
flywire_783_mb_left_kc512_s701,744,incoming_l1,fly,permuted_bptt,59,2.436673812113387,0.23618090452261306,2.436673812113387
flywire_783_mb_left_kc512_s701,744,incoming_l1,fly,permuted_bptt,60,2.4330215003324125,0.23618090452261306,2.4330215003324125
flywire_783_mb_left_kc512_s701,744,incoming_l1,fly,permuted_bptt,61,2.4294437142568466,0.23618090452261306,2.4294437142568466
flywire_783_mb_left_kc512_s701,744,incoming_l1,fly,permuted_bptt,62,2.4259100247294643,0.23618090452261306,2.4259100247294643
flywire_783_mb_left_kc512_s701,744,incoming_l1,fly,permuted_bptt,63,2.422438548437834,0.24120603015075376,2.422438548437834
flywire_783_mb_left_kc512_s701,744,incoming_l1,fly,permuted_bptt,64,2.4190206096343503,0.24120603015075376,2.4190206096343503
flywire_783_mb_left_kc512_s701,744,incoming_l1,fly,permuted_bptt,65,2.415659841349882,0.24120603015075376,2.415659841349882
flywire_783_mb_left_kc512_s701,744,incoming_l1,fly,permuted_bptt,66,2.412357555717984,0.24623115577889448,2.412357555717984
flywire_783_mb_left_kc512_s701,744,incoming_l1,fly,permuted_bptt,67,2.409108197572334,0.24623115577889448,2.409108197572334
flywire_783_mb_left_kc512_s701,744,incoming_l1,fly,permuted_bptt,68,2.405916994031768,0.24623115577889448,2.405916994031768
flywire_783_mb_left_kc512_s701,744,incoming_l1,fly,permuted_bptt,69,2.4027671924563196,0.24623115577889448,2.4027671924563196
flywire_783_mb_left_kc512_s701,744,incoming_l1,fly,permuted_bptt,70,2.399662619511216,0.24623115577889448,2.399662619511216
flywire_783_mb_left_kc512_s701,744,incoming_l1,fly,permuted_bptt,71,2.3966016031751636,0.24623115577889448,2.3966016031751636
flywire_783_mb_left_kc512_s701,744,incoming_l1,fly,permuted_bptt,72,2.3935784873449646,0.24623115577889448,2.3935784873449646
flywire_783_mb_left_kc512_s701,744,incoming_l1,fly,permuted_bptt,73,2.3905993882266703,0.25125628140703515,2.3905993882266703
flywire_783_mb_left_kc512_s701,744,incoming_l1,fly,permuted_bptt,74,2.387661399029227,0.25125628140703515,2.387661399029227
flywire_783_mb_left_kc512_s701,744,incoming_l1,fly,permuted_bptt,75,2.384765743038699,0.25125628140703515,2.384765743038699
flywire_783_mb_left_kc512_s701,744,incoming_l1,fly,permuted_bptt,76,2.3819076047398227,0.25125628140703515,2.3819076047398227
flywire_783_mb_left_kc512_s701,744,incoming_l1,fly,permuted_bptt,77,2.3790870427184627,0.25125628140703515,2.3790870427184627
flywire_783_mb_left_kc512_s701,744,incoming_l1,fly,permuted_bptt,78,2.3763012770217244,0.25125628140703515,2.3763012770217244
flywire_783_mb_left_kc512_s701,744,incoming_l1,fly,permuted_bptt,79,2.37354643634012,0.25125628140703515,2.37354643634012
flywire_783_mb_left_kc512_s701,744,incoming_l1,fly,permuted_bptt,80,2.3708253708377067,0.25125628140703515,2.3708253708377067
flywire_783_mb_left_kc512_s701,744,incoming_l1,fly,permuted_bptt,81,2.368133666889565,0.24623115577889448,2.368133666889565
flywire_783_mb_left_kc512_s701,744,incoming_l1,fly,permuted_bptt,82,2.365472486958903,0.24623115577889448,2.365472486958903
flywire_783_mb_left_kc512_s701,744,incoming_l1,fly,permuted_bptt,83,2.3628398421660073,0.24623115577889448,2.3628398421660073
flywire_783_mb_left_kc512_s701,744,incoming_l1,fly,permuted_bptt,84,2.36023670084969,0.24623115577889448,2.36023670084969
flywire_783_mb_left_kc512_s701,744,incoming_l1,fly,permuted_bptt,85,2.3576607790018316,0.24120603015075376,2.3576607790018316
flywire_783_mb_left_kc512_s701,744,incoming_l1,fly,permuted_bptt,86,2.3551115673740686,0.24120603015075376,2.3551115673740686
flywire_783_mb_left_kc512_s701,744,incoming_l1,fly,permuted_bptt,87,2.3525887940895096,0.24120603015075376,2.3525887940895096
flywire_783_mb_left_kc512_s701,744,incoming_l1,fly,permuted_bptt,88,2.3500902508219492,0.24120603015075376,2.3500902508219492
flywire_783_mb_left_kc512_s701,744,incoming_l1,fly,permuted_bptt,89,2.3476173709929413,0.24120603015075376,2.3476173709929413
flywire_783_mb_left_kc512_s701,744,incoming_l1,fly,permuted_bptt,90,2.345168629189384,0.24120603015075376,2.345168629189384
flywire_783_mb_left_kc512_s701,744,incoming_l1,fly,permuted_bptt,91,2.3427442007683257,0.24120603015075376,2.3427442007683257
flywire_783_mb_left_kc512_s701,744,incoming_l1,fly,permuted_bptt,92,2.3403429322778093,0.24120603015075376,2.3403429322778093
flywire_783_mb_left_kc512_s701,744,incoming_l1,fly,permuted_bptt,93,2.3379651609040972,0.24120603015075376,2.3379651609040972
flywire_783_mb_left_kc512_s701,744,incoming_l1,fly,permuted_bptt,94,2.3356097016162134,0.24120603015075376,2.3356097016162134
flywire_783_mb_left_kc512_s701,744,incoming_l1,fly,permuted_bptt,95,2.3332766326440346,0.24120603015075376,2.3332766326440346
flywire_783_mb_left_kc512_s701,744,incoming_l1,fly,permuted_bptt,96,2.330965430014937,0.24120603015075376,2.330965430014937
flywire_783_mb_left_kc512_s701,744,incoming_l1,fly,permuted_bptt,97,2.3286752458926703,0.23618090452261306,2.3286752458926703
flywire_783_mb_left_kc512_s701,744,incoming_l1,fly,permuted_bptt,98,2.32640591460486,0.23618090452261306,2.32640591460486
flywire_783_mb_left_kc512_s701,744,incoming_l1,fly,permuted_bptt,99,2.3241569648550895,0.24120603015075376,2.3241569648550895
flywire_783_mb_left_kc512_s701,744,incoming_l1,fly,permuted_bptt,100,2.3219281226232797,0.24120603015075376,2.3219281226232797
flywire_783_mb_left_kc512_s701,744,incoming_l1,role_shuffled,frozen,0,1.5304813106943649,0.47738693467336685,1.5304813106943649
flywire_783_mb_left_kc512_s701,744,incoming_l1,role_shuffled,full_bptt,0,1.5304813106943649,0.47738693467336685,1.5304813106943649
flywire_783_mb_left_kc512_s701,744,incoming_l1,role_shuffled,full_bptt,1,1.5763254419547459,0.4472361809045226,1.5304813106943649
flywire_783_mb_left_kc512_s701,744,incoming_l1,role_shuffled,full_bptt,2,1.5916515579351826,0.41708542713567837,1.5304813106943649
flywire_783_mb_left_kc512_s701,744,incoming_l1,role_shuffled,full_bptt,3,1.5562245233462275,0.457286432160804,1.5304813106943649
flywire_783_mb_left_kc512_s701,744,incoming_l1,role_shuffled,full_bptt,4,1.5626173363741767,0.457286432160804,1.5304813106943649
flywire_783_mb_left_kc512_s701,744,incoming_l1,role_shuffled,full_bptt,5,1.5479575073142617,0.46733668341708545,1.5304813106943649
flywire_783_mb_left_kc512_s701,744,incoming_l1,role_shuffled,full_bptt,6,1.5482047622902704,0.47738693467336685,1.5304813106943649
flywire_783_mb_left_kc512_s701,744,incoming_l1,role_shuffled,full_bptt,7,1.5509055797026403,0.4623115577889447,1.5304813106943649
flywire_783_mb_left_kc512_s701,744,incoming_l1,role_shuffled,full_bptt,8,1.5412150278684627,0.457286432160804,1.5304813106943649
flywire_783_mb_left_kc512_s701,744,incoming_l1,role_shuffled,full_bptt,9,1.5359889791033763,0.4623115577889447,1.5304813106943649
flywire_783_mb_left_kc512_s701,744,incoming_l1,role_shuffled,full_bptt,10,1.5401332852667649,0.45226130653266333,1.5304813106943649
flywire_783_mb_left_kc512_s701,744,incoming_l1,role_shuffled,full_bptt,11,1.5384382653808746,0.44221105527638194,1.5304813106943649
flywire_783_mb_left_kc512_s701,744,incoming_l1,role_shuffled,full_bptt,12,1.533780195608404,0.45226130653266333,1.5304813106943649
flywire_783_mb_left_kc512_s701,744,incoming_l1,role_shuffled,full_bptt,13,1.5340347340029612,0.4271356783919598,1.5304813106943649
flywire_783_mb_left_kc512_s701,744,incoming_l1,role_shuffled,full_bptt,14,1.5338546263279065,0.4472361809045226,1.5304813106943649
flywire_783_mb_left_kc512_s701,744,incoming_l1,role_shuffled,full_bptt,15,1.5315987690241524,0.457286432160804,1.5304813106943649
flywire_783_mb_left_kc512_s701,744,incoming_l1,role_shuffled,full_bptt,16,1.5308451220499293,0.4723618090452261,1.5304813106943649
flywire_783_mb_left_kc512_s701,744,incoming_l1,role_shuffled,full_bptt,17,1.5306887375425748,0.47738693467336685,1.5304813106943649
flywire_783_mb_left_kc512_s701,744,incoming_l1,role_shuffled,full_bptt,18,1.5289251642521429,0.49246231155778897,1.5289251642521429
flywire_783_mb_left_kc512_s701,744,incoming_l1,role_shuffled,full_bptt,19,1.5278107870655884,0.49748743718592964,1.5278107870655884
flywire_783_mb_left_kc512_s701,744,incoming_l1,role_shuffled,full_bptt,20,1.5286098743879624,0.4824120603015075,1.5278107870655884
flywire_783_mb_left_kc512_s701,744,incoming_l1,role_shuffled,full_bptt,21,1.528214171410639,0.4723618090452261,1.5278107870655884
flywire_783_mb_left_kc512_s701,744,incoming_l1,role_shuffled,full_bptt,22,1.5266496455599372,0.4623115577889447,1.5266496455599372
flywire_783_mb_left_kc512_s701,744,incoming_l1,role_shuffled,full_bptt,23,1.5262226249041768,0.457286432160804,1.5262226249041768
flywire_783_mb_left_kc512_s701,744,incoming_l1,role_shuffled,full_bptt,24,1.5260955338790188,0.46733668341708545,1.5260955338790188
flywire_783_mb_left_kc512_s701,744,incoming_l1,role_shuffled,full_bptt,25,1.5251142756622171,0.4723618090452261,1.5251142756622171
flywire_783_mb_left_kc512_s701,744,incoming_l1,role_shuffled,full_bptt,26,1.5245100329327372,0.4723618090452261,1.5245100329327372
flywire_783_mb_left_kc512_s701,744,incoming_l1,role_shuffled,full_bptt,27,1.5247777569046381,0.46733668341708545,1.5245100329327372
flywire_783_mb_left_kc512_s701,744,incoming_l1,role_shuffled,full_bptt,28,1.5245701896448594,0.45226130653266333,1.5245100329327372
flywire_783_mb_left_kc512_s701,744,incoming_l1,role_shuffled,full_bptt,29,1.5238948877409761,0.4623115577889447,1.5238948877409761
flywire_783_mb_left_kc512_s701,744,incoming_l1,role_shuffled,full_bptt,30,1.5235519967090783,0.49246231155778897,1.5235519967090783
flywire_783_mb_left_kc512_s701,744,incoming_l1,role_shuffled,full_bptt,31,1.52332101115612,0.4824120603015075,1.52332101115612
flywire_783_mb_left_kc512_s701,744,incoming_l1,role_shuffled,full_bptt,32,1.5229600976336128,0.4824120603015075,1.5229600976336128
flywire_783_mb_left_kc512_s701,744,incoming_l1,role_shuffled,full_bptt,33,1.5226017967466756,0.4723618090452261,1.5226017967466756
flywire_783_mb_left_kc512_s701,744,incoming_l1,role_shuffled,full_bptt,34,1.52223679382832,0.46733668341708545,1.52223679382832
flywire_783_mb_left_kc512_s701,744,incoming_l1,role_shuffled,full_bptt,35,1.5219834133727301,0.46733668341708545,1.5219834133727301
flywire_783_mb_left_kc512_s701,744,incoming_l1,role_shuffled,full_bptt,36,1.5220126333828108,0.4623115577889447,1.5219834133727301
flywire_783_mb_left_kc512_s701,744,incoming_l1,role_shuffled,full_bptt,37,1.5219241477307168,0.4723618090452261,1.5219241477307168
flywire_783_mb_left_kc512_s701,744,incoming_l1,role_shuffled,full_bptt,38,1.5214443205145143,0.4723618090452261,1.5214443205145143
flywire_783_mb_left_kc512_s701,744,incoming_l1,role_shuffled,full_bptt,39,1.5210199542379186,0.4723618090452261,1.5210199542379186
flywire_783_mb_left_kc512_s701,744,incoming_l1,role_shuffled,full_bptt,40,1.5209302054895362,0.47738693467336685,1.5209302054895362
flywire_783_mb_left_kc512_s701,744,incoming_l1,role_shuffled,full_bptt,41,1.5208901156370342,0.4723618090452261,1.5208901156370342
flywire_783_mb_left_kc512_s701,744,incoming_l1,role_shuffled,full_bptt,42,1.5206622364949958,0.47738693467336685,1.5206622364949958
flywire_783_mb_left_kc512_s701,744,incoming_l1,role_shuffled,full_bptt,43,1.5203649123494314,0.4824120603015075,1.5203649123494314
flywire_783_mb_left_kc512_s701,744,incoming_l1,role_shuffled,full_bptt,44,1.5201584103810084,0.4723618090452261,1.5201584103810084
flywire_783_mb_left_kc512_s701,744,incoming_l1,role_shuffled,full_bptt,45,1.5200603702166053,0.46733668341708545,1.5200603702166053
flywire_783_mb_left_kc512_s701,744,incoming_l1,role_shuffled,full_bptt,46,1.519967678665633,0.46733668341708545,1.519967678665633
flywire_783_mb_left_kc512_s701,744,incoming_l1,role_shuffled,full_bptt,47,1.5197462308866672,0.46733668341708545,1.5197462308866672
flywire_783_mb_left_kc512_s701,744,incoming_l1,role_shuffled,full_bptt,48,1.519464568585247,0.46733668341708545,1.519464568585247
flywire_783_mb_left_kc512_s701,744,incoming_l1,role_shuffled,full_bptt,49,1.519327211691505,0.4824120603015075,1.519327211691505
flywire_783_mb_left_kc512_s701,744,incoming_l1,role_shuffled,full_bptt,50,1.5192631227231859,0.47738693467336685,1.5192631227231859
flywire_783_mb_left_kc512_s701,744,incoming_l1,role_shuffled,full_bptt,51,1.5190831898144523,0.47738693467336685,1.5190831898144523
flywire_783_mb_left_kc512_s701,744,incoming_l1,role_shuffled,full_bptt,52,1.5188886769214671,0.4723618090452261,1.5188886769214671
flywire_783_mb_left_kc512_s701,744,incoming_l1,role_shuffled,full_bptt,53,1.5187489369912193,0.47738693467336685,1.5187489369912193
flywire_783_mb_left_kc512_s701,744,incoming_l1,role_shuffled,full_bptt,54,1.5186127894528108,0.47738693467336685,1.5186127894528108
flywire_783_mb_left_kc512_s701,744,incoming_l1,role_shuffled,full_bptt,55,1.5184906671607146,0.47738693467336685,1.5184906671607146
flywire_783_mb_left_kc512_s701,744,incoming_l1,role_shuffled,full_bptt,56,1.5183273757302118,0.47738693467336685,1.5183273757302118
flywire_783_mb_left_kc512_s701,744,incoming_l1,role_shuffled,full_bptt,57,1.5181537123897966,0.47738693467336685,1.5181537123897966
flywire_783_mb_left_kc512_s701,744,incoming_l1,role_shuffled,full_bptt,58,1.5180519051292658,0.4723618090452261,1.5180519051292658
flywire_783_mb_left_kc512_s701,744,incoming_l1,role_shuffled,full_bptt,59,1.5179244220881782,0.4723618090452261,1.5179244220881782
flywire_783_mb_left_kc512_s701,744,incoming_l1,role_shuffled,full_bptt,60,1.5177740541905878,0.4723618090452261,1.5177740541905878
flywire_783_mb_left_kc512_s701,744,incoming_l1,role_shuffled,full_bptt,61,1.5176526586582788,0.47738693467336685,1.5176526586582788
flywire_783_mb_left_kc512_s701,744,incoming_l1,role_shuffled,full_bptt,62,1.5175019871119744,0.4723618090452261,1.5175019871119744
flywire_783_mb_left_kc512_s701,744,incoming_l1,role_shuffled,full_bptt,63,1.5173749977812516,0.4723618090452261,1.5173749977812516
flywire_783_mb_left_kc512_s701,744,incoming_l1,role_shuffled,full_bptt,64,1.5172713656457009,0.46733668341708545,1.5172713656457009
flywire_783_mb_left_kc512_s701,744,incoming_l1,role_shuffled,full_bptt,65,1.517128878690552,0.4723618090452261,1.517128878690552
flywire_783_mb_left_kc512_s701,744,incoming_l1,role_shuffled,full_bptt,66,1.5170014063884023,0.4723618090452261,1.5170014063884023
flywire_783_mb_left_kc512_s701,744,incoming_l1,role_shuffled,full_bptt,67,1.5168784515703702,0.4723618090452261,1.5168784515703702
flywire_783_mb_left_kc512_s701,744,incoming_l1,role_shuffled,full_bptt,68,1.5167540926368568,0.4723618090452261,1.5167540926368568
flywire_783_mb_left_kc512_s701,744,incoming_l1,role_shuffled,full_bptt,69,1.5166455190206207,0.4723618090452261,1.5166455190206207
flywire_783_mb_left_kc512_s701,744,incoming_l1,role_shuffled,full_bptt,70,1.5165107236235367,0.4723618090452261,1.5165107236235367
flywire_783_mb_left_kc512_s701,744,incoming_l1,role_shuffled,full_bptt,71,1.5163906742611521,0.4723618090452261,1.5163906742611521
flywire_783_mb_left_kc512_s701,744,incoming_l1,role_shuffled,full_bptt,72,1.5162857108659695,0.47738693467336685,1.5162857108659695
flywire_783_mb_left_kc512_s701,744,incoming_l1,role_shuffled,full_bptt,73,1.51615833328087,0.47738693467336685,1.51615833328087
flywire_783_mb_left_kc512_s701,744,incoming_l1,role_shuffled,full_bptt,74,1.5160425603855965,0.4723618090452261,1.5160425603855965
flywire_783_mb_left_kc512_s701,744,incoming_l1,role_shuffled,full_bptt,75,1.515926422296226,0.4723618090452261,1.515926422296226
flywire_783_mb_left_kc512_s701,744,incoming_l1,role_shuffled,full_bptt,76,1.5158126176317723,0.4723618090452261,1.5158126176317723
flywire_783_mb_left_kc512_s701,744,incoming_l1,role_shuffled,full_bptt,77,1.515703197245501,0.4723618090452261,1.515703197245501
flywire_783_mb_left_kc512_s701,744,incoming_l1,role_shuffled,full_bptt,78,1.5155801804006288,0.4723618090452261,1.5155801804006288
flywire_783_mb_left_kc512_s701,744,incoming_l1,role_shuffled,full_bptt,79,1.5154723312315217,0.47738693467336685,1.5154723312315217
flywire_783_mb_left_kc512_s701,744,incoming_l1,role_shuffled,full_bptt,80,1.515364201393205,0.47738693467336685,1.515364201393205
flywire_783_mb_left_kc512_s701,744,incoming_l1,role_shuffled,full_bptt,81,1.515248042417487,0.47738693467336685,1.515248042417487
flywire_783_mb_left_kc512_s701,744,incoming_l1,role_shuffled,full_bptt,82,1.5151386514981056,0.47738693467336685,1.5151386514981056
flywire_783_mb_left_kc512_s701,744,incoming_l1,role_shuffled,full_bptt,83,1.515026948105282,0.47738693467336685,1.515026948105282
flywire_783_mb_left_kc512_s701,744,incoming_l1,role_shuffled,full_bptt,84,1.5149216358568491,0.47738693467336685,1.5149216358568491
flywire_783_mb_left_kc512_s701,744,incoming_l1,role_shuffled,full_bptt,85,1.5148121360159215,0.47738693467336685,1.5148121360159215
flywire_783_mb_left_kc512_s701,744,incoming_l1,role_shuffled,full_bptt,86,1.5147008247209406,0.47738693467336685,1.5147008247209406
flywire_783_mb_left_kc512_s701,744,incoming_l1,role_shuffled,full_bptt,87,1.5145961092223696,0.47738693467336685,1.5145961092223696
flywire_783_mb_left_kc512_s701,744,incoming_l1,role_shuffled,full_bptt,88,1.5144874870742977,0.47738693467336685,1.5144874870742977
flywire_783_mb_left_kc512_s701,744,incoming_l1,role_shuffled,full_bptt,89,1.514382295437669,0.47738693467336685,1.514382295437669
flywire_783_mb_left_kc512_s701,744,incoming_l1,role_shuffled,full_bptt,90,1.514275955079407,0.47738693467336685,1.514275955079407
flywire_783_mb_left_kc512_s701,744,incoming_l1,role_shuffled,full_bptt,91,1.5141697182440568,0.47738693467336685,1.5141697182440568
flywire_783_mb_left_kc512_s701,744,incoming_l1,role_shuffled,full_bptt,92,1.5140661530946786,0.47738693467336685,1.5140661530946786
flywire_783_mb_left_kc512_s701,744,incoming_l1,role_shuffled,full_bptt,93,1.5139604003834273,0.47738693467336685,1.5139604003834273
flywire_783_mb_left_kc512_s701,744,incoming_l1,role_shuffled,full_bptt,94,1.5138571240032388,0.47738693467336685,1.5138571240032388
flywire_783_mb_left_kc512_s701,744,incoming_l1,role_shuffled,full_bptt,95,1.5137529225417883,0.47738693467336685,1.5137529225417883
flywire_783_mb_left_kc512_s701,744,incoming_l1,role_shuffled,full_bptt,96,1.5136500191019768,0.47738693467336685,1.5136500191019768
flywire_783_mb_left_kc512_s701,744,incoming_l1,role_shuffled,full_bptt,97,1.5135476631120328,0.47738693467336685,1.5135476631120328
flywire_783_mb_left_kc512_s701,744,incoming_l1,role_shuffled,full_bptt,98,1.5134445843149458,0.47738693467336685,1.5134445843149458
flywire_783_mb_left_kc512_s701,744,incoming_l1,role_shuffled,full_bptt,99,1.5133435449085937,0.47738693467336685,1.5133435449085937
flywire_783_mb_left_kc512_s701,744,incoming_l1,role_shuffled,full_bptt,100,1.5132415889306476,0.47738693467336685,1.5132415889306476
flywire_783_mb_left_kc512_s701,744,incoming_l1,role_shuffled,local_gradient,0,1.5304813106943649,0.47738693467336685,1.5304813106943649
flywire_783_mb_left_kc512_s701,744,incoming_l1,role_shuffled,local_gradient,1,1.5866920737218146,0.45226130653266333,1.5304813106943649
flywire_783_mb_left_kc512_s701,744,incoming_l1,role_shuffled,local_gradient,2,1.5781263772189362,0.4623115577889447,1.5304813106943649
flywire_783_mb_left_kc512_s701,744,incoming_l1,role_shuffled,local_gradient,3,1.5544874857384015,0.4321608040201005,1.5304813106943649
flywire_783_mb_left_kc512_s701,744,incoming_l1,role_shuffled,local_gradient,4,1.5730962219623106,0.4321608040201005,1.5304813106943649
flywire_783_mb_left_kc512_s701,744,incoming_l1,role_shuffled,local_gradient,5,1.5548422460872136,0.4472361809045226,1.5304813106943649
flywire_783_mb_left_kc512_s701,744,incoming_l1,role_shuffled,local_gradient,6,1.5511707521393001,0.4472361809045226,1.5304813106943649
flywire_783_mb_left_kc512_s701,744,incoming_l1,role_shuffled,local_gradient,7,1.583940262949527,0.4472361809045226,1.5304813106943649
flywire_783_mb_left_kc512_s701,744,incoming_l1,role_shuffled,local_gradient,8,1.5805448450265116,0.4472361809045226,1.5304813106943649
flywire_783_mb_left_kc512_s701,744,incoming_l1,role_shuffled,local_gradient,9,1.5564569967613266,0.44221105527638194,1.5304813106943649
flywire_783_mb_left_kc512_s701,744,incoming_l1,role_shuffled,local_gradient,10,1.5663288278631353,0.4321608040201005,1.5304813106943649
flywire_783_mb_left_kc512_s701,744,incoming_l1,role_shuffled,local_gradient,11,1.6034154755616739,0.40703517587939697,1.5304813106943649
flywire_783_mb_left_kc512_s701,744,incoming_l1,role_shuffled,local_gradient,12,1.6195799650299432,0.4020100502512563,1.5304813106943649
flywire_783_mb_left_kc512_s701,744,incoming_l1,role_shuffled,local_gradient,13,1.5960978411235753,0.44221105527638194,1.5304813106943649
flywire_783_mb_left_kc512_s701,744,incoming_l1,role_shuffled,local_gradient,14,1.5707638602675325,0.4472361809045226,1.5304813106943649
flywire_783_mb_left_kc512_s701,744,incoming_l1,role_shuffled,local_gradient,15,1.5900217791886604,0.45226130653266333,1.5304813106943649
flywire_783_mb_left_kc512_s701,744,incoming_l1,role_shuffled,local_gradient,16,1.654624013648639,0.4271356783919598,1.5304813106943649
flywire_783_mb_left_kc512_s701,744,incoming_l1,role_shuffled,local_gradient,17,1.704117368951641,0.4120603015075377,1.5304813106943649
flywire_783_mb_left_kc512_s701,744,incoming_l1,role_shuffled,local_gradient,18,1.6931233055683386,0.41708542713567837,1.5304813106943649
flywire_783_mb_left_kc512_s701,744,incoming_l1,role_shuffled,local_gradient,19,1.641712801089958,0.4221105527638191,1.5304813106943649
flywire_783_mb_left_kc512_s701,744,incoming_l1,role_shuffled,local_gradient,20,1.6017456317382541,0.44221105527638194,1.5304813106943649
flywire_783_mb_left_kc512_s701,744,incoming_l1,role_shuffled,local_gradient,21,1.6105033873929788,0.4271356783919598,1.5304813106943649
flywire_783_mb_left_kc512_s701,744,incoming_l1,role_shuffled,local_gradient,22,1.6621006719335103,0.4120603015075377,1.5304813106943649
flywire_783_mb_left_kc512_s701,744,incoming_l1,role_shuffled,local_gradient,23,1.7251863457429317,0.3768844221105528,1.5304813106943649
flywire_783_mb_left_kc512_s701,744,incoming_l1,role_shuffled,local_gradient,24,1.7688028756242087,0.37185929648241206,1.5304813106943649
flywire_783_mb_left_kc512_s701,744,incoming_l1,role_shuffled,local_gradient,25,1.7711039579844503,0.3417085427135678,1.5304813106943649
flywire_783_mb_left_kc512_s701,744,incoming_l1,role_shuffled,local_gradient,26,1.7336820353487488,0.38190954773869346,1.5304813106943649
flywire_783_mb_left_kc512_s701,744,incoming_l1,role_shuffled,local_gradient,27,1.6831209418206645,0.3768844221105528,1.5304813106943649
flywire_783_mb_left_kc512_s701,744,incoming_l1,role_shuffled,local_gradient,28,1.6566581449016173,0.3969849246231156,1.5304813106943649
flywire_783_mb_left_kc512_s701,744,incoming_l1,role_shuffled,local_gradient,29,1.677788076062712,0.44221105527638194,1.5304813106943649
flywire_783_mb_left_kc512_s701,744,incoming_l1,role_shuffled,local_gradient,30,1.7352523647103206,0.37185929648241206,1.5304813106943649
flywire_783_mb_left_kc512_s701,744,incoming_l1,role_shuffled,local_gradient,31,1.7934156926993123,0.35175879396984927,1.5304813106943649
flywire_783_mb_left_kc512_s701,744,incoming_l1,role_shuffled,local_gradient,32,1.8171696822814183,0.37185929648241206,1.5304813106943649
flywire_783_mb_left_kc512_s701,744,incoming_l1,role_shuffled,local_gradient,33,1.7952514756865259,0.37185929648241206,1.5304813106943649
flywire_783_mb_left_kc512_s701,744,incoming_l1,role_shuffled,local_gradient,34,1.7452920790013837,0.4120603015075377,1.5304813106943649
flywire_783_mb_left_kc512_s701,744,incoming_l1,role_shuffled,local_gradient,35,1.6957498642016497,0.3869346733668342,1.5304813106943649
flywire_783_mb_left_kc512_s701,744,incoming_l1,role_shuffled,local_gradient,36,1.6679796936797868,0.39195979899497485,1.5304813106943649
flywire_783_mb_left_kc512_s701,744,incoming_l1,role_shuffled,local_gradient,37,1.671452533030521,0.39195979899497485,1.5304813106943649
flywire_783_mb_left_kc512_s701,744,incoming_l1,role_shuffled,local_gradient,38,1.7067307953796669,0.4120603015075377,1.5304813106943649
flywire_783_mb_left_kc512_s701,744,incoming_l1,role_shuffled,local_gradient,39,1.766831996010081,0.38190954773869346,1.5304813106943649
flywire_783_mb_left_kc512_s701,744,incoming_l1,role_shuffled,local_gradient,40,1.8319625701760212,0.35678391959798994,1.5304813106943649
flywire_783_mb_left_kc512_s701,744,incoming_l1,role_shuffled,local_gradient,41,1.8718173495359651,0.33668341708542715,1.5304813106943649
flywire_783_mb_left_kc512_s701,744,incoming_l1,role_shuffled,local_gradient,42,1.8649819863890733,0.3316582914572864,1.5304813106943649
flywire_783_mb_left_kc512_s701,744,incoming_l1,role_shuffled,local_gradient,43,1.814088951435254,0.36683417085427134,1.5304813106943649
flywire_783_mb_left_kc512_s701,744,incoming_l1,role_shuffled,local_gradient,44,1.7461287878997778,0.3869346733668342,1.5304813106943649
flywire_783_mb_left_kc512_s701,744,incoming_l1,role_shuffled,local_gradient,45,1.7057249887735417,0.4120603015075377,1.5304813106943649
flywire_783_mb_left_kc512_s701,744,incoming_l1,role_shuffled,local_gradient,46,1.7239374386602855,0.41708542713567837,1.5304813106943649
flywire_783_mb_left_kc512_s701,744,incoming_l1,role_shuffled,local_gradient,47,1.784852363551272,0.37185929648241206,1.5304813106943649
flywire_783_mb_left_kc512_s701,744,incoming_l1,role_shuffled,local_gradient,48,1.85058564400718,0.3768844221105528,1.5304813106943649
flywire_783_mb_left_kc512_s701,744,incoming_l1,role_shuffled,local_gradient,49,1.8915665741993153,0.37185929648241206,1.5304813106943649
flywire_783_mb_left_kc512_s701,744,incoming_l1,role_shuffled,local_gradient,50,1.8912866668508495,0.36683417085427134,1.5304813106943649
flywire_783_mb_left_kc512_s701,744,incoming_l1,role_shuffled,local_gradient,51,1.8543571901792975,0.38190954773869346,1.5304813106943649
flywire_783_mb_left_kc512_s701,744,incoming_l1,role_shuffled,local_gradient,52,1.804164249939533,0.39195979899497485,1.5304813106943649
flywire_783_mb_left_kc512_s701,744,incoming_l1,role_shuffled,local_gradient,53,1.7634814458863253,0.3969849246231156,1.5304813106943649
flywire_783_mb_left_kc512_s701,744,incoming_l1,role_shuffled,local_gradient,54,1.741185381213604,0.3768844221105528,1.5304813106943649
flywire_783_mb_left_kc512_s701,744,incoming_l1,role_shuffled,local_gradient,55,1.737148858037572,0.36683417085427134,1.5304813106943649
flywire_783_mb_left_kc512_s701,744,incoming_l1,role_shuffled,local_gradient,56,1.7517914983573333,0.4120603015075377,1.5304813106943649
flywire_783_mb_left_kc512_s701,744,incoming_l1,role_shuffled,local_gradient,57,1.7879770530791528,0.3969849246231156,1.5304813106943649
flywire_783_mb_left_kc512_s701,744,incoming_l1,role_shuffled,local_gradient,58,1.8437677028372086,0.35678391959798994,1.5304813106943649
flywire_783_mb_left_kc512_s701,744,incoming_l1,role_shuffled,local_gradient,59,1.9040314830117757,0.34673366834170855,1.5304813106943649
flywire_783_mb_left_kc512_s701,744,incoming_l1,role_shuffled,local_gradient,60,1.943184750349939,0.3316582914572864,1.5304813106943649
flywire_783_mb_left_kc512_s701,744,incoming_l1,role_shuffled,local_gradient,61,1.9387628294093522,0.35175879396984927,1.5304813106943649
flywire_783_mb_left_kc512_s701,744,incoming_l1,role_shuffled,local_gradient,62,1.885028935656901,0.34673366834170855,1.5304813106943649
flywire_783_mb_left_kc512_s701,744,incoming_l1,role_shuffled,local_gradient,63,1.8054753401881116,0.36180904522613067,1.5304813106943649
flywire_783_mb_left_kc512_s701,744,incoming_l1,role_shuffled,local_gradient,64,1.7542144530751302,0.35678391959798994,1.5304813106943649
flywire_783_mb_left_kc512_s701,744,incoming_l1,role_shuffled,local_gradient,65,1.7753497769952058,0.3969849246231156,1.5304813106943649
flywire_783_mb_left_kc512_s701,744,incoming_l1,role_shuffled,local_gradient,66,1.8526936326136345,0.36683417085427134,1.5304813106943649
flywire_783_mb_left_kc512_s701,744,incoming_l1,role_shuffled,local_gradient,67,1.9377746076199274,0.3316582914572864,1.5304813106943649
flywire_783_mb_left_kc512_s701,744,incoming_l1,role_shuffled,local_gradient,68,1.9943109717271974,0.36683417085427134,1.5304813106943649
flywire_783_mb_left_kc512_s701,744,incoming_l1,role_shuffled,local_gradient,69,2.0017853732406423,0.36683417085427134,1.5304813106943649
flywire_783_mb_left_kc512_s701,744,incoming_l1,role_shuffled,local_gradient,70,1.957425426452672,0.37185929648241206,1.5304813106943649
flywire_783_mb_left_kc512_s701,744,incoming_l1,role_shuffled,local_gradient,71,1.8825715934196705,0.3869346733668342,1.5304813106943649
flywire_783_mb_left_kc512_s701,744,incoming_l1,role_shuffled,local_gradient,72,1.813527410961055,0.39195979899497485,1.5304813106943649
flywire_783_mb_left_kc512_s701,744,incoming_l1,role_shuffled,local_gradient,73,1.7760153652393924,0.38190954773869346,1.5304813106943649
flywire_783_mb_left_kc512_s701,744,incoming_l1,role_shuffled,local_gradient,74,1.770896074434708,0.35175879396984927,1.5304813106943649
flywire_783_mb_left_kc512_s701,744,incoming_l1,role_shuffled,local_gradient,75,1.7858325891721751,0.38190954773869346,1.5304813106943649
flywire_783_mb_left_kc512_s701,744,incoming_l1,role_shuffled,local_gradient,76,1.8134076203695477,0.3869346733668342,1.5304813106943649
flywire_783_mb_left_kc512_s701,744,incoming_l1,role_shuffled,local_gradient,77,1.8554593275142568,0.3768844221105528,1.5304813106943649
flywire_783_mb_left_kc512_s701,744,incoming_l1,role_shuffled,local_gradient,78,1.9117019285455064,0.36180904522613067,1.5304813106943649
flywire_783_mb_left_kc512_s701,744,incoming_l1,role_shuffled,local_gradient,79,1.9685718650866377,0.33668341708542715,1.5304813106943649
flywire_783_mb_left_kc512_s701,744,incoming_l1,role_shuffled,local_gradient,80,2.003597427578741,0.3165829145728643,1.5304813106943649
flywire_783_mb_left_kc512_s701,744,incoming_l1,role_shuffled,local_gradient,81,1.9974213049340896,0.31155778894472363,1.5304813106943649
flywire_783_mb_left_kc512_s701,744,incoming_l1,role_shuffled,local_gradient,82,1.9425075920099182,0.32160804020100503,1.5304813106943649
flywire_783_mb_left_kc512_s701,744,incoming_l1,role_shuffled,local_gradient,83,1.852454231172092,0.36683417085427134,1.5304813106943649
flywire_783_mb_left_kc512_s701,744,incoming_l1,role_shuffled,local_gradient,84,1.7700924337636375,0.3417085427135678,1.5304813106943649
flywire_783_mb_left_kc512_s701,744,incoming_l1,role_shuffled,local_gradient,85,1.7507980966898746,0.4020100502512563,1.5304813106943649
flywire_783_mb_left_kc512_s701,744,incoming_l1,role_shuffled,local_gradient,86,1.8123170328816143,0.3869346733668342,1.5304813106943649
flywire_783_mb_left_kc512_s701,744,incoming_l1,role_shuffled,local_gradient,87,1.9147767021799138,0.35175879396984927,1.5304813106943649
flywire_783_mb_left_kc512_s701,744,incoming_l1,role_shuffled,local_gradient,88,2.00770271599173,0.32663316582914576,1.5304813106943649
flywire_783_mb_left_kc512_s701,744,incoming_l1,role_shuffled,local_gradient,89,2.0590829739003236,0.36180904522613067,1.5304813106943649
flywire_783_mb_left_kc512_s701,744,incoming_l1,role_shuffled,local_gradient,90,2.0539248510987442,0.35678391959798994,1.5304813106943649
flywire_783_mb_left_kc512_s701,744,incoming_l1,role_shuffled,local_gradient,91,1.9953674957596546,0.36683417085427134,1.5304813106943649
flywire_783_mb_left_kc512_s701,744,incoming_l1,role_shuffled,local_gradient,92,1.9074554042579634,0.3768844221105528,1.5304813106943649
flywire_783_mb_left_kc512_s701,744,incoming_l1,role_shuffled,local_gradient,93,1.8273405414016148,0.4020100502512563,1.5304813106943649
flywire_783_mb_left_kc512_s701,744,incoming_l1,role_shuffled,local_gradient,94,1.7837353548797106,0.3768844221105528,1.5304813106943649
flywire_783_mb_left_kc512_s701,744,incoming_l1,role_shuffled,local_gradient,95,1.7799615659075425,0.3417085427135678,1.5304813106943649
flywire_783_mb_left_kc512_s701,744,incoming_l1,role_shuffled,local_gradient,96,1.8014732113873846,0.36180904522613067,1.5304813106943649
flywire_783_mb_left_kc512_s701,744,incoming_l1,role_shuffled,local_gradient,97,1.836255533465267,0.36683417085427134,1.5304813106943649
flywire_783_mb_left_kc512_s701,744,incoming_l1,role_shuffled,local_gradient,98,1.8838791636561174,0.35678391959798994,1.5304813106943649
flywire_783_mb_left_kc512_s701,744,incoming_l1,role_shuffled,local_gradient,99,1.9468746557747523,0.34673366834170855,1.5304813106943649
flywire_783_mb_left_kc512_s701,744,incoming_l1,role_shuffled,local_gradient,100,2.0156368519909083,0.3417085427135678,1.5304813106943649
flywire_783_mb_left_kc512_s701,744,incoming_l1,role_shuffled,permuted_bptt,0,3.6514774470120717,0.09045226130653267,3.6514774470120717
flywire_783_mb_left_kc512_s701,744,incoming_l1,role_shuffled,permuted_bptt,1,3.5325362934421474,0.11055276381909548,3.5325362934421474
flywire_783_mb_left_kc512_s701,744,incoming_l1,role_shuffled,permuted_bptt,2,3.439109433924782,0.12060301507537688,3.439109433924782
flywire_783_mb_left_kc512_s701,744,incoming_l1,role_shuffled,permuted_bptt,3,3.3603414647193346,0.1457286432160804,3.3603414647193346
flywire_783_mb_left_kc512_s701,744,incoming_l1,role_shuffled,permuted_bptt,4,3.2930185224495685,0.1507537688442211,3.2930185224495685
flywire_783_mb_left_kc512_s701,744,incoming_l1,role_shuffled,permuted_bptt,5,3.249982511972908,0.15577889447236182,3.249982511972908
flywire_783_mb_left_kc512_s701,744,incoming_l1,role_shuffled,permuted_bptt,6,3.2010796804990944,0.1708542713567839,3.2010796804990944
flywire_783_mb_left_kc512_s701,744,incoming_l1,role_shuffled,permuted_bptt,7,3.156251174234947,0.15577889447236182,3.156251174234947
flywire_783_mb_left_kc512_s701,744,incoming_l1,role_shuffled,permuted_bptt,8,3.124074970522632,0.1457286432160804,3.124074970522632
flywire_783_mb_left_kc512_s701,744,incoming_l1,role_shuffled,permuted_bptt,9,3.0916380762239264,0.1457286432160804,3.0916380762239264
flywire_783_mb_left_kc512_s701,744,incoming_l1,role_shuffled,permuted_bptt,10,3.0588609921243926,0.15577889447236182,3.0588609921243926
flywire_783_mb_left_kc512_s701,744,incoming_l1,role_shuffled,permuted_bptt,11,3.0343202600274615,0.1708542713567839,3.0343202600274615
flywire_783_mb_left_kc512_s701,744,incoming_l1,role_shuffled,permuted_bptt,12,3.012453897888898,0.18090452261306533,3.012453897888898
flywire_783_mb_left_kc512_s701,744,incoming_l1,role_shuffled,permuted_bptt,13,2.9870487838255677,0.1708542713567839,2.9870487838255677
flywire_783_mb_left_kc512_s701,744,incoming_l1,role_shuffled,permuted_bptt,14,2.9641325709470556,0.1658291457286432,2.9641325709470556
flywire_783_mb_left_kc512_s701,744,incoming_l1,role_shuffled,permuted_bptt,15,2.9452647572868154,0.18592964824120603,2.9452647572868154
flywire_783_mb_left_kc512_s701,744,incoming_l1,role_shuffled,permuted_bptt,16,2.9252812307935985,0.20100502512562815,2.9252812307935985
flywire_783_mb_left_kc512_s701,744,incoming_l1,role_shuffled,permuted_bptt,17,2.9049400609860583,0.20603015075376885,2.9049400609860583
flywire_783_mb_left_kc512_s701,744,incoming_l1,role_shuffled,permuted_bptt,18,2.8882344753679106,0.20603015075376885,2.8882344753679106
flywire_783_mb_left_kc512_s701,744,incoming_l1,role_shuffled,permuted_bptt,19,2.8734529635627424,0.20100502512562815,2.8734529635627424
flywire_783_mb_left_kc512_s701,744,incoming_l1,role_shuffled,permuted_bptt,20,2.85736483382474,0.20603015075376885,2.85736483382474
flywire_783_mb_left_kc512_s701,744,incoming_l1,role_shuffled,permuted_bptt,21,2.841559130102572,0.20603015075376885,2.841559130102572
flywire_783_mb_left_kc512_s701,744,incoming_l1,role_shuffled,permuted_bptt,22,2.8279425164457317,0.20603015075376885,2.8279425164457317
flywire_783_mb_left_kc512_s701,744,incoming_l1,role_shuffled,permuted_bptt,23,2.8147994720578886,0.20603015075376885,2.8147994720578886
flywire_783_mb_left_kc512_s701,744,incoming_l1,role_shuffled,permuted_bptt,24,2.800708610620054,0.21105527638190955,2.800708610620054
flywire_783_mb_left_kc512_s701,744,incoming_l1,role_shuffled,permuted_bptt,25,2.787231677077537,0.22110552763819097,2.787231677077537
flywire_783_mb_left_kc512_s701,744,incoming_l1,role_shuffled,permuted_bptt,26,2.7753301610118695,0.23115577889447236,2.7753301610118695
flywire_783_mb_left_kc512_s701,744,incoming_l1,role_shuffled,permuted_bptt,27,2.7635722562841756,0.23115577889447236,2.7635722562841756
flywire_783_mb_left_kc512_s701,744,incoming_l1,role_shuffled,permuted_bptt,28,2.7515447151797634,0.24120603015075376,2.7515447151797634
flywire_783_mb_left_kc512_s701,744,incoming_l1,role_shuffled,permuted_bptt,29,2.740417175545375,0.24120603015075376,2.740417175545375
flywire_783_mb_left_kc512_s701,744,incoming_l1,role_shuffled,permuted_bptt,30,2.729943055511713,0.24623115577889448,2.729943055511713
flywire_783_mb_left_kc512_s701,744,incoming_l1,role_shuffled,permuted_bptt,31,2.71919320687273,0.24623115577889448,2.71919320687273
flywire_783_mb_left_kc512_s701,744,incoming_l1,role_shuffled,permuted_bptt,32,2.7087083245619312,0.25125628140703515,2.7087083245619312
flywire_783_mb_left_kc512_s701,744,incoming_l1,role_shuffled,permuted_bptt,33,2.6989221240325247,0.2562814070351759,2.6989221240325247
flywire_783_mb_left_kc512_s701,744,incoming_l1,role_shuffled,permuted_bptt,34,2.6892986676838855,0.2562814070351759,2.6892986676838855
flywire_783_mb_left_kc512_s701,744,incoming_l1,role_shuffled,permuted_bptt,35,2.6798674321882765,0.2613065326633166,2.6798674321882765
flywire_783_mb_left_kc512_s701,744,incoming_l1,role_shuffled,permuted_bptt,36,2.6709826360067206,0.2613065326633166,2.6709826360067206
flywire_783_mb_left_kc512_s701,744,incoming_l1,role_shuffled,permuted_bptt,37,2.6623184408532246,0.2613065326633166,2.6623184408532246
flywire_783_mb_left_kc512_s701,744,incoming_l1,role_shuffled,permuted_bptt,38,2.6536626531843672,0.2663316582914573,2.6536626531843672
flywire_783_mb_left_kc512_s701,744,incoming_l1,role_shuffled,permuted_bptt,39,2.6453758658906166,0.2613065326633166,2.6453758658906166
flywire_783_mb_left_kc512_s701,744,incoming_l1,role_shuffled,permuted_bptt,40,2.6374160303649554,0.2613065326633166,2.6374160303649554
flywire_783_mb_left_kc512_s701,744,incoming_l1,role_shuffled,permuted_bptt,41,2.6294890505029156,0.2663316582914573,2.6294890505029156
flywire_783_mb_left_kc512_s701,744,incoming_l1,role_shuffled,permuted_bptt,42,2.621854796303747,0.2663316582914573,2.621854796303747
flywire_783_mb_left_kc512_s701,744,incoming_l1,role_shuffled,permuted_bptt,43,2.614604536385781,0.271356783919598,2.614604536385781
flywire_783_mb_left_kc512_s701,744,incoming_l1,role_shuffled,permuted_bptt,44,2.6073822928121912,0.271356783919598,2.6073822928121912
flywire_783_mb_left_kc512_s701,744,incoming_l1,role_shuffled,permuted_bptt,45,2.600275458328854,0.271356783919598,2.600275458328854
flywire_783_mb_left_kc512_s701,744,incoming_l1,role_shuffled,permuted_bptt,46,2.5934672324540418,0.271356783919598,2.5934672324540418
flywire_783_mb_left_kc512_s701,744,incoming_l1,role_shuffled,permuted_bptt,47,2.5867384725853872,0.27638190954773867,2.5867384725853872
flywire_783_mb_left_kc512_s701,744,incoming_l1,role_shuffled,permuted_bptt,48,2.5801176211573944,0.27638190954773867,2.5801176211573944
flywire_783_mb_left_kc512_s701,744,incoming_l1,role_shuffled,permuted_bptt,49,2.5738010820753043,0.27638190954773867,2.5738010820753043
flywire_783_mb_left_kc512_s701,744,incoming_l1,role_shuffled,permuted_bptt,50,2.567621535302913,0.2814070351758794,2.567621535302913
flywire_783_mb_left_kc512_s701,744,incoming_l1,role_shuffled,permuted_bptt,51,2.561500308137429,0.27638190954773867,2.561500308137429
flywire_783_mb_left_kc512_s701,744,incoming_l1,role_shuffled,permuted_bptt,52,2.5556025281810983,0.2814070351758794,2.5556025281810983
flywire_783_mb_left_kc512_s701,744,incoming_l1,role_shuffled,permuted_bptt,53,2.5498406427222675,0.2814070351758794,2.5498406427222675
flywire_783_mb_left_kc512_s701,744,incoming_l1,role_shuffled,permuted_bptt,54,2.5441303605049415,0.2814070351758794,2.5441303605049415
flywire_783_mb_left_kc512_s701,744,incoming_l1,role_shuffled,permuted_bptt,55,2.5386073368485045,0.2864321608040201,2.5386073368485045
flywire_783_mb_left_kc512_s701,744,incoming_l1,role_shuffled,permuted_bptt,56,2.5332278535969155,0.2864321608040201,2.5332278535969155
flywire_783_mb_left_kc512_s701,744,incoming_l1,role_shuffled,permuted_bptt,57,2.5279060322110407,0.2864321608040201,2.5279060322110407
flywire_783_mb_left_kc512_s701,744,incoming_l1,role_shuffled,permuted_bptt,58,2.522714010435505,0.2864321608040201,2.522714010435505
flywire_783_mb_left_kc512_s701,744,incoming_l1,role_shuffled,permuted_bptt,59,2.5176432636130945,0.2864321608040201,2.5176432636130945
flywire_783_mb_left_kc512_s701,744,incoming_l1,role_shuffled,permuted_bptt,60,2.5126575651711605,0.2914572864321608,2.5126575651711605
flywire_783_mb_left_kc512_s701,744,incoming_l1,role_shuffled,permuted_bptt,61,2.5078029712837395,0.2964824120603015,2.5078029712837395
flywire_783_mb_left_kc512_s701,744,incoming_l1,role_shuffled,permuted_bptt,62,2.503051273954385,0.2964824120603015,2.503051273954385
flywire_783_mb_left_kc512_s701,744,incoming_l1,role_shuffled,permuted_bptt,63,2.4983844780091187,0.3015075376884422,2.4983844780091187
flywire_783_mb_left_kc512_s701,744,incoming_l1,role_shuffled,permuted_bptt,64,2.49384129126883,0.2964824120603015,2.49384129126883
flywire_783_mb_left_kc512_s701,744,incoming_l1,role_shuffled,permuted_bptt,65,2.4893849113477855,0.3015075376884422,2.4893849113477855
flywire_783_mb_left_kc512_s701,744,incoming_l1,role_shuffled,permuted_bptt,66,2.485011690792999,0.3015075376884422,2.485011690792999
flywire_783_mb_left_kc512_s701,744,incoming_l1,role_shuffled,permuted_bptt,67,2.4807440499122158,0.3015075376884422,2.4807440499122158
flywire_783_mb_left_kc512_s701,744,incoming_l1,role_shuffled,permuted_bptt,68,2.4765424601720167,0.3015075376884422,2.4765424601720167
flywire_783_mb_left_kc512_s701,744,incoming_l1,role_shuffled,permuted_bptt,69,2.4724139453326845,0.3015075376884422,2.4724139453326845
flywire_783_mb_left_kc512_s701,744,incoming_l1,role_shuffled,permuted_bptt,70,2.4683786732526807,0.3015075376884422,2.4683786732526807
flywire_783_mb_left_kc512_s701,744,incoming_l1,role_shuffled,permuted_bptt,71,2.464399795078111,0.3015075376884422,2.464399795078111
flywire_783_mb_left_kc512_s701,744,incoming_l1,role_shuffled,permuted_bptt,72,2.4604864732382326,0.3015075376884422,2.4604864732382326
flywire_783_mb_left_kc512_s701,744,incoming_l1,role_shuffled,permuted_bptt,73,2.4566514535856,0.3015075376884422,2.4566514535856
flywire_783_mb_left_kc512_s701,744,incoming_l1,role_shuffled,permuted_bptt,74,2.452868276872789,0.3015075376884422,2.452868276872789
flywire_783_mb_left_kc512_s701,744,incoming_l1,role_shuffled,permuted_bptt,75,2.4491460862544887,0.3065326633165829,2.4491460862544887
flywire_783_mb_left_kc512_s701,744,incoming_l1,role_shuffled,permuted_bptt,76,2.4454828444725134,0.3065326633165829,2.4454828444725134
flywire_783_mb_left_kc512_s701,744,incoming_l1,role_shuffled,permuted_bptt,77,2.4418657158865047,0.3015075376884422,2.4418657158865047
flywire_783_mb_left_kc512_s701,744,incoming_l1,role_shuffled,permuted_bptt,78,2.438307592330156,0.3015075376884422,2.438307592330156
flywire_783_mb_left_kc512_s701,744,incoming_l1,role_shuffled,permuted_bptt,79,2.4348023758159667,0.3015075376884422,2.4348023758159667
flywire_783_mb_left_kc512_s701,744,incoming_l1,role_shuffled,permuted_bptt,80,2.4313439460208084,0.3015075376884422,2.4313439460208084
flywire_783_mb_left_kc512_s701,744,incoming_l1,role_shuffled,permuted_bptt,81,2.427939931635837,0.3015075376884422,2.427939931635837
flywire_783_mb_left_kc512_s701,744,incoming_l1,role_shuffled,permuted_bptt,82,2.424582254245464,0.2964824120603015,2.424582254245464
flywire_783_mb_left_kc512_s701,744,incoming_l1,role_shuffled,permuted_bptt,83,2.421271987755128,0.2964824120603015,2.421271987755128
flywire_783_mb_left_kc512_s701,744,incoming_l1,role_shuffled,permuted_bptt,84,2.4180085386613785,0.2964824120603015,2.4180085386613785
flywire_783_mb_left_kc512_s701,744,incoming_l1,role_shuffled,permuted_bptt,85,2.414786130746157,0.2964824120603015,2.414786130746157
flywire_783_mb_left_kc512_s701,744,incoming_l1,role_shuffled,permuted_bptt,86,2.411609963331914,0.2964824120603015,2.411609963331914
flywire_783_mb_left_kc512_s701,744,incoming_l1,role_shuffled,permuted_bptt,87,2.408475330308249,0.2964824120603015,2.408475330308249
flywire_783_mb_left_kc512_s701,744,incoming_l1,role_shuffled,permuted_bptt,88,2.405379891613194,0.2964824120603015,2.405379891613194
flywire_783_mb_left_kc512_s701,744,incoming_l1,role_shuffled,permuted_bptt,89,2.402327042169211,0.2964824120603015,2.402327042169211
flywire_783_mb_left_kc512_s701,744,incoming_l1,role_shuffled,permuted_bptt,90,2.399310090810151,0.2964824120603015,2.399310090810151
flywire_783_mb_left_kc512_s701,744,incoming_l1,role_shuffled,permuted_bptt,91,2.396330286852474,0.2964824120603015,2.396330286852474
flywire_783_mb_left_kc512_s701,744,incoming_l1,role_shuffled,permuted_bptt,92,2.393387740616886,0.2964824120603015,2.393387740616886
flywire_783_mb_left_kc512_s701,744,incoming_l1,role_shuffled,permuted_bptt,93,2.390478207275205,0.2964824120603015,2.390478207275205
flywire_783_mb_left_kc512_s701,744,incoming_l1,role_shuffled,permuted_bptt,94,2.387603979949749,0.2964824120603015,2.387603979949749
flywire_783_mb_left_kc512_s701,744,incoming_l1,role_shuffled,permuted_bptt,95,2.3847624221361,0.2964824120603015,2.3847624221361
flywire_783_mb_left_kc512_s701,744,incoming_l1,role_shuffled,permuted_bptt,96,2.381951978738181,0.2964824120603015,2.381951978738181
flywire_783_mb_left_kc512_s701,744,incoming_l1,role_shuffled,permuted_bptt,97,2.379173541717816,0.2964824120603015,2.379173541717816
flywire_783_mb_left_kc512_s701,744,incoming_l1,role_shuffled,permuted_bptt,98,2.3764251740490985,0.2964824120603015,2.3764251740490985
flywire_783_mb_left_kc512_s701,744,incoming_l1,role_shuffled,permuted_bptt,99,2.3737074525852004,0.2964824120603015,2.3737074525852004
flywire_783_mb_left_kc512_s701,744,incoming_l1,role_shuffled,permuted_bptt,100,2.371018493669641,0.2964824120603015,2.371018493669641
flywire_783_mb_left_kc512_s702,742,spectral,fly,frozen,0,1.692868402702422,0.38190954773869346,1.692868402702422
flywire_783_mb_left_kc512_s702,742,spectral,fly,full_bptt,0,1.692868402702422,0.38190954773869346,1.692868402702422
flywire_783_mb_left_kc512_s702,742,spectral,fly,full_bptt,1,1.7035391166187277,0.40703517587939697,1.692868402702422
flywire_783_mb_left_kc512_s702,742,spectral,fly,full_bptt,2,1.7636354487345092,0.3969849246231156,1.692868402702422
flywire_783_mb_left_kc512_s702,742,spectral,fly,full_bptt,3,1.6963801446507087,0.36683417085427134,1.692868402702422
flywire_783_mb_left_kc512_s702,742,spectral,fly,full_bptt,4,1.7285655598305438,0.35678391959798994,1.692868402702422
flywire_783_mb_left_kc512_s702,742,spectral,fly,full_bptt,5,1.7249189908137863,0.36683417085427134,1.692868402702422
flywire_783_mb_left_kc512_s702,742,spectral,fly,full_bptt,6,1.6941872661734405,0.38190954773869346,1.692868402702422
flywire_783_mb_left_kc512_s702,742,spectral,fly,full_bptt,7,1.6998115510488085,0.39195979899497485,1.692868402702422
flywire_783_mb_left_kc512_s702,742,spectral,fly,full_bptt,8,1.7151638144887718,0.39195979899497485,1.692868402702422
flywire_783_mb_left_kc512_s702,742,spectral,fly,full_bptt,9,1.7059108840065147,0.3969849246231156,1.692868402702422
flywire_783_mb_left_kc512_s702,742,spectral,fly,full_bptt,10,1.6907504216258247,0.38190954773869346,1.6907504216258247
flywire_783_mb_left_kc512_s702,742,spectral,fly,full_bptt,11,1.693321334668335,0.3869346733668342,1.6907504216258247
flywire_783_mb_left_kc512_s702,742,spectral,fly,full_bptt,12,1.7029997046069516,0.39195979899497485,1.6907504216258247
flywire_783_mb_left_kc512_s702,742,spectral,fly,full_bptt,13,1.6987191803269215,0.39195979899497485,1.6907504216258247
flywire_783_mb_left_kc512_s702,742,spectral,fly,full_bptt,14,1.6887350214812034,0.3768844221105528,1.6887350214812034
flywire_783_mb_left_kc512_s702,742,spectral,fly,full_bptt,15,1.689161314534899,0.3768844221105528,1.6887350214812034
flywire_783_mb_left_kc512_s702,742,spectral,fly,full_bptt,16,1.6950220425443874,0.38190954773869346,1.6887350214812034
flywire_783_mb_left_kc512_s702,742,spectral,fly,full_bptt,17,1.6940672480327839,0.37185929648241206,1.6887350214812034
flywire_783_mb_left_kc512_s702,742,spectral,fly,full_bptt,18,1.6879905336858692,0.36683417085427134,1.6879905336858692
flywire_783_mb_left_kc512_s702,742,spectral,fly,full_bptt,19,1.6860863791052696,0.36683417085427134,1.6860863791052696
flywire_783_mb_left_kc512_s702,742,spectral,fly,full_bptt,20,1.689485821296577,0.36683417085427134,1.6860863791052696
flywire_783_mb_left_kc512_s702,742,spectral,fly,full_bptt,21,1.6903312100191463,0.36683417085427134,1.6860863791052696
flywire_783_mb_left_kc512_s702,742,spectral,fly,full_bptt,22,1.686505854328129,0.37185929648241206,1.6860863791052696
flywire_783_mb_left_kc512_s702,742,spectral,fly,full_bptt,23,1.684468414346171,0.38190954773869346,1.684468414346171
flywire_783_mb_left_kc512_s702,742,spectral,fly,full_bptt,24,1.6863103410266036,0.3869346733668342,1.684468414346171
flywire_783_mb_left_kc512_s702,742,spectral,fly,full_bptt,25,1.6870776475631004,0.3869346733668342,1.684468414346171
flywire_783_mb_left_kc512_s702,742,spectral,fly,full_bptt,26,1.684800379722683,0.3869346733668342,1.684468414346171
flywire_783_mb_left_kc512_s702,742,spectral,fly,full_bptt,27,1.683139939889535,0.3768844221105528,1.683139939889535
flywire_783_mb_left_kc512_s702,742,spectral,fly,full_bptt,28,1.684147945069221,0.37185929648241206,1.683139939889535
flywire_783_mb_left_kc512_s702,742,spectral,fly,full_bptt,29,1.6848948777759343,0.36180904522613067,1.683139939889535
flywire_783_mb_left_kc512_s702,742,spectral,fly,full_bptt,30,1.6832510487880872,0.36180904522613067,1.683139939889535
flywire_783_mb_left_kc512_s702,742,spectral,fly,full_bptt,31,1.68176772219426,0.37185929648241206,1.68176772219426
flywire_783_mb_left_kc512_s702,742,spectral,fly,full_bptt,32,1.6823848681512192,0.39195979899497485,1.68176772219426
flywire_783_mb_left_kc512_s702,742,spectral,fly,full_bptt,33,1.6829936743475278,0.39195979899497485,1.68176772219426
flywire_783_mb_left_kc512_s702,742,spectral,fly,full_bptt,34,1.6819612250350215,0.3869346733668342,1.68176772219426
flywire_783_mb_left_kc512_s702,742,spectral,fly,full_bptt,35,1.6808654606938014,0.37185929648241206,1.6808654606938014
flywire_783_mb_left_kc512_s702,742,spectral,fly,full_bptt,36,1.681068337393632,0.36683417085427134,1.6808654606938014
flywire_783_mb_left_kc512_s702,742,spectral,fly,full_bptt,37,1.6813639600410286,0.36683417085427134,1.6808654606938014
flywire_783_mb_left_kc512_s702,742,spectral,fly,full_bptt,38,1.6806603482469504,0.37185929648241206,1.6806603482469504
flywire_783_mb_left_kc512_s702,742,spectral,fly,full_bptt,39,1.6799684547463858,0.38190954773869346,1.6799684547463858
flywire_783_mb_left_kc512_s702,742,spectral,fly,full_bptt,40,1.6800586282456738,0.39195979899497485,1.6799684547463858
flywire_783_mb_left_kc512_s702,742,spectral,fly,full_bptt,41,1.6800414148365093,0.38190954773869346,1.6799684547463858
flywire_783_mb_left_kc512_s702,742,spectral,fly,full_bptt,42,1.679472308954838,0.38190954773869346,1.679472308954838
flywire_783_mb_left_kc512_s702,742,spectral,fly,full_bptt,43,1.6791349651633392,0.37185929648241206,1.6791349651633392
flywire_783_mb_left_kc512_s702,742,spectral,fly,full_bptt,44,1.6792170971700933,0.37185929648241206,1.6791349651633392
flywire_783_mb_left_kc512_s702,742,spectral,fly,full_bptt,45,1.678990438089081,0.37185929648241206,1.678990438089081
flywire_783_mb_left_kc512_s702,742,spectral,fly,full_bptt,46,1.6784663366785202,0.37185929648241206,1.6784663366785202
flywire_783_mb_left_kc512_s702,742,spectral,fly,full_bptt,47,1.6782989216060324,0.38190954773869346,1.6782989216060324
flywire_783_mb_left_kc512_s702,742,spectral,fly,full_bptt,48,1.6783468190106021,0.39195979899497485,1.6782989216060324
flywire_783_mb_left_kc512_s702,742,spectral,fly,full_bptt,49,1.6780676836923927,0.38190954773869346,1.6780676836923927
flywire_783_mb_left_kc512_s702,742,spectral,fly,full_bptt,50,1.6776569738062201,0.37185929648241206,1.6776569738062201
flywire_783_mb_left_kc512_s702,742,spectral,fly,full_bptt,51,1.6775406177414576,0.38190954773869346,1.6775406177414576
flywire_783_mb_left_kc512_s702,742,spectral,fly,full_bptt,52,1.6774970431575664,0.37185929648241206,1.6774970431575664
flywire_783_mb_left_kc512_s702,742,spectral,fly,full_bptt,53,1.6772235960154473,0.3768844221105528,1.6772235960154473
flywire_783_mb_left_kc512_s702,742,spectral,fly,full_bptt,54,1.676953958418797,0.3869346733668342,1.676953958418797
flywire_783_mb_left_kc512_s702,742,spectral,fly,full_bptt,55,1.6768511354477031,0.39195979899497485,1.6768511354477031
flywire_783_mb_left_kc512_s702,742,spectral,fly,full_bptt,56,1.6767044549095722,0.39195979899497485,1.6767044549095722
flywire_783_mb_left_kc512_s702,742,spectral,fly,full_bptt,57,1.6764636816719136,0.3969849246231156,1.6764636816719136
flywire_783_mb_left_kc512_s702,742,spectral,fly,full_bptt,58,1.6762958671476282,0.38190954773869346,1.6762958671476282
flywire_783_mb_left_kc512_s702,742,spectral,fly,full_bptt,59,1.6761761187513293,0.3869346733668342,1.6761761187513293
flywire_783_mb_left_kc512_s702,742,spectral,fly,full_bptt,60,1.6759843696062433,0.39195979899497485,1.6759843696062433
flywire_783_mb_left_kc512_s702,742,spectral,fly,full_bptt,61,1.6757921061728258,0.39195979899497485,1.6757921061728258
flywire_783_mb_left_kc512_s702,742,spectral,fly,full_bptt,62,1.675665506869325,0.39195979899497485,1.675665506869325
flywire_783_mb_left_kc512_s702,742,spectral,fly,full_bptt,63,1.6755181888223363,0.3969849246231156,1.6755181888223363
flywire_783_mb_left_kc512_s702,742,spectral,fly,full_bptt,64,1.6753297819075461,0.39195979899497485,1.6753297819075461
flywire_783_mb_left_kc512_s702,742,spectral,fly,full_bptt,65,1.6751793809561195,0.39195979899497485,1.6751793809561195
flywire_783_mb_left_kc512_s702,742,spectral,fly,full_bptt,66,1.6750557681373175,0.39195979899497485,1.6750557681373175
flywire_783_mb_left_kc512_s702,742,spectral,fly,full_bptt,67,1.674895789856427,0.3969849246231156,1.674895789856427
flywire_783_mb_left_kc512_s702,742,spectral,fly,full_bptt,68,1.6747312017293887,0.4020100502512563,1.6747312017293887
flywire_783_mb_left_kc512_s702,742,spectral,fly,full_bptt,69,1.674601233314613,0.3969849246231156,1.674601233314613
flywire_783_mb_left_kc512_s702,742,spectral,fly,full_bptt,70,1.6744677142216933,0.3969849246231156,1.6744677142216933
flywire_783_mb_left_kc512_s702,742,spectral,fly,full_bptt,71,1.6743142806137599,0.3969849246231156,1.6743142806137599
flywire_783_mb_left_kc512_s702,742,spectral,fly,full_bptt,72,1.6741744352101557,0.3969849246231156,1.6741744352101557
flywire_783_mb_left_kc512_s702,742,spectral,fly,full_bptt,73,1.6740474450506762,0.3969849246231156,1.6740474450506762
flywire_783_mb_left_kc512_s702,742,spectral,fly,full_bptt,74,1.6739092438395597,0.3969849246231156,1.6739092438395597
flywire_783_mb_left_kc512_s702,742,spectral,fly,full_bptt,75,1.6737717531706815,0.4020100502512563,1.6737717531706815
flywire_783_mb_left_kc512_s702,742,spectral,fly,full_bptt,76,1.6736461522799893,0.4020100502512563,1.6736461522799893
flywire_783_mb_left_kc512_s702,742,spectral,fly,full_bptt,77,1.6735159826623156,0.4020100502512563,1.6735159826623156
flywire_783_mb_left_kc512_s702,742,spectral,fly,full_bptt,78,1.6733828595132008,0.3969849246231156,1.6733828595132008
flywire_783_mb_left_kc512_s702,742,spectral,fly,full_bptt,79,1.6732608618592004,0.3969849246231156,1.6732608618592004
flywire_783_mb_left_kc512_s702,742,spectral,fly,full_bptt,80,1.6731383941842668,0.3969849246231156,1.6731383941842668
flywire_783_mb_left_kc512_s702,742,spectral,fly,full_bptt,81,1.6730088955790705,0.4020100502512563,1.6730088955790705
flywire_783_mb_left_kc512_s702,742,spectral,fly,full_bptt,82,1.6728880964014148,0.4020100502512563,1.6728880964014148
flywire_783_mb_left_kc512_s702,742,spectral,fly,full_bptt,83,1.6727729480469733,0.4020100502512563,1.6727729480469733
flywire_783_mb_left_kc512_s702,742,spectral,fly,full_bptt,84,1.672650227238072,0.3969849246231156,1.672650227238072
flywire_783_mb_left_kc512_s702,742,spectral,fly,full_bptt,85,1.6725303316386864,0.3969849246231156,1.6725303316386864
flywire_783_mb_left_kc512_s702,742,spectral,fly,full_bptt,86,1.6724183303778477,0.3969849246231156,1.6724183303778477
flywire_783_mb_left_kc512_s702,742,spectral,fly,full_bptt,87,1.6723020708341758,0.3969849246231156,1.6723020708341758
flywire_783_mb_left_kc512_s702,742,spectral,fly,full_bptt,88,1.6721856077331398,0.3969849246231156,1.6721856077331398
flywire_783_mb_left_kc512_s702,742,spectral,fly,full_bptt,89,1.6720763107339687,0.4020100502512563,1.6720763107339687
flywire_783_mb_left_kc512_s702,742,spectral,fly,full_bptt,90,1.6719649157260759,0.3969849246231156,1.6719649157260759
flywire_783_mb_left_kc512_s702,742,spectral,fly,full_bptt,91,1.6718520105605428,0.3969849246231156,1.6718520105605428
flywire_783_mb_left_kc512_s702,742,spectral,fly,full_bptt,92,1.6717455719679926,0.3969849246231156,1.6717455719679926
flywire_783_mb_left_kc512_s702,742,spectral,fly,full_bptt,93,1.671638627862122,0.3969849246231156,1.671638627862122
flywire_783_mb_left_kc512_s702,742,spectral,fly,full_bptt,94,1.6715292786698217,0.3969849246231156,1.6715292786698217
flywire_783_mb_left_kc512_s702,742,spectral,fly,full_bptt,95,1.671425150630738,0.3969849246231156,1.671425150630738
flywire_783_mb_left_kc512_s702,742,spectral,fly,full_bptt,96,1.6713220239533504,0.3969849246231156,1.6713220239533504
flywire_783_mb_left_kc512_s702,742,spectral,fly,full_bptt,97,1.6712166774081552,0.3969849246231156,1.6712166774081552
flywire_783_mb_left_kc512_s702,742,spectral,fly,full_bptt,98,1.671115055282306,0.3969849246231156,1.671115055282306
flywire_783_mb_left_kc512_s702,742,spectral,fly,full_bptt,99,1.6710147747165254,0.3969849246231156,1.6710147747165254
flywire_783_mb_left_kc512_s702,742,spectral,fly,full_bptt,100,1.6709129252264956,0.3969849246231156,1.6709129252264956
flywire_783_mb_left_kc512_s702,742,spectral,fly,local_gradient,0,1.692868402702422,0.38190954773869346,1.692868402702422
flywire_783_mb_left_kc512_s702,742,spectral,fly,local_gradient,1,1.7232112905090506,0.37185929648241206,1.692868402702422
flywire_783_mb_left_kc512_s702,742,spectral,fly,local_gradient,2,1.70672260377164,0.3869346733668342,1.692868402702422
flywire_783_mb_left_kc512_s702,742,spectral,fly,local_gradient,3,1.716599096940113,0.36683417085427134,1.692868402702422
flywire_783_mb_left_kc512_s702,742,spectral,fly,local_gradient,4,1.7063033511472814,0.3869346733668342,1.692868402702422
flywire_783_mb_left_kc512_s702,742,spectral,fly,local_gradient,5,1.7079893737276657,0.4120603015075377,1.692868402702422
flywire_783_mb_left_kc512_s702,742,spectral,fly,local_gradient,6,1.705229722258495,0.3869346733668342,1.692868402702422
flywire_783_mb_left_kc512_s702,742,spectral,fly,local_gradient,7,1.7081160355843903,0.35175879396984927,1.692868402702422
flywire_783_mb_left_kc512_s702,742,spectral,fly,local_gradient,8,1.7108467369513645,0.32663316582914576,1.692868402702422
flywire_783_mb_left_kc512_s702,742,spectral,fly,local_gradient,9,1.7091065896475672,0.35175879396984927,1.692868402702422
flywire_783_mb_left_kc512_s702,742,spectral,fly,local_gradient,10,1.7121563056679197,0.36683417085427134,1.692868402702422
flywire_783_mb_left_kc512_s702,742,spectral,fly,local_gradient,11,1.713813362846798,0.35678391959798994,1.692868402702422
flywire_783_mb_left_kc512_s702,742,spectral,fly,local_gradient,12,1.7120233299376135,0.36683417085427134,1.692868402702422
flywire_783_mb_left_kc512_s702,742,spectral,fly,local_gradient,13,1.7138750501031648,0.36180904522613067,1.692868402702422
flywire_783_mb_left_kc512_s702,742,spectral,fly,local_gradient,14,1.7159546498010505,0.35175879396984927,1.692868402702422
flywire_783_mb_left_kc512_s702,742,spectral,fly,local_gradient,15,1.715438583342219,0.35175879396984927,1.692868402702422
flywire_783_mb_left_kc512_s702,742,spectral,fly,local_gradient,16,1.7161398895275717,0.36180904522613067,1.692868402702422
flywire_783_mb_left_kc512_s702,742,spectral,fly,local_gradient,17,1.71728193629327,0.36683417085427134,1.692868402702422
flywire_783_mb_left_kc512_s702,742,spectral,fly,local_gradient,18,1.7183550354582104,0.37185929648241206,1.692868402702422
flywire_783_mb_left_kc512_s702,742,spectral,fly,local_gradient,19,1.7212658539429684,0.36683417085427134,1.692868402702422
flywire_783_mb_left_kc512_s702,742,spectral,fly,local_gradient,20,1.7237935377556206,0.37185929648241206,1.692868402702422
flywire_783_mb_left_kc512_s702,742,spectral,fly,local_gradient,21,1.7249943890706503,0.38190954773869346,1.692868402702422
flywire_783_mb_left_kc512_s702,742,spectral,fly,local_gradient,22,1.7272059780042588,0.3768844221105528,1.692868402702422
flywire_783_mb_left_kc512_s702,742,spectral,fly,local_gradient,23,1.7297008126642908,0.36683417085427134,1.692868402702422
flywire_783_mb_left_kc512_s702,742,spectral,fly,local_gradient,24,1.731241106609406,0.36180904522613067,1.692868402702422
flywire_783_mb_left_kc512_s702,742,spectral,fly,local_gradient,25,1.7326035333729497,0.36683417085427134,1.692868402702422
flywire_783_mb_left_kc512_s702,742,spectral,fly,local_gradient,26,1.7331299191540244,0.36683417085427134,1.692868402702422
flywire_783_mb_left_kc512_s702,742,spectral,fly,local_gradient,27,1.7329873000419938,0.3768844221105528,1.692868402702422
flywire_783_mb_left_kc512_s702,742,spectral,fly,local_gradient,28,1.733713792543443,0.37185929648241206,1.692868402702422
flywire_783_mb_left_kc512_s702,742,spectral,fly,local_gradient,29,1.7341170527434906,0.37185929648241206,1.692868402702422
flywire_783_mb_left_kc512_s702,742,spectral,fly,local_gradient,30,1.7334567551153637,0.36683417085427134,1.692868402702422
flywire_783_mb_left_kc512_s702,742,spectral,fly,local_gradient,31,1.7332581791402626,0.36683417085427134,1.692868402702422
flywire_783_mb_left_kc512_s702,742,spectral,fly,local_gradient,32,1.7338445887883702,0.37185929648241206,1.692868402702422
flywire_783_mb_left_kc512_s702,742,spectral,fly,local_gradient,33,1.7352355529189762,0.37185929648241206,1.692868402702422
flywire_783_mb_left_kc512_s702,742,spectral,fly,local_gradient,34,1.7373699774829563,0.35175879396984927,1.692868402702422
flywire_783_mb_left_kc512_s702,742,spectral,fly,local_gradient,35,1.7388613272054514,0.36180904522613067,1.692868402702422
flywire_783_mb_left_kc512_s702,742,spectral,fly,local_gradient,36,1.7394788229385103,0.36683417085427134,1.692868402702422
flywire_783_mb_left_kc512_s702,742,spectral,fly,local_gradient,37,1.740214468133286,0.36180904522613067,1.692868402702422
flywire_783_mb_left_kc512_s702,742,spectral,fly,local_gradient,38,1.7415738736254558,0.36683417085427134,1.692868402702422
flywire_783_mb_left_kc512_s702,742,spectral,fly,local_gradient,39,1.7438366608923945,0.37185929648241206,1.692868402702422
flywire_783_mb_left_kc512_s702,742,spectral,fly,local_gradient,40,1.7463123262936369,0.3869346733668342,1.692868402702422
flywire_783_mb_left_kc512_s702,742,spectral,fly,local_gradient,41,1.7482119720510536,0.3869346733668342,1.692868402702422
flywire_783_mb_left_kc512_s702,742,spectral,fly,local_gradient,42,1.750234892932475,0.39195979899497485,1.692868402702422
flywire_783_mb_left_kc512_s702,742,spectral,fly,local_gradient,43,1.7531353386089634,0.38190954773869346,1.692868402702422
flywire_783_mb_left_kc512_s702,742,spectral,fly,local_gradient,44,1.7568973011351725,0.38190954773869346,1.692868402702422
flywire_783_mb_left_kc512_s702,742,spectral,fly,local_gradient,45,1.7607246560407672,0.3869346733668342,1.692868402702422
flywire_783_mb_left_kc512_s702,742,spectral,fly,local_gradient,46,1.763416034401562,0.3768844221105528,1.692868402702422
flywire_783_mb_left_kc512_s702,742,spectral,fly,local_gradient,47,1.765097147433848,0.3869346733668342,1.692868402702422
flywire_783_mb_left_kc512_s702,742,spectral,fly,local_gradient,48,1.7666890898310619,0.36683417085427134,1.692868402702422
flywire_783_mb_left_kc512_s702,742,spectral,fly,local_gradient,49,1.7684650829322406,0.36683417085427134,1.692868402702422
flywire_783_mb_left_kc512_s702,742,spectral,fly,local_gradient,50,1.7701781247421002,0.37185929648241206,1.692868402702422
flywire_783_mb_left_kc512_s702,742,spectral,fly,local_gradient,51,1.7712529591447037,0.37185929648241206,1.692868402702422
flywire_783_mb_left_kc512_s702,742,spectral,fly,local_gradient,52,1.7714892318600823,0.38190954773869346,1.692868402702422
flywire_783_mb_left_kc512_s702,742,spectral,fly,local_gradient,53,1.7712603003981635,0.37185929648241206,1.692868402702422
flywire_783_mb_left_kc512_s702,742,spectral,fly,local_gradient,54,1.7707248337860173,0.35175879396984927,1.692868402702422
flywire_783_mb_left_kc512_s702,742,spectral,fly,local_gradient,55,1.7698362943300474,0.36683417085427134,1.692868402702422
flywire_783_mb_left_kc512_s702,742,spectral,fly,local_gradient,56,1.7685327382783365,0.36683417085427134,1.692868402702422
flywire_783_mb_left_kc512_s702,742,spectral,fly,local_gradient,57,1.7669173236667801,0.37185929648241206,1.692868402702422
flywire_783_mb_left_kc512_s702,742,spectral,fly,local_gradient,58,1.7653695058274672,0.3768844221105528,1.692868402702422
flywire_783_mb_left_kc512_s702,742,spectral,fly,local_gradient,59,1.7641344768171774,0.36683417085427134,1.692868402702422
flywire_783_mb_left_kc512_s702,742,spectral,fly,local_gradient,60,1.7634463718171882,0.36683417085427134,1.692868402702422
flywire_783_mb_left_kc512_s702,742,spectral,fly,local_gradient,61,1.7637186545419778,0.37185929648241206,1.692868402702422
flywire_783_mb_left_kc512_s702,742,spectral,fly,local_gradient,62,1.765307065628557,0.35678391959798994,1.692868402702422
flywire_783_mb_left_kc512_s702,742,spectral,fly,local_gradient,63,1.7683239624467884,0.36180904522613067,1.692868402702422
flywire_783_mb_left_kc512_s702,742,spectral,fly,local_gradient,64,1.7725240260441415,0.36180904522613067,1.692868402702422
flywire_783_mb_left_kc512_s702,742,spectral,fly,local_gradient,65,1.7777117038913253,0.35175879396984927,1.692868402702422
flywire_783_mb_left_kc512_s702,742,spectral,fly,local_gradient,66,1.784018517247239,0.34673366834170855,1.692868402702422
flywire_783_mb_left_kc512_s702,742,spectral,fly,local_gradient,67,1.7915519217329938,0.33668341708542715,1.692868402702422
flywire_783_mb_left_kc512_s702,742,spectral,fly,local_gradient,68,1.800139187265523,0.35175879396984927,1.692868402702422
flywire_783_mb_left_kc512_s702,742,spectral,fly,local_gradient,69,1.8093846454005824,0.3417085427135678,1.692868402702422
flywire_783_mb_left_kc512_s702,742,spectral,fly,local_gradient,70,1.819040951199946,0.33668341708542715,1.692868402702422
flywire_783_mb_left_kc512_s702,742,spectral,fly,local_gradient,71,1.829186967059278,0.32663316582914576,1.692868402702422
flywire_783_mb_left_kc512_s702,742,spectral,fly,local_gradient,72,1.8399025911654652,0.32663316582914576,1.692868402702422
flywire_783_mb_left_kc512_s702,742,spectral,fly,local_gradient,73,1.8510019363915597,0.33668341708542715,1.692868402702422
flywire_783_mb_left_kc512_s702,742,spectral,fly,local_gradient,74,1.8620834300471625,0.33668341708542715,1.692868402702422
flywire_783_mb_left_kc512_s702,742,spectral,fly,local_gradient,75,1.8728302149303309,0.32663316582914576,1.692868402702422
flywire_783_mb_left_kc512_s702,742,spectral,fly,local_gradient,76,1.883226578772257,0.33668341708542715,1.692868402702422
flywire_783_mb_left_kc512_s702,742,spectral,fly,local_gradient,77,1.8933701126077707,0.33668341708542715,1.692868402702422
flywire_783_mb_left_kc512_s702,742,spectral,fly,local_gradient,78,1.903197630010822,0.3417085427135678,1.692868402702422
flywire_783_mb_left_kc512_s702,742,spectral,fly,local_gradient,79,1.9124660094105765,0.3316582914572864,1.692868402702422
flywire_783_mb_left_kc512_s702,742,spectral,fly,local_gradient,80,1.9209625357644453,0.32160804020100503,1.692868402702422
flywire_783_mb_left_kc512_s702,742,spectral,fly,local_gradient,81,1.9286917637759111,0.32663316582914576,1.692868402702422
flywire_783_mb_left_kc512_s702,742,spectral,fly,local_gradient,82,1.9357782062316302,0.3165829145728643,1.692868402702422
flywire_783_mb_left_kc512_s702,742,spectral,fly,local_gradient,83,1.94223810156018,0.32160804020100503,1.692868402702422
flywire_783_mb_left_kc512_s702,742,spectral,fly,local_gradient,84,1.9479221193389074,0.31155778894472363,1.692868402702422
flywire_783_mb_left_kc512_s702,742,spectral,fly,local_gradient,85,1.9526640343782926,0.31155778894472363,1.692868402702422
flywire_783_mb_left_kc512_s702,742,spectral,fly,local_gradient,86,1.9564561878170086,0.2914572864321608,1.692868402702422
flywire_783_mb_left_kc512_s702,742,spectral,fly,local_gradient,87,1.9594259406373107,0.2914572864321608,1.692868402702422
flywire_783_mb_left_kc512_s702,742,spectral,fly,local_gradient,88,1.9616603880781478,0.3015075376884422,1.692868402702422
flywire_783_mb_left_kc512_s702,742,spectral,fly,local_gradient,89,1.963130920377527,0.3015075376884422,1.692868402702422
flywire_783_mb_left_kc512_s702,742,spectral,fly,local_gradient,90,1.96379000054325,0.2964824120603015,1.692868402702422
flywire_783_mb_left_kc512_s702,742,spectral,fly,local_gradient,91,1.9637070350784873,0.2864321608040201,1.692868402702422
flywire_783_mb_left_kc512_s702,742,spectral,fly,local_gradient,92,1.963071089474765,0.2964824120603015,1.692868402702422
flywire_783_mb_left_kc512_s702,742,spectral,fly,local_gradient,93,1.9620775080576849,0.2864321608040201,1.692868402702422
flywire_783_mb_left_kc512_s702,742,spectral,fly,local_gradient,94,1.9608826261430052,0.2864321608040201,1.692868402702422
flywire_783_mb_left_kc512_s702,742,spectral,fly,local_gradient,95,1.9596711799199877,0.2814070351758794,1.692868402702422
flywire_783_mb_left_kc512_s702,742,spectral,fly,local_gradient,96,1.958713847375646,0.2914572864321608,1.692868402702422
flywire_783_mb_left_kc512_s702,742,spectral,fly,local_gradient,97,1.9583166894910915,0.2864321608040201,1.692868402702422
flywire_783_mb_left_kc512_s702,742,spectral,fly,local_gradient,98,1.958729448201186,0.2864321608040201,1.692868402702422
flywire_783_mb_left_kc512_s702,742,spectral,fly,local_gradient,99,1.960147075217794,0.2964824120603015,1.692868402702422
flywire_783_mb_left_kc512_s702,742,spectral,fly,local_gradient,100,1.9627703624479838,0.3065326633165829,1.692868402702422
flywire_783_mb_left_kc512_s702,742,spectral,fly,permuted_bptt,0,3.5463973188983875,0.1457286432160804,3.5463973188983875
flywire_783_mb_left_kc512_s702,742,spectral,fly,permuted_bptt,1,3.4582203915052383,0.15577889447236182,3.4582203915052383
flywire_783_mb_left_kc512_s702,742,spectral,fly,permuted_bptt,2,3.4089206452200638,0.16080402010050251,3.4089206452200638
flywire_783_mb_left_kc512_s702,742,spectral,fly,permuted_bptt,3,3.348124484163097,0.17587939698492464,3.348124484163097
flywire_783_mb_left_kc512_s702,742,spectral,fly,permuted_bptt,4,3.314184422838037,0.17587939698492464,3.314184422838037
flywire_783_mb_left_kc512_s702,742,spectral,fly,permuted_bptt,5,3.2813902953472014,0.19597989949748743,3.2813902953472014
flywire_783_mb_left_kc512_s702,742,spectral,fly,permuted_bptt,6,3.2516279428086143,0.19597989949748743,3.2516279428086143
flywire_783_mb_left_kc512_s702,742,spectral,fly,permuted_bptt,7,3.233841388443808,0.20603015075376885,3.233841388443808
flywire_783_mb_left_kc512_s702,742,spectral,fly,permuted_bptt,8,3.209834964971809,0.21105527638190955,3.209834964971809
flywire_783_mb_left_kc512_s702,742,spectral,fly,permuted_bptt,9,3.1855103099638646,0.21105527638190955,3.1855103099638646
flywire_783_mb_left_kc512_s702,742,spectral,fly,permuted_bptt,10,3.168053093926547,0.21608040201005024,3.168053093926547
flywire_783_mb_left_kc512_s702,742,spectral,fly,permuted_bptt,11,3.1488913794572437,0.22110552763819097,3.1488913794572437
flywire_783_mb_left_kc512_s702,742,spectral,fly,permuted_bptt,12,3.129274140738008,0.22110552763819097,3.129274140738008
flywire_783_mb_left_kc512_s702,742,spectral,fly,permuted_bptt,13,3.1141860766933402,0.21105527638190955,3.1141860766933402
flywire_783_mb_left_kc512_s702,742,spectral,fly,permuted_bptt,14,3.098656173796538,0.21608040201005024,3.098656173796538
flywire_783_mb_left_kc512_s702,742,spectral,fly,permuted_bptt,15,3.0812552622962173,0.24120603015075376,3.0812552622962173
flywire_783_mb_left_kc512_s702,742,spectral,fly,permuted_bptt,16,3.066783242513053,0.23115577889447236,3.066783242513053
flywire_783_mb_left_kc512_s702,742,spectral,fly,permuted_bptt,17,3.053797545480475,0.22110552763819097,3.053797545480475
flywire_783_mb_left_kc512_s702,742,spectral,fly,permuted_bptt,18,3.0397303690489146,0.21105527638190955,3.0397303690489146
flywire_783_mb_left_kc512_s702,742,spectral,fly,permuted_bptt,19,3.027045409324311,0.19597989949748743,3.027045409324311
flywire_783_mb_left_kc512_s702,742,spectral,fly,permuted_bptt,20,3.0156403689332834,0.20100502512562815,3.0156403689332834
flywire_783_mb_left_kc512_s702,742,spectral,fly,permuted_bptt,21,3.0033243400102583,0.21608040201005024,3.0033243400102583
flywire_783_mb_left_kc512_s702,742,spectral,fly,permuted_bptt,22,2.9917848428343627,0.21608040201005024,2.9917848428343627
flywire_783_mb_left_kc512_s702,742,spectral,fly,permuted_bptt,23,2.981748336410934,0.21105527638190955,2.981748336410934
flywire_783_mb_left_kc512_s702,742,spectral,fly,permuted_bptt,24,2.9712304605250703,0.22613065326633167,2.9712304605250703
flywire_783_mb_left_kc512_s702,742,spectral,fly,permuted_bptt,25,2.960940891036645,0.21608040201005024,2.960940891036645
flywire_783_mb_left_kc512_s702,742,spectral,fly,permuted_bptt,26,2.951941699200258,0.21105527638190955,2.951941699200258
flywire_783_mb_left_kc512_s702,742,spectral,fly,permuted_bptt,27,2.942863747063341,0.21608040201005024,2.942863747063341
flywire_783_mb_left_kc512_s702,742,spectral,fly,permuted_bptt,28,2.933765188986626,0.21608040201005024,2.933765188986626
flywire_783_mb_left_kc512_s702,742,spectral,fly,permuted_bptt,29,2.9256434944613865,0.22613065326633167,2.9256434944613865
flywire_783_mb_left_kc512_s702,742,spectral,fly,permuted_bptt,30,2.917515603585289,0.23618090452261306,2.917515603585289
flywire_783_mb_left_kc512_s702,742,spectral,fly,permuted_bptt,31,2.9091766796907756,0.23115577889447236,2.9091766796907756
flywire_783_mb_left_kc512_s702,742,spectral,fly,permuted_bptt,32,2.901674250855292,0.23115577889447236,2.901674250855292
flywire_783_mb_left_kc512_s702,742,spectral,fly,permuted_bptt,33,2.8944975271869215,0.23115577889447236,2.8944975271869215
flywire_783_mb_left_kc512_s702,742,spectral,fly,permuted_bptt,34,2.887281248858398,0.24120603015075376,2.887281248858398
flywire_783_mb_left_kc512_s702,742,spectral,fly,permuted_bptt,35,2.8806486242767115,0.23618090452261306,2.8806486242767115
flywire_783_mb_left_kc512_s702,742,spectral,fly,permuted_bptt,36,2.8742120227567627,0.23618090452261306,2.8742120227567627
flywire_783_mb_left_kc512_s702,742,spectral,fly,permuted_bptt,37,2.8677784495606846,0.24623115577889448,2.8677784495606846
flywire_783_mb_left_kc512_s702,742,spectral,fly,permuted_bptt,38,2.8618932314192334,0.23618090452261306,2.8618932314192334
flywire_783_mb_left_kc512_s702,742,spectral,fly,permuted_bptt,39,2.8562194166371953,0.23618090452261306,2.8562194166371953
flywire_783_mb_left_kc512_s702,742,spectral,fly,permuted_bptt,40,2.8505783719654665,0.24120603015075376,2.8505783719654665
flywire_783_mb_left_kc512_s702,742,spectral,fly,permuted_bptt,41,2.8452867725259674,0.23618090452261306,2.8452867725259674
flywire_783_mb_left_kc512_s702,742,spectral,fly,permuted_bptt,42,2.8400582230174147,0.24120603015075376,2.8400582230174147
flywire_783_mb_left_kc512_s702,742,spectral,fly,permuted_bptt,43,2.8349293803127273,0.24120603015075376,2.8349293803127273
flywire_783_mb_left_kc512_s702,742,spectral,fly,permuted_bptt,44,2.8301370521048974,0.24120603015075376,2.8301370521048974
flywire_783_mb_left_kc512_s702,742,spectral,fly,permuted_bptt,45,2.8253572569281227,0.24120603015075376,2.8253572569281227
flywire_783_mb_left_kc512_s702,742,spectral,fly,permuted_bptt,46,2.8206871176641752,0.24623115577889448,2.8206871176641752
flywire_783_mb_left_kc512_s702,742,spectral,fly,permuted_bptt,47,2.8162765618452346,0.25125628140703515,2.8162765618452346
flywire_783_mb_left_kc512_s702,742,spectral,fly,permuted_bptt,48,2.8119050200787554,0.25125628140703515,2.8119050200787554
flywire_783_mb_left_kc512_s702,742,spectral,fly,permuted_bptt,49,2.8077175455804886,0.24623115577889448,2.8077175455804886
flywire_783_mb_left_kc512_s702,742,spectral,fly,permuted_bptt,50,2.80370130566447,0.24623115577889448,2.80370130566447
flywire_783_mb_left_kc512_s702,742,spectral,fly,permuted_bptt,51,2.7996987702950564,0.24623115577889448,2.7996987702950564
flywire_783_mb_left_kc512_s702,742,spectral,fly,permuted_bptt,52,2.795864703282865,0.24623115577889448,2.795864703282865
flywire_783_mb_left_kc512_s702,742,spectral,fly,permuted_bptt,53,2.7921317212359047,0.24120603015075376,2.7921317212359047
flywire_783_mb_left_kc512_s702,742,spectral,fly,permuted_bptt,54,2.788458734994068,0.24120603015075376,2.788458734994068
flywire_783_mb_left_kc512_s702,742,spectral,fly,permuted_bptt,55,2.78493062151963,0.24623115577889448,2.78493062151963
flywire_783_mb_left_kc512_s702,742,spectral,fly,permuted_bptt,56,2.7814474234873714,0.24623115577889448,2.7814474234873714
flywire_783_mb_left_kc512_s702,742,spectral,fly,permuted_bptt,57,2.7780611324370406,0.24120603015075376,2.7780611324370406
flywire_783_mb_left_kc512_s702,742,spectral,fly,permuted_bptt,58,2.7747789460446577,0.24120603015075376,2.7747789460446577
flywire_783_mb_left_kc512_s702,742,spectral,fly,permuted_bptt,59,2.7715256483694053,0.24120603015075376,2.7715256483694053
flywire_783_mb_left_kc512_s702,742,spectral,fly,permuted_bptt,60,2.7683740235242724,0.23618090452261306,2.7683740235242724
flywire_783_mb_left_kc512_s702,742,spectral,fly,permuted_bptt,61,2.765278073873964,0.24120603015075376,2.765278073873964
flywire_783_mb_left_kc512_s702,742,spectral,fly,permuted_bptt,62,2.7622406313086496,0.24120603015075376,2.7622406313086496
flywire_783_mb_left_kc512_s702,742,spectral,fly,permuted_bptt,63,2.7592947218694532,0.24120603015075376,2.7592947218694532
flywire_783_mb_left_kc512_s702,742,spectral,fly,permuted_bptt,64,2.756378867676286,0.24120603015075376,2.756378867676286
flywire_783_mb_left_kc512_s702,742,spectral,fly,permuted_bptt,65,2.753532089293436,0.23618090452261306,2.753532089293436
flywire_783_mb_left_kc512_s702,742,spectral,fly,permuted_bptt,66,2.750743923846503,0.23115577889447236,2.750743923846503
flywire_783_mb_left_kc512_s702,742,spectral,fly,permuted_bptt,67,2.7480045548603447,0.23115577889447236,2.7480045548603447
flywire_783_mb_left_kc512_s702,742,spectral,fly,permuted_bptt,68,2.7453359875275223,0.23115577889447236,2.7453359875275223
flywire_783_mb_left_kc512_s702,742,spectral,fly,permuted_bptt,69,2.7427046978716243,0.23115577889447236,2.7427046978716243
flywire_783_mb_left_kc512_s702,742,spectral,fly,permuted_bptt,70,2.7401337219748725,0.23115577889447236,2.7401337219748725
flywire_783_mb_left_kc512_s702,742,spectral,fly,permuted_bptt,71,2.7376091310994233,0.23115577889447236,2.7376091310994233
flywire_783_mb_left_kc512_s702,742,spectral,fly,permuted_bptt,72,2.735123655086907,0.23115577889447236,2.735123655086907
flywire_783_mb_left_kc512_s702,742,spectral,fly,permuted_bptt,73,2.7326895365530444,0.23115577889447236,2.7326895365530444
flywire_783_mb_left_kc512_s702,742,spectral,fly,permuted_bptt,74,2.7302854575687676,0.23115577889447236,2.7302854575687676
flywire_783_mb_left_kc512_s702,742,spectral,fly,permuted_bptt,75,2.72792980809609,0.23115577889447236,2.72792980809609
flywire_783_mb_left_kc512_s702,742,spectral,fly,permuted_bptt,76,2.725611244283436,0.23618090452261306,2.725611244283436
flywire_783_mb_left_kc512_s702,742,spectral,fly,permuted_bptt,77,2.7233282983886924,0.23618090452261306,2.7233282983886924
flywire_783_mb_left_kc512_s702,742,spectral,fly,permuted_bptt,78,2.721085945038194,0.23618090452261306,2.721085945038194
flywire_783_mb_left_kc512_s702,742,spectral,fly,permuted_bptt,79,2.7188749555665934,0.23618090452261306,2.7188749555665934
flywire_783_mb_left_kc512_s702,742,spectral,fly,permuted_bptt,80,2.7167052680246497,0.23618090452261306,2.7167052680246497
flywire_783_mb_left_kc512_s702,742,spectral,fly,permuted_bptt,81,2.714566120903862,0.24120603015075376,2.714566120903862
flywire_783_mb_left_kc512_s702,742,spectral,fly,permuted_bptt,82,2.7124624856392834,0.24120603015075376,2.7124624856392834
flywire_783_mb_left_kc512_s702,742,spectral,fly,permuted_bptt,83,2.710391419430416,0.24120603015075376,2.710391419430416
flywire_783_mb_left_kc512_s702,742,spectral,fly,permuted_bptt,84,2.708350734032069,0.24120603015075376,2.708350734032069
flywire_783_mb_left_kc512_s702,742,spectral,fly,permuted_bptt,85,2.706343388157885,0.24120603015075376,2.706343388157885
flywire_783_mb_left_kc512_s702,742,spectral,fly,permuted_bptt,86,2.704362182944496,0.24623115577889448,2.704362182944496
flywire_783_mb_left_kc512_s702,742,spectral,fly,permuted_bptt,87,2.7024129016513525,0.24623115577889448,2.7024129016513525
flywire_783_mb_left_kc512_s702,742,spectral,fly,permuted_bptt,88,2.7004905079171246,0.24623115577889448,2.7004905079171246
flywire_783_mb_left_kc512_s702,742,spectral,fly,permuted_bptt,89,2.698596603310426,0.24623115577889448,2.698596603310426
flywire_783_mb_left_kc512_s702,742,spectral,fly,permuted_bptt,90,2.696729047104253,0.24623115577889448,2.696729047104253
flywire_783_mb_left_kc512_s702,742,spectral,fly,permuted_bptt,91,2.6948872805559394,0.24623115577889448,2.6948872805559394
flywire_783_mb_left_kc512_s702,742,spectral,fly,permuted_bptt,92,2.6930726376090233,0.24623115577889448,2.6930726376090233
flywire_783_mb_left_kc512_s702,742,spectral,fly,permuted_bptt,93,2.6912823133879806,0.24623115577889448,2.6912823133879806
flywire_783_mb_left_kc512_s702,742,spectral,fly,permuted_bptt,94,2.68951801203999,0.24623115577889448,2.68951801203999
flywire_783_mb_left_kc512_s702,742,spectral,fly,permuted_bptt,95,2.6877763621576514,0.24623115577889448,2.6877763621576514
flywire_783_mb_left_kc512_s702,742,spectral,fly,permuted_bptt,96,2.686059400946714,0.24623115577889448,2.686059400946714
flywire_783_mb_left_kc512_s702,742,spectral,fly,permuted_bptt,97,2.6843648411964405,0.24623115577889448,2.6843648411964405
flywire_783_mb_left_kc512_s702,742,spectral,fly,permuted_bptt,98,2.6826930823191155,0.24623115577889448,2.6826930823191155
flywire_783_mb_left_kc512_s702,742,spectral,fly,permuted_bptt,99,2.6810434473767613,0.24623115577889448,2.6810434473767613
flywire_783_mb_left_kc512_s702,742,spectral,fly,permuted_bptt,100,2.6794154381959467,0.25125628140703515,2.6794154381959467
flywire_783_mb_left_kc512_s702,742,spectral,role_shuffled,frozen,0,1.6869077627810518,0.4321608040201005,1.6869077627810518
flywire_783_mb_left_kc512_s702,742,spectral,role_shuffled,full_bptt,0,1.6869077627810518,0.4321608040201005,1.6869077627810518
flywire_783_mb_left_kc512_s702,742,spectral,role_shuffled,full_bptt,1,1.7102431242447211,0.36683417085427134,1.6869077627810518
flywire_783_mb_left_kc512_s702,742,spectral,role_shuffled,full_bptt,2,1.7128231175927422,0.3768844221105528,1.6869077627810518
flywire_783_mb_left_kc512_s702,742,spectral,role_shuffled,full_bptt,3,1.6972321224788207,0.3969849246231156,1.6869077627810518
flywire_783_mb_left_kc512_s702,742,spectral,role_shuffled,full_bptt,4,1.6882872119021692,0.41708542713567837,1.6869077627810518
flywire_783_mb_left_kc512_s702,742,spectral,role_shuffled,full_bptt,5,1.69964169582028,0.3969849246231156,1.6869077627810518
flywire_783_mb_left_kc512_s702,742,spectral,role_shuffled,full_bptt,6,1.6949766360534047,0.4221105527638191,1.6869077627810518
flywire_783_mb_left_kc512_s702,742,spectral,role_shuffled,full_bptt,7,1.6854610648440325,0.4271356783919598,1.6854610648440325
flywire_783_mb_left_kc512_s702,742,spectral,role_shuffled,full_bptt,8,1.6880550365355351,0.4120603015075377,1.6854610648440325
flywire_783_mb_left_kc512_s702,742,spectral,role_shuffled,full_bptt,9,1.6912552275046597,0.40703517587939697,1.6854610648440325
flywire_783_mb_left_kc512_s702,742,spectral,role_shuffled,full_bptt,10,1.687298201479554,0.4371859296482412,1.6854610648440325
flywire_783_mb_left_kc512_s702,742,spectral,role_shuffled,full_bptt,11,1.6843872414586867,0.41708542713567837,1.6843872414586867
flywire_783_mb_left_kc512_s702,742,spectral,role_shuffled,full_bptt,12,1.6863041338514901,0.3969849246231156,1.6843872414586867
flywire_783_mb_left_kc512_s702,742,spectral,role_shuffled,full_bptt,13,1.6868410503887445,0.40703517587939697,1.6843872414586867
flywire_783_mb_left_kc512_s702,742,spectral,role_shuffled,full_bptt,14,1.683462717139145,0.41708542713567837,1.683462717139145
flywire_783_mb_left_kc512_s702,742,spectral,role_shuffled,full_bptt,15,1.6816496873053635,0.4271356783919598,1.6816496873053635
flywire_783_mb_left_kc512_s702,742,spectral,role_shuffled,full_bptt,16,1.6831829967193974,0.41708542713567837,1.6816496873053635
flywire_783_mb_left_kc512_s702,742,spectral,role_shuffled,full_bptt,17,1.683925653300901,0.4120603015075377,1.6816496873053635
flywire_783_mb_left_kc512_s702,742,spectral,role_shuffled,full_bptt,18,1.6823243902366687,0.40703517587939697,1.6816496873053635
flywire_783_mb_left_kc512_s702,742,spectral,role_shuffled,full_bptt,19,1.680806202363834,0.40703517587939697,1.680806202363834
flywire_783_mb_left_kc512_s702,742,spectral,role_shuffled,full_bptt,20,1.6809204118031538,0.40703517587939697,1.680806202363834
flywire_783_mb_left_kc512_s702,742,spectral,role_shuffled,full_bptt,21,1.6812722260659723,0.40703517587939697,1.680806202363834
flywire_783_mb_left_kc512_s702,742,spectral,role_shuffled,full_bptt,22,1.6804440167638464,0.41708542713567837,1.6804440167638464
flywire_783_mb_left_kc512_s702,742,spectral,role_shuffled,full_bptt,23,1.679577704761251,0.41708542713567837,1.679577704761251
flywire_783_mb_left_kc512_s702,742,spectral,role_shuffled,full_bptt,24,1.6796949452337087,0.41708542713567837,1.679577704761251
flywire_783_mb_left_kc512_s702,742,spectral,role_shuffled,full_bptt,25,1.6799083367897365,0.41708542713567837,1.679577704761251
flywire_783_mb_left_kc512_s702,742,spectral,role_shuffled,full_bptt,26,1.67924296186406,0.4221105527638191,1.67924296186406
flywire_783_mb_left_kc512_s702,742,spectral,role_shuffled,full_bptt,27,1.6783379020344031,0.41708542713567837,1.6783379020344031
flywire_783_mb_left_kc512_s702,742,spectral,role_shuffled,full_bptt,28,1.6782929318975859,0.4221105527638191,1.6782929318975859
flywire_783_mb_left_kc512_s702,742,spectral,role_shuffled,full_bptt,29,1.6785680214120047,0.4271356783919598,1.6782929318975859
flywire_783_mb_left_kc512_s702,742,spectral,role_shuffled,full_bptt,30,1.678085523279229,0.4271356783919598,1.678085523279229
flywire_783_mb_left_kc512_s702,742,spectral,role_shuffled,full_bptt,31,1.6774106414095584,0.41708542713567837,1.6774106414095584
flywire_783_mb_left_kc512_s702,742,spectral,role_shuffled,full_bptt,32,1.6774040846622382,0.4221105527638191,1.6774040846622382
flywire_783_mb_left_kc512_s702,742,spectral,role_shuffled,full_bptt,33,1.6774749594835794,0.41708542713567837,1.6774040846622382
flywire_783_mb_left_kc512_s702,742,spectral,role_shuffled,full_bptt,34,1.6769580001331028,0.4221105527638191,1.6769580001331028
flywire_783_mb_left_kc512_s702,742,spectral,role_shuffled,full_bptt,35,1.6765171131599577,0.4120603015075377,1.6765171131599577
flywire_783_mb_left_kc512_s702,742,spectral,role_shuffled,full_bptt,36,1.6766144818097488,0.4120603015075377,1.6765171131599577
flywire_783_mb_left_kc512_s702,742,spectral,role_shuffled,full_bptt,37,1.6765202027202557,0.4221105527638191,1.6765171131599577
flywire_783_mb_left_kc512_s702,742,spectral,role_shuffled,full_bptt,38,1.6759933896339818,0.4271356783919598,1.6759933896339818
flywire_783_mb_left_kc512_s702,742,spectral,role_shuffled,full_bptt,39,1.6757386211179375,0.41708542713567837,1.6757386211179375
flywire_783_mb_left_kc512_s702,742,spectral,role_shuffled,full_bptt,40,1.6757909406632139,0.4271356783919598,1.6757386211179375
flywire_783_mb_left_kc512_s702,742,spectral,role_shuffled,full_bptt,41,1.675572078672959,0.4271356783919598,1.675572078672959
flywire_783_mb_left_kc512_s702,742,spectral,role_shuffled,full_bptt,42,1.6752082931626928,0.4271356783919598,1.6752082931626928
flywire_783_mb_left_kc512_s702,742,spectral,role_shuffled,full_bptt,43,1.6750928709326245,0.4221105527638191,1.6750928709326245
flywire_783_mb_left_kc512_s702,742,spectral,role_shuffled,full_bptt,44,1.675005852961643,0.4221105527638191,1.675005852961643
flywire_783_mb_left_kc512_s702,742,spectral,role_shuffled,full_bptt,45,1.6747199375029729,0.4120603015075377,1.6747199375029729
flywire_783_mb_left_kc512_s702,742,spectral,role_shuffled,full_bptt,46,1.6744830889951978,0.4221105527638191,1.6744830889951978
flywire_783_mb_left_kc512_s702,742,spectral,role_shuffled,full_bptt,47,1.6743969990508354,0.4221105527638191,1.6743969990508354
flywire_783_mb_left_kc512_s702,742,spectral,role_shuffled,full_bptt,48,1.674243298835927,0.4271356783919598,1.674243298835927
flywire_783_mb_left_kc512_s702,742,spectral,role_shuffled,full_bptt,49,1.6739911751149867,0.4271356783919598,1.6739911751149867
flywire_783_mb_left_kc512_s702,742,spectral,role_shuffled,full_bptt,50,1.6738126817808532,0.4271356783919598,1.6738126817808532
flywire_783_mb_left_kc512_s702,742,spectral,role_shuffled,full_bptt,51,1.673702819658001,0.4271356783919598,1.673702819658001
flywire_783_mb_left_kc512_s702,742,spectral,role_shuffled,full_bptt,52,1.673518697771534,0.4271356783919598,1.673518697771534
flywire_783_mb_left_kc512_s702,742,spectral,role_shuffled,full_bptt,53,1.6733062839417618,0.4221105527638191,1.6733062839417618
flywire_783_mb_left_kc512_s702,742,spectral,role_shuffled,full_bptt,54,1.673174383428953,0.4271356783919598,1.673174383428953
flywire_783_mb_left_kc512_s702,742,spectral,role_shuffled,full_bptt,55,1.6730343917352068,0.4321608040201005,1.6730343917352068
flywire_783_mb_left_kc512_s702,742,spectral,role_shuffled,full_bptt,56,1.6728265163099105,0.4221105527638191,1.6728265163099105
flywire_783_mb_left_kc512_s702,742,spectral,role_shuffled,full_bptt,57,1.6726663958122063,0.4221105527638191,1.6726663958122063
flywire_783_mb_left_kc512_s702,742,spectral,role_shuffled,full_bptt,58,1.6725470541995282,0.41708542713567837,1.6725470541995282
flywire_783_mb_left_kc512_s702,742,spectral,role_shuffled,full_bptt,59,1.6723642479148177,0.41708542713567837,1.6723642479148177
flywire_783_mb_left_kc512_s702,742,spectral,role_shuffled,full_bptt,60,1.672185285837386,0.4120603015075377,1.672185285837386
flywire_783_mb_left_kc512_s702,742,spectral,role_shuffled,full_bptt,61,1.6720596977611102,0.41708542713567837,1.6720596977611102
flywire_783_mb_left_kc512_s702,742,spectral,role_shuffled,full_bptt,62,1.6719027845426961,0.41708542713567837,1.6719027845426961
flywire_783_mb_left_kc512_s702,742,spectral,role_shuffled,full_bptt,63,1.6717285154063495,0.41708542713567837,1.6717285154063495
flywire_783_mb_left_kc512_s702,742,spectral,role_shuffled,full_bptt,64,1.6715944306883173,0.4221105527638191,1.6715944306883173
flywire_783_mb_left_kc512_s702,742,spectral,role_shuffled,full_bptt,65,1.671449646756692,0.4221105527638191,1.671449646756692
flywire_783_mb_left_kc512_s702,742,spectral,role_shuffled,full_bptt,66,1.6712797222067401,0.4221105527638191,1.6712797222067401
flywire_783_mb_left_kc512_s702,742,spectral,role_shuffled,full_bptt,67,1.6711341955905745,0.41708542713567837,1.6711341955905745
flywire_783_mb_left_kc512_s702,742,spectral,role_shuffled,full_bptt,68,1.6709973032058922,0.4221105527638191,1.6709973032058922
flywire_783_mb_left_kc512_s702,742,spectral,role_shuffled,full_bptt,69,1.67084267364033,0.41708542713567837,1.67084267364033
flywire_783_mb_left_kc512_s702,742,spectral,role_shuffled,full_bptt,70,1.6706942254915988,0.4120603015075377,1.6706942254915988
flywire_783_mb_left_kc512_s702,742,spectral,role_shuffled,full_bptt,71,1.6705569531859383,0.41708542713567837,1.6705569531859383
flywire_783_mb_left_kc512_s702,742,spectral,role_shuffled,full_bptt,72,1.6704093050319089,0.41708542713567837,1.6704093050319089
flywire_783_mb_left_kc512_s702,742,spectral,role_shuffled,full_bptt,73,1.6702604502144138,0.4221105527638191,1.6702604502144138
flywire_783_mb_left_kc512_s702,742,spectral,role_shuffled,full_bptt,74,1.6701249373077707,0.4221105527638191,1.6701249373077707
flywire_783_mb_left_kc512_s702,742,spectral,role_shuffled,full_bptt,75,1.6699847329807276,0.4221105527638191,1.6699847329807276
flywire_783_mb_left_kc512_s702,742,spectral,role_shuffled,full_bptt,76,1.6698374281314794,0.4221105527638191,1.6698374281314794
flywire_783_mb_left_kc512_s702,742,spectral,role_shuffled,full_bptt,77,1.669700962020297,0.41708542713567837,1.669700962020297
flywire_783_mb_left_kc512_s702,742,spectral,role_shuffled,full_bptt,78,1.6695639616319815,0.4120603015075377,1.6695639616319815
flywire_783_mb_left_kc512_s702,742,spectral,role_shuffled,full_bptt,79,1.6694209594725107,0.4221105527638191,1.6694209594725107
flywire_783_mb_left_kc512_s702,742,spectral,role_shuffled,full_bptt,80,1.6692869487148507,0.4221105527638191,1.6692869487148507
flywire_783_mb_left_kc512_s702,742,spectral,role_shuffled,full_bptt,81,1.6691523966416872,0.4221105527638191,1.6691523966416872
flywire_783_mb_left_kc512_s702,742,spectral,role_shuffled,full_bptt,82,1.669012165771205,0.4221105527638191,1.669012165771205
flywire_783_mb_left_kc512_s702,742,spectral,role_shuffled,full_bptt,83,1.6688789226487544,0.41708542713567837,1.6688789226487544
flywire_783_mb_left_kc512_s702,742,spectral,role_shuffled,full_bptt,84,1.66874646091646,0.41708542713567837,1.66874646091646
flywire_783_mb_left_kc512_s702,742,spectral,role_shuffled,full_bptt,85,1.6686106327303358,0.41708542713567837,1.6686106327303358
flywire_783_mb_left_kc512_s702,742,spectral,role_shuffled,full_bptt,86,1.668479180295053,0.41708542713567837,1.668479180295053
flywire_783_mb_left_kc512_s702,742,spectral,role_shuffled,full_bptt,87,1.668348095572838,0.41708542713567837,1.668348095572838
flywire_783_mb_left_kc512_s702,742,spectral,role_shuffled,full_bptt,88,1.668215049872446,0.4221105527638191,1.668215049872446
flywire_783_mb_left_kc512_s702,742,spectral,role_shuffled,full_bptt,89,1.668085292401718,0.4221105527638191,1.668085292401718
flywire_783_mb_left_kc512_s702,742,spectral,role_shuffled,full_bptt,90,1.6679567867813694,0.4221105527638191,1.6679567867813694
flywire_783_mb_left_kc512_s702,742,spectral,role_shuffled,full_bptt,91,1.6678267105982096,0.4221105527638191,1.6678267105982096
flywire_783_mb_left_kc512_s702,742,spectral,role_shuffled,full_bptt,92,1.6676984532636907,0.4271356783919598,1.6676984532636907
flywire_783_mb_left_kc512_s702,742,spectral,role_shuffled,full_bptt,93,1.6675717423491232,0.4221105527638191,1.6675717423491232
flywire_783_mb_left_kc512_s702,742,spectral,role_shuffled,full_bptt,94,1.667444070839911,0.4221105527638191,1.667444070839911
flywire_783_mb_left_kc512_s702,742,spectral,role_shuffled,full_bptt,95,1.6673181122843335,0.4271356783919598,1.6673181122843335
flywire_783_mb_left_kc512_s702,742,spectral,role_shuffled,full_bptt,96,1.6671933539661994,0.4271356783919598,1.6671933539661994
flywire_783_mb_left_kc512_s702,742,spectral,role_shuffled,full_bptt,97,1.667067708016928,0.4271356783919598,1.667067708016928
flywire_783_mb_left_kc512_s702,742,spectral,role_shuffled,full_bptt,98,1.6669439515613262,0.4271356783919598,1.6669439515613262
flywire_783_mb_left_kc512_s702,742,spectral,role_shuffled,full_bptt,99,1.666821034344842,0.4271356783919598,1.666821034344842
flywire_783_mb_left_kc512_s702,742,spectral,role_shuffled,full_bptt,100,1.666697606038296,0.4271356783919598,1.666697606038296
flywire_783_mb_left_kc512_s702,742,spectral,role_shuffled,local_gradient,0,1.6869077627810518,0.4321608040201005,1.6869077627810518
flywire_783_mb_left_kc512_s702,742,spectral,role_shuffled,local_gradient,1,1.7092171028874217,0.4020100502512563,1.6869077627810518
flywire_783_mb_left_kc512_s702,742,spectral,role_shuffled,local_gradient,2,1.7016815353923542,0.37185929648241206,1.6869077627810518
flywire_783_mb_left_kc512_s702,742,spectral,role_shuffled,local_gradient,3,1.7097382878279455,0.3869346733668342,1.6869077627810518
flywire_783_mb_left_kc512_s702,742,spectral,role_shuffled,local_gradient,4,1.7057833676715832,0.40703517587939697,1.6869077627810518
flywire_783_mb_left_kc512_s702,742,spectral,role_shuffled,local_gradient,5,1.6994507887415868,0.39195979899497485,1.6869077627810518
flywire_783_mb_left_kc512_s702,742,spectral,role_shuffled,local_gradient,6,1.7004777806893556,0.39195979899497485,1.6869077627810518
flywire_783_mb_left_kc512_s702,742,spectral,role_shuffled,local_gradient,7,1.7085587688358295,0.37185929648241206,1.6869077627810518
flywire_783_mb_left_kc512_s702,742,spectral,role_shuffled,local_gradient,8,1.715778764363423,0.3869346733668342,1.6869077627810518
flywire_783_mb_left_kc512_s702,742,spectral,role_shuffled,local_gradient,9,1.7158491857197051,0.4120603015075377,1.6869077627810518
flywire_783_mb_left_kc512_s702,742,spectral,role_shuffled,local_gradient,10,1.7097749818834351,0.39195979899497485,1.6869077627810518
flywire_783_mb_left_kc512_s702,742,spectral,role_shuffled,local_gradient,11,1.7045166697990308,0.3969849246231156,1.6869077627810518
flywire_783_mb_left_kc512_s702,742,spectral,role_shuffled,local_gradient,12,1.70696334049262,0.36683417085427134,1.6869077627810518
flywire_783_mb_left_kc512_s702,742,spectral,role_shuffled,local_gradient,13,1.7186766086072072,0.37185929648241206,1.6869077627810518
flywire_783_mb_left_kc512_s702,742,spectral,role_shuffled,local_gradient,14,1.7343116903956917,0.36683417085427134,1.6869077627810518
flywire_783_mb_left_kc512_s702,742,spectral,role_shuffled,local_gradient,15,1.745194309091742,0.36180904522613067,1.6869077627810518
flywire_783_mb_left_kc512_s702,742,spectral,role_shuffled,local_gradient,16,1.745847572305515,0.3768844221105528,1.6869077627810518
flywire_783_mb_left_kc512_s702,742,spectral,role_shuffled,local_gradient,17,1.7373123526812853,0.38190954773869346,1.6869077627810518
flywire_783_mb_left_kc512_s702,742,spectral,role_shuffled,local_gradient,18,1.7247635284247518,0.39195979899497485,1.6869077627810518
flywire_783_mb_left_kc512_s702,742,spectral,role_shuffled,local_gradient,19,1.7138961949776752,0.3869346733668342,1.6869077627810518
flywire_783_mb_left_kc512_s702,742,spectral,role_shuffled,local_gradient,20,1.7088027395061545,0.39195979899497485,1.6869077627810518
flywire_783_mb_left_kc512_s702,742,spectral,role_shuffled,local_gradient,21,1.7112619116673378,0.39195979899497485,1.6869077627810518
flywire_783_mb_left_kc512_s702,742,spectral,role_shuffled,local_gradient,22,1.7208324804429334,0.36683417085427134,1.6869077627810518
flywire_783_mb_left_kc512_s702,742,spectral,role_shuffled,local_gradient,23,1.7353746999027548,0.36180904522613067,1.6869077627810518
flywire_783_mb_left_kc512_s702,742,spectral,role_shuffled,local_gradient,24,1.7519195030806543,0.36180904522613067,1.6869077627810518
flywire_783_mb_left_kc512_s702,742,spectral,role_shuffled,local_gradient,25,1.7675345478892595,0.36180904522613067,1.6869077627810518
flywire_783_mb_left_kc512_s702,742,spectral,role_shuffled,local_gradient,26,1.7798417320003463,0.3768844221105528,1.6869077627810518
flywire_783_mb_left_kc512_s702,742,spectral,role_shuffled,local_gradient,27,1.7872629397817692,0.3869346733668342,1.6869077627810518
flywire_783_mb_left_kc512_s702,742,spectral,role_shuffled,local_gradient,28,1.7890401923790036,0.38190954773869346,1.6869077627810518
flywire_783_mb_left_kc512_s702,742,spectral,role_shuffled,local_gradient,29,1.785050138757008,0.38190954773869346,1.6869077627810518
flywire_783_mb_left_kc512_s702,742,spectral,role_shuffled,local_gradient,30,1.7757679236479014,0.37185929648241206,1.6869077627810518
flywire_783_mb_left_kc512_s702,742,spectral,role_shuffled,local_gradient,31,1.7626241276497554,0.3768844221105528,1.6869077627810518
flywire_783_mb_left_kc512_s702,742,spectral,role_shuffled,local_gradient,32,1.748405905848684,0.40703517587939697,1.6869077627810518
flywire_783_mb_left_kc512_s702,742,spectral,role_shuffled,local_gradient,33,1.737181136437489,0.3768844221105528,1.6869077627810518
flywire_783_mb_left_kc512_s702,742,spectral,role_shuffled,local_gradient,34,1.7336081623139012,0.35175879396984927,1.6869077627810518
flywire_783_mb_left_kc512_s702,742,spectral,role_shuffled,local_gradient,35,1.7416221764879418,0.3417085427135678,1.6869077627810518
flywire_783_mb_left_kc512_s702,742,spectral,role_shuffled,local_gradient,36,1.7624592121012992,0.32663316582914576,1.6869077627810518
flywire_783_mb_left_kc512_s702,742,spectral,role_shuffled,local_gradient,37,1.7926057595777403,0.3165829145728643,1.6869077627810518
flywire_783_mb_left_kc512_s702,742,spectral,role_shuffled,local_gradient,38,1.8235336428321736,0.35175879396984927,1.6869077627810518
flywire_783_mb_left_kc512_s702,742,spectral,role_shuffled,local_gradient,39,1.844941322335893,0.34673366834170855,1.6869077627810518
flywire_783_mb_left_kc512_s702,742,spectral,role_shuffled,local_gradient,40,1.8500006705366163,0.34673366834170855,1.6869077627810518
flywire_783_mb_left_kc512_s702,742,spectral,role_shuffled,local_gradient,41,1.8384264413621554,0.34673366834170855,1.6869077627810518
flywire_783_mb_left_kc512_s702,742,spectral,role_shuffled,local_gradient,42,1.8154738552553107,0.34673366834170855,1.6869077627810518
flywire_783_mb_left_kc512_s702,742,spectral,role_shuffled,local_gradient,43,1.7887969095579987,0.34673366834170855,1.6869077627810518
flywire_783_mb_left_kc512_s702,742,spectral,role_shuffled,local_gradient,44,1.7655980843670507,0.3869346733668342,1.6869077627810518
flywire_783_mb_left_kc512_s702,742,spectral,role_shuffled,local_gradient,45,1.7509374877918489,0.38190954773869346,1.6869077627810518
flywire_783_mb_left_kc512_s702,742,spectral,role_shuffled,local_gradient,46,1.7471580505570266,0.3869346733668342,1.6869077627810518
flywire_783_mb_left_kc512_s702,742,spectral,role_shuffled,local_gradient,47,1.7541162455497943,0.37185929648241206,1.6869077627810518
flywire_783_mb_left_kc512_s702,742,spectral,role_shuffled,local_gradient,48,1.769832873740194,0.34673366834170855,1.6869077627810518
flywire_783_mb_left_kc512_s702,742,spectral,role_shuffled,local_gradient,49,1.7913764670414158,0.33668341708542715,1.6869077627810518
flywire_783_mb_left_kc512_s702,742,spectral,role_shuffled,local_gradient,50,1.815776579221439,0.3165829145728643,1.6869077627810518
flywire_783_mb_left_kc512_s702,742,spectral,role_shuffled,local_gradient,51,1.8405820696981245,0.31155778894472363,1.6869077627810518
flywire_783_mb_left_kc512_s702,742,spectral,role_shuffled,local_gradient,52,1.8639891224260061,0.3165829145728643,1.6869077627810518
flywire_783_mb_left_kc512_s702,742,spectral,role_shuffled,local_gradient,53,1.884766997789109,0.3417085427135678,1.6869077627810518
flywire_783_mb_left_kc512_s702,742,spectral,role_shuffled,local_gradient,54,1.9021033117079131,0.3417085427135678,1.6869077627810518
flywire_783_mb_left_kc512_s702,742,spectral,role_shuffled,local_gradient,55,1.915435963288959,0.3316582914572864,1.6869077627810518
flywire_783_mb_left_kc512_s702,742,spectral,role_shuffled,local_gradient,56,1.9243333917950727,0.3165829145728643,1.6869077627810518
flywire_783_mb_left_kc512_s702,742,spectral,role_shuffled,local_gradient,57,1.9284186293506769,0.2964824120603015,1.6869077627810518
flywire_783_mb_left_kc512_s702,742,spectral,role_shuffled,local_gradient,58,1.9273404364708666,0.32160804020100503,1.6869077627810518
flywire_783_mb_left_kc512_s702,742,spectral,role_shuffled,local_gradient,59,1.920828431584794,0.33668341708542715,1.6869077627810518
flywire_783_mb_left_kc512_s702,742,spectral,role_shuffled,local_gradient,60,1.9088591554764858,0.3417085427135678,1.6869077627810518
flywire_783_mb_left_kc512_s702,742,spectral,role_shuffled,local_gradient,61,1.891939909213091,0.3417085427135678,1.6869077627810518
flywire_783_mb_left_kc512_s702,742,spectral,role_shuffled,local_gradient,62,1.8714627204214946,0.33668341708542715,1.6869077627810518
flywire_783_mb_left_kc512_s702,742,spectral,role_shuffled,local_gradient,63,1.8500049379377888,0.32663316582914576,1.6869077627810518
flywire_783_mb_left_kc512_s702,742,spectral,role_shuffled,local_gradient,64,1.8314301800382762,0.3316582914572864,1.6869077627810518
flywire_783_mb_left_kc512_s702,742,spectral,role_shuffled,local_gradient,65,1.8206708910274334,0.32663316582914576,1.6869077627810518
flywire_783_mb_left_kc512_s702,742,spectral,role_shuffled,local_gradient,66,1.8230987033716513,0.33668341708542715,1.6869077627810518
flywire_783_mb_left_kc512_s702,742,spectral,role_shuffled,local_gradient,67,1.8431576991322887,0.32663316582914576,1.6869077627810518
flywire_783_mb_left_kc512_s702,742,spectral,role_shuffled,local_gradient,68,1.8817999327073571,0.3165829145728643,1.6869077627810518
flywire_783_mb_left_kc512_s702,742,spectral,role_shuffled,local_gradient,69,1.933604762011502,0.2864321608040201,1.6869077627810518
flywire_783_mb_left_kc512_s702,742,spectral,role_shuffled,local_gradient,70,1.9863273616969253,0.3015075376884422,1.6869077627810518
flywire_783_mb_left_kc512_s702,742,spectral,role_shuffled,local_gradient,71,2.025153736173409,0.3065326633165829,1.6869077627810518
flywire_783_mb_left_kc512_s702,742,spectral,role_shuffled,local_gradient,72,2.039771345945348,0.31155778894472363,1.6869077627810518
flywire_783_mb_left_kc512_s702,742,spectral,role_shuffled,local_gradient,73,2.0285378426753744,0.3165829145728643,1.6869077627810518
flywire_783_mb_left_kc512_s702,742,spectral,role_shuffled,local_gradient,74,1.9970365012823084,0.32160804020100503,1.6869077627810518
flywire_783_mb_left_kc512_s702,742,spectral,role_shuffled,local_gradient,75,1.9542277918616713,0.32160804020100503,1.6869077627810518
flywire_783_mb_left_kc512_s702,742,spectral,role_shuffled,local_gradient,76,1.9095277208910926,0.32663316582914576,1.6869077627810518
flywire_783_mb_left_kc512_s702,742,spectral,role_shuffled,local_gradient,77,1.8707027635447515,0.32160804020100503,1.6869077627810518
flywire_783_mb_left_kc512_s702,742,spectral,role_shuffled,local_gradient,78,1.8423995203669807,0.36683417085427134,1.6869077627810518
flywire_783_mb_left_kc512_s702,742,spectral,role_shuffled,local_gradient,79,1.8262146845666938,0.3768844221105528,1.6869077627810518
flywire_783_mb_left_kc512_s702,742,spectral,role_shuffled,local_gradient,80,1.8220962134775862,0.37185929648241206,1.6869077627810518
flywire_783_mb_left_kc512_s702,742,spectral,role_shuffled,local_gradient,81,1.8292822612721555,0.34673366834170855,1.6869077627810518
flywire_783_mb_left_kc512_s702,742,spectral,role_shuffled,local_gradient,82,1.846080731826521,0.3316582914572864,1.6869077627810518
flywire_783_mb_left_kc512_s702,742,spectral,role_shuffled,local_gradient,83,1.8698120908313445,0.32160804020100503,1.6869077627810518
flywire_783_mb_left_kc512_s702,742,spectral,role_shuffled,local_gradient,84,1.8976060006095743,0.3165829145728643,1.6869077627810518
flywire_783_mb_left_kc512_s702,742,spectral,role_shuffled,local_gradient,85,1.9270167122366542,0.2964824120603015,1.6869077627810518
flywire_783_mb_left_kc512_s702,742,spectral,role_shuffled,local_gradient,86,1.9559784083860272,0.2914572864321608,1.6869077627810518
flywire_783_mb_left_kc512_s702,742,spectral,role_shuffled,local_gradient,87,1.982835621014521,0.2964824120603015,1.6869077627810518
flywire_783_mb_left_kc512_s702,742,spectral,role_shuffled,local_gradient,88,2.0067632095230143,0.31155778894472363,1.6869077627810518
flywire_783_mb_left_kc512_s702,742,spectral,role_shuffled,local_gradient,89,2.027948968162118,0.3165829145728643,1.6869077627810518
flywire_783_mb_left_kc512_s702,742,spectral,role_shuffled,local_gradient,90,2.0469764237822434,0.3165829145728643,1.6869077627810518
flywire_783_mb_left_kc512_s702,742,spectral,role_shuffled,local_gradient,91,2.063813067205405,0.31155778894472363,1.6869077627810518
flywire_783_mb_left_kc512_s702,742,spectral,role_shuffled,local_gradient,92,2.0774212752300705,0.2914572864321608,1.6869077627810518
flywire_783_mb_left_kc512_s702,742,spectral,role_shuffled,local_gradient,93,2.0864509337657577,0.2864321608040201,1.6869077627810518
flywire_783_mb_left_kc512_s702,742,spectral,role_shuffled,local_gradient,94,2.090218559916444,0.2864321608040201,1.6869077627810518
flywire_783_mb_left_kc512_s702,742,spectral,role_shuffled,local_gradient,95,2.0888192674712696,0.2964824120603015,1.6869077627810518
flywire_783_mb_left_kc512_s702,742,spectral,role_shuffled,local_gradient,96,2.082394871398758,0.3065326633165829,1.6869077627810518
flywire_783_mb_left_kc512_s702,742,spectral,role_shuffled,local_gradient,97,2.0707048670333856,0.32663316582914576,1.6869077627810518
flywire_783_mb_left_kc512_s702,742,spectral,role_shuffled,local_gradient,98,2.053634811922664,0.3316582914572864,1.6869077627810518
flywire_783_mb_left_kc512_s702,742,spectral,role_shuffled,local_gradient,99,2.031866129128047,0.3165829145728643,1.6869077627810518
flywire_783_mb_left_kc512_s702,742,spectral,role_shuffled,local_gradient,100,2.0067636060325045,0.32160804020100503,1.6869077627810518
flywire_783_mb_left_kc512_s702,742,spectral,role_shuffled,permuted_bptt,0,3.3751626806244572,0.12562814070351758,3.3751626806244572
flywire_783_mb_left_kc512_s702,742,spectral,role_shuffled,permuted_bptt,1,3.297179941003551,0.1457286432160804,3.297179941003551
flywire_783_mb_left_kc512_s702,742,spectral,role_shuffled,permuted_bptt,2,3.227916680581033,0.16080402010050251,3.227916680581033
flywire_783_mb_left_kc512_s702,742,spectral,role_shuffled,permuted_bptt,3,3.1927100971998885,0.15577889447236182,3.1927100971998885
flywire_783_mb_left_kc512_s702,742,spectral,role_shuffled,permuted_bptt,4,3.1555407472224095,0.15577889447236182,3.1555407472224095
flywire_783_mb_left_kc512_s702,742,spectral,role_shuffled,permuted_bptt,5,3.122566967743697,0.16080402010050251,3.122566967743697
flywire_783_mb_left_kc512_s702,742,spectral,role_shuffled,permuted_bptt,6,3.0971794333968297,0.18090452261306533,3.0971794333968297
flywire_783_mb_left_kc512_s702,742,spectral,role_shuffled,permuted_bptt,7,3.0726134203916127,0.18592964824120603,3.0726134203916127
flywire_783_mb_left_kc512_s702,742,spectral,role_shuffled,permuted_bptt,8,3.0468675391622653,0.18090452261306533,3.0468675391622653
flywire_783_mb_left_kc512_s702,742,spectral,role_shuffled,permuted_bptt,9,3.0233398761965855,0.20100502512562815,3.0233398761965855
flywire_783_mb_left_kc512_s702,742,spectral,role_shuffled,permuted_bptt,10,3.0028199630064867,0.19597989949748743,3.0028199630064867
flywire_783_mb_left_kc512_s702,742,spectral,role_shuffled,permuted_bptt,11,2.982954738156331,0.18592964824120603,2.982954738156331
flywire_783_mb_left_kc512_s702,742,spectral,role_shuffled,permuted_bptt,12,2.962735422573665,0.19597989949748743,2.962735422573665
flywire_783_mb_left_kc512_s702,742,spectral,role_shuffled,permuted_bptt,13,2.944305157157712,0.20603015075376885,2.944305157157712
flywire_783_mb_left_kc512_s702,742,spectral,role_shuffled,permuted_bptt,14,2.9284657963610576,0.20603015075376885,2.9284657963610576
flywire_783_mb_left_kc512_s702,742,spectral,role_shuffled,permuted_bptt,15,2.913426725804759,0.20603015075376885,2.913426725804759
flywire_783_mb_left_kc512_s702,742,spectral,role_shuffled,permuted_bptt,16,2.897981755682797,0.21608040201005024,2.897981755682797
flywire_783_mb_left_kc512_s702,742,spectral,role_shuffled,permuted_bptt,17,2.8828254021612674,0.22110552763819097,2.8828254021612674
flywire_783_mb_left_kc512_s702,742,spectral,role_shuffled,permuted_bptt,18,2.869043355469996,0.22110552763819097,2.869043355469996
flywire_783_mb_left_kc512_s702,742,spectral,role_shuffled,permuted_bptt,19,2.856172444732465,0.21105527638190955,2.856172444732465
flywire_783_mb_left_kc512_s702,742,spectral,role_shuffled,permuted_bptt,20,2.843398835983998,0.21105527638190955,2.843398835983998
flywire_783_mb_left_kc512_s702,742,spectral,role_shuffled,permuted_bptt,21,2.8310474182976457,0.22110552763819097,2.8310474182976457
flywire_783_mb_left_kc512_s702,742,spectral,role_shuffled,permuted_bptt,22,2.8196602942774147,0.22110552763819097,2.8196602942774147
flywire_783_mb_left_kc512_s702,742,spectral,role_shuffled,permuted_bptt,23,2.8088926897481716,0.22110552763819097,2.8088926897481716
flywire_783_mb_left_kc512_s702,742,spectral,role_shuffled,permuted_bptt,24,2.798066307712339,0.21105527638190955,2.798066307712339
flywire_783_mb_left_kc512_s702,742,spectral,role_shuffled,permuted_bptt,25,2.7873282331695464,0.20100502512562815,2.7873282331695464
flywire_783_mb_left_kc512_s702,742,spectral,role_shuffled,permuted_bptt,26,2.7772648318916207,0.19597989949748743,2.7772648318916207
flywire_783_mb_left_kc512_s702,742,spectral,role_shuffled,permuted_bptt,27,2.7678121678486267,0.19095477386934673,2.7678121678486267
flywire_783_mb_left_kc512_s702,742,spectral,role_shuffled,permuted_bptt,28,2.7584790837829902,0.19095477386934673,2.7584790837829902
flywire_783_mb_left_kc512_s702,742,spectral,role_shuffled,permuted_bptt,29,2.7491959454822408,0.19597989949748743,2.7491959454822408
flywire_783_mb_left_kc512_s702,742,spectral,role_shuffled,permuted_bptt,30,2.740273762340014,0.19597989949748743,2.740273762340014
flywire_783_mb_left_kc512_s702,742,spectral,role_shuffled,permuted_bptt,31,2.7316640059245523,0.19597989949748743,2.7316640059245523
flywire_783_mb_left_kc512_s702,742,spectral,role_shuffled,permuted_bptt,32,2.723075304298937,0.20603015075376885,2.723075304298937
flywire_783_mb_left_kc512_s702,742,spectral,role_shuffled,permuted_bptt,33,2.7145836586377388,0.20603015075376885,2.7145836586377388
flywire_783_mb_left_kc512_s702,742,spectral,role_shuffled,permuted_bptt,34,2.7064315612087517,0.19597989949748743,2.7064315612087517
flywire_783_mb_left_kc512_s702,742,spectral,role_shuffled,permuted_bptt,35,2.6985835930507722,0.19597989949748743,2.6985835930507722
flywire_783_mb_left_kc512_s702,742,spectral,role_shuffled,permuted_bptt,36,2.6908370272227953,0.19597989949748743,2.6908370272227953
flywire_783_mb_left_kc512_s702,742,spectral,role_shuffled,permuted_bptt,37,2.6832803653655297,0.19597989949748743,2.6832803653655297
flywire_783_mb_left_kc512_s702,742,spectral,role_shuffled,permuted_bptt,38,2.6760672421997405,0.20100502512562815,2.6760672421997405
flywire_783_mb_left_kc512_s702,742,spectral,role_shuffled,permuted_bptt,39,2.669107350509672,0.20100502512562815,2.669107350509672
flywire_783_mb_left_kc512_s702,742,spectral,role_shuffled,permuted_bptt,40,2.6622469567629157,0.19597989949748743,2.6622469567629157
flywire_783_mb_left_kc512_s702,742,spectral,role_shuffled,permuted_bptt,41,2.655547522781448,0.20603015075376885,2.655547522781448
flywire_783_mb_left_kc512_s702,742,spectral,role_shuffled,permuted_bptt,42,2.649082302074514,0.20603015075376885,2.649082302074514
flywire_783_mb_left_kc512_s702,742,spectral,role_shuffled,permuted_bptt,43,2.6427543497787025,0.21105527638190955,2.6427543497787025
flywire_783_mb_left_kc512_s702,742,spectral,role_shuffled,permuted_bptt,44,2.6365055897421517,0.21105527638190955,2.6365055897421517
flywire_783_mb_left_kc512_s702,742,spectral,role_shuffled,permuted_bptt,45,2.630425479732836,0.21105527638190955,2.630425479732836
flywire_783_mb_left_kc512_s702,742,spectral,role_shuffled,permuted_bptt,46,2.624549550388759,0.21105527638190955,2.624549550388759
flywire_783_mb_left_kc512_s702,742,spectral,role_shuffled,permuted_bptt,47,2.618805227781032,0.21105527638190955,2.618805227781032
flywire_783_mb_left_kc512_s702,742,spectral,role_shuffled,permuted_bptt,48,2.613199025261037,0.21105527638190955,2.613199025261037
flywire_783_mb_left_kc512_s702,742,spectral,role_shuffled,permuted_bptt,49,2.6077907261141235,0.21105527638190955,2.6077907261141235
flywire_783_mb_left_kc512_s702,742,spectral,role_shuffled,permuted_bptt,50,2.602546856922034,0.21105527638190955,2.602546856922034
flywire_783_mb_left_kc512_s702,742,spectral,role_shuffled,permuted_bptt,51,2.5974067954355253,0.20603015075376885,2.5974067954355253
flywire_783_mb_left_kc512_s702,742,spectral,role_shuffled,permuted_bptt,52,2.5924054953724265,0.20603015075376885,2.5924054953724265
flywire_783_mb_left_kc512_s702,742,spectral,role_shuffled,permuted_bptt,53,2.587569222303085,0.20603015075376885,2.587569222303085
flywire_783_mb_left_kc512_s702,742,spectral,role_shuffled,permuted_bptt,54,2.582858971251908,0.20603015075376885,2.582858971251908
flywire_783_mb_left_kc512_s702,742,spectral,role_shuffled,permuted_bptt,55,2.5782693588543597,0.20603015075376885,2.5782693588543597
flywire_783_mb_left_kc512_s702,742,spectral,role_shuffled,permuted_bptt,56,2.5738332865470928,0.20603015075376885,2.5738332865470928
flywire_783_mb_left_kc512_s702,742,spectral,role_shuffled,permuted_bptt,57,2.5695308155391814,0.20100502512562815,2.5695308155391814
flywire_783_mb_left_kc512_s702,742,spectral,role_shuffled,permuted_bptt,58,2.565331738024056,0.19597989949748743,2.565331738024056
flywire_783_mb_left_kc512_s702,742,spectral,role_shuffled,permuted_bptt,59,2.5612557136001217,0.19095477386934673,2.5612557136001217
flywire_783_mb_left_kc512_s702,742,spectral,role_shuffled,permuted_bptt,60,2.557312264329004,0.19095477386934673,2.557312264329004
flywire_783_mb_left_kc512_s702,742,spectral,role_shuffled,permuted_bptt,61,2.553481220294557,0.19095477386934673,2.553481220294557
flywire_783_mb_left_kc512_s702,742,spectral,role_shuffled,permuted_bptt,62,2.549769304830134,0.19095477386934673,2.549769304830134
flywire_783_mb_left_kc512_s702,742,spectral,role_shuffled,permuted_bptt,63,2.546191879614554,0.19095477386934673,2.546191879614554
flywire_783_mb_left_kc512_s702,742,spectral,role_shuffled,permuted_bptt,64,2.542729847638435,0.19095477386934673,2.542729847638435
flywire_783_mb_left_kc512_s702,742,spectral,role_shuffled,permuted_bptt,65,2.5393727407678424,0.20100502512562815,2.5393727407678424
flywire_783_mb_left_kc512_s702,742,spectral,role_shuffled,permuted_bptt,66,2.536132193768851,0.20100502512562815,2.536132193768851
flywire_783_mb_left_kc512_s702,742,spectral,role_shuffled,permuted_bptt,67,2.533003252503227,0.21608040201005024,2.533003252503227
flywire_783_mb_left_kc512_s702,742,spectral,role_shuffled,permuted_bptt,68,2.529974165787847,0.22110552763819097,2.529974165787847
flywire_783_mb_left_kc512_s702,742,spectral,role_shuffled,permuted_bptt,69,2.5270525004055706,0.22110552763819097,2.5270525004055706
flywire_783_mb_left_kc512_s702,742,spectral,role_shuffled,permuted_bptt,70,2.524237924859962,0.22110552763819097,2.524237924859962
flywire_783_mb_left_kc512_s702,742,spectral,role_shuffled,permuted_bptt,71,2.521518401205827,0.22110552763819097,2.521518401205827
flywire_783_mb_left_kc512_s702,742,spectral,role_shuffled,permuted_bptt,72,2.518895156655641,0.22110552763819097,2.518895156655641
flywire_783_mb_left_kc512_s702,742,spectral,role_shuffled,permuted_bptt,73,2.5163679923831306,0.22613065326633167,2.5163679923831306
flywire_783_mb_left_kc512_s702,742,spectral,role_shuffled,permuted_bptt,74,2.5139249204417182,0.23115577889447236,2.5139249204417182
flywire_783_mb_left_kc512_s702,742,spectral,role_shuffled,permuted_bptt,75,2.511562386782406,0.23115577889447236,2.511562386782406
flywire_783_mb_left_kc512_s702,742,spectral,role_shuffled,permuted_bptt,76,2.509282615888203,0.22613065326633167,2.509282615888203
flywire_783_mb_left_kc512_s702,742,spectral,role_shuffled,permuted_bptt,77,2.507078716544273,0.23115577889447236,2.507078716544273
flywire_783_mb_left_kc512_s702,742,spectral,role_shuffled,permuted_bptt,78,2.5049464818506784,0.23115577889447236,2.5049464818506784
flywire_783_mb_left_kc512_s702,742,spectral,role_shuffled,permuted_bptt,79,2.5028857755215004,0.23115577889447236,2.5028857755215004
flywire_783_mb_left_kc512_s702,742,spectral,role_shuffled,permuted_bptt,80,2.5008893226391824,0.23115577889447236,2.5008893226391824
flywire_783_mb_left_kc512_s702,742,spectral,role_shuffled,permuted_bptt,81,2.4989519061239607,0.23115577889447236,2.4989519061239607
flywire_783_mb_left_kc512_s702,742,spectral,role_shuffled,permuted_bptt,82,2.497073142006494,0.23618090452261306,2.497073142006494
flywire_783_mb_left_kc512_s702,742,spectral,role_shuffled,permuted_bptt,83,2.495247708125436,0.23618090452261306,2.495247708125436
flywire_783_mb_left_kc512_s702,742,spectral,role_shuffled,permuted_bptt,84,2.493470543072707,0.23115577889447236,2.493470543072707
flywire_783_mb_left_kc512_s702,742,spectral,role_shuffled,permuted_bptt,85,2.491741162364545,0.23115577889447236,2.491741162364545
flywire_783_mb_left_kc512_s702,742,spectral,role_shuffled,permuted_bptt,86,2.490056245310056,0.23115577889447236,2.490056245310056
flywire_783_mb_left_kc512_s702,742,spectral,role_shuffled,permuted_bptt,87,2.4884116299746606,0.23115577889447236,2.4884116299746606
flywire_783_mb_left_kc512_s702,742,spectral,role_shuffled,permuted_bptt,88,2.4868059726072493,0.23115577889447236,2.4868059726072493
flywire_783_mb_left_kc512_s702,742,spectral,role_shuffled,permuted_bptt,89,2.485235708158394,0.23115577889447236,2.485235708158394
flywire_783_mb_left_kc512_s702,742,spectral,role_shuffled,permuted_bptt,90,2.483697124690541,0.23115577889447236,2.483697124690541
flywire_783_mb_left_kc512_s702,742,spectral,role_shuffled,permuted_bptt,91,2.482189396816055,0.23115577889447236,2.482189396816055
flywire_783_mb_left_kc512_s702,742,spectral,role_shuffled,permuted_bptt,92,2.4807100737357937,0.23115577889447236,2.4807100737357937
flywire_783_mb_left_kc512_s702,742,spectral,role_shuffled,permuted_bptt,93,2.4792564311564975,0.22613065326633167,2.4792564311564975
flywire_783_mb_left_kc512_s702,742,spectral,role_shuffled,permuted_bptt,94,2.477827886222302,0.22110552763819097,2.477827886222302
flywire_783_mb_left_kc512_s702,742,spectral,role_shuffled,permuted_bptt,95,2.4764226851663724,0.22110552763819097,2.4764226851663724
flywire_783_mb_left_kc512_s702,742,spectral,role_shuffled,permuted_bptt,96,2.47503893205627,0.22110552763819097,2.47503893205627
flywire_783_mb_left_kc512_s702,742,spectral,role_shuffled,permuted_bptt,97,2.4736761214260974,0.22110552763819097,2.4736761214260974
flywire_783_mb_left_kc512_s702,742,spectral,role_shuffled,permuted_bptt,98,2.4723327883557698,0.22110552763819097,2.4723327883557698
flywire_783_mb_left_kc512_s702,742,spectral,role_shuffled,permuted_bptt,99,2.4710076804271397,0.22613065326633167,2.4710076804271397
flywire_783_mb_left_kc512_s702,742,spectral,role_shuffled,permuted_bptt,100,2.469700641118277,0.22613065326633167,2.469700641118277
flywire_783_mb_left_kc512_s702,742,incoming_l1,fly,frozen,0,1.6436733477934253,0.40703517587939697,1.6436733477934253
flywire_783_mb_left_kc512_s702,742,incoming_l1,fly,full_bptt,0,1.6436733477934253,0.40703517587939697,1.6436733477934253
flywire_783_mb_left_kc512_s702,742,incoming_l1,fly,full_bptt,1,1.656621146519967,0.3869346733668342,1.6436733477934253
flywire_783_mb_left_kc512_s702,742,incoming_l1,fly,full_bptt,2,1.6661470262818074,0.39195979899497485,1.6436733477934253
flywire_783_mb_left_kc512_s702,742,incoming_l1,fly,full_bptt,3,1.6537994647622203,0.4321608040201005,1.6436733477934253
flywire_783_mb_left_kc512_s702,742,incoming_l1,fly,full_bptt,4,1.6497166236883447,0.40703517587939697,1.6436733477934253
flywire_783_mb_left_kc512_s702,742,incoming_l1,fly,full_bptt,5,1.6490726457402387,0.4120603015075377,1.6436733477934253
flywire_783_mb_left_kc512_s702,742,incoming_l1,fly,full_bptt,6,1.648039426339483,0.40703517587939697,1.6436733477934253
flywire_783_mb_left_kc512_s702,742,incoming_l1,fly,full_bptt,7,1.6458889667275156,0.3969849246231156,1.6436733477934253
flywire_783_mb_left_kc512_s702,742,incoming_l1,fly,full_bptt,8,1.6434432880773227,0.40703517587939697,1.6434432880773227
flywire_783_mb_left_kc512_s702,742,incoming_l1,fly,full_bptt,9,1.6420583564795028,0.41708542713567837,1.6420583564795028
flywire_783_mb_left_kc512_s702,742,incoming_l1,fly,full_bptt,10,1.641519561275827,0.41708542713567837,1.641519561275827
flywire_783_mb_left_kc512_s702,742,incoming_l1,fly,full_bptt,11,1.6415674338351387,0.4020100502512563,1.641519561275827
flywire_783_mb_left_kc512_s702,742,incoming_l1,fly,full_bptt,12,1.6413286626651364,0.40703517587939697,1.6413286626651364
flywire_783_mb_left_kc512_s702,742,incoming_l1,fly,full_bptt,13,1.6393311732519775,0.4120603015075377,1.6393311732519775
flywire_783_mb_left_kc512_s702,742,incoming_l1,fly,full_bptt,14,1.6372052362148561,0.4020100502512563,1.6372052362148561
flywire_783_mb_left_kc512_s702,742,incoming_l1,fly,full_bptt,15,1.6375909273250333,0.41708542713567837,1.6372052362148561
flywire_783_mb_left_kc512_s702,742,incoming_l1,fly,full_bptt,16,1.638801172151291,0.4120603015075377,1.6372052362148561
flywire_783_mb_left_kc512_s702,742,incoming_l1,fly,full_bptt,17,1.6379484912359978,0.4221105527638191,1.6372052362148561
flywire_783_mb_left_kc512_s702,742,incoming_l1,fly,full_bptt,18,1.636066740418835,0.40703517587939697,1.636066740418835
flywire_783_mb_left_kc512_s702,742,incoming_l1,fly,full_bptt,19,1.6352051569431365,0.41708542713567837,1.6352051569431365
flywire_783_mb_left_kc512_s702,742,incoming_l1,fly,full_bptt,20,1.6355013595102177,0.4120603015075377,1.6352051569431365
flywire_783_mb_left_kc512_s702,742,incoming_l1,fly,full_bptt,21,1.6356986957919808,0.41708542713567837,1.6352051569431365
flywire_783_mb_left_kc512_s702,742,incoming_l1,fly,full_bptt,22,1.6348913013622925,0.4120603015075377,1.6348913013622925
flywire_783_mb_left_kc512_s702,742,incoming_l1,fly,full_bptt,23,1.6338375492239634,0.4271356783919598,1.6338375492239634
flywire_783_mb_left_kc512_s702,742,incoming_l1,fly,full_bptt,24,1.6337493964475784,0.4321608040201005,1.6337493964475784
flywire_783_mb_left_kc512_s702,742,incoming_l1,fly,full_bptt,25,1.6340100989561754,0.4221105527638191,1.6337493964475784
flywire_783_mb_left_kc512_s702,742,incoming_l1,fly,full_bptt,26,1.6334409265394347,0.41708542713567837,1.6334409265394347
flywire_783_mb_left_kc512_s702,742,incoming_l1,fly,full_bptt,27,1.6325875732352437,0.4271356783919598,1.6325875732352437
flywire_783_mb_left_kc512_s702,742,incoming_l1,fly,full_bptt,28,1.6323753580032758,0.4271356783919598,1.6323753580032758
flywire_783_mb_left_kc512_s702,742,incoming_l1,fly,full_bptt,29,1.6324126844815516,0.4271356783919598,1.6323753580032758
flywire_783_mb_left_kc512_s702,742,incoming_l1,fly,full_bptt,30,1.632107182566396,0.41708542713567837,1.632107182566396
flywire_783_mb_left_kc512_s702,742,incoming_l1,fly,full_bptt,31,1.631636574422338,0.4221105527638191,1.631636574422338
flywire_783_mb_left_kc512_s702,742,incoming_l1,fly,full_bptt,32,1.631252751389187,0.4271356783919598,1.631252751389187
flywire_783_mb_left_kc512_s702,742,incoming_l1,fly,full_bptt,33,1.6310003627231966,0.4271356783919598,1.6310003627231966
flywire_783_mb_left_kc512_s702,742,incoming_l1,fly,full_bptt,34,1.6308422380599,0.41708542713567837,1.6308422380599
flywire_783_mb_left_kc512_s702,742,incoming_l1,fly,full_bptt,35,1.6306276464896354,0.4221105527638191,1.6306276464896354
flywire_783_mb_left_kc512_s702,742,incoming_l1,fly,full_bptt,36,1.6303238913895544,0.41708542713567837,1.6303238913895544
flywire_783_mb_left_kc512_s702,742,incoming_l1,fly,full_bptt,37,1.6299943989681234,0.4271356783919598,1.6299943989681234
flywire_783_mb_left_kc512_s702,742,incoming_l1,fly,full_bptt,38,1.6296911224918385,0.4271356783919598,1.6296911224918385
flywire_783_mb_left_kc512_s702,742,incoming_l1,fly,full_bptt,39,1.6295061724938023,0.4271356783919598,1.6295061724938023
flywire_783_mb_left_kc512_s702,742,incoming_l1,fly,full_bptt,40,1.6293346002912046,0.4321608040201005,1.6293346002912046
flywire_783_mb_left_kc512_s702,742,incoming_l1,fly,full_bptt,41,1.6290230742126701,0.4321608040201005,1.6290230742126701
flywire_783_mb_left_kc512_s702,742,incoming_l1,fly,full_bptt,42,1.6287275053403165,0.4371859296482412,1.6287275053403165
flywire_783_mb_left_kc512_s702,742,incoming_l1,fly,full_bptt,43,1.6285466034352398,0.4321608040201005,1.6285466034352398
flywire_783_mb_left_kc512_s702,742,incoming_l1,fly,full_bptt,44,1.6283421051722098,0.4371859296482412,1.6283421051722098
flywire_783_mb_left_kc512_s702,742,incoming_l1,fly,full_bptt,45,1.6280735609718435,0.4371859296482412,1.6280735609718435
flywire_783_mb_left_kc512_s702,742,incoming_l1,fly,full_bptt,46,1.6278283550103498,0.4321608040201005,1.6278283550103498
flywire_783_mb_left_kc512_s702,742,incoming_l1,fly,full_bptt,47,1.627641213501418,0.4321608040201005,1.627641213501418
flywire_783_mb_left_kc512_s702,742,incoming_l1,fly,full_bptt,48,1.6274345091413336,0.4321608040201005,1.6274345091413336
flywire_783_mb_left_kc512_s702,742,incoming_l1,fly,full_bptt,49,1.627162747168404,0.4271356783919598,1.627162747168404
flywire_783_mb_left_kc512_s702,742,incoming_l1,fly,full_bptt,50,1.6269322540790068,0.4321608040201005,1.6269322540790068
flywire_783_mb_left_kc512_s702,742,incoming_l1,fly,full_bptt,51,1.626762599922232,0.4321608040201005,1.626762599922232
flywire_783_mb_left_kc512_s702,742,incoming_l1,fly,full_bptt,52,1.626549338060676,0.4321608040201005,1.626549338060676
flywire_783_mb_left_kc512_s702,742,incoming_l1,fly,full_bptt,53,1.6263102515326175,0.4321608040201005,1.6263102515326175
flywire_783_mb_left_kc512_s702,742,incoming_l1,fly,full_bptt,54,1.6260906232377264,0.4271356783919598,1.6260906232377264
flywire_783_mb_left_kc512_s702,742,incoming_l1,fly,full_bptt,55,1.6258787822456304,0.4271356783919598,1.6258787822456304
flywire_783_mb_left_kc512_s702,742,incoming_l1,fly,full_bptt,56,1.6256802158668577,0.4271356783919598,1.6256802158668577
flywire_783_mb_left_kc512_s702,742,incoming_l1,fly,full_bptt,57,1.6254783212335953,0.4321608040201005,1.6254783212335953
flywire_783_mb_left_kc512_s702,742,incoming_l1,fly,full_bptt,58,1.6252618847348679,0.4321608040201005,1.6252618847348679
flywire_783_mb_left_kc512_s702,742,incoming_l1,fly,full_bptt,59,1.6250454747237497,0.4371859296482412,1.6250454747237497
flywire_783_mb_left_kc512_s702,742,incoming_l1,fly,full_bptt,60,1.624838643192636,0.4321608040201005,1.624838643192636
flywire_783_mb_left_kc512_s702,742,incoming_l1,fly,full_bptt,61,1.6246420168877023,0.4321608040201005,1.6246420168877023
flywire_783_mb_left_kc512_s702,742,incoming_l1,fly,full_bptt,62,1.6244349940965903,0.4271356783919598,1.6244349940965903
flywire_783_mb_left_kc512_s702,742,incoming_l1,fly,full_bptt,63,1.624225297060533,0.4271356783919598,1.624225297060533
flywire_783_mb_left_kc512_s702,742,incoming_l1,fly,full_bptt,64,1.624028635425522,0.4321608040201005,1.624028635425522
flywire_783_mb_left_kc512_s702,742,incoming_l1,fly,full_bptt,65,1.623824139884855,0.4321608040201005,1.623824139884855
flywire_783_mb_left_kc512_s702,742,incoming_l1,fly,full_bptt,66,1.6236147121157207,0.4321608040201005,1.6236147121157207
flywire_783_mb_left_kc512_s702,742,incoming_l1,fly,full_bptt,67,1.6234169623811814,0.4321608040201005,1.6234169623811814
flywire_783_mb_left_kc512_s702,742,incoming_l1,fly,full_bptt,68,1.6232233158339093,0.4271356783919598,1.6232233158339093
flywire_783_mb_left_kc512_s702,742,incoming_l1,fly,full_bptt,69,1.6230206052823815,0.4271356783919598,1.6230206052823815
flywire_783_mb_left_kc512_s702,742,incoming_l1,fly,full_bptt,70,1.6228154921472002,0.4271356783919598,1.6228154921472002
flywire_783_mb_left_kc512_s702,742,incoming_l1,fly,full_bptt,71,1.6226209208362006,0.4271356783919598,1.6226209208362006
flywire_783_mb_left_kc512_s702,742,incoming_l1,fly,full_bptt,72,1.6224256247743738,0.4271356783919598,1.6224256247743738
flywire_783_mb_left_kc512_s702,742,incoming_l1,fly,full_bptt,73,1.622225086323292,0.4271356783919598,1.622225086323292
flywire_783_mb_left_kc512_s702,742,incoming_l1,fly,full_bptt,74,1.6220269003982393,0.4271356783919598,1.6220269003982393
flywire_783_mb_left_kc512_s702,742,incoming_l1,fly,full_bptt,75,1.621831776747759,0.4271356783919598,1.621831776747759
flywire_783_mb_left_kc512_s702,742,incoming_l1,fly,full_bptt,76,1.6216383669596466,0.4271356783919598,1.6216383669596466
flywire_783_mb_left_kc512_s702,742,incoming_l1,fly,full_bptt,77,1.6214421114319058,0.4271356783919598,1.6214421114319058
flywire_783_mb_left_kc512_s702,742,incoming_l1,fly,full_bptt,78,1.621246465270119,0.4271356783919598,1.621246465270119
flywire_783_mb_left_kc512_s702,742,incoming_l1,fly,full_bptt,79,1.6210534272322485,0.4271356783919598,1.6210534272322485
flywire_783_mb_left_kc512_s702,742,incoming_l1,fly,full_bptt,80,1.6208598645218848,0.4271356783919598,1.6208598645218848
flywire_783_mb_left_kc512_s702,742,incoming_l1,fly,full_bptt,81,1.6206662843006552,0.4271356783919598,1.6206662843006552
flywire_783_mb_left_kc512_s702,742,incoming_l1,fly,full_bptt,82,1.6204738155614042,0.4271356783919598,1.6204738155614042
flywire_783_mb_left_kc512_s702,742,incoming_l1,fly,full_bptt,83,1.620283710675513,0.4271356783919598,1.620283710675513
flywire_783_mb_left_kc512_s702,742,incoming_l1,fly,full_bptt,84,1.620092010912878,0.4271356783919598,1.620092010912878
flywire_783_mb_left_kc512_s702,742,incoming_l1,fly,full_bptt,85,1.6198996748464023,0.4321608040201005,1.6198996748464023
flywire_783_mb_left_kc512_s702,742,incoming_l1,fly,full_bptt,86,1.6197103189808524,0.4321608040201005,1.6197103189808524
flywire_783_mb_left_kc512_s702,742,incoming_l1,fly,full_bptt,87,1.6195214404119522,0.4321608040201005,1.6195214404119522
flywire_783_mb_left_kc512_s702,742,incoming_l1,fly,full_bptt,88,1.6193316280526664,0.4321608040201005,1.6193316280526664
flywire_783_mb_left_kc512_s702,742,incoming_l1,fly,full_bptt,89,1.6191425562599822,0.4321608040201005,1.6191425562599822
flywire_783_mb_left_kc512_s702,742,incoming_l1,fly,full_bptt,90,1.61895532757969,0.4321608040201005,1.61895532757969
flywire_783_mb_left_kc512_s702,742,incoming_l1,fly,full_bptt,91,1.6187678026652192,0.4371859296482412,1.6187678026652192
flywire_783_mb_left_kc512_s702,742,incoming_l1,fly,full_bptt,92,1.6185803291497645,0.4371859296482412,1.6185803291497645
flywire_783_mb_left_kc512_s702,742,incoming_l1,fly,full_bptt,93,1.6183939823218572,0.4371859296482412,1.6183939823218572
flywire_783_mb_left_kc512_s702,742,incoming_l1,fly,full_bptt,94,1.6182082652253416,0.4371859296482412,1.6182082652253416
flywire_783_mb_left_kc512_s702,742,incoming_l1,fly,full_bptt,95,1.6180228527244458,0.4371859296482412,1.6180228527244458
flywire_783_mb_left_kc512_s702,742,incoming_l1,fly,full_bptt,96,1.6178380087269735,0.4371859296482412,1.6178380087269735
flywire_783_mb_left_kc512_s702,742,incoming_l1,fly,full_bptt,97,1.6176538685967143,0.4371859296482412,1.6176538685967143
flywire_783_mb_left_kc512_s702,742,incoming_l1,fly,full_bptt,98,1.617469966610522,0.4371859296482412,1.617469966610522
flywire_783_mb_left_kc512_s702,742,incoming_l1,fly,full_bptt,99,1.6172868498020663,0.4371859296482412,1.6172868498020663
flywire_783_mb_left_kc512_s702,742,incoming_l1,fly,full_bptt,100,1.6171042567646403,0.4371859296482412,1.6171042567646403
flywire_783_mb_left_kc512_s702,742,incoming_l1,fly,local_gradient,0,1.6436733477934253,0.40703517587939697,1.6436733477934253
flywire_783_mb_left_kc512_s702,742,incoming_l1,fly,local_gradient,1,1.6767917358453361,0.39195979899497485,1.6436733477934253
flywire_783_mb_left_kc512_s702,742,incoming_l1,fly,local_gradient,2,1.6701362458124205,0.40703517587939697,1.6436733477934253
flywire_783_mb_left_kc512_s702,742,incoming_l1,fly,local_gradient,3,1.6642986954970675,0.4221105527638191,1.6436733477934253
flywire_783_mb_left_kc512_s702,742,incoming_l1,fly,local_gradient,4,1.6713307454295492,0.40703517587939697,1.6436733477934253
flywire_783_mb_left_kc512_s702,742,incoming_l1,fly,local_gradient,5,1.6644041366204398,0.39195979899497485,1.6436733477934253
flywire_783_mb_left_kc512_s702,742,incoming_l1,fly,local_gradient,6,1.6548968406275162,0.3969849246231156,1.6436733477934253
flywire_783_mb_left_kc512_s702,742,incoming_l1,fly,local_gradient,7,1.663699825034006,0.4120603015075377,1.6436733477934253
flywire_783_mb_left_kc512_s702,742,incoming_l1,fly,local_gradient,8,1.6749181444960488,0.4221105527638191,1.6436733477934253
flywire_783_mb_left_kc512_s702,742,incoming_l1,fly,local_gradient,9,1.672768657521222,0.40703517587939697,1.6436733477934253
flywire_783_mb_left_kc512_s702,742,incoming_l1,fly,local_gradient,10,1.6643094487176335,0.4120603015075377,1.6436733477934253
flywire_783_mb_left_kc512_s702,742,incoming_l1,fly,local_gradient,11,1.661101215320496,0.4271356783919598,1.6436733477934253
flywire_783_mb_left_kc512_s702,742,incoming_l1,fly,local_gradient,12,1.667918474259066,0.4221105527638191,1.6436733477934253
flywire_783_mb_left_kc512_s702,742,incoming_l1,fly,local_gradient,13,1.6759367206761526,0.41708542713567837,1.6436733477934253
flywire_783_mb_left_kc512_s702,742,incoming_l1,fly,local_gradient,14,1.6722075702015156,0.3869346733668342,1.6436733477934253
flywire_783_mb_left_kc512_s702,742,incoming_l1,fly,local_gradient,15,1.6609812730747033,0.38190954773869346,1.6436733477934253
flywire_783_mb_left_kc512_s702,742,incoming_l1,fly,local_gradient,16,1.657193195650035,0.3969849246231156,1.6436733477934253
flywire_783_mb_left_kc512_s702,742,incoming_l1,fly,local_gradient,17,1.6646607502942063,0.4120603015075377,1.6436733477934253
flywire_783_mb_left_kc512_s702,742,incoming_l1,fly,local_gradient,18,1.6723923881407976,0.4020100502512563,1.6436733477934253
flywire_783_mb_left_kc512_s702,742,incoming_l1,fly,local_gradient,19,1.6707174614388962,0.4020100502512563,1.6436733477934253
flywire_783_mb_left_kc512_s702,742,incoming_l1,fly,local_gradient,20,1.6614629420594054,0.4020100502512563,1.6436733477934253
flywire_783_mb_left_kc512_s702,742,incoming_l1,fly,local_gradient,21,1.6542527837146004,0.40703517587939697,1.6436733477934253
flywire_783_mb_left_kc512_s702,742,incoming_l1,fly,local_gradient,22,1.6568589753412701,0.41708542713567837,1.6436733477934253
flywire_783_mb_left_kc512_s702,742,incoming_l1,fly,local_gradient,23,1.666060686778717,0.39195979899497485,1.6436733477934253
flywire_783_mb_left_kc512_s702,742,incoming_l1,fly,local_gradient,24,1.6696546050697572,0.4020100502512563,1.6436733477934253
flywire_783_mb_left_kc512_s702,742,incoming_l1,fly,local_gradient,25,1.662802224254518,0.3969849246231156,1.6436733477934253
flywire_783_mb_left_kc512_s702,742,incoming_l1,fly,local_gradient,26,1.6541261982252082,0.3869346733668342,1.6436733477934253
flywire_783_mb_left_kc512_s702,742,incoming_l1,fly,local_gradient,27,1.6526766053107786,0.40703517587939697,1.6436733477934253
flywire_783_mb_left_kc512_s702,742,incoming_l1,fly,local_gradient,28,1.657333847256581,0.40703517587939697,1.6436733477934253
flywire_783_mb_left_kc512_s702,742,incoming_l1,fly,local_gradient,29,1.6605437948839228,0.4120603015075377,1.6436733477934253
flywire_783_mb_left_kc512_s702,742,incoming_l1,fly,local_gradient,30,1.6579318754694956,0.40703517587939697,1.6436733477934253
flywire_783_mb_left_kc512_s702,742,incoming_l1,fly,local_gradient,31,1.6522554241543603,0.4020100502512563,1.6436733477934253
flywire_783_mb_left_kc512_s702,742,incoming_l1,fly,local_gradient,32,1.6496973468278913,0.4020100502512563,1.6436733477934253
flywire_783_mb_left_kc512_s702,742,incoming_l1,fly,local_gradient,33,1.6525288314261375,0.4020100502512563,1.6436733477934253
flywire_783_mb_left_kc512_s702,742,incoming_l1,fly,local_gradient,34,1.6560242077421197,0.40703517587939697,1.6436733477934253
flywire_783_mb_left_kc512_s702,742,incoming_l1,fly,local_gradient,35,1.655118806172326,0.4020100502512563,1.6436733477934253
flywire_783_mb_left_kc512_s702,742,incoming_l1,fly,local_gradient,36,1.6514762508747067,0.3969849246231156,1.6436733477934253
flywire_783_mb_left_kc512_s702,742,incoming_l1,fly,local_gradient,37,1.6501285795342953,0.3969849246231156,1.6436733477934253
flywire_783_mb_left_kc512_s702,742,incoming_l1,fly,local_gradient,38,1.652189309782442,0.4020100502512563,1.6436733477934253
flywire_783_mb_left_kc512_s702,742,incoming_l1,fly,local_gradient,39,1.6542263903801024,0.40703517587939697,1.6436733477934253
flywire_783_mb_left_kc512_s702,742,incoming_l1,fly,local_gradient,40,1.6533153130505842,0.3969849246231156,1.6436733477934253
flywire_783_mb_left_kc512_s702,742,incoming_l1,fly,local_gradient,41,1.650355300765703,0.3969849246231156,1.6436733477934253
flywire_783_mb_left_kc512_s702,742,incoming_l1,fly,local_gradient,42,1.6485250845339965,0.3969849246231156,1.6436733477934253
flywire_783_mb_left_kc512_s702,742,incoming_l1,fly,local_gradient,43,1.6492746843187076,0.39195979899497485,1.6436733477934253
flywire_783_mb_left_kc512_s702,742,incoming_l1,fly,local_gradient,44,1.650635588299176,0.4020100502512563,1.6436733477934253
flywire_783_mb_left_kc512_s702,742,incoming_l1,fly,local_gradient,45,1.6502770585938638,0.3969849246231156,1.6436733477934253
flywire_783_mb_left_kc512_s702,742,incoming_l1,fly,local_gradient,46,1.64875700747695,0.4020100502512563,1.6436733477934253
flywire_783_mb_left_kc512_s702,742,incoming_l1,fly,local_gradient,47,1.64811492775835,0.40703517587939697,1.6436733477934253
flywire_783_mb_left_kc512_s702,742,incoming_l1,fly,local_gradient,48,1.6487826420902383,0.3969849246231156,1.6436733477934253
flywire_783_mb_left_kc512_s702,742,incoming_l1,fly,local_gradient,49,1.6494763348316408,0.39195979899497485,1.6436733477934253
flywire_783_mb_left_kc512_s702,742,incoming_l1,fly,local_gradient,50,1.6493066595073085,0.39195979899497485,1.6436733477934253
flywire_783_mb_left_kc512_s702,742,incoming_l1,fly,local_gradient,51,1.6487290905385792,0.3969849246231156,1.6436733477934253
flywire_783_mb_left_kc512_s702,742,incoming_l1,fly,local_gradient,52,1.6484865604612056,0.39195979899497485,1.6436733477934253
flywire_783_mb_left_kc512_s702,742,incoming_l1,fly,local_gradient,53,1.6485171914282934,0.39195979899497485,1.6436733477934253
flywire_783_mb_left_kc512_s702,742,incoming_l1,fly,local_gradient,54,1.6483805430412397,0.3869346733668342,1.6436733477934253
flywire_783_mb_left_kc512_s702,742,incoming_l1,fly,local_gradient,55,1.648109609073866,0.4020100502512563,1.6436733477934253
flywire_783_mb_left_kc512_s702,742,incoming_l1,fly,local_gradient,56,1.6479815398359754,0.40703517587939697,1.6436733477934253
flywire_783_mb_left_kc512_s702,742,incoming_l1,fly,local_gradient,57,1.6479495520684144,0.40703517587939697,1.6436733477934253
flywire_783_mb_left_kc512_s702,742,incoming_l1,fly,local_gradient,58,1.6478734158516584,0.40703517587939697,1.6436733477934253
flywire_783_mb_left_kc512_s702,742,incoming_l1,fly,local_gradient,59,1.6479191610605721,0.4120603015075377,1.6436733477934253
flywire_783_mb_left_kc512_s702,742,incoming_l1,fly,local_gradient,60,1.6482384041886753,0.4020100502512563,1.6436733477934253
flywire_783_mb_left_kc512_s702,742,incoming_l1,fly,local_gradient,61,1.648552540813923,0.3969849246231156,1.6436733477934253
flywire_783_mb_left_kc512_s702,742,incoming_l1,fly,local_gradient,62,1.648550713697371,0.3969849246231156,1.6436733477934253
flywire_783_mb_left_kc512_s702,742,incoming_l1,fly,local_gradient,63,1.6484043489076194,0.4020100502512563,1.6436733477934253
flywire_783_mb_left_kc512_s702,742,incoming_l1,fly,local_gradient,64,1.6483965640946625,0.4020100502512563,1.6436733477934253
flywire_783_mb_left_kc512_s702,742,incoming_l1,fly,local_gradient,65,1.6484020069039156,0.4020100502512563,1.6436733477934253
flywire_783_mb_left_kc512_s702,742,incoming_l1,fly,local_gradient,66,1.6482109951503838,0.4020100502512563,1.6436733477934253
flywire_783_mb_left_kc512_s702,742,incoming_l1,fly,local_gradient,67,1.6480588277973631,0.40703517587939697,1.6436733477934253
flywire_783_mb_left_kc512_s702,742,incoming_l1,fly,local_gradient,68,1.6482654579626776,0.39195979899497485,1.6436733477934253
flywire_783_mb_left_kc512_s702,742,incoming_l1,fly,local_gradient,69,1.64853413435709,0.3869346733668342,1.6436733477934253
flywire_783_mb_left_kc512_s702,742,incoming_l1,fly,local_gradient,70,1.6483978980621572,0.39195979899497485,1.6436733477934253
flywire_783_mb_left_kc512_s702,742,incoming_l1,fly,local_gradient,71,1.6481747528676263,0.4020100502512563,1.6436733477934253
flywire_783_mb_left_kc512_s702,742,incoming_l1,fly,local_gradient,72,1.6484420267399345,0.39195979899497485,1.6436733477934253
flywire_783_mb_left_kc512_s702,742,incoming_l1,fly,local_gradient,73,1.648898586203565,0.3969849246231156,1.6436733477934253
flywire_783_mb_left_kc512_s702,742,incoming_l1,fly,local_gradient,74,1.6488208147016836,0.4020100502512563,1.6436733477934253
flywire_783_mb_left_kc512_s702,742,incoming_l1,fly,local_gradient,75,1.6483695074067701,0.3969849246231156,1.6436733477934253
flywire_783_mb_left_kc512_s702,742,incoming_l1,fly,local_gradient,76,1.6484117059435397,0.4020100502512563,1.6436733477934253
flywire_783_mb_left_kc512_s702,742,incoming_l1,fly,local_gradient,77,1.6489495907768075,0.39195979899497485,1.6436733477934253
flywire_783_mb_left_kc512_s702,742,incoming_l1,fly,local_gradient,78,1.6489841452227723,0.39195979899497485,1.6436733477934253
flywire_783_mb_left_kc512_s702,742,incoming_l1,fly,local_gradient,79,1.6483957312012025,0.3969849246231156,1.6436733477934253
flywire_783_mb_left_kc512_s702,742,incoming_l1,fly,local_gradient,80,1.6482247328517365,0.4020100502512563,1.6436733477934253
flywire_783_mb_left_kc512_s702,742,incoming_l1,fly,local_gradient,81,1.6487192290469048,0.4020100502512563,1.6436733477934253
flywire_783_mb_left_kc512_s702,742,incoming_l1,fly,local_gradient,82,1.6489507352403543,0.3969849246231156,1.6436733477934253
flywire_783_mb_left_kc512_s702,742,incoming_l1,fly,local_gradient,83,1.6485658363040432,0.4020100502512563,1.6436733477934253
flywire_783_mb_left_kc512_s702,742,incoming_l1,fly,local_gradient,84,1.648405940114279,0.4020100502512563,1.6436733477934253
flywire_783_mb_left_kc512_s702,742,incoming_l1,fly,local_gradient,85,1.648886644724407,0.3869346733668342,1.6436733477934253
flywire_783_mb_left_kc512_s702,742,incoming_l1,fly,local_gradient,86,1.6491152329380334,0.38190954773869346,1.6436733477934253
flywire_783_mb_left_kc512_s702,742,incoming_l1,fly,local_gradient,87,1.6486355900017589,0.3969849246231156,1.6436733477934253
flywire_783_mb_left_kc512_s702,742,incoming_l1,fly,local_gradient,88,1.648333632580342,0.3969849246231156,1.6436733477934253
flywire_783_mb_left_kc512_s702,742,incoming_l1,fly,local_gradient,89,1.6486464985425013,0.4020100502512563,1.6436733477934253
flywire_783_mb_left_kc512_s702,742,incoming_l1,fly,local_gradient,90,1.6488260789481777,0.4020100502512563,1.6436733477934253
flywire_783_mb_left_kc512_s702,742,incoming_l1,fly,local_gradient,91,1.6485309371907428,0.4020100502512563,1.6436733477934253
flywire_783_mb_left_kc512_s702,742,incoming_l1,fly,local_gradient,92,1.648476494874043,0.39195979899497485,1.6436733477934253
flywire_783_mb_left_kc512_s702,742,incoming_l1,fly,local_gradient,93,1.648938277300084,0.3969849246231156,1.6436733477934253
flywire_783_mb_left_kc512_s702,742,incoming_l1,fly,local_gradient,94,1.649121773539906,0.39195979899497485,1.6436733477934253
flywire_783_mb_left_kc512_s702,742,incoming_l1,fly,local_gradient,95,1.6488094238671749,0.39195979899497485,1.6436733477934253
flywire_783_mb_left_kc512_s702,742,incoming_l1,fly,local_gradient,96,1.6487717489699278,0.3969849246231156,1.6436733477934253
flywire_783_mb_left_kc512_s702,742,incoming_l1,fly,local_gradient,97,1.6490941846425557,0.4020100502512563,1.6436733477934253
flywire_783_mb_left_kc512_s702,742,incoming_l1,fly,local_gradient,98,1.6490918316458612,0.4020100502512563,1.6436733477934253
flywire_783_mb_left_kc512_s702,742,incoming_l1,fly,local_gradient,99,1.648836589775133,0.3969849246231156,1.6436733477934253
flywire_783_mb_left_kc512_s702,742,incoming_l1,fly,local_gradient,100,1.6490233091329347,0.3969849246231156,1.6436733477934253
flywire_783_mb_left_kc512_s702,742,incoming_l1,fly,permuted_bptt,0,3.3219240598326936,0.12562814070351758,3.3219240598326936
flywire_783_mb_left_kc512_s702,742,incoming_l1,fly,permuted_bptt,1,3.2121260333019546,0.1507537688442211,3.2121260333019546
flywire_783_mb_left_kc512_s702,742,incoming_l1,fly,permuted_bptt,2,3.1225445386382202,0.17587939698492464,3.1225445386382202
flywire_783_mb_left_kc512_s702,742,incoming_l1,fly,permuted_bptt,3,3.063232921480276,0.19597989949748743,3.063232921480276
flywire_783_mb_left_kc512_s702,742,incoming_l1,fly,permuted_bptt,4,3.013889842642534,0.21608040201005024,3.013889842642534
flywire_783_mb_left_kc512_s702,742,incoming_l1,fly,permuted_bptt,5,2.9745896876283693,0.22110552763819097,2.9745896876283693
flywire_783_mb_left_kc512_s702,742,incoming_l1,fly,permuted_bptt,6,2.942892032590757,0.21608040201005024,2.942892032590757
flywire_783_mb_left_kc512_s702,742,incoming_l1,fly,permuted_bptt,7,2.914308115743873,0.22110552763819097,2.914308115743873
flywire_783_mb_left_kc512_s702,742,incoming_l1,fly,permuted_bptt,8,2.8877847277191044,0.22110552763819097,2.8877847277191044
flywire_783_mb_left_kc512_s702,742,incoming_l1,fly,permuted_bptt,9,2.8650004217957683,0.23618090452261306,2.8650004217957683
flywire_783_mb_left_kc512_s702,742,incoming_l1,fly,permuted_bptt,10,2.844444860917651,0.23618090452261306,2.844444860917651
flywire_783_mb_left_kc512_s702,742,incoming_l1,fly,permuted_bptt,11,2.8242978813604083,0.25125628140703515,2.8242978813604083
flywire_783_mb_left_kc512_s702,742,incoming_l1,fly,permuted_bptt,12,2.805573992449778,0.25125628140703515,2.805573992449778
flywire_783_mb_left_kc512_s702,742,incoming_l1,fly,permuted_bptt,13,2.7889506233741828,0.25125628140703515,2.7889506233741828
flywire_783_mb_left_kc512_s702,742,incoming_l1,fly,permuted_bptt,14,2.773625320616582,0.2562814070351759,2.773625320616582
flywire_783_mb_left_kc512_s702,742,incoming_l1,fly,permuted_bptt,15,2.75897124318764,0.2562814070351759,2.75897124318764
flywire_783_mb_left_kc512_s702,742,incoming_l1,fly,permuted_bptt,16,2.745602920204088,0.25125628140703515,2.745602920204088
flywire_783_mb_left_kc512_s702,742,incoming_l1,fly,permuted_bptt,17,2.733536235577277,0.25125628140703515,2.733536235577277
flywire_783_mb_left_kc512_s702,742,incoming_l1,fly,permuted_bptt,18,2.721971539719084,0.2562814070351759,2.721971539719084
flywire_783_mb_left_kc512_s702,742,incoming_l1,fly,permuted_bptt,19,2.710719338618317,0.24623115577889448,2.710719338618317
flywire_783_mb_left_kc512_s702,742,incoming_l1,fly,permuted_bptt,20,2.7001105054063883,0.24120603015075376,2.7001105054063883
flywire_783_mb_left_kc512_s702,742,incoming_l1,fly,permuted_bptt,21,2.6901104466336516,0.24120603015075376,2.6901104466336516
flywire_783_mb_left_kc512_s702,742,incoming_l1,fly,permuted_bptt,22,2.680214050741483,0.24623115577889448,2.680214050741483
flywire_783_mb_left_kc512_s702,742,incoming_l1,fly,permuted_bptt,23,2.670466772704075,0.25125628140703515,2.670466772704075
flywire_783_mb_left_kc512_s702,742,incoming_l1,fly,permuted_bptt,24,2.661232607375522,0.2562814070351759,2.661232607375522
flywire_783_mb_left_kc512_s702,742,incoming_l1,fly,permuted_bptt,25,2.6522628787604563,0.2562814070351759,2.6522628787604563
flywire_783_mb_left_kc512_s702,742,incoming_l1,fly,permuted_bptt,26,2.643309511332159,0.2562814070351759,2.643309511332159
flywire_783_mb_left_kc512_s702,742,incoming_l1,fly,permuted_bptt,27,2.6346596613133175,0.27638190954773867,2.6346596613133175
flywire_783_mb_left_kc512_s702,742,incoming_l1,fly,permuted_bptt,28,2.6264768587953404,0.27638190954773867,2.6264768587953404
flywire_783_mb_left_kc512_s702,742,incoming_l1,fly,permuted_bptt,29,2.6185111502395397,0.271356783919598,2.6185111502395397
flywire_783_mb_left_kc512_s702,742,incoming_l1,fly,permuted_bptt,30,2.6107080225365156,0.2663316582914573,2.6107080225365156
flywire_783_mb_left_kc512_s702,742,incoming_l1,fly,permuted_bptt,31,2.603255375117697,0.271356783919598,2.603255375117697
flywire_783_mb_left_kc512_s702,742,incoming_l1,fly,permuted_bptt,32,2.596090744385867,0.271356783919598,2.596090744385867
flywire_783_mb_left_kc512_s702,742,incoming_l1,fly,permuted_bptt,33,2.5890531115770727,0.271356783919598,2.5890531115770727
flywire_783_mb_left_kc512_s702,742,incoming_l1,fly,permuted_bptt,34,2.582163283366345,0.2663316582914573,2.582163283366345
flywire_783_mb_left_kc512_s702,742,incoming_l1,fly,permuted_bptt,35,2.5755030588252477,0.2663316582914573,2.5755030588252477
flywire_783_mb_left_kc512_s702,742,incoming_l1,fly,permuted_bptt,36,2.568989073423654,0.2663316582914573,2.568989073423654
flywire_783_mb_left_kc512_s702,742,incoming_l1,fly,permuted_bptt,37,2.562564641582606,0.2613065326633166,2.562564641582606
flywire_783_mb_left_kc512_s702,742,incoming_l1,fly,permuted_bptt,38,2.5563610320671932,0.2613065326633166,2.5563610320671932
flywire_783_mb_left_kc512_s702,742,incoming_l1,fly,permuted_bptt,39,2.550385239831626,0.27638190954773867,2.550385239831626
flywire_783_mb_left_kc512_s702,742,incoming_l1,fly,permuted_bptt,40,2.5445320522952826,0.27638190954773867,2.5445320522952826
flywire_783_mb_left_kc512_s702,742,incoming_l1,fly,permuted_bptt,41,2.538836645075223,0.2814070351758794,2.538836645075223
flywire_783_mb_left_kc512_s702,742,incoming_l1,fly,permuted_bptt,42,2.533332812934952,0.27638190954773867,2.533332812934952
flywire_783_mb_left_kc512_s702,742,incoming_l1,fly,permuted_bptt,43,2.5279243272900316,0.27638190954773867,2.5279243272900316
flywire_783_mb_left_kc512_s702,742,incoming_l1,fly,permuted_bptt,44,2.522609425318248,0.2864321608040201,2.522609425318248
flywire_783_mb_left_kc512_s702,742,incoming_l1,fly,permuted_bptt,45,2.5174402105874614,0.2864321608040201,2.5174402105874614
flywire_783_mb_left_kc512_s702,742,incoming_l1,fly,permuted_bptt,46,2.5123757380517726,0.2864321608040201,2.5123757380517726
flywire_783_mb_left_kc512_s702,742,incoming_l1,fly,permuted_bptt,47,2.507390786708196,0.2864321608040201,2.507390786708196
flywire_783_mb_left_kc512_s702,742,incoming_l1,fly,permuted_bptt,48,2.5025214753386003,0.2864321608040201,2.5025214753386003
flywire_783_mb_left_kc512_s702,742,incoming_l1,fly,permuted_bptt,49,2.4977691783190115,0.2814070351758794,2.4977691783190115
flywire_783_mb_left_kc512_s702,742,incoming_l1,fly,permuted_bptt,50,2.493106902483587,0.27638190954773867,2.493106902483587
flywire_783_mb_left_kc512_s702,742,incoming_l1,fly,permuted_bptt,51,2.488559442600946,0.27638190954773867,2.488559442600946
flywire_783_mb_left_kc512_s702,742,incoming_l1,fly,permuted_bptt,52,2.4841348871073876,0.27638190954773867,2.4841348871073876
flywire_783_mb_left_kc512_s702,742,incoming_l1,fly,permuted_bptt,53,2.4797977416775385,0.271356783919598,2.4797977416775385
flywire_783_mb_left_kc512_s702,742,incoming_l1,fly,permuted_bptt,54,2.4755488226516813,0.2814070351758794,2.4755488226516813
flywire_783_mb_left_kc512_s702,742,incoming_l1,fly,permuted_bptt,55,2.4713927394510162,0.2814070351758794,2.4713927394510162
flywire_783_mb_left_kc512_s702,742,incoming_l1,fly,permuted_bptt,56,2.4672975267435158,0.2814070351758794,2.4672975267435158
flywire_783_mb_left_kc512_s702,742,incoming_l1,fly,permuted_bptt,57,2.4632652134344184,0.27638190954773867,2.4632652134344184
flywire_783_mb_left_kc512_s702,742,incoming_l1,fly,permuted_bptt,58,2.459305344650299,0.2814070351758794,2.459305344650299
flywire_783_mb_left_kc512_s702,742,incoming_l1,fly,permuted_bptt,59,2.4554089628962164,0.27638190954773867,2.4554089628962164
flywire_783_mb_left_kc512_s702,742,incoming_l1,fly,permuted_bptt,60,2.451581204177777,0.27638190954773867,2.451581204177777
flywire_783_mb_left_kc512_s702,742,incoming_l1,fly,permuted_bptt,61,2.4478348925850213,0.27638190954773867,2.4478348925850213
flywire_783_mb_left_kc512_s702,742,incoming_l1,fly,permuted_bptt,62,2.444162713669736,0.27638190954773867,2.444162713669736
flywire_783_mb_left_kc512_s702,742,incoming_l1,fly,permuted_bptt,63,2.440559710656554,0.2814070351758794,2.440559710656554
flywire_783_mb_left_kc512_s702,742,incoming_l1,fly,permuted_bptt,64,2.4370315162321865,0.2814070351758794,2.4370315162321865
flywire_783_mb_left_kc512_s702,742,incoming_l1,fly,permuted_bptt,65,2.433570070948529,0.2814070351758794,2.433570070948529
flywire_783_mb_left_kc512_s702,742,incoming_l1,fly,permuted_bptt,66,2.4301687546446,0.2814070351758794,2.4301687546446
flywire_783_mb_left_kc512_s702,742,incoming_l1,fly,permuted_bptt,67,2.4268317502656305,0.27638190954773867,2.4268317502656305
flywire_783_mb_left_kc512_s702,742,incoming_l1,fly,permuted_bptt,68,2.4235508900724563,0.27638190954773867,2.4235508900724563
flywire_783_mb_left_kc512_s702,742,incoming_l1,fly,permuted_bptt,69,2.4203256066245302,0.27638190954773867,2.4203256066245302
flywire_783_mb_left_kc512_s702,742,incoming_l1,fly,permuted_bptt,70,2.4171615482231785,0.2814070351758794,2.4171615482231785
flywire_783_mb_left_kc512_s702,742,incoming_l1,fly,permuted_bptt,71,2.414054064408864,0.2814070351758794,2.414054064408864
flywire_783_mb_left_kc512_s702,742,incoming_l1,fly,permuted_bptt,72,2.41100145670999,0.27638190954773867,2.41100145670999
flywire_783_mb_left_kc512_s702,742,incoming_l1,fly,permuted_bptt,73,2.4080047258511224,0.27638190954773867,2.4080047258511224
flywire_783_mb_left_kc512_s702,742,incoming_l1,fly,permuted_bptt,74,2.405058361518029,0.27638190954773867,2.405058361518029
flywire_783_mb_left_kc512_s702,742,incoming_l1,fly,permuted_bptt,75,2.4021601654041413,0.27638190954773867,2.4021601654041413
flywire_783_mb_left_kc512_s702,742,incoming_l1,fly,permuted_bptt,76,2.399311030702568,0.27638190954773867,2.399311030702568
flywire_783_mb_left_kc512_s702,742,incoming_l1,fly,permuted_bptt,77,2.3965060970140457,0.27638190954773867,2.3965060970140457
flywire_783_mb_left_kc512_s702,742,incoming_l1,fly,permuted_bptt,78,2.393745837790141,0.2814070351758794,2.393745837790141
flywire_783_mb_left_kc512_s702,742,incoming_l1,fly,permuted_bptt,79,2.391031038454705,0.2864321608040201,2.391031038454705
flywire_783_mb_left_kc512_s702,742,incoming_l1,fly,permuted_bptt,80,2.388358901838689,0.2814070351758794,2.388358901838689
flywire_783_mb_left_kc512_s702,742,incoming_l1,fly,permuted_bptt,81,2.38573092755001,0.2814070351758794,2.38573092755001
flywire_783_mb_left_kc512_s702,742,incoming_l1,fly,permuted_bptt,82,2.3831460008823617,0.27638190954773867,2.3831460008823617
flywire_783_mb_left_kc512_s702,742,incoming_l1,fly,permuted_bptt,83,2.380601739718552,0.27638190954773867,2.380601739718552
flywire_783_mb_left_kc512_s702,742,incoming_l1,fly,permuted_bptt,84,2.378098344189951,0.27638190954773867,2.378098344189951
flywire_783_mb_left_kc512_s702,742,incoming_l1,fly,permuted_bptt,85,2.3756339463691134,0.27638190954773867,2.3756339463691134
flywire_783_mb_left_kc512_s702,742,incoming_l1,fly,permuted_bptt,86,2.3732068137837135,0.27638190954773867,2.3732068137837135
flywire_783_mb_left_kc512_s702,742,incoming_l1,fly,permuted_bptt,87,2.370817143824882,0.27638190954773867,2.370817143824882
flywire_783_mb_left_kc512_s702,742,incoming_l1,fly,permuted_bptt,88,2.3684633523346665,0.271356783919598,2.3684633523346665
flywire_783_mb_left_kc512_s702,742,incoming_l1,fly,permuted_bptt,89,2.3661447237971225,0.271356783919598,2.3661447237971225
flywire_783_mb_left_kc512_s702,742,incoming_l1,fly,permuted_bptt,90,2.3638609873934913,0.271356783919598,2.3638609873934913
flywire_783_mb_left_kc512_s702,742,incoming_l1,fly,permuted_bptt,91,2.36161034806785,0.271356783919598,2.36161034806785
flywire_783_mb_left_kc512_s702,742,incoming_l1,fly,permuted_bptt,92,2.3593926119092754,0.271356783919598,2.3593926119092754
flywire_783_mb_left_kc512_s702,742,incoming_l1,fly,permuted_bptt,93,2.357206984795991,0.271356783919598,2.357206984795991
flywire_783_mb_left_kc512_s702,742,incoming_l1,fly,permuted_bptt,94,2.3550523070117326,0.271356783919598,2.3550523070117326
flywire_783_mb_left_kc512_s702,742,incoming_l1,fly,permuted_bptt,95,2.352928229567035,0.27638190954773867,2.352928229567035
flywire_783_mb_left_kc512_s702,742,incoming_l1,fly,permuted_bptt,96,2.350833795756052,0.27638190954773867,2.350833795756052
flywire_783_mb_left_kc512_s702,742,incoming_l1,fly,permuted_bptt,97,2.3487683952771783,0.27638190954773867,2.3487683952771783
flywire_783_mb_left_kc512_s702,742,incoming_l1,fly,permuted_bptt,98,2.3467318358031597,0.27638190954773867,2.3467318358031597
flywire_783_mb_left_kc512_s702,742,incoming_l1,fly,permuted_bptt,99,2.344723189459188,0.27638190954773867,2.344723189459188
flywire_783_mb_left_kc512_s702,742,incoming_l1,fly,permuted_bptt,100,2.3427419152039204,0.27638190954773867,2.3427419152039204
flywire_783_mb_left_kc512_s702,742,incoming_l1,role_shuffled,frozen,0,1.5526155001408994,0.48743718592964824,1.5526155001408994
flywire_783_mb_left_kc512_s702,742,incoming_l1,role_shuffled,full_bptt,0,1.5526155001408994,0.48743718592964824,1.5526155001408994
flywire_783_mb_left_kc512_s702,742,incoming_l1,role_shuffled,full_bptt,1,1.6272142180140985,0.40703517587939697,1.5526155001408994
flywire_783_mb_left_kc512_s702,742,incoming_l1,role_shuffled,full_bptt,2,1.5692639064999394,0.45226130653266333,1.5526155001408994
flywire_783_mb_left_kc512_s702,742,incoming_l1,role_shuffled,full_bptt,3,1.6075261025840764,0.45226130653266333,1.5526155001408994
flywire_783_mb_left_kc512_s702,742,incoming_l1,role_shuffled,full_bptt,4,1.5802792587870869,0.4623115577889447,1.5526155001408994
flywire_783_mb_left_kc512_s702,742,incoming_l1,role_shuffled,full_bptt,5,1.5616656950833006,0.49748743718592964,1.5526155001408994
flywire_783_mb_left_kc512_s702,742,incoming_l1,role_shuffled,full_bptt,6,1.5756915040102484,0.4824120603015075,1.5526155001408994
flywire_783_mb_left_kc512_s702,742,incoming_l1,role_shuffled,full_bptt,7,1.5789215297648345,0.4723618090452261,1.5526155001408994
flywire_783_mb_left_kc512_s702,742,incoming_l1,role_shuffled,full_bptt,8,1.5627244779307627,0.46733668341708545,1.5526155001408994
flywire_783_mb_left_kc512_s702,742,incoming_l1,role_shuffled,full_bptt,9,1.5559233245779156,0.5025125628140703,1.5526155001408994
flywire_783_mb_left_kc512_s702,742,incoming_l1,role_shuffled,full_bptt,10,1.5643465900151992,0.47738693467336685,1.5526155001408994
flywire_783_mb_left_kc512_s702,742,incoming_l1,role_shuffled,full_bptt,11,1.5689582589358173,0.46733668341708545,1.5526155001408994
flywire_783_mb_left_kc512_s702,742,incoming_l1,role_shuffled,full_bptt,12,1.5614084118727638,0.4723618090452261,1.5526155001408994
flywire_783_mb_left_kc512_s702,742,incoming_l1,role_shuffled,full_bptt,13,1.5534913016480671,0.4824120603015075,1.5526155001408994
flywire_783_mb_left_kc512_s702,742,incoming_l1,role_shuffled,full_bptt,14,1.555715511592044,0.4723618090452261,1.5526155001408994
flywire_783_mb_left_kc512_s702,742,incoming_l1,role_shuffled,full_bptt,15,1.560980481158413,0.4723618090452261,1.5526155001408994
flywire_783_mb_left_kc512_s702,742,incoming_l1,role_shuffled,full_bptt,16,1.5586012031625405,0.47738693467336685,1.5526155001408994
flywire_783_mb_left_kc512_s702,742,incoming_l1,role_shuffled,full_bptt,17,1.5527766497930975,0.48743718592964824,1.5526155001408994
flywire_783_mb_left_kc512_s702,742,incoming_l1,role_shuffled,full_bptt,18,1.552230104372806,0.48743718592964824,1.552230104372806
flywire_783_mb_left_kc512_s702,742,incoming_l1,role_shuffled,full_bptt,19,1.555648148652538,0.47738693467336685,1.552230104372806
flywire_783_mb_left_kc512_s702,742,incoming_l1,role_shuffled,full_bptt,20,1.5562056118295058,0.4723618090452261,1.552230104372806
flywire_783_mb_left_kc512_s702,742,incoming_l1,role_shuffled,full_bptt,21,1.5528838372891771,0.49246231155778897,1.552230104372806
flywire_783_mb_left_kc512_s702,742,incoming_l1,role_shuffled,full_bptt,22,1.550649808772897,0.49246231155778897,1.550649808772897
flywire_783_mb_left_kc512_s702,742,incoming_l1,role_shuffled,full_bptt,23,1.5520025129425896,0.49246231155778897,1.550649808772897
flywire_783_mb_left_kc512_s702,742,incoming_l1,role_shuffled,full_bptt,24,1.5533213013260132,0.4824120603015075,1.550649808772897
flywire_783_mb_left_kc512_s702,742,incoming_l1,role_shuffled,full_bptt,25,1.5518320329124156,0.49246231155778897,1.550649808772897
flywire_783_mb_left_kc512_s702,742,incoming_l1,role_shuffled,full_bptt,26,1.5501118876004134,0.4824120603015075,1.5501118876004134
flywire_783_mb_left_kc512_s702,742,incoming_l1,role_shuffled,full_bptt,27,1.5505795956357946,0.49246231155778897,1.5501118876004134
flywire_783_mb_left_kc512_s702,742,incoming_l1,role_shuffled,full_bptt,28,1.5515430438663704,0.49246231155778897,1.5501118876004134
flywire_783_mb_left_kc512_s702,742,incoming_l1,role_shuffled,full_bptt,29,1.5508237775167326,0.49246231155778897,1.5501118876004134
flywire_783_mb_left_kc512_s702,742,incoming_l1,role_shuffled,full_bptt,30,1.5493911534360625,0.49748743718592964,1.5493911534360625
flywire_783_mb_left_kc512_s702,742,incoming_l1,role_shuffled,full_bptt,31,1.5493378162972837,0.49246231155778897,1.5493378162972837
flywire_783_mb_left_kc512_s702,742,incoming_l1,role_shuffled,full_bptt,32,1.5501684634463078,0.48743718592964824,1.5493378162972837
flywire_783_mb_left_kc512_s702,742,incoming_l1,role_shuffled,full_bptt,33,1.549898539826943,0.48743718592964824,1.5493378162972837
flywire_783_mb_left_kc512_s702,742,incoming_l1,role_shuffled,full_bptt,34,1.5488230129235516,0.49246231155778897,1.5488230129235516
flywire_783_mb_left_kc512_s702,742,incoming_l1,role_shuffled,full_bptt,35,1.5486705375825722,0.48743718592964824,1.5486705375825722
flywire_783_mb_left_kc512_s702,742,incoming_l1,role_shuffled,full_bptt,36,1.5492458399809985,0.48743718592964824,1.5486705375825722
flywire_783_mb_left_kc512_s702,742,incoming_l1,role_shuffled,full_bptt,37,1.5490929513656293,0.49246231155778897,1.5486705375825722
flywire_783_mb_left_kc512_s702,742,incoming_l1,role_shuffled,full_bptt,38,1.5482978345518736,0.48743718592964824,1.5482978345518736
flywire_783_mb_left_kc512_s702,742,incoming_l1,role_shuffled,full_bptt,39,1.548083189775511,0.48743718592964824,1.548083189775511
flywire_783_mb_left_kc512_s702,742,incoming_l1,role_shuffled,full_bptt,40,1.5484516505770867,0.49748743718592964,1.548083189775511
flywire_783_mb_left_kc512_s702,742,incoming_l1,role_shuffled,full_bptt,41,1.548376791618028,0.49748743718592964,1.548083189775511
flywire_783_mb_left_kc512_s702,742,incoming_l1,role_shuffled,full_bptt,42,1.5478635973812727,0.49748743718592964,1.5478635973812727
flywire_783_mb_left_kc512_s702,742,incoming_l1,role_shuffled,full_bptt,43,1.5477309347849366,0.48743718592964824,1.5477309347849366
flywire_783_mb_left_kc512_s702,742,incoming_l1,role_shuffled,full_bptt,44,1.547904024249153,0.49246231155778897,1.5477309347849366
flywire_783_mb_left_kc512_s702,742,incoming_l1,role_shuffled,full_bptt,45,1.5477454960106898,0.49246231155778897,1.5477309347849366
flywire_783_mb_left_kc512_s702,742,incoming_l1,role_shuffled,full_bptt,46,1.5473849796204482,0.48743718592964824,1.5473849796204482
flywire_783_mb_left_kc512_s702,742,incoming_l1,role_shuffled,full_bptt,47,1.5473393098651924,0.4824120603015075,1.5473393098651924
flywire_783_mb_left_kc512_s702,742,incoming_l1,role_shuffled,full_bptt,48,1.5474236207192895,0.49246231155778897,1.5473393098651924
flywire_783_mb_left_kc512_s702,742,incoming_l1,role_shuffled,full_bptt,49,1.5472225834852287,0.48743718592964824,1.5472225834852287
flywire_783_mb_left_kc512_s702,742,incoming_l1,role_shuffled,full_bptt,50,1.5469805264688117,0.4824120603015075,1.5469805264688117
flywire_783_mb_left_kc512_s702,742,incoming_l1,role_shuffled,full_bptt,51,1.5469930182417069,0.49246231155778897,1.5469805264688117
flywire_783_mb_left_kc512_s702,742,incoming_l1,role_shuffled,full_bptt,52,1.5469815187829956,0.49246231155778897,1.5469805264688117
flywire_783_mb_left_kc512_s702,742,incoming_l1,role_shuffled,full_bptt,53,1.5467577897196851,0.4824120603015075,1.5467577897196851
flywire_783_mb_left_kc512_s702,742,incoming_l1,role_shuffled,full_bptt,54,1.546609093835095,0.49246231155778897,1.546609093835095
flywire_783_mb_left_kc512_s702,742,incoming_l1,role_shuffled,full_bptt,55,1.5466395857020323,0.49246231155778897,1.546609093835095
flywire_783_mb_left_kc512_s702,742,incoming_l1,role_shuffled,full_bptt,56,1.5465717749421641,0.49246231155778897,1.5465717749421641
flywire_783_mb_left_kc512_s702,742,incoming_l1,role_shuffled,full_bptt,57,1.5463723605446278,0.49246231155778897,1.5463723605446278
flywire_783_mb_left_kc512_s702,742,incoming_l1,role_shuffled,full_bptt,58,1.5462785890389668,0.48743718592964824,1.5462785890389668
flywire_783_mb_left_kc512_s702,742,incoming_l1,role_shuffled,full_bptt,59,1.5462621381953288,0.48743718592964824,1.5462621381953288
flywire_783_mb_left_kc512_s702,742,incoming_l1,role_shuffled,full_bptt,60,1.5461479740017392,0.4824120603015075,1.5461479740017392
flywire_783_mb_left_kc512_s702,742,incoming_l1,role_shuffled,full_bptt,61,1.5460154135960575,0.4824120603015075,1.5460154135960575
flywire_783_mb_left_kc512_s702,742,incoming_l1,role_shuffled,full_bptt,62,1.5459732990520505,0.48743718592964824,1.5459732990520505
flywire_783_mb_left_kc512_s702,742,incoming_l1,role_shuffled,full_bptt,63,1.5459064974650496,0.48743718592964824,1.5459064974650496
flywire_783_mb_left_kc512_s702,742,incoming_l1,role_shuffled,full_bptt,64,1.5457654373494556,0.49246231155778897,1.5457654373494556
flywire_783_mb_left_kc512_s702,742,incoming_l1,role_shuffled,full_bptt,65,1.5456764413398352,0.48743718592964824,1.5456764413398352
flywire_783_mb_left_kc512_s702,742,incoming_l1,role_shuffled,full_bptt,66,1.5456378714038623,0.48743718592964824,1.5456378714038623
flywire_783_mb_left_kc512_s702,742,incoming_l1,role_shuffled,full_bptt,67,1.545541554451639,0.48743718592964824,1.545541554451639
flywire_783_mb_left_kc512_s702,742,incoming_l1,role_shuffled,full_bptt,68,1.5454265311326263,0.48743718592964824,1.5454265311326263
flywire_783_mb_left_kc512_s702,742,incoming_l1,role_shuffled,full_bptt,69,1.545363544457834,0.49748743718592964,1.545363544457834
flywire_783_mb_left_kc512_s702,742,incoming_l1,role_shuffled,full_bptt,70,1.5452917172229876,0.49748743718592964,1.5452917172229876
flywire_783_mb_left_kc512_s702,742,incoming_l1,role_shuffled,full_bptt,71,1.5451820746244471,0.49748743718592964,1.5451820746244471
flywire_783_mb_left_kc512_s702,742,incoming_l1,role_shuffled,full_bptt,72,1.5451004838528515,0.49246231155778897,1.5451004838528515
flywire_783_mb_left_kc512_s702,742,incoming_l1,role_shuffled,full_bptt,73,1.5450411788081273,0.49246231155778897,1.5450411788081273
flywire_783_mb_left_kc512_s702,742,incoming_l1,role_shuffled,full_bptt,74,1.5449498678534577,0.49246231155778897,1.5449498678534577
flywire_783_mb_left_kc512_s702,742,incoming_l1,role_shuffled,full_bptt,75,1.544852767232035,0.49246231155778897,1.544852767232035
flywire_783_mb_left_kc512_s702,742,incoming_l1,role_shuffled,full_bptt,76,1.5447809157243795,0.49246231155778897,1.5447809157243795
flywire_783_mb_left_kc512_s702,742,incoming_l1,role_shuffled,full_bptt,77,1.5447021946852653,0.49246231155778897,1.5447021946852653
flywire_783_mb_left_kc512_s702,742,incoming_l1,role_shuffled,full_bptt,78,1.5446125467811787,0.49246231155778897,1.5446125467811787
flywire_783_mb_left_kc512_s702,742,incoming_l1,role_shuffled,full_bptt,79,1.5445371178978562,0.49246231155778897,1.5445371178978562
flywire_783_mb_left_kc512_s702,742,incoming_l1,role_shuffled,full_bptt,80,1.5444596643843265,0.49246231155778897,1.5444596643843265
flywire_783_mb_left_kc512_s702,742,incoming_l1,role_shuffled,full_bptt,81,1.5443689767658084,0.49246231155778897,1.5443689767658084
flywire_783_mb_left_kc512_s702,742,incoming_l1,role_shuffled,full_bptt,82,1.5442892795879481,0.49748743718592964,1.5442892795879481
flywire_783_mb_left_kc512_s702,742,incoming_l1,role_shuffled,full_bptt,83,1.5442169211726695,0.49748743718592964,1.5442169211726695
flywire_783_mb_left_kc512_s702,742,incoming_l1,role_shuffled,full_bptt,84,1.5441320502475036,0.49748743718592964,1.5441320502475036
flywire_783_mb_left_kc512_s702,742,incoming_l1,role_shuffled,full_bptt,85,1.544047921137166,0.49246231155778897,1.544047921137166
flywire_783_mb_left_kc512_s702,742,incoming_l1,role_shuffled,full_bptt,86,1.5439727717624354,0.49748743718592964,1.5439727717624354
flywire_783_mb_left_kc512_s702,742,incoming_l1,role_shuffled,full_bptt,87,1.5438921143650788,0.49246231155778897,1.5438921143650788
flywire_783_mb_left_kc512_s702,742,incoming_l1,role_shuffled,full_bptt,88,1.5438091866477108,0.49246231155778897,1.5438091866477108
flywire_783_mb_left_kc512_s702,742,incoming_l1,role_shuffled,full_bptt,89,1.5437328398628392,0.49246231155778897,1.5437328398628392
flywire_783_mb_left_kc512_s702,742,incoming_l1,role_shuffled,full_bptt,90,1.5436536519357258,0.49748743718592964,1.5436536519357258
flywire_783_mb_left_kc512_s702,742,incoming_l1,role_shuffled,full_bptt,91,1.543571120461564,0.49748743718592964,1.543571120461564
flywire_783_mb_left_kc512_s702,742,incoming_l1,role_shuffled,full_bptt,92,1.54349402250359,0.49748743718592964,1.54349402250359
flywire_783_mb_left_kc512_s702,742,incoming_l1,role_shuffled,full_bptt,93,1.5434163554397362,0.49748743718592964,1.5434163554397362
flywire_783_mb_left_kc512_s702,742,incoming_l1,role_shuffled,full_bptt,94,1.543334761875675,0.5025125628140703,1.543334761875675
flywire_783_mb_left_kc512_s702,742,incoming_l1,role_shuffled,full_bptt,95,1.5432567663685244,0.5025125628140703,1.5432567663685244
flywire_783_mb_left_kc512_s702,742,incoming_l1,role_shuffled,full_bptt,96,1.5431798656502405,0.5025125628140703,1.5431798656502405
flywire_783_mb_left_kc512_s702,742,incoming_l1,role_shuffled,full_bptt,97,1.543099642852173,0.5025125628140703,1.543099642852173
flywire_783_mb_left_kc512_s702,742,incoming_l1,role_shuffled,full_bptt,98,1.5430212441735778,0.49748743718592964,1.5430212441735778
flywire_783_mb_left_kc512_s702,742,incoming_l1,role_shuffled,full_bptt,99,1.5429444404946253,0.49748743718592964,1.5429444404946253
flywire_783_mb_left_kc512_s702,742,incoming_l1,role_shuffled,full_bptt,100,1.5428654665875945,0.5025125628140703,1.5428654665875945
flywire_783_mb_left_kc512_s702,742,incoming_l1,role_shuffled,local_gradient,0,1.5526155001408994,0.48743718592964824,1.5526155001408994
flywire_783_mb_left_kc512_s702,742,incoming_l1,role_shuffled,local_gradient,1,1.5914990700595628,0.4271356783919598,1.5526155001408994
flywire_783_mb_left_kc512_s702,742,incoming_l1,role_shuffled,local_gradient,2,1.5957800438629577,0.44221105527638194,1.5526155001408994
flywire_783_mb_left_kc512_s702,742,incoming_l1,role_shuffled,local_gradient,3,1.5696341799302158,0.4472361809045226,1.5526155001408994
flywire_783_mb_left_kc512_s702,742,incoming_l1,role_shuffled,local_gradient,4,1.5843367262633155,0.4020100502512563,1.5526155001408994
flywire_783_mb_left_kc512_s702,742,incoming_l1,role_shuffled,local_gradient,5,1.57492629204325,0.44221105527638194,1.5526155001408994
flywire_783_mb_left_kc512_s702,742,incoming_l1,role_shuffled,local_gradient,6,1.56531154663872,0.46733668341708545,1.5526155001408994
flywire_783_mb_left_kc512_s702,742,incoming_l1,role_shuffled,local_gradient,7,1.5767333322867396,0.4623115577889447,1.5526155001408994
flywire_783_mb_left_kc512_s702,742,incoming_l1,role_shuffled,local_gradient,8,1.5776015791058418,0.457286432160804,1.5526155001408994
flywire_783_mb_left_kc512_s702,742,incoming_l1,role_shuffled,local_gradient,9,1.569144899612812,0.4623115577889447,1.5526155001408994
flywire_783_mb_left_kc512_s702,742,incoming_l1,role_shuffled,local_gradient,10,1.5703937322052421,0.4623115577889447,1.5526155001408994
flywire_783_mb_left_kc512_s702,742,incoming_l1,role_shuffled,local_gradient,11,1.5755126718484787,0.457286432160804,1.5526155001408994
flywire_783_mb_left_kc512_s702,742,incoming_l1,role_shuffled,local_gradient,12,1.57411661690829,0.44221105527638194,1.5526155001408994
flywire_783_mb_left_kc512_s702,742,incoming_l1,role_shuffled,local_gradient,13,1.5712549848530577,0.457286432160804,1.5526155001408994
flywire_783_mb_left_kc512_s702,742,incoming_l1,role_shuffled,local_gradient,14,1.5720367387448637,0.457286432160804,1.5526155001408994
flywire_783_mb_left_kc512_s702,742,incoming_l1,role_shuffled,local_gradient,15,1.5732782168491009,0.46733668341708545,1.5526155001408994
flywire_783_mb_left_kc512_s702,742,incoming_l1,role_shuffled,local_gradient,16,1.5722743400240444,0.457286432160804,1.5526155001408994
flywire_783_mb_left_kc512_s702,742,incoming_l1,role_shuffled,local_gradient,17,1.5707376169088174,0.457286432160804,1.5526155001408994
flywire_783_mb_left_kc512_s702,742,incoming_l1,role_shuffled,local_gradient,18,1.5706757972258356,0.46733668341708545,1.5526155001408994
flywire_783_mb_left_kc512_s702,742,incoming_l1,role_shuffled,local_gradient,19,1.5721883226184084,0.4723618090452261,1.5526155001408994
flywire_783_mb_left_kc512_s702,742,incoming_l1,role_shuffled,local_gradient,20,1.573434334313925,0.46733668341708545,1.5526155001408994
flywire_783_mb_left_kc512_s702,742,incoming_l1,role_shuffled,local_gradient,21,1.5723816207025305,0.47738693467336685,1.5526155001408994
flywire_783_mb_left_kc512_s702,742,incoming_l1,role_shuffled,local_gradient,22,1.570309818347873,0.47738693467336685,1.5526155001408994
flywire_783_mb_left_kc512_s702,742,incoming_l1,role_shuffled,local_gradient,23,1.5702261324884057,0.46733668341708545,1.5526155001408994
flywire_783_mb_left_kc512_s702,742,incoming_l1,role_shuffled,local_gradient,24,1.5724141677958146,0.47738693467336685,1.5526155001408994
flywire_783_mb_left_kc512_s702,742,incoming_l1,role_shuffled,local_gradient,25,1.574870966828572,0.47738693467336685,1.5526155001408994
flywire_783_mb_left_kc512_s702,742,incoming_l1,role_shuffled,local_gradient,26,1.5758097381102545,0.4371859296482412,1.5526155001408994
flywire_783_mb_left_kc512_s702,742,incoming_l1,role_shuffled,local_gradient,27,1.574594285071896,0.44221105527638194,1.5526155001408994
flywire_783_mb_left_kc512_s702,742,incoming_l1,role_shuffled,local_gradient,28,1.5727116768084393,0.457286432160804,1.5526155001408994
flywire_783_mb_left_kc512_s702,742,incoming_l1,role_shuffled,local_gradient,29,1.5722652289586512,0.45226130653266333,1.5526155001408994
flywire_783_mb_left_kc512_s702,742,incoming_l1,role_shuffled,local_gradient,30,1.5731834249088479,0.4623115577889447,1.5526155001408994
flywire_783_mb_left_kc512_s702,742,incoming_l1,role_shuffled,local_gradient,31,1.5747510011020693,0.4723618090452261,1.5526155001408994
flywire_783_mb_left_kc512_s702,742,incoming_l1,role_shuffled,local_gradient,32,1.5765716491281951,0.4723618090452261,1.5526155001408994
flywire_783_mb_left_kc512_s702,742,incoming_l1,role_shuffled,local_gradient,33,1.576357681863826,0.46733668341708545,1.5526155001408994
flywire_783_mb_left_kc512_s702,742,incoming_l1,role_shuffled,local_gradient,34,1.5736921115043216,0.46733668341708545,1.5526155001408994
flywire_783_mb_left_kc512_s702,742,incoming_l1,role_shuffled,local_gradient,35,1.5725498432452514,0.4623115577889447,1.5526155001408994
flywire_783_mb_left_kc512_s702,742,incoming_l1,role_shuffled,local_gradient,36,1.5746355642502214,0.47738693467336685,1.5526155001408994
flywire_783_mb_left_kc512_s702,742,incoming_l1,role_shuffled,local_gradient,37,1.5774461130034285,0.4472361809045226,1.5526155001408994
flywire_783_mb_left_kc512_s702,742,incoming_l1,role_shuffled,local_gradient,38,1.5791899842788444,0.4371859296482412,1.5526155001408994
flywire_783_mb_left_kc512_s702,742,incoming_l1,role_shuffled,local_gradient,39,1.5793591260114284,0.44221105527638194,1.5526155001408994
flywire_783_mb_left_kc512_s702,742,incoming_l1,role_shuffled,local_gradient,40,1.5777580213699804,0.4623115577889447,1.5526155001408994
flywire_783_mb_left_kc512_s702,742,incoming_l1,role_shuffled,local_gradient,41,1.5758350780485446,0.4371859296482412,1.5526155001408994
flywire_783_mb_left_kc512_s702,742,incoming_l1,role_shuffled,local_gradient,42,1.5756019344293368,0.4723618090452261,1.5526155001408994
flywire_783_mb_left_kc512_s702,742,incoming_l1,role_shuffled,local_gradient,43,1.5773538737935686,0.47738693467336685,1.5526155001408994
flywire_783_mb_left_kc512_s702,742,incoming_l1,role_shuffled,local_gradient,44,1.5793533992367175,0.4824120603015075,1.5526155001408994
flywire_783_mb_left_kc512_s702,742,incoming_l1,role_shuffled,local_gradient,45,1.5790729458443702,0.4623115577889447,1.5526155001408994
flywire_783_mb_left_kc512_s702,742,incoming_l1,role_shuffled,local_gradient,46,1.5769542262399858,0.457286432160804,1.5526155001408994
flywire_783_mb_left_kc512_s702,742,incoming_l1,role_shuffled,local_gradient,47,1.5763011332025259,0.45226130653266333,1.5526155001408994
flywire_783_mb_left_kc512_s702,742,incoming_l1,role_shuffled,local_gradient,48,1.577526213455949,0.46733668341708545,1.5526155001408994
flywire_783_mb_left_kc512_s702,742,incoming_l1,role_shuffled,local_gradient,49,1.5787525328844318,0.457286432160804,1.5526155001408994
flywire_783_mb_left_kc512_s702,742,incoming_l1,role_shuffled,local_gradient,50,1.5799499703402835,0.4472361809045226,1.5526155001408994
flywire_783_mb_left_kc512_s702,742,incoming_l1,role_shuffled,local_gradient,51,1.581236836210694,0.4321608040201005,1.5526155001408994
flywire_783_mb_left_kc512_s702,742,incoming_l1,role_shuffled,local_gradient,52,1.5818732473703265,0.46733668341708545,1.5526155001408994
flywire_783_mb_left_kc512_s702,742,incoming_l1,role_shuffled,local_gradient,53,1.5816620429062747,0.4472361809045226,1.5526155001408994
flywire_783_mb_left_kc512_s702,742,incoming_l1,role_shuffled,local_gradient,54,1.5806223845404526,0.4623115577889447,1.5526155001408994
flywire_783_mb_left_kc512_s702,742,incoming_l1,role_shuffled,local_gradient,55,1.5801077328561302,0.48743718592964824,1.5526155001408994
flywire_783_mb_left_kc512_s702,742,incoming_l1,role_shuffled,local_gradient,56,1.5813596582970597,0.4824120603015075,1.5526155001408994
flywire_783_mb_left_kc512_s702,742,incoming_l1,role_shuffled,local_gradient,57,1.5815490006130992,0.457286432160804,1.5526155001408994
flywire_783_mb_left_kc512_s702,742,incoming_l1,role_shuffled,local_gradient,58,1.579312551464112,0.46733668341708545,1.5526155001408994
flywire_783_mb_left_kc512_s702,742,incoming_l1,role_shuffled,local_gradient,59,1.5786499624587205,0.44221105527638194,1.5526155001408994
flywire_783_mb_left_kc512_s702,742,incoming_l1,role_shuffled,local_gradient,60,1.5804292610834128,0.4623115577889447,1.5526155001408994
flywire_783_mb_left_kc512_s702,742,incoming_l1,role_shuffled,local_gradient,61,1.5814552093975318,0.4623115577889447,1.5526155001408994
flywire_783_mb_left_kc512_s702,742,incoming_l1,role_shuffled,local_gradient,62,1.5815827655296197,0.4472361809045226,1.5526155001408994
flywire_783_mb_left_kc512_s702,742,incoming_l1,role_shuffled,local_gradient,63,1.5819220903181133,0.4371859296482412,1.5526155001408994
flywire_783_mb_left_kc512_s702,742,incoming_l1,role_shuffled,local_gradient,64,1.5821586100688758,0.44221105527638194,1.5526155001408994
flywire_783_mb_left_kc512_s702,742,incoming_l1,role_shuffled,local_gradient,65,1.5826721245878395,0.457286432160804,1.5526155001408994
flywire_783_mb_left_kc512_s702,742,incoming_l1,role_shuffled,local_gradient,66,1.5829655042037762,0.46733668341708545,1.5526155001408994
flywire_783_mb_left_kc512_s702,742,incoming_l1,role_shuffled,local_gradient,67,1.5821355216869888,0.48743718592964824,1.5526155001408994
flywire_783_mb_left_kc512_s702,742,incoming_l1,role_shuffled,local_gradient,68,1.5817625307260246,0.46733668341708545,1.5526155001408994
flywire_783_mb_left_kc512_s702,742,incoming_l1,role_shuffled,local_gradient,69,1.581460817069321,0.457286432160804,1.5526155001408994
flywire_783_mb_left_kc512_s702,742,incoming_l1,role_shuffled,local_gradient,70,1.579366029077556,0.4623115577889447,1.5526155001408994
flywire_783_mb_left_kc512_s702,742,incoming_l1,role_shuffled,local_gradient,71,1.578486925064569,0.44221105527638194,1.5526155001408994
flywire_783_mb_left_kc512_s702,742,incoming_l1,role_shuffled,local_gradient,72,1.5808301596211107,0.4623115577889447,1.5526155001408994
flywire_783_mb_left_kc512_s702,742,incoming_l1,role_shuffled,local_gradient,73,1.5827709694477041,0.45226130653266333,1.5526155001408994
flywire_783_mb_left_kc512_s702,742,incoming_l1,role_shuffled,local_gradient,74,1.582822354301756,0.4472361809045226,1.5526155001408994
flywire_783_mb_left_kc512_s702,742,incoming_l1,role_shuffled,local_gradient,75,1.5828234763832973,0.4321608040201005,1.5526155001408994
flywire_783_mb_left_kc512_s702,742,incoming_l1,role_shuffled,local_gradient,76,1.5831335225255798,0.4371859296482412,1.5526155001408994
flywire_783_mb_left_kc512_s702,742,incoming_l1,role_shuffled,local_gradient,77,1.583719224720371,0.4623115577889447,1.5526155001408994
flywire_783_mb_left_kc512_s702,742,incoming_l1,role_shuffled,local_gradient,78,1.5843188225589229,0.4623115577889447,1.5526155001408994
flywire_783_mb_left_kc512_s702,742,incoming_l1,role_shuffled,local_gradient,79,1.5837895020731783,0.48743718592964824,1.5526155001408994
flywire_783_mb_left_kc512_s702,742,incoming_l1,role_shuffled,local_gradient,80,1.5833441517385065,0.49246231155778897,1.5526155001408994
flywire_783_mb_left_kc512_s702,742,incoming_l1,role_shuffled,local_gradient,81,1.5835247669068861,0.45226130653266333,1.5526155001408994
flywire_783_mb_left_kc512_s702,742,incoming_l1,role_shuffled,local_gradient,82,1.5815792996940268,0.457286432160804,1.5526155001408994
flywire_783_mb_left_kc512_s702,742,incoming_l1,role_shuffled,local_gradient,83,1.5789262498961458,0.457286432160804,1.5526155001408994
flywire_783_mb_left_kc512_s702,742,incoming_l1,role_shuffled,local_gradient,84,1.5795756063618172,0.457286432160804,1.5526155001408994
flywire_783_mb_left_kc512_s702,742,incoming_l1,role_shuffled,local_gradient,85,1.5816502110171466,0.46733668341708545,1.5526155001408994
flywire_783_mb_left_kc512_s702,742,incoming_l1,role_shuffled,local_gradient,86,1.5821292638442814,0.4371859296482412,1.5526155001408994
flywire_783_mb_left_kc512_s702,742,incoming_l1,role_shuffled,local_gradient,87,1.5819275031560722,0.4371859296482412,1.5526155001408994
flywire_783_mb_left_kc512_s702,742,incoming_l1,role_shuffled,local_gradient,88,1.5820140801777498,0.4321608040201005,1.5526155001408994
flywire_783_mb_left_kc512_s702,742,incoming_l1,role_shuffled,local_gradient,89,1.5827895447103066,0.457286432160804,1.5526155001408994
flywire_783_mb_left_kc512_s702,742,incoming_l1,role_shuffled,local_gradient,90,1.5841508494437975,0.4723618090452261,1.5526155001408994
flywire_783_mb_left_kc512_s702,742,incoming_l1,role_shuffled,local_gradient,91,1.5840979581191885,0.4723618090452261,1.5526155001408994
flywire_783_mb_left_kc512_s702,742,incoming_l1,role_shuffled,local_gradient,92,1.5828968657879698,0.4824120603015075,1.5526155001408994
flywire_783_mb_left_kc512_s702,742,incoming_l1,role_shuffled,local_gradient,93,1.5825552253018826,0.4824120603015075,1.5526155001408994
flywire_783_mb_left_kc512_s702,742,incoming_l1,role_shuffled,local_gradient,94,1.5811839942275006,0.457286432160804,1.5526155001408994
flywire_783_mb_left_kc512_s702,742,incoming_l1,role_shuffled,local_gradient,95,1.5782619027120628,0.45226130653266333,1.5526155001408994
flywire_783_mb_left_kc512_s702,742,incoming_l1,role_shuffled,local_gradient,96,1.5780031856692565,0.457286432160804,1.5526155001408994
flywire_783_mb_left_kc512_s702,742,incoming_l1,role_shuffled,local_gradient,97,1.5805330947973455,0.457286432160804,1.5526155001408994
flywire_783_mb_left_kc512_s702,742,incoming_l1,role_shuffled,local_gradient,98,1.581987659742365,0.4623115577889447,1.5526155001408994
flywire_783_mb_left_kc512_s702,742,incoming_l1,role_shuffled,local_gradient,99,1.5818603032785812,0.44221105527638194,1.5526155001408994
flywire_783_mb_left_kc512_s702,742,incoming_l1,role_shuffled,local_gradient,100,1.5813469199707142,0.44221105527638194,1.5526155001408994
flywire_783_mb_left_kc512_s702,742,incoming_l1,role_shuffled,permuted_bptt,0,3.282134024916058,0.1306532663316583,3.282134024916058
flywire_783_mb_left_kc512_s702,742,incoming_l1,role_shuffled,permuted_bptt,1,3.1726017861422284,0.1407035175879397,3.1726017861422284
flywire_783_mb_left_kc512_s702,742,incoming_l1,role_shuffled,permuted_bptt,2,3.104051498908611,0.1407035175879397,3.104051498908611
flywire_783_mb_left_kc512_s702,742,incoming_l1,role_shuffled,permuted_bptt,3,3.0599982946510917,0.1507537688442211,3.0599982946510917
flywire_783_mb_left_kc512_s702,742,incoming_l1,role_shuffled,permuted_bptt,4,3.017905707249902,0.15577889447236182,3.017905707249902
flywire_783_mb_left_kc512_s702,742,incoming_l1,role_shuffled,permuted_bptt,5,2.992107691928094,0.1658291457286432,2.992107691928094
flywire_783_mb_left_kc512_s702,742,incoming_l1,role_shuffled,permuted_bptt,6,2.9613802983942366,0.18592964824120603,2.9613802983942366
flywire_783_mb_left_kc512_s702,742,incoming_l1,role_shuffled,permuted_bptt,7,2.9329649606910193,0.1658291457286432,2.9329649606910193
flywire_783_mb_left_kc512_s702,742,incoming_l1,role_shuffled,permuted_bptt,8,2.9102637479739863,0.1457286432160804,2.9102637479739863
flywire_783_mb_left_kc512_s702,742,incoming_l1,role_shuffled,permuted_bptt,9,2.8886764246813863,0.1658291457286432,2.8886764246813863
flywire_783_mb_left_kc512_s702,742,incoming_l1,role_shuffled,permuted_bptt,10,2.8653191303526437,0.1708542713567839,2.8653191303526437
flywire_783_mb_left_kc512_s702,742,incoming_l1,role_shuffled,permuted_bptt,11,2.8453015148276686,0.18090452261306533,2.8453015148276686
flywire_783_mb_left_kc512_s702,742,incoming_l1,role_shuffled,permuted_bptt,12,2.8284710289010353,0.18090452261306533,2.8284710289010353
flywire_783_mb_left_kc512_s702,742,incoming_l1,role_shuffled,permuted_bptt,13,2.8091019611826993,0.18090452261306533,2.8091019611826993
flywire_783_mb_left_kc512_s702,742,incoming_l1,role_shuffled,permuted_bptt,14,2.789450766525131,0.18090452261306533,2.789450766525131
flywire_783_mb_left_kc512_s702,742,incoming_l1,role_shuffled,permuted_bptt,15,2.773472890492854,0.1708542713567839,2.773472890492854
flywire_783_mb_left_kc512_s702,742,incoming_l1,role_shuffled,permuted_bptt,16,2.758862472607852,0.18592964824120603,2.758862472607852
flywire_783_mb_left_kc512_s702,742,incoming_l1,role_shuffled,permuted_bptt,17,2.743452831788665,0.18090452261306533,2.743452831788665
flywire_783_mb_left_kc512_s702,742,incoming_l1,role_shuffled,permuted_bptt,18,2.728851940646927,0.1708542713567839,2.728851940646927
flywire_783_mb_left_kc512_s702,742,incoming_l1,role_shuffled,permuted_bptt,19,2.7159916879640282,0.17587939698492464,2.7159916879640282
flywire_783_mb_left_kc512_s702,742,incoming_l1,role_shuffled,permuted_bptt,20,2.703140105256817,0.18090452261306533,2.703140105256817
flywire_783_mb_left_kc512_s702,742,incoming_l1,role_shuffled,permuted_bptt,21,2.6900814042992134,0.19095477386934673,2.6900814042992134
flywire_783_mb_left_kc512_s702,742,incoming_l1,role_shuffled,permuted_bptt,22,2.6783450458917137,0.18090452261306533,2.6783450458917137
flywire_783_mb_left_kc512_s702,742,incoming_l1,role_shuffled,permuted_bptt,23,2.6670565092343113,0.18592964824120603,2.6670565092343113
flywire_783_mb_left_kc512_s702,742,incoming_l1,role_shuffled,permuted_bptt,24,2.655533547461913,0.18592964824120603,2.655533547461913
flywire_783_mb_left_kc512_s702,742,incoming_l1,role_shuffled,permuted_bptt,25,2.6450054174130995,0.19597989949748743,2.6450054174130995
flywire_783_mb_left_kc512_s702,742,incoming_l1,role_shuffled,permuted_bptt,26,2.6355114770796715,0.21105527638190955,2.6355114770796715
flywire_783_mb_left_kc512_s702,742,incoming_l1,role_shuffled,permuted_bptt,27,2.625940804912779,0.20603015075376885,2.625940804912779
flywire_783_mb_left_kc512_s702,742,incoming_l1,role_shuffled,permuted_bptt,28,2.616384980605636,0.20603015075376885,2.616384980605636
flywire_783_mb_left_kc512_s702,742,incoming_l1,role_shuffled,permuted_bptt,29,2.6076763100089426,0.21105527638190955,2.6076763100089426
flywire_783_mb_left_kc512_s702,742,incoming_l1,role_shuffled,permuted_bptt,30,2.599145810837591,0.21608040201005024,2.599145810837591
flywire_783_mb_left_kc512_s702,742,incoming_l1,role_shuffled,permuted_bptt,31,2.5902191025499612,0.21105527638190955,2.5902191025499612
flywire_783_mb_left_kc512_s702,742,incoming_l1,role_shuffled,permuted_bptt,32,2.581734810151734,0.21105527638190955,2.581734810151734
flywire_783_mb_left_kc512_s702,742,incoming_l1,role_shuffled,permuted_bptt,33,2.5737871518507136,0.21105527638190955,2.5737871518507136
flywire_783_mb_left_kc512_s702,742,incoming_l1,role_shuffled,permuted_bptt,34,2.56586809449587,0.22110552763819097,2.56586809449587
flywire_783_mb_left_kc512_s702,742,incoming_l1,role_shuffled,permuted_bptt,35,2.5581440310641894,0.22613065326633167,2.5581440310641894
flywire_783_mb_left_kc512_s702,742,incoming_l1,role_shuffled,permuted_bptt,36,2.5507689110681473,0.22110552763819097,2.5507689110681473
flywire_783_mb_left_kc512_s702,742,incoming_l1,role_shuffled,permuted_bptt,37,2.543421157193134,0.22613065326633167,2.543421157193134
flywire_783_mb_left_kc512_s702,742,incoming_l1,role_shuffled,permuted_bptt,38,2.536155551024864,0.22110552763819097,2.536155551024864
flywire_783_mb_left_kc512_s702,742,incoming_l1,role_shuffled,permuted_bptt,39,2.529259316409489,0.23115577889447236,2.529259316409489
flywire_783_mb_left_kc512_s702,742,incoming_l1,role_shuffled,permuted_bptt,40,2.5224894394530972,0.23618090452261306,2.5224894394530972
flywire_783_mb_left_kc512_s702,742,incoming_l1,role_shuffled,permuted_bptt,41,2.5158902421671976,0.23618090452261306,2.5158902421671976
flywire_783_mb_left_kc512_s702,742,incoming_l1,role_shuffled,permuted_bptt,42,2.5096710163937814,0.22613065326633167,2.5096710163937814
flywire_783_mb_left_kc512_s702,742,incoming_l1,role_shuffled,permuted_bptt,43,2.5035908607607604,0.23115577889447236,2.5035908607607604
flywire_783_mb_left_kc512_s702,742,incoming_l1,role_shuffled,permuted_bptt,44,2.497533661941064,0.23115577889447236,2.497533661941064
flywire_783_mb_left_kc512_s702,742,incoming_l1,role_shuffled,permuted_bptt,45,2.491686200133933,0.23115577889447236,2.491686200133933
flywire_783_mb_left_kc512_s702,742,incoming_l1,role_shuffled,permuted_bptt,46,2.486030618486904,0.22613065326633167,2.486030618486904
flywire_783_mb_left_kc512_s702,742,incoming_l1,role_shuffled,permuted_bptt,47,2.4804327441086262,0.22613065326633167,2.4804327441086262
flywire_783_mb_left_kc512_s702,742,incoming_l1,role_shuffled,permuted_bptt,48,2.4749870154575735,0.23115577889447236,2.4749870154575735
flywire_783_mb_left_kc512_s702,742,incoming_l1,role_shuffled,permuted_bptt,49,2.4696665523884036,0.22613065326633167,2.4696665523884036
flywire_783_mb_left_kc512_s702,742,incoming_l1,role_shuffled,permuted_bptt,50,2.464436582450571,0.23618090452261306,2.464436582450571
flywire_783_mb_left_kc512_s702,742,incoming_l1,role_shuffled,permuted_bptt,51,2.459328689211295,0.23618090452261306,2.459328689211295
flywire_783_mb_left_kc512_s702,742,incoming_l1,role_shuffled,permuted_bptt,52,2.4543310059219885,0.23618090452261306,2.4543310059219885
flywire_783_mb_left_kc512_s702,742,incoming_l1,role_shuffled,permuted_bptt,53,2.4494324086404866,0.23115577889447236,2.4494324086404866
flywire_783_mb_left_kc512_s702,742,incoming_l1,role_shuffled,permuted_bptt,54,2.4446718054872156,0.23618090452261306,2.4446718054872156
flywire_783_mb_left_kc512_s702,742,incoming_l1,role_shuffled,permuted_bptt,55,2.440013330717947,0.22613065326633167,2.440013330717947
flywire_783_mb_left_kc512_s702,742,incoming_l1,role_shuffled,permuted_bptt,56,2.435433332756923,0.23115577889447236,2.435433332756923
flywire_783_mb_left_kc512_s702,742,incoming_l1,role_shuffled,permuted_bptt,57,2.430964074647042,0.23115577889447236,2.430964074647042
flywire_783_mb_left_kc512_s702,742,incoming_l1,role_shuffled,permuted_bptt,58,2.426588601635384,0.22613065326633167,2.426588601635384
flywire_783_mb_left_kc512_s702,742,incoming_l1,role_shuffled,permuted_bptt,59,2.4222856851797494,0.23115577889447236,2.4222856851797494
flywire_783_mb_left_kc512_s702,742,incoming_l1,role_shuffled,permuted_bptt,60,2.4180636528530126,0.23115577889447236,2.4180636528530126
flywire_783_mb_left_kc512_s702,742,incoming_l1,role_shuffled,permuted_bptt,61,2.4139342321205226,0.23115577889447236,2.4139342321205226
flywire_783_mb_left_kc512_s702,742,incoming_l1,role_shuffled,permuted_bptt,62,2.40988631907321,0.23115577889447236,2.40988631907321
flywire_783_mb_left_kc512_s702,742,incoming_l1,role_shuffled,permuted_bptt,63,2.40591518918952,0.23618090452261306,2.40591518918952
flywire_783_mb_left_kc512_s702,742,incoming_l1,role_shuffled,permuted_bptt,64,2.40202424748487,0.24120603015075376,2.40202424748487
flywire_783_mb_left_kc512_s702,742,incoming_l1,role_shuffled,permuted_bptt,65,2.398206041395935,0.24120603015075376,2.398206041395935
flywire_783_mb_left_kc512_s702,742,incoming_l1,role_shuffled,permuted_bptt,66,2.3944484207570946,0.24120603015075376,2.3944484207570946
flywire_783_mb_left_kc512_s702,742,incoming_l1,role_shuffled,permuted_bptt,67,2.390759766044795,0.25125628140703515,2.390759766044795
flywire_783_mb_left_kc512_s702,742,incoming_l1,role_shuffled,permuted_bptt,68,2.387139276581879,0.25125628140703515,2.387139276581879
flywire_783_mb_left_kc512_s702,742,incoming_l1,role_shuffled,permuted_bptt,69,2.3835878580261376,0.25125628140703515,2.3835878580261376
flywire_783_mb_left_kc512_s702,742,incoming_l1,role_shuffled,permuted_bptt,70,2.3800999978590602,0.24623115577889448,2.3800999978590602
flywire_783_mb_left_kc512_s702,742,incoming_l1,role_shuffled,permuted_bptt,71,2.376666788074536,0.25125628140703515,2.376666788074536
flywire_783_mb_left_kc512_s702,742,incoming_l1,role_shuffled,permuted_bptt,72,2.373298350690917,0.24623115577889448,2.373298350690917
flywire_783_mb_left_kc512_s702,742,incoming_l1,role_shuffled,permuted_bptt,73,2.369990123849145,0.24623115577889448,2.369990123849145
flywire_783_mb_left_kc512_s702,742,incoming_l1,role_shuffled,permuted_bptt,74,2.3667372839022645,0.24623115577889448,2.3667372839022645
flywire_783_mb_left_kc512_s702,742,incoming_l1,role_shuffled,permuted_bptt,75,2.3635498241105792,0.24623115577889448,2.3635498241105792
flywire_783_mb_left_kc512_s702,742,incoming_l1,role_shuffled,permuted_bptt,76,2.3604184912342236,0.24623115577889448,2.3604184912342236
flywire_783_mb_left_kc512_s702,742,incoming_l1,role_shuffled,permuted_bptt,77,2.3573388119145853,0.24623115577889448,2.3573388119145853
flywire_783_mb_left_kc512_s702,742,incoming_l1,role_shuffled,permuted_bptt,78,2.3543169741448544,0.24120603015075376,2.3543169741448544
flywire_783_mb_left_kc512_s702,742,incoming_l1,role_shuffled,permuted_bptt,79,2.3513464005214946,0.24120603015075376,2.3513464005214946
flywire_783_mb_left_kc512_s702,742,incoming_l1,role_shuffled,permuted_bptt,80,2.3484322405812925,0.24120603015075376,2.3484322405812925
flywire_783_mb_left_kc512_s702,742,incoming_l1,role_shuffled,permuted_bptt,81,2.3455709235105693,0.24120603015075376,2.3455709235105693
flywire_783_mb_left_kc512_s702,742,incoming_l1,role_shuffled,permuted_bptt,82,2.342760572304611,0.23618090452261306,2.342760572304611
flywire_783_mb_left_kc512_s702,742,incoming_l1,role_shuffled,permuted_bptt,83,2.3400043928370606,0.23618090452261306,2.3400043928370606
flywire_783_mb_left_kc512_s702,742,incoming_l1,role_shuffled,permuted_bptt,84,2.337295612823629,0.23618090452261306,2.337295612823629
flywire_783_mb_left_kc512_s702,742,incoming_l1,role_shuffled,permuted_bptt,85,2.3346369579147,0.23618090452261306,2.3346369579147
flywire_783_mb_left_kc512_s702,742,incoming_l1,role_shuffled,permuted_bptt,86,2.332028352262599,0.23618090452261306,2.332028352262599
flywire_783_mb_left_kc512_s702,742,incoming_l1,role_shuffled,permuted_bptt,87,2.3294649957746594,0.23618090452261306,2.3294649957746594
flywire_783_mb_left_kc512_s702,742,incoming_l1,role_shuffled,permuted_bptt,88,2.3269502109831777,0.24120603015075376,2.3269502109831777
flywire_783_mb_left_kc512_s702,742,incoming_l1,role_shuffled,permuted_bptt,89,2.324481213679946,0.24120603015075376,2.324481213679946
flywire_783_mb_left_kc512_s702,742,incoming_l1,role_shuffled,permuted_bptt,90,2.3220569143506435,0.24120603015075376,2.3220569143506435
flywire_783_mb_left_kc512_s702,742,incoming_l1,role_shuffled,permuted_bptt,91,2.3196775754933867,0.24120603015075376,2.3196775754933867
flywire_783_mb_left_kc512_s702,742,incoming_l1,role_shuffled,permuted_bptt,92,2.317340493399951,0.24623115577889448,2.317340493399951
flywire_783_mb_left_kc512_s702,742,incoming_l1,role_shuffled,permuted_bptt,93,2.3150468965282758,0.24623115577889448,2.3150468965282758
flywire_783_mb_left_kc512_s702,742,incoming_l1,role_shuffled,permuted_bptt,94,2.312793702423315,0.24623115577889448,2.312793702423315
flywire_783_mb_left_kc512_s702,742,incoming_l1,role_shuffled,permuted_bptt,95,2.31058077434736,0.24623115577889448,2.31058077434736
flywire_783_mb_left_kc512_s702,742,incoming_l1,role_shuffled,permuted_bptt,96,2.3084079098541825,0.25125628140703515,2.3084079098541825
flywire_783_mb_left_kc512_s702,742,incoming_l1,role_shuffled,permuted_bptt,97,2.3062723413213657,0.25125628140703515,2.3062723413213657
flywire_783_mb_left_kc512_s702,742,incoming_l1,role_shuffled,permuted_bptt,98,2.304175118345451,0.2562814070351759,2.304175118345451
flywire_783_mb_left_kc512_s702,742,incoming_l1,role_shuffled,permuted_bptt,99,2.30211441712201,0.2562814070351759,2.30211441712201
flywire_783_mb_left_kc512_s702,742,incoming_l1,role_shuffled,permuted_bptt,100,2.3000893710642223,0.2613065326633166,2.3000893710642223
flywire_783_mb_left_kc512_s702,743,spectral,fly,frozen,0,1.6817065573958743,0.3969849246231156,1.6817065573958743
flywire_783_mb_left_kc512_s702,743,spectral,fly,full_bptt,0,1.6817065573958743,0.3969849246231156,1.6817065573958743
flywire_783_mb_left_kc512_s702,743,spectral,fly,full_bptt,1,1.7026378808506333,0.3869346733668342,1.6817065573958743
flywire_783_mb_left_kc512_s702,743,spectral,fly,full_bptt,2,1.7125254285121163,0.39195979899497485,1.6817065573958743
flywire_783_mb_left_kc512_s702,743,spectral,fly,full_bptt,3,1.6860372217908768,0.4020100502512563,1.6817065573958743
flywire_783_mb_left_kc512_s702,743,spectral,fly,full_bptt,4,1.685904728422435,0.40703517587939697,1.6817065573958743
flywire_783_mb_left_kc512_s702,743,spectral,fly,full_bptt,5,1.6952846638995123,0.40703517587939697,1.6817065573958743
flywire_783_mb_left_kc512_s702,743,spectral,fly,full_bptt,6,1.6838376972793172,0.41708542713567837,1.6817065573958743
flywire_783_mb_left_kc512_s702,743,spectral,fly,full_bptt,7,1.678102128982318,0.39195979899497485,1.678102128982318
flywire_783_mb_left_kc512_s702,743,spectral,fly,full_bptt,8,1.6863386394118138,0.4020100502512563,1.678102128982318
flywire_783_mb_left_kc512_s702,743,spectral,fly,full_bptt,9,1.6848092470712475,0.4120603015075377,1.678102128982318
flywire_783_mb_left_kc512_s702,743,spectral,fly,full_bptt,10,1.6768589436721502,0.40703517587939697,1.6768589436721502
flywire_783_mb_left_kc512_s702,743,spectral,fly,full_bptt,11,1.6773823003426447,0.40703517587939697,1.6768589436721502
flywire_783_mb_left_kc512_s702,743,spectral,fly,full_bptt,12,1.6810076748779235,0.40703517587939697,1.6768589436721502
flywire_783_mb_left_kc512_s702,743,spectral,fly,full_bptt,13,1.6790548055905423,0.40703517587939697,1.6768589436721502
flywire_783_mb_left_kc512_s702,743,spectral,fly,full_bptt,14,1.6752500953904395,0.3969849246231156,1.6752500953904395
flywire_783_mb_left_kc512_s702,743,spectral,fly,full_bptt,15,1.6758226807095964,0.3768844221105528,1.6752500953904395
flywire_783_mb_left_kc512_s702,743,spectral,fly,full_bptt,16,1.6774149861869085,0.3969849246231156,1.6752500953904395
flywire_783_mb_left_kc512_s702,743,spectral,fly,full_bptt,17,1.6754304071702102,0.4020100502512563,1.6752500953904395
flywire_783_mb_left_kc512_s702,743,spectral,fly,full_bptt,18,1.6735259143146077,0.40703517587939697,1.6735259143146077
flywire_783_mb_left_kc512_s702,743,spectral,fly,full_bptt,19,1.6742076070110035,0.4020100502512563,1.6735259143146077
flywire_783_mb_left_kc512_s702,743,spectral,fly,full_bptt,20,1.674705139694073,0.38190954773869346,1.6735259143146077
flywire_783_mb_left_kc512_s702,743,spectral,fly,full_bptt,21,1.6733099855024203,0.39195979899497485,1.6733099855024203
flywire_783_mb_left_kc512_s702,743,spectral,fly,full_bptt,22,1.6720546040449262,0.3869346733668342,1.6720546040449262
flywire_783_mb_left_kc512_s702,743,spectral,fly,full_bptt,23,1.672507002323119,0.38190954773869346,1.6720546040449262
flywire_783_mb_left_kc512_s702,743,spectral,fly,full_bptt,24,1.672777209946696,0.38190954773869346,1.6720546040449262
flywire_783_mb_left_kc512_s702,743,spectral,fly,full_bptt,25,1.6716952738207222,0.3969849246231156,1.6716952738207222
flywire_783_mb_left_kc512_s702,743,spectral,fly,full_bptt,26,1.6708951775352683,0.4020100502512563,1.6708951775352683
flywire_783_mb_left_kc512_s702,743,spectral,fly,full_bptt,27,1.6710924083804224,0.4120603015075377,1.6708951775352683
flywire_783_mb_left_kc512_s702,743,spectral,fly,full_bptt,28,1.6711376975080288,0.41708542713567837,1.6708951775352683
flywire_783_mb_left_kc512_s702,743,spectral,fly,full_bptt,29,1.6703891012646952,0.3869346733668342,1.6703891012646952
flywire_783_mb_left_kc512_s702,743,spectral,fly,full_bptt,30,1.6698128376272987,0.3869346733668342,1.6698128376272987
flywire_783_mb_left_kc512_s702,743,spectral,fly,full_bptt,31,1.6699483167754405,0.3869346733668342,1.6698128376272987
flywire_783_mb_left_kc512_s702,743,spectral,fly,full_bptt,32,1.6698490666064576,0.39195979899497485,1.6698128376272987
flywire_783_mb_left_kc512_s702,743,spectral,fly,full_bptt,33,1.6691840330101895,0.39195979899497485,1.6691840330101895
flywire_783_mb_left_kc512_s702,743,spectral,fly,full_bptt,34,1.6688006752437592,0.3969849246231156,1.6688006752437592
flywire_783_mb_left_kc512_s702,743,spectral,fly,full_bptt,35,1.6688852436921862,0.4020100502512563,1.6688006752437592
flywire_783_mb_left_kc512_s702,743,spectral,fly,full_bptt,36,1.6686630028652552,0.39195979899497485,1.6686630028652552
flywire_783_mb_left_kc512_s702,743,spectral,fly,full_bptt,37,1.6681298131088222,0.3969849246231156,1.6681298131088222
flywire_783_mb_left_kc512_s702,743,spectral,fly,full_bptt,38,1.6679871760922056,0.39195979899497485,1.6679871760922056
flywire_783_mb_left_kc512_s702,743,spectral,fly,full_bptt,39,1.6679762948294476,0.3869346733668342,1.6679762948294476
flywire_783_mb_left_kc512_s702,743,spectral,fly,full_bptt,40,1.667563787282009,0.38190954773869346,1.667563787282009
flywire_783_mb_left_kc512_s702,743,spectral,fly,full_bptt,41,1.6672047803487058,0.3869346733668342,1.6672047803487058
flywire_783_mb_left_kc512_s702,743,spectral,fly,full_bptt,42,1.667210566625149,0.3969849246231156,1.6672047803487058
flywire_783_mb_left_kc512_s702,743,spectral,fly,full_bptt,43,1.6670209873159856,0.3969849246231156,1.6670209873159856
flywire_783_mb_left_kc512_s702,743,spectral,fly,full_bptt,44,1.666590716758417,0.3969849246231156,1.666590716758417
flywire_783_mb_left_kc512_s702,743,spectral,fly,full_bptt,45,1.6664554784098107,0.38190954773869346,1.6664554784098107
flywire_783_mb_left_kc512_s702,743,spectral,fly,full_bptt,46,1.666414126121012,0.3869346733668342,1.666414126121012
flywire_783_mb_left_kc512_s702,743,spectral,fly,full_bptt,47,1.666093665976218,0.3869346733668342,1.666093665976218
flywire_783_mb_left_kc512_s702,743,spectral,fly,full_bptt,48,1.665825348514117,0.3869346733668342,1.665825348514117
flywire_783_mb_left_kc512_s702,743,spectral,fly,full_bptt,49,1.6657546347377146,0.39195979899497485,1.6657546347377146
flywire_783_mb_left_kc512_s702,743,spectral,fly,full_bptt,50,1.665549548793259,0.39195979899497485,1.665549548793259
flywire_783_mb_left_kc512_s702,743,spectral,fly,full_bptt,51,1.6652825577919184,0.39195979899497485,1.6652825577919184
flywire_783_mb_left_kc512_s702,743,spectral,fly,full_bptt,52,1.665167794696561,0.3869346733668342,1.665167794696561
flywire_783_mb_left_kc512_s702,743,spectral,fly,full_bptt,53,1.665013518321709,0.39195979899497485,1.665013518321709
flywire_783_mb_left_kc512_s702,743,spectral,fly,full_bptt,54,1.6647646432978362,0.3969849246231156,1.6647646432978362
flywire_783_mb_left_kc512_s702,743,spectral,fly,full_bptt,55,1.6646142646133548,0.3969849246231156,1.6646142646133548
flywire_783_mb_left_kc512_s702,743,spectral,fly,full_bptt,56,1.6644893860420762,0.39195979899497485,1.6644893860420762
flywire_783_mb_left_kc512_s702,743,spectral,fly,full_bptt,57,1.6642750783813163,0.39195979899497485,1.6642750783813163
flywire_783_mb_left_kc512_s702,743,spectral,fly,full_bptt,58,1.6640958785327615,0.39195979899497485,1.6640958785327615
flywire_783_mb_left_kc512_s702,743,spectral,fly,full_bptt,59,1.663972858200865,0.3869346733668342,1.663972858200865
flywire_783_mb_left_kc512_s702,743,spectral,fly,full_bptt,60,1.6638016988181956,0.39195979899497485,1.6638016988181956
flywire_783_mb_left_kc512_s702,743,spectral,fly,full_bptt,61,1.66362104004167,0.39195979899497485,1.66362104004167
flywire_783_mb_left_kc512_s702,743,spectral,fly,full_bptt,62,1.6634855173740166,0.39195979899497485,1.6634855173740166
flywire_783_mb_left_kc512_s702,743,spectral,fly,full_bptt,63,1.6633353411394838,0.39195979899497485,1.6633353411394838
flywire_783_mb_left_kc512_s702,743,spectral,fly,full_bptt,64,1.663165471463512,0.3869346733668342,1.663165471463512
flywire_783_mb_left_kc512_s702,743,spectral,fly,full_bptt,65,1.6630257746562143,0.3869346733668342,1.6630257746562143
flywire_783_mb_left_kc512_s702,743,spectral,fly,full_bptt,66,1.6628886718031444,0.3869346733668342,1.6628886718031444
flywire_783_mb_left_kc512_s702,743,spectral,fly,full_bptt,67,1.662728964376784,0.39195979899497485,1.662728964376784
flywire_783_mb_left_kc512_s702,743,spectral,fly,full_bptt,68,1.6625887100607915,0.39195979899497485,1.6625887100607915
flywire_783_mb_left_kc512_s702,743,spectral,fly,full_bptt,69,1.66245881958483,0.3969849246231156,1.66245881958483
flywire_783_mb_left_kc512_s702,743,spectral,fly,full_bptt,70,1.6623079520736015,0.39195979899497485,1.6623079520736015
flywire_783_mb_left_kc512_s702,743,spectral,fly,full_bptt,71,1.6621706045796443,0.3869346733668342,1.6621706045796443
flywire_783_mb_left_kc512_s702,743,spectral,fly,full_bptt,72,1.6620473844920882,0.3869346733668342,1.6620473844920882
flywire_783_mb_left_kc512_s702,743,spectral,fly,full_bptt,73,1.661904975785467,0.3869346733668342,1.661904975785467
flywire_783_mb_left_kc512_s702,743,spectral,fly,full_bptt,74,1.661771281855554,0.39195979899497485,1.661771281855554
flywire_783_mb_left_kc512_s702,743,spectral,fly,full_bptt,75,1.6616514781826248,0.3969849246231156,1.6616514781826248
flywire_783_mb_left_kc512_s702,743,spectral,fly,full_bptt,76,1.6615167888491416,0.4020100502512563,1.6615167888491416
flywire_783_mb_left_kc512_s702,743,spectral,fly,full_bptt,77,1.6613887522425361,0.3969849246231156,1.6613887522425361
flywire_783_mb_left_kc512_s702,743,spectral,fly,full_bptt,78,1.661271722205311,0.3969849246231156,1.661271722205311
flywire_783_mb_left_kc512_s702,743,spectral,fly,full_bptt,79,1.6611439397796357,0.3969849246231156,1.6611439397796357
flywire_783_mb_left_kc512_s702,743,spectral,fly,full_bptt,80,1.6610224132631355,0.3969849246231156,1.6610224132631355
flywire_783_mb_left_kc512_s702,743,spectral,fly,full_bptt,81,1.6609077215717503,0.3969849246231156,1.6609077215717503
flywire_783_mb_left_kc512_s702,743,spectral,fly,full_bptt,82,1.6607854473693837,0.3969849246231156,1.6607854473693837
flywire_783_mb_left_kc512_s702,743,spectral,fly,full_bptt,83,1.6606695129723632,0.3969849246231156,1.6606695129723632
flywire_783_mb_left_kc512_s702,743,spectral,fly,full_bptt,84,1.6605578077142766,0.3969849246231156,1.6605578077142766
flywire_783_mb_left_kc512_s702,743,spectral,fly,full_bptt,85,1.660441262491389,0.3969849246231156,1.660441262491389
flywire_783_mb_left_kc512_s702,743,spectral,fly,full_bptt,86,1.6603303318995517,0.4020100502512563,1.6603303318995517
flywire_783_mb_left_kc512_s702,743,spectral,fly,full_bptt,87,1.6602218598683944,0.4020100502512563,1.6602218598683944
flywire_783_mb_left_kc512_s702,743,spectral,fly,full_bptt,88,1.6601106350526744,0.3969849246231156,1.6601106350526744
flywire_783_mb_left_kc512_s702,743,spectral,fly,full_bptt,89,1.6600036935202902,0.3969849246231156,1.6600036935202902
flywire_783_mb_left_kc512_s702,743,spectral,fly,full_bptt,90,1.6598984924780098,0.3969849246231156,1.6598984924780098
flywire_783_mb_left_kc512_s702,743,spectral,fly,full_bptt,91,1.6597922600704194,0.3969849246231156,1.6597922600704194
flywire_783_mb_left_kc512_s702,743,spectral,fly,full_bptt,92,1.6596893060735447,0.4020100502512563,1.6596893060735447
flywire_783_mb_left_kc512_s702,743,spectral,fly,full_bptt,93,1.659587521642628,0.4020100502512563,1.659587521642628
flywire_783_mb_left_kc512_s702,743,spectral,fly,full_bptt,94,1.6594854329476043,0.4020100502512563,1.6594854329476043
flywire_783_mb_left_kc512_s702,743,spectral,fly,full_bptt,95,1.6593862040189529,0.40703517587939697,1.6593862040189529
flywire_783_mb_left_kc512_s702,743,spectral,fly,full_bptt,96,1.6592878580801713,0.40703517587939697,1.6592878580801713
flywire_783_mb_left_kc512_s702,743,spectral,fly,full_bptt,97,1.6591896003881632,0.40703517587939697,1.6591896003881632
flywire_783_mb_left_kc512_s702,743,spectral,fly,full_bptt,98,1.6590940066711382,0.40703517587939697,1.6590940066711382
flywire_783_mb_left_kc512_s702,743,spectral,fly,full_bptt,99,1.6589988609881259,0.40703517587939697,1.6589988609881259
flywire_783_mb_left_kc512_s702,743,spectral,fly,full_bptt,100,1.658904225594901,0.4020100502512563,1.658904225594901
flywire_783_mb_left_kc512_s702,743,spectral,fly,local_gradient,0,1.6817065573958743,0.3969849246231156,1.6817065573958743
flywire_783_mb_left_kc512_s702,743,spectral,fly,local_gradient,1,1.7096649375191508,0.39195979899497485,1.6817065573958743
flywire_783_mb_left_kc512_s702,743,spectral,fly,local_gradient,2,1.7094698524306557,0.40703517587939697,1.6817065573958743
flywire_783_mb_left_kc512_s702,743,spectral,fly,local_gradient,3,1.6994503178251414,0.4120603015075377,1.6817065573958743
flywire_783_mb_left_kc512_s702,743,spectral,fly,local_gradient,4,1.6953337361810028,0.4020100502512563,1.6817065573958743
flywire_783_mb_left_kc512_s702,743,spectral,fly,local_gradient,5,1.6985266432447133,0.40703517587939697,1.6817065573958743
flywire_783_mb_left_kc512_s702,743,spectral,fly,local_gradient,6,1.6931926011800664,0.3969849246231156,1.6817065573958743
flywire_783_mb_left_kc512_s702,743,spectral,fly,local_gradient,7,1.692644703835218,0.4221105527638191,1.6817065573958743
flywire_783_mb_left_kc512_s702,743,spectral,fly,local_gradient,8,1.6974923466975904,0.4120603015075377,1.6817065573958743
flywire_783_mb_left_kc512_s702,743,spectral,fly,local_gradient,9,1.696566859569098,0.4120603015075377,1.6817065573958743
flywire_783_mb_left_kc512_s702,743,spectral,fly,local_gradient,10,1.6937582379769032,0.41708542713567837,1.6817065573958743
flywire_783_mb_left_kc512_s702,743,spectral,fly,local_gradient,11,1.6949970748932774,0.40703517587939697,1.6817065573958743
flywire_783_mb_left_kc512_s702,743,spectral,fly,local_gradient,12,1.6975957108273134,0.4221105527638191,1.6817065573958743
flywire_783_mb_left_kc512_s702,743,spectral,fly,local_gradient,13,1.698035742591696,0.40703517587939697,1.6817065573958743
flywire_783_mb_left_kc512_s702,743,spectral,fly,local_gradient,14,1.6978439640681477,0.3969849246231156,1.6817065573958743
flywire_783_mb_left_kc512_s702,743,spectral,fly,local_gradient,15,1.69929232122533,0.40703517587939697,1.6817065573958743
flywire_783_mb_left_kc512_s702,743,spectral,fly,local_gradient,16,1.7017385612267444,0.40703517587939697,1.6817065573958743
flywire_783_mb_left_kc512_s702,743,spectral,fly,local_gradient,17,1.7030864321861996,0.4020100502512563,1.6817065573958743
flywire_783_mb_left_kc512_s702,743,spectral,fly,local_gradient,18,1.7036929324127779,0.39195979899497485,1.6817065573958743
flywire_783_mb_left_kc512_s702,743,spectral,fly,local_gradient,19,1.7052978080690107,0.4020100502512563,1.6817065573958743
flywire_783_mb_left_kc512_s702,743,spectral,fly,local_gradient,20,1.7068370914562612,0.4120603015075377,1.6817065573958743
flywire_783_mb_left_kc512_s702,743,spectral,fly,local_gradient,21,1.7076121567743132,0.4120603015075377,1.6817065573958743
flywire_783_mb_left_kc512_s702,743,spectral,fly,local_gradient,22,1.7096643058844967,0.41708542713567837,1.6817065573958743
flywire_783_mb_left_kc512_s702,743,spectral,fly,local_gradient,23,1.7133204605545862,0.4221105527638191,1.6817065573958743
flywire_783_mb_left_kc512_s702,743,spectral,fly,local_gradient,24,1.716781786026731,0.4120603015075377,1.6817065573958743
flywire_783_mb_left_kc512_s702,743,spectral,fly,local_gradient,25,1.7200856846727075,0.4020100502512563,1.6817065573958743
flywire_783_mb_left_kc512_s702,743,spectral,fly,local_gradient,26,1.7242396881607327,0.39195979899497485,1.6817065573958743
flywire_783_mb_left_kc512_s702,743,spectral,fly,local_gradient,27,1.729052128366644,0.39195979899497485,1.6817065573958743
flywire_783_mb_left_kc512_s702,743,spectral,fly,local_gradient,28,1.7338748423588457,0.3969849246231156,1.6817065573958743
flywire_783_mb_left_kc512_s702,743,spectral,fly,local_gradient,29,1.738931123822208,0.38190954773869346,1.6817065573958743
flywire_783_mb_left_kc512_s702,743,spectral,fly,local_gradient,30,1.7450926642484441,0.3869346733668342,1.6817065573958743
flywire_783_mb_left_kc512_s702,743,spectral,fly,local_gradient,31,1.7527483927485017,0.39195979899497485,1.6817065573958743
flywire_783_mb_left_kc512_s702,743,spectral,fly,local_gradient,32,1.7615029815260854,0.39195979899497485,1.6817065573958743
flywire_783_mb_left_kc512_s702,743,spectral,fly,local_gradient,33,1.7710059905669542,0.38190954773869346,1.6817065573958743
flywire_783_mb_left_kc512_s702,743,spectral,fly,local_gradient,34,1.7813287498343062,0.38190954773869346,1.6817065573958743
flywire_783_mb_left_kc512_s702,743,spectral,fly,local_gradient,35,1.7923696305096046,0.38190954773869346,1.6817065573958743
flywire_783_mb_left_kc512_s702,743,spectral,fly,local_gradient,36,1.8038913344545564,0.38190954773869346,1.6817065573958743
flywire_783_mb_left_kc512_s702,743,spectral,fly,local_gradient,37,1.8161279933969205,0.3768844221105528,1.6817065573958743
flywire_783_mb_left_kc512_s702,743,spectral,fly,local_gradient,38,1.8294602026529794,0.38190954773869346,1.6817065573958743
flywire_783_mb_left_kc512_s702,743,spectral,fly,local_gradient,39,1.8438715839415594,0.37185929648241206,1.6817065573958743
flywire_783_mb_left_kc512_s702,743,spectral,fly,local_gradient,40,1.8593196112010983,0.37185929648241206,1.6817065573958743
flywire_783_mb_left_kc512_s702,743,spectral,fly,local_gradient,41,1.8760780078145356,0.36683417085427134,1.6817065573958743
flywire_783_mb_left_kc512_s702,743,spectral,fly,local_gradient,42,1.894328703844822,0.35175879396984927,1.6817065573958743
flywire_783_mb_left_kc512_s702,743,spectral,fly,local_gradient,43,1.9139279281646862,0.3417085427135678,1.6817065573958743
flywire_783_mb_left_kc512_s702,743,spectral,fly,local_gradient,44,1.9347321363846643,0.34673366834170855,1.6817065573958743
flywire_783_mb_left_kc512_s702,743,spectral,fly,local_gradient,45,1.9566976706968284,0.33668341708542715,1.6817065573958743
flywire_783_mb_left_kc512_s702,743,spectral,fly,local_gradient,46,1.9796615915084304,0.3417085427135678,1.6817065573958743
flywire_783_mb_left_kc512_s702,743,spectral,fly,local_gradient,47,2.0034456263539706,0.33668341708542715,1.6817065573958743
flywire_783_mb_left_kc512_s702,743,spectral,fly,local_gradient,48,2.028118599140627,0.32663316582914576,1.6817065573958743
flywire_783_mb_left_kc512_s702,743,spectral,fly,local_gradient,49,2.053872986065571,0.32663316582914576,1.6817065573958743
flywire_783_mb_left_kc512_s702,743,spectral,fly,local_gradient,50,2.080781211945865,0.32663316582914576,1.6817065573958743
flywire_783_mb_left_kc512_s702,743,spectral,fly,local_gradient,51,2.108829293146574,0.3165829145728643,1.6817065573958743
flywire_783_mb_left_kc512_s702,743,spectral,fly,local_gradient,52,2.1379812572096295,0.3165829145728643,1.6817065573958743
flywire_783_mb_left_kc512_s702,743,spectral,fly,local_gradient,53,2.1681122295937794,0.3165829145728643,1.6817065573958743
flywire_783_mb_left_kc512_s702,743,spectral,fly,local_gradient,54,2.1990600358571935,0.3165829145728643,1.6817065573958743
flywire_783_mb_left_kc512_s702,743,spectral,fly,local_gradient,55,2.230754022279258,0.3015075376884422,1.6817065573958743
flywire_783_mb_left_kc512_s702,743,spectral,fly,local_gradient,56,2.2631539405148597,0.3015075376884422,1.6817065573958743
flywire_783_mb_left_kc512_s702,743,spectral,fly,local_gradient,57,2.2961290519477084,0.2964824120603015,1.6817065573958743
flywire_783_mb_left_kc512_s702,743,spectral,fly,local_gradient,58,2.329516695452325,0.2964824120603015,1.6817065573958743
flywire_783_mb_left_kc512_s702,743,spectral,fly,local_gradient,59,2.363223784873981,0.2864321608040201,1.6817065573958743
flywire_783_mb_left_kc512_s702,743,spectral,fly,local_gradient,60,2.3972177293971257,0.2864321608040201,1.6817065573958743
flywire_783_mb_left_kc512_s702,743,spectral,fly,local_gradient,61,2.4315250088948797,0.2864321608040201,1.6817065573958743
flywire_783_mb_left_kc512_s702,743,spectral,fly,local_gradient,62,2.4662617919898135,0.2864321608040201,1.6817065573958743
flywire_783_mb_left_kc512_s702,743,spectral,fly,local_gradient,63,2.5015646947095656,0.2864321608040201,1.6817065573958743
flywire_783_mb_left_kc512_s702,743,spectral,fly,local_gradient,64,2.5374782994544463,0.2864321608040201,1.6817065573958743
flywire_783_mb_left_kc512_s702,743,spectral,fly,local_gradient,65,2.5739439756826266,0.27638190954773867,1.6817065573958743
flywire_783_mb_left_kc512_s702,743,spectral,fly,local_gradient,66,2.6108413376900352,0.27638190954773867,1.6817065573958743
flywire_783_mb_left_kc512_s702,743,spectral,fly,local_gradient,67,2.6480051485130613,0.271356783919598,1.6817065573958743
flywire_783_mb_left_kc512_s702,743,spectral,fly,local_gradient,68,2.6852709316591197,0.2663316582914573,1.6817065573958743
flywire_783_mb_left_kc512_s702,743,spectral,fly,local_gradient,69,2.722545669346973,0.271356783919598,1.6817065573958743
flywire_783_mb_left_kc512_s702,743,spectral,fly,local_gradient,70,2.759812304085956,0.2663316582914573,1.6817065573958743
flywire_783_mb_left_kc512_s702,743,spectral,fly,local_gradient,71,2.797080904522126,0.2663316582914573,1.6817065573958743
flywire_783_mb_left_kc512_s702,743,spectral,fly,local_gradient,72,2.834363282711344,0.2613065326633166,1.6817065573958743
flywire_783_mb_left_kc512_s702,743,spectral,fly,local_gradient,73,2.871663639071403,0.271356783919598,1.6817065573958743
flywire_783_mb_left_kc512_s702,743,spectral,fly,local_gradient,74,2.9089622327954423,0.27638190954773867,1.6817065573958743
flywire_783_mb_left_kc512_s702,743,spectral,fly,local_gradient,75,2.946221360231519,0.27638190954773867,1.6817065573958743
flywire_783_mb_left_kc512_s702,743,spectral,fly,local_gradient,76,2.9834090736770107,0.27638190954773867,1.6817065573958743
flywire_783_mb_left_kc512_s702,743,spectral,fly,local_gradient,77,3.0205000599591765,0.271356783919598,1.6817065573958743
flywire_783_mb_left_kc512_s702,743,spectral,fly,local_gradient,78,3.0574620633279666,0.271356783919598,1.6817065573958743
flywire_783_mb_left_kc512_s702,743,spectral,fly,local_gradient,79,3.094256649337898,0.271356783919598,1.6817065573958743
flywire_783_mb_left_kc512_s702,743,spectral,fly,local_gradient,80,3.1308451315467893,0.271356783919598,1.6817065573958743
flywire_783_mb_left_kc512_s702,743,spectral,fly,local_gradient,81,3.1671906432557084,0.27638190954773867,1.6817065573958743
flywire_783_mb_left_kc512_s702,743,spectral,fly,local_gradient,82,3.203267177605447,0.27638190954773867,1.6817065573958743
flywire_783_mb_left_kc512_s702,743,spectral,fly,local_gradient,83,3.2390673911878793,0.2663316582914573,1.6817065573958743
flywire_783_mb_left_kc512_s702,743,spectral,fly,local_gradient,84,3.27459399717986,0.2613065326633166,1.6817065573958743
flywire_783_mb_left_kc512_s702,743,spectral,fly,local_gradient,85,3.3098465446689223,0.25125628140703515,1.6817065573958743
flywire_783_mb_left_kc512_s702,743,spectral,fly,local_gradient,86,3.3448179789989037,0.24623115577889448,1.6817065573958743
flywire_783_mb_left_kc512_s702,743,spectral,fly,local_gradient,87,3.3794959982161066,0.24623115577889448,1.6817065573958743
flywire_783_mb_left_kc512_s702,743,spectral,fly,local_gradient,88,3.4138658695880073,0.23618090452261306,1.6817065573958743
flywire_783_mb_left_kc512_s702,743,spectral,fly,local_gradient,89,3.4479171889270415,0.23618090452261306,1.6817065573958743
flywire_783_mb_left_kc512_s702,743,spectral,fly,local_gradient,90,3.481648236200196,0.23115577889447236,1.6817065573958743
flywire_783_mb_left_kc512_s702,743,spectral,fly,local_gradient,91,3.5150628525846366,0.23115577889447236,1.6817065573958743
flywire_783_mb_left_kc512_s702,743,spectral,fly,local_gradient,92,3.5481665772839945,0.22613065326633167,1.6817065573958743
flywire_783_mb_left_kc512_s702,743,spectral,fly,local_gradient,93,3.5809668044451755,0.22613065326633167,1.6817065573958743
flywire_783_mb_left_kc512_s702,743,spectral,fly,local_gradient,94,3.6134737717213157,0.22613065326633167,1.6817065573958743
flywire_783_mb_left_kc512_s702,743,spectral,fly,local_gradient,95,3.64570137185209,0.23115577889447236,1.6817065573958743
flywire_783_mb_left_kc512_s702,743,spectral,fly,local_gradient,96,3.6776686137047134,0.23115577889447236,1.6817065573958743
flywire_783_mb_left_kc512_s702,743,spectral,fly,local_gradient,97,3.709398529369356,0.23115577889447236,1.6817065573958743
flywire_783_mb_left_kc512_s702,743,spectral,fly,local_gradient,98,3.740912959491754,0.22613065326633167,1.6817065573958743
flywire_783_mb_left_kc512_s702,743,spectral,fly,local_gradient,99,3.772227585291419,0.22613065326633167,1.6817065573958743
flywire_783_mb_left_kc512_s702,743,spectral,fly,local_gradient,100,3.8033508282527357,0.20603015075376885,1.6817065573958743
flywire_783_mb_left_kc512_s702,743,spectral,fly,permuted_bptt,0,3.2702585062599026,0.11557788944723618,3.2702585062599026
flywire_783_mb_left_kc512_s702,743,spectral,fly,permuted_bptt,1,3.1605928777029884,0.12060301507537688,3.1605928777029884
flywire_783_mb_left_kc512_s702,743,spectral,fly,permuted_bptt,2,3.0951784046732684,0.12562814070351758,3.0951784046732684
flywire_783_mb_left_kc512_s702,743,spectral,fly,permuted_bptt,3,3.0368973995598005,0.1306532663316583,3.0368973995598005
flywire_783_mb_left_kc512_s702,743,spectral,fly,permuted_bptt,4,2.994297554971164,0.1407035175879397,2.994297554971164
flywire_783_mb_left_kc512_s702,743,spectral,fly,permuted_bptt,5,2.9605446979586167,0.1407035175879397,2.9605446979586167
flywire_783_mb_left_kc512_s702,743,spectral,fly,permuted_bptt,6,2.926121943446748,0.1457286432160804,2.926121943446748
flywire_783_mb_left_kc512_s702,743,spectral,fly,permuted_bptt,7,2.8899254802039507,0.1407035175879397,2.8899254802039507
flywire_783_mb_left_kc512_s702,743,spectral,fly,permuted_bptt,8,2.858651899435036,0.1507537688442211,2.858651899435036
flywire_783_mb_left_kc512_s702,743,spectral,fly,permuted_bptt,9,2.8291056574733067,0.16080402010050251,2.8291056574733067
flywire_783_mb_left_kc512_s702,743,spectral,fly,permuted_bptt,10,2.798234451195642,0.1658291457286432,2.798234451195642
flywire_783_mb_left_kc512_s702,743,spectral,fly,permuted_bptt,11,2.7705244843698655,0.1658291457286432,2.7705244843698655
flywire_783_mb_left_kc512_s702,743,spectral,fly,permuted_bptt,12,2.7467417493708526,0.1658291457286432,2.7467417493708526
flywire_783_mb_left_kc512_s702,743,spectral,fly,permuted_bptt,13,2.7230744454246296,0.1658291457286432,2.7230744454246296
flywire_783_mb_left_kc512_s702,743,spectral,fly,permuted_bptt,14,2.699547198778755,0.1708542713567839,2.699547198778755
flywire_783_mb_left_kc512_s702,743,spectral,fly,permuted_bptt,15,2.6774367064553077,0.1708542713567839,2.6774367064553077
flywire_783_mb_left_kc512_s702,743,spectral,fly,permuted_bptt,16,2.656080988301194,0.1658291457286432,2.656080988301194
flywire_783_mb_left_kc512_s702,743,spectral,fly,permuted_bptt,17,2.6350683305250224,0.16080402010050251,2.6350683305250224
flywire_783_mb_left_kc512_s702,743,spectral,fly,permuted_bptt,18,2.6145150594856994,0.1658291457286432,2.6145150594856994
flywire_783_mb_left_kc512_s702,743,spectral,fly,permuted_bptt,19,2.59497695719459,0.1708542713567839,2.59497695719459
flywire_783_mb_left_kc512_s702,743,spectral,fly,permuted_bptt,20,2.5769284786672415,0.18090452261306533,2.5769284786672415
flywire_783_mb_left_kc512_s702,743,spectral,fly,permuted_bptt,21,2.5595560656898955,0.1708542713567839,2.5595560656898955
flywire_783_mb_left_kc512_s702,743,spectral,fly,permuted_bptt,22,2.542566340139133,0.1708542713567839,2.542566340139133
flywire_783_mb_left_kc512_s702,743,spectral,fly,permuted_bptt,23,2.5268919322937515,0.18090452261306533,2.5268919322937515
flywire_783_mb_left_kc512_s702,743,spectral,fly,permuted_bptt,24,2.512259421929394,0.18090452261306533,2.512259421929394
flywire_783_mb_left_kc512_s702,743,spectral,fly,permuted_bptt,25,2.497747414894227,0.19597989949748743,2.497747414894227
flywire_783_mb_left_kc512_s702,743,spectral,fly,permuted_bptt,26,2.4839979059075006,0.19597989949748743,2.4839979059075006
flywire_783_mb_left_kc512_s702,743,spectral,fly,permuted_bptt,27,2.471417320375715,0.20100502512562815,2.471417320375715
flywire_783_mb_left_kc512_s702,743,spectral,fly,permuted_bptt,28,2.4593529664911173,0.20603015075376885,2.4593529664911173
flywire_783_mb_left_kc512_s702,743,spectral,fly,permuted_bptt,29,2.447753483324509,0.20603015075376885,2.447753483324509
flywire_783_mb_left_kc512_s702,743,spectral,fly,permuted_bptt,30,2.4369189717539577,0.23115577889447236,2.4369189717539577
flywire_783_mb_left_kc512_s702,743,spectral,fly,permuted_bptt,31,2.426647494253909,0.22613065326633167,2.426647494253909
flywire_783_mb_left_kc512_s702,743,spectral,fly,permuted_bptt,32,2.4167056042667694,0.22613065326633167,2.4167056042667694
flywire_783_mb_left_kc512_s702,743,spectral,fly,permuted_bptt,33,2.4070848340056585,0.22613065326633167,2.4070848340056585
flywire_783_mb_left_kc512_s702,743,spectral,fly,permuted_bptt,34,2.3978993420405823,0.23618090452261306,2.3978993420405823
flywire_783_mb_left_kc512_s702,743,spectral,fly,permuted_bptt,35,2.3891285005645515,0.23618090452261306,2.3891285005645515
flywire_783_mb_left_kc512_s702,743,spectral,fly,permuted_bptt,36,2.380587762422909,0.24623115577889448,2.380587762422909
flywire_783_mb_left_kc512_s702,743,spectral,fly,permuted_bptt,37,2.3724328130780243,0.24623115577889448,2.3724328130780243
flywire_783_mb_left_kc512_s702,743,spectral,fly,permuted_bptt,38,2.3647810606245865,0.24120603015075376,2.3647810606245865
flywire_783_mb_left_kc512_s702,743,spectral,fly,permuted_bptt,39,2.3573269378403285,0.24120603015075376,2.3573269378403285
flywire_783_mb_left_kc512_s702,743,spectral,fly,permuted_bptt,40,2.350058654818901,0.24120603015075376,2.350058654818901
flywire_783_mb_left_kc512_s702,743,spectral,fly,permuted_bptt,41,2.343133298132579,0.23618090452261306,2.343133298132579
flywire_783_mb_left_kc512_s702,743,spectral,fly,permuted_bptt,42,2.3363612259235147,0.24623115577889448,2.3363612259235147
flywire_783_mb_left_kc512_s702,743,spectral,fly,permuted_bptt,43,2.3297312953938,0.25125628140703515,2.3297312953938
flywire_783_mb_left_kc512_s702,743,spectral,fly,permuted_bptt,44,2.3233905289344796,0.24623115577889448,2.3233905289344796
flywire_783_mb_left_kc512_s702,743,spectral,fly,permuted_bptt,45,2.3172489474736624,0.24623115577889448,2.3172489474736624
flywire_783_mb_left_kc512_s702,743,spectral,fly,permuted_bptt,46,2.3112696691377748,0.24120603015075376,2.3112696691377748
flywire_783_mb_left_kc512_s702,743,spectral,fly,permuted_bptt,47,2.3055051627729037,0.25125628140703515,2.3055051627729037
flywire_783_mb_left_kc512_s702,743,spectral,fly,permuted_bptt,48,2.2999332122896767,0.25125628140703515,2.2999332122896767
flywire_783_mb_left_kc512_s702,743,spectral,fly,permuted_bptt,49,2.294506669995179,0.24623115577889448,2.294506669995179
flywire_783_mb_left_kc512_s702,743,spectral,fly,permuted_bptt,50,2.289224310563191,0.24120603015075376,2.289224310563191
flywire_783_mb_left_kc512_s702,743,spectral,fly,permuted_bptt,51,2.2841303587784383,0.24120603015075376,2.2841303587784383
flywire_783_mb_left_kc512_s702,743,spectral,fly,permuted_bptt,52,2.279178627578503,0.24120603015075376,2.279178627578503
flywire_783_mb_left_kc512_s702,743,spectral,fly,permuted_bptt,53,2.274348236175962,0.25125628140703515,2.274348236175962
flywire_783_mb_left_kc512_s702,743,spectral,fly,permuted_bptt,54,2.2696924187258594,0.25125628140703515,2.2696924187258594
flywire_783_mb_left_kc512_s702,743,spectral,fly,permuted_bptt,55,2.265150685087788,0.25125628140703515,2.265150685087788
flywire_783_mb_left_kc512_s702,743,spectral,fly,permuted_bptt,56,2.2607226628919515,0.2613065326633166,2.2607226628919515
flywire_783_mb_left_kc512_s702,743,spectral,fly,permuted_bptt,57,2.256452386132607,0.2613065326633166,2.256452386132607
flywire_783_mb_left_kc512_s702,743,spectral,fly,permuted_bptt,58,2.2522897135536377,0.2562814070351759,2.2522897135536377
flywire_783_mb_left_kc512_s702,743,spectral,fly,permuted_bptt,59,2.2482418217122055,0.25125628140703515,2.2482418217122055
flywire_783_mb_left_kc512_s702,743,spectral,fly,permuted_bptt,60,2.24431895307718,0.25125628140703515,2.24431895307718
flywire_783_mb_left_kc512_s702,743,spectral,fly,permuted_bptt,61,2.2404912493538034,0.25125628140703515,2.2404912493538034
flywire_783_mb_left_kc512_s702,743,spectral,fly,permuted_bptt,62,2.236759163714317,0.25125628140703515,2.236759163714317
flywire_783_mb_left_kc512_s702,743,spectral,fly,permuted_bptt,63,2.2331276045103166,0.25125628140703515,2.2331276045103166
flywire_783_mb_left_kc512_s702,743,spectral,fly,permuted_bptt,64,2.2295888203070127,0.25125628140703515,2.2295888203070127
flywire_783_mb_left_kc512_s702,743,spectral,fly,permuted_bptt,65,2.2261353902332375,0.25125628140703515,2.2261353902332375
flywire_783_mb_left_kc512_s702,743,spectral,fly,permuted_bptt,66,2.222779120062442,0.24623115577889448,2.222779120062442
flywire_783_mb_left_kc512_s702,743,spectral,fly,permuted_bptt,67,2.2195061524489033,0.25125628140703515,2.2195061524489033
flywire_783_mb_left_kc512_s702,743,spectral,fly,permuted_bptt,68,2.2163085869149546,0.25125628140703515,2.2163085869149546
flywire_783_mb_left_kc512_s702,743,spectral,fly,permuted_bptt,69,2.213198074598151,0.2562814070351759,2.213198074598151
flywire_783_mb_left_kc512_s702,743,spectral,fly,permuted_bptt,70,2.210155207833265,0.2613065326633166,2.210155207833265
flywire_783_mb_left_kc512_s702,743,spectral,fly,permuted_bptt,71,2.207185071392302,0.2613065326633166,2.207185071392302
flywire_783_mb_left_kc512_s702,743,spectral,fly,permuted_bptt,72,2.2042909516844458,0.2663316582914573,2.2042909516844458
flywire_783_mb_left_kc512_s702,743,spectral,fly,permuted_bptt,73,2.201461552471412,0.271356783919598,2.201461552471412
flywire_783_mb_left_kc512_s702,743,spectral,fly,permuted_bptt,74,2.1987020096915244,0.2814070351758794,2.1987020096915244
flywire_783_mb_left_kc512_s702,743,spectral,fly,permuted_bptt,75,2.1960067463870137,0.2814070351758794,2.1960067463870137
flywire_783_mb_left_kc512_s702,743,spectral,fly,permuted_bptt,76,2.1933705152349705,0.27638190954773867,2.1933705152349705
flywire_783_mb_left_kc512_s702,743,spectral,fly,permuted_bptt,77,2.1907939790683906,0.2814070351758794,2.1907939790683906
flywire_783_mb_left_kc512_s702,743,spectral,fly,permuted_bptt,78,2.188276045523339,0.2864321608040201,2.188276045523339
flywire_783_mb_left_kc512_s702,743,spectral,fly,permuted_bptt,79,2.185812252744656,0.2914572864321608,2.185812252744656
flywire_783_mb_left_kc512_s702,743,spectral,fly,permuted_bptt,80,2.183405508873979,0.2964824120603015,2.183405508873979
flywire_783_mb_left_kc512_s702,743,spectral,fly,permuted_bptt,81,2.18105313115525,0.2964824120603015,2.18105313115525
flywire_783_mb_left_kc512_s702,743,spectral,fly,permuted_bptt,82,2.1787511231726886,0.2964824120603015,2.1787511231726886
flywire_783_mb_left_kc512_s702,743,spectral,fly,permuted_bptt,83,2.176501549901898,0.2914572864321608,2.176501549901898
flywire_783_mb_left_kc512_s702,743,spectral,fly,permuted_bptt,84,2.1742982291467094,0.2914572864321608,2.1742982291467094
flywire_783_mb_left_kc512_s702,743,spectral,fly,permuted_bptt,85,2.172142624101794,0.2964824120603015,2.172142624101794
flywire_783_mb_left_kc512_s702,743,spectral,fly,permuted_bptt,86,2.1700337164783283,0.2964824120603015,2.1700337164783283
flywire_783_mb_left_kc512_s702,743,spectral,fly,permuted_bptt,87,2.167968713423259,0.2964824120603015,2.167968713423259
flywire_783_mb_left_kc512_s702,743,spectral,fly,permuted_bptt,88,2.165947924259943,0.3015075376884422,2.165947924259943
flywire_783_mb_left_kc512_s702,743,spectral,fly,permuted_bptt,89,2.163968991394654,0.3015075376884422,2.163968991394654
flywire_783_mb_left_kc512_s702,743,spectral,fly,permuted_bptt,90,2.1620303509395584,0.2964824120603015,2.1620303509395584
flywire_783_mb_left_kc512_s702,743,spectral,fly,permuted_bptt,91,2.160131625935979,0.3015075376884422,2.160131625935979
flywire_783_mb_left_kc512_s702,743,spectral,fly,permuted_bptt,92,2.1582709804451077,0.3065326633165829,2.1582709804451077
flywire_783_mb_left_kc512_s702,743,spectral,fly,permuted_bptt,93,2.1564471497743503,0.3065326633165829,2.1564471497743503
flywire_783_mb_left_kc512_s702,743,spectral,fly,permuted_bptt,94,2.1546599371882516,0.31155778894472363,2.1546599371882516
flywire_783_mb_left_kc512_s702,743,spectral,fly,permuted_bptt,95,2.1529067701050577,0.3165829145728643,2.1529067701050577
flywire_783_mb_left_kc512_s702,743,spectral,fly,permuted_bptt,96,2.1511878309367334,0.3165829145728643,2.1511878309367334
flywire_783_mb_left_kc512_s702,743,spectral,fly,permuted_bptt,97,2.149501216220226,0.3165829145728643,2.149501216220226
flywire_783_mb_left_kc512_s702,743,spectral,fly,permuted_bptt,98,2.14784605478468,0.3165829145728643,2.14784605478468
flywire_783_mb_left_kc512_s702,743,spectral,fly,permuted_bptt,99,2.146221877874915,0.3165829145728643,2.146221877874915
flywire_783_mb_left_kc512_s702,743,spectral,fly,permuted_bptt,100,2.1446273101162836,0.3165829145728643,2.1446273101162836
flywire_783_mb_left_kc512_s702,743,spectral,role_shuffled,frozen,0,1.6608364073640813,0.39195979899497485,1.6608364073640813
flywire_783_mb_left_kc512_s702,743,spectral,role_shuffled,full_bptt,0,1.6608364073640813,0.39195979899497485,1.6608364073640813
flywire_783_mb_left_kc512_s702,743,spectral,role_shuffled,full_bptt,1,1.6777715624101714,0.41708542713567837,1.6608364073640813
flywire_783_mb_left_kc512_s702,743,spectral,role_shuffled,full_bptt,2,1.6837800325718424,0.38190954773869346,1.6608364073640813
flywire_783_mb_left_kc512_s702,743,spectral,role_shuffled,full_bptt,3,1.6683743386312486,0.4020100502512563,1.6608364073640813
flywire_783_mb_left_kc512_s702,743,spectral,role_shuffled,full_bptt,4,1.6703116380991039,0.4120603015075377,1.6608364073640813
flywire_783_mb_left_kc512_s702,743,spectral,role_shuffled,full_bptt,5,1.6662854542075394,0.4221105527638191,1.6608364073640813
flywire_783_mb_left_kc512_s702,743,spectral,role_shuffled,full_bptt,6,1.6637513061990352,0.4120603015075377,1.6608364073640813
flywire_783_mb_left_kc512_s702,743,spectral,role_shuffled,full_bptt,7,1.6644165368358412,0.3768844221105528,1.6608364073640813
flywire_783_mb_left_kc512_s702,743,spectral,role_shuffled,full_bptt,8,1.6633586077426608,0.3768844221105528,1.6608364073640813
flywire_783_mb_left_kc512_s702,743,spectral,role_shuffled,full_bptt,9,1.6605960190227942,0.39195979899497485,1.6605960190227942
flywire_783_mb_left_kc512_s702,743,spectral,role_shuffled,full_bptt,10,1.6594685143963133,0.4120603015075377,1.6594685143963133
flywire_783_mb_left_kc512_s702,743,spectral,role_shuffled,full_bptt,11,1.6595311951575553,0.4120603015075377,1.6594685143963133
flywire_783_mb_left_kc512_s702,743,spectral,role_shuffled,full_bptt,12,1.6584890445627358,0.3969849246231156,1.6584890445627358
flywire_783_mb_left_kc512_s702,743,spectral,role_shuffled,full_bptt,13,1.6568696078007734,0.3969849246231156,1.6568696078007734
flywire_783_mb_left_kc512_s702,743,spectral,role_shuffled,full_bptt,14,1.656776784235268,0.39195979899497485,1.656776784235268
flywire_783_mb_left_kc512_s702,743,spectral,role_shuffled,full_bptt,15,1.6572594514618748,0.3969849246231156,1.656776784235268
flywire_783_mb_left_kc512_s702,743,spectral,role_shuffled,full_bptt,16,1.6564868981951808,0.3969849246231156,1.6564868981951808
flywire_783_mb_left_kc512_s702,743,spectral,role_shuffled,full_bptt,17,1.655085609006878,0.4120603015075377,1.655085609006878
flywire_783_mb_left_kc512_s702,743,spectral,role_shuffled,full_bptt,18,1.6544985852930645,0.4120603015075377,1.6544985852930645
flywire_783_mb_left_kc512_s702,743,spectral,role_shuffled,full_bptt,19,1.6545298250977751,0.4221105527638191,1.6544985852930645
flywire_783_mb_left_kc512_s702,743,spectral,role_shuffled,full_bptt,20,1.6540617924603225,0.40703517587939697,1.6540617924603225
flywire_783_mb_left_kc512_s702,743,spectral,role_shuffled,full_bptt,21,1.6533944042592712,0.4120603015075377,1.6533944042592712
flywire_783_mb_left_kc512_s702,743,spectral,role_shuffled,full_bptt,22,1.6533740694119576,0.4020100502512563,1.6533740694119576
flywire_783_mb_left_kc512_s702,743,spectral,role_shuffled,full_bptt,23,1.6533693811896637,0.40703517587939697,1.6533693811896637
flywire_783_mb_left_kc512_s702,743,spectral,role_shuffled,full_bptt,24,1.6524839963821274,0.4020100502512563,1.6524839963821274
flywire_783_mb_left_kc512_s702,743,spectral,role_shuffled,full_bptt,25,1.6516613849086093,0.3869346733668342,1.6516613849086093
flywire_783_mb_left_kc512_s702,743,spectral,role_shuffled,full_bptt,26,1.651847188805201,0.4020100502512563,1.6516613849086093
flywire_783_mb_left_kc512_s702,743,spectral,role_shuffled,full_bptt,27,1.652036133330481,0.40703517587939697,1.6516613849086093
flywire_783_mb_left_kc512_s702,743,spectral,role_shuffled,full_bptt,28,1.651378353874224,0.4120603015075377,1.651378353874224
flywire_783_mb_left_kc512_s702,743,spectral,role_shuffled,full_bptt,29,1.6507053329169248,0.4221105527638191,1.6507053329169248
flywire_783_mb_left_kc512_s702,743,spectral,role_shuffled,full_bptt,30,1.6506637317434407,0.4120603015075377,1.6506637317434407
flywire_783_mb_left_kc512_s702,743,spectral,role_shuffled,full_bptt,31,1.6506979196208276,0.4120603015075377,1.6506637317434407
flywire_783_mb_left_kc512_s702,743,spectral,role_shuffled,full_bptt,32,1.6503562558109965,0.4120603015075377,1.6503562558109965
flywire_783_mb_left_kc512_s702,743,spectral,role_shuffled,full_bptt,33,1.6498935328135784,0.41708542713567837,1.6498935328135784
flywire_783_mb_left_kc512_s702,743,spectral,role_shuffled,full_bptt,34,1.6496327159698778,0.41708542713567837,1.6496327159698778
flywire_783_mb_left_kc512_s702,743,spectral,role_shuffled,full_bptt,35,1.649533599746315,0.41708542713567837,1.649533599746315
flywire_783_mb_left_kc512_s702,743,spectral,role_shuffled,full_bptt,36,1.649369769912504,0.4120603015075377,1.649369769912504
flywire_783_mb_left_kc512_s702,743,spectral,role_shuffled,full_bptt,37,1.6490884123022602,0.4120603015075377,1.6490884123022602
flywire_783_mb_left_kc512_s702,743,spectral,role_shuffled,full_bptt,38,1.6487907969833413,0.4120603015075377,1.6487907969833413
flywire_783_mb_left_kc512_s702,743,spectral,role_shuffled,full_bptt,39,1.6485503576963094,0.40703517587939697,1.6485503576963094
flywire_783_mb_left_kc512_s702,743,spectral,role_shuffled,full_bptt,40,1.648425676622087,0.4120603015075377,1.648425676622087
flywire_783_mb_left_kc512_s702,743,spectral,role_shuffled,full_bptt,41,1.648294476083965,0.4120603015075377,1.648294476083965
flywire_783_mb_left_kc512_s702,743,spectral,role_shuffled,full_bptt,42,1.6479857749318847,0.41708542713567837,1.6479857749318847
flywire_783_mb_left_kc512_s702,743,spectral,role_shuffled,full_bptt,43,1.6476927825482637,0.41708542713567837,1.6476927825482637
flywire_783_mb_left_kc512_s702,743,spectral,role_shuffled,full_bptt,44,1.6475872058005543,0.41708542713567837,1.6475872058005543
flywire_783_mb_left_kc512_s702,743,spectral,role_shuffled,full_bptt,45,1.6474440238554273,0.41708542713567837,1.6474440238554273
flywire_783_mb_left_kc512_s702,743,spectral,role_shuffled,full_bptt,46,1.6471789857265506,0.4120603015075377,1.6471789857265506
flywire_783_mb_left_kc512_s702,743,spectral,role_shuffled,full_bptt,47,1.6469754106900925,0.4120603015075377,1.6469754106900925
flywire_783_mb_left_kc512_s702,743,spectral,role_shuffled,full_bptt,48,1.6468213973821826,0.40703517587939697,1.6468213973821826
flywire_783_mb_left_kc512_s702,743,spectral,role_shuffled,full_bptt,49,1.6466163988564992,0.40703517587939697,1.6466163988564992
flywire_783_mb_left_kc512_s702,743,spectral,role_shuffled,full_bptt,50,1.6464136391473232,0.4120603015075377,1.6464136391473232
flywire_783_mb_left_kc512_s702,743,spectral,role_shuffled,full_bptt,51,1.6462494339941107,0.41708542713567837,1.6462494339941107
flywire_783_mb_left_kc512_s702,743,spectral,role_shuffled,full_bptt,52,1.6460659991209834,0.41708542713567837,1.6460659991209834
flywire_783_mb_left_kc512_s702,743,spectral,role_shuffled,full_bptt,53,1.645859881028074,0.41708542713567837,1.645859881028074
flywire_783_mb_left_kc512_s702,743,spectral,role_shuffled,full_bptt,54,1.6456914799307008,0.40703517587939697,1.6456914799307008
flywire_783_mb_left_kc512_s702,743,spectral,role_shuffled,full_bptt,55,1.6455362756383305,0.40703517587939697,1.6455362756383305
flywire_783_mb_left_kc512_s702,743,spectral,role_shuffled,full_bptt,56,1.6453422033359182,0.40703517587939697,1.6453422033359182
flywire_783_mb_left_kc512_s702,743,spectral,role_shuffled,full_bptt,57,1.645157594917789,0.4120603015075377,1.645157594917789
flywire_783_mb_left_kc512_s702,743,spectral,role_shuffled,full_bptt,58,1.6449973306604655,0.4120603015075377,1.6449973306604655
flywire_783_mb_left_kc512_s702,743,spectral,role_shuffled,full_bptt,59,1.644819393719712,0.4120603015075377,1.644819393719712
flywire_783_mb_left_kc512_s702,743,spectral,role_shuffled,full_bptt,60,1.6446451429113231,0.4120603015075377,1.6446451429113231
flywire_783_mb_left_kc512_s702,743,spectral,role_shuffled,full_bptt,61,1.6444841904447998,0.4120603015075377,1.6444841904447998
flywire_783_mb_left_kc512_s702,743,spectral,role_shuffled,full_bptt,62,1.6443168515632245,0.4120603015075377,1.6443168515632245
flywire_783_mb_left_kc512_s702,743,spectral,role_shuffled,full_bptt,63,1.6441493486561876,0.41708542713567837,1.6441493486561876
flywire_783_mb_left_kc512_s702,743,spectral,role_shuffled,full_bptt,64,1.6439785405362937,0.41708542713567837,1.6439785405362937
flywire_783_mb_left_kc512_s702,743,spectral,role_shuffled,full_bptt,65,1.6438094754603856,0.4120603015075377,1.6438094754603856
flywire_783_mb_left_kc512_s702,743,spectral,role_shuffled,full_bptt,66,1.6436560286661406,0.4120603015075377,1.6436560286661406
flywire_783_mb_left_kc512_s702,743,spectral,role_shuffled,full_bptt,67,1.6435004130796522,0.4120603015075377,1.6435004130796522
flywire_783_mb_left_kc512_s702,743,spectral,role_shuffled,full_bptt,68,1.6433303354974436,0.4120603015075377,1.6433303354974436
flywire_783_mb_left_kc512_s702,743,spectral,role_shuffled,full_bptt,69,1.6431678109023968,0.41708542713567837,1.6431678109023968
flywire_783_mb_left_kc512_s702,743,spectral,role_shuffled,full_bptt,70,1.6430193884586601,0.41708542713567837,1.6430193884586601
flywire_783_mb_left_kc512_s702,743,spectral,role_shuffled,full_bptt,71,1.6428607597605316,0.41708542713567837,1.6428607597605316
flywire_783_mb_left_kc512_s702,743,spectral,role_shuffled,full_bptt,72,1.6426977415561743,0.4120603015075377,1.6426977415561743
flywire_783_mb_left_kc512_s702,743,spectral,role_shuffled,full_bptt,73,1.6425480357418112,0.4120603015075377,1.6425480357418112
flywire_783_mb_left_kc512_s702,743,spectral,role_shuffled,full_bptt,74,1.642396218764282,0.4120603015075377,1.642396218764282
flywire_783_mb_left_kc512_s702,743,spectral,role_shuffled,full_bptt,75,1.6422407410981321,0.4120603015075377,1.6422407410981321
flywire_783_mb_left_kc512_s702,743,spectral,role_shuffled,full_bptt,76,1.642090534294225,0.4120603015075377,1.642090534294225
flywire_783_mb_left_kc512_s702,743,spectral,role_shuffled,full_bptt,77,1.6419398666589424,0.41708542713567837,1.6419398666589424
flywire_783_mb_left_kc512_s702,743,spectral,role_shuffled,full_bptt,78,1.6417902084238603,0.41708542713567837,1.6417902084238603
flywire_783_mb_left_kc512_s702,743,spectral,role_shuffled,full_bptt,79,1.641642849481022,0.41708542713567837,1.641642849481022
flywire_783_mb_left_kc512_s702,743,spectral,role_shuffled,full_bptt,80,1.6414949603896645,0.41708542713567837,1.6414949603896645
flywire_783_mb_left_kc512_s702,743,spectral,role_shuffled,full_bptt,81,1.641348289733895,0.41708542713567837,1.641348289733895
flywire_783_mb_left_kc512_s702,743,spectral,role_shuffled,full_bptt,82,1.6412039900064057,0.41708542713567837,1.6412039900064057
flywire_783_mb_left_kc512_s702,743,spectral,role_shuffled,full_bptt,83,1.6410596368603345,0.41708542713567837,1.6410596368603345
flywire_783_mb_left_kc512_s702,743,spectral,role_shuffled,full_bptt,84,1.6409157002155688,0.41708542713567837,1.6409157002155688
flywire_783_mb_left_kc512_s702,743,spectral,role_shuffled,full_bptt,85,1.640773706063079,0.41708542713567837,1.640773706063079
flywire_783_mb_left_kc512_s702,743,spectral,role_shuffled,full_bptt,86,1.6406322585241393,0.41708542713567837,1.6406322585241393
flywire_783_mb_left_kc512_s702,743,spectral,role_shuffled,full_bptt,87,1.6404924122848108,0.41708542713567837,1.6404924122848108
flywire_783_mb_left_kc512_s702,743,spectral,role_shuffled,full_bptt,88,1.6403526357859033,0.41708542713567837,1.6403526357859033
flywire_783_mb_left_kc512_s702,743,spectral,role_shuffled,full_bptt,89,1.6402132736253783,0.41708542713567837,1.6402132736253783
flywire_783_mb_left_kc512_s702,743,spectral,role_shuffled,full_bptt,90,1.640076977542258,0.41708542713567837,1.640076977542258
flywire_783_mb_left_kc512_s702,743,spectral,role_shuffled,full_bptt,91,1.6399402164452364,0.41708542713567837,1.6399402164452364
flywire_783_mb_left_kc512_s702,743,spectral,role_shuffled,full_bptt,92,1.6398033789778343,0.41708542713567837,1.6398033789778343
flywire_783_mb_left_kc512_s702,743,spectral,role_shuffled,full_bptt,93,1.63966912344396,0.41708542713567837,1.63966912344396
flywire_783_mb_left_kc512_s702,743,spectral,role_shuffled,full_bptt,94,1.6395354691245507,0.41708542713567837,1.6395354691245507
flywire_783_mb_left_kc512_s702,743,spectral,role_shuffled,full_bptt,95,1.6394018917118536,0.41708542713567837,1.6394018917118536
flywire_783_mb_left_kc512_s702,743,spectral,role_shuffled,full_bptt,96,1.6392698937878463,0.41708542713567837,1.6392698937878463
flywire_783_mb_left_kc512_s702,743,spectral,role_shuffled,full_bptt,97,1.639138605052653,0.41708542713567837,1.639138605052653
flywire_783_mb_left_kc512_s702,743,spectral,role_shuffled,full_bptt,98,1.639007805986491,0.41708542713567837,1.639007805986491
flywire_783_mb_left_kc512_s702,743,spectral,role_shuffled,full_bptt,99,1.6388783403234315,0.41708542713567837,1.6388783403234315
flywire_783_mb_left_kc512_s702,743,spectral,role_shuffled,full_bptt,100,1.6387495154962313,0.41708542713567837,1.6387495154962313
flywire_783_mb_left_kc512_s702,743,spectral,role_shuffled,local_gradient,0,1.6608364073640813,0.39195979899497485,1.6608364073640813
flywire_783_mb_left_kc512_s702,743,spectral,role_shuffled,local_gradient,1,1.6814346158272817,0.36683417085427134,1.6608364073640813
flywire_783_mb_left_kc512_s702,743,spectral,role_shuffled,local_gradient,2,1.683214763748798,0.3869346733668342,1.6608364073640813
flywire_783_mb_left_kc512_s702,743,spectral,role_shuffled,local_gradient,3,1.674115310200791,0.38190954773869346,1.6608364073640813
flywire_783_mb_left_kc512_s702,743,spectral,role_shuffled,local_gradient,4,1.6839214619767529,0.3768844221105528,1.6608364073640813
flywire_783_mb_left_kc512_s702,743,spectral,role_shuffled,local_gradient,5,1.6813727199917985,0.3768844221105528,1.6608364073640813
flywire_783_mb_left_kc512_s702,743,spectral,role_shuffled,local_gradient,6,1.6711418313909239,0.38190954773869346,1.6608364073640813
flywire_783_mb_left_kc512_s702,743,spectral,role_shuffled,local_gradient,7,1.6726637151472512,0.3768844221105528,1.6608364073640813
flywire_783_mb_left_kc512_s702,743,spectral,role_shuffled,local_gradient,8,1.6787329825350619,0.39195979899497485,1.6608364073640813
flywire_783_mb_left_kc512_s702,743,spectral,role_shuffled,local_gradient,9,1.6769096411934932,0.3969849246231156,1.6608364073640813
flywire_783_mb_left_kc512_s702,743,spectral,role_shuffled,local_gradient,10,1.6744558145308108,0.39195979899497485,1.6608364073640813
flywire_783_mb_left_kc512_s702,743,spectral,role_shuffled,local_gradient,11,1.6774856933615134,0.37185929648241206,1.6608364073640813
flywire_783_mb_left_kc512_s702,743,spectral,role_shuffled,local_gradient,12,1.6812376259789767,0.3768844221105528,1.6608364073640813
flywire_783_mb_left_kc512_s702,743,spectral,role_shuffled,local_gradient,13,1.6810678321811292,0.3768844221105528,1.6608364073640813
flywire_783_mb_left_kc512_s702,743,spectral,role_shuffled,local_gradient,14,1.6788855627387071,0.3768844221105528,1.6608364073640813
flywire_783_mb_left_kc512_s702,743,spectral,role_shuffled,local_gradient,15,1.6783454536108822,0.39195979899497485,1.6608364073640813
flywire_783_mb_left_kc512_s702,743,spectral,role_shuffled,local_gradient,16,1.6809418929920585,0.3869346733668342,1.6608364073640813
flywire_783_mb_left_kc512_s702,743,spectral,role_shuffled,local_gradient,17,1.6864775275423727,0.38190954773869346,1.6608364073640813
flywire_783_mb_left_kc512_s702,743,spectral,role_shuffled,local_gradient,18,1.6944663207615163,0.3869346733668342,1.6608364073640813
flywire_783_mb_left_kc512_s702,743,spectral,role_shuffled,local_gradient,19,1.7039348392981044,0.36683417085427134,1.6608364073640813
flywire_783_mb_left_kc512_s702,743,spectral,role_shuffled,local_gradient,20,1.7139061264189637,0.34673366834170855,1.6608364073640813
flywire_783_mb_left_kc512_s702,743,spectral,role_shuffled,local_gradient,21,1.7252475958035676,0.33668341708542715,1.6608364073640813
flywire_783_mb_left_kc512_s702,743,spectral,role_shuffled,local_gradient,22,1.7403623403004465,0.33668341708542715,1.6608364073640813
flywire_783_mb_left_kc512_s702,743,spectral,role_shuffled,local_gradient,23,1.7614280673577045,0.35175879396984927,1.6608364073640813
flywire_783_mb_left_kc512_s702,743,spectral,role_shuffled,local_gradient,24,1.7895915037454682,0.35678391959798994,1.6608364073640813
flywire_783_mb_left_kc512_s702,743,spectral,role_shuffled,local_gradient,25,1.8250840975158433,0.35678391959798994,1.6608364073640813
flywire_783_mb_left_kc512_s702,743,spectral,role_shuffled,local_gradient,26,1.867444060880594,0.3417085427135678,1.6608364073640813
flywire_783_mb_left_kc512_s702,743,spectral,role_shuffled,local_gradient,27,1.9156887910958422,0.32160804020100503,1.6608364073640813
flywire_783_mb_left_kc512_s702,743,spectral,role_shuffled,local_gradient,28,1.9686873046511457,0.32160804020100503,1.6608364073640813
flywire_783_mb_left_kc512_s702,743,spectral,role_shuffled,local_gradient,29,2.0259223366003325,0.32160804020100503,1.6608364073640813
flywire_783_mb_left_kc512_s702,743,spectral,role_shuffled,local_gradient,30,2.0880439476441035,0.32663316582914576,1.6608364073640813
flywire_783_mb_left_kc512_s702,743,spectral,role_shuffled,local_gradient,31,2.156464061398278,0.3065326633165829,1.6608364073640813
flywire_783_mb_left_kc512_s702,743,spectral,role_shuffled,local_gradient,32,2.2325829339852703,0.2914572864321608,1.6608364073640813
flywire_783_mb_left_kc512_s702,743,spectral,role_shuffled,local_gradient,33,2.3175375515024035,0.271356783919598,1.6608364073640813
flywire_783_mb_left_kc512_s702,743,spectral,role_shuffled,local_gradient,34,2.412182071608319,0.271356783919598,1.6608364073640813
flywire_783_mb_left_kc512_s702,743,spectral,role_shuffled,local_gradient,35,2.5167255249406097,0.2613065326633166,1.6608364073640813
flywire_783_mb_left_kc512_s702,743,spectral,role_shuffled,local_gradient,36,2.6300887875009664,0.25125628140703515,1.6608364073640813
flywire_783_mb_left_kc512_s702,743,spectral,role_shuffled,local_gradient,37,2.7491526453304207,0.25125628140703515,1.6608364073640813
flywire_783_mb_left_kc512_s702,743,spectral,role_shuffled,local_gradient,38,2.868248169887415,0.24623115577889448,1.6608364073640813
flywire_783_mb_left_kc512_s702,743,spectral,role_shuffled,local_gradient,39,2.980597162629549,0.24120603015075376,1.6608364073640813
flywire_783_mb_left_kc512_s702,743,spectral,role_shuffled,local_gradient,40,3.0827084611933606,0.24623115577889448,1.6608364073640813
flywire_783_mb_left_kc512_s702,743,spectral,role_shuffled,local_gradient,41,3.1772030408373517,0.23115577889447236,1.6608364073640813
flywire_783_mb_left_kc512_s702,743,spectral,role_shuffled,local_gradient,42,3.27009889899644,0.23115577889447236,1.6608364073640813
flywire_783_mb_left_kc512_s702,743,spectral,role_shuffled,local_gradient,43,3.366624173408968,0.23115577889447236,1.6608364073640813
flywire_783_mb_left_kc512_s702,743,spectral,role_shuffled,local_gradient,44,3.470201153393979,0.23115577889447236,1.6608364073640813
flywire_783_mb_left_kc512_s702,743,spectral,role_shuffled,local_gradient,45,3.583462140124776,0.23115577889447236,1.6608364073640813
flywire_783_mb_left_kc512_s702,743,spectral,role_shuffled,local_gradient,46,3.708139886695061,0.23618090452261306,1.6608364073640813
flywire_783_mb_left_kc512_s702,743,spectral,role_shuffled,local_gradient,47,3.8432445384810374,0.24120603015075376,1.6608364073640813
flywire_783_mb_left_kc512_s702,743,spectral,role_shuffled,local_gradient,48,3.983194527050287,0.24120603015075376,1.6608364073640813
flywire_783_mb_left_kc512_s702,743,spectral,role_shuffled,local_gradient,49,4.118339992393403,0.24120603015075376,1.6608364073640813
flywire_783_mb_left_kc512_s702,743,spectral,role_shuffled,local_gradient,50,4.2398329817494025,0.24623115577889448,1.6608364073640813
flywire_783_mb_left_kc512_s702,743,spectral,role_shuffled,local_gradient,51,4.3457082467835235,0.23115577889447236,1.6608364073640813
flywire_783_mb_left_kc512_s702,743,spectral,role_shuffled,local_gradient,52,4.441510077999633,0.21105527638190955,1.6608364073640813
flywire_783_mb_left_kc512_s702,743,spectral,role_shuffled,local_gradient,53,4.535508646449783,0.20603015075376885,1.6608364073640813
flywire_783_mb_left_kc512_s702,743,spectral,role_shuffled,local_gradient,54,4.63410136201374,0.20603015075376885,1.6608364073640813
flywire_783_mb_left_kc512_s702,743,spectral,role_shuffled,local_gradient,55,4.740755312613028,0.20603015075376885,1.6608364073640813
flywire_783_mb_left_kc512_s702,743,spectral,role_shuffled,local_gradient,56,4.857136010227121,0.20603015075376885,1.6608364073640813
flywire_783_mb_left_kc512_s702,743,spectral,role_shuffled,local_gradient,57,4.9834848756722305,0.20100502512562815,1.6608364073640813
flywire_783_mb_left_kc512_s702,743,spectral,role_shuffled,local_gradient,58,5.1176525029256705,0.19597989949748743,1.6608364073640813
flywire_783_mb_left_kc512_s702,743,spectral,role_shuffled,local_gradient,59,5.254524964586017,0.20100502512562815,1.6608364073640813
flywire_783_mb_left_kc512_s702,743,spectral,role_shuffled,local_gradient,60,5.387487133055308,0.20100502512562815,1.6608364073640813
flywire_783_mb_left_kc512_s702,743,spectral,role_shuffled,local_gradient,61,5.511499481635552,0.19095477386934673,1.6608364073640813
flywire_783_mb_left_kc512_s702,743,spectral,role_shuffled,local_gradient,62,5.625427124094633,0.19095477386934673,1.6608364073640813
flywire_783_mb_left_kc512_s702,743,spectral,role_shuffled,local_gradient,63,5.731934461057452,0.19597989949748743,1.6608364073640813
flywire_783_mb_left_kc512_s702,743,spectral,role_shuffled,local_gradient,64,5.8355643578773275,0.19597989949748743,1.6608364073640813
flywire_783_mb_left_kc512_s702,743,spectral,role_shuffled,local_gradient,65,5.94066395634104,0.19597989949748743,1.6608364073640813
flywire_783_mb_left_kc512_s702,743,spectral,role_shuffled,local_gradient,66,6.050273059170276,0.19597989949748743,1.6608364073640813
flywire_783_mb_left_kc512_s702,743,spectral,role_shuffled,local_gradient,67,6.16594956374094,0.20100502512562815,1.6608364073640813
flywire_783_mb_left_kc512_s702,743,spectral,role_shuffled,local_gradient,68,6.287780855935022,0.20100502512562815,1.6608364073640813
flywire_783_mb_left_kc512_s702,743,spectral,role_shuffled,local_gradient,69,6.414188518246233,0.19597989949748743,1.6608364073640813
flywire_783_mb_left_kc512_s702,743,spectral,role_shuffled,local_gradient,70,6.541974981019546,0.19095477386934673,1.6608364073640813
flywire_783_mb_left_kc512_s702,743,spectral,role_shuffled,local_gradient,71,6.667250122153442,0.19095477386934673,1.6608364073640813
flywire_783_mb_left_kc512_s702,743,spectral,role_shuffled,local_gradient,72,6.787041760963321,0.20100502512562815,1.6608364073640813
flywire_783_mb_left_kc512_s702,743,spectral,role_shuffled,local_gradient,73,6.900524996315215,0.20100502512562815,1.6608364073640813
flywire_783_mb_left_kc512_s702,743,spectral,role_shuffled,local_gradient,74,7.009100152933645,0.19597989949748743,1.6608364073640813
flywire_783_mb_left_kc512_s702,743,spectral,role_shuffled,local_gradient,75,7.115533889719724,0.19095477386934673,1.6608364073640813
flywire_783_mb_left_kc512_s702,743,spectral,role_shuffled,local_gradient,76,7.222860305155975,0.19095477386934673,1.6608364073640813
flywire_783_mb_left_kc512_s702,743,spectral,role_shuffled,local_gradient,77,7.3335468368835395,0.18592964824120603,1.6608364073640813
flywire_783_mb_left_kc512_s702,743,spectral,role_shuffled,local_gradient,78,7.449016279855482,0.18592964824120603,1.6608364073640813
flywire_783_mb_left_kc512_s702,743,spectral,role_shuffled,local_gradient,79,7.569324458412502,0.18090452261306533,1.6608364073640813
flywire_783_mb_left_kc512_s702,743,spectral,role_shuffled,local_gradient,80,7.6928854573701395,0.17587939698492464,1.6608364073640813
flywire_783_mb_left_kc512_s702,743,spectral,role_shuffled,local_gradient,81,7.816526050757029,0.17587939698492464,1.6608364073640813
flywire_783_mb_left_kc512_s702,743,spectral,role_shuffled,local_gradient,82,7.936290692943199,0.1708542713567839,1.6608364073640813
flywire_783_mb_left_kc512_s702,743,spectral,role_shuffled,local_gradient,83,8.04894566522801,0.18090452261306533,1.6608364073640813
flywire_783_mb_left_kc512_s702,743,spectral,role_shuffled,local_gradient,84,8.153423207026542,0.17587939698492464,1.6608364073640813
flywire_783_mb_left_kc512_s702,743,spectral,role_shuffled,local_gradient,85,8.25131083886157,0.1708542713567839,1.6608364073640813
flywire_783_mb_left_kc512_s702,743,spectral,role_shuffled,local_gradient,86,8.346151998991392,0.1658291457286432,1.6608364073640813
flywire_783_mb_left_kc512_s702,743,spectral,role_shuffled,local_gradient,87,8.442106219626545,0.1658291457286432,1.6608364073640813
flywire_783_mb_left_kc512_s702,743,spectral,role_shuffled,local_gradient,88,8.542737844277024,0.16080402010050251,1.6608364073640813
flywire_783_mb_left_kc512_s702,743,spectral,role_shuffled,local_gradient,89,8.65031962652682,0.16080402010050251,1.6608364073640813
flywire_783_mb_left_kc512_s702,743,spectral,role_shuffled,local_gradient,90,8.765507058163093,0.15577889447236182,1.6608364073640813
flywire_783_mb_left_kc512_s702,743,spectral,role_shuffled,local_gradient,91,8.887110785469313,0.15577889447236182,1.6608364073640813
flywire_783_mb_left_kc512_s702,743,spectral,role_shuffled,local_gradient,92,9.012043749453552,0.15577889447236182,1.6608364073640813
flywire_783_mb_left_kc512_s702,743,spectral,role_shuffled,local_gradient,93,9.135838466884382,0.15577889447236182,1.6608364073640813
flywire_783_mb_left_kc512_s702,743,spectral,role_shuffled,local_gradient,94,9.253941638038306,0.1507537688442211,1.6608364073640813
flywire_783_mb_left_kc512_s702,743,spectral,role_shuffled,local_gradient,95,9.363386678663398,0.1507537688442211,1.6608364073640813
flywire_783_mb_left_kc512_s702,743,spectral,role_shuffled,local_gradient,96,9.46400244023371,0.1507537688442211,1.6608364073640813
flywire_783_mb_left_kc512_s702,743,spectral,role_shuffled,local_gradient,97,9.558490547984519,0.1407035175879397,1.6608364073640813
flywire_783_mb_left_kc512_s702,743,spectral,role_shuffled,local_gradient,98,9.651354714193106,0.1407035175879397,1.6608364073640813
flywire_783_mb_left_kc512_s702,743,spectral,role_shuffled,local_gradient,99,9.747304301082771,0.135678391959799,1.6608364073640813
flywire_783_mb_left_kc512_s702,743,spectral,role_shuffled,local_gradient,100,9.849915538889096,0.135678391959799,1.6608364073640813
flywire_783_mb_left_kc512_s702,743,spectral,role_shuffled,permuted_bptt,0,3.366668167261711,0.09547738693467336,3.366668167261711
flywire_783_mb_left_kc512_s702,743,spectral,role_shuffled,permuted_bptt,1,3.255570876384501,0.1407035175879397,3.255570876384501
flywire_783_mb_left_kc512_s702,743,spectral,role_shuffled,permuted_bptt,2,3.157426974278214,0.1507537688442211,3.157426974278214
flywire_783_mb_left_kc512_s702,743,spectral,role_shuffled,permuted_bptt,3,3.0898853155546826,0.15577889447236182,3.0898853155546826
flywire_783_mb_left_kc512_s702,743,spectral,role_shuffled,permuted_bptt,4,3.027199535790939,0.1708542713567839,3.027199535790939
flywire_783_mb_left_kc512_s702,743,spectral,role_shuffled,permuted_bptt,5,2.980428063570802,0.18592964824120603,2.980428063570802
flywire_783_mb_left_kc512_s702,743,spectral,role_shuffled,permuted_bptt,6,2.9419734578242474,0.18592964824120603,2.9419734578242474
flywire_783_mb_left_kc512_s702,743,spectral,role_shuffled,permuted_bptt,7,2.9044446084126787,0.19597989949748743,2.9044446084126787
flywire_783_mb_left_kc512_s702,743,spectral,role_shuffled,permuted_bptt,8,2.870783621478242,0.19597989949748743,2.870783621478242
flywire_783_mb_left_kc512_s702,743,spectral,role_shuffled,permuted_bptt,9,2.8419475550449897,0.21608040201005024,2.8419475550449897
flywire_783_mb_left_kc512_s702,743,spectral,role_shuffled,permuted_bptt,10,2.8139859407317727,0.22110552763819097,2.8139859407317727
flywire_783_mb_left_kc512_s702,743,spectral,role_shuffled,permuted_bptt,11,2.785639371139418,0.22110552763819097,2.785639371139418
flywire_783_mb_left_kc512_s702,743,spectral,role_shuffled,permuted_bptt,12,2.759204691701039,0.21608040201005024,2.759204691701039
flywire_783_mb_left_kc512_s702,743,spectral,role_shuffled,permuted_bptt,13,2.7351828636335815,0.21608040201005024,2.7351828636335815
flywire_783_mb_left_kc512_s702,743,spectral,role_shuffled,permuted_bptt,14,2.7118279317221687,0.21608040201005024,2.7118279317221687
flywire_783_mb_left_kc512_s702,743,spectral,role_shuffled,permuted_bptt,15,2.6890210108047428,0.20603015075376885,2.6890210108047428
flywire_783_mb_left_kc512_s702,743,spectral,role_shuffled,permuted_bptt,16,2.6682946438713513,0.20603015075376885,2.6682946438713513
flywire_783_mb_left_kc512_s702,743,spectral,role_shuffled,permuted_bptt,17,2.649639894547581,0.22110552763819097,2.649639894547581
flywire_783_mb_left_kc512_s702,743,spectral,role_shuffled,permuted_bptt,18,2.6316602085703322,0.22613065326633167,2.6316602085703322
flywire_783_mb_left_kc512_s702,743,spectral,role_shuffled,permuted_bptt,19,2.6141357754812162,0.21608040201005024,2.6141357754812162
flywire_783_mb_left_kc512_s702,743,spectral,role_shuffled,permuted_bptt,20,2.5976935149302856,0.22110552763819097,2.5976935149302856
flywire_783_mb_left_kc512_s702,743,spectral,role_shuffled,permuted_bptt,21,2.5820331778103167,0.23115577889447236,2.5820331778103167
flywire_783_mb_left_kc512_s702,743,spectral,role_shuffled,permuted_bptt,22,2.5665434172586483,0.23618090452261306,2.5665434172586483
flywire_783_mb_left_kc512_s702,743,spectral,role_shuffled,permuted_bptt,23,2.551479868873056,0.24120603015075376,2.551479868873056
flywire_783_mb_left_kc512_s702,743,spectral,role_shuffled,permuted_bptt,24,2.5372161860871314,0.22613065326633167,2.5372161860871314
flywire_783_mb_left_kc512_s702,743,spectral,role_shuffled,permuted_bptt,25,2.523433862706498,0.22110552763819097,2.523433862706498
flywire_783_mb_left_kc512_s702,743,spectral,role_shuffled,permuted_bptt,26,2.5097920999152437,0.21608040201005024,2.5097920999152437
flywire_783_mb_left_kc512_s702,743,spectral,role_shuffled,permuted_bptt,27,2.4965655268104703,0.22613065326633167,2.4965655268104703
flywire_783_mb_left_kc512_s702,743,spectral,role_shuffled,permuted_bptt,28,2.4839737821785297,0.22613065326633167,2.4839737821785297
flywire_783_mb_left_kc512_s702,743,spectral,role_shuffled,permuted_bptt,29,2.471735188508197,0.23115577889447236,2.471735188508197
flywire_783_mb_left_kc512_s702,743,spectral,role_shuffled,permuted_bptt,30,2.45973710962055,0.23115577889447236,2.45973710962055
flywire_783_mb_left_kc512_s702,743,spectral,role_shuffled,permuted_bptt,31,2.44820200244967,0.23618090452261306,2.44820200244967
flywire_783_mb_left_kc512_s702,743,spectral,role_shuffled,permuted_bptt,32,2.4371141161367573,0.23115577889447236,2.4371141161367573
flywire_783_mb_left_kc512_s702,743,spectral,role_shuffled,permuted_bptt,33,2.4262791987925953,0.23618090452261306,2.4262791987925953
flywire_783_mb_left_kc512_s702,743,spectral,role_shuffled,permuted_bptt,34,2.4157620567908245,0.23618090452261306,2.4157620567908245
flywire_783_mb_left_kc512_s702,743,spectral,role_shuffled,permuted_bptt,35,2.4057002995824877,0.24120603015075376,2.4057002995824877
flywire_783_mb_left_kc512_s702,743,spectral,role_shuffled,permuted_bptt,36,2.395967452279573,0.25125628140703515,2.395967452279573
flywire_783_mb_left_kc512_s702,743,spectral,role_shuffled,permuted_bptt,37,2.3864473390615273,0.25125628140703515,2.3864473390615273
flywire_783_mb_left_kc512_s702,743,spectral,role_shuffled,permuted_bptt,38,2.3772444756872093,0.25125628140703515,2.3772444756872093
flywire_783_mb_left_kc512_s702,743,spectral,role_shuffled,permuted_bptt,39,2.3683417692252875,0.24623115577889448,2.3683417692252875
flywire_783_mb_left_kc512_s702,743,spectral,role_shuffled,permuted_bptt,40,2.359571722570749,0.24120603015075376,2.359571722570749
flywire_783_mb_left_kc512_s702,743,spectral,role_shuffled,permuted_bptt,41,2.3509753920395706,0.24120603015075376,2.3509753920395706
flywire_783_mb_left_kc512_s702,743,spectral,role_shuffled,permuted_bptt,42,2.3426699263206006,0.23618090452261306,2.3426699263206006
flywire_783_mb_left_kc512_s702,743,spectral,role_shuffled,permuted_bptt,43,2.334570343437546,0.24120603015075376,2.334570343437546
flywire_783_mb_left_kc512_s702,743,spectral,role_shuffled,permuted_bptt,44,2.326618405909368,0.23618090452261306,2.326618405909368
flywire_783_mb_left_kc512_s702,743,spectral,role_shuffled,permuted_bptt,45,2.318926336205616,0.23618090452261306,2.318926336205616
flywire_783_mb_left_kc512_s702,743,spectral,role_shuffled,permuted_bptt,46,2.311509157295286,0.24120603015075376,2.311509157295286
flywire_783_mb_left_kc512_s702,743,spectral,role_shuffled,permuted_bptt,47,2.3042717731015743,0.24120603015075376,2.3042717731015743
flywire_783_mb_left_kc512_s702,743,spectral,role_shuffled,permuted_bptt,48,2.2972414478409284,0.24623115577889448,2.2972414478409284
flywire_783_mb_left_kc512_s702,743,spectral,role_shuffled,permuted_bptt,49,2.290459309932917,0.25125628140703515,2.290459309932917
flywire_783_mb_left_kc512_s702,743,spectral,role_shuffled,permuted_bptt,50,2.2838548517142017,0.25125628140703515,2.2838548517142017
flywire_783_mb_left_kc512_s702,743,spectral,role_shuffled,permuted_bptt,51,2.2774149750287123,0.25125628140703515,2.2774149750287123
flywire_783_mb_left_kc512_s702,743,spectral,role_shuffled,permuted_bptt,52,2.2711826056931548,0.2562814070351759,2.2711826056931548
flywire_783_mb_left_kc512_s702,743,spectral,role_shuffled,permuted_bptt,53,2.2651227270318675,0.2562814070351759,2.2651227270318675
flywire_783_mb_left_kc512_s702,743,spectral,role_shuffled,permuted_bptt,54,2.25920847443709,0.2663316582914573,2.25920847443709
flywire_783_mb_left_kc512_s702,743,spectral,role_shuffled,permuted_bptt,55,2.2534745675851084,0.2663316582914573,2.2534745675851084
flywire_783_mb_left_kc512_s702,743,spectral,role_shuffled,permuted_bptt,56,2.2479091407054637,0.2663316582914573,2.2479091407054637
flywire_783_mb_left_kc512_s702,743,spectral,role_shuffled,permuted_bptt,57,2.2424822922588787,0.27638190954773867,2.2424822922588787
flywire_783_mb_left_kc512_s702,743,spectral,role_shuffled,permuted_bptt,58,2.2372138769004586,0.27638190954773867,2.2372138769004586
flywire_783_mb_left_kc512_s702,743,spectral,role_shuffled,permuted_bptt,59,2.232099722661597,0.27638190954773867,2.232099722661597
flywire_783_mb_left_kc512_s702,743,spectral,role_shuffled,permuted_bptt,60,2.227116982415518,0.27638190954773867,2.227116982415518
flywire_783_mb_left_kc512_s702,743,spectral,role_shuffled,permuted_bptt,61,2.222277020404119,0.27638190954773867,2.222277020404119
flywire_783_mb_left_kc512_s702,743,spectral,role_shuffled,permuted_bptt,62,2.2175832029371008,0.27638190954773867,2.2175832029371008
flywire_783_mb_left_kc512_s702,743,spectral,role_shuffled,permuted_bptt,63,2.213024949237842,0.27638190954773867,2.213024949237842
flywire_783_mb_left_kc512_s702,743,spectral,role_shuffled,permuted_bptt,64,2.208606945065819,0.2814070351758794,2.208606945065819
flywire_783_mb_left_kc512_s702,743,spectral,role_shuffled,permuted_bptt,65,2.2043232749155015,0.2814070351758794,2.2043232749155015
flywire_783_mb_left_kc512_s702,743,spectral,role_shuffled,permuted_bptt,66,2.200163066374804,0.2814070351758794,2.200163066374804
flywire_783_mb_left_kc512_s702,743,spectral,role_shuffled,permuted_bptt,67,2.196129356499865,0.2814070351758794,2.196129356499865
flywire_783_mb_left_kc512_s702,743,spectral,role_shuffled,permuted_bptt,68,2.1922121179899023,0.2864321608040201,2.1922121179899023
flywire_783_mb_left_kc512_s702,743,spectral,role_shuffled,permuted_bptt,69,2.18840161937062,0.2914572864321608,2.18840161937062
flywire_783_mb_left_kc512_s702,743,spectral,role_shuffled,permuted_bptt,70,2.1847000254840756,0.2914572864321608,2.1847000254840756
flywire_783_mb_left_kc512_s702,743,spectral,role_shuffled,permuted_bptt,71,2.181098060857552,0.2864321608040201,2.181098060857552
flywire_783_mb_left_kc512_s702,743,spectral,role_shuffled,permuted_bptt,72,2.1775897455682265,0.2864321608040201,2.1775897455682265
flywire_783_mb_left_kc512_s702,743,spectral,role_shuffled,permuted_bptt,73,2.174178412601928,0.2864321608040201,2.174178412601928
flywire_783_mb_left_kc512_s702,743,spectral,role_shuffled,permuted_bptt,74,2.1708555113968777,0.2864321608040201,2.1708555113968777
flywire_783_mb_left_kc512_s702,743,spectral,role_shuffled,permuted_bptt,75,2.167616544557026,0.2864321608040201,2.167616544557026
flywire_783_mb_left_kc512_s702,743,spectral,role_shuffled,permuted_bptt,76,2.164462461603875,0.2864321608040201,2.164462461603875
flywire_783_mb_left_kc512_s702,743,spectral,role_shuffled,permuted_bptt,77,2.161384672207642,0.2864321608040201,2.161384672207642
flywire_783_mb_left_kc512_s702,743,spectral,role_shuffled,permuted_bptt,78,2.1583815638388466,0.2864321608040201,2.1583815638388466
flywire_783_mb_left_kc512_s702,743,spectral,role_shuffled,permuted_bptt,79,2.1554536259293307,0.2864321608040201,2.1554536259293307
flywire_783_mb_left_kc512_s702,743,spectral,role_shuffled,permuted_bptt,80,2.152593422408349,0.2864321608040201,2.152593422408349
flywire_783_mb_left_kc512_s702,743,spectral,role_shuffled,permuted_bptt,81,2.1498004432446693,0.2864321608040201,2.1498004432446693
flywire_783_mb_left_kc512_s702,743,spectral,role_shuffled,permuted_bptt,82,2.1470740612113803,0.2914572864321608,2.1470740612113803
flywire_783_mb_left_kc512_s702,743,spectral,role_shuffled,permuted_bptt,83,2.1444080376610595,0.2864321608040201,2.1444080376610595
flywire_783_mb_left_kc512_s702,743,spectral,role_shuffled,permuted_bptt,84,2.1418016438687415,0.2864321608040201,2.1418016438687415
flywire_783_mb_left_kc512_s702,743,spectral,role_shuffled,permuted_bptt,85,2.1392523062874473,0.2864321608040201,2.1392523062874473
flywire_783_mb_left_kc512_s702,743,spectral,role_shuffled,permuted_bptt,86,2.136755582487201,0.2914572864321608,2.136755582487201
flywire_783_mb_left_kc512_s702,743,spectral,role_shuffled,permuted_bptt,87,2.13431079941525,0.2914572864321608,2.13431079941525
flywire_783_mb_left_kc512_s702,743,spectral,role_shuffled,permuted_bptt,88,2.1319151605296027,0.2914572864321608,2.1319151605296027
flywire_783_mb_left_kc512_s702,743,spectral,role_shuffled,permuted_bptt,89,2.1295662985422488,0.2864321608040201,2.1295662985422488
flywire_783_mb_left_kc512_s702,743,spectral,role_shuffled,permuted_bptt,90,2.127263369189307,0.2864321608040201,2.127263369189307
flywire_783_mb_left_kc512_s702,743,spectral,role_shuffled,permuted_bptt,91,2.125003630739867,0.2864321608040201,2.125003630739867
flywire_783_mb_left_kc512_s702,743,spectral,role_shuffled,permuted_bptt,92,2.1227857426092487,0.2864321608040201,2.1227857426092487
flywire_783_mb_left_kc512_s702,743,spectral,role_shuffled,permuted_bptt,93,2.120608101494586,0.2914572864321608,2.120608101494586
flywire_783_mb_left_kc512_s702,743,spectral,role_shuffled,permuted_bptt,94,2.1184685692845933,0.2914572864321608,2.1184685692845933
flywire_783_mb_left_kc512_s702,743,spectral,role_shuffled,permuted_bptt,95,2.116366211461726,0.2914572864321608,2.116366211461726
flywire_783_mb_left_kc512_s702,743,spectral,role_shuffled,permuted_bptt,96,2.114299382833695,0.2964824120603015,2.114299382833695
flywire_783_mb_left_kc512_s702,743,spectral,role_shuffled,permuted_bptt,97,2.1122669711269317,0.3015075376884422,2.1122669711269317
flywire_783_mb_left_kc512_s702,743,spectral,role_shuffled,permuted_bptt,98,2.1102679059662544,0.3065326633165829,2.1102679059662544
flywire_783_mb_left_kc512_s702,743,spectral,role_shuffled,permuted_bptt,99,2.1083005944489743,0.3065326633165829,2.1083005944489743
flywire_783_mb_left_kc512_s702,743,spectral,role_shuffled,permuted_bptt,100,2.1063644895405123,0.31155778894472363,2.1063644895405123
flywire_783_mb_left_kc512_s702,743,incoming_l1,fly,frozen,0,1.6459804469394304,0.4120603015075377,1.6459804469394304
flywire_783_mb_left_kc512_s702,743,incoming_l1,fly,full_bptt,0,1.6459804469394304,0.4120603015075377,1.6459804469394304
flywire_783_mb_left_kc512_s702,743,incoming_l1,fly,full_bptt,1,1.681868782877329,0.39195979899497485,1.6459804469394304
flywire_783_mb_left_kc512_s702,743,incoming_l1,fly,full_bptt,2,1.6991452048380422,0.4020100502512563,1.6459804469394304
flywire_783_mb_left_kc512_s702,743,incoming_l1,fly,full_bptt,3,1.656645127385707,0.4271356783919598,1.6459804469394304
flywire_783_mb_left_kc512_s702,743,incoming_l1,fly,full_bptt,4,1.6615087288409802,0.40703517587939697,1.6459804469394304
flywire_783_mb_left_kc512_s702,743,incoming_l1,fly,full_bptt,5,1.6710720352484416,0.3969849246231156,1.6459804469394304
flywire_783_mb_left_kc512_s702,743,incoming_l1,fly,full_bptt,6,1.65326571084648,0.40703517587939697,1.6459804469394304
flywire_783_mb_left_kc512_s702,743,incoming_l1,fly,full_bptt,7,1.6501009409144058,0.4120603015075377,1.6459804469394304
flywire_783_mb_left_kc512_s702,743,incoming_l1,fly,full_bptt,8,1.6599648959450362,0.4020100502512563,1.6459804469394304
flywire_783_mb_left_kc512_s702,743,incoming_l1,fly,full_bptt,9,1.6546227333214962,0.3969849246231156,1.6459804469394304
flywire_783_mb_left_kc512_s702,743,incoming_l1,fly,full_bptt,10,1.6443991011665162,0.39195979899497485,1.6443991011665162
flywire_783_mb_left_kc512_s702,743,incoming_l1,fly,full_bptt,11,1.647029902329468,0.40703517587939697,1.6443991011665162
flywire_783_mb_left_kc512_s702,743,incoming_l1,fly,full_bptt,12,1.6517411026986324,0.4020100502512563,1.6443991011665162
flywire_783_mb_left_kc512_s702,743,incoming_l1,fly,full_bptt,13,1.6469341779351305,0.4120603015075377,1.6443991011665162
flywire_783_mb_left_kc512_s702,743,incoming_l1,fly,full_bptt,14,1.641778328720747,0.4321608040201005,1.641778328720747
flywire_783_mb_left_kc512_s702,743,incoming_l1,fly,full_bptt,15,1.644555055217447,0.4221105527638191,1.641778328720747
flywire_783_mb_left_kc512_s702,743,incoming_l1,fly,full_bptt,16,1.64664943913607,0.4120603015075377,1.641778328720747
flywire_783_mb_left_kc512_s702,743,incoming_l1,fly,full_bptt,17,1.6425811231842828,0.4221105527638191,1.641778328720747
flywire_783_mb_left_kc512_s702,743,incoming_l1,fly,full_bptt,18,1.6401638674521901,0.4271356783919598,1.6401638674521901
flywire_783_mb_left_kc512_s702,743,incoming_l1,fly,full_bptt,19,1.642441330261488,0.41708542713567837,1.6401638674521901
flywire_783_mb_left_kc512_s702,743,incoming_l1,fly,full_bptt,20,1.6430622030853093,0.4120603015075377,1.6401638674521901
flywire_783_mb_left_kc512_s702,743,incoming_l1,fly,full_bptt,21,1.6399420126671493,0.4221105527638191,1.6399420126671493
flywire_783_mb_left_kc512_s702,743,incoming_l1,fly,full_bptt,22,1.6382899017486539,0.40703517587939697,1.6382899017486539
flywire_783_mb_left_kc512_s702,743,incoming_l1,fly,full_bptt,23,1.6398153494490992,0.3969849246231156,1.6382899017486539
flywire_783_mb_left_kc512_s702,743,incoming_l1,fly,full_bptt,24,1.6401281148963602,0.4020100502512563,1.6382899017486539
flywire_783_mb_left_kc512_s702,743,incoming_l1,fly,full_bptt,25,1.6384437801063125,0.39195979899497485,1.6382899017486539
flywire_783_mb_left_kc512_s702,743,incoming_l1,fly,full_bptt,26,1.6381369680156712,0.40703517587939697,1.6381369680156712
flywire_783_mb_left_kc512_s702,743,incoming_l1,fly,full_bptt,27,1.6388297327339942,0.40703517587939697,1.6381369680156712
flywire_783_mb_left_kc512_s702,743,incoming_l1,fly,full_bptt,28,1.6379554135126113,0.41708542713567837,1.6379554135126113
flywire_783_mb_left_kc512_s702,743,incoming_l1,fly,full_bptt,29,1.636683783698803,0.4120603015075377,1.636683783698803
flywire_783_mb_left_kc512_s702,743,incoming_l1,fly,full_bptt,30,1.6370123981590705,0.4271356783919598,1.636683783698803
flywire_783_mb_left_kc512_s702,743,incoming_l1,fly,full_bptt,31,1.6373748848436633,0.41708542713567837,1.636683783698803
flywire_783_mb_left_kc512_s702,743,incoming_l1,fly,full_bptt,32,1.636431977821774,0.4271356783919598,1.636431977821774
flywire_783_mb_left_kc512_s702,743,incoming_l1,fly,full_bptt,33,1.6358505763237479,0.44221105527638194,1.6358505763237479
flywire_783_mb_left_kc512_s702,743,incoming_l1,fly,full_bptt,34,1.6362811029563535,0.4371859296482412,1.6358505763237479
flywire_783_mb_left_kc512_s702,743,incoming_l1,fly,full_bptt,35,1.6361130174731615,0.4371859296482412,1.6358505763237479
flywire_783_mb_left_kc512_s702,743,incoming_l1,fly,full_bptt,36,1.6352949011168558,0.4271356783919598,1.6352949011168558
flywire_783_mb_left_kc512_s702,743,incoming_l1,fly,full_bptt,37,1.6352269203311567,0.41708542713567837,1.6352269203311567
flywire_783_mb_left_kc512_s702,743,incoming_l1,fly,full_bptt,38,1.6354140919711087,0.4120603015075377,1.6352269203311567
flywire_783_mb_left_kc512_s702,743,incoming_l1,fly,full_bptt,39,1.634867903262651,0.4020100502512563,1.634867903262651
flywire_783_mb_left_kc512_s702,743,incoming_l1,fly,full_bptt,40,1.6344463559221407,0.41708542713567837,1.6344463559221407
flywire_783_mb_left_kc512_s702,743,incoming_l1,fly,full_bptt,41,1.6346446817145246,0.4271356783919598,1.6344463559221407
flywire_783_mb_left_kc512_s702,743,incoming_l1,fly,full_bptt,42,1.6345092502964351,0.4271356783919598,1.6344463559221407
flywire_783_mb_left_kc512_s702,743,incoming_l1,fly,full_bptt,43,1.6340039638290005,0.4120603015075377,1.6340039638290005
flywire_783_mb_left_kc512_s702,743,incoming_l1,fly,full_bptt,44,1.6339314940766014,0.40703517587939697,1.6339314940766014
flywire_783_mb_left_kc512_s702,743,incoming_l1,fly,full_bptt,45,1.6339535777010912,0.4120603015075377,1.6339314940766014
flywire_783_mb_left_kc512_s702,743,incoming_l1,fly,full_bptt,46,1.6335819541611827,0.41708542713567837,1.6335819541611827
flywire_783_mb_left_kc512_s702,743,incoming_l1,fly,full_bptt,47,1.6333428882440582,0.4221105527638191,1.6333428882440582
flywire_783_mb_left_kc512_s702,743,incoming_l1,fly,full_bptt,48,1.6333584931798364,0.4321608040201005,1.6333428882440582
flywire_783_mb_left_kc512_s702,743,incoming_l1,fly,full_bptt,49,1.6331475525757266,0.4271356783919598,1.6331475525757266
flywire_783_mb_left_kc512_s702,743,incoming_l1,fly,full_bptt,50,1.6328909688177229,0.4221105527638191,1.6328909688177229
flywire_783_mb_left_kc512_s702,743,incoming_l1,fly,full_bptt,51,1.6328525891564347,0.4221105527638191,1.6328525891564347
flywire_783_mb_left_kc512_s702,743,incoming_l1,fly,full_bptt,52,1.6327070745036876,0.41708542713567837,1.6327070745036876
flywire_783_mb_left_kc512_s702,743,incoming_l1,fly,full_bptt,53,1.6324553706399005,0.4221105527638191,1.6324553706399005
flywire_783_mb_left_kc512_s702,743,incoming_l1,fly,full_bptt,54,1.6323712736881928,0.4271356783919598,1.6323712736881928
flywire_783_mb_left_kc512_s702,743,incoming_l1,fly,full_bptt,55,1.6322597193020554,0.4321608040201005,1.6322597193020554
flywire_783_mb_left_kc512_s702,743,incoming_l1,fly,full_bptt,56,1.6320257022571312,0.4321608040201005,1.6320257022571312
flywire_783_mb_left_kc512_s702,743,incoming_l1,fly,full_bptt,57,1.6319110389126286,0.4271356783919598,1.6319110389126286
flywire_783_mb_left_kc512_s702,743,incoming_l1,fly,full_bptt,58,1.6318253551594306,0.4271356783919598,1.6318253551594306
flywire_783_mb_left_kc512_s702,743,incoming_l1,fly,full_bptt,59,1.6316197495984914,0.4271356783919598,1.6316197495984914
flywire_783_mb_left_kc512_s702,743,incoming_l1,fly,full_bptt,60,1.6314807106452622,0.4271356783919598,1.6314807106452622
flywire_783_mb_left_kc512_s702,743,incoming_l1,fly,full_bptt,61,1.6313985715258033,0.4271356783919598,1.6313985715258033
flywire_783_mb_left_kc512_s702,743,incoming_l1,fly,full_bptt,62,1.6312217393996933,0.4271356783919598,1.6312217393996933
flywire_783_mb_left_kc512_s702,743,incoming_l1,fly,full_bptt,63,1.6310676641719761,0.41708542713567837,1.6310676641719761
flywire_783_mb_left_kc512_s702,743,incoming_l1,fly,full_bptt,64,1.6309737141954979,0.41708542713567837,1.6309737141954979
flywire_783_mb_left_kc512_s702,743,incoming_l1,fly,full_bptt,65,1.630821445328078,0.4271356783919598,1.630821445328078
flywire_783_mb_left_kc512_s702,743,incoming_l1,fly,full_bptt,66,1.6306752197328112,0.4271356783919598,1.6306752197328112
flywire_783_mb_left_kc512_s702,743,incoming_l1,fly,full_bptt,67,1.630570431255464,0.4271356783919598,1.630570431255464
flywire_783_mb_left_kc512_s702,743,incoming_l1,fly,full_bptt,68,1.6304239443725927,0.4271356783919598,1.6304239443725927
flywire_783_mb_left_kc512_s702,743,incoming_l1,fly,full_bptt,69,1.6302813493089092,0.4271356783919598,1.6302813493089092
flywire_783_mb_left_kc512_s702,743,incoming_l1,fly,full_bptt,70,1.6301708739554077,0.4271356783919598,1.6301708739554077
flywire_783_mb_left_kc512_s702,743,incoming_l1,fly,full_bptt,71,1.630031578008112,0.4271356783919598,1.630031578008112
flywire_783_mb_left_kc512_s702,743,incoming_l1,fly,full_bptt,72,1.6298966884435189,0.4271356783919598,1.6298966884435189
flywire_783_mb_left_kc512_s702,743,incoming_l1,fly,full_bptt,73,1.6297822388816527,0.4321608040201005,1.6297822388816527
flywire_783_mb_left_kc512_s702,743,incoming_l1,fly,full_bptt,74,1.6296444589314723,0.4271356783919598,1.6296444589314723
flywire_783_mb_left_kc512_s702,743,incoming_l1,fly,full_bptt,75,1.6295145373521345,0.4271356783919598,1.6295145373521345
flywire_783_mb_left_kc512_s702,743,incoming_l1,fly,full_bptt,76,1.6293989342209962,0.4271356783919598,1.6293989342209962
flywire_783_mb_left_kc512_s702,743,incoming_l1,fly,full_bptt,77,1.6292625118614659,0.4321608040201005,1.6292625118614659
flywire_783_mb_left_kc512_s702,743,incoming_l1,fly,full_bptt,78,1.62913483506799,0.4271356783919598,1.62913483506799
flywire_783_mb_left_kc512_s702,743,incoming_l1,fly,full_bptt,79,1.6290180382205361,0.4271356783919598,1.6290180382205361
flywire_783_mb_left_kc512_s702,743,incoming_l1,fly,full_bptt,80,1.6288852103978932,0.4271356783919598,1.6288852103978932
flywire_783_mb_left_kc512_s702,743,incoming_l1,fly,full_bptt,81,1.6287606578215867,0.4271356783919598,1.6287606578215867
flywire_783_mb_left_kc512_s702,743,incoming_l1,fly,full_bptt,82,1.6286416942819824,0.4271356783919598,1.6286416942819824
flywire_783_mb_left_kc512_s702,743,incoming_l1,fly,full_bptt,83,1.628511385990118,0.4271356783919598,1.628511385990118
flywire_783_mb_left_kc512_s702,743,incoming_l1,fly,full_bptt,84,1.6283892578752162,0.4271356783919598,1.6283892578752162
flywire_783_mb_left_kc512_s702,743,incoming_l1,fly,full_bptt,85,1.628268443850907,0.4271356783919598,1.628268443850907
flywire_783_mb_left_kc512_s702,743,incoming_l1,fly,full_bptt,86,1.6281408770299608,0.4271356783919598,1.6281408770299608
flywire_783_mb_left_kc512_s702,743,incoming_l1,fly,full_bptt,87,1.6280208338764097,0.4271356783919598,1.6280208338764097
flywire_783_mb_left_kc512_s702,743,incoming_l1,fly,full_bptt,88,1.6278989374380273,0.4271356783919598,1.6278989374380273
flywire_783_mb_left_kc512_s702,743,incoming_l1,fly,full_bptt,89,1.627773861411806,0.4271356783919598,1.627773861411806
flywire_783_mb_left_kc512_s702,743,incoming_l1,fly,full_bptt,90,1.627654570148504,0.4271356783919598,1.627654570148504
flywire_783_mb_left_kc512_s702,743,incoming_l1,fly,full_bptt,91,1.627532225163713,0.4271356783919598,1.627532225163713
flywire_783_mb_left_kc512_s702,743,incoming_l1,fly,full_bptt,92,1.6274100765039394,0.4271356783919598,1.6274100765039394
flywire_783_mb_left_kc512_s702,743,incoming_l1,fly,full_bptt,93,1.6272913005600858,0.4271356783919598,1.6272913005600858
flywire_783_mb_left_kc512_s702,743,incoming_l1,fly,full_bptt,94,1.627168815580894,0.4271356783919598,1.627168815580894
flywire_783_mb_left_kc512_s702,743,incoming_l1,fly,full_bptt,95,1.6270485339472303,0.4321608040201005,1.6270485339472303
flywire_783_mb_left_kc512_s702,743,incoming_l1,fly,full_bptt,96,1.6269299229033958,0.4321608040201005,1.6269299229033958
flywire_783_mb_left_kc512_s702,743,incoming_l1,fly,full_bptt,97,1.6268086768907926,0.4371859296482412,1.6268086768907926
flywire_783_mb_left_kc512_s702,743,incoming_l1,fly,full_bptt,98,1.6266900819223475,0.4321608040201005,1.6266900819223475
flywire_783_mb_left_kc512_s702,743,incoming_l1,fly,full_bptt,99,1.6265711522589308,0.4321608040201005,1.6265711522589308
flywire_783_mb_left_kc512_s702,743,incoming_l1,fly,full_bptt,100,1.626451043455711,0.4371859296482412,1.626451043455711
flywire_783_mb_left_kc512_s702,743,incoming_l1,fly,local_gradient,0,1.6459804469394304,0.4120603015075377,1.6459804469394304
flywire_783_mb_left_kc512_s702,743,incoming_l1,fly,local_gradient,1,1.6840405937389389,0.4020100502512563,1.6459804469394304
flywire_783_mb_left_kc512_s702,743,incoming_l1,fly,local_gradient,2,1.7107647891899889,0.3768844221105528,1.6459804469394304
flywire_783_mb_left_kc512_s702,743,incoming_l1,fly,local_gradient,3,1.6765715914699633,0.35678391959798994,1.6459804469394304
flywire_783_mb_left_kc512_s702,743,incoming_l1,fly,local_gradient,4,1.6797991230379012,0.3869346733668342,1.6459804469394304
flywire_783_mb_left_kc512_s702,743,incoming_l1,fly,local_gradient,5,1.6802324605494452,0.37185929648241206,1.6459804469394304
flywire_783_mb_left_kc512_s702,743,incoming_l1,fly,local_gradient,6,1.6675951506516626,0.3869346733668342,1.6459804469394304
flywire_783_mb_left_kc512_s702,743,incoming_l1,fly,local_gradient,7,1.6768218373482306,0.4020100502512563,1.6459804469394304
flywire_783_mb_left_kc512_s702,743,incoming_l1,fly,local_gradient,8,1.6893476636332667,0.40703517587939697,1.6459804469394304
flywire_783_mb_left_kc512_s702,743,incoming_l1,fly,local_gradient,9,1.6794923371727675,0.3869346733668342,1.6459804469394304
flywire_783_mb_left_kc512_s702,743,incoming_l1,fly,local_gradient,10,1.6712539621586824,0.3768844221105528,1.6459804469394304
flywire_783_mb_left_kc512_s702,743,incoming_l1,fly,local_gradient,11,1.6790021178476795,0.37185929648241206,1.6459804469394304
flywire_783_mb_left_kc512_s702,743,incoming_l1,fly,local_gradient,12,1.6866725591186473,0.38190954773869346,1.6459804469394304
flywire_783_mb_left_kc512_s702,743,incoming_l1,fly,local_gradient,13,1.6824548553892948,0.36683417085427134,1.6459804469394304
flywire_783_mb_left_kc512_s702,743,incoming_l1,fly,local_gradient,14,1.6751743062603937,0.3768844221105528,1.6459804469394304
flywire_783_mb_left_kc512_s702,743,incoming_l1,fly,local_gradient,15,1.6778416919500034,0.35175879396984927,1.6459804469394304
flywire_783_mb_left_kc512_s702,743,incoming_l1,fly,local_gradient,16,1.686486926553668,0.36180904522613067,1.6459804469394304
flywire_783_mb_left_kc512_s702,743,incoming_l1,fly,local_gradient,17,1.6872437938109495,0.3869346733668342,1.6459804469394304
flywire_783_mb_left_kc512_s702,743,incoming_l1,fly,local_gradient,18,1.681162357152383,0.3969849246231156,1.6459804469394304
flywire_783_mb_left_kc512_s702,743,incoming_l1,fly,local_gradient,19,1.6782970734443403,0.4020100502512563,1.6459804469394304
flywire_783_mb_left_kc512_s702,743,incoming_l1,fly,local_gradient,20,1.6798218137799144,0.40703517587939697,1.6459804469394304
flywire_783_mb_left_kc512_s702,743,incoming_l1,fly,local_gradient,21,1.679935513743315,0.39195979899497485,1.6459804469394304
flywire_783_mb_left_kc512_s702,743,incoming_l1,fly,local_gradient,22,1.6782340651776948,0.3768844221105528,1.6459804469394304
flywire_783_mb_left_kc512_s702,743,incoming_l1,fly,local_gradient,23,1.6796778905496317,0.38190954773869346,1.6459804469394304
flywire_783_mb_left_kc512_s702,743,incoming_l1,fly,local_gradient,24,1.6843545450926105,0.3869346733668342,1.6459804469394304
flywire_783_mb_left_kc512_s702,743,incoming_l1,fly,local_gradient,25,1.6864284615448863,0.3969849246231156,1.6459804469394304
flywire_783_mb_left_kc512_s702,743,incoming_l1,fly,local_gradient,26,1.6841728316732296,0.39195979899497485,1.6459804469394304
flywire_783_mb_left_kc512_s702,743,incoming_l1,fly,local_gradient,27,1.6820010480091356,0.38190954773869346,1.6459804469394304
flywire_783_mb_left_kc512_s702,743,incoming_l1,fly,local_gradient,28,1.6825652089401983,0.3768844221105528,1.6459804469394304
flywire_783_mb_left_kc512_s702,743,incoming_l1,fly,local_gradient,29,1.6834415635021458,0.37185929648241206,1.6459804469394304
flywire_783_mb_left_kc512_s702,743,incoming_l1,fly,local_gradient,30,1.6825798574434603,0.3768844221105528,1.6459804469394304
flywire_783_mb_left_kc512_s702,743,incoming_l1,fly,local_gradient,31,1.681884687640727,0.36683417085427134,1.6459804469394304
flywire_783_mb_left_kc512_s702,743,incoming_l1,fly,local_gradient,32,1.683156400670232,0.37185929648241206,1.6459804469394304
flywire_783_mb_left_kc512_s702,743,incoming_l1,fly,local_gradient,33,1.6850241380234863,0.3869346733668342,1.6459804469394304
flywire_783_mb_left_kc512_s702,743,incoming_l1,fly,local_gradient,34,1.6865185388458521,0.3869346733668342,1.6459804469394304
flywire_783_mb_left_kc512_s702,743,incoming_l1,fly,local_gradient,35,1.6893984664151986,0.39195979899497485,1.6459804469394304
flywire_783_mb_left_kc512_s702,743,incoming_l1,fly,local_gradient,36,1.6948146510322255,0.38190954773869346,1.6459804469394304
flywire_783_mb_left_kc512_s702,743,incoming_l1,fly,local_gradient,37,1.701120144368746,0.3869346733668342,1.6459804469394304
flywire_783_mb_left_kc512_s702,743,incoming_l1,fly,local_gradient,38,1.706556561875155,0.39195979899497485,1.6459804469394304
flywire_783_mb_left_kc512_s702,743,incoming_l1,fly,local_gradient,39,1.7115967067919304,0.3969849246231156,1.6459804469394304
flywire_783_mb_left_kc512_s702,743,incoming_l1,fly,local_gradient,40,1.7174743219894182,0.38190954773869346,1.6459804469394304
flywire_783_mb_left_kc512_s702,743,incoming_l1,fly,local_gradient,41,1.7244394719006666,0.39195979899497485,1.6459804469394304
flywire_783_mb_left_kc512_s702,743,incoming_l1,fly,local_gradient,42,1.732303078199061,0.3969849246231156,1.6459804469394304
flywire_783_mb_left_kc512_s702,743,incoming_l1,fly,local_gradient,43,1.741030418490144,0.4120603015075377,1.6459804469394304
flywire_783_mb_left_kc512_s702,743,incoming_l1,fly,local_gradient,44,1.7499490908573154,0.41708542713567837,1.6459804469394304
flywire_783_mb_left_kc512_s702,743,incoming_l1,fly,local_gradient,45,1.7575900404583136,0.41708542713567837,1.6459804469394304
flywire_783_mb_left_kc512_s702,743,incoming_l1,fly,local_gradient,46,1.763102759367556,0.41708542713567837,1.6459804469394304
flywire_783_mb_left_kc512_s702,743,incoming_l1,fly,local_gradient,47,1.7670219492691774,0.41708542713567837,1.6459804469394304
flywire_783_mb_left_kc512_s702,743,incoming_l1,fly,local_gradient,48,1.770284356552265,0.4020100502512563,1.6459804469394304
flywire_783_mb_left_kc512_s702,743,incoming_l1,fly,local_gradient,49,1.7732710213347278,0.40703517587939697,1.6459804469394304
flywire_783_mb_left_kc512_s702,743,incoming_l1,fly,local_gradient,50,1.775921544876252,0.4020100502512563,1.6459804469394304
flywire_783_mb_left_kc512_s702,743,incoming_l1,fly,local_gradient,51,1.777997366690741,0.40703517587939697,1.6459804469394304
flywire_783_mb_left_kc512_s702,743,incoming_l1,fly,local_gradient,52,1.7789887799698698,0.4120603015075377,1.6459804469394304
flywire_783_mb_left_kc512_s702,743,incoming_l1,fly,local_gradient,53,1.7783169407813524,0.4120603015075377,1.6459804469394304
flywire_783_mb_left_kc512_s702,743,incoming_l1,fly,local_gradient,54,1.775948346989988,0.4120603015075377,1.6459804469394304
flywire_783_mb_left_kc512_s702,743,incoming_l1,fly,local_gradient,55,1.7725279793120334,0.41708542713567837,1.6459804469394304
flywire_783_mb_left_kc512_s702,743,incoming_l1,fly,local_gradient,56,1.7687756337334328,0.4020100502512563,1.6459804469394304
flywire_783_mb_left_kc512_s702,743,incoming_l1,fly,local_gradient,57,1.7650209696340595,0.39195979899497485,1.6459804469394304
flywire_783_mb_left_kc512_s702,743,incoming_l1,fly,local_gradient,58,1.7613213490345994,0.3969849246231156,1.6459804469394304
flywire_783_mb_left_kc512_s702,743,incoming_l1,fly,local_gradient,59,1.7576605303153168,0.39195979899497485,1.6459804469394304
flywire_783_mb_left_kc512_s702,743,incoming_l1,fly,local_gradient,60,1.7540055243728314,0.37185929648241206,1.6459804469394304
flywire_783_mb_left_kc512_s702,743,incoming_l1,fly,local_gradient,61,1.7505024512628986,0.3768844221105528,1.6459804469394304
flywire_783_mb_left_kc512_s702,743,incoming_l1,fly,local_gradient,62,1.7475883133292949,0.3768844221105528,1.6459804469394304
flywire_783_mb_left_kc512_s702,743,incoming_l1,fly,local_gradient,63,1.7456378205883334,0.35678391959798994,1.6459804469394304
flywire_783_mb_left_kc512_s702,743,incoming_l1,fly,local_gradient,64,1.7446558679276387,0.35175879396984927,1.6459804469394304
flywire_783_mb_left_kc512_s702,743,incoming_l1,fly,local_gradient,65,1.7445178405483122,0.35678391959798994,1.6459804469394304
flywire_783_mb_left_kc512_s702,743,incoming_l1,fly,local_gradient,66,1.7452418316577731,0.35678391959798994,1.6459804469394304
flywire_783_mb_left_kc512_s702,743,incoming_l1,fly,local_gradient,67,1.7469549079259201,0.36683417085427134,1.6459804469394304
flywire_783_mb_left_kc512_s702,743,incoming_l1,fly,local_gradient,68,1.7498948337581137,0.37185929648241206,1.6459804469394304
flywire_783_mb_left_kc512_s702,743,incoming_l1,fly,local_gradient,69,1.7543317134219834,0.36180904522613067,1.6459804469394304
flywire_783_mb_left_kc512_s702,743,incoming_l1,fly,local_gradient,70,1.7602089761279591,0.36180904522613067,1.6459804469394304
flywire_783_mb_left_kc512_s702,743,incoming_l1,fly,local_gradient,71,1.7671268865771357,0.35678391959798994,1.6459804469394304
flywire_783_mb_left_kc512_s702,743,incoming_l1,fly,local_gradient,72,1.77485217871086,0.35175879396984927,1.6459804469394304
flywire_783_mb_left_kc512_s702,743,incoming_l1,fly,local_gradient,73,1.7834770658261319,0.3417085427135678,1.6459804469394304
flywire_783_mb_left_kc512_s702,743,incoming_l1,fly,local_gradient,74,1.7931037253640363,0.3316582914572864,1.6459804469394304
flywire_783_mb_left_kc512_s702,743,incoming_l1,fly,local_gradient,75,1.8037026714719973,0.3316582914572864,1.6459804469394304
flywire_783_mb_left_kc512_s702,743,incoming_l1,fly,local_gradient,76,1.8150659731057384,0.33668341708542715,1.6459804469394304
flywire_783_mb_left_kc512_s702,743,incoming_l1,fly,local_gradient,77,1.826720390223493,0.3417085427135678,1.6459804469394304
flywire_783_mb_left_kc512_s702,743,incoming_l1,fly,local_gradient,78,1.8381811779402029,0.35175879396984927,1.6459804469394304
flywire_783_mb_left_kc512_s702,743,incoming_l1,fly,local_gradient,79,1.8493169331046928,0.36180904522613067,1.6459804469394304
flywire_783_mb_left_kc512_s702,743,incoming_l1,fly,local_gradient,80,1.8602395751055634,0.3417085427135678,1.6459804469394304
flywire_783_mb_left_kc512_s702,743,incoming_l1,fly,local_gradient,81,1.8709616786735963,0.33668341708542715,1.6459804469394304
flywire_783_mb_left_kc512_s702,743,incoming_l1,fly,local_gradient,82,1.881270551205565,0.3417085427135678,1.6459804469394304
flywire_783_mb_left_kc512_s702,743,incoming_l1,fly,local_gradient,83,1.890773173370929,0.33668341708542715,1.6459804469394304
flywire_783_mb_left_kc512_s702,743,incoming_l1,fly,local_gradient,84,1.8990740617144575,0.3316582914572864,1.6459804469394304
flywire_783_mb_left_kc512_s702,743,incoming_l1,fly,local_gradient,85,1.9060550009972705,0.33668341708542715,1.6459804469394304
flywire_783_mb_left_kc512_s702,743,incoming_l1,fly,local_gradient,86,1.9119356171021376,0.34673366834170855,1.6459804469394304
flywire_783_mb_left_kc512_s702,743,incoming_l1,fly,local_gradient,87,1.9170190054060083,0.3417085427135678,1.6459804469394304
flywire_783_mb_left_kc512_s702,743,incoming_l1,fly,local_gradient,88,1.92144936756663,0.3165829145728643,1.6459804469394304
flywire_783_mb_left_kc512_s702,743,incoming_l1,fly,local_gradient,89,1.925165295550477,0.32663316582914576,1.6459804469394304
flywire_783_mb_left_kc512_s702,743,incoming_l1,fly,local_gradient,90,1.9279915587519436,0.32663316582914576,1.6459804469394304
flywire_783_mb_left_kc512_s702,743,incoming_l1,fly,local_gradient,91,1.9298105979059008,0.32160804020100503,1.6459804469394304
flywire_783_mb_left_kc512_s702,743,incoming_l1,fly,local_gradient,92,1.9306811107372364,0.32160804020100503,1.6459804469394304
flywire_783_mb_left_kc512_s702,743,incoming_l1,fly,local_gradient,93,1.930768956005704,0.3165829145728643,1.6459804469394304
flywire_783_mb_left_kc512_s702,743,incoming_l1,fly,local_gradient,94,1.9301883444933239,0.32160804020100503,1.6459804469394304
flywire_783_mb_left_kc512_s702,743,incoming_l1,fly,local_gradient,95,1.9289351697241006,0.32160804020100503,1.6459804469394304
flywire_783_mb_left_kc512_s702,743,incoming_l1,fly,local_gradient,96,1.9269403643614402,0.32663316582914576,1.6459804469394304
flywire_783_mb_left_kc512_s702,743,incoming_l1,fly,local_gradient,97,1.924181857152479,0.32160804020100503,1.6459804469394304
flywire_783_mb_left_kc512_s702,743,incoming_l1,fly,local_gradient,98,1.9207781299597466,0.3417085427135678,1.6459804469394304
flywire_783_mb_left_kc512_s702,743,incoming_l1,fly,local_gradient,99,1.9169785318228003,0.3417085427135678,1.6459804469394304
flywire_783_mb_left_kc512_s702,743,incoming_l1,fly,local_gradient,100,1.9130610970360977,0.33668341708542715,1.6459804469394304
flywire_783_mb_left_kc512_s702,743,incoming_l1,fly,permuted_bptt,0,3.199337524721612,0.11055276381909548,3.199337524721612
flywire_783_mb_left_kc512_s702,743,incoming_l1,fly,permuted_bptt,1,3.0651693307967407,0.11557788944723618,3.0651693307967407
flywire_783_mb_left_kc512_s702,743,incoming_l1,fly,permuted_bptt,2,2.985723250599161,0.11055276381909548,2.985723250599161
flywire_783_mb_left_kc512_s702,743,incoming_l1,fly,permuted_bptt,3,2.9078924493857707,0.135678391959799,2.9078924493857707
flywire_783_mb_left_kc512_s702,743,incoming_l1,fly,permuted_bptt,4,2.8605084922190342,0.16080402010050251,2.8605084922190342
flywire_783_mb_left_kc512_s702,743,incoming_l1,fly,permuted_bptt,5,2.822605972565147,0.15577889447236182,2.822605972565147
flywire_783_mb_left_kc512_s702,743,incoming_l1,fly,permuted_bptt,6,2.778916170583956,0.17587939698492464,2.778916170583956
flywire_783_mb_left_kc512_s702,743,incoming_l1,fly,permuted_bptt,7,2.7476542353449895,0.18592964824120603,2.7476542353449895
flywire_783_mb_left_kc512_s702,743,incoming_l1,fly,permuted_bptt,8,2.722699466588912,0.18592964824120603,2.722699466588912
flywire_783_mb_left_kc512_s702,743,incoming_l1,fly,permuted_bptt,9,2.691545680837525,0.19095477386934673,2.691545680837525
flywire_783_mb_left_kc512_s702,743,incoming_l1,fly,permuted_bptt,10,2.6629250183163466,0.18592964824120603,2.6629250183163466
flywire_783_mb_left_kc512_s702,743,incoming_l1,fly,permuted_bptt,11,2.640631113590502,0.19597989949748743,2.640631113590502
flywire_783_mb_left_kc512_s702,743,incoming_l1,fly,permuted_bptt,12,2.6169438979194632,0.19095477386934673,2.6169438979194632
flywire_783_mb_left_kc512_s702,743,incoming_l1,fly,permuted_bptt,13,2.5927306165826995,0.17587939698492464,2.5927306165826995
flywire_783_mb_left_kc512_s702,743,incoming_l1,fly,permuted_bptt,14,2.573639338239212,0.18592964824120603,2.573639338239212
flywire_783_mb_left_kc512_s702,743,incoming_l1,fly,permuted_bptt,15,2.55704063492588,0.19095477386934673,2.55704063492588
flywire_783_mb_left_kc512_s702,743,incoming_l1,fly,permuted_bptt,16,2.538963312021329,0.19095477386934673,2.538963312021329
flywire_783_mb_left_kc512_s702,743,incoming_l1,fly,permuted_bptt,17,2.5223095101415063,0.19095477386934673,2.5223095101415063
flywire_783_mb_left_kc512_s702,743,incoming_l1,fly,permuted_bptt,18,2.5085329052195946,0.18592964824120603,2.5085329052195946
flywire_783_mb_left_kc512_s702,743,incoming_l1,fly,permuted_bptt,19,2.4945825246113764,0.18592964824120603,2.4945825246113764
flywire_783_mb_left_kc512_s702,743,incoming_l1,fly,permuted_bptt,20,2.4800680335632026,0.18592964824120603,2.4800680335632026
flywire_783_mb_left_kc512_s702,743,incoming_l1,fly,permuted_bptt,21,2.4672312127927882,0.19095477386934673,2.4672312127927882
flywire_783_mb_left_kc512_s702,743,incoming_l1,fly,permuted_bptt,22,2.4552930636843437,0.20603015075376885,2.4552930636843437
flywire_783_mb_left_kc512_s702,743,incoming_l1,fly,permuted_bptt,23,2.442387600223846,0.21105527638190955,2.442387600223846
flywire_783_mb_left_kc512_s702,743,incoming_l1,fly,permuted_bptt,24,2.429756366614459,0.22613065326633167,2.429756366614459
flywire_783_mb_left_kc512_s702,743,incoming_l1,fly,permuted_bptt,25,2.4183465933993813,0.22110552763819097,2.4183465933993813
flywire_783_mb_left_kc512_s702,743,incoming_l1,fly,permuted_bptt,26,2.4068754155865726,0.21105527638190955,2.4068754155865726
flywire_783_mb_left_kc512_s702,743,incoming_l1,fly,permuted_bptt,27,2.395293851383471,0.21105527638190955,2.395293851383471
flywire_783_mb_left_kc512_s702,743,incoming_l1,fly,permuted_bptt,28,2.38482864191746,0.21105527638190955,2.38482864191746
flywire_783_mb_left_kc512_s702,743,incoming_l1,fly,permuted_bptt,29,2.375037339312446,0.21105527638190955,2.375037339312446
flywire_783_mb_left_kc512_s702,743,incoming_l1,fly,permuted_bptt,30,2.365105295100782,0.21608040201005024,2.365105295100782
flywire_783_mb_left_kc512_s702,743,incoming_l1,fly,permuted_bptt,31,2.355692183882557,0.22613065326633167,2.355692183882557
flywire_783_mb_left_kc512_s702,743,incoming_l1,fly,permuted_bptt,32,2.347048710810506,0.24120603015075376,2.347048710810506
flywire_783_mb_left_kc512_s702,743,incoming_l1,fly,permuted_bptt,33,2.33838222148454,0.24120603015075376,2.33838222148454
flywire_783_mb_left_kc512_s702,743,incoming_l1,fly,permuted_bptt,34,2.329796433425904,0.23618090452261306,2.329796433425904
flywire_783_mb_left_kc512_s702,743,incoming_l1,fly,permuted_bptt,35,2.321868162436801,0.23618090452261306,2.321868162436801
flywire_783_mb_left_kc512_s702,743,incoming_l1,fly,permuted_bptt,36,2.3141715822775932,0.24120603015075376,2.3141715822775932
flywire_783_mb_left_kc512_s702,743,incoming_l1,fly,permuted_bptt,37,2.306457182667917,0.24120603015075376,2.306457182667917
flywire_783_mb_left_kc512_s702,743,incoming_l1,fly,permuted_bptt,38,2.2992472388037895,0.24120603015075376,2.2992472388037895
flywire_783_mb_left_kc512_s702,743,incoming_l1,fly,permuted_bptt,39,2.2924299686917746,0.24120603015075376,2.2924299686917746
flywire_783_mb_left_kc512_s702,743,incoming_l1,fly,permuted_bptt,40,2.285585383756103,0.24120603015075376,2.285585383756103
flywire_783_mb_left_kc512_s702,743,incoming_l1,fly,permuted_bptt,41,2.2790585044848433,0.24120603015075376,2.2790585044848433
flywire_783_mb_left_kc512_s702,743,incoming_l1,fly,permuted_bptt,42,2.272916966181585,0.23115577889447236,2.272916966181585
flywire_783_mb_left_kc512_s702,743,incoming_l1,fly,permuted_bptt,43,2.266764456005135,0.23115577889447236,2.266764456005135
flywire_783_mb_left_kc512_s702,743,incoming_l1,fly,permuted_bptt,44,2.260831781738836,0.23115577889447236,2.260831781738836
flywire_783_mb_left_kc512_s702,743,incoming_l1,fly,permuted_bptt,45,2.2552654960950957,0.22613065326633167,2.2552654960950957
flywire_783_mb_left_kc512_s702,743,incoming_l1,fly,permuted_bptt,46,2.2497390295732704,0.23115577889447236,2.2497390295732704
flywire_783_mb_left_kc512_s702,743,incoming_l1,fly,permuted_bptt,47,2.2443792760954433,0.22613065326633167,2.2443792760954433
flywire_783_mb_left_kc512_s702,743,incoming_l1,fly,permuted_bptt,48,2.2393116663877026,0.22613065326633167,2.2393116663877026
flywire_783_mb_left_kc512_s702,743,incoming_l1,fly,permuted_bptt,49,2.234283415552974,0.22613065326633167,2.234283415552974
flywire_783_mb_left_kc512_s702,743,incoming_l1,fly,permuted_bptt,50,2.229373178617103,0.22613065326633167,2.229373178617103
flywire_783_mb_left_kc512_s702,743,incoming_l1,fly,permuted_bptt,51,2.2246892939093783,0.23115577889447236,2.2246892939093783
flywire_783_mb_left_kc512_s702,743,incoming_l1,fly,permuted_bptt,52,2.220065306564876,0.23115577889447236,2.220065306564876
flywire_783_mb_left_kc512_s702,743,incoming_l1,fly,permuted_bptt,53,2.2155677526170106,0.23115577889447236,2.2155677526170106
flywire_783_mb_left_kc512_s702,743,incoming_l1,fly,permuted_bptt,54,2.2112812627382863,0.23115577889447236,2.2112812627382863
flywire_783_mb_left_kc512_s702,743,incoming_l1,fly,permuted_bptt,55,2.2070817996237877,0.22613065326633167,2.2070817996237877
flywire_783_mb_left_kc512_s702,743,incoming_l1,fly,permuted_bptt,56,2.2029976803273232,0.22613065326633167,2.2029976803273232
flywire_783_mb_left_kc512_s702,743,incoming_l1,fly,permuted_bptt,57,2.19907056872764,0.22613065326633167,2.19907056872764
flywire_783_mb_left_kc512_s702,743,incoming_l1,fly,permuted_bptt,58,2.195200482635933,0.22613065326633167,2.195200482635933
flywire_783_mb_left_kc512_s702,743,incoming_l1,fly,permuted_bptt,59,2.191409606198561,0.22613065326633167,2.191409606198561
flywire_783_mb_left_kc512_s702,743,incoming_l1,fly,permuted_bptt,60,2.1877327026123115,0.22613065326633167,2.1877327026123115
flywire_783_mb_left_kc512_s702,743,incoming_l1,fly,permuted_bptt,61,2.1841018965007026,0.23115577889447236,2.1841018965007026
flywire_783_mb_left_kc512_s702,743,incoming_l1,fly,permuted_bptt,62,2.180549416532039,0.23115577889447236,2.180549416532039
flywire_783_mb_left_kc512_s702,743,incoming_l1,fly,permuted_bptt,63,2.177098488524328,0.23115577889447236,2.177098488524328
flywire_783_mb_left_kc512_s702,743,incoming_l1,fly,permuted_bptt,64,2.1736935234357984,0.23115577889447236,2.1736935234357984
flywire_783_mb_left_kc512_s702,743,incoming_l1,fly,permuted_bptt,65,2.1703667867106686,0.23618090452261306,2.1703667867106686
flywire_783_mb_left_kc512_s702,743,incoming_l1,fly,permuted_bptt,66,2.1671169851669743,0.23618090452261306,2.1671169851669743
flywire_783_mb_left_kc512_s702,743,incoming_l1,fly,permuted_bptt,67,2.163901458692761,0.23618090452261306,2.163901458692761
flywire_783_mb_left_kc512_s702,743,incoming_l1,fly,permuted_bptt,68,2.1607549377424813,0.23618090452261306,2.1607549377424813
flywire_783_mb_left_kc512_s702,743,incoming_l1,fly,permuted_bptt,69,2.1576614122214104,0.23618090452261306,2.1576614122214104
flywire_783_mb_left_kc512_s702,743,incoming_l1,fly,permuted_bptt,70,2.154603823834843,0.23618090452261306,2.154603823834843
flywire_783_mb_left_kc512_s702,743,incoming_l1,fly,permuted_bptt,71,2.151612456117144,0.23618090452261306,2.151612456117144
flywire_783_mb_left_kc512_s702,743,incoming_l1,fly,permuted_bptt,72,2.1486631332922626,0.23618090452261306,2.1486631332922626
flywire_783_mb_left_kc512_s702,743,incoming_l1,fly,permuted_bptt,73,2.1457562274821123,0.23618090452261306,2.1457562274821123
flywire_783_mb_left_kc512_s702,743,incoming_l1,fly,permuted_bptt,74,2.1429040423419585,0.24623115577889448,2.1429040423419585
flywire_783_mb_left_kc512_s702,743,incoming_l1,fly,permuted_bptt,75,2.1400833821935277,0.24623115577889448,2.1400833821935277
flywire_783_mb_left_kc512_s702,743,incoming_l1,fly,permuted_bptt,76,2.1373039297801433,0.25125628140703515,2.1373039297801433
flywire_783_mb_left_kc512_s702,743,incoming_l1,fly,permuted_bptt,77,2.1345656624189187,0.25125628140703515,2.1345656624189187
flywire_783_mb_left_kc512_s702,743,incoming_l1,fly,permuted_bptt,78,2.1318562484473063,0.25125628140703515,2.1318562484473063
flywire_783_mb_left_kc512_s702,743,incoming_l1,fly,permuted_bptt,79,2.1291869874740037,0.2562814070351759,2.1291869874740037
flywire_783_mb_left_kc512_s702,743,incoming_l1,fly,permuted_bptt,80,2.1265511368785996,0.2562814070351759,2.1265511368785996
flywire_783_mb_left_kc512_s702,743,incoming_l1,fly,permuted_bptt,81,2.1239446711161882,0.2562814070351759,2.1239446711161882
flywire_783_mb_left_kc512_s702,743,incoming_l1,fly,permuted_bptt,82,2.1213749622971956,0.2562814070351759,2.1213749622971956
flywire_783_mb_left_kc512_s702,743,incoming_l1,fly,permuted_bptt,83,2.1188335097951896,0.2562814070351759,2.1188335097951896
flywire_783_mb_left_kc512_s702,743,incoming_l1,fly,permuted_bptt,84,2.1163229475313114,0.2562814070351759,2.1163229475313114
flywire_783_mb_left_kc512_s702,743,incoming_l1,fly,permuted_bptt,85,2.113844591698147,0.2562814070351759,2.113844591698147
flywire_783_mb_left_kc512_s702,743,incoming_l1,fly,permuted_bptt,86,2.1113907129727925,0.2562814070351759,2.1113907129727925
flywire_783_mb_left_kc512_s702,743,incoming_l1,fly,permuted_bptt,87,2.1089660167214146,0.2562814070351759,2.1089660167214146
flywire_783_mb_left_kc512_s702,743,incoming_l1,fly,permuted_bptt,88,2.1065665424546314,0.2562814070351759,2.1065665424546314
flywire_783_mb_left_kc512_s702,743,incoming_l1,fly,permuted_bptt,89,2.1041914708968745,0.2562814070351759,2.1041914708968745
flywire_783_mb_left_kc512_s702,743,incoming_l1,fly,permuted_bptt,90,2.101844504442841,0.2562814070351759,2.101844504442841
flywire_783_mb_left_kc512_s702,743,incoming_l1,fly,permuted_bptt,91,2.0995206259062438,0.2562814070351759,2.0995206259062438
flywire_783_mb_left_kc512_s702,743,incoming_l1,fly,permuted_bptt,92,2.097222412905712,0.2562814070351759,2.097222412905712
flywire_783_mb_left_kc512_s702,743,incoming_l1,fly,permuted_bptt,93,2.0949479300389204,0.2562814070351759,2.0949479300389204
flywire_783_mb_left_kc512_s702,743,incoming_l1,fly,permuted_bptt,94,2.0926951785486847,0.2562814070351759,2.0926951785486847
flywire_783_mb_left_kc512_s702,743,incoming_l1,fly,permuted_bptt,95,2.0904663627919122,0.2562814070351759,2.0904663627919122
flywire_783_mb_left_kc512_s702,743,incoming_l1,fly,permuted_bptt,96,2.0882586534133236,0.2562814070351759,2.0882586534133236
flywire_783_mb_left_kc512_s702,743,incoming_l1,fly,permuted_bptt,97,2.086073309301455,0.2562814070351759,2.086073309301455
flywire_783_mb_left_kc512_s702,743,incoming_l1,fly,permuted_bptt,98,2.0839098088282233,0.2562814070351759,2.0839098088282233
flywire_783_mb_left_kc512_s702,743,incoming_l1,fly,permuted_bptt,99,2.081766638002041,0.2613065326633166,2.081766638002041
flywire_783_mb_left_kc512_s702,743,incoming_l1,fly,permuted_bptt,100,2.079644843487575,0.2613065326633166,2.079644843487575
flywire_783_mb_left_kc512_s702,743,incoming_l1,role_shuffled,frozen,0,1.5495972519896206,0.4472361809045226,1.5495972519896206
flywire_783_mb_left_kc512_s702,743,incoming_l1,role_shuffled,full_bptt,0,1.5495972519896206,0.4472361809045226,1.5495972519896206
flywire_783_mb_left_kc512_s702,743,incoming_l1,role_shuffled,full_bptt,1,1.565540941935682,0.4020100502512563,1.5495972519896206
flywire_783_mb_left_kc512_s702,743,incoming_l1,role_shuffled,full_bptt,2,1.5783918499550038,0.45226130653266333,1.5495972519896206
flywire_783_mb_left_kc512_s702,743,incoming_l1,role_shuffled,full_bptt,3,1.5614379464370785,0.4221105527638191,1.5495972519896206
flywire_783_mb_left_kc512_s702,743,incoming_l1,role_shuffled,full_bptt,4,1.560609579386914,0.4472361809045226,1.5495972519896206
flywire_783_mb_left_kc512_s702,743,incoming_l1,role_shuffled,full_bptt,5,1.5648234911267083,0.44221105527638194,1.5495972519896206
flywire_783_mb_left_kc512_s702,743,incoming_l1,role_shuffled,full_bptt,6,1.5548830326443879,0.4321608040201005,1.5495972519896206
flywire_783_mb_left_kc512_s702,743,incoming_l1,role_shuffled,full_bptt,7,1.5536100924479113,0.4371859296482412,1.5495972519896206
flywire_783_mb_left_kc512_s702,743,incoming_l1,role_shuffled,full_bptt,8,1.5579524004907734,0.45226130653266333,1.5495972519896206
flywire_783_mb_left_kc512_s702,743,incoming_l1,role_shuffled,full_bptt,9,1.5546463711089107,0.4472361809045226,1.5495972519896206
flywire_783_mb_left_kc512_s702,743,incoming_l1,role_shuffled,full_bptt,10,1.5497852909065306,0.44221105527638194,1.5495972519896206
flywire_783_mb_left_kc512_s702,743,incoming_l1,role_shuffled,full_bptt,11,1.551114193163101,0.4472361809045226,1.5495972519896206
flywire_783_mb_left_kc512_s702,743,incoming_l1,role_shuffled,full_bptt,12,1.5533030108859072,0.45226130653266333,1.5495972519896206
flywire_783_mb_left_kc512_s702,743,incoming_l1,role_shuffled,full_bptt,13,1.5510373815273095,0.4472361809045226,1.5495972519896206
flywire_783_mb_left_kc512_s702,743,incoming_l1,role_shuffled,full_bptt,14,1.5479334273245706,0.44221105527638194,1.5479334273245706
flywire_783_mb_left_kc512_s702,743,incoming_l1,role_shuffled,full_bptt,15,1.548588642260244,0.4472361809045226,1.5479334273245706
flywire_783_mb_left_kc512_s702,743,incoming_l1,role_shuffled,full_bptt,16,1.5502834751665773,0.45226130653266333,1.5479334273245706
flywire_783_mb_left_kc512_s702,743,incoming_l1,role_shuffled,full_bptt,17,1.5487956587342102,0.46733668341708545,1.5479334273245706
flywire_783_mb_left_kc512_s702,743,incoming_l1,role_shuffled,full_bptt,18,1.5464343555454996,0.4371859296482412,1.5464343555454996
flywire_783_mb_left_kc512_s702,743,incoming_l1,role_shuffled,full_bptt,19,1.5467698857632508,0.44221105527638194,1.5464343555454996
flywire_783_mb_left_kc512_s702,743,incoming_l1,role_shuffled,full_bptt,20,1.5479531775176925,0.4371859296482412,1.5464343555454996
flywire_783_mb_left_kc512_s702,743,incoming_l1,role_shuffled,full_bptt,21,1.5471291150682165,0.4371859296482412,1.5464343555454996
flywire_783_mb_left_kc512_s702,743,incoming_l1,role_shuffled,full_bptt,22,1.5457777927799827,0.45226130653266333,1.5457777927799827
flywire_783_mb_left_kc512_s702,743,incoming_l1,role_shuffled,full_bptt,23,1.545741802088103,0.4321608040201005,1.545741802088103
flywire_783_mb_left_kc512_s702,743,incoming_l1,role_shuffled,full_bptt,24,1.5461283026781356,0.4271356783919598,1.545741802088103
flywire_783_mb_left_kc512_s702,743,incoming_l1,role_shuffled,full_bptt,25,1.5456066074956065,0.4321608040201005,1.5456066074956065
flywire_783_mb_left_kc512_s702,743,incoming_l1,role_shuffled,full_bptt,26,1.5448155133179438,0.4271356783919598,1.5448155133179438
flywire_783_mb_left_kc512_s702,743,incoming_l1,role_shuffled,full_bptt,27,1.544852729272619,0.4271356783919598,1.5448155133179438
flywire_783_mb_left_kc512_s702,743,incoming_l1,role_shuffled,full_bptt,28,1.54498648361034,0.4321608040201005,1.5448155133179438
flywire_783_mb_left_kc512_s702,743,incoming_l1,role_shuffled,full_bptt,29,1.5443984268822606,0.44221105527638194,1.5443984268822606
flywire_783_mb_left_kc512_s702,743,incoming_l1,role_shuffled,full_bptt,30,1.5439895699785737,0.4371859296482412,1.5439895699785737
flywire_783_mb_left_kc512_s702,743,incoming_l1,role_shuffled,full_bptt,31,1.5441814604297057,0.44221105527638194,1.5439895699785737
flywire_783_mb_left_kc512_s702,743,incoming_l1,role_shuffled,full_bptt,32,1.5440174303555352,0.44221105527638194,1.5439895699785737
flywire_783_mb_left_kc512_s702,743,incoming_l1,role_shuffled,full_bptt,33,1.543420490420361,0.44221105527638194,1.543420490420361
flywire_783_mb_left_kc512_s702,743,incoming_l1,role_shuffled,full_bptt,34,1.5432142268636897,0.4472361809045226,1.5432142268636897
flywire_783_mb_left_kc512_s702,743,incoming_l1,role_shuffled,full_bptt,35,1.5433617092677032,0.44221105527638194,1.5432142268636897
flywire_783_mb_left_kc512_s702,743,incoming_l1,role_shuffled,full_bptt,36,1.5431767415357043,0.4271356783919598,1.5431767415357043
flywire_783_mb_left_kc512_s702,743,incoming_l1,role_shuffled,full_bptt,37,1.5427212943902822,0.4271356783919598,1.5427212943902822
flywire_783_mb_left_kc512_s702,743,incoming_l1,role_shuffled,full_bptt,38,1.542619321299071,0.44221105527638194,1.542619321299071
flywire_783_mb_left_kc512_s702,743,incoming_l1,role_shuffled,full_bptt,39,1.5426664635796041,0.4371859296482412,1.542619321299071
flywire_783_mb_left_kc512_s702,743,incoming_l1,role_shuffled,full_bptt,40,1.542342166637354,0.44221105527638194,1.542342166637354
flywire_783_mb_left_kc512_s702,743,incoming_l1,role_shuffled,full_bptt,41,1.5420197414380146,0.4321608040201005,1.5420197414380146
flywire_783_mb_left_kc512_s702,743,incoming_l1,role_shuffled,full_bptt,42,1.542027900053615,0.4321608040201005,1.5420197414380146
flywire_783_mb_left_kc512_s702,743,incoming_l1,role_shuffled,full_bptt,43,1.5419697722441665,0.44221105527638194,1.5419697722441665
flywire_783_mb_left_kc512_s702,743,incoming_l1,role_shuffled,full_bptt,44,1.541689274250692,0.44221105527638194,1.541689274250692
flywire_783_mb_left_kc512_s702,743,incoming_l1,role_shuffled,full_bptt,45,1.5414884709582528,0.44221105527638194,1.5414884709582528
flywire_783_mb_left_kc512_s702,743,incoming_l1,role_shuffled,full_bptt,46,1.5414250921588875,0.44221105527638194,1.5414250921588875
flywire_783_mb_left_kc512_s702,743,incoming_l1,role_shuffled,full_bptt,47,1.5412604103171796,0.4371859296482412,1.5412604103171796
flywire_783_mb_left_kc512_s702,743,incoming_l1,role_shuffled,full_bptt,48,1.5410560920276601,0.4371859296482412,1.5410560920276601
flywire_783_mb_left_kc512_s702,743,incoming_l1,role_shuffled,full_bptt,49,1.5409672010567177,0.4321608040201005,1.5409672010567177
flywire_783_mb_left_kc512_s702,743,incoming_l1,role_shuffled,full_bptt,50,1.5408351217460776,0.4321608040201005,1.5408351217460776
flywire_783_mb_left_kc512_s702,743,incoming_l1,role_shuffled,full_bptt,51,1.5406383189411077,0.4271356783919598,1.5406383189411077
flywire_783_mb_left_kc512_s702,743,incoming_l1,role_shuffled,full_bptt,52,1.5405212522716931,0.4271356783919598,1.5405212522716931
flywire_783_mb_left_kc512_s702,743,incoming_l1,role_shuffled,full_bptt,53,1.5404180161299346,0.4371859296482412,1.5404180161299346
flywire_783_mb_left_kc512_s702,743,incoming_l1,role_shuffled,full_bptt,54,1.540240677981376,0.4321608040201005,1.540240677981376
flywire_783_mb_left_kc512_s702,743,incoming_l1,role_shuffled,full_bptt,55,1.5400884910974857,0.4371859296482412,1.5400884910974857
flywire_783_mb_left_kc512_s702,743,incoming_l1,role_shuffled,full_bptt,56,1.5399976324691247,0.4271356783919598,1.5399976324691247
flywire_783_mb_left_kc512_s702,743,incoming_l1,role_shuffled,full_bptt,57,1.539851165156515,0.4321608040201005,1.539851165156515
flywire_783_mb_left_kc512_s702,743,incoming_l1,role_shuffled,full_bptt,58,1.5396889944993113,0.4371859296482412,1.5396889944993113
flywire_783_mb_left_kc512_s702,743,incoming_l1,role_shuffled,full_bptt,59,1.53958964745672,0.4321608040201005,1.53958964745672
flywire_783_mb_left_kc512_s702,743,incoming_l1,role_shuffled,full_bptt,60,1.5394655791190688,0.4321608040201005,1.5394655791190688
flywire_783_mb_left_kc512_s702,743,incoming_l1,role_shuffled,full_bptt,61,1.5393049567967765,0.4271356783919598,1.5393049567967765
flywire_783_mb_left_kc512_s702,743,incoming_l1,role_shuffled,full_bptt,62,1.5391841765042753,0.4271356783919598,1.5391841765042753
flywire_783_mb_left_kc512_s702,743,incoming_l1,role_shuffled,full_bptt,63,1.5390784721338224,0.4271356783919598,1.5390784721338224
flywire_783_mb_left_kc512_s702,743,incoming_l1,role_shuffled,full_bptt,64,1.5389372489977826,0.4321608040201005,1.5389372489977826
flywire_783_mb_left_kc512_s702,743,incoming_l1,role_shuffled,full_bptt,65,1.5388064631275093,0.4371859296482412,1.5388064631275093
flywire_783_mb_left_kc512_s702,743,incoming_l1,role_shuffled,full_bptt,66,1.5386938608829193,0.4321608040201005,1.5386938608829193
flywire_783_mb_left_kc512_s702,743,incoming_l1,role_shuffled,full_bptt,67,1.5385607855090866,0.4371859296482412,1.5385607855090866
flywire_783_mb_left_kc512_s702,743,incoming_l1,role_shuffled,full_bptt,68,1.5384363274518131,0.4321608040201005,1.5384363274518131
flywire_783_mb_left_kc512_s702,743,incoming_l1,role_shuffled,full_bptt,69,1.5383238730612407,0.4321608040201005,1.5383238730612407
flywire_783_mb_left_kc512_s702,743,incoming_l1,role_shuffled,full_bptt,70,1.5381969087109415,0.4321608040201005,1.5381969087109415
flywire_783_mb_left_kc512_s702,743,incoming_l1,role_shuffled,full_bptt,71,1.5380719944702088,0.4371859296482412,1.5380719944702088
flywire_783_mb_left_kc512_s702,743,incoming_l1,role_shuffled,full_bptt,72,1.537959951305476,0.4371859296482412,1.537959951305476
flywire_783_mb_left_kc512_s702,743,incoming_l1,role_shuffled,full_bptt,73,1.5378370286102334,0.4371859296482412,1.5378370286102334
flywire_783_mb_left_kc512_s702,743,incoming_l1,role_shuffled,full_bptt,74,1.5377142078726425,0.4371859296482412,1.5377142078726425
flywire_783_mb_left_kc512_s702,743,incoming_l1,role_shuffled,full_bptt,75,1.537604063876474,0.4321608040201005,1.537604063876474
flywire_783_mb_left_kc512_s702,743,incoming_l1,role_shuffled,full_bptt,76,1.5374844093664928,0.4321608040201005,1.5374844093664928
flywire_783_mb_left_kc512_s702,743,incoming_l1,role_shuffled,full_bptt,77,1.5373629061650655,0.4271356783919598,1.5373629061650655
flywire_783_mb_left_kc512_s702,743,incoming_l1,role_shuffled,full_bptt,78,1.5372516527392928,0.4321608040201005,1.5372516527392928
flywire_783_mb_left_kc512_s702,743,incoming_l1,role_shuffled,full_bptt,79,1.5371367789144972,0.4321608040201005,1.5371367789144972
flywire_783_mb_left_kc512_s702,743,incoming_l1,role_shuffled,full_bptt,80,1.5370186740951286,0.4371859296482412,1.5370186740951286
flywire_783_mb_left_kc512_s702,743,incoming_l1,role_shuffled,full_bptt,81,1.5369075866919935,0.4321608040201005,1.5369075866919935
flywire_783_mb_left_kc512_s702,743,incoming_l1,role_shuffled,full_bptt,82,1.5367937777682077,0.4321608040201005,1.5367937777682077
flywire_783_mb_left_kc512_s702,743,incoming_l1,role_shuffled,full_bptt,83,1.536679009542213,0.4321608040201005,1.536679009542213
flywire_783_mb_left_kc512_s702,743,incoming_l1,role_shuffled,full_bptt,84,1.536568801412153,0.4321608040201005,1.536568801412153
flywire_783_mb_left_kc512_s702,743,incoming_l1,role_shuffled,full_bptt,85,1.536456381866324,0.4321608040201005,1.536456381866324
flywire_783_mb_left_kc512_s702,743,incoming_l1,role_shuffled,full_bptt,86,1.5363440090696787,0.4321608040201005,1.5363440090696787
flywire_783_mb_left_kc512_s702,743,incoming_l1,role_shuffled,full_bptt,87,1.5362351957948701,0.4321608040201005,1.5362351957948701
flywire_783_mb_left_kc512_s702,743,incoming_l1,role_shuffled,full_bptt,88,1.536124262304282,0.4321608040201005,1.536124262304282
flywire_783_mb_left_kc512_s702,743,incoming_l1,role_shuffled,full_bptt,89,1.5360139873027878,0.4271356783919598,1.5360139873027878
flywire_783_mb_left_kc512_s702,743,incoming_l1,role_shuffled,full_bptt,90,1.5359065968308012,0.4321608040201005,1.5359065968308012
flywire_783_mb_left_kc512_s702,743,incoming_l1,role_shuffled,full_bptt,91,1.5357969364229662,0.4321608040201005,1.5357969364229662
flywire_783_mb_left_kc512_s702,743,incoming_l1,role_shuffled,full_bptt,92,1.5356884490780331,0.4321608040201005,1.5356884490780331
flywire_783_mb_left_kc512_s702,743,incoming_l1,role_shuffled,full_bptt,93,1.5355822883041659,0.4371859296482412,1.5355822883041659
flywire_783_mb_left_kc512_s702,743,incoming_l1,role_shuffled,full_bptt,94,1.5354746578128051,0.4371859296482412,1.5354746578128051
flywire_783_mb_left_kc512_s702,743,incoming_l1,role_shuffled,full_bptt,95,1.5353677256609932,0.4321608040201005,1.5353677256609932
flywire_783_mb_left_kc512_s702,743,incoming_l1,role_shuffled,full_bptt,96,1.535262430996333,0.4321608040201005,1.535262430996333
flywire_783_mb_left_kc512_s702,743,incoming_l1,role_shuffled,full_bptt,97,1.5351563131566472,0.4271356783919598,1.5351563131566472
flywire_783_mb_left_kc512_s702,743,incoming_l1,role_shuffled,full_bptt,98,1.5350513293635846,0.4321608040201005,1.5350513293635846
flywire_783_mb_left_kc512_s702,743,incoming_l1,role_shuffled,full_bptt,99,1.5349469416506047,0.4321608040201005,1.5349469416506047
flywire_783_mb_left_kc512_s702,743,incoming_l1,role_shuffled,full_bptt,100,1.5348423696158666,0.4321608040201005,1.5348423696158666
flywire_783_mb_left_kc512_s702,743,incoming_l1,role_shuffled,local_gradient,0,1.5495972519896206,0.4472361809045226,1.5495972519896206
flywire_783_mb_left_kc512_s702,743,incoming_l1,role_shuffled,local_gradient,1,1.5750025141525805,0.45226130653266333,1.5495972519896206
flywire_783_mb_left_kc512_s702,743,incoming_l1,role_shuffled,local_gradient,2,1.58741421620183,0.4271356783919598,1.5495972519896206
flywire_783_mb_left_kc512_s702,743,incoming_l1,role_shuffled,local_gradient,3,1.5734402368291063,0.44221105527638194,1.5495972519896206
flywire_783_mb_left_kc512_s702,743,incoming_l1,role_shuffled,local_gradient,4,1.5787496976780033,0.4221105527638191,1.5495972519896206
flywire_783_mb_left_kc512_s702,743,incoming_l1,role_shuffled,local_gradient,5,1.5813493420347047,0.4472361809045226,1.5495972519896206
flywire_783_mb_left_kc512_s702,743,incoming_l1,role_shuffled,local_gradient,6,1.5767942393968906,0.4723618090452261,1.5495972519896206
flywire_783_mb_left_kc512_s702,743,incoming_l1,role_shuffled,local_gradient,7,1.5820471649867704,0.4623115577889447,1.5495972519896206
flywire_783_mb_left_kc512_s702,743,incoming_l1,role_shuffled,local_gradient,8,1.5900242691677686,0.45226130653266333,1.5495972519896206
flywire_783_mb_left_kc512_s702,743,incoming_l1,role_shuffled,local_gradient,9,1.5874971177545016,0.4623115577889447,1.5495972519896206
flywire_783_mb_left_kc512_s702,743,incoming_l1,role_shuffled,local_gradient,10,1.5799014916923317,0.46733668341708545,1.5495972519896206
flywire_783_mb_left_kc512_s702,743,incoming_l1,role_shuffled,local_gradient,11,1.5759470203886294,0.457286432160804,1.5495972519896206
flywire_783_mb_left_kc512_s702,743,incoming_l1,role_shuffled,local_gradient,12,1.5752160555396153,0.457286432160804,1.5495972519896206
flywire_783_mb_left_kc512_s702,743,incoming_l1,role_shuffled,local_gradient,13,1.5740567463793216,0.457286432160804,1.5495972519896206
flywire_783_mb_left_kc512_s702,743,incoming_l1,role_shuffled,local_gradient,14,1.5734182609514995,0.4472361809045226,1.5495972519896206
flywire_783_mb_left_kc512_s702,743,incoming_l1,role_shuffled,local_gradient,15,1.5747447753078831,0.44221105527638194,1.5495972519896206
flywire_783_mb_left_kc512_s702,743,incoming_l1,role_shuffled,local_gradient,16,1.576721033963292,0.4271356783919598,1.5495972519896206
flywire_783_mb_left_kc512_s702,743,incoming_l1,role_shuffled,local_gradient,17,1.5792365899917256,0.4221105527638191,1.5495972519896206
flywire_783_mb_left_kc512_s702,743,incoming_l1,role_shuffled,local_gradient,18,1.5842876578560412,0.44221105527638194,1.5495972519896206
flywire_783_mb_left_kc512_s702,743,incoming_l1,role_shuffled,local_gradient,19,1.5924165886531216,0.4371859296482412,1.5495972519896206
flywire_783_mb_left_kc512_s702,743,incoming_l1,role_shuffled,local_gradient,20,1.6007714395239987,0.4271356783919598,1.5495972519896206
flywire_783_mb_left_kc512_s702,743,incoming_l1,role_shuffled,local_gradient,21,1.605330100062592,0.4371859296482412,1.5495972519896206
flywire_783_mb_left_kc512_s702,743,incoming_l1,role_shuffled,local_gradient,22,1.6047753941048082,0.4371859296482412,1.5495972519896206
flywire_783_mb_left_kc512_s702,743,incoming_l1,role_shuffled,local_gradient,23,1.6014560020998172,0.4321608040201005,1.5495972519896206
flywire_783_mb_left_kc512_s702,743,incoming_l1,role_shuffled,local_gradient,24,1.599112510179604,0.4221105527638191,1.5495972519896206
flywire_783_mb_left_kc512_s702,743,incoming_l1,role_shuffled,local_gradient,25,1.5994241296735614,0.4221105527638191,1.5495972519896206
flywire_783_mb_left_kc512_s702,743,incoming_l1,role_shuffled,local_gradient,26,1.6008786203648613,0.4321608040201005,1.5495972519896206
flywire_783_mb_left_kc512_s702,743,incoming_l1,role_shuffled,local_gradient,27,1.6024241764407932,0.4271356783919598,1.5495972519896206
flywire_783_mb_left_kc512_s702,743,incoming_l1,role_shuffled,local_gradient,28,1.605188636927418,0.4371859296482412,1.5495972519896206
flywire_783_mb_left_kc512_s702,743,incoming_l1,role_shuffled,local_gradient,29,1.6090870080080732,0.4371859296482412,1.5495972519896206
flywire_783_mb_left_kc512_s702,743,incoming_l1,role_shuffled,local_gradient,30,1.6124990249669537,0.4321608040201005,1.5495972519896206
flywire_783_mb_left_kc512_s702,743,incoming_l1,role_shuffled,local_gradient,31,1.6155756731636988,0.4271356783919598,1.5495972519896206
flywire_783_mb_left_kc512_s702,743,incoming_l1,role_shuffled,local_gradient,32,1.6194839426111485,0.41708542713567837,1.5495972519896206
flywire_783_mb_left_kc512_s702,743,incoming_l1,role_shuffled,local_gradient,33,1.6237059903340538,0.4020100502512563,1.5495972519896206
flywire_783_mb_left_kc512_s702,743,incoming_l1,role_shuffled,local_gradient,34,1.6273441979011054,0.4020100502512563,1.5495972519896206
flywire_783_mb_left_kc512_s702,743,incoming_l1,role_shuffled,local_gradient,35,1.6312711731720062,0.3969849246231156,1.5495972519896206
flywire_783_mb_left_kc512_s702,743,incoming_l1,role_shuffled,local_gradient,36,1.6367455081790376,0.40703517587939697,1.5495972519896206
flywire_783_mb_left_kc512_s702,743,incoming_l1,role_shuffled,local_gradient,37,1.643700623399236,0.41708542713567837,1.5495972519896206
flywire_783_mb_left_kc512_s702,743,incoming_l1,role_shuffled,local_gradient,38,1.651231994990268,0.4120603015075377,1.5495972519896206
flywire_783_mb_left_kc512_s702,743,incoming_l1,role_shuffled,local_gradient,39,1.6585863384778576,0.4120603015075377,1.5495972519896206
flywire_783_mb_left_kc512_s702,743,incoming_l1,role_shuffled,local_gradient,40,1.6655945658116054,0.4221105527638191,1.5495972519896206
flywire_783_mb_left_kc512_s702,743,incoming_l1,role_shuffled,local_gradient,41,1.67261614477254,0.41708542713567837,1.5495972519896206
flywire_783_mb_left_kc512_s702,743,incoming_l1,role_shuffled,local_gradient,42,1.6799518993748537,0.41708542713567837,1.5495972519896206
flywire_783_mb_left_kc512_s702,743,incoming_l1,role_shuffled,local_gradient,43,1.6874977303036258,0.4020100502512563,1.5495972519896206
flywire_783_mb_left_kc512_s702,743,incoming_l1,role_shuffled,local_gradient,44,1.695072870941395,0.4020100502512563,1.5495972519896206
flywire_783_mb_left_kc512_s702,743,incoming_l1,role_shuffled,local_gradient,45,1.7025295883476728,0.4020100502512563,1.5495972519896206
flywire_783_mb_left_kc512_s702,743,incoming_l1,role_shuffled,local_gradient,46,1.7095990358537265,0.3869346733668342,1.5495972519896206
flywire_783_mb_left_kc512_s702,743,incoming_l1,role_shuffled,local_gradient,47,1.7160380436470117,0.3869346733668342,1.5495972519896206
flywire_783_mb_left_kc512_s702,743,incoming_l1,role_shuffled,local_gradient,48,1.7217473550210955,0.38190954773869346,1.5495972519896206
flywire_783_mb_left_kc512_s702,743,incoming_l1,role_shuffled,local_gradient,49,1.726769525240671,0.38190954773869346,1.5495972519896206
flywire_783_mb_left_kc512_s702,743,incoming_l1,role_shuffled,local_gradient,50,1.7313337637103459,0.3768844221105528,1.5495972519896206
flywire_783_mb_left_kc512_s702,743,incoming_l1,role_shuffled,local_gradient,51,1.7357019158773122,0.3768844221105528,1.5495972519896206
flywire_783_mb_left_kc512_s702,743,incoming_l1,role_shuffled,local_gradient,52,1.7399985537090554,0.37185929648241206,1.5495972519896206
flywire_783_mb_left_kc512_s702,743,incoming_l1,role_shuffled,local_gradient,53,1.7443175129048458,0.3768844221105528,1.5495972519896206
flywire_783_mb_left_kc512_s702,743,incoming_l1,role_shuffled,local_gradient,54,1.7487231800134708,0.37185929648241206,1.5495972519896206
flywire_783_mb_left_kc512_s702,743,incoming_l1,role_shuffled,local_gradient,55,1.7531465402728812,0.37185929648241206,1.5495972519896206
flywire_783_mb_left_kc512_s702,743,incoming_l1,role_shuffled,local_gradient,56,1.7575569425576112,0.37185929648241206,1.5495972519896206
flywire_783_mb_left_kc512_s702,743,incoming_l1,role_shuffled,local_gradient,57,1.7620969557686486,0.35678391959798994,1.5495972519896206
flywire_783_mb_left_kc512_s702,743,incoming_l1,role_shuffled,local_gradient,58,1.7669382311433426,0.34673366834170855,1.5495972519896206
flywire_783_mb_left_kc512_s702,743,incoming_l1,role_shuffled,local_gradient,59,1.7721755318361172,0.35678391959798994,1.5495972519896206
flywire_783_mb_left_kc512_s702,743,incoming_l1,role_shuffled,local_gradient,60,1.7777797594403737,0.34673366834170855,1.5495972519896206
flywire_783_mb_left_kc512_s702,743,incoming_l1,role_shuffled,local_gradient,61,1.783540417876732,0.35175879396984927,1.5495972519896206
flywire_783_mb_left_kc512_s702,743,incoming_l1,role_shuffled,local_gradient,62,1.789150233294423,0.35678391959798994,1.5495972519896206
flywire_783_mb_left_kc512_s702,743,incoming_l1,role_shuffled,local_gradient,63,1.7943181037882907,0.36180904522613067,1.5495972519896206
flywire_783_mb_left_kc512_s702,743,incoming_l1,role_shuffled,local_gradient,64,1.7987997180545667,0.35678391959798994,1.5495972519896206
flywire_783_mb_left_kc512_s702,743,incoming_l1,role_shuffled,local_gradient,65,1.8024557298343848,0.35175879396984927,1.5495972519896206
flywire_783_mb_left_kc512_s702,743,incoming_l1,role_shuffled,local_gradient,66,1.8052955368874222,0.3417085427135678,1.5495972519896206
flywire_783_mb_left_kc512_s702,743,incoming_l1,role_shuffled,local_gradient,67,1.8074427113510712,0.3417085427135678,1.5495972519896206
flywire_783_mb_left_kc512_s702,743,incoming_l1,role_shuffled,local_gradient,68,1.809092636302191,0.34673366834170855,1.5495972519896206
flywire_783_mb_left_kc512_s702,743,incoming_l1,role_shuffled,local_gradient,69,1.810468761321046,0.33668341708542715,1.5495972519896206
flywire_783_mb_left_kc512_s702,743,incoming_l1,role_shuffled,local_gradient,70,1.8117793907956428,0.3417085427135678,1.5495972519896206
flywire_783_mb_left_kc512_s702,743,incoming_l1,role_shuffled,local_gradient,71,1.813236614890944,0.35678391959798994,1.5495972519896206
flywire_783_mb_left_kc512_s702,743,incoming_l1,role_shuffled,local_gradient,72,1.8151004607646997,0.36180904522613067,1.5495972519896206
flywire_783_mb_left_kc512_s702,743,incoming_l1,role_shuffled,local_gradient,73,1.8176748780270728,0.35678391959798994,1.5495972519896206
flywire_783_mb_left_kc512_s702,743,incoming_l1,role_shuffled,local_gradient,74,1.8212310837371486,0.35175879396984927,1.5495972519896206
flywire_783_mb_left_kc512_s702,743,incoming_l1,role_shuffled,local_gradient,75,1.825840950057215,0.35175879396984927,1.5495972519896206
flywire_783_mb_left_kc512_s702,743,incoming_l1,role_shuffled,local_gradient,76,1.8312493355908281,0.3316582914572864,1.5495972519896206
flywire_783_mb_left_kc512_s702,743,incoming_l1,role_shuffled,local_gradient,77,1.8369883824735906,0.3316582914572864,1.5495972519896206
flywire_783_mb_left_kc512_s702,743,incoming_l1,role_shuffled,local_gradient,78,1.8426782935192154,0.32160804020100503,1.5495972519896206
flywire_783_mb_left_kc512_s702,743,incoming_l1,role_shuffled,local_gradient,79,1.8482475120452035,0.33668341708542715,1.5495972519896206
flywire_783_mb_left_kc512_s702,743,incoming_l1,role_shuffled,local_gradient,80,1.8539066825245962,0.33668341708542715,1.5495972519896206
flywire_783_mb_left_kc512_s702,743,incoming_l1,role_shuffled,local_gradient,81,1.8599530918824487,0.33668341708542715,1.5495972519896206
flywire_783_mb_left_kc512_s702,743,incoming_l1,role_shuffled,local_gradient,82,1.8666179719571045,0.3316582914572864,1.5495972519896206
flywire_783_mb_left_kc512_s702,743,incoming_l1,role_shuffled,local_gradient,83,1.874037399573963,0.3417085427135678,1.5495972519896206
flywire_783_mb_left_kc512_s702,743,incoming_l1,role_shuffled,local_gradient,84,1.8822292370954514,0.3316582914572864,1.5495972519896206
flywire_783_mb_left_kc512_s702,743,incoming_l1,role_shuffled,local_gradient,85,1.8910278182292835,0.32663316582914576,1.5495972519896206
flywire_783_mb_left_kc512_s702,743,incoming_l1,role_shuffled,local_gradient,86,1.9000747573828642,0.3417085427135678,1.5495972519896206
flywire_783_mb_left_kc512_s702,743,incoming_l1,role_shuffled,local_gradient,87,1.908906005498116,0.3417085427135678,1.5495972519896206
flywire_783_mb_left_kc512_s702,743,incoming_l1,role_shuffled,local_gradient,88,1.9170905747261477,0.3417085427135678,1.5495972519896206
flywire_783_mb_left_kc512_s702,743,incoming_l1,role_shuffled,local_gradient,89,1.9243635871988025,0.3417085427135678,1.5495972519896206
flywire_783_mb_left_kc512_s702,743,incoming_l1,role_shuffled,local_gradient,90,1.9306754090103828,0.3417085427135678,1.5495972519896206
flywire_783_mb_left_kc512_s702,743,incoming_l1,role_shuffled,local_gradient,91,1.9361287195635737,0.33668341708542715,1.5495972519896206
flywire_783_mb_left_kc512_s702,743,incoming_l1,role_shuffled,local_gradient,92,1.9408667158220527,0.3316582914572864,1.5495972519896206
flywire_783_mb_left_kc512_s702,743,incoming_l1,role_shuffled,local_gradient,93,1.9450099456223815,0.34673366834170855,1.5495972519896206
flywire_783_mb_left_kc512_s702,743,incoming_l1,role_shuffled,local_gradient,94,1.9486874130232155,0.34673366834170855,1.5495972519896206
flywire_783_mb_left_kc512_s702,743,incoming_l1,role_shuffled,local_gradient,95,1.9520872726295093,0.34673366834170855,1.5495972519896206
flywire_783_mb_left_kc512_s702,743,incoming_l1,role_shuffled,local_gradient,96,1.9554455289903514,0.3417085427135678,1.5495972519896206
flywire_783_mb_left_kc512_s702,743,incoming_l1,role_shuffled,local_gradient,97,1.9590089953999106,0.3417085427135678,1.5495972519896206
flywire_783_mb_left_kc512_s702,743,incoming_l1,role_shuffled,local_gradient,98,1.9630369095842053,0.33668341708542715,1.5495972519896206
flywire_783_mb_left_kc512_s702,743,incoming_l1,role_shuffled,local_gradient,99,1.9678417460929476,0.3417085427135678,1.5495972519896206
flywire_783_mb_left_kc512_s702,743,incoming_l1,role_shuffled,local_gradient,100,1.9738232824766404,0.3316582914572864,1.5495972519896206
flywire_783_mb_left_kc512_s702,743,incoming_l1,role_shuffled,permuted_bptt,0,3.409875372954956,0.11055276381909548,3.409875372954956
flywire_783_mb_left_kc512_s702,743,incoming_l1,role_shuffled,permuted_bptt,1,3.302476898758818,0.1507537688442211,3.302476898758818
flywire_783_mb_left_kc512_s702,743,incoming_l1,role_shuffled,permuted_bptt,2,3.1996336552576574,0.11055276381909548,3.1996336552576574
flywire_783_mb_left_kc512_s702,743,incoming_l1,role_shuffled,permuted_bptt,3,3.134690862882481,0.11055276381909548,3.134690862882481
flywire_783_mb_left_kc512_s702,743,incoming_l1,role_shuffled,permuted_bptt,4,3.063773974383317,0.11557788944723618,3.063773974383317
flywire_783_mb_left_kc512_s702,743,incoming_l1,role_shuffled,permuted_bptt,5,3.0153129788665005,0.11557788944723618,3.0153129788665005
flywire_783_mb_left_kc512_s702,743,incoming_l1,role_shuffled,permuted_bptt,6,2.9770871717709926,0.11557788944723618,2.9770871717709926
flywire_783_mb_left_kc512_s702,743,incoming_l1,role_shuffled,permuted_bptt,7,2.932249896876437,0.12562814070351758,2.932249896876437
flywire_783_mb_left_kc512_s702,743,incoming_l1,role_shuffled,permuted_bptt,8,2.8927838703314355,0.135678391959799,2.8927838703314355
flywire_783_mb_left_kc512_s702,743,incoming_l1,role_shuffled,permuted_bptt,9,2.861618102952406,0.16080402010050251,2.861618102952406
flywire_783_mb_left_kc512_s702,743,incoming_l1,role_shuffled,permuted_bptt,10,2.8304564959138743,0.1708542713567839,2.8304564959138743
flywire_783_mb_left_kc512_s702,743,incoming_l1,role_shuffled,permuted_bptt,11,2.798656091831647,0.1708542713567839,2.798656091831647
flywire_783_mb_left_kc512_s702,743,incoming_l1,role_shuffled,permuted_bptt,12,2.7708454718435482,0.1708542713567839,2.7708454718435482
flywire_783_mb_left_kc512_s702,743,incoming_l1,role_shuffled,permuted_bptt,13,2.7461869942190424,0.17587939698492464,2.7461869942190424
flywire_783_mb_left_kc512_s702,743,incoming_l1,role_shuffled,permuted_bptt,14,2.7211765950226185,0.18592964824120603,2.7211765950226185
flywire_783_mb_left_kc512_s702,743,incoming_l1,role_shuffled,permuted_bptt,15,2.696747320677736,0.1708542713567839,2.696747320677736
flywire_783_mb_left_kc512_s702,743,incoming_l1,role_shuffled,permuted_bptt,16,2.6749086269513644,0.17587939698492464,2.6749086269513644
flywire_783_mb_left_kc512_s702,743,incoming_l1,role_shuffled,permuted_bptt,17,2.6544433629825694,0.17587939698492464,2.6544433629825694
flywire_783_mb_left_kc512_s702,743,incoming_l1,role_shuffled,permuted_bptt,18,2.634221248819139,0.17587939698492464,2.634221248819139
flywire_783_mb_left_kc512_s702,743,incoming_l1,role_shuffled,permuted_bptt,19,2.615479909008922,0.17587939698492464,2.615479909008922
flywire_783_mb_left_kc512_s702,743,incoming_l1,role_shuffled,permuted_bptt,20,2.5989908671460156,0.19597989949748743,2.5989908671460156
flywire_783_mb_left_kc512_s702,743,incoming_l1,role_shuffled,permuted_bptt,21,2.5834294144713836,0.19597989949748743,2.5834294144713836
flywire_783_mb_left_kc512_s702,743,incoming_l1,role_shuffled,permuted_bptt,22,2.568029777054761,0.19095477386934673,2.568029777054761
flywire_783_mb_left_kc512_s702,743,incoming_l1,role_shuffled,permuted_bptt,23,2.5535407324655273,0.19095477386934673,2.5535407324655273
flywire_783_mb_left_kc512_s702,743,incoming_l1,role_shuffled,permuted_bptt,24,2.53993649630001,0.18592964824120603,2.53993649630001
flywire_783_mb_left_kc512_s702,743,incoming_l1,role_shuffled,permuted_bptt,25,2.5265738218800577,0.19597989949748743,2.5265738218800577
flywire_783_mb_left_kc512_s702,743,incoming_l1,role_shuffled,permuted_bptt,26,2.5136412160332853,0.19597989949748743,2.5136412160332853
flywire_783_mb_left_kc512_s702,743,incoming_l1,role_shuffled,permuted_bptt,27,2.501352726601812,0.20100502512562815,2.501352726601812
flywire_783_mb_left_kc512_s702,743,incoming_l1,role_shuffled,permuted_bptt,28,2.489330615396506,0.20603015075376885,2.489330615396506
flywire_783_mb_left_kc512_s702,743,incoming_l1,role_shuffled,permuted_bptt,29,2.477576749906724,0.20603015075376885,2.477576749906724
flywire_783_mb_left_kc512_s702,743,incoming_l1,role_shuffled,permuted_bptt,30,2.4664810384933444,0.22110552763819097,2.4664810384933444
flywire_783_mb_left_kc512_s702,743,incoming_l1,role_shuffled,permuted_bptt,31,2.4558716802042766,0.22110552763819097,2.4558716802042766
flywire_783_mb_left_kc512_s702,743,incoming_l1,role_shuffled,permuted_bptt,32,2.445435890632026,0.22110552763819097,2.445435890632026
flywire_783_mb_left_kc512_s702,743,incoming_l1,role_shuffled,permuted_bptt,33,2.4353970063960135,0.23115577889447236,2.4353970063960135
flywire_783_mb_left_kc512_s702,743,incoming_l1,role_shuffled,permuted_bptt,34,2.4258361519973053,0.22613065326633167,2.4258361519973053
flywire_783_mb_left_kc512_s702,743,incoming_l1,role_shuffled,permuted_bptt,35,2.4164355059347153,0.23618090452261306,2.4164355059347153
flywire_783_mb_left_kc512_s702,743,incoming_l1,role_shuffled,permuted_bptt,36,2.407238050261775,0.23618090452261306,2.407238050261775
flywire_783_mb_left_kc512_s702,743,incoming_l1,role_shuffled,permuted_bptt,37,2.3984465288045356,0.23115577889447236,2.3984465288045356
flywire_783_mb_left_kc512_s702,743,incoming_l1,role_shuffled,permuted_bptt,38,2.3898000698777793,0.22613065326633167,2.3898000698777793
flywire_783_mb_left_kc512_s702,743,incoming_l1,role_shuffled,permuted_bptt,39,2.381191181286313,0.22613065326633167,2.381191181286313
flywire_783_mb_left_kc512_s702,743,incoming_l1,role_shuffled,permuted_bptt,40,2.3729016037773816,0.22110552763819097,2.3729016037773816
flywire_783_mb_left_kc512_s702,743,incoming_l1,role_shuffled,permuted_bptt,41,2.364854505855131,0.22110552763819097,2.364854505855131
flywire_783_mb_left_kc512_s702,743,incoming_l1,role_shuffled,permuted_bptt,42,2.3568054492244532,0.23115577889447236,2.3568054492244532
flywire_783_mb_left_kc512_s702,743,incoming_l1,role_shuffled,permuted_bptt,43,2.3489658243187796,0.23618090452261306,2.3489658243187796
flywire_783_mb_left_kc512_s702,743,incoming_l1,role_shuffled,permuted_bptt,44,2.3414773249740475,0.24623115577889448,2.3414773249740475
flywire_783_mb_left_kc512_s702,743,incoming_l1,role_shuffled,permuted_bptt,45,2.3340937850366053,0.25125628140703515,2.3340937850366053
flywire_783_mb_left_kc512_s702,743,incoming_l1,role_shuffled,permuted_bptt,46,2.326818367521097,0.25125628140703515,2.326818367521097
flywire_783_mb_left_kc512_s702,743,incoming_l1,role_shuffled,permuted_bptt,47,2.3198204310367903,0.2562814070351759,2.3198204310367903
flywire_783_mb_left_kc512_s702,743,incoming_l1,role_shuffled,permuted_bptt,48,2.31295589400406,0.24623115577889448,2.31295589400406
flywire_783_mb_left_kc512_s702,743,incoming_l1,role_shuffled,permuted_bptt,49,2.3061763462085225,0.24120603015075376,2.3061763462085225
flywire_783_mb_left_kc512_s702,743,incoming_l1,role_shuffled,permuted_bptt,50,2.299653744137399,0.24120603015075376,2.299653744137399
flywire_783_mb_left_kc512_s702,743,incoming_l1,role_shuffled,permuted_bptt,51,2.2933108657303367,0.24120603015075376,2.2933108657303367
flywire_783_mb_left_kc512_s702,743,incoming_l1,role_shuffled,permuted_bptt,52,2.287053268248459,0.24120603015075376,2.287053268248459
flywire_783_mb_left_kc512_s702,743,incoming_l1,role_shuffled,permuted_bptt,53,2.281014772442651,0.25125628140703515,2.281014772442651
flywire_783_mb_left_kc512_s702,743,incoming_l1,role_shuffled,permuted_bptt,54,2.275167527590328,0.2613065326633166,2.275167527590328
flywire_783_mb_left_kc512_s702,743,incoming_l1,role_shuffled,permuted_bptt,55,2.269393757123777,0.25125628140703515,2.269393757123777
flywire_783_mb_left_kc512_s702,743,incoming_l1,role_shuffled,permuted_bptt,56,2.26377195745585,0.25125628140703515,2.26377195745585
flywire_783_mb_left_kc512_s702,743,incoming_l1,role_shuffled,permuted_bptt,57,2.258311876536892,0.25125628140703515,2.258311876536892
flywire_783_mb_left_kc512_s702,743,incoming_l1,role_shuffled,permuted_bptt,58,2.252934785863341,0.25125628140703515,2.252934785863341
flywire_783_mb_left_kc512_s702,743,incoming_l1,role_shuffled,permuted_bptt,59,2.2476835508640596,0.24623115577889448,2.2476835508640596
flywire_783_mb_left_kc512_s702,743,incoming_l1,role_shuffled,permuted_bptt,60,2.2425636804910063,0.24623115577889448,2.2425636804910063
flywire_783_mb_left_kc512_s702,743,incoming_l1,role_shuffled,permuted_bptt,61,2.2375160534103617,0.25125628140703515,2.2375160534103617
flywire_783_mb_left_kc512_s702,743,incoming_l1,role_shuffled,permuted_bptt,62,2.232567165070423,0.2663316582914573,2.232567165070423
flywire_783_mb_left_kc512_s702,743,incoming_l1,role_shuffled,permuted_bptt,63,2.227722828983739,0.2663316582914573,2.227722828983739
flywire_783_mb_left_kc512_s702,743,incoming_l1,role_shuffled,permuted_bptt,64,2.222943913801656,0.271356783919598,2.222943913801656
flywire_783_mb_left_kc512_s702,743,incoming_l1,role_shuffled,permuted_bptt,65,2.2182538685158995,0.271356783919598,2.2182538685158995
flywire_783_mb_left_kc512_s702,743,incoming_l1,role_shuffled,permuted_bptt,66,2.2136609676123906,0.271356783919598,2.2136609676123906
flywire_783_mb_left_kc512_s702,743,incoming_l1,role_shuffled,permuted_bptt,67,2.2091378543911673,0.2663316582914573,2.2091378543911673
flywire_783_mb_left_kc512_s702,743,incoming_l1,role_shuffled,permuted_bptt,68,2.2046932377141464,0.2663316582914573,2.2046932377141464
flywire_783_mb_left_kc512_s702,743,incoming_l1,role_shuffled,permuted_bptt,69,2.2003262010389153,0.2663316582914573,2.2003262010389153
flywire_783_mb_left_kc512_s702,743,incoming_l1,role_shuffled,permuted_bptt,70,2.1960262437730913,0.2663316582914573,2.1960262437730913
flywire_783_mb_left_kc512_s702,743,incoming_l1,role_shuffled,permuted_bptt,71,2.191802665296556,0.2663316582914573,2.191802665296556
flywire_783_mb_left_kc512_s702,743,incoming_l1,role_shuffled,permuted_bptt,72,2.1876476163852763,0.2663316582914573,2.1876476163852763
flywire_783_mb_left_kc512_s702,743,incoming_l1,role_shuffled,permuted_bptt,73,2.183556493313943,0.2663316582914573,2.183556493313943
flywire_783_mb_left_kc512_s702,743,incoming_l1,role_shuffled,permuted_bptt,74,2.179535666346279,0.2663316582914573,2.179535666346279
flywire_783_mb_left_kc512_s702,743,incoming_l1,role_shuffled,permuted_bptt,75,2.1755766926554885,0.2613065326633166,2.1755766926554885
flywire_783_mb_left_kc512_s702,743,incoming_l1,role_shuffled,permuted_bptt,76,2.1716793379808728,0.2663316582914573,2.1716793379808728
flywire_783_mb_left_kc512_s702,743,incoming_l1,role_shuffled,permuted_bptt,77,2.167843948694614,0.2663316582914573,2.167843948694614
flywire_783_mb_left_kc512_s702,743,incoming_l1,role_shuffled,permuted_bptt,78,2.1640642714066596,0.2663316582914573,2.1640642714066596
flywire_783_mb_left_kc512_s702,743,incoming_l1,role_shuffled,permuted_bptt,79,2.160344622022513,0.2663316582914573,2.160344622022513
flywire_783_mb_left_kc512_s702,743,incoming_l1,role_shuffled,permuted_bptt,80,2.1566818726220407,0.271356783919598,2.1566818726220407
flywire_783_mb_left_kc512_s702,743,incoming_l1,role_shuffled,permuted_bptt,81,2.15307275246727,0.271356783919598,2.15307275246727
flywire_783_mb_left_kc512_s702,743,incoming_l1,role_shuffled,permuted_bptt,82,2.14952251884466,0.2663316582914573,2.14952251884466
flywire_783_mb_left_kc512_s702,743,incoming_l1,role_shuffled,permuted_bptt,83,2.1460252328000915,0.2613065326633166,2.1460252328000915
flywire_783_mb_left_kc512_s702,743,incoming_l1,role_shuffled,permuted_bptt,84,2.1425786429785028,0.2613065326633166,2.1425786429785028
flywire_783_mb_left_kc512_s702,743,incoming_l1,role_shuffled,permuted_bptt,85,2.13918590472193,0.2663316582914573,2.13918590472193
flywire_783_mb_left_kc512_s702,743,incoming_l1,role_shuffled,permuted_bptt,86,2.1358416129981967,0.2663316582914573,2.1358416129981967
flywire_783_mb_left_kc512_s702,743,incoming_l1,role_shuffled,permuted_bptt,87,2.13254675930527,0.2663316582914573,2.13254675930527
flywire_783_mb_left_kc512_s702,743,incoming_l1,role_shuffled,permuted_bptt,88,2.1293013304302013,0.2663316582914573,2.1293013304302013
flywire_783_mb_left_kc512_s702,743,incoming_l1,role_shuffled,permuted_bptt,89,2.12610028427773,0.2663316582914573,2.12610028427773
flywire_783_mb_left_kc512_s702,743,incoming_l1,role_shuffled,permuted_bptt,90,2.1229464322829203,0.271356783919598,2.1229464322829203
flywire_783_mb_left_kc512_s702,743,incoming_l1,role_shuffled,permuted_bptt,91,2.119837776746959,0.27638190954773867,2.119837776746959
flywire_783_mb_left_kc512_s702,743,incoming_l1,role_shuffled,permuted_bptt,92,2.116771689426033,0.27638190954773867,2.116771689426033
flywire_783_mb_left_kc512_s702,743,incoming_l1,role_shuffled,permuted_bptt,93,2.113750721790662,0.27638190954773867,2.113750721790662
flywire_783_mb_left_kc512_s702,743,incoming_l1,role_shuffled,permuted_bptt,94,2.110771665667375,0.27638190954773867,2.110771665667375
flywire_783_mb_left_kc512_s702,743,incoming_l1,role_shuffled,permuted_bptt,95,2.1078336368034996,0.27638190954773867,2.1078336368034996
flywire_783_mb_left_kc512_s702,743,incoming_l1,role_shuffled,permuted_bptt,96,2.1049369152565567,0.27638190954773867,2.1049369152565567
flywire_783_mb_left_kc512_s702,743,incoming_l1,role_shuffled,permuted_bptt,97,2.1020786317594053,0.27638190954773867,2.1020786317594053
flywire_783_mb_left_kc512_s702,743,incoming_l1,role_shuffled,permuted_bptt,98,2.0992592253379123,0.27638190954773867,2.0992592253379123
flywire_783_mb_left_kc512_s702,743,incoming_l1,role_shuffled,permuted_bptt,99,2.0964775310519226,0.27638190954773867,2.0964775310519226
flywire_783_mb_left_kc512_s702,743,incoming_l1,role_shuffled,permuted_bptt,100,2.0937319838753266,0.271356783919598,2.0937319838753266
flywire_783_mb_left_kc512_s702,744,spectral,fly,frozen,0,1.7137792136831398,0.3768844221105528,1.7137792136831398
flywire_783_mb_left_kc512_s702,744,spectral,fly,full_bptt,0,1.7137792136831398,0.3768844221105528,1.7137792136831398
flywire_783_mb_left_kc512_s702,744,spectral,fly,full_bptt,1,1.7464311808478048,0.36180904522613067,1.7137792136831398
flywire_783_mb_left_kc512_s702,744,spectral,fly,full_bptt,2,1.7331115960588168,0.4020100502512563,1.7137792136831398
flywire_783_mb_left_kc512_s702,744,spectral,fly,full_bptt,3,1.7308312414099503,0.38190954773869346,1.7137792136831398
flywire_783_mb_left_kc512_s702,744,spectral,fly,full_bptt,4,1.7190648616698976,0.3869346733668342,1.7137792136831398
flywire_783_mb_left_kc512_s702,744,spectral,fly,full_bptt,5,1.7213386859290036,0.39195979899497485,1.7137792136831398
flywire_783_mb_left_kc512_s702,744,spectral,fly,full_bptt,6,1.7204341446436069,0.37185929648241206,1.7137792136831398
flywire_783_mb_left_kc512_s702,744,spectral,fly,full_bptt,7,1.7125378843828987,0.37185929648241206,1.7125378843828987
flywire_783_mb_left_kc512_s702,744,spectral,fly,full_bptt,8,1.7138640204475737,0.38190954773869346,1.7125378843828987
flywire_783_mb_left_kc512_s702,744,spectral,fly,full_bptt,9,1.716647319171089,0.38190954773869346,1.7125378843828987
flywire_783_mb_left_kc512_s702,744,spectral,fly,full_bptt,10,1.7108729723694958,0.37185929648241206,1.7108729723694958
flywire_783_mb_left_kc512_s702,744,spectral,fly,full_bptt,11,1.7063216146980047,0.3768844221105528,1.7063216146980047
flywire_783_mb_left_kc512_s702,744,spectral,fly,full_bptt,12,1.7086774248246477,0.36180904522613067,1.7063216146980047
flywire_783_mb_left_kc512_s702,744,spectral,fly,full_bptt,13,1.7108192685838077,0.37185929648241206,1.7063216146980047
flywire_783_mb_left_kc512_s702,744,spectral,fly,full_bptt,14,1.7078570242881557,0.37185929648241206,1.7063216146980047
flywire_783_mb_left_kc512_s702,744,spectral,fly,full_bptt,15,1.7039904106341495,0.3869346733668342,1.7039904106341495
flywire_783_mb_left_kc512_s702,744,spectral,fly,full_bptt,16,1.7039774188899468,0.38190954773869346,1.7039774188899468
flywire_783_mb_left_kc512_s702,744,spectral,fly,full_bptt,17,1.7053839640442316,0.38190954773869346,1.7039774188899468
flywire_783_mb_left_kc512_s702,744,spectral,fly,full_bptt,18,1.704149825429656,0.3768844221105528,1.7039774188899468
flywire_783_mb_left_kc512_s702,744,spectral,fly,full_bptt,19,1.7022079374032717,0.38190954773869346,1.7022079374032717
flywire_783_mb_left_kc512_s702,744,spectral,fly,full_bptt,20,1.702069136718102,0.38190954773869346,1.702069136718102
flywire_783_mb_left_kc512_s702,744,spectral,fly,full_bptt,21,1.7019731301263277,0.3768844221105528,1.7019731301263277
flywire_783_mb_left_kc512_s702,744,spectral,fly,full_bptt,22,1.7006805903657023,0.38190954773869346,1.7006805903657023
flywire_783_mb_left_kc512_s702,744,spectral,fly,full_bptt,23,1.6998227082245254,0.38190954773869346,1.6998227082245254
flywire_783_mb_left_kc512_s702,744,spectral,fly,full_bptt,24,1.69997110062204,0.3768844221105528,1.6998227082245254
flywire_783_mb_left_kc512_s702,744,spectral,fly,full_bptt,25,1.6995746051170753,0.37185929648241206,1.6995746051170753
flywire_783_mb_left_kc512_s702,744,spectral,fly,full_bptt,26,1.6983629132584226,0.3768844221105528,1.6983629132584226
flywire_783_mb_left_kc512_s702,744,spectral,fly,full_bptt,27,1.6978361830790292,0.38190954773869346,1.6978361830790292
flywire_783_mb_left_kc512_s702,744,spectral,fly,full_bptt,28,1.6980997782613603,0.38190954773869346,1.6978361830790292
flywire_783_mb_left_kc512_s702,744,spectral,fly,full_bptt,29,1.697682104798298,0.4020100502512563,1.697682104798298
flywire_783_mb_left_kc512_s702,744,spectral,fly,full_bptt,30,1.6966011301052126,0.3969849246231156,1.6966011301052126
flywire_783_mb_left_kc512_s702,744,spectral,fly,full_bptt,31,1.6961306381896526,0.4020100502512563,1.6961306381896526
flywire_783_mb_left_kc512_s702,744,spectral,fly,full_bptt,32,1.69614731286108,0.3969849246231156,1.6961306381896526
flywire_783_mb_left_kc512_s702,744,spectral,fly,full_bptt,33,1.6957399485597835,0.3969849246231156,1.6957399485597835
flywire_783_mb_left_kc512_s702,744,spectral,fly,full_bptt,34,1.6951647973585426,0.39195979899497485,1.6951647973585426
flywire_783_mb_left_kc512_s702,744,spectral,fly,full_bptt,35,1.6949317230623666,0.39195979899497485,1.6949317230623666
flywire_783_mb_left_kc512_s702,744,spectral,fly,full_bptt,36,1.6946405650829792,0.3869346733668342,1.6946405650829792
flywire_783_mb_left_kc512_s702,744,spectral,fly,full_bptt,37,1.694081695822785,0.3969849246231156,1.694081695822785
flywire_783_mb_left_kc512_s702,744,spectral,fly,full_bptt,38,1.6937718353534654,0.39195979899497485,1.6937718353534654
flywire_783_mb_left_kc512_s702,744,spectral,fly,full_bptt,39,1.693694187491744,0.3969849246231156,1.693694187491744
flywire_783_mb_left_kc512_s702,744,spectral,fly,full_bptt,40,1.6933022968841298,0.4020100502512563,1.6933022968841298
flywire_783_mb_left_kc512_s702,744,spectral,fly,full_bptt,41,1.6927875792623808,0.3969849246231156,1.6927875792623808
flywire_783_mb_left_kc512_s702,744,spectral,fly,full_bptt,42,1.6925945511867406,0.3869346733668342,1.6925945511867406
flywire_783_mb_left_kc512_s702,744,spectral,fly,full_bptt,43,1.6924565639235374,0.39195979899497485,1.6924565639235374
flywire_783_mb_left_kc512_s702,744,spectral,fly,full_bptt,44,1.6920913393417034,0.3869346733668342,1.6920913393417034
flywire_783_mb_left_kc512_s702,744,spectral,fly,full_bptt,45,1.6917579545502892,0.3869346733668342,1.6917579545502892
flywire_783_mb_left_kc512_s702,744,spectral,fly,full_bptt,46,1.691571025748707,0.39195979899497485,1.691571025748707
flywire_783_mb_left_kc512_s702,744,spectral,fly,full_bptt,47,1.691316478264178,0.3969849246231156,1.691316478264178
flywire_783_mb_left_kc512_s702,744,spectral,fly,full_bptt,48,1.6910263470466766,0.4120603015075377,1.6910263470466766
flywire_783_mb_left_kc512_s702,744,spectral,fly,full_bptt,49,1.6908195652323783,0.4120603015075377,1.6908195652323783
flywire_783_mb_left_kc512_s702,744,spectral,fly,full_bptt,50,1.6905782729428176,0.4020100502512563,1.6905782729428176
flywire_783_mb_left_kc512_s702,744,spectral,fly,full_bptt,51,1.6903073329900145,0.3869346733668342,1.6903073329900145
flywire_783_mb_left_kc512_s702,744,spectral,fly,full_bptt,52,1.690127234778675,0.38190954773869346,1.690127234778675
flywire_783_mb_left_kc512_s702,744,spectral,fly,full_bptt,53,1.6899318681610243,0.3869346733668342,1.6899318681610243
flywire_783_mb_left_kc512_s702,744,spectral,fly,full_bptt,54,1.689655569004486,0.39195979899497485,1.689655569004486
flywire_783_mb_left_kc512_s702,744,spectral,fly,full_bptt,55,1.6894478361652991,0.4020100502512563,1.6894478361652991
flywire_783_mb_left_kc512_s702,744,spectral,fly,full_bptt,56,1.6892967229941522,0.4020100502512563,1.6892967229941522
flywire_783_mb_left_kc512_s702,744,spectral,fly,full_bptt,57,1.6890694390147276,0.40703517587939697,1.6890694390147276
flywire_783_mb_left_kc512_s702,744,spectral,fly,full_bptt,58,1.6888402522677932,0.3969849246231156,1.6888402522677932
flywire_783_mb_left_kc512_s702,744,spectral,fly,full_bptt,59,1.6886814710495899,0.3869346733668342,1.6886814710495899
flywire_783_mb_left_kc512_s702,744,spectral,fly,full_bptt,60,1.6885004488029842,0.3869346733668342,1.6885004488029842
flywire_783_mb_left_kc512_s702,744,spectral,fly,full_bptt,61,1.688292870602648,0.3869346733668342,1.688292870602648
flywire_783_mb_left_kc512_s702,744,spectral,fly,full_bptt,62,1.688118292359796,0.3969849246231156,1.688118292359796
flywire_783_mb_left_kc512_s702,744,spectral,fly,full_bptt,63,1.687941605325102,0.4020100502512563,1.687941605325102
flywire_783_mb_left_kc512_s702,744,spectral,fly,full_bptt,64,1.6877576482470908,0.3969849246231156,1.6877576482470908
flywire_783_mb_left_kc512_s702,744,spectral,fly,full_bptt,65,1.687599257473241,0.3969849246231156,1.687599257473241
flywire_783_mb_left_kc512_s702,744,spectral,fly,full_bptt,66,1.6874311160905089,0.3969849246231156,1.6874311160905089
flywire_783_mb_left_kc512_s702,744,spectral,fly,full_bptt,67,1.6872493205799066,0.3969849246231156,1.6872493205799066
flywire_783_mb_left_kc512_s702,744,spectral,fly,full_bptt,68,1.6870940496521736,0.39195979899497485,1.6870940496521736
flywire_783_mb_left_kc512_s702,744,spectral,fly,full_bptt,69,1.6869412943263065,0.3969849246231156,1.6869412943263065
flywire_783_mb_left_kc512_s702,744,spectral,fly,full_bptt,70,1.6867737639267715,0.3969849246231156,1.6867737639267715
flywire_783_mb_left_kc512_s702,744,spectral,fly,full_bptt,71,1.6866197352294112,0.3969849246231156,1.6866197352294112
flywire_783_mb_left_kc512_s702,744,spectral,fly,full_bptt,72,1.6864705116814862,0.3969849246231156,1.6864705116814862
flywire_783_mb_left_kc512_s702,744,spectral,fly,full_bptt,73,1.6863157769865755,0.3969849246231156,1.6863157769865755
flywire_783_mb_left_kc512_s702,744,spectral,fly,full_bptt,74,1.6861716950194952,0.3969849246231156,1.6861716950194952
flywire_783_mb_left_kc512_s702,744,spectral,fly,full_bptt,75,1.6860260463410992,0.3969849246231156,1.6860260463410992
flywire_783_mb_left_kc512_s702,744,spectral,fly,full_bptt,76,1.6858751583810787,0.39195979899497485,1.6858751583810787
flywire_783_mb_left_kc512_s702,744,spectral,fly,full_bptt,77,1.685738006986337,0.39195979899497485,1.685738006986337
flywire_783_mb_left_kc512_s702,744,spectral,fly,full_bptt,78,1.6856019620540124,0.39195979899497485,1.6856019620540124
flywire_783_mb_left_kc512_s702,744,spectral,fly,full_bptt,79,1.6854580065811153,0.39195979899497485,1.6854580065811153
flywire_783_mb_left_kc512_s702,744,spectral,fly,full_bptt,80,1.6853221999540051,0.39195979899497485,1.6853221999540051
flywire_783_mb_left_kc512_s702,744,spectral,fly,full_bptt,81,1.6851905722827853,0.39195979899497485,1.6851905722827853
flywire_783_mb_left_kc512_s702,744,spectral,fly,full_bptt,82,1.6850565383996885,0.39195979899497485,1.6850565383996885
flywire_783_mb_left_kc512_s702,744,spectral,fly,full_bptt,83,1.6849265816784815,0.39195979899497485,1.6849265816784815
flywire_783_mb_left_kc512_s702,744,spectral,fly,full_bptt,84,1.6847971630946423,0.39195979899497485,1.6847971630946423
flywire_783_mb_left_kc512_s702,744,spectral,fly,full_bptt,85,1.6846685811698987,0.3969849246231156,1.6846685811698987
flywire_783_mb_left_kc512_s702,744,spectral,fly,full_bptt,86,1.6845444071644224,0.3969849246231156,1.6845444071644224
flywire_783_mb_left_kc512_s702,744,spectral,fly,full_bptt,87,1.684418750152183,0.3969849246231156,1.684418750152183
flywire_783_mb_left_kc512_s702,744,spectral,fly,full_bptt,88,1.6842947494474443,0.3969849246231156,1.6842947494474443
flywire_783_mb_left_kc512_s702,744,spectral,fly,full_bptt,89,1.6841757976636458,0.3969849246231156,1.6841757976636458
flywire_783_mb_left_kc512_s702,744,spectral,fly,full_bptt,90,1.6840549931055988,0.3969849246231156,1.6840549931055988
flywire_783_mb_left_kc512_s702,744,spectral,fly,full_bptt,91,1.6839348453531933,0.3969849246231156,1.6839348453531933
flywire_783_mb_left_kc512_s702,744,spectral,fly,full_bptt,92,1.683818758347567,0.39195979899497485,1.683818758347567
flywire_783_mb_left_kc512_s702,744,spectral,fly,full_bptt,93,1.6837024881711777,0.3969849246231156,1.6837024881711777
flywire_783_mb_left_kc512_s702,744,spectral,fly,full_bptt,94,1.683587389909075,0.39195979899497485,1.683587389909075
flywire_783_mb_left_kc512_s702,744,spectral,fly,full_bptt,95,1.683474355822326,0.39195979899497485,1.683474355822326
flywire_783_mb_left_kc512_s702,744,spectral,fly,full_bptt,96,1.6833616586812343,0.3869346733668342,1.6833616586812343
flywire_783_mb_left_kc512_s702,744,spectral,fly,full_bptt,97,1.6832509351309635,0.3869346733668342,1.6832509351309635
flywire_783_mb_left_kc512_s702,744,spectral,fly,full_bptt,98,1.6831411141919923,0.3869346733668342,1.6831411141919923
flywire_783_mb_left_kc512_s702,744,spectral,fly,full_bptt,99,1.6830317584317358,0.3869346733668342,1.6830317584317358
flywire_783_mb_left_kc512_s702,744,spectral,fly,full_bptt,100,1.682924723053101,0.3869346733668342,1.682924723053101
flywire_783_mb_left_kc512_s702,744,spectral,fly,local_gradient,0,1.7137792136831398,0.3768844221105528,1.7137792136831398
flywire_783_mb_left_kc512_s702,744,spectral,fly,local_gradient,1,1.7397937265288335,0.3417085427135678,1.7137792136831398
flywire_783_mb_left_kc512_s702,744,spectral,fly,local_gradient,2,1.7319394923212796,0.35678391959798994,1.7137792136831398
flywire_783_mb_left_kc512_s702,744,spectral,fly,local_gradient,3,1.7246909786923659,0.36180904522613067,1.7137792136831398
flywire_783_mb_left_kc512_s702,744,spectral,fly,local_gradient,4,1.7245204964653873,0.36180904522613067,1.7137792136831398
flywire_783_mb_left_kc512_s702,744,spectral,fly,local_gradient,5,1.7228124449823679,0.35175879396984927,1.7137792136831398
flywire_783_mb_left_kc512_s702,744,spectral,fly,local_gradient,6,1.723178108152307,0.35678391959798994,1.7137792136831398
flywire_783_mb_left_kc512_s702,744,spectral,fly,local_gradient,7,1.722553739313069,0.35175879396984927,1.7137792136831398
flywire_783_mb_left_kc512_s702,744,spectral,fly,local_gradient,8,1.721761436202353,0.35678391959798994,1.7137792136831398
flywire_783_mb_left_kc512_s702,744,spectral,fly,local_gradient,9,1.722727274370675,0.34673366834170855,1.7137792136831398
flywire_783_mb_left_kc512_s702,744,spectral,fly,local_gradient,10,1.7238406825730996,0.35175879396984927,1.7137792136831398
flywire_783_mb_left_kc512_s702,744,spectral,fly,local_gradient,11,1.7246843049491256,0.35175879396984927,1.7137792136831398
flywire_783_mb_left_kc512_s702,744,spectral,fly,local_gradient,12,1.7243989619122249,0.34673366834170855,1.7137792136831398
flywire_783_mb_left_kc512_s702,744,spectral,fly,local_gradient,13,1.7238647889269694,0.34673366834170855,1.7137792136831398
flywire_783_mb_left_kc512_s702,744,spectral,fly,local_gradient,14,1.7234363531931218,0.34673366834170855,1.7137792136831398
flywire_783_mb_left_kc512_s702,744,spectral,fly,local_gradient,15,1.7233721209664246,0.34673366834170855,1.7137792136831398
flywire_783_mb_left_kc512_s702,744,spectral,fly,local_gradient,16,1.7231165545057885,0.34673366834170855,1.7137792136831398
flywire_783_mb_left_kc512_s702,744,spectral,fly,local_gradient,17,1.7220022056352777,0.35175879396984927,1.7137792136831398
flywire_783_mb_left_kc512_s702,744,spectral,fly,local_gradient,18,1.7214182417014217,0.35678391959798994,1.7137792136831398
flywire_783_mb_left_kc512_s702,744,spectral,fly,local_gradient,19,1.7216226696977253,0.35678391959798994,1.7137792136831398
flywire_783_mb_left_kc512_s702,744,spectral,fly,local_gradient,20,1.7220734382979894,0.35175879396984927,1.7137792136831398
flywire_783_mb_left_kc512_s702,744,spectral,fly,local_gradient,21,1.7223495465339207,0.36683417085427134,1.7137792136831398
flywire_783_mb_left_kc512_s702,744,spectral,fly,local_gradient,22,1.7225496947173196,0.36683417085427134,1.7137792136831398
flywire_783_mb_left_kc512_s702,744,spectral,fly,local_gradient,23,1.7234825386382058,0.34673366834170855,1.7137792136831398
flywire_783_mb_left_kc512_s702,744,spectral,fly,local_gradient,24,1.724788180694317,0.34673366834170855,1.7137792136831398
flywire_783_mb_left_kc512_s702,744,spectral,fly,local_gradient,25,1.7257935027495062,0.3417085427135678,1.7137792136831398
flywire_783_mb_left_kc512_s702,744,spectral,fly,local_gradient,26,1.7263010063568516,0.33668341708542715,1.7137792136831398
flywire_783_mb_left_kc512_s702,744,spectral,fly,local_gradient,27,1.7265933385358534,0.3417085427135678,1.7137792136831398
flywire_783_mb_left_kc512_s702,744,spectral,fly,local_gradient,28,1.7269662722884753,0.35175879396984927,1.7137792136831398
flywire_783_mb_left_kc512_s702,744,spectral,fly,local_gradient,29,1.7270601896193338,0.35678391959798994,1.7137792136831398
flywire_783_mb_left_kc512_s702,744,spectral,fly,local_gradient,30,1.726982922203167,0.36180904522613067,1.7137792136831398
flywire_783_mb_left_kc512_s702,744,spectral,fly,local_gradient,31,1.726953755564011,0.36683417085427134,1.7137792136831398
flywire_783_mb_left_kc512_s702,744,spectral,fly,local_gradient,32,1.7271595496044632,0.36180904522613067,1.7137792136831398
flywire_783_mb_left_kc512_s702,744,spectral,fly,local_gradient,33,1.7277677761827768,0.35678391959798994,1.7137792136831398
flywire_783_mb_left_kc512_s702,744,spectral,fly,local_gradient,34,1.7286576802271076,0.34673366834170855,1.7137792136831398
flywire_783_mb_left_kc512_s702,744,spectral,fly,local_gradient,35,1.7297561061029785,0.35175879396984927,1.7137792136831398
flywire_783_mb_left_kc512_s702,744,spectral,fly,local_gradient,36,1.7310000033696713,0.34673366834170855,1.7137792136831398
flywire_783_mb_left_kc512_s702,744,spectral,fly,local_gradient,37,1.7325409302071038,0.36180904522613067,1.7137792136831398
flywire_783_mb_left_kc512_s702,744,spectral,fly,local_gradient,38,1.7343879991223978,0.35678391959798994,1.7137792136831398
flywire_783_mb_left_kc512_s702,744,spectral,fly,local_gradient,39,1.7364180229896353,0.35175879396984927,1.7137792136831398
flywire_783_mb_left_kc512_s702,744,spectral,fly,local_gradient,40,1.7384980957699308,0.34673366834170855,1.7137792136831398
flywire_783_mb_left_kc512_s702,744,spectral,fly,local_gradient,41,1.7405430985232797,0.34673366834170855,1.7137792136831398
flywire_783_mb_left_kc512_s702,744,spectral,fly,local_gradient,42,1.7427446722529294,0.35175879396984927,1.7137792136831398
flywire_783_mb_left_kc512_s702,744,spectral,fly,local_gradient,43,1.7452200317134043,0.35175879396984927,1.7137792136831398
flywire_783_mb_left_kc512_s702,744,spectral,fly,local_gradient,44,1.7480391046512396,0.35175879396984927,1.7137792136831398
flywire_783_mb_left_kc512_s702,744,spectral,fly,local_gradient,45,1.751318499541417,0.35175879396984927,1.7137792136831398
flywire_783_mb_left_kc512_s702,744,spectral,fly,local_gradient,46,1.7552230955319226,0.34673366834170855,1.7137792136831398
flywire_783_mb_left_kc512_s702,744,spectral,fly,local_gradient,47,1.7599860277832955,0.3417085427135678,1.7137792136831398
flywire_783_mb_left_kc512_s702,744,spectral,fly,local_gradient,48,1.7658103204247293,0.3417085427135678,1.7137792136831398
flywire_783_mb_left_kc512_s702,744,spectral,fly,local_gradient,49,1.7728047378583156,0.33668341708542715,1.7137792136831398
flywire_783_mb_left_kc512_s702,744,spectral,fly,local_gradient,50,1.7809527219083447,0.3316582914572864,1.7137792136831398
flywire_783_mb_left_kc512_s702,744,spectral,fly,local_gradient,51,1.7902912866525085,0.32663316582914576,1.7137792136831398
flywire_783_mb_left_kc512_s702,744,spectral,fly,local_gradient,52,1.800979713756002,0.3165829145728643,1.7137792136831398
flywire_783_mb_left_kc512_s702,744,spectral,fly,local_gradient,53,1.8131417481438181,0.3065326633165829,1.7137792136831398
flywire_783_mb_left_kc512_s702,744,spectral,fly,local_gradient,54,1.826781971434657,0.3015075376884422,1.7137792136831398
flywire_783_mb_left_kc512_s702,744,spectral,fly,local_gradient,55,1.8418115542967757,0.31155778894472363,1.7137792136831398
flywire_783_mb_left_kc512_s702,744,spectral,fly,local_gradient,56,1.8581955709182048,0.3015075376884422,1.7137792136831398
flywire_783_mb_left_kc512_s702,744,spectral,fly,local_gradient,57,1.8760901422683531,0.3015075376884422,1.7137792136831398
flywire_783_mb_left_kc512_s702,744,spectral,fly,local_gradient,58,1.8957714060100537,0.31155778894472363,1.7137792136831398
flywire_783_mb_left_kc512_s702,744,spectral,fly,local_gradient,59,1.9174621734992203,0.31155778894472363,1.7137792136831398
flywire_783_mb_left_kc512_s702,744,spectral,fly,local_gradient,60,1.941250778941185,0.3065326633165829,1.7137792136831398
flywire_783_mb_left_kc512_s702,744,spectral,fly,local_gradient,61,1.967159288112118,0.3015075376884422,1.7137792136831398
flywire_783_mb_left_kc512_s702,744,spectral,fly,local_gradient,62,1.9952673766274596,0.3065326633165829,1.7137792136831398
flywire_783_mb_left_kc512_s702,744,spectral,fly,local_gradient,63,2.025732438998479,0.2964824120603015,1.7137792136831398
flywire_783_mb_left_kc512_s702,744,spectral,fly,local_gradient,64,2.0586831108017325,0.2864321608040201,1.7137792136831398
flywire_783_mb_left_kc512_s702,744,spectral,fly,local_gradient,65,2.0941093778309434,0.2864321608040201,1.7137792136831398
flywire_783_mb_left_kc512_s702,744,spectral,fly,local_gradient,66,2.1318457738204315,0.2814070351758794,1.7137792136831398
flywire_783_mb_left_kc512_s702,744,spectral,fly,local_gradient,67,2.1716620525222083,0.27638190954773867,1.7137792136831398
flywire_783_mb_left_kc512_s702,744,spectral,fly,local_gradient,68,2.2133942969409492,0.271356783919598,1.7137792136831398
flywire_783_mb_left_kc512_s702,744,spectral,fly,local_gradient,69,2.2569973509152095,0.27638190954773867,1.7137792136831398
flywire_783_mb_left_kc512_s702,744,spectral,fly,local_gradient,70,2.3024792350675845,0.2613065326633166,1.7137792136831398
flywire_783_mb_left_kc512_s702,744,spectral,fly,local_gradient,71,2.3497999494521307,0.2613065326633166,1.7137792136831398
flywire_783_mb_left_kc512_s702,744,spectral,fly,local_gradient,72,2.39882741324351,0.2663316582914573,1.7137792136831398
flywire_783_mb_left_kc512_s702,744,spectral,fly,local_gradient,73,2.4493790340504598,0.2613065326633166,1.7137792136831398
flywire_783_mb_left_kc512_s702,744,spectral,fly,local_gradient,74,2.5013067282331827,0.2562814070351759,1.7137792136831398
flywire_783_mb_left_kc512_s702,744,spectral,fly,local_gradient,75,2.5545393749148433,0.2562814070351759,1.7137792136831398
flywire_783_mb_left_kc512_s702,744,spectral,fly,local_gradient,76,2.609043567177569,0.2562814070351759,1.7137792136831398
flywire_783_mb_left_kc512_s702,744,spectral,fly,local_gradient,77,2.664754470661738,0.2562814070351759,1.7137792136831398
flywire_783_mb_left_kc512_s702,744,spectral,fly,local_gradient,78,2.721545504568657,0.25125628140703515,1.7137792136831398
flywire_783_mb_left_kc512_s702,744,spectral,fly,local_gradient,79,2.7792573441035264,0.25125628140703515,1.7137792136831398
flywire_783_mb_left_kc512_s702,744,spectral,fly,local_gradient,80,2.8377562560050027,0.25125628140703515,1.7137792136831398
flywire_783_mb_left_kc512_s702,744,spectral,fly,local_gradient,81,2.896966397529333,0.25125628140703515,1.7137792136831398
flywire_783_mb_left_kc512_s702,744,spectral,fly,local_gradient,82,2.956848841688845,0.25125628140703515,1.7137792136831398
flywire_783_mb_left_kc512_s702,744,spectral,fly,local_gradient,83,3.0173556991934127,0.25125628140703515,1.7137792136831398
flywire_783_mb_left_kc512_s702,744,spectral,fly,local_gradient,84,3.0784030653724255,0.2562814070351759,1.7137792136831398
flywire_783_mb_left_kc512_s702,744,spectral,fly,local_gradient,85,3.1398801508445864,0.2613065326633166,1.7137792136831398
flywire_783_mb_left_kc512_s702,744,spectral,fly,local_gradient,86,3.2016806562584277,0.2613065326633166,1.7137792136831398
flywire_783_mb_left_kc512_s702,744,spectral,fly,local_gradient,87,3.2637264165482467,0.2613065326633166,1.7137792136831398
flywire_783_mb_left_kc512_s702,744,spectral,fly,local_gradient,88,3.3259667839672438,0.2613065326633166,1.7137792136831398
flywire_783_mb_left_kc512_s702,744,spectral,fly,local_gradient,89,3.3883649257474917,0.2663316582914573,1.7137792136831398
flywire_783_mb_left_kc512_s702,744,spectral,fly,local_gradient,90,3.450889946797667,0.2613065326633166,1.7137792136831398
flywire_783_mb_left_kc512_s702,744,spectral,fly,local_gradient,91,3.5135205880779132,0.2613065326633166,1.7137792136831398
flywire_783_mb_left_kc512_s702,744,spectral,fly,local_gradient,92,3.576251350232003,0.2613065326633166,1.7137792136831398
flywire_783_mb_left_kc512_s702,744,spectral,fly,local_gradient,93,3.6390875563695295,0.2562814070351759,1.7137792136831398
flywire_783_mb_left_kc512_s702,744,spectral,fly,local_gradient,94,3.702028250493644,0.2562814070351759,1.7137792136831398
flywire_783_mb_left_kc512_s702,744,spectral,fly,local_gradient,95,3.765051807957755,0.2613065326633166,1.7137792136831398
flywire_783_mb_left_kc512_s702,744,spectral,fly,local_gradient,96,3.828117497063991,0.2663316582914573,1.7137792136831398
flywire_783_mb_left_kc512_s702,744,spectral,fly,local_gradient,97,3.8911803358516233,0.2663316582914573,1.7137792136831398
flywire_783_mb_left_kc512_s702,744,spectral,fly,local_gradient,98,3.9542048461254393,0.2613065326633166,1.7137792136831398
flywire_783_mb_left_kc512_s702,744,spectral,fly,local_gradient,99,4.017165619511778,0.2562814070351759,1.7137792136831398
flywire_783_mb_left_kc512_s702,744,spectral,fly,local_gradient,100,4.080036853540605,0.25125628140703515,1.7137792136831398
flywire_783_mb_left_kc512_s702,744,spectral,fly,permuted_bptt,0,3.312336498109431,0.08040201005025126,3.312336498109431
flywire_783_mb_left_kc512_s702,744,spectral,fly,permuted_bptt,1,3.219106492977927,0.09547738693467336,3.219106492977927
flywire_783_mb_left_kc512_s702,744,spectral,fly,permuted_bptt,2,3.1374931881621175,0.09547738693467336,3.1374931881621175
flywire_783_mb_left_kc512_s702,744,spectral,fly,permuted_bptt,3,3.085087395047463,0.09547738693467336,3.085087395047463
flywire_783_mb_left_kc512_s702,744,spectral,fly,permuted_bptt,4,3.045447135318413,0.10050251256281408,3.045447135318413
flywire_783_mb_left_kc512_s702,744,spectral,fly,permuted_bptt,5,3.011192393520641,0.10552763819095477,3.011192393520641
flywire_783_mb_left_kc512_s702,744,spectral,fly,permuted_bptt,6,2.979331302733788,0.11055276381909548,2.979331302733788
flywire_783_mb_left_kc512_s702,744,spectral,fly,permuted_bptt,7,2.9517935903945247,0.11055276381909548,2.9517935903945247
flywire_783_mb_left_kc512_s702,744,spectral,fly,permuted_bptt,8,2.9235254656533995,0.12060301507537688,2.9235254656533995
flywire_783_mb_left_kc512_s702,744,spectral,fly,permuted_bptt,9,2.8951712163515304,0.135678391959799,2.8951712163515304
flywire_783_mb_left_kc512_s702,744,spectral,fly,permuted_bptt,10,2.8700075940637224,0.1407035175879397,2.8700075940637224
flywire_783_mb_left_kc512_s702,744,spectral,fly,permuted_bptt,11,2.8463766664585535,0.1457286432160804,2.8463766664585535
flywire_783_mb_left_kc512_s702,744,spectral,fly,permuted_bptt,12,2.822693995800978,0.16080402010050251,2.822693995800978
flywire_783_mb_left_kc512_s702,744,spectral,fly,permuted_bptt,13,2.80090743501413,0.1507537688442211,2.80090743501413
flywire_783_mb_left_kc512_s702,744,spectral,fly,permuted_bptt,14,2.780701891145305,0.1708542713567839,2.780701891145305
flywire_783_mb_left_kc512_s702,744,spectral,fly,permuted_bptt,15,2.7609470786266463,0.17587939698492464,2.7609470786266463
flywire_783_mb_left_kc512_s702,744,spectral,fly,permuted_bptt,16,2.7422821954093224,0.17587939698492464,2.7422821954093224
flywire_783_mb_left_kc512_s702,744,spectral,fly,permuted_bptt,17,2.7246617084548355,0.18090452261306533,2.7246617084548355
flywire_783_mb_left_kc512_s702,744,spectral,fly,permuted_bptt,18,2.7079218883314446,0.17587939698492464,2.7079218883314446
flywire_783_mb_left_kc512_s702,744,spectral,fly,permuted_bptt,19,2.6926539243563035,0.18090452261306533,2.6926539243563035
flywire_783_mb_left_kc512_s702,744,spectral,fly,permuted_bptt,20,2.6783079202621316,0.18090452261306533,2.6783079202621316
flywire_783_mb_left_kc512_s702,744,spectral,fly,permuted_bptt,21,2.6641129862846458,0.18090452261306533,2.6641129862846458
flywire_783_mb_left_kc512_s702,744,spectral,fly,permuted_bptt,22,2.6507045366516313,0.18592964824120603,2.6507045366516313
flywire_783_mb_left_kc512_s702,744,spectral,fly,permuted_bptt,23,2.6381890565380877,0.18592964824120603,2.6381890565380877
flywire_783_mb_left_kc512_s702,744,spectral,fly,permuted_bptt,24,2.6257161139248995,0.20100502512562815,2.6257161139248995
flywire_783_mb_left_kc512_s702,744,spectral,fly,permuted_bptt,25,2.613454124852774,0.20100502512562815,2.613454124852774
flywire_783_mb_left_kc512_s702,744,spectral,fly,permuted_bptt,26,2.601790712732903,0.20100502512562815,2.601790712732903
flywire_783_mb_left_kc512_s702,744,spectral,fly,permuted_bptt,27,2.5905225259883013,0.20603015075376885,2.5905225259883013
flywire_783_mb_left_kc512_s702,744,spectral,fly,permuted_bptt,28,2.579679807668699,0.20603015075376885,2.579679807668699
flywire_783_mb_left_kc512_s702,744,spectral,fly,permuted_bptt,29,2.5691603584079306,0.20603015075376885,2.5691603584079306
flywire_783_mb_left_kc512_s702,744,spectral,fly,permuted_bptt,30,2.5587719013363484,0.21105527638190955,2.5587719013363484
flywire_783_mb_left_kc512_s702,744,spectral,fly,permuted_bptt,31,2.5487697901482047,0.21105527638190955,2.5487697901482047
flywire_783_mb_left_kc512_s702,744,spectral,fly,permuted_bptt,32,2.539103370568949,0.21608040201005024,2.539103370568949
flywire_783_mb_left_kc512_s702,744,spectral,fly,permuted_bptt,33,2.5294949225396293,0.21608040201005024,2.5294949225396293
flywire_783_mb_left_kc512_s702,744,spectral,fly,permuted_bptt,34,2.520172867634451,0.22110552763819097,2.520172867634451
flywire_783_mb_left_kc512_s702,744,spectral,fly,permuted_bptt,35,2.511215659560604,0.22110552763819097,2.511215659560604
flywire_783_mb_left_kc512_s702,744,spectral,fly,permuted_bptt,36,2.5024270231843024,0.21105527638190955,2.5024270231843024
flywire_783_mb_left_kc512_s702,744,spectral,fly,permuted_bptt,37,2.493916682116939,0.22110552763819097,2.493916682116939
flywire_783_mb_left_kc512_s702,744,spectral,fly,permuted_bptt,38,2.4856879506953207,0.21608040201005024,2.4856879506953207
flywire_783_mb_left_kc512_s702,744,spectral,fly,permuted_bptt,39,2.477633689969479,0.22110552763819097,2.477633689969479
flywire_783_mb_left_kc512_s702,744,spectral,fly,permuted_bptt,40,2.469804325196837,0.23115577889447236,2.469804325196837
flywire_783_mb_left_kc512_s702,744,spectral,fly,permuted_bptt,41,2.4621503817464006,0.22613065326633167,2.4621503817464006
flywire_783_mb_left_kc512_s702,744,spectral,fly,permuted_bptt,42,2.454662869813045,0.23618090452261306,2.454662869813045
flywire_783_mb_left_kc512_s702,744,spectral,fly,permuted_bptt,43,2.4473722878888404,0.23115577889447236,2.4473722878888404
flywire_783_mb_left_kc512_s702,744,spectral,fly,permuted_bptt,44,2.440189880298436,0.23618090452261306,2.440189880298436
flywire_783_mb_left_kc512_s702,744,spectral,fly,permuted_bptt,45,2.4331890992231604,0.23115577889447236,2.4331890992231604
flywire_783_mb_left_kc512_s702,744,spectral,fly,permuted_bptt,46,2.426426757533636,0.22613065326633167,2.426426757533636
flywire_783_mb_left_kc512_s702,744,spectral,fly,permuted_bptt,47,2.4198179677109852,0.22110552763819097,2.4198179677109852
flywire_783_mb_left_kc512_s702,744,spectral,fly,permuted_bptt,48,2.413415071984866,0.22613065326633167,2.413415071984866
flywire_783_mb_left_kc512_s702,744,spectral,fly,permuted_bptt,49,2.4072374252930144,0.22613065326633167,2.4072374252930144
flywire_783_mb_left_kc512_s702,744,spectral,fly,permuted_bptt,50,2.401228052737545,0.22613065326633167,2.401228052737545
flywire_783_mb_left_kc512_s702,744,spectral,fly,permuted_bptt,51,2.3953776807633034,0.22613065326633167,2.3953776807633034
flywire_783_mb_left_kc512_s702,744,spectral,fly,permuted_bptt,52,2.3896536857788084,0.23618090452261306,2.3896536857788084
flywire_783_mb_left_kc512_s702,744,spectral,fly,permuted_bptt,53,2.3840740843883204,0.24120603015075376,2.3840740843883204
flywire_783_mb_left_kc512_s702,744,spectral,fly,permuted_bptt,54,2.3786334023813462,0.24120603015075376,2.3786334023813462
flywire_783_mb_left_kc512_s702,744,spectral,fly,permuted_bptt,55,2.3733052540678834,0.23618090452261306,2.3733052540678834
flywire_783_mb_left_kc512_s702,744,spectral,fly,permuted_bptt,56,2.36813436421804,0.23618090452261306,2.36813436421804
flywire_783_mb_left_kc512_s702,744,spectral,fly,permuted_bptt,57,2.363105667436398,0.23618090452261306,2.363105667436398
flywire_783_mb_left_kc512_s702,744,spectral,fly,permuted_bptt,58,2.3582035462857225,0.24120603015075376,2.3582035462857225
flywire_783_mb_left_kc512_s702,744,spectral,fly,permuted_bptt,59,2.3534415368892296,0.24120603015075376,2.3534415368892296
flywire_783_mb_left_kc512_s702,744,spectral,fly,permuted_bptt,60,2.3488003423579715,0.24120603015075376,2.3488003423579715
flywire_783_mb_left_kc512_s702,744,spectral,fly,permuted_bptt,61,2.3442854629780645,0.24623115577889448,2.3442854629780645
flywire_783_mb_left_kc512_s702,744,spectral,fly,permuted_bptt,62,2.339890852813472,0.24623115577889448,2.339890852813472
flywire_783_mb_left_kc512_s702,744,spectral,fly,permuted_bptt,63,2.335614957064408,0.2613065326633166,2.335614957064408
flywire_783_mb_left_kc512_s702,744,spectral,fly,permuted_bptt,64,2.331454790454926,0.2613065326633166,2.331454790454926
flywire_783_mb_left_kc512_s702,744,spectral,fly,permuted_bptt,65,2.3273979004642933,0.2613065326633166,2.3273979004642933
flywire_783_mb_left_kc512_s702,744,spectral,fly,permuted_bptt,66,2.323454346191648,0.2562814070351759,2.323454346191648
flywire_783_mb_left_kc512_s702,744,spectral,fly,permuted_bptt,67,2.319608661294106,0.2562814070351759,2.319608661294106
flywire_783_mb_left_kc512_s702,744,spectral,fly,permuted_bptt,68,2.315859138744986,0.25125628140703515,2.315859138744986
flywire_783_mb_left_kc512_s702,744,spectral,fly,permuted_bptt,69,2.312210959707183,0.2613065326633166,2.312210959707183
flywire_783_mb_left_kc512_s702,744,spectral,fly,permuted_bptt,70,2.3086536038220804,0.2663316582914573,2.3086536038220804
flywire_783_mb_left_kc512_s702,744,spectral,fly,permuted_bptt,71,2.3051880369782,0.2663316582914573,2.3051880369782
flywire_783_mb_left_kc512_s702,744,spectral,fly,permuted_bptt,72,2.301811947006344,0.271356783919598,2.301811947006344
flywire_783_mb_left_kc512_s702,744,spectral,fly,permuted_bptt,73,2.2985271538610847,0.271356783919598,2.2985271538610847
flywire_783_mb_left_kc512_s702,744,spectral,fly,permuted_bptt,74,2.2953262878004987,0.27638190954773867,2.2953262878004987
flywire_783_mb_left_kc512_s702,744,spectral,fly,permuted_bptt,75,2.2922083903412296,0.27638190954773867,2.2922083903412296
flywire_783_mb_left_kc512_s702,744,spectral,fly,permuted_bptt,76,2.289173732737571,0.27638190954773867,2.289173732737571
flywire_783_mb_left_kc512_s702,744,spectral,fly,permuted_bptt,77,2.2862140443641286,0.27638190954773867,2.2862140443641286
flywire_783_mb_left_kc512_s702,744,spectral,fly,permuted_bptt,78,2.2833311272235277,0.27638190954773867,2.2833311272235277
flywire_783_mb_left_kc512_s702,744,spectral,fly,permuted_bptt,79,2.2805214540364402,0.2864321608040201,2.2805214540364402
flywire_783_mb_left_kc512_s702,744,spectral,fly,permuted_bptt,80,2.277783986478848,0.2914572864321608,2.277783986478848
flywire_783_mb_left_kc512_s702,744,spectral,fly,permuted_bptt,81,2.2751163105679506,0.2914572864321608,2.2751163105679506
flywire_783_mb_left_kc512_s702,744,spectral,fly,permuted_bptt,82,2.2725167518374,0.2914572864321608,2.2725167518374
flywire_783_mb_left_kc512_s702,744,spectral,fly,permuted_bptt,83,2.2699830513070123,0.2914572864321608,2.2699830513070123
flywire_783_mb_left_kc512_s702,744,spectral,fly,permuted_bptt,84,2.2675129696724436,0.2964824120603015,2.2675129696724436
flywire_783_mb_left_kc512_s702,744,spectral,fly,permuted_bptt,85,2.2651060351898877,0.2964824120603015,2.2651060351898877
flywire_783_mb_left_kc512_s702,744,spectral,fly,permuted_bptt,86,2.2627578477904122,0.2964824120603015,2.2627578477904122
flywire_783_mb_left_kc512_s702,744,spectral,fly,permuted_bptt,87,2.2604682575234194,0.2964824120603015,2.2604682575234194
flywire_783_mb_left_kc512_s702,744,spectral,fly,permuted_bptt,88,2.25823420969816,0.3015075376884422,2.25823420969816
flywire_783_mb_left_kc512_s702,744,spectral,fly,permuted_bptt,89,2.256053750001692,0.2964824120603015,2.256053750001692
flywire_783_mb_left_kc512_s702,744,spectral,fly,permuted_bptt,90,2.2539253782706603,0.2964824120603015,2.2539253782706603
flywire_783_mb_left_kc512_s702,744,spectral,fly,permuted_bptt,91,2.251847606485499,0.2964824120603015,2.251847606485499
flywire_783_mb_left_kc512_s702,744,spectral,fly,permuted_bptt,92,2.249818053819001,0.2964824120603015,2.249818053819001
flywire_783_mb_left_kc512_s702,744,spectral,fly,permuted_bptt,93,2.247835252638815,0.3015075376884422,2.247835252638815
flywire_783_mb_left_kc512_s702,744,spectral,fly,permuted_bptt,94,2.2458982968589307,0.3015075376884422,2.2458982968589307
flywire_783_mb_left_kc512_s702,744,spectral,fly,permuted_bptt,95,2.2440047415263242,0.3065326633165829,2.2440047415263242
flywire_783_mb_left_kc512_s702,744,spectral,fly,permuted_bptt,96,2.2421538240407695,0.3015075376884422,2.2421538240407695
flywire_783_mb_left_kc512_s702,744,spectral,fly,permuted_bptt,97,2.2403435463898256,0.3065326633165829,2.2403435463898256
flywire_783_mb_left_kc512_s702,744,spectral,fly,permuted_bptt,98,2.238572586066614,0.31155778894472363,2.238572586066614
flywire_783_mb_left_kc512_s702,744,spectral,fly,permuted_bptt,99,2.2368393811029743,0.3065326633165829,2.2368393811029743
flywire_783_mb_left_kc512_s702,744,spectral,fly,permuted_bptt,100,2.235142959975039,0.3065326633165829,2.235142959975039
flywire_783_mb_left_kc512_s702,744,spectral,role_shuffled,frozen,0,1.6745587055158921,0.4120603015075377,1.6745587055158921
flywire_783_mb_left_kc512_s702,744,spectral,role_shuffled,full_bptt,0,1.6745587055158921,0.4120603015075377,1.6745587055158921
flywire_783_mb_left_kc512_s702,744,spectral,role_shuffled,full_bptt,1,1.6910306024987314,0.3969849246231156,1.6745587055158921
flywire_783_mb_left_kc512_s702,744,spectral,role_shuffled,full_bptt,2,1.6916365052954538,0.3869346733668342,1.6745587055158921
flywire_783_mb_left_kc512_s702,744,spectral,role_shuffled,full_bptt,3,1.6818743849918714,0.4020100502512563,1.6745587055158921
flywire_783_mb_left_kc512_s702,744,spectral,role_shuffled,full_bptt,4,1.6836060089623168,0.41708542713567837,1.6745587055158921
flywire_783_mb_left_kc512_s702,744,spectral,role_shuffled,full_bptt,5,1.675290586243655,0.40703517587939697,1.6745587055158921
flywire_783_mb_left_kc512_s702,744,spectral,role_shuffled,full_bptt,6,1.6771547019775557,0.4020100502512563,1.6745587055158921
flywire_783_mb_left_kc512_s702,744,spectral,role_shuffled,full_bptt,7,1.677596499511683,0.3969849246231156,1.6745587055158921
flywire_783_mb_left_kc512_s702,744,spectral,role_shuffled,full_bptt,8,1.6709051981885301,0.3869346733668342,1.6709051981885301
flywire_783_mb_left_kc512_s702,744,spectral,role_shuffled,full_bptt,9,1.6704811111586657,0.39195979899497485,1.6704811111586657
flywire_783_mb_left_kc512_s702,744,spectral,role_shuffled,full_bptt,10,1.6737792650008803,0.4020100502512563,1.6704811111586657
flywire_783_mb_left_kc512_s702,744,spectral,role_shuffled,full_bptt,11,1.6716640714206397,0.4120603015075377,1.6704811111586657
flywire_783_mb_left_kc512_s702,744,spectral,role_shuffled,full_bptt,12,1.668636583285525,0.4271356783919598,1.668636583285525
flywire_783_mb_left_kc512_s702,744,spectral,role_shuffled,full_bptt,13,1.6685280456117446,0.4271356783919598,1.6685280456117446
flywire_783_mb_left_kc512_s702,744,spectral,role_shuffled,full_bptt,14,1.6681504941150593,0.41708542713567837,1.6681504941150593
flywire_783_mb_left_kc512_s702,744,spectral,role_shuffled,full_bptt,15,1.6673682496137276,0.40703517587939697,1.6673682496137276
flywire_783_mb_left_kc512_s702,744,spectral,role_shuffled,full_bptt,16,1.667425489081969,0.4221105527638191,1.6673682496137276
flywire_783_mb_left_kc512_s702,744,spectral,role_shuffled,full_bptt,17,1.6665991556078632,0.4221105527638191,1.6665991556078632
flywire_783_mb_left_kc512_s702,744,spectral,role_shuffled,full_bptt,18,1.6651592863402847,0.4271356783919598,1.6651592863402847
flywire_783_mb_left_kc512_s702,744,spectral,role_shuffled,full_bptt,19,1.6652739552491977,0.4371859296482412,1.6651592863402847
flywire_783_mb_left_kc512_s702,744,spectral,role_shuffled,full_bptt,20,1.6654192546952133,0.4371859296482412,1.6651592863402847
flywire_783_mb_left_kc512_s702,744,spectral,role_shuffled,full_bptt,21,1.6639782265393754,0.4221105527638191,1.6639782265393754
flywire_783_mb_left_kc512_s702,744,spectral,role_shuffled,full_bptt,22,1.6632397460959016,0.41708542713567837,1.6632397460959016
flywire_783_mb_left_kc512_s702,744,spectral,role_shuffled,full_bptt,23,1.6637394317097802,0.4271356783919598,1.6632397460959016
flywire_783_mb_left_kc512_s702,744,spectral,role_shuffled,full_bptt,24,1.6634216504283768,0.4371859296482412,1.6632397460959016
flywire_783_mb_left_kc512_s702,744,spectral,role_shuffled,full_bptt,25,1.6624132807039416,0.4221105527638191,1.6624132807039416
flywire_783_mb_left_kc512_s702,744,spectral,role_shuffled,full_bptt,26,1.662006091609738,0.41708542713567837,1.662006091609738
flywire_783_mb_left_kc512_s702,744,spectral,role_shuffled,full_bptt,27,1.6618186804572486,0.40703517587939697,1.6618186804572486
flywire_783_mb_left_kc512_s702,744,spectral,role_shuffled,full_bptt,28,1.661476730178832,0.4221105527638191,1.661476730178832
flywire_783_mb_left_kc512_s702,744,spectral,role_shuffled,full_bptt,29,1.6612758294437509,0.4321608040201005,1.6612758294437509
flywire_783_mb_left_kc512_s702,744,spectral,role_shuffled,full_bptt,30,1.660789237423719,0.4271356783919598,1.660789237423719
flywire_783_mb_left_kc512_s702,744,spectral,role_shuffled,full_bptt,31,1.660161763248114,0.4221105527638191,1.660161763248114
flywire_783_mb_left_kc512_s702,744,spectral,role_shuffled,full_bptt,32,1.660118241096331,0.4221105527638191,1.660118241096331
flywire_783_mb_left_kc512_s702,744,spectral,role_shuffled,full_bptt,33,1.6600398836170585,0.41708542713567837,1.6600398836170585
flywire_783_mb_left_kc512_s702,744,spectral,role_shuffled,full_bptt,34,1.659404991419571,0.41708542713567837,1.659404991419571
flywire_783_mb_left_kc512_s702,744,spectral,role_shuffled,full_bptt,35,1.6589960833096309,0.4221105527638191,1.6589960833096309
flywire_783_mb_left_kc512_s702,744,spectral,role_shuffled,full_bptt,36,1.6589123364832177,0.4221105527638191,1.6589123364832177
flywire_783_mb_left_kc512_s702,744,spectral,role_shuffled,full_bptt,37,1.6586225730753081,0.4221105527638191,1.6586225730753081
flywire_783_mb_left_kc512_s702,744,spectral,role_shuffled,full_bptt,38,1.6582920751362542,0.4221105527638191,1.6582920751362542
flywire_783_mb_left_kc512_s702,744,spectral,role_shuffled,full_bptt,39,1.6580133646951758,0.4221105527638191,1.6580133646951758
flywire_783_mb_left_kc512_s702,744,spectral,role_shuffled,full_bptt,40,1.6576832671732278,0.4221105527638191,1.6576832671732278
flywire_783_mb_left_kc512_s702,744,spectral,role_shuffled,full_bptt,41,1.6574813234674892,0.4271356783919598,1.6574813234674892
flywire_783_mb_left_kc512_s702,744,spectral,role_shuffled,full_bptt,42,1.6572516877264416,0.4271356783919598,1.6572516877264416
flywire_783_mb_left_kc512_s702,744,spectral,role_shuffled,full_bptt,43,1.6568646864312968,0.4271356783919598,1.6568646864312968
flywire_783_mb_left_kc512_s702,744,spectral,role_shuffled,full_bptt,44,1.6566404966920072,0.4221105527638191,1.6566404966920072
flywire_783_mb_left_kc512_s702,744,spectral,role_shuffled,full_bptt,45,1.6564859495693054,0.4221105527638191,1.6564859495693054
flywire_783_mb_left_kc512_s702,744,spectral,role_shuffled,full_bptt,46,1.6561709909139732,0.4221105527638191,1.6561709909139732
flywire_783_mb_left_kc512_s702,744,spectral,role_shuffled,full_bptt,47,1.655910079242117,0.4271356783919598,1.655910079242117
flywire_783_mb_left_kc512_s702,744,spectral,role_shuffled,full_bptt,48,1.6557034354842168,0.4271356783919598,1.6557034354842168
flywire_783_mb_left_kc512_s702,744,spectral,role_shuffled,full_bptt,49,1.6554504978287896,0.4271356783919598,1.6554504978287896
flywire_783_mb_left_kc512_s702,744,spectral,role_shuffled,full_bptt,50,1.6552354905858369,0.4321608040201005,1.6552354905858369
flywire_783_mb_left_kc512_s702,744,spectral,role_shuffled,full_bptt,51,1.655002278836617,0.4321608040201005,1.655002278836617
flywire_783_mb_left_kc512_s702,744,spectral,role_shuffled,full_bptt,52,1.6547634294505171,0.4271356783919598,1.6547634294505171
flywire_783_mb_left_kc512_s702,744,spectral,role_shuffled,full_bptt,53,1.6545713539237306,0.4271356783919598,1.6545713539237306
flywire_783_mb_left_kc512_s702,744,spectral,role_shuffled,full_bptt,54,1.6543259258524479,0.4271356783919598,1.6543259258524479
flywire_783_mb_left_kc512_s702,744,spectral,role_shuffled,full_bptt,55,1.654095648115405,0.4271356783919598,1.654095648115405
flywire_783_mb_left_kc512_s702,744,spectral,role_shuffled,full_bptt,56,1.6539259004246205,0.4271356783919598,1.6539259004246205
flywire_783_mb_left_kc512_s702,744,spectral,role_shuffled,full_bptt,57,1.6537055928362092,0.4271356783919598,1.6537055928362092
flywire_783_mb_left_kc512_s702,744,spectral,role_shuffled,full_bptt,58,1.6534809977005085,0.4271356783919598,1.6534809977005085
flywire_783_mb_left_kc512_s702,744,spectral,role_shuffled,full_bptt,59,1.6532862203113872,0.4271356783919598,1.6532862203113872
flywire_783_mb_left_kc512_s702,744,spectral,role_shuffled,full_bptt,60,1.653085073314912,0.4221105527638191,1.653085073314912
flywire_783_mb_left_kc512_s702,744,spectral,role_shuffled,full_bptt,61,1.6528942272073717,0.4321608040201005,1.6528942272073717
flywire_783_mb_left_kc512_s702,744,spectral,role_shuffled,full_bptt,62,1.6526862739222197,0.4271356783919598,1.6526862739222197
flywire_783_mb_left_kc512_s702,744,spectral,role_shuffled,full_bptt,63,1.6524860631797997,0.4271356783919598,1.6524860631797997
flywire_783_mb_left_kc512_s702,744,spectral,role_shuffled,full_bptt,64,1.652312269051031,0.4321608040201005,1.652312269051031
flywire_783_mb_left_kc512_s702,744,spectral,role_shuffled,full_bptt,65,1.6521135462001952,0.4271356783919598,1.6521135462001952
flywire_783_mb_left_kc512_s702,744,spectral,role_shuffled,full_bptt,66,1.6519216992600332,0.4271356783919598,1.6519216992600332
flywire_783_mb_left_kc512_s702,744,spectral,role_shuffled,full_bptt,67,1.651745007839812,0.4321608040201005,1.651745007839812
flywire_783_mb_left_kc512_s702,744,spectral,role_shuffled,full_bptt,68,1.6515568378322365,0.4321608040201005,1.6515568378322365
flywire_783_mb_left_kc512_s702,744,spectral,role_shuffled,full_bptt,69,1.6513757978904786,0.4271356783919598,1.6513757978904786
flywire_783_mb_left_kc512_s702,744,spectral,role_shuffled,full_bptt,70,1.6511951129941655,0.4271356783919598,1.6511951129941655
flywire_783_mb_left_kc512_s702,744,spectral,role_shuffled,full_bptt,71,1.6510206742154583,0.4221105527638191,1.6510206742154583
flywire_783_mb_left_kc512_s702,744,spectral,role_shuffled,full_bptt,72,1.6508477977080007,0.4271356783919598,1.6508477977080007
flywire_783_mb_left_kc512_s702,744,spectral,role_shuffled,full_bptt,73,1.6506662945565889,0.4321608040201005,1.6506662945565889
flywire_783_mb_left_kc512_s702,744,spectral,role_shuffled,full_bptt,74,1.6504987766140566,0.4321608040201005,1.6504987766140566
flywire_783_mb_left_kc512_s702,744,spectral,role_shuffled,full_bptt,75,1.6503312998744177,0.4321608040201005,1.6503312998744177
flywire_783_mb_left_kc512_s702,744,spectral,role_shuffled,full_bptt,76,1.6501598861316902,0.4321608040201005,1.6501598861316902
flywire_783_mb_left_kc512_s702,744,spectral,role_shuffled,full_bptt,77,1.6499949374925893,0.4271356783919598,1.6499949374925893
flywire_783_mb_left_kc512_s702,744,spectral,role_shuffled,full_bptt,78,1.649829187851219,0.4271356783919598,1.649829187851219
flywire_783_mb_left_kc512_s702,744,spectral,role_shuffled,full_bptt,79,1.649667234356379,0.4271356783919598,1.649667234356379
flywire_783_mb_left_kc512_s702,744,spectral,role_shuffled,full_bptt,80,1.6495048856751096,0.4271356783919598,1.6495048856751096
flywire_783_mb_left_kc512_s702,744,spectral,role_shuffled,full_bptt,81,1.649345467332532,0.4271356783919598,1.649345467332532
flywire_783_mb_left_kc512_s702,744,spectral,role_shuffled,full_bptt,82,1.649188965954652,0.4271356783919598,1.649188965954652
flywire_783_mb_left_kc512_s702,744,spectral,role_shuffled,full_bptt,83,1.6490292401720388,0.4271356783919598,1.6490292401720388
flywire_783_mb_left_kc512_s702,744,spectral,role_shuffled,full_bptt,84,1.6488753919229375,0.4271356783919598,1.6488753919229375
flywire_783_mb_left_kc512_s702,744,spectral,role_shuffled,full_bptt,85,1.6487226999842322,0.4271356783919598,1.6487226999842322
flywire_783_mb_left_kc512_s702,744,spectral,role_shuffled,full_bptt,86,1.648569886676373,0.4271356783919598,1.648569886676373
flywire_783_mb_left_kc512_s702,744,spectral,role_shuffled,full_bptt,87,1.6484193806413965,0.4271356783919598,1.6484193806413965
flywire_783_mb_left_kc512_s702,744,spectral,role_shuffled,full_bptt,88,1.6482700435577597,0.4271356783919598,1.6482700435577597
flywire_783_mb_left_kc512_s702,744,spectral,role_shuffled,full_bptt,89,1.6481231226148003,0.4271356783919598,1.6481231226148003
flywire_783_mb_left_kc512_s702,744,spectral,role_shuffled,full_bptt,90,1.6479756749541667,0.4271356783919598,1.6479756749541667
flywire_783_mb_left_kc512_s702,744,spectral,role_shuffled,full_bptt,91,1.6478313453055882,0.4271356783919598,1.6478313453055882
flywire_783_mb_left_kc512_s702,744,spectral,role_shuffled,full_bptt,92,1.6476882209450572,0.4271356783919598,1.6476882209450572
flywire_783_mb_left_kc512_s702,744,spectral,role_shuffled,full_bptt,93,1.6475451201190034,0.4271356783919598,1.6475451201190034
flywire_783_mb_left_kc512_s702,744,spectral,role_shuffled,full_bptt,94,1.6474047204563942,0.4321608040201005,1.6474047204563942
flywire_783_mb_left_kc512_s702,744,spectral,role_shuffled,full_bptt,95,1.6472651823913247,0.4321608040201005,1.6472651823913247
flywire_783_mb_left_kc512_s702,744,spectral,role_shuffled,full_bptt,96,1.647127098813048,0.4321608040201005,1.647127098813048
flywire_783_mb_left_kc512_s702,744,spectral,role_shuffled,full_bptt,97,1.6469897214459222,0.4321608040201005,1.6469897214459222
flywire_783_mb_left_kc512_s702,744,spectral,role_shuffled,full_bptt,98,1.646854295035856,0.4321608040201005,1.646854295035856
flywire_783_mb_left_kc512_s702,744,spectral,role_shuffled,full_bptt,99,1.6467199048632464,0.4321608040201005,1.6467199048632464
flywire_783_mb_left_kc512_s702,744,spectral,role_shuffled,full_bptt,100,1.6465863713459883,0.4321608040201005,1.6465863713459883
flywire_783_mb_left_kc512_s702,744,spectral,role_shuffled,local_gradient,0,1.6745587055158921,0.4120603015075377,1.6745587055158921
flywire_783_mb_left_kc512_s702,744,spectral,role_shuffled,local_gradient,1,1.6965897266213885,0.4120603015075377,1.6745587055158921
flywire_783_mb_left_kc512_s702,744,spectral,role_shuffled,local_gradient,2,1.6926439823597406,0.4020100502512563,1.6745587055158921
flywire_783_mb_left_kc512_s702,744,spectral,role_shuffled,local_gradient,3,1.6855150242153933,0.3869346733668342,1.6745587055158921
flywire_783_mb_left_kc512_s702,744,spectral,role_shuffled,local_gradient,4,1.6864261118426136,0.39195979899497485,1.6745587055158921
flywire_783_mb_left_kc512_s702,744,spectral,role_shuffled,local_gradient,5,1.6817957351059314,0.4120603015075377,1.6745587055158921
flywire_783_mb_left_kc512_s702,744,spectral,role_shuffled,local_gradient,6,1.6832047494481013,0.3869346733668342,1.6745587055158921
flywire_783_mb_left_kc512_s702,744,spectral,role_shuffled,local_gradient,7,1.685017161733977,0.40703517587939697,1.6745587055158921
flywire_783_mb_left_kc512_s702,744,spectral,role_shuffled,local_gradient,8,1.6848111909577599,0.3768844221105528,1.6745587055158921
flywire_783_mb_left_kc512_s702,744,spectral,role_shuffled,local_gradient,9,1.6877000565600593,0.3768844221105528,1.6745587055158921
flywire_783_mb_left_kc512_s702,744,spectral,role_shuffled,local_gradient,10,1.6898373618729365,0.3869346733668342,1.6745587055158921
flywire_783_mb_left_kc512_s702,744,spectral,role_shuffled,local_gradient,11,1.6898494222626177,0.3869346733668342,1.6745587055158921
flywire_783_mb_left_kc512_s702,744,spectral,role_shuffled,local_gradient,12,1.6912560061798256,0.3869346733668342,1.6745587055158921
flywire_783_mb_left_kc512_s702,744,spectral,role_shuffled,local_gradient,13,1.6912731391169478,0.3869346733668342,1.6745587055158921
flywire_783_mb_left_kc512_s702,744,spectral,role_shuffled,local_gradient,14,1.688493766163296,0.39195979899497485,1.6745587055158921
flywire_783_mb_left_kc512_s702,744,spectral,role_shuffled,local_gradient,15,1.6870703921118277,0.3768844221105528,1.6745587055158921
flywire_783_mb_left_kc512_s702,744,spectral,role_shuffled,local_gradient,16,1.6872429376909053,0.3869346733668342,1.6745587055158921
flywire_783_mb_left_kc512_s702,744,spectral,role_shuffled,local_gradient,17,1.6862375366588505,0.38190954773869346,1.6745587055158921
flywire_783_mb_left_kc512_s702,744,spectral,role_shuffled,local_gradient,18,1.6857806962625792,0.3969849246231156,1.6745587055158921
flywire_783_mb_left_kc512_s702,744,spectral,role_shuffled,local_gradient,19,1.6874221758207073,0.4020100502512563,1.6745587055158921
flywire_783_mb_left_kc512_s702,744,spectral,role_shuffled,local_gradient,20,1.6885108641614786,0.4020100502512563,1.6745587055158921
flywire_783_mb_left_kc512_s702,744,spectral,role_shuffled,local_gradient,21,1.6886381443025504,0.39195979899497485,1.6745587055158921
flywire_783_mb_left_kc512_s702,744,spectral,role_shuffled,local_gradient,22,1.6906870501802032,0.41708542713567837,1.6745587055158921
flywire_783_mb_left_kc512_s702,744,spectral,role_shuffled,local_gradient,23,1.6936873299676611,0.4221105527638191,1.6745587055158921
flywire_783_mb_left_kc512_s702,744,spectral,role_shuffled,local_gradient,24,1.694088916678732,0.41708542713567837,1.6745587055158921
flywire_783_mb_left_kc512_s702,744,spectral,role_shuffled,local_gradient,25,1.693589606070871,0.40703517587939697,1.6745587055158921
flywire_783_mb_left_kc512_s702,744,spectral,role_shuffled,local_gradient,26,1.6951147382014864,0.4120603015075377,1.6745587055158921
flywire_783_mb_left_kc512_s702,744,spectral,role_shuffled,local_gradient,27,1.6969840932084577,0.4120603015075377,1.6745587055158921
flywire_783_mb_left_kc512_s702,744,spectral,role_shuffled,local_gradient,28,1.6975953867812352,0.40703517587939697,1.6745587055158921
flywire_783_mb_left_kc512_s702,744,spectral,role_shuffled,local_gradient,29,1.69879384307509,0.3869346733668342,1.6745587055158921
flywire_783_mb_left_kc512_s702,744,spectral,role_shuffled,local_gradient,30,1.7011369027382983,0.3969849246231156,1.6745587055158921
flywire_783_mb_left_kc512_s702,744,spectral,role_shuffled,local_gradient,31,1.7019377975871186,0.37185929648241206,1.6745587055158921
flywire_783_mb_left_kc512_s702,744,spectral,role_shuffled,local_gradient,32,1.700971981235886,0.3869346733668342,1.6745587055158921
flywire_783_mb_left_kc512_s702,744,spectral,role_shuffled,local_gradient,33,1.7017248343874494,0.39195979899497485,1.6745587055158921
flywire_783_mb_left_kc512_s702,744,spectral,role_shuffled,local_gradient,34,1.7040746808033782,0.38190954773869346,1.6745587055158921
flywire_783_mb_left_kc512_s702,744,spectral,role_shuffled,local_gradient,35,1.7055783872033314,0.3969849246231156,1.6745587055158921
flywire_783_mb_left_kc512_s702,744,spectral,role_shuffled,local_gradient,36,1.7062357973665139,0.3869346733668342,1.6745587055158921
flywire_783_mb_left_kc512_s702,744,spectral,role_shuffled,local_gradient,37,1.7065514212045256,0.39195979899497485,1.6745587055158921
flywire_783_mb_left_kc512_s702,744,spectral,role_shuffled,local_gradient,38,1.7057099885360893,0.3869346733668342,1.6745587055158921
flywire_783_mb_left_kc512_s702,744,spectral,role_shuffled,local_gradient,39,1.7038144115690563,0.3869346733668342,1.6745587055158921
flywire_783_mb_left_kc512_s702,744,spectral,role_shuffled,local_gradient,40,1.7032733153975026,0.39195979899497485,1.6745587055158921
flywire_783_mb_left_kc512_s702,744,spectral,role_shuffled,local_gradient,41,1.7048289782686392,0.3969849246231156,1.6745587055158921
flywire_783_mb_left_kc512_s702,744,spectral,role_shuffled,local_gradient,42,1.7060329508149294,0.3869346733668342,1.6745587055158921
flywire_783_mb_left_kc512_s702,744,spectral,role_shuffled,local_gradient,43,1.7067965417418394,0.3869346733668342,1.6745587055158921
flywire_783_mb_left_kc512_s702,744,spectral,role_shuffled,local_gradient,44,1.7083844810949893,0.3768844221105528,1.6745587055158921
flywire_783_mb_left_kc512_s702,744,spectral,role_shuffled,local_gradient,45,1.7110021453018345,0.37185929648241206,1.6745587055158921
flywire_783_mb_left_kc512_s702,744,spectral,role_shuffled,local_gradient,46,1.7142586358623415,0.37185929648241206,1.6745587055158921
flywire_783_mb_left_kc512_s702,744,spectral,role_shuffled,local_gradient,47,1.7165513041194538,0.39195979899497485,1.6745587055158921
flywire_783_mb_left_kc512_s702,744,spectral,role_shuffled,local_gradient,48,1.7178465652935322,0.3969849246231156,1.6745587055158921
flywire_783_mb_left_kc512_s702,744,spectral,role_shuffled,local_gradient,49,1.7200744556426364,0.4120603015075377,1.6745587055158921
flywire_783_mb_left_kc512_s702,744,spectral,role_shuffled,local_gradient,50,1.722310263541069,0.3869346733668342,1.6745587055158921
flywire_783_mb_left_kc512_s702,744,spectral,role_shuffled,local_gradient,51,1.721783419059795,0.39195979899497485,1.6745587055158921
flywire_783_mb_left_kc512_s702,744,spectral,role_shuffled,local_gradient,52,1.7190590669798664,0.3768844221105528,1.6745587055158921
flywire_783_mb_left_kc512_s702,744,spectral,role_shuffled,local_gradient,53,1.7183970159521977,0.38190954773869346,1.6745587055158921
flywire_783_mb_left_kc512_s702,744,spectral,role_shuffled,local_gradient,54,1.7216404330969861,0.3869346733668342,1.6745587055158921
flywire_783_mb_left_kc512_s702,744,spectral,role_shuffled,local_gradient,55,1.7243175487425648,0.38190954773869346,1.6745587055158921
flywire_783_mb_left_kc512_s702,744,spectral,role_shuffled,local_gradient,56,1.7225187766685557,0.3869346733668342,1.6745587055158921
flywire_783_mb_left_kc512_s702,744,spectral,role_shuffled,local_gradient,57,1.7202744959012308,0.4020100502512563,1.6745587055158921
flywire_783_mb_left_kc512_s702,744,spectral,role_shuffled,local_gradient,58,1.7227065910212918,0.3969849246231156,1.6745587055158921
flywire_783_mb_left_kc512_s702,744,spectral,role_shuffled,local_gradient,59,1.7271880467789031,0.38190954773869346,1.6745587055158921
flywire_783_mb_left_kc512_s702,744,spectral,role_shuffled,local_gradient,60,1.7300158178101066,0.3969849246231156,1.6745587055158921
flywire_783_mb_left_kc512_s702,744,spectral,role_shuffled,local_gradient,61,1.7335149570107764,0.38190954773869346,1.6745587055158921
flywire_783_mb_left_kc512_s702,744,spectral,role_shuffled,local_gradient,62,1.7397709862511166,0.38190954773869346,1.6745587055158921
flywire_783_mb_left_kc512_s702,744,spectral,role_shuffled,local_gradient,63,1.7451933517212388,0.37185929648241206,1.6745587055158921
flywire_783_mb_left_kc512_s702,744,spectral,role_shuffled,local_gradient,64,1.7451887258294176,0.3768844221105528,1.6745587055158921
flywire_783_mb_left_kc512_s702,744,spectral,role_shuffled,local_gradient,65,1.7415273643849667,0.37185929648241206,1.6745587055158921
flywire_783_mb_left_kc512_s702,744,spectral,role_shuffled,local_gradient,66,1.7391134620766187,0.3768844221105528,1.6745587055158921
flywire_783_mb_left_kc512_s702,744,spectral,role_shuffled,local_gradient,67,1.7370142978845007,0.38190954773869346,1.6745587055158921
flywire_783_mb_left_kc512_s702,744,spectral,role_shuffled,local_gradient,68,1.7333559478877398,0.3768844221105528,1.6745587055158921
flywire_783_mb_left_kc512_s702,744,spectral,role_shuffled,local_gradient,69,1.7310015929896851,0.37185929648241206,1.6745587055158921
flywire_783_mb_left_kc512_s702,744,spectral,role_shuffled,local_gradient,70,1.7313029023422462,0.38190954773869346,1.6745587055158921
flywire_783_mb_left_kc512_s702,744,spectral,role_shuffled,local_gradient,71,1.732257623284558,0.3768844221105528,1.6745587055158921
flywire_783_mb_left_kc512_s702,744,spectral,role_shuffled,local_gradient,72,1.7327752777550067,0.37185929648241206,1.6745587055158921
flywire_783_mb_left_kc512_s702,744,spectral,role_shuffled,local_gradient,73,1.7333595444901937,0.38190954773869346,1.6745587055158921
flywire_783_mb_left_kc512_s702,744,spectral,role_shuffled,local_gradient,74,1.7362919990438732,0.4020100502512563,1.6745587055158921
flywire_783_mb_left_kc512_s702,744,spectral,role_shuffled,local_gradient,75,1.7429621567498776,0.3869346733668342,1.6745587055158921
flywire_783_mb_left_kc512_s702,744,spectral,role_shuffled,local_gradient,76,1.7497463444047574,0.3768844221105528,1.6745587055158921
flywire_783_mb_left_kc512_s702,744,spectral,role_shuffled,local_gradient,77,1.7529169947974323,0.38190954773869346,1.6745587055158921
flywire_783_mb_left_kc512_s702,744,spectral,role_shuffled,local_gradient,78,1.753154503277324,0.37185929648241206,1.6745587055158921
flywire_783_mb_left_kc512_s702,744,spectral,role_shuffled,local_gradient,79,1.7523701355207844,0.36683417085427134,1.6745587055158921
flywire_783_mb_left_kc512_s702,744,spectral,role_shuffled,local_gradient,80,1.7521900118383196,0.36180904522613067,1.6745587055158921
flywire_783_mb_left_kc512_s702,744,spectral,role_shuffled,local_gradient,81,1.7531401016338999,0.35678391959798994,1.6745587055158921
flywire_783_mb_left_kc512_s702,744,spectral,role_shuffled,local_gradient,82,1.7528192183352356,0.3869346733668342,1.6745587055158921
flywire_783_mb_left_kc512_s702,744,spectral,role_shuffled,local_gradient,83,1.7495572483812392,0.4020100502512563,1.6745587055158921
flywire_783_mb_left_kc512_s702,744,spectral,role_shuffled,local_gradient,84,1.7464339355862315,0.3969849246231156,1.6745587055158921
flywire_783_mb_left_kc512_s702,744,spectral,role_shuffled,local_gradient,85,1.7468772087645694,0.38190954773869346,1.6745587055158921
flywire_783_mb_left_kc512_s702,744,spectral,role_shuffled,local_gradient,86,1.7485030335159388,0.35175879396984927,1.6745587055158921
flywire_783_mb_left_kc512_s702,744,spectral,role_shuffled,local_gradient,87,1.7470332555683166,0.38190954773869346,1.6745587055158921
flywire_783_mb_left_kc512_s702,744,spectral,role_shuffled,local_gradient,88,1.7442798641415072,0.39195979899497485,1.6745587055158921
flywire_783_mb_left_kc512_s702,744,spectral,role_shuffled,local_gradient,89,1.7458433499133303,0.3768844221105528,1.6745587055158921
flywire_783_mb_left_kc512_s702,744,spectral,role_shuffled,local_gradient,90,1.7524010305757676,0.38190954773869346,1.6745587055158921
flywire_783_mb_left_kc512_s702,744,spectral,role_shuffled,local_gradient,91,1.7578996302799592,0.39195979899497485,1.6745587055158921
flywire_783_mb_left_kc512_s702,744,spectral,role_shuffled,local_gradient,92,1.7578062803529753,0.3969849246231156,1.6745587055158921
flywire_783_mb_left_kc512_s702,744,spectral,role_shuffled,local_gradient,93,1.7558275131401289,0.3869346733668342,1.6745587055158921
flywire_783_mb_left_kc512_s702,744,spectral,role_shuffled,local_gradient,94,1.7580087951345251,0.35678391959798994,1.6745587055158921
flywire_783_mb_left_kc512_s702,744,spectral,role_shuffled,local_gradient,95,1.7625170491630946,0.37185929648241206,1.6745587055158921
flywire_783_mb_left_kc512_s702,744,spectral,role_shuffled,local_gradient,96,1.7639129633013246,0.38190954773869346,1.6745587055158921
flywire_783_mb_left_kc512_s702,744,spectral,role_shuffled,local_gradient,97,1.7633899935855284,0.3768844221105528,1.6745587055158921
flywire_783_mb_left_kc512_s702,744,spectral,role_shuffled,local_gradient,98,1.765114736379037,0.34673366834170855,1.6745587055158921
flywire_783_mb_left_kc512_s702,744,spectral,role_shuffled,local_gradient,99,1.7681088011733337,0.35678391959798994,1.6745587055158921
flywire_783_mb_left_kc512_s702,744,spectral,role_shuffled,local_gradient,100,1.7673808172748797,0.36180904522613067,1.6745587055158921
flywire_783_mb_left_kc512_s702,744,spectral,role_shuffled,permuted_bptt,0,3.2899448926381667,0.10552763819095477,3.2899448926381667
flywire_783_mb_left_kc512_s702,744,spectral,role_shuffled,permuted_bptt,1,3.1914824382787788,0.09547738693467336,3.1914824382787788
flywire_783_mb_left_kc512_s702,744,spectral,role_shuffled,permuted_bptt,2,3.132540981657823,0.08040201005025126,3.132540981657823
flywire_783_mb_left_kc512_s702,744,spectral,role_shuffled,permuted_bptt,3,3.0803980600528162,0.08040201005025126,3.0803980600528162
flywire_783_mb_left_kc512_s702,744,spectral,role_shuffled,permuted_bptt,4,3.0465100745755653,0.10552763819095477,3.0465100745755653
flywire_783_mb_left_kc512_s702,744,spectral,role_shuffled,permuted_bptt,5,3.010702376412764,0.09045226130653267,3.010702376412764
flywire_783_mb_left_kc512_s702,744,spectral,role_shuffled,permuted_bptt,6,2.9757541186107486,0.09547738693467336,2.9757541186107486
flywire_783_mb_left_kc512_s702,744,spectral,role_shuffled,permuted_bptt,7,2.9441960727131233,0.09045226130653267,2.9441960727131233
flywire_783_mb_left_kc512_s702,744,spectral,role_shuffled,permuted_bptt,8,2.9120917616199042,0.10050251256281408,2.9120917616199042
flywire_783_mb_left_kc512_s702,744,spectral,role_shuffled,permuted_bptt,9,2.882734661149501,0.09547738693467336,2.882734661149501
flywire_783_mb_left_kc512_s702,744,spectral,role_shuffled,permuted_bptt,10,2.857317426010157,0.10552763819095477,2.857317426010157
flywire_783_mb_left_kc512_s702,744,spectral,role_shuffled,permuted_bptt,11,2.8335927746638823,0.10050251256281408,2.8335927746638823
flywire_783_mb_left_kc512_s702,744,spectral,role_shuffled,permuted_bptt,12,2.812344128360608,0.10552763819095477,2.812344128360608
flywire_783_mb_left_kc512_s702,744,spectral,role_shuffled,permuted_bptt,13,2.7929329221438746,0.12562814070351758,2.7929329221438746
flywire_783_mb_left_kc512_s702,744,spectral,role_shuffled,permuted_bptt,14,2.773325492043443,0.1306532663316583,2.773325492043443
flywire_783_mb_left_kc512_s702,744,spectral,role_shuffled,permuted_bptt,15,2.754407063437132,0.135678391959799,2.754407063437132
flywire_783_mb_left_kc512_s702,744,spectral,role_shuffled,permuted_bptt,16,2.736739233900847,0.1306532663316583,2.736739233900847
flywire_783_mb_left_kc512_s702,744,spectral,role_shuffled,permuted_bptt,17,2.719050701270235,0.1457286432160804,2.719050701270235
flywire_783_mb_left_kc512_s702,744,spectral,role_shuffled,permuted_bptt,18,2.70207252420876,0.15577889447236182,2.70207252420876
flywire_783_mb_left_kc512_s702,744,spectral,role_shuffled,permuted_bptt,19,2.6868566160548606,0.1457286432160804,2.6868566160548606
flywire_783_mb_left_kc512_s702,744,spectral,role_shuffled,permuted_bptt,20,2.672589634363437,0.1708542713567839,2.672589634363437
flywire_783_mb_left_kc512_s702,744,spectral,role_shuffled,permuted_bptt,21,2.6591305395585927,0.16080402010050251,2.6591305395585927
flywire_783_mb_left_kc512_s702,744,spectral,role_shuffled,permuted_bptt,22,2.6468586581000486,0.1507537688442211,2.6468586581000486
flywire_783_mb_left_kc512_s702,744,spectral,role_shuffled,permuted_bptt,23,2.6351179804970624,0.16080402010050251,2.6351179804970624
flywire_783_mb_left_kc512_s702,744,spectral,role_shuffled,permuted_bptt,24,2.6236919922092174,0.1658291457286432,2.6236919922092174
flywire_783_mb_left_kc512_s702,744,spectral,role_shuffled,permuted_bptt,25,2.6128571471105775,0.1658291457286432,2.6128571471105775
flywire_783_mb_left_kc512_s702,744,spectral,role_shuffled,permuted_bptt,26,2.6022782662015653,0.1658291457286432,2.6022782662015653
flywire_783_mb_left_kc512_s702,744,spectral,role_shuffled,permuted_bptt,27,2.592125658756968,0.19095477386934673,2.592125658756968
flywire_783_mb_left_kc512_s702,744,spectral,role_shuffled,permuted_bptt,28,2.582773682809377,0.18592964824120603,2.582773682809377
flywire_783_mb_left_kc512_s702,744,spectral,role_shuffled,permuted_bptt,29,2.5738080973864337,0.18090452261306533,2.5738080973864337
flywire_783_mb_left_kc512_s702,744,spectral,role_shuffled,permuted_bptt,30,2.565238597229429,0.17587939698492464,2.565238597229429
flywire_783_mb_left_kc512_s702,744,spectral,role_shuffled,permuted_bptt,31,2.5572838091702024,0.18090452261306533,2.5572838091702024
flywire_783_mb_left_kc512_s702,744,spectral,role_shuffled,permuted_bptt,32,2.5495532465366417,0.1658291457286432,2.5495532465366417
flywire_783_mb_left_kc512_s702,744,spectral,role_shuffled,permuted_bptt,33,2.542086423953348,0.17587939698492464,2.542086423953348
flywire_783_mb_left_kc512_s702,744,spectral,role_shuffled,permuted_bptt,34,2.5350661522321123,0.18090452261306533,2.5350661522321123
flywire_783_mb_left_kc512_s702,744,spectral,role_shuffled,permuted_bptt,35,2.528279932906867,0.17587939698492464,2.528279932906867
flywire_783_mb_left_kc512_s702,744,spectral,role_shuffled,permuted_bptt,36,2.5217935346307776,0.18090452261306533,2.5217935346307776
flywire_783_mb_left_kc512_s702,744,spectral,role_shuffled,permuted_bptt,37,2.5155831660126102,0.19095477386934673,2.5155831660126102
flywire_783_mb_left_kc512_s702,744,spectral,role_shuffled,permuted_bptt,38,2.509503755879352,0.19597989949748743,2.509503755879352
flywire_783_mb_left_kc512_s702,744,spectral,role_shuffled,permuted_bptt,39,2.5036818342920646,0.20603015075376885,2.5036818342920646
flywire_783_mb_left_kc512_s702,744,spectral,role_shuffled,permuted_bptt,40,2.4980295096503453,0.20603015075376885,2.4980295096503453
flywire_783_mb_left_kc512_s702,744,spectral,role_shuffled,permuted_bptt,41,2.4924979872266193,0.20100502512562815,2.4924979872266193
flywire_783_mb_left_kc512_s702,744,spectral,role_shuffled,permuted_bptt,42,2.487206331891269,0.19597989949748743,2.487206331891269
flywire_783_mb_left_kc512_s702,744,spectral,role_shuffled,permuted_bptt,43,2.4820304935028936,0.19597989949748743,2.4820304935028936
flywire_783_mb_left_kc512_s702,744,spectral,role_shuffled,permuted_bptt,44,2.4769824987909534,0.20100502512562815,2.4769824987909534
flywire_783_mb_left_kc512_s702,744,spectral,role_shuffled,permuted_bptt,45,2.472119676776161,0.20100502512562815,2.472119676776161
flywire_783_mb_left_kc512_s702,744,spectral,role_shuffled,permuted_bptt,46,2.4673587075855243,0.20100502512562815,2.4673587075855243
flywire_783_mb_left_kc512_s702,744,spectral,role_shuffled,permuted_bptt,47,2.4627363452334268,0.20100502512562815,2.4627363452334268
flywire_783_mb_left_kc512_s702,744,spectral,role_shuffled,permuted_bptt,48,2.4582154242846106,0.20603015075376885,2.4582154242846106
flywire_783_mb_left_kc512_s702,744,spectral,role_shuffled,permuted_bptt,49,2.453779906297772,0.20100502512562815,2.453779906297772
flywire_783_mb_left_kc512_s702,744,spectral,role_shuffled,permuted_bptt,50,2.4494722836803624,0.20603015075376885,2.4494722836803624
flywire_783_mb_left_kc512_s702,744,spectral,role_shuffled,permuted_bptt,51,2.4452434719982445,0.20603015075376885,2.4452434719982445
flywire_783_mb_left_kc512_s702,744,spectral,role_shuffled,permuted_bptt,52,2.4411353149062354,0.20603015075376885,2.4411353149062354
flywire_783_mb_left_kc512_s702,744,spectral,role_shuffled,permuted_bptt,53,2.4371389580689313,0.20603015075376885,2.4371389580689313
flywire_783_mb_left_kc512_s702,744,spectral,role_shuffled,permuted_bptt,54,2.4332065255043642,0.20603015075376885,2.4332065255043642
flywire_783_mb_left_kc512_s702,744,spectral,role_shuffled,permuted_bptt,55,2.429360151280666,0.20603015075376885,2.429360151280666
flywire_783_mb_left_kc512_s702,744,spectral,role_shuffled,permuted_bptt,56,2.425570014426025,0.20603015075376885,2.425570014426025
flywire_783_mb_left_kc512_s702,744,spectral,role_shuffled,permuted_bptt,57,2.4218495288956103,0.21105527638190955,2.4218495288956103
flywire_783_mb_left_kc512_s702,744,spectral,role_shuffled,permuted_bptt,58,2.4182041958767453,0.21105527638190955,2.4182041958767453
flywire_783_mb_left_kc512_s702,744,spectral,role_shuffled,permuted_bptt,59,2.414623420421083,0.21105527638190955,2.414623420421083
flywire_783_mb_left_kc512_s702,744,spectral,role_shuffled,permuted_bptt,60,2.411116775400652,0.21105527638190955,2.411116775400652
flywire_783_mb_left_kc512_s702,744,spectral,role_shuffled,permuted_bptt,61,2.4076531027271995,0.21105527638190955,2.4076531027271995
flywire_783_mb_left_kc512_s702,744,spectral,role_shuffled,permuted_bptt,62,2.4042450261609867,0.21608040201005024,2.4042450261609867
flywire_783_mb_left_kc512_s702,744,spectral,role_shuffled,permuted_bptt,63,2.400890573948635,0.22110552763819097,2.400890573948635
flywire_783_mb_left_kc512_s702,744,spectral,role_shuffled,permuted_bptt,64,2.3975818953603514,0.22110552763819097,2.3975818953603514
flywire_783_mb_left_kc512_s702,744,spectral,role_shuffled,permuted_bptt,65,2.3943308184468055,0.21608040201005024,2.3943308184468055
flywire_783_mb_left_kc512_s702,744,spectral,role_shuffled,permuted_bptt,66,2.391125228288911,0.21608040201005024,2.391125228288911
flywire_783_mb_left_kc512_s702,744,spectral,role_shuffled,permuted_bptt,67,2.387971739519609,0.21608040201005024,2.387971739519609
flywire_783_mb_left_kc512_s702,744,spectral,role_shuffled,permuted_bptt,68,2.3848625361521156,0.22110552763819097,2.3848625361521156
flywire_783_mb_left_kc512_s702,744,spectral,role_shuffled,permuted_bptt,69,2.3817994935997566,0.21608040201005024,2.3817994935997566
flywire_783_mb_left_kc512_s702,744,spectral,role_shuffled,permuted_bptt,70,2.3787806126170774,0.21608040201005024,2.3787806126170774
flywire_783_mb_left_kc512_s702,744,spectral,role_shuffled,permuted_bptt,71,2.3757990547660226,0.21608040201005024,2.3757990547660226
flywire_783_mb_left_kc512_s702,744,spectral,role_shuffled,permuted_bptt,72,2.372863253696944,0.22110552763819097,2.372863253696944
flywire_783_mb_left_kc512_s702,744,spectral,role_shuffled,permuted_bptt,73,2.3699670345296524,0.21105527638190955,2.3699670345296524
flywire_783_mb_left_kc512_s702,744,spectral,role_shuffled,permuted_bptt,74,2.367115226938179,0.21105527638190955,2.367115226938179
flywire_783_mb_left_kc512_s702,744,spectral,role_shuffled,permuted_bptt,75,2.3643042218388706,0.21105527638190955,2.3643042218388706
flywire_783_mb_left_kc512_s702,744,spectral,role_shuffled,permuted_bptt,76,2.3615322493493958,0.21105527638190955,2.3615322493493958
flywire_783_mb_left_kc512_s702,744,spectral,role_shuffled,permuted_bptt,77,2.3587972386044713,0.21105527638190955,2.3587972386044713
flywire_783_mb_left_kc512_s702,744,spectral,role_shuffled,permuted_bptt,78,2.3560980246268586,0.21608040201005024,2.3560980246268586
flywire_783_mb_left_kc512_s702,744,spectral,role_shuffled,permuted_bptt,79,2.353437702239343,0.22110552763819097,2.353437702239343
flywire_783_mb_left_kc512_s702,744,spectral,role_shuffled,permuted_bptt,80,2.3508124820829375,0.22613065326633167,2.3508124820829375
flywire_783_mb_left_kc512_s702,744,spectral,role_shuffled,permuted_bptt,81,2.3482247340281006,0.22613065326633167,2.3482247340281006
flywire_783_mb_left_kc512_s702,744,spectral,role_shuffled,permuted_bptt,82,2.345670399390532,0.23115577889447236,2.345670399390532
flywire_783_mb_left_kc512_s702,744,spectral,role_shuffled,permuted_bptt,83,2.3431501010536855,0.23115577889447236,2.3431501010536855
flywire_783_mb_left_kc512_s702,744,spectral,role_shuffled,permuted_bptt,84,2.3406632301397097,0.23618090452261306,2.3406632301397097
flywire_783_mb_left_kc512_s702,744,spectral,role_shuffled,permuted_bptt,85,2.338210069579183,0.23618090452261306,2.338210069579183
flywire_783_mb_left_kc512_s702,744,spectral,role_shuffled,permuted_bptt,86,2.335789684180289,0.23618090452261306,2.335789684180289
flywire_783_mb_left_kc512_s702,744,spectral,role_shuffled,permuted_bptt,87,2.333400515369964,0.24120603015075376,2.333400515369964
flywire_783_mb_left_kc512_s702,744,spectral,role_shuffled,permuted_bptt,88,2.3310421741237612,0.24120603015075376,2.3310421741237612
flywire_783_mb_left_kc512_s702,744,spectral,role_shuffled,permuted_bptt,89,2.3287126361210424,0.24120603015075376,2.3287126361210424
flywire_783_mb_left_kc512_s702,744,spectral,role_shuffled,permuted_bptt,90,2.326413135802145,0.24120603015075376,2.326413135802145
flywire_783_mb_left_kc512_s702,744,spectral,role_shuffled,permuted_bptt,91,2.324142277669485,0.24120603015075376,2.324142277669485
flywire_783_mb_left_kc512_s702,744,spectral,role_shuffled,permuted_bptt,92,2.321900278610271,0.24623115577889448,2.321900278610271
flywire_783_mb_left_kc512_s702,744,spectral,role_shuffled,permuted_bptt,93,2.3196857459279925,0.24120603015075376,2.3196857459279925
flywire_783_mb_left_kc512_s702,744,spectral,role_shuffled,permuted_bptt,94,2.317498526783917,0.24623115577889448,2.317498526783917
flywire_783_mb_left_kc512_s702,744,spectral,role_shuffled,permuted_bptt,95,2.315337453557601,0.24623115577889448,2.315337453557601
flywire_783_mb_left_kc512_s702,744,spectral,role_shuffled,permuted_bptt,96,2.3132024862402765,0.24623115577889448,2.3132024862402765
flywire_783_mb_left_kc512_s702,744,spectral,role_shuffled,permuted_bptt,97,2.3110928501103993,0.24623115577889448,2.3110928501103993
flywire_783_mb_left_kc512_s702,744,spectral,role_shuffled,permuted_bptt,98,2.309008140412103,0.24623115577889448,2.309008140412103
flywire_783_mb_left_kc512_s702,744,spectral,role_shuffled,permuted_bptt,99,2.3069481109850587,0.24623115577889448,2.3069481109850587
flywire_783_mb_left_kc512_s702,744,spectral,role_shuffled,permuted_bptt,100,2.3049120887859806,0.24623115577889448,2.3049120887859806
flywire_783_mb_left_kc512_s702,744,incoming_l1,fly,frozen,0,1.6369214630392936,0.40703517587939697,1.6369214630392936
flywire_783_mb_left_kc512_s702,744,incoming_l1,fly,full_bptt,0,1.6369214630392936,0.40703517587939697,1.6369214630392936
flywire_783_mb_left_kc512_s702,744,incoming_l1,fly,full_bptt,1,1.6712895061860773,0.40703517587939697,1.6369214630392936
flywire_783_mb_left_kc512_s702,744,incoming_l1,fly,full_bptt,2,1.6802577463354202,0.3869346733668342,1.6369214630392936
flywire_783_mb_left_kc512_s702,744,incoming_l1,fly,full_bptt,3,1.655784491448223,0.39195979899497485,1.6369214630392936
flywire_783_mb_left_kc512_s702,744,incoming_l1,fly,full_bptt,4,1.6693664467785772,0.39195979899497485,1.6369214630392936
flywire_783_mb_left_kc512_s702,744,incoming_l1,fly,full_bptt,5,1.645789456745039,0.3768844221105528,1.6369214630392936
flywire_783_mb_left_kc512_s702,744,incoming_l1,fly,full_bptt,6,1.6494329770488751,0.39195979899497485,1.6369214630392936
flywire_783_mb_left_kc512_s702,744,incoming_l1,fly,full_bptt,7,1.648180111652668,0.39195979899497485,1.6369214630392936
flywire_783_mb_left_kc512_s702,744,incoming_l1,fly,full_bptt,8,1.636555244092072,0.4020100502512563,1.636555244092072
flywire_783_mb_left_kc512_s702,744,incoming_l1,fly,full_bptt,9,1.6412326229023155,0.4020100502512563,1.636555244092072
flywire_783_mb_left_kc512_s702,744,incoming_l1,fly,full_bptt,10,1.6452593888748404,0.40703517587939697,1.636555244092072
flywire_783_mb_left_kc512_s702,744,incoming_l1,fly,full_bptt,11,1.638405814008367,0.4120603015075377,1.636555244092072
flywire_783_mb_left_kc512_s702,744,incoming_l1,fly,full_bptt,12,1.635551422818295,0.4120603015075377,1.635551422818295
flywire_783_mb_left_kc512_s702,744,incoming_l1,fly,full_bptt,13,1.6360674705693494,0.3969849246231156,1.635551422818295
flywire_783_mb_left_kc512_s702,744,incoming_l1,fly,full_bptt,14,1.6322426447672076,0.40703517587939697,1.6322426447672076
flywire_783_mb_left_kc512_s702,744,incoming_l1,fly,full_bptt,15,1.6316493504876208,0.39195979899497485,1.6316493504876208
flywire_783_mb_left_kc512_s702,744,incoming_l1,fly,full_bptt,16,1.6353365953298906,0.3969849246231156,1.6316493504876208
flywire_783_mb_left_kc512_s702,744,incoming_l1,fly,full_bptt,17,1.6334663413105839,0.3969849246231156,1.6316493504876208
flywire_783_mb_left_kc512_s702,744,incoming_l1,fly,full_bptt,18,1.6289624747239846,0.40703517587939697,1.6289624747239846
flywire_783_mb_left_kc512_s702,744,incoming_l1,fly,full_bptt,19,1.6289809773730786,0.40703517587939697,1.6289624747239846
flywire_783_mb_left_kc512_s702,744,incoming_l1,fly,full_bptt,20,1.6296528303986315,0.4120603015075377,1.6289624747239846
flywire_783_mb_left_kc512_s702,744,incoming_l1,fly,full_bptt,21,1.6281640749433335,0.3969849246231156,1.6281640749433335
flywire_783_mb_left_kc512_s702,744,incoming_l1,fly,full_bptt,22,1.6282289423592478,0.40703517587939697,1.6281640749433335
flywire_783_mb_left_kc512_s702,744,incoming_l1,fly,full_bptt,23,1.628703951725886,0.4120603015075377,1.6281640749433335
flywire_783_mb_left_kc512_s702,744,incoming_l1,fly,full_bptt,24,1.6267705126031708,0.41708542713567837,1.6267705126031708
flywire_783_mb_left_kc512_s702,744,incoming_l1,fly,full_bptt,25,1.6255927719033216,0.41708542713567837,1.6255927719033216
flywire_783_mb_left_kc512_s702,744,incoming_l1,fly,full_bptt,26,1.6262444820744852,0.4221105527638191,1.6255927719033216
flywire_783_mb_left_kc512_s702,744,incoming_l1,fly,full_bptt,27,1.6255142071974293,0.4120603015075377,1.6255142071974293
flywire_783_mb_left_kc512_s702,744,incoming_l1,fly,full_bptt,28,1.624405350034098,0.3969849246231156,1.624405350034098
flywire_783_mb_left_kc512_s702,744,incoming_l1,fly,full_bptt,29,1.624788692551972,0.4020100502512563,1.624405350034098
flywire_783_mb_left_kc512_s702,744,incoming_l1,fly,full_bptt,30,1.6245241572528377,0.3969849246231156,1.624405350034098
flywire_783_mb_left_kc512_s702,744,incoming_l1,fly,full_bptt,31,1.6234370345276379,0.3969849246231156,1.6234370345276379
flywire_783_mb_left_kc512_s702,744,incoming_l1,fly,full_bptt,32,1.6232701462097925,0.40703517587939697,1.6232701462097925
flywire_783_mb_left_kc512_s702,744,incoming_l1,fly,full_bptt,33,1.6229861349152142,0.4271356783919598,1.6229861349152142
flywire_783_mb_left_kc512_s702,744,incoming_l1,fly,full_bptt,34,1.6222519354579572,0.40703517587939697,1.6222519354579572
flywire_783_mb_left_kc512_s702,744,incoming_l1,fly,full_bptt,35,1.6223221230820843,0.4020100502512563,1.6222519354579572
flywire_783_mb_left_kc512_s702,744,incoming_l1,fly,full_bptt,36,1.6221949236410662,0.4120603015075377,1.6221949236410662
flywire_783_mb_left_kc512_s702,744,incoming_l1,fly,full_bptt,37,1.621341023697855,0.4120603015075377,1.621341023697855
flywire_783_mb_left_kc512_s702,744,incoming_l1,fly,full_bptt,38,1.621064308341768,0.4120603015075377,1.621064308341768
flywire_783_mb_left_kc512_s702,744,incoming_l1,fly,full_bptt,39,1.620962952369113,0.41708542713567837,1.620962952369113
flywire_783_mb_left_kc512_s702,744,incoming_l1,fly,full_bptt,40,1.6204341669659366,0.4120603015075377,1.6204341669659366
flywire_783_mb_left_kc512_s702,744,incoming_l1,fly,full_bptt,41,1.6202323083555719,0.4020100502512563,1.6202323083555719
flywire_783_mb_left_kc512_s702,744,incoming_l1,fly,full_bptt,42,1.6200313162581597,0.4020100502512563,1.6200313162581597
flywire_783_mb_left_kc512_s702,744,incoming_l1,fly,full_bptt,43,1.6195043472014488,0.4020100502512563,1.6195043472014488
flywire_783_mb_left_kc512_s702,744,incoming_l1,fly,full_bptt,44,1.6193149164193044,0.3969849246231156,1.6193149164193044
flywire_783_mb_left_kc512_s702,744,incoming_l1,fly,full_bptt,45,1.6191025040237417,0.4120603015075377,1.6191025040237417
flywire_783_mb_left_kc512_s702,744,incoming_l1,fly,full_bptt,46,1.6186489180630108,0.40703517587939697,1.6186489180630108
flywire_783_mb_left_kc512_s702,744,incoming_l1,fly,full_bptt,47,1.618470460871223,0.4120603015075377,1.618470460871223
flywire_783_mb_left_kc512_s702,744,incoming_l1,fly,full_bptt,48,1.6182323059464814,0.4020100502512563,1.6182323059464814
flywire_783_mb_left_kc512_s702,744,incoming_l1,fly,full_bptt,49,1.6178416592049683,0.4120603015075377,1.6178416592049683
flywire_783_mb_left_kc512_s702,744,incoming_l1,fly,full_bptt,50,1.6176391193635862,0.4120603015075377,1.6176391193635862
flywire_783_mb_left_kc512_s702,744,incoming_l1,fly,full_bptt,51,1.617347928251546,0.41708542713567837,1.617347928251546
flywire_783_mb_left_kc512_s702,744,incoming_l1,fly,full_bptt,52,1.6170350059952652,0.4120603015075377,1.6170350059952652
flywire_783_mb_left_kc512_s702,744,incoming_l1,fly,full_bptt,53,1.6168693852153815,0.40703517587939697,1.6168693852153815
flywire_783_mb_left_kc512_s702,744,incoming_l1,fly,full_bptt,54,1.6165661585299638,0.40703517587939697,1.6165661585299638
flywire_783_mb_left_kc512_s702,744,incoming_l1,fly,full_bptt,55,1.6162773500163563,0.4020100502512563,1.6162773500163563
flywire_783_mb_left_kc512_s702,744,incoming_l1,fly,full_bptt,56,1.6160733165621233,0.40703517587939697,1.6160733165621233
flywire_783_mb_left_kc512_s702,744,incoming_l1,fly,full_bptt,57,1.6157772582626033,0.4020100502512563,1.6157772582626033
flywire_783_mb_left_kc512_s702,744,incoming_l1,fly,full_bptt,58,1.6155506427792,0.40703517587939697,1.6155506427792
flywire_783_mb_left_kc512_s702,744,incoming_l1,fly,full_bptt,59,1.615325252543679,0.40703517587939697,1.615325252543679
flywire_783_mb_left_kc512_s702,744,incoming_l1,fly,full_bptt,60,1.6150326587859152,0.4120603015075377,1.6150326587859152
flywire_783_mb_left_kc512_s702,744,incoming_l1,fly,full_bptt,61,1.6148171910855684,0.4120603015075377,1.6148171910855684
flywire_783_mb_left_kc512_s702,744,incoming_l1,fly,full_bptt,62,1.6145738551683952,0.4120603015075377,1.6145738551683952
flywire_783_mb_left_kc512_s702,744,incoming_l1,fly,full_bptt,63,1.6143249995649462,0.4120603015075377,1.6143249995649462
flywire_783_mb_left_kc512_s702,744,incoming_l1,fly,full_bptt,64,1.6141187486865618,0.4120603015075377,1.6141187486865618
flywire_783_mb_left_kc512_s702,744,incoming_l1,fly,full_bptt,65,1.6138601665799275,0.40703517587939697,1.6138601665799275
flywire_783_mb_left_kc512_s702,744,incoming_l1,fly,full_bptt,66,1.6136301519127998,0.4120603015075377,1.6136301519127998
flywire_783_mb_left_kc512_s702,744,incoming_l1,fly,full_bptt,67,1.6134105149580606,0.4120603015075377,1.6134105149580606
flywire_783_mb_left_kc512_s702,744,incoming_l1,fly,full_bptt,68,1.613170060518638,0.4120603015075377,1.613170060518638
flywire_783_mb_left_kc512_s702,744,incoming_l1,fly,full_bptt,69,1.6129626933019352,0.41708542713567837,1.6129626933019352
flywire_783_mb_left_kc512_s702,744,incoming_l1,fly,full_bptt,70,1.6127277676507177,0.41708542713567837,1.6127277676507177
flywire_783_mb_left_kc512_s702,744,incoming_l1,fly,full_bptt,71,1.6124996865226562,0.41708542713567837,1.6124996865226562
flywire_783_mb_left_kc512_s702,744,incoming_l1,fly,full_bptt,72,1.6122920242395515,0.41708542713567837,1.6122920242395515
flywire_783_mb_left_kc512_s702,744,incoming_l1,fly,full_bptt,73,1.612066319135393,0.41708542713567837,1.612066319135393
flywire_783_mb_left_kc512_s702,744,incoming_l1,fly,full_bptt,74,1.6118572431887115,0.4120603015075377,1.6118572431887115
flywire_783_mb_left_kc512_s702,744,incoming_l1,fly,full_bptt,75,1.61163552828064,0.40703517587939697,1.61163552828064
flywire_783_mb_left_kc512_s702,744,incoming_l1,fly,full_bptt,76,1.6114178298253907,0.41708542713567837,1.6114178298253907
flywire_783_mb_left_kc512_s702,744,incoming_l1,fly,full_bptt,77,1.611217192193605,0.41708542713567837,1.611217192193605
flywire_783_mb_left_kc512_s702,744,incoming_l1,fly,full_bptt,78,1.611002687088095,0.41708542713567837,1.611002687088095
flywire_783_mb_left_kc512_s702,744,incoming_l1,fly,full_bptt,79,1.6107970144856345,0.4221105527638191,1.6107970144856345
flywire_783_mb_left_kc512_s702,744,incoming_l1,fly,full_bptt,80,1.6105869435857538,0.4221105527638191,1.6105869435857538
flywire_783_mb_left_kc512_s702,744,incoming_l1,fly,full_bptt,81,1.6103809103593334,0.4271356783919598,1.6103809103593334
flywire_783_mb_left_kc512_s702,744,incoming_l1,fly,full_bptt,82,1.6101832482939988,0.4271356783919598,1.6101832482939988
flywire_783_mb_left_kc512_s702,744,incoming_l1,fly,full_bptt,83,1.6099770646748712,0.4271356783919598,1.6099770646748712
flywire_783_mb_left_kc512_s702,744,incoming_l1,fly,full_bptt,84,1.6097788717517711,0.4221105527638191,1.6097788717517711
flywire_783_mb_left_kc512_s702,744,incoming_l1,fly,full_bptt,85,1.6095777999513496,0.4321608040201005,1.6095777999513496
flywire_783_mb_left_kc512_s702,744,incoming_l1,fly,full_bptt,86,1.6093804784720727,0.4271356783919598,1.6093804784720727
flywire_783_mb_left_kc512_s702,744,incoming_l1,fly,full_bptt,87,1.60918748831583,0.4271356783919598,1.60918748831583
flywire_783_mb_left_kc512_s702,744,incoming_l1,fly,full_bptt,88,1.6089906851664484,0.4321608040201005,1.6089906851664484
flywire_783_mb_left_kc512_s702,744,incoming_l1,fly,full_bptt,89,1.6087990093624027,0.4321608040201005,1.6087990093624027
flywire_783_mb_left_kc512_s702,744,incoming_l1,fly,full_bptt,90,1.6086053203674664,0.4271356783919598,1.6086053203674664
flywire_783_mb_left_kc512_s702,744,incoming_l1,fly,full_bptt,91,1.6084166201656,0.4271356783919598,1.6084166201656
flywire_783_mb_left_kc512_s702,744,incoming_l1,fly,full_bptt,92,1.6082286034519342,0.4221105527638191,1.6082286034519342
flywire_783_mb_left_kc512_s702,744,incoming_l1,fly,full_bptt,93,1.6080395494911885,0.4271356783919598,1.6080395494911885
flywire_783_mb_left_kc512_s702,744,incoming_l1,fly,full_bptt,94,1.607854281622327,0.4221105527638191,1.607854281622327
flywire_783_mb_left_kc512_s702,744,incoming_l1,fly,full_bptt,95,1.6076686745889133,0.4221105527638191,1.6076686745889133
flywire_783_mb_left_kc512_s702,744,incoming_l1,fly,full_bptt,96,1.6074867312857872,0.4221105527638191,1.6074867312857872
flywire_783_mb_left_kc512_s702,744,incoming_l1,fly,full_bptt,97,1.607303892115956,0.41708542713567837,1.607303892115956
flywire_783_mb_left_kc512_s702,744,incoming_l1,fly,full_bptt,98,1.6071230568023203,0.41708542713567837,1.6071230568023203
flywire_783_mb_left_kc512_s702,744,incoming_l1,fly,full_bptt,99,1.6069437925402414,0.41708542713567837,1.6069437925402414
flywire_783_mb_left_kc512_s702,744,incoming_l1,fly,full_bptt,100,1.6067650218297864,0.41708542713567837,1.6067650218297864
flywire_783_mb_left_kc512_s702,744,incoming_l1,fly,local_gradient,0,1.6369214630392936,0.40703517587939697,1.6369214630392936
flywire_783_mb_left_kc512_s702,744,incoming_l1,fly,local_gradient,1,1.7177536419763464,0.3969849246231156,1.6369214630392936
flywire_783_mb_left_kc512_s702,744,incoming_l1,fly,local_gradient,2,1.6933776848252662,0.3768844221105528,1.6369214630392936
flywire_783_mb_left_kc512_s702,744,incoming_l1,fly,local_gradient,3,1.678848690532405,0.36683417085427134,1.6369214630392936
flywire_783_mb_left_kc512_s702,744,incoming_l1,fly,local_gradient,4,1.6514070255827895,0.3768844221105528,1.6369214630392936
flywire_783_mb_left_kc512_s702,744,incoming_l1,fly,local_gradient,5,1.6692549113749162,0.36683417085427134,1.6369214630392936
flywire_783_mb_left_kc512_s702,744,incoming_l1,fly,local_gradient,6,1.6682802555976124,0.38190954773869346,1.6369214630392936
flywire_783_mb_left_kc512_s702,744,incoming_l1,fly,local_gradient,7,1.6489064597383631,0.4120603015075377,1.6369214630392936
flywire_783_mb_left_kc512_s702,744,incoming_l1,fly,local_gradient,8,1.650474849226961,0.39195979899497485,1.6369214630392936
flywire_783_mb_left_kc512_s702,744,incoming_l1,fly,local_gradient,9,1.6597277632757206,0.3869346733668342,1.6369214630392936
flywire_783_mb_left_kc512_s702,744,incoming_l1,fly,local_gradient,10,1.6552650011085372,0.3869346733668342,1.6369214630392936
flywire_783_mb_left_kc512_s702,744,incoming_l1,fly,local_gradient,11,1.6504859101816203,0.3869346733668342,1.6369214630392936
flywire_783_mb_left_kc512_s702,744,incoming_l1,fly,local_gradient,12,1.6559704283428849,0.4020100502512563,1.6369214630392936
flywire_783_mb_left_kc512_s702,744,incoming_l1,fly,local_gradient,13,1.6591660993947883,0.3969849246231156,1.6369214630392936
flywire_783_mb_left_kc512_s702,744,incoming_l1,fly,local_gradient,14,1.6521385658638799,0.38190954773869346,1.6369214630392936
flywire_783_mb_left_kc512_s702,744,incoming_l1,fly,local_gradient,15,1.6459751486842031,0.3869346733668342,1.6369214630392936
flywire_783_mb_left_kc512_s702,744,incoming_l1,fly,local_gradient,16,1.6484484977550813,0.38190954773869346,1.6369214630392936
flywire_783_mb_left_kc512_s702,744,incoming_l1,fly,local_gradient,17,1.6505771629378319,0.38190954773869346,1.6369214630392936
flywire_783_mb_left_kc512_s702,744,incoming_l1,fly,local_gradient,18,1.646791970428685,0.3869346733668342,1.6369214630392936
flywire_783_mb_left_kc512_s702,744,incoming_l1,fly,local_gradient,19,1.6438284640661054,0.38190954773869346,1.6369214630392936
flywire_783_mb_left_kc512_s702,744,incoming_l1,fly,local_gradient,20,1.6452048308573062,0.38190954773869346,1.6369214630392936
flywire_783_mb_left_kc512_s702,744,incoming_l1,fly,local_gradient,21,1.6460243913480852,0.3768844221105528,1.6369214630392936
flywire_783_mb_left_kc512_s702,744,incoming_l1,fly,local_gradient,22,1.6443272631486754,0.36683417085427134,1.6369214630392936
flywire_783_mb_left_kc512_s702,744,incoming_l1,fly,local_gradient,23,1.6443149960357368,0.36180904522613067,1.6369214630392936
flywire_783_mb_left_kc512_s702,744,incoming_l1,fly,local_gradient,24,1.646661996234398,0.3768844221105528,1.6369214630392936
flywire_783_mb_left_kc512_s702,744,incoming_l1,fly,local_gradient,25,1.6466932421601415,0.39195979899497485,1.6369214630392936
flywire_783_mb_left_kc512_s702,744,incoming_l1,fly,local_gradient,26,1.6440024505800888,0.39195979899497485,1.6369214630392936
flywire_783_mb_left_kc512_s702,744,incoming_l1,fly,local_gradient,27,1.6432788988402154,0.3969849246231156,1.6369214630392936
flywire_783_mb_left_kc512_s702,744,incoming_l1,fly,local_gradient,28,1.644948124104237,0.3969849246231156,1.6369214630392936
flywire_783_mb_left_kc512_s702,744,incoming_l1,fly,local_gradient,29,1.6449197118968115,0.39195979899497485,1.6369214630392936
flywire_783_mb_left_kc512_s702,744,incoming_l1,fly,local_gradient,30,1.6431282177159485,0.3869346733668342,1.6369214630392936
flywire_783_mb_left_kc512_s702,744,incoming_l1,fly,local_gradient,31,1.6427547437074408,0.38190954773869346,1.6369214630392936
flywire_783_mb_left_kc512_s702,744,incoming_l1,fly,local_gradient,32,1.6434030930368055,0.38190954773869346,1.6369214630392936
flywire_783_mb_left_kc512_s702,744,incoming_l1,fly,local_gradient,33,1.6428869962801582,0.36683417085427134,1.6369214630392936
flywire_783_mb_left_kc512_s702,744,incoming_l1,fly,local_gradient,34,1.6421270835506487,0.37185929648241206,1.6369214630392936
flywire_783_mb_left_kc512_s702,744,incoming_l1,fly,local_gradient,35,1.642471937530146,0.38190954773869346,1.6369214630392936
flywire_783_mb_left_kc512_s702,744,incoming_l1,fly,local_gradient,36,1.6426438677651136,0.38190954773869346,1.6369214630392936
flywire_783_mb_left_kc512_s702,744,incoming_l1,fly,local_gradient,37,1.6418559847456993,0.38190954773869346,1.6369214630392936
flywire_783_mb_left_kc512_s702,744,incoming_l1,fly,local_gradient,38,1.6414301669401081,0.3869346733668342,1.6369214630392936
flywire_783_mb_left_kc512_s702,744,incoming_l1,fly,local_gradient,39,1.6416786232607465,0.3869346733668342,1.6369214630392936
flywire_783_mb_left_kc512_s702,744,incoming_l1,fly,local_gradient,40,1.6414366198900432,0.3969849246231156,1.6369214630392936
flywire_783_mb_left_kc512_s702,744,incoming_l1,fly,local_gradient,41,1.6409667091998204,0.4020100502512563,1.6369214630392936
flywire_783_mb_left_kc512_s702,744,incoming_l1,fly,local_gradient,42,1.641239967583416,0.3969849246231156,1.6369214630392936
flywire_783_mb_left_kc512_s702,744,incoming_l1,fly,local_gradient,43,1.6415844672235722,0.38190954773869346,1.6369214630392936
flywire_783_mb_left_kc512_s702,744,incoming_l1,fly,local_gradient,44,1.641380293155903,0.37185929648241206,1.6369214630392936
flywire_783_mb_left_kc512_s702,744,incoming_l1,fly,local_gradient,45,1.6413923870094305,0.37185929648241206,1.6369214630392936
flywire_783_mb_left_kc512_s702,744,incoming_l1,fly,local_gradient,46,1.641698918707284,0.38190954773869346,1.6369214630392936
flywire_783_mb_left_kc512_s702,744,incoming_l1,fly,local_gradient,47,1.641547925965427,0.38190954773869346,1.6369214630392936
flywire_783_mb_left_kc512_s702,744,incoming_l1,fly,local_gradient,48,1.6411985788969874,0.3869346733668342,1.6369214630392936
flywire_783_mb_left_kc512_s702,744,incoming_l1,fly,local_gradient,49,1.6411755051696537,0.3869346733668342,1.6369214630392936
flywire_783_mb_left_kc512_s702,744,incoming_l1,fly,local_gradient,50,1.6410421634724492,0.3869346733668342,1.6369214630392936
flywire_783_mb_left_kc512_s702,744,incoming_l1,fly,local_gradient,51,1.6406293534883043,0.39195979899497485,1.6369214630392936
flywire_783_mb_left_kc512_s702,744,incoming_l1,fly,local_gradient,52,1.6404822035472502,0.4020100502512563,1.6369214630392936
flywire_783_mb_left_kc512_s702,744,incoming_l1,fly,local_gradient,53,1.640542589214905,0.3969849246231156,1.6369214630392936
flywire_783_mb_left_kc512_s702,744,incoming_l1,fly,local_gradient,54,1.6404391116173531,0.4020100502512563,1.6369214630392936
flywire_783_mb_left_kc512_s702,744,incoming_l1,fly,local_gradient,55,1.6404344858664228,0.3969849246231156,1.6369214630392936
flywire_783_mb_left_kc512_s702,744,incoming_l1,fly,local_gradient,56,1.6406241962127408,0.3869346733668342,1.6369214630392936
flywire_783_mb_left_kc512_s702,744,incoming_l1,fly,local_gradient,57,1.6406379061284122,0.3869346733668342,1.6369214630392936
flywire_783_mb_left_kc512_s702,744,incoming_l1,fly,local_gradient,58,1.6405258177029978,0.39195979899497485,1.6369214630392936
flywire_783_mb_left_kc512_s702,744,incoming_l1,fly,local_gradient,59,1.6404942036204275,0.3969849246231156,1.6369214630392936
flywire_783_mb_left_kc512_s702,744,incoming_l1,fly,local_gradient,60,1.6403817934722573,0.3969849246231156,1.6369214630392936
flywire_783_mb_left_kc512_s702,744,incoming_l1,fly,local_gradient,61,1.6402113102047184,0.39195979899497485,1.6369214630392936
flywire_783_mb_left_kc512_s702,744,incoming_l1,fly,local_gradient,62,1.6401759082832066,0.39195979899497485,1.6369214630392936
flywire_783_mb_left_kc512_s702,744,incoming_l1,fly,local_gradient,63,1.640124438738563,0.39195979899497485,1.6369214630392936
flywire_783_mb_left_kc512_s702,744,incoming_l1,fly,local_gradient,64,1.639970611796321,0.39195979899497485,1.6369214630392936
flywire_783_mb_left_kc512_s702,744,incoming_l1,fly,local_gradient,65,1.6399160107336592,0.3969849246231156,1.6369214630392936
flywire_783_mb_left_kc512_s702,744,incoming_l1,fly,local_gradient,66,1.6399533379991775,0.3969849246231156,1.6369214630392936
flywire_783_mb_left_kc512_s702,744,incoming_l1,fly,local_gradient,67,1.6399641488083236,0.3969849246231156,1.6369214630392936
flywire_783_mb_left_kc512_s702,744,incoming_l1,fly,local_gradient,68,1.6400030232560434,0.39195979899497485,1.6369214630392936
flywire_783_mb_left_kc512_s702,744,incoming_l1,fly,local_gradient,69,1.6400532145672362,0.39195979899497485,1.6369214630392936
flywire_783_mb_left_kc512_s702,744,incoming_l1,fly,local_gradient,70,1.6400411192120283,0.3869346733668342,1.6369214630392936
flywire_783_mb_left_kc512_s702,744,incoming_l1,fly,local_gradient,71,1.640010985717905,0.3869346733668342,1.6369214630392936
flywire_783_mb_left_kc512_s702,744,incoming_l1,fly,local_gradient,72,1.6399557327191125,0.39195979899497485,1.6369214630392936
flywire_783_mb_left_kc512_s702,744,incoming_l1,fly,local_gradient,73,1.6398357200026488,0.39195979899497485,1.6369214630392936
flywire_783_mb_left_kc512_s702,744,incoming_l1,fly,local_gradient,74,1.6397160803783362,0.39195979899497485,1.6369214630392936
flywire_783_mb_left_kc512_s702,744,incoming_l1,fly,local_gradient,75,1.6396164392065853,0.3869346733668342,1.6369214630392936
flywire_783_mb_left_kc512_s702,744,incoming_l1,fly,local_gradient,76,1.6395182263476804,0.3869346733668342,1.6369214630392936
flywire_783_mb_left_kc512_s702,744,incoming_l1,fly,local_gradient,77,1.6394764294251007,0.3869346733668342,1.6369214630392936
flywire_783_mb_left_kc512_s702,744,incoming_l1,fly,local_gradient,78,1.639489717167442,0.3869346733668342,1.6369214630392936
flywire_783_mb_left_kc512_s702,744,incoming_l1,fly,local_gradient,79,1.6395053660838692,0.3869346733668342,1.6369214630392936
flywire_783_mb_left_kc512_s702,744,incoming_l1,fly,local_gradient,80,1.6395328265744664,0.3869346733668342,1.6369214630392936
flywire_783_mb_left_kc512_s702,744,incoming_l1,fly,local_gradient,81,1.6395654039712304,0.3869346733668342,1.6369214630392936
flywire_783_mb_left_kc512_s702,744,incoming_l1,fly,local_gradient,82,1.639579397299466,0.3869346733668342,1.6369214630392936
flywire_783_mb_left_kc512_s702,744,incoming_l1,fly,local_gradient,83,1.6395987933321314,0.38190954773869346,1.6369214630392936
flywire_783_mb_left_kc512_s702,744,incoming_l1,fly,local_gradient,84,1.639626261752077,0.38190954773869346,1.6369214630392936
flywire_783_mb_left_kc512_s702,744,incoming_l1,fly,local_gradient,85,1.6396405303256465,0.38190954773869346,1.6369214630392936
flywire_783_mb_left_kc512_s702,744,incoming_l1,fly,local_gradient,86,1.6396332162407177,0.3869346733668342,1.6369214630392936
flywire_783_mb_left_kc512_s702,744,incoming_l1,fly,local_gradient,87,1.6395807278067644,0.3869346733668342,1.6369214630392936
flywire_783_mb_left_kc512_s702,744,incoming_l1,fly,local_gradient,88,1.6394817103665946,0.3869346733668342,1.6369214630392936
flywire_783_mb_left_kc512_s702,744,incoming_l1,fly,local_gradient,89,1.6393752141802627,0.3869346733668342,1.6369214630392936
flywire_783_mb_left_kc512_s702,744,incoming_l1,fly,local_gradient,90,1.6392915452461998,0.3869346733668342,1.6369214630392936
flywire_783_mb_left_kc512_s702,744,incoming_l1,fly,local_gradient,91,1.6392504224535167,0.3869346733668342,1.6369214630392936
flywire_783_mb_left_kc512_s702,744,incoming_l1,fly,local_gradient,92,1.6392516362141432,0.3869346733668342,1.6369214630392936
flywire_783_mb_left_kc512_s702,744,incoming_l1,fly,local_gradient,93,1.6392724004537698,0.3869346733668342,1.6369214630392936
flywire_783_mb_left_kc512_s702,744,incoming_l1,fly,local_gradient,94,1.6393103365165678,0.3869346733668342,1.6369214630392936
flywire_783_mb_left_kc512_s702,744,incoming_l1,fly,local_gradient,95,1.6393674256168376,0.38190954773869346,1.6369214630392936
flywire_783_mb_left_kc512_s702,744,incoming_l1,fly,local_gradient,96,1.6394249220027115,0.38190954773869346,1.6369214630392936
flywire_783_mb_left_kc512_s702,744,incoming_l1,fly,local_gradient,97,1.639465257799088,0.38190954773869346,1.6369214630392936
flywire_783_mb_left_kc512_s702,744,incoming_l1,fly,local_gradient,98,1.6394717535578578,0.3768844221105528,1.6369214630392936
flywire_783_mb_left_kc512_s702,744,incoming_l1,fly,local_gradient,99,1.6394356673872446,0.3768844221105528,1.6369214630392936
flywire_783_mb_left_kc512_s702,744,incoming_l1,fly,local_gradient,100,1.6393710005074682,0.3768844221105528,1.6369214630392936
flywire_783_mb_left_kc512_s702,744,incoming_l1,fly,permuted_bptt,0,3.215018587931417,0.11055276381909548,3.215018587931417
flywire_783_mb_left_kc512_s702,744,incoming_l1,fly,permuted_bptt,1,3.0649043963621097,0.10050251256281408,3.0649043963621097
flywire_783_mb_left_kc512_s702,744,incoming_l1,fly,permuted_bptt,2,2.97338186069574,0.11557788944723618,2.97338186069574
flywire_783_mb_left_kc512_s702,744,incoming_l1,fly,permuted_bptt,3,2.890328882166639,0.12562814070351758,2.890328882166639
flywire_783_mb_left_kc512_s702,744,incoming_l1,fly,permuted_bptt,4,2.8443789168934335,0.1306532663316583,2.8443789168934335
flywire_783_mb_left_kc512_s702,744,incoming_l1,fly,permuted_bptt,5,2.791831216938632,0.1507537688442211,2.791831216938632
flywire_783_mb_left_kc512_s702,744,incoming_l1,fly,permuted_bptt,6,2.758957623460032,0.1407035175879397,2.758957623460032
flywire_783_mb_left_kc512_s702,744,incoming_l1,fly,permuted_bptt,7,2.7271191129791696,0.16080402010050251,2.7271191129791696
flywire_783_mb_left_kc512_s702,744,incoming_l1,fly,permuted_bptt,8,2.697411834249028,0.18090452261306533,2.697411834249028
flywire_783_mb_left_kc512_s702,744,incoming_l1,fly,permuted_bptt,9,2.67502735500978,0.18592964824120603,2.67502735500978
flywire_783_mb_left_kc512_s702,744,incoming_l1,fly,permuted_bptt,10,2.6486247145608446,0.19095477386934673,2.6486247145608446
flywire_783_mb_left_kc512_s702,744,incoming_l1,fly,permuted_bptt,11,2.6263976732406866,0.18592964824120603,2.6263976732406866
flywire_783_mb_left_kc512_s702,744,incoming_l1,fly,permuted_bptt,12,2.609574979460548,0.20100502512562815,2.609574979460548
flywire_783_mb_left_kc512_s702,744,incoming_l1,fly,permuted_bptt,13,2.590413334122424,0.20603015075376885,2.590413334122424
flywire_783_mb_left_kc512_s702,744,incoming_l1,fly,permuted_bptt,14,2.5741981689731266,0.20100502512562815,2.5741981689731266
flywire_783_mb_left_kc512_s702,744,incoming_l1,fly,permuted_bptt,15,2.5596613006161295,0.20603015075376885,2.5596613006161295
flywire_783_mb_left_kc512_s702,744,incoming_l1,fly,permuted_bptt,16,2.543130420128725,0.20603015075376885,2.543130420128725
flywire_783_mb_left_kc512_s702,744,incoming_l1,fly,permuted_bptt,17,2.5290589811863193,0.20100502512562815,2.5290589811863193
flywire_783_mb_left_kc512_s702,744,incoming_l1,fly,permuted_bptt,18,2.5159731919582025,0.20603015075376885,2.5159731919582025
flywire_783_mb_left_kc512_s702,744,incoming_l1,fly,permuted_bptt,19,2.501573132947582,0.21608040201005024,2.501573132947582
flywire_783_mb_left_kc512_s702,744,incoming_l1,fly,permuted_bptt,20,2.4891808626806493,0.21105527638190955,2.4891808626806493
flywire_783_mb_left_kc512_s702,744,incoming_l1,fly,permuted_bptt,21,2.4771710663141358,0.21105527638190955,2.4771710663141358
flywire_783_mb_left_kc512_s702,744,incoming_l1,fly,permuted_bptt,22,2.4643662509203743,0.21105527638190955,2.4643662509203743
flywire_783_mb_left_kc512_s702,744,incoming_l1,fly,permuted_bptt,23,2.4535596637059363,0.22110552763819097,2.4535596637059363
flywire_783_mb_left_kc512_s702,744,incoming_l1,fly,permuted_bptt,24,2.4431258397548192,0.23115577889447236,2.4431258397548192
flywire_783_mb_left_kc512_s702,744,incoming_l1,fly,permuted_bptt,25,2.432641474570707,0.23618090452261306,2.432641474570707
flywire_783_mb_left_kc512_s702,744,incoming_l1,fly,permuted_bptt,26,2.4236836654614864,0.23115577889447236,2.4236836654614864
flywire_783_mb_left_kc512_s702,744,incoming_l1,fly,permuted_bptt,27,2.4145967121869933,0.23115577889447236,2.4145967121869933
flywire_783_mb_left_kc512_s702,744,incoming_l1,fly,permuted_bptt,28,2.405708837568738,0.23618090452261306,2.405708837568738
flywire_783_mb_left_kc512_s702,744,incoming_l1,fly,permuted_bptt,29,2.3980185640562257,0.23618090452261306,2.3980185640562257
flywire_783_mb_left_kc512_s702,744,incoming_l1,fly,permuted_bptt,30,2.390127255038104,0.23618090452261306,2.390127255038104
flywire_783_mb_left_kc512_s702,744,incoming_l1,fly,permuted_bptt,31,2.38261375442608,0.23115577889447236,2.38261375442608
flywire_783_mb_left_kc512_s702,744,incoming_l1,fly,permuted_bptt,32,2.375743801336571,0.23115577889447236,2.375743801336571
flywire_783_mb_left_kc512_s702,744,incoming_l1,fly,permuted_bptt,33,2.368567979235653,0.23115577889447236,2.368567979235653
flywire_783_mb_left_kc512_s702,744,incoming_l1,fly,permuted_bptt,34,2.3619615078660265,0.23618090452261306,2.3619615078660265
flywire_783_mb_left_kc512_s702,744,incoming_l1,fly,permuted_bptt,35,2.3555978495284164,0.23618090452261306,2.3555978495284164
flywire_783_mb_left_kc512_s702,744,incoming_l1,fly,permuted_bptt,36,2.3490842521073874,0.23115577889447236,2.3490842521073874
flywire_783_mb_left_kc512_s702,744,incoming_l1,fly,permuted_bptt,37,2.3430752200675813,0.22110552763819097,2.3430752200675813
flywire_783_mb_left_kc512_s702,744,incoming_l1,fly,permuted_bptt,38,2.3369848837288516,0.22110552763819097,2.3369848837288516
flywire_783_mb_left_kc512_s702,744,incoming_l1,fly,permuted_bptt,39,2.3310665295076527,0.22110552763819097,2.3310665295076527
flywire_783_mb_left_kc512_s702,744,incoming_l1,fly,permuted_bptt,40,2.3255511728793508,0.23115577889447236,2.3255511728793508
flywire_783_mb_left_kc512_s702,744,incoming_l1,fly,permuted_bptt,41,2.319973874222986,0.22613065326633167,2.319973874222986
flywire_783_mb_left_kc512_s702,744,incoming_l1,fly,permuted_bptt,42,2.314730348329544,0.22613065326633167,2.314730348329544
flywire_783_mb_left_kc512_s702,744,incoming_l1,fly,permuted_bptt,43,2.309575553481504,0.23115577889447236,2.309575553481504
flywire_783_mb_left_kc512_s702,744,incoming_l1,fly,permuted_bptt,44,2.304481638210771,0.23115577889447236,2.304481638210771
flywire_783_mb_left_kc512_s702,744,incoming_l1,fly,permuted_bptt,45,2.2997063748234647,0.22613065326633167,2.2997063748234647
flywire_783_mb_left_kc512_s702,744,incoming_l1,fly,permuted_bptt,46,2.294913410939056,0.23115577889447236,2.294913410939056
flywire_783_mb_left_kc512_s702,744,incoming_l1,fly,permuted_bptt,47,2.290302002463475,0.23115577889447236,2.290302002463475
flywire_783_mb_left_kc512_s702,744,incoming_l1,fly,permuted_bptt,48,2.285762828538685,0.23115577889447236,2.285762828538685
flywire_783_mb_left_kc512_s702,744,incoming_l1,fly,permuted_bptt,49,2.281239742379467,0.23115577889447236,2.281239742379467
flywire_783_mb_left_kc512_s702,744,incoming_l1,fly,permuted_bptt,50,2.2769136221158055,0.23618090452261306,2.2769136221158055
flywire_783_mb_left_kc512_s702,744,incoming_l1,fly,permuted_bptt,51,2.2725851571371907,0.23618090452261306,2.2725851571371907
flywire_783_mb_left_kc512_s702,744,incoming_l1,fly,permuted_bptt,52,2.268391330730661,0.22613065326633167,2.268391330730661
flywire_783_mb_left_kc512_s702,744,incoming_l1,fly,permuted_bptt,53,2.2642428134369337,0.21608040201005024,2.2642428134369337
flywire_783_mb_left_kc512_s702,744,incoming_l1,fly,permuted_bptt,54,2.260123112521425,0.22110552763819097,2.260123112521425
flywire_783_mb_left_kc512_s702,744,incoming_l1,fly,permuted_bptt,55,2.2561220879627135,0.22110552763819097,2.2561220879627135
flywire_783_mb_left_kc512_s702,744,incoming_l1,fly,permuted_bptt,56,2.2521321689586298,0.22110552763819097,2.2521321689586298
flywire_783_mb_left_kc512_s702,744,incoming_l1,fly,permuted_bptt,57,2.248259098390977,0.22110552763819097,2.248259098390977
flywire_783_mb_left_kc512_s702,744,incoming_l1,fly,permuted_bptt,58,2.2444083835647635,0.22110552763819097,2.2444083835647635
flywire_783_mb_left_kc512_s702,744,incoming_l1,fly,permuted_bptt,59,2.2406200511821734,0.22613065326633167,2.2406200511821734
flywire_783_mb_left_kc512_s702,744,incoming_l1,fly,permuted_bptt,60,2.2369015922985787,0.23115577889447236,2.2369015922985787
flywire_783_mb_left_kc512_s702,744,incoming_l1,fly,permuted_bptt,61,2.233215609685432,0.23115577889447236,2.233215609685432
flywire_783_mb_left_kc512_s702,744,incoming_l1,fly,permuted_bptt,62,2.229608177224337,0.23618090452261306,2.229608177224337
flywire_783_mb_left_kc512_s702,744,incoming_l1,fly,permuted_bptt,63,2.226013652798923,0.23618090452261306,2.226013652798923
flywire_783_mb_left_kc512_s702,744,incoming_l1,fly,permuted_bptt,64,2.2224939074527077,0.23618090452261306,2.2224939074527077
flywire_783_mb_left_kc512_s702,744,incoming_l1,fly,permuted_bptt,65,2.219006516465353,0.23618090452261306,2.219006516465353
flywire_783_mb_left_kc512_s702,744,incoming_l1,fly,permuted_bptt,66,2.2155690112904547,0.23618090452261306,2.2155690112904547
flywire_783_mb_left_kc512_s702,744,incoming_l1,fly,permuted_bptt,67,2.212172270645803,0.23618090452261306,2.212172270645803
flywire_783_mb_left_kc512_s702,744,incoming_l1,fly,permuted_bptt,68,2.208813473859828,0.24120603015075376,2.208813473859828
flywire_783_mb_left_kc512_s702,744,incoming_l1,fly,permuted_bptt,69,2.2055142091466013,0.24623115577889448,2.2055142091466013
flywire_783_mb_left_kc512_s702,744,incoming_l1,fly,permuted_bptt,70,2.202242427892348,0.24623115577889448,2.202242427892348
flywire_783_mb_left_kc512_s702,744,incoming_l1,fly,permuted_bptt,71,2.1990224411858192,0.24623115577889448,2.1990224411858192
flywire_783_mb_left_kc512_s702,744,incoming_l1,fly,permuted_bptt,72,2.195829606110518,0.24623115577889448,2.195829606110518
flywire_783_mb_left_kc512_s702,744,incoming_l1,fly,permuted_bptt,73,2.192690516002541,0.24623115577889448,2.192690516002541
flywire_783_mb_left_kc512_s702,744,incoming_l1,fly,permuted_bptt,74,2.189585618680327,0.25125628140703515,2.189585618680327
flywire_783_mb_left_kc512_s702,744,incoming_l1,fly,permuted_bptt,75,2.186525873241515,0.24120603015075376,2.186525873241515
flywire_783_mb_left_kc512_s702,744,incoming_l1,fly,permuted_bptt,76,2.1835008980110056,0.24623115577889448,2.1835008980110056
flywire_783_mb_left_kc512_s702,744,incoming_l1,fly,permuted_bptt,77,2.180511583571338,0.24623115577889448,2.180511583571338
flywire_783_mb_left_kc512_s702,744,incoming_l1,fly,permuted_bptt,78,2.1775581280721767,0.24623115577889448,2.1775581280721767
flywire_783_mb_left_kc512_s702,744,incoming_l1,fly,permuted_bptt,79,2.174637035660443,0.24623115577889448,2.174637035660443
flywire_783_mb_left_kc512_s702,744,incoming_l1,fly,permuted_bptt,80,2.171753270855928,0.25125628140703515,2.171753270855928
flywire_783_mb_left_kc512_s702,744,incoming_l1,fly,permuted_bptt,81,2.168897607539014,0.25125628140703515,2.168897607539014
flywire_783_mb_left_kc512_s702,744,incoming_l1,fly,permuted_bptt,82,2.1660779623608613,0.25125628140703515,2.1660779623608613
flywire_783_mb_left_kc512_s702,744,incoming_l1,fly,permuted_bptt,83,2.1632866125503774,0.2562814070351759,2.1632866125503774
flywire_783_mb_left_kc512_s702,744,incoming_l1,fly,permuted_bptt,84,2.1605307731880767,0.2562814070351759,2.1605307731880767
flywire_783_mb_left_kc512_s702,744,incoming_l1,fly,permuted_bptt,85,2.1578016357742094,0.2562814070351759,2.1578016357742094
flywire_783_mb_left_kc512_s702,744,incoming_l1,fly,permuted_bptt,86,2.1551058626889636,0.2562814070351759,2.1551058626889636
flywire_783_mb_left_kc512_s702,744,incoming_l1,fly,permuted_bptt,87,2.1524370370044323,0.2562814070351759,2.1524370370044323
flywire_783_mb_left_kc512_s702,744,incoming_l1,fly,permuted_bptt,88,2.1497996857750787,0.2562814070351759,2.1497996857750787
flywire_783_mb_left_kc512_s702,744,incoming_l1,fly,permuted_bptt,89,2.1471882975602963,0.2562814070351759,2.1471882975602963
flywire_783_mb_left_kc512_s702,744,incoming_l1,fly,permuted_bptt,90,2.144606742135091,0.2562814070351759,2.144606742135091
flywire_783_mb_left_kc512_s702,744,incoming_l1,fly,permuted_bptt,91,2.142051084338541,0.25125628140703515,2.142051084338541
flywire_783_mb_left_kc512_s702,744,incoming_l1,fly,permuted_bptt,92,2.13952369985496,0.25125628140703515,2.13952369985496
flywire_783_mb_left_kc512_s702,744,incoming_l1,fly,permuted_bptt,93,2.1370215536670947,0.25125628140703515,2.1370215536670947
flywire_783_mb_left_kc512_s702,744,incoming_l1,fly,permuted_bptt,94,2.1345464700871792,0.25125628140703515,2.1345464700871792
flywire_783_mb_left_kc512_s702,744,incoming_l1,fly,permuted_bptt,95,2.1320960102194997,0.25125628140703515,2.1320960102194997
flywire_783_mb_left_kc512_s702,744,incoming_l1,fly,permuted_bptt,96,2.129671266619334,0.25125628140703515,2.129671266619334
flywire_783_mb_left_kc512_s702,744,incoming_l1,fly,permuted_bptt,97,2.127270380249819,0.25125628140703515,2.127270380249819
flywire_783_mb_left_kc512_s702,744,incoming_l1,fly,permuted_bptt,98,2.124894295939177,0.25125628140703515,2.124894295939177
flywire_783_mb_left_kc512_s702,744,incoming_l1,fly,permuted_bptt,99,2.1225414889193557,0.25125628140703515,2.1225414889193557
flywire_783_mb_left_kc512_s702,744,incoming_l1,fly,permuted_bptt,100,2.1202126161295087,0.2562814070351759,2.1202126161295087
flywire_783_mb_left_kc512_s702,744,incoming_l1,role_shuffled,frozen,0,1.521214375944492,0.46733668341708545,1.521214375944492
flywire_783_mb_left_kc512_s702,744,incoming_l1,role_shuffled,full_bptt,0,1.521214375944492,0.46733668341708545,1.521214375944492
flywire_783_mb_left_kc512_s702,744,incoming_l1,role_shuffled,full_bptt,1,1.5432502603161227,0.4371859296482412,1.521214375944492
flywire_783_mb_left_kc512_s702,744,incoming_l1,role_shuffled,full_bptt,2,1.5804191111821322,0.4472361809045226,1.521214375944492
flywire_783_mb_left_kc512_s702,744,incoming_l1,role_shuffled,full_bptt,3,1.5338037749571674,0.457286432160804,1.521214375944492
flywire_783_mb_left_kc512_s702,744,incoming_l1,role_shuffled,full_bptt,4,1.5647426668612001,0.4221105527638191,1.521214375944492
flywire_783_mb_left_kc512_s702,744,incoming_l1,role_shuffled,full_bptt,5,1.533495089418655,0.4623115577889447,1.521214375944492
flywire_783_mb_left_kc512_s702,744,incoming_l1,role_shuffled,full_bptt,6,1.5246193501024958,0.4723618090452261,1.521214375944492
flywire_783_mb_left_kc512_s702,744,incoming_l1,role_shuffled,full_bptt,7,1.5447824132176076,0.457286432160804,1.521214375944492
flywire_783_mb_left_kc512_s702,744,incoming_l1,role_shuffled,full_bptt,8,1.5354521018181129,0.4723618090452261,1.521214375944492
flywire_783_mb_left_kc512_s702,744,incoming_l1,role_shuffled,full_bptt,9,1.5209532220000839,0.44221105527638194,1.5209532220000839
flywire_783_mb_left_kc512_s702,744,incoming_l1,role_shuffled,full_bptt,10,1.527902494610189,0.45226130653266333,1.5209532220000839
flywire_783_mb_left_kc512_s702,744,incoming_l1,role_shuffled,full_bptt,11,1.5320700582645947,0.457286432160804,1.5209532220000839
flywire_783_mb_left_kc512_s702,744,incoming_l1,role_shuffled,full_bptt,12,1.5234102364186703,0.457286432160804,1.5209532220000839
flywire_783_mb_left_kc512_s702,744,incoming_l1,role_shuffled,full_bptt,13,1.5215356641632594,0.46733668341708545,1.5209532220000839
flywire_783_mb_left_kc512_s702,744,incoming_l1,role_shuffled,full_bptt,14,1.5260791957549613,0.47738693467336685,1.5209532220000839
flywire_783_mb_left_kc512_s702,744,incoming_l1,role_shuffled,full_bptt,15,1.522920256224189,0.47738693467336685,1.5209532220000839
flywire_783_mb_left_kc512_s702,744,incoming_l1,role_shuffled,full_bptt,16,1.5169931978162492,0.4623115577889447,1.5169931978162492
flywire_783_mb_left_kc512_s702,744,incoming_l1,role_shuffled,full_bptt,17,1.5193287361204353,0.457286432160804,1.5169931978162492
flywire_783_mb_left_kc512_s702,744,incoming_l1,role_shuffled,full_bptt,18,1.5233821869082003,0.46733668341708545,1.5169931978162492
flywire_783_mb_left_kc512_s702,744,incoming_l1,role_shuffled,full_bptt,19,1.519948336425668,0.4472361809045226,1.5169931978162492
flywire_783_mb_left_kc512_s702,744,incoming_l1,role_shuffled,full_bptt,20,1.515652356054341,0.4472361809045226,1.515652356054341
flywire_783_mb_left_kc512_s702,744,incoming_l1,role_shuffled,full_bptt,21,1.5170994045651944,0.46733668341708545,1.515652356054341
flywire_783_mb_left_kc512_s702,744,incoming_l1,role_shuffled,full_bptt,22,1.5185779152680445,0.457286432160804,1.515652356054341
flywire_783_mb_left_kc512_s702,744,incoming_l1,role_shuffled,full_bptt,23,1.5162987968324835,0.4623115577889447,1.515652356054341
flywire_783_mb_left_kc512_s702,744,incoming_l1,role_shuffled,full_bptt,24,1.5153304609876355,0.46733668341708545,1.5153304609876355
flywire_783_mb_left_kc512_s702,744,incoming_l1,role_shuffled,full_bptt,25,1.5169011622262751,0.4472361809045226,1.5153304609876355
flywire_783_mb_left_kc512_s702,744,incoming_l1,role_shuffled,full_bptt,26,1.5161291549766458,0.45226130653266333,1.5153304609876355
flywire_783_mb_left_kc512_s702,744,incoming_l1,role_shuffled,full_bptt,27,1.513769139639621,0.457286432160804,1.513769139639621
flywire_783_mb_left_kc512_s702,744,incoming_l1,role_shuffled,full_bptt,28,1.5141391319775488,0.457286432160804,1.513769139639621
flywire_783_mb_left_kc512_s702,744,incoming_l1,role_shuffled,full_bptt,29,1.5153520099095121,0.4623115577889447,1.513769139639621
flywire_783_mb_left_kc512_s702,744,incoming_l1,role_shuffled,full_bptt,30,1.5141460176177381,0.45226130653266333,1.513769139639621
flywire_783_mb_left_kc512_s702,744,incoming_l1,role_shuffled,full_bptt,31,1.5129343481867508,0.457286432160804,1.5129343481867508
flywire_783_mb_left_kc512_s702,744,incoming_l1,role_shuffled,full_bptt,32,1.513579037841746,0.4623115577889447,1.5129343481867508
flywire_783_mb_left_kc512_s702,744,incoming_l1,role_shuffled,full_bptt,33,1.5135082304547227,0.4623115577889447,1.5129343481867508
flywire_783_mb_left_kc512_s702,744,incoming_l1,role_shuffled,full_bptt,34,1.5124112728617993,0.46733668341708545,1.5124112728617993
flywire_783_mb_left_kc512_s702,744,incoming_l1,role_shuffled,full_bptt,35,1.5125048696689616,0.47738693467336685,1.5124112728617993
flywire_783_mb_left_kc512_s702,744,incoming_l1,role_shuffled,full_bptt,36,1.5128587179537203,0.46733668341708545,1.5124112728617993
flywire_783_mb_left_kc512_s702,744,incoming_l1,role_shuffled,full_bptt,37,1.5119909771025064,0.46733668341708545,1.5119909771025064
flywire_783_mb_left_kc512_s702,744,incoming_l1,role_shuffled,full_bptt,38,1.5114643481649934,0.4623115577889447,1.5114643481649934
flywire_783_mb_left_kc512_s702,744,incoming_l1,role_shuffled,full_bptt,39,1.5119031863862478,0.46733668341708545,1.5114643481649934
flywire_783_mb_left_kc512_s702,744,incoming_l1,role_shuffled,full_bptt,40,1.5116608403572533,0.4723618090452261,1.5114643481649934
flywire_783_mb_left_kc512_s702,744,incoming_l1,role_shuffled,full_bptt,41,1.5109643734872316,0.46733668341708545,1.5109643734872316
flywire_783_mb_left_kc512_s702,744,incoming_l1,role_shuffled,full_bptt,42,1.5110093424827449,0.46733668341708545,1.5109643734872316
flywire_783_mb_left_kc512_s702,744,incoming_l1,role_shuffled,full_bptt,43,1.511007133716968,0.46733668341708545,1.5109643734872316
flywire_783_mb_left_kc512_s702,744,incoming_l1,role_shuffled,full_bptt,44,1.5105202141936913,0.46733668341708545,1.5105202141936913
flywire_783_mb_left_kc512_s702,744,incoming_l1,role_shuffled,full_bptt,45,1.51043401018555,0.47738693467336685,1.51043401018555
flywire_783_mb_left_kc512_s702,744,incoming_l1,role_shuffled,full_bptt,46,1.5104655201021338,0.4723618090452261,1.51043401018555
flywire_783_mb_left_kc512_s702,744,incoming_l1,role_shuffled,full_bptt,47,1.510006223718925,0.46733668341708545,1.510006223718925
flywire_783_mb_left_kc512_s702,744,incoming_l1,role_shuffled,full_bptt,48,1.509762179568482,0.46733668341708545,1.509762179568482
flywire_783_mb_left_kc512_s702,744,incoming_l1,role_shuffled,full_bptt,49,1.509864825793527,0.46733668341708545,1.509762179568482
flywire_783_mb_left_kc512_s702,744,incoming_l1,role_shuffled,full_bptt,50,1.5096255871906854,0.46733668341708545,1.5096255871906854
flywire_783_mb_left_kc512_s702,744,incoming_l1,role_shuffled,full_bptt,51,1.5093283434934257,0.46733668341708545,1.5093283434934257
flywire_783_mb_left_kc512_s702,744,incoming_l1,role_shuffled,full_bptt,52,1.5092917769119905,0.47738693467336685,1.5092917769119905
flywire_783_mb_left_kc512_s702,744,incoming_l1,role_shuffled,full_bptt,53,1.5090938477693163,0.47738693467336685,1.5090938477693163
flywire_783_mb_left_kc512_s702,744,incoming_l1,role_shuffled,full_bptt,54,1.5088570843672162,0.4723618090452261,1.5088570843672162
flywire_783_mb_left_kc512_s702,744,incoming_l1,role_shuffled,full_bptt,55,1.508824639422514,0.4723618090452261,1.508824639422514
flywire_783_mb_left_kc512_s702,744,incoming_l1,role_shuffled,full_bptt,56,1.5086481831977143,0.4723618090452261,1.5086481831977143
flywire_783_mb_left_kc512_s702,744,incoming_l1,role_shuffled,full_bptt,57,1.5083879428993983,0.4723618090452261,1.5083879428993983
flywire_783_mb_left_kc512_s702,744,incoming_l1,role_shuffled,full_bptt,58,1.5083260356505088,0.4723618090452261,1.5083260356505088
flywire_783_mb_left_kc512_s702,744,incoming_l1,role_shuffled,full_bptt,59,1.5082010930633847,0.46733668341708545,1.5082010930633847
flywire_783_mb_left_kc512_s702,744,incoming_l1,role_shuffled,full_bptt,60,1.507973270616431,0.47738693467336685,1.507973270616431
flywire_783_mb_left_kc512_s702,744,incoming_l1,role_shuffled,full_bptt,61,1.507870874898998,0.46733668341708545,1.507870874898998
flywire_783_mb_left_kc512_s702,744,incoming_l1,role_shuffled,full_bptt,62,1.5077425627651813,0.46733668341708545,1.5077425627651813
flywire_783_mb_left_kc512_s702,744,incoming_l1,role_shuffled,full_bptt,63,1.5075565337391592,0.47738693467336685,1.5075565337391592
flywire_783_mb_left_kc512_s702,744,incoming_l1,role_shuffled,full_bptt,64,1.507453132654691,0.47738693467336685,1.507453132654691
flywire_783_mb_left_kc512_s702,744,incoming_l1,role_shuffled,full_bptt,65,1.507307968021989,0.47738693467336685,1.507307968021989
flywire_783_mb_left_kc512_s702,744,incoming_l1,role_shuffled,full_bptt,66,1.507128157940164,0.47738693467336685,1.507128157940164
flywire_783_mb_left_kc512_s702,744,incoming_l1,role_shuffled,full_bptt,67,1.5070313449534551,0.47738693467336685,1.5070313449534551
flywire_783_mb_left_kc512_s702,744,incoming_l1,role_shuffled,full_bptt,68,1.506898475753424,0.47738693467336685,1.506898475753424
flywire_783_mb_left_kc512_s702,744,incoming_l1,role_shuffled,full_bptt,69,1.5067305072056154,0.47738693467336685,1.5067305072056154
flywire_783_mb_left_kc512_s702,744,incoming_l1,role_shuffled,full_bptt,70,1.5066187359475416,0.47738693467336685,1.5066187359475416
flywire_783_mb_left_kc512_s702,744,incoming_l1,role_shuffled,full_bptt,71,1.5064820541344395,0.47738693467336685,1.5064820541344395
flywire_783_mb_left_kc512_s702,744,incoming_l1,role_shuffled,full_bptt,72,1.5063355266455392,0.47738693467336685,1.5063355266455392
flywire_783_mb_left_kc512_s702,744,incoming_l1,role_shuffled,full_bptt,73,1.506224874989273,0.4723618090452261,1.506224874989273
flywire_783_mb_left_kc512_s702,744,incoming_l1,role_shuffled,full_bptt,74,1.506083597894827,0.47738693467336685,1.506083597894827
flywire_783_mb_left_kc512_s702,744,incoming_l1,role_shuffled,full_bptt,75,1.5059461833332048,0.47738693467336685,1.5059461833332048
flywire_783_mb_left_kc512_s702,744,incoming_l1,role_shuffled,full_bptt,76,1.505834956240013,0.47738693467336685,1.505834956240013
flywire_783_mb_left_kc512_s702,744,incoming_l1,role_shuffled,full_bptt,77,1.5056957632015995,0.47738693467336685,1.5056957632015995
flywire_783_mb_left_kc512_s702,744,incoming_l1,role_shuffled,full_bptt,78,1.5055655419833593,0.4824120603015075,1.5055655419833593
flywire_783_mb_left_kc512_s702,744,incoming_l1,role_shuffled,full_bptt,79,1.5054494617382492,0.4824120603015075,1.5054494617382492
flywire_783_mb_left_kc512_s702,744,incoming_l1,role_shuffled,full_bptt,80,1.5053153703300608,0.47738693467336685,1.5053153703300608
flywire_783_mb_left_kc512_s702,744,incoming_l1,role_shuffled,full_bptt,81,1.505194471459728,0.47738693467336685,1.505194471459728
flywire_783_mb_left_kc512_s702,744,incoming_l1,role_shuffled,full_bptt,82,1.5050738419897631,0.47738693467336685,1.5050738419897631
flywire_783_mb_left_kc512_s702,744,incoming_l1,role_shuffled,full_bptt,83,1.5049424498830795,0.47738693467336685,1.5049424498830795
flywire_783_mb_left_kc512_s702,744,incoming_l1,role_shuffled,full_bptt,84,1.5048266890484499,0.47738693467336685,1.5048266890484499
flywire_783_mb_left_kc512_s702,744,incoming_l1,role_shuffled,full_bptt,85,1.5047050965415805,0.47738693467336685,1.5047050965415805
flywire_783_mb_left_kc512_s702,744,incoming_l1,role_shuffled,full_bptt,86,1.5045790727576276,0.47738693467336685,1.5045790727576276
flywire_783_mb_left_kc512_s702,744,incoming_l1,role_shuffled,full_bptt,87,1.5044642454219002,0.47738693467336685,1.5044642454219002
flywire_783_mb_left_kc512_s702,744,incoming_l1,role_shuffled,full_bptt,88,1.504342299974343,0.47738693467336685,1.504342299974343
flywire_783_mb_left_kc512_s702,744,incoming_l1,role_shuffled,full_bptt,89,1.5042227694855421,0.47738693467336685,1.5042227694855421
flywire_783_mb_left_kc512_s702,744,incoming_l1,role_shuffled,full_bptt,90,1.5041079174760392,0.47738693467336685,1.5041079174760392
flywire_783_mb_left_kc512_s702,744,incoming_l1,role_shuffled,full_bptt,91,1.5039869532327224,0.47738693467336685,1.5039869532327224
flywire_783_mb_left_kc512_s702,744,incoming_l1,role_shuffled,full_bptt,92,1.5038718199491707,0.47738693467336685,1.5038718199491707
flywire_783_mb_left_kc512_s702,744,incoming_l1,role_shuffled,full_bptt,93,1.5037563856036098,0.47738693467336685,1.5037563856036098
flywire_783_mb_left_kc512_s702,744,incoming_l1,role_shuffled,full_bptt,94,1.5036385771213947,0.47738693467336685,1.5036385771213947
flywire_783_mb_left_kc512_s702,744,incoming_l1,role_shuffled,full_bptt,95,1.5035262272895455,0.4824120603015075,1.5035262272895455
flywire_783_mb_left_kc512_s702,744,incoming_l1,role_shuffled,full_bptt,96,1.5034108910740775,0.4824120603015075,1.5034108910740775
flywire_783_mb_left_kc512_s702,744,incoming_l1,role_shuffled,full_bptt,97,1.5032967363080412,0.47738693467336685,1.5032967363080412
flywire_783_mb_left_kc512_s702,744,incoming_l1,role_shuffled,full_bptt,98,1.503185162901747,0.47738693467336685,1.503185162901747
flywire_783_mb_left_kc512_s702,744,incoming_l1,role_shuffled,full_bptt,99,1.5030710596040298,0.47738693467336685,1.5030710596040298
flywire_783_mb_left_kc512_s702,744,incoming_l1,role_shuffled,full_bptt,100,1.502960246121502,0.4723618090452261,1.502960246121502
flywire_783_mb_left_kc512_s702,744,incoming_l1,role_shuffled,local_gradient,0,1.521214375944492,0.46733668341708545,1.521214375944492
flywire_783_mb_left_kc512_s702,744,incoming_l1,role_shuffled,local_gradient,1,1.550407706776466,0.45226130653266333,1.521214375944492
flywire_783_mb_left_kc512_s702,744,incoming_l1,role_shuffled,local_gradient,2,1.5403083233694042,0.4472361809045226,1.521214375944492
flywire_783_mb_left_kc512_s702,744,incoming_l1,role_shuffled,local_gradient,3,1.5456029622331826,0.457286432160804,1.521214375944492
flywire_783_mb_left_kc512_s702,744,incoming_l1,role_shuffled,local_gradient,4,1.5481595203346863,0.457286432160804,1.521214375944492
flywire_783_mb_left_kc512_s702,744,incoming_l1,role_shuffled,local_gradient,5,1.5424760911617212,0.4723618090452261,1.521214375944492
flywire_783_mb_left_kc512_s702,744,incoming_l1,role_shuffled,local_gradient,6,1.5378611338594135,0.46733668341708545,1.521214375944492
flywire_783_mb_left_kc512_s702,744,incoming_l1,role_shuffled,local_gradient,7,1.5366840941394377,0.45226130653266333,1.521214375944492
flywire_783_mb_left_kc512_s702,744,incoming_l1,role_shuffled,local_gradient,8,1.5367456168467986,0.44221105527638194,1.521214375944492
flywire_783_mb_left_kc512_s702,744,incoming_l1,role_shuffled,local_gradient,9,1.5405380190242661,0.4371859296482412,1.521214375944492
flywire_783_mb_left_kc512_s702,744,incoming_l1,role_shuffled,local_gradient,10,1.545768624689882,0.4321608040201005,1.521214375944492
flywire_783_mb_left_kc512_s702,744,incoming_l1,role_shuffled,local_gradient,11,1.54565774660731,0.4321608040201005,1.521214375944492
flywire_783_mb_left_kc512_s702,744,incoming_l1,role_shuffled,local_gradient,12,1.542827764610824,0.45226130653266333,1.521214375944492
flywire_783_mb_left_kc512_s702,744,incoming_l1,role_shuffled,local_gradient,13,1.5436879776694692,0.46733668341708545,1.521214375944492
flywire_783_mb_left_kc512_s702,744,incoming_l1,role_shuffled,local_gradient,14,1.5498239647806447,0.4723618090452261,1.521214375944492
flywire_783_mb_left_kc512_s702,744,incoming_l1,role_shuffled,local_gradient,15,1.5571927232849105,0.457286432160804,1.521214375944492
flywire_783_mb_left_kc512_s702,744,incoming_l1,role_shuffled,local_gradient,16,1.561461852186944,0.4472361809045226,1.521214375944492
flywire_783_mb_left_kc512_s702,744,incoming_l1,role_shuffled,local_gradient,17,1.5615475150176172,0.4371859296482412,1.521214375944492
flywire_783_mb_left_kc512_s702,744,incoming_l1,role_shuffled,local_gradient,18,1.559119761322402,0.4371859296482412,1.521214375944492
flywire_783_mb_left_kc512_s702,744,incoming_l1,role_shuffled,local_gradient,19,1.556457434263198,0.45226130653266333,1.521214375944492
flywire_783_mb_left_kc512_s702,744,incoming_l1,role_shuffled,local_gradient,20,1.5557765096099008,0.4371859296482412,1.521214375944492
flywire_783_mb_left_kc512_s702,744,incoming_l1,role_shuffled,local_gradient,21,1.5590720582556794,0.4321608040201005,1.521214375944492
flywire_783_mb_left_kc512_s702,744,incoming_l1,role_shuffled,local_gradient,22,1.5663277339186166,0.41708542713567837,1.521214375944492
flywire_783_mb_left_kc512_s702,744,incoming_l1,role_shuffled,local_gradient,23,1.5751301068932362,0.4120603015075377,1.521214375944492
flywire_783_mb_left_kc512_s702,744,incoming_l1,role_shuffled,local_gradient,24,1.5836828814106743,0.4120603015075377,1.521214375944492
flywire_783_mb_left_kc512_s702,744,incoming_l1,role_shuffled,local_gradient,25,1.5926275438901585,0.40703517587939697,1.521214375944492
flywire_783_mb_left_kc512_s702,744,incoming_l1,role_shuffled,local_gradient,26,1.6040677357366697,0.4120603015075377,1.521214375944492
flywire_783_mb_left_kc512_s702,744,incoming_l1,role_shuffled,local_gradient,27,1.6199667039818733,0.4321608040201005,1.521214375944492
flywire_783_mb_left_kc512_s702,744,incoming_l1,role_shuffled,local_gradient,28,1.6409113916237204,0.41708542713567837,1.521214375944492
flywire_783_mb_left_kc512_s702,744,incoming_l1,role_shuffled,local_gradient,29,1.665519673635852,0.4020100502512563,1.521214375944492
flywire_783_mb_left_kc512_s702,744,incoming_l1,role_shuffled,local_gradient,30,1.6909001821875642,0.4020100502512563,1.521214375944492
flywire_783_mb_left_kc512_s702,744,incoming_l1,role_shuffled,local_gradient,31,1.7140889613172028,0.39195979899497485,1.521214375944492
flywire_783_mb_left_kc512_s702,744,incoming_l1,role_shuffled,local_gradient,32,1.7335227227196877,0.3869346733668342,1.521214375944492
flywire_783_mb_left_kc512_s702,744,incoming_l1,role_shuffled,local_gradient,33,1.7494594272808472,0.3969849246231156,1.521214375944492
flywire_783_mb_left_kc512_s702,744,incoming_l1,role_shuffled,local_gradient,34,1.7634662486289747,0.3969849246231156,1.521214375944492
flywire_783_mb_left_kc512_s702,744,incoming_l1,role_shuffled,local_gradient,35,1.7780877596054157,0.4020100502512563,1.521214375944492
flywire_783_mb_left_kc512_s702,744,incoming_l1,role_shuffled,local_gradient,36,1.796788509462608,0.4020100502512563,1.521214375944492
flywire_783_mb_left_kc512_s702,744,incoming_l1,role_shuffled,local_gradient,37,1.8232345541132817,0.3969849246231156,1.521214375944492
flywire_783_mb_left_kc512_s702,744,incoming_l1,role_shuffled,local_gradient,38,1.8598742420961996,0.36683417085427134,1.521214375944492
flywire_783_mb_left_kc512_s702,744,incoming_l1,role_shuffled,local_gradient,39,1.907124896507957,0.35175879396984927,1.521214375944492
flywire_783_mb_left_kc512_s702,744,incoming_l1,role_shuffled,local_gradient,40,1.96410639386321,0.34673366834170855,1.521214375944492
flywire_783_mb_left_kc512_s702,744,incoming_l1,role_shuffled,local_gradient,41,2.029868075690962,0.34673366834170855,1.521214375944492
flywire_783_mb_left_kc512_s702,744,incoming_l1,role_shuffled,local_gradient,42,2.103767126467472,0.33668341708542715,1.521214375944492
flywire_783_mb_left_kc512_s702,744,incoming_l1,role_shuffled,local_gradient,43,2.1851372851524298,0.3417085427135678,1.521214375944492
flywire_783_mb_left_kc512_s702,744,incoming_l1,role_shuffled,local_gradient,44,2.2728882597872935,0.31155778894472363,1.521214375944492
flywire_783_mb_left_kc512_s702,744,incoming_l1,role_shuffled,local_gradient,45,2.3653343816479047,0.31155778894472363,1.521214375944492
flywire_783_mb_left_kc512_s702,744,incoming_l1,role_shuffled,local_gradient,46,2.460276982782496,0.3015075376884422,1.521214375944492
flywire_783_mb_left_kc512_s702,744,incoming_l1,role_shuffled,local_gradient,47,2.555249180045183,0.27638190954773867,1.521214375944492
flywire_783_mb_left_kc512_s702,744,incoming_l1,role_shuffled,local_gradient,48,2.647844196763993,0.27638190954773867,1.521214375944492
flywire_783_mb_left_kc512_s702,744,incoming_l1,role_shuffled,local_gradient,49,2.7361659868187096,0.27638190954773867,1.521214375944492
flywire_783_mb_left_kc512_s702,744,incoming_l1,role_shuffled,local_gradient,50,2.81936897920937,0.2663316582914573,1.521214375944492
flywire_783_mb_left_kc512_s702,744,incoming_l1,role_shuffled,local_gradient,51,2.897997500809829,0.2663316582914573,1.521214375944492
flywire_783_mb_left_kc512_s702,744,incoming_l1,role_shuffled,local_gradient,52,2.97396911213548,0.27638190954773867,1.521214375944492
flywire_783_mb_left_kc512_s702,744,incoming_l1,role_shuffled,local_gradient,53,3.050364626268038,0.271356783919598,1.521214375944492
flywire_783_mb_left_kc512_s702,744,incoming_l1,role_shuffled,local_gradient,54,3.1311210548824127,0.2663316582914573,1.521214375944492
flywire_783_mb_left_kc512_s702,744,incoming_l1,role_shuffled,local_gradient,55,3.2205241342517774,0.2562814070351759,1.521214375944492
flywire_783_mb_left_kc512_s702,744,incoming_l1,role_shuffled,local_gradient,56,3.322445640663519,0.24120603015075376,1.521214375944492
flywire_783_mb_left_kc512_s702,744,incoming_l1,role_shuffled,local_gradient,57,3.4395414536486704,0.24623115577889448,1.521214375944492
flywire_783_mb_left_kc512_s702,744,incoming_l1,role_shuffled,local_gradient,58,3.5728032383881843,0.24120603015075376,1.521214375944492
flywire_783_mb_left_kc512_s702,744,incoming_l1,role_shuffled,local_gradient,59,3.721724863158768,0.23618090452261306,1.521214375944492
flywire_783_mb_left_kc512_s702,744,incoming_l1,role_shuffled,local_gradient,60,3.8849119271618915,0.22613065326633167,1.521214375944492
flywire_783_mb_left_kc512_s702,744,incoming_l1,role_shuffled,local_gradient,61,4.0606608788743035,0.22110552763819097,1.521214375944492
flywire_783_mb_left_kc512_s702,744,incoming_l1,role_shuffled,local_gradient,62,4.247207555964216,0.22110552763819097,1.521214375944492
flywire_783_mb_left_kc512_s702,744,incoming_l1,role_shuffled,local_gradient,63,4.442674387020418,0.22110552763819097,1.521214375944492
flywire_783_mb_left_kc512_s702,744,incoming_l1,role_shuffled,local_gradient,64,4.644908815271449,0.20603015075376885,1.521214375944492
flywire_783_mb_left_kc512_s702,744,incoming_l1,role_shuffled,local_gradient,65,4.8514085789759855,0.20100502512562815,1.521214375944492
flywire_783_mb_left_kc512_s702,744,incoming_l1,role_shuffled,local_gradient,66,5.059418480264182,0.19095477386934673,1.521214375944492
flywire_783_mb_left_kc512_s702,744,incoming_l1,role_shuffled,local_gradient,67,5.266124791093205,0.18592964824120603,1.521214375944492
flywire_783_mb_left_kc512_s702,744,incoming_l1,role_shuffled,local_gradient,68,5.468840844616524,0.17587939698492464,1.521214375944492
flywire_783_mb_left_kc512_s702,744,incoming_l1,role_shuffled,local_gradient,69,5.665161447339039,0.1708542713567839,1.521214375944492
flywire_783_mb_left_kc512_s702,744,incoming_l1,role_shuffled,local_gradient,70,5.85308914198449,0.1708542713567839,1.521214375944492
flywire_783_mb_left_kc512_s702,744,incoming_l1,role_shuffled,local_gradient,71,6.031140777266679,0.17587939698492464,1.521214375944492
flywire_783_mb_left_kc512_s702,744,incoming_l1,role_shuffled,local_gradient,72,6.1984700050505,0.17587939698492464,1.521214375944492
flywire_783_mb_left_kc512_s702,744,incoming_l1,role_shuffled,local_gradient,73,6.355003215827063,0.17587939698492464,1.521214375944492
flywire_783_mb_left_kc512_s702,744,incoming_l1,role_shuffled,local_gradient,74,6.50153444934544,0.17587939698492464,1.521214375944492
flywire_783_mb_left_kc512_s702,744,incoming_l1,role_shuffled,local_gradient,75,6.6397300312780185,0.17587939698492464,1.521214375944492
flywire_783_mb_left_kc512_s702,744,incoming_l1,role_shuffled,local_gradient,76,6.772032907714252,0.1708542713567839,1.521214375944492
flywire_783_mb_left_kc512_s702,744,incoming_l1,role_shuffled,local_gradient,77,6.901491213991671,0.17587939698492464,1.521214375944492
flywire_783_mb_left_kc512_s702,744,incoming_l1,role_shuffled,local_gradient,78,7.031537716763313,0.17587939698492464,1.521214375944492
flywire_783_mb_left_kc512_s702,744,incoming_l1,role_shuffled,local_gradient,79,7.165715762508422,0.17587939698492464,1.521214375944492
flywire_783_mb_left_kc512_s702,744,incoming_l1,role_shuffled,local_gradient,80,7.307328555692815,0.18592964824120603,1.521214375944492
flywire_783_mb_left_kc512_s702,744,incoming_l1,role_shuffled,local_gradient,81,7.459035592492913,0.17587939698492464,1.521214375944492
flywire_783_mb_left_kc512_s702,744,incoming_l1,role_shuffled,local_gradient,82,7.622503592887073,0.1708542713567839,1.521214375944492
flywire_783_mb_left_kc512_s702,744,incoming_l1,role_shuffled,local_gradient,83,7.798234339066967,0.16080402010050251,1.521214375944492
flywire_783_mb_left_kc512_s702,744,incoming_l1,role_shuffled,local_gradient,84,7.985610824200945,0.16080402010050251,1.521214375944492
flywire_783_mb_left_kc512_s702,744,incoming_l1,role_shuffled,local_gradient,85,8.183110129864303,0.1507537688442211,1.521214375944492
flywire_783_mb_left_kc512_s702,744,incoming_l1,role_shuffled,local_gradient,86,8.388591625792627,0.1457286432160804,1.521214375944492
flywire_783_mb_left_kc512_s702,744,incoming_l1,role_shuffled,local_gradient,87,8.599586195702726,0.1457286432160804,1.521214375944492
flywire_783_mb_left_kc512_s702,744,incoming_l1,role_shuffled,local_gradient,88,8.8135606000528,0.1407035175879397,1.521214375944492
flywire_783_mb_left_kc512_s702,744,incoming_l1,role_shuffled,local_gradient,89,9.028165133538414,0.1306532663316583,1.521214375944492
flywire_783_mb_left_kc512_s702,744,incoming_l1,role_shuffled,local_gradient,90,9.241462466303053,0.1306532663316583,1.521214375944492
flywire_783_mb_left_kc512_s702,744,incoming_l1,role_shuffled,local_gradient,91,9.452102208332345,0.1306532663316583,1.521214375944492
flywire_783_mb_left_kc512_s702,744,incoming_l1,role_shuffled,local_gradient,92,9.659391141961768,0.1306532663316583,1.521214375944492
flywire_783_mb_left_kc512_s702,744,incoming_l1,role_shuffled,local_gradient,93,9.86323047986511,0.1306532663316583,1.521214375944492
flywire_783_mb_left_kc512_s702,744,incoming_l1,role_shuffled,local_gradient,94,10.063935476317756,0.135678391959799,1.521214375944492
flywire_783_mb_left_kc512_s702,744,incoming_l1,role_shuffled,local_gradient,95,10.261997026907729,0.135678391959799,1.521214375944492
flywire_783_mb_left_kc512_s702,744,incoming_l1,role_shuffled,local_gradient,96,10.457876310596294,0.1457286432160804,1.521214375944492
flywire_783_mb_left_kc512_s702,744,incoming_l1,role_shuffled,local_gradient,97,10.651916263195451,0.1457286432160804,1.521214375944492
flywire_783_mb_left_kc512_s702,744,incoming_l1,role_shuffled,local_gradient,98,10.84437905356176,0.1457286432160804,1.521214375944492
flywire_783_mb_left_kc512_s702,744,incoming_l1,role_shuffled,local_gradient,99,11.035537541968557,0.1507537688442211,1.521214375944492
flywire_783_mb_left_kc512_s702,744,incoming_l1,role_shuffled,local_gradient,100,11.2257532767006,0.1507537688442211,1.521214375944492
flywire_783_mb_left_kc512_s702,744,incoming_l1,role_shuffled,permuted_bptt,0,3.5611905751725454,0.07035175879396985,3.5611905751725454
flywire_783_mb_left_kc512_s702,744,incoming_l1,role_shuffled,permuted_bptt,1,3.4233656715228244,0.08542713567839195,3.4233656715228244
flywire_783_mb_left_kc512_s702,744,incoming_l1,role_shuffled,permuted_bptt,2,3.3507854696803077,0.09045226130653267,3.3507854696803077
flywire_783_mb_left_kc512_s702,744,incoming_l1,role_shuffled,permuted_bptt,3,3.273141002353466,0.10552763819095477,3.273141002353466
flywire_783_mb_left_kc512_s702,744,incoming_l1,role_shuffled,permuted_bptt,4,3.208694233555256,0.135678391959799,3.208694233555256
flywire_783_mb_left_kc512_s702,744,incoming_l1,role_shuffled,permuted_bptt,5,3.1456941226095068,0.1457286432160804,3.1456941226095068
flywire_783_mb_left_kc512_s702,744,incoming_l1,role_shuffled,permuted_bptt,6,3.1036194131379062,0.15577889447236182,3.1036194131379062
flywire_783_mb_left_kc512_s702,744,incoming_l1,role_shuffled,permuted_bptt,7,3.057100565306575,0.16080402010050251,3.057100565306575
flywire_783_mb_left_kc512_s702,744,incoming_l1,role_shuffled,permuted_bptt,8,3.021080802049675,0.16080402010050251,3.021080802049675
flywire_783_mb_left_kc512_s702,744,incoming_l1,role_shuffled,permuted_bptt,9,2.9920788968488163,0.1658291457286432,2.9920788968488163
flywire_783_mb_left_kc512_s702,744,incoming_l1,role_shuffled,permuted_bptt,10,2.9592476023854752,0.18090452261306533,2.9592476023854752
flywire_783_mb_left_kc512_s702,744,incoming_l1,role_shuffled,permuted_bptt,11,2.934202548735865,0.18592964824120603,2.934202548735865
flywire_783_mb_left_kc512_s702,744,incoming_l1,role_shuffled,permuted_bptt,12,2.911742937438856,0.18592964824120603,2.911742937438856
flywire_783_mb_left_kc512_s702,744,incoming_l1,role_shuffled,permuted_bptt,13,2.8875386719066305,0.19597989949748743,2.8875386719066305
flywire_783_mb_left_kc512_s702,744,incoming_l1,role_shuffled,permuted_bptt,14,2.8684523626199425,0.20100502512562815,2.8684523626199425
flywire_783_mb_left_kc512_s702,744,incoming_l1,role_shuffled,permuted_bptt,15,2.8508950440735754,0.19597989949748743,2.8508950440735754
flywire_783_mb_left_kc512_s702,744,incoming_l1,role_shuffled,permuted_bptt,16,2.8318574673135224,0.20100502512562815,2.8318574673135224
flywire_783_mb_left_kc512_s702,744,incoming_l1,role_shuffled,permuted_bptt,17,2.8163741051357065,0.21105527638190955,2.8163741051357065
flywire_783_mb_left_kc512_s702,744,incoming_l1,role_shuffled,permuted_bptt,18,2.801875968695686,0.20603015075376885,2.801875968695686
flywire_783_mb_left_kc512_s702,744,incoming_l1,role_shuffled,permuted_bptt,19,2.785558174666773,0.19597989949748743,2.785558174666773
flywire_783_mb_left_kc512_s702,744,incoming_l1,role_shuffled,permuted_bptt,20,2.7711349165439123,0.19597989949748743,2.7711349165439123
flywire_783_mb_left_kc512_s702,744,incoming_l1,role_shuffled,permuted_bptt,21,2.7577245604496023,0.19095477386934673,2.7577245604496023
flywire_783_mb_left_kc512_s702,744,incoming_l1,role_shuffled,permuted_bptt,22,2.7436022607835344,0.19597989949748743,2.7436022607835344
flywire_783_mb_left_kc512_s702,744,incoming_l1,role_shuffled,permuted_bptt,23,2.7313271922725226,0.19095477386934673,2.7313271922725226
flywire_783_mb_left_kc512_s702,744,incoming_l1,role_shuffled,permuted_bptt,24,2.719589303901924,0.20100502512562815,2.719589303901924
flywire_783_mb_left_kc512_s702,744,incoming_l1,role_shuffled,permuted_bptt,25,2.7069964228922485,0.20603015075376885,2.7069964228922485
flywire_783_mb_left_kc512_s702,744,incoming_l1,role_shuffled,permuted_bptt,26,2.695732206009534,0.20603015075376885,2.695732206009534
flywire_783_mb_left_kc512_s702,744,incoming_l1,role_shuffled,permuted_bptt,27,2.685074709478866,0.19095477386934673,2.685074709478866
flywire_783_mb_left_kc512_s702,744,incoming_l1,role_shuffled,permuted_bptt,28,2.6741301144915917,0.17587939698492464,2.6741301144915917
flywire_783_mb_left_kc512_s702,744,incoming_l1,role_shuffled,permuted_bptt,29,2.6643389913932314,0.17587939698492464,2.6643389913932314
flywire_783_mb_left_kc512_s702,744,incoming_l1,role_shuffled,permuted_bptt,30,2.654690880017442,0.17587939698492464,2.654690880017442
flywire_783_mb_left_kc512_s702,744,incoming_l1,role_shuffled,permuted_bptt,31,2.644693037341572,0.18090452261306533,2.644693037341572
flywire_783_mb_left_kc512_s702,744,incoming_l1,role_shuffled,permuted_bptt,32,2.6354930130686496,0.18090452261306533,2.6354930130686496
flywire_783_mb_left_kc512_s702,744,incoming_l1,role_shuffled,permuted_bptt,33,2.6262897985235063,0.18592964824120603,2.6262897985235063
flywire_783_mb_left_kc512_s702,744,incoming_l1,role_shuffled,permuted_bptt,34,2.6172258770102976,0.18592964824120603,2.6172258770102976
flywire_783_mb_left_kc512_s702,744,incoming_l1,role_shuffled,permuted_bptt,35,2.6089636857504246,0.20603015075376885,2.6089636857504246
flywire_783_mb_left_kc512_s702,744,incoming_l1,role_shuffled,permuted_bptt,36,2.6006045906827144,0.20100502512562815,2.6006045906827144
flywire_783_mb_left_kc512_s702,744,incoming_l1,role_shuffled,permuted_bptt,37,2.5925220765820756,0.19597989949748743,2.5925220765820756
flywire_783_mb_left_kc512_s702,744,incoming_l1,role_shuffled,permuted_bptt,38,2.585001633921714,0.20100502512562815,2.585001633921714
flywire_783_mb_left_kc512_s702,744,incoming_l1,role_shuffled,permuted_bptt,39,2.5775084224181035,0.20100502512562815,2.5775084224181035
flywire_783_mb_left_kc512_s702,744,incoming_l1,role_shuffled,permuted_bptt,40,2.5705559011619954,0.19597989949748743,2.5705559011619954
flywire_783_mb_left_kc512_s702,744,incoming_l1,role_shuffled,permuted_bptt,41,2.5638517849959697,0.20603015075376885,2.5638517849959697
flywire_783_mb_left_kc512_s702,744,incoming_l1,role_shuffled,permuted_bptt,42,2.5571367686374167,0.21608040201005024,2.5571367686374167
flywire_783_mb_left_kc512_s702,744,incoming_l1,role_shuffled,permuted_bptt,43,2.550808592908934,0.22110552763819097,2.550808592908934
flywire_783_mb_left_kc512_s702,744,incoming_l1,role_shuffled,permuted_bptt,44,2.544490600537048,0.21608040201005024,2.544490600537048
flywire_783_mb_left_kc512_s702,744,incoming_l1,role_shuffled,permuted_bptt,45,2.538349343755136,0.21608040201005024,2.538349343755136
flywire_783_mb_left_kc512_s702,744,incoming_l1,role_shuffled,permuted_bptt,46,2.532470906159301,0.21105527638190955,2.532470906159301
flywire_783_mb_left_kc512_s702,744,incoming_l1,role_shuffled,permuted_bptt,47,2.5265701994685976,0.20603015075376885,2.5265701994685976
flywire_783_mb_left_kc512_s702,744,incoming_l1,role_shuffled,permuted_bptt,48,2.5209079327383757,0.20603015075376885,2.5209079327383757
flywire_783_mb_left_kc512_s702,744,incoming_l1,role_shuffled,permuted_bptt,49,2.5153210060092075,0.20603015075376885,2.5153210060092075
flywire_783_mb_left_kc512_s702,744,incoming_l1,role_shuffled,permuted_bptt,50,2.509825097092761,0.20100502512562815,2.509825097092761
flywire_783_mb_left_kc512_s702,744,incoming_l1,role_shuffled,permuted_bptt,51,2.504555137291313,0.20100502512562815,2.504555137291313
flywire_783_mb_left_kc512_s702,744,incoming_l1,role_shuffled,permuted_bptt,52,2.4993152805274317,0.20100502512562815,2.4993152805274317
flywire_783_mb_left_kc512_s702,744,incoming_l1,role_shuffled,permuted_bptt,53,2.494258033656643,0.20100502512562815,2.494258033656643
flywire_783_mb_left_kc512_s702,744,incoming_l1,role_shuffled,permuted_bptt,54,2.489305016227694,0.20100502512562815,2.489305016227694
flywire_783_mb_left_kc512_s702,744,incoming_l1,role_shuffled,permuted_bptt,55,2.4844438343287862,0.20603015075376885,2.4844438343287862
flywire_783_mb_left_kc512_s702,744,incoming_l1,role_shuffled,permuted_bptt,56,2.47975509317384,0.20603015075376885,2.47975509317384
flywire_783_mb_left_kc512_s702,744,incoming_l1,role_shuffled,permuted_bptt,57,2.47511175404529,0.21608040201005024,2.47511175404529
flywire_783_mb_left_kc512_s702,744,incoming_l1,role_shuffled,permuted_bptt,58,2.4706165052418125,0.21608040201005024,2.4706165052418125
flywire_783_mb_left_kc512_s702,744,incoming_l1,role_shuffled,permuted_bptt,59,2.4662104416670103,0.21608040201005024,2.4662104416670103
flywire_783_mb_left_kc512_s702,744,incoming_l1,role_shuffled,permuted_bptt,60,2.4618883421665387,0.21105527638190955,2.4618883421665387
flywire_783_mb_left_kc512_s702,744,incoming_l1,role_shuffled,permuted_bptt,61,2.457676634511939,0.20603015075376885,2.457676634511939
flywire_783_mb_left_kc512_s702,744,incoming_l1,role_shuffled,permuted_bptt,62,2.4535065680170987,0.20603015075376885,2.4535065680170987
flywire_783_mb_left_kc512_s702,744,incoming_l1,role_shuffled,permuted_bptt,63,2.4494478006977185,0.20603015075376885,2.4494478006977185
flywire_783_mb_left_kc512_s702,744,incoming_l1,role_shuffled,permuted_bptt,64,2.445444125782945,0.20603015075376885,2.445444125782945
flywire_783_mb_left_kc512_s702,744,incoming_l1,role_shuffled,permuted_bptt,65,2.4415151046227295,0.20603015075376885,2.4415151046227295
flywire_783_mb_left_kc512_s702,744,incoming_l1,role_shuffled,permuted_bptt,66,2.4376544671137212,0.20603015075376885,2.4376544671137212
flywire_783_mb_left_kc512_s702,744,incoming_l1,role_shuffled,permuted_bptt,67,2.4338381099190363,0.21105527638190955,2.4338381099190363
flywire_783_mb_left_kc512_s702,744,incoming_l1,role_shuffled,permuted_bptt,68,2.4301051521850194,0.21105527638190955,2.4301051521850194
flywire_783_mb_left_kc512_s702,744,incoming_l1,role_shuffled,permuted_bptt,69,2.426420580272829,0.20603015075376885,2.426420580272829
flywire_783_mb_left_kc512_s702,744,incoming_l1,role_shuffled,permuted_bptt,70,2.4228121602373167,0.20603015075376885,2.4228121602373167
flywire_783_mb_left_kc512_s702,744,incoming_l1,role_shuffled,permuted_bptt,71,2.419250418210471,0.20100502512562815,2.419250418210471
flywire_783_mb_left_kc512_s702,744,incoming_l1,role_shuffled,permuted_bptt,72,2.4157440270397204,0.20100502512562815,2.4157440270397204
flywire_783_mb_left_kc512_s702,744,incoming_l1,role_shuffled,permuted_bptt,73,2.412299942823158,0.19597989949748743,2.412299942823158
flywire_783_mb_left_kc512_s702,744,incoming_l1,role_shuffled,permuted_bptt,74,2.4089045985070863,0.19095477386934673,2.4089045985070863
flywire_783_mb_left_kc512_s702,744,incoming_l1,role_shuffled,permuted_bptt,75,2.405569151130851,0.19095477386934673,2.405569151130851
flywire_783_mb_left_kc512_s702,744,incoming_l1,role_shuffled,permuted_bptt,76,2.402270566597643,0.19095477386934673,2.402270566597643
flywire_783_mb_left_kc512_s702,744,incoming_l1,role_shuffled,permuted_bptt,77,2.3990261087167135,0.19095477386934673,2.3990261087167135
flywire_783_mb_left_kc512_s702,744,incoming_l1,role_shuffled,permuted_bptt,78,2.39582267763682,0.19095477386934673,2.39582267763682
flywire_783_mb_left_kc512_s702,744,incoming_l1,role_shuffled,permuted_bptt,79,2.392667223719811,0.19095477386934673,2.392667223719811
flywire_783_mb_left_kc512_s702,744,incoming_l1,role_shuffled,permuted_bptt,80,2.389553407396276,0.19095477386934673,2.389553407396276
flywire_783_mb_left_kc512_s702,744,incoming_l1,role_shuffled,permuted_bptt,81,2.3864783084381944,0.19095477386934673,2.3864783084381944
flywire_783_mb_left_kc512_s702,744,incoming_l1,role_shuffled,permuted_bptt,82,2.3834465091359798,0.19095477386934673,2.3834465091359798
flywire_783_mb_left_kc512_s702,744,incoming_l1,role_shuffled,permuted_bptt,83,2.3804513702187857,0.19095477386934673,2.3804513702187857
flywire_783_mb_left_kc512_s702,744,incoming_l1,role_shuffled,permuted_bptt,84,2.3774991608112823,0.19095477386934673,2.3774991608112823
flywire_783_mb_left_kc512_s702,744,incoming_l1,role_shuffled,permuted_bptt,85,2.374579710106003,0.19095477386934673,2.374579710106003
flywire_783_mb_left_kc512_s702,744,incoming_l1,role_shuffled,permuted_bptt,86,2.37169917875622,0.19095477386934673,2.37169917875622
flywire_783_mb_left_kc512_s702,744,incoming_l1,role_shuffled,permuted_bptt,87,2.368851480345295,0.19095477386934673,2.368851480345295
flywire_783_mb_left_kc512_s702,744,incoming_l1,role_shuffled,permuted_bptt,88,2.3660401855252196,0.19095477386934673,2.3660401855252196
flywire_783_mb_left_kc512_s702,744,incoming_l1,role_shuffled,permuted_bptt,89,2.3632609779062186,0.19095477386934673,2.3632609779062186
flywire_783_mb_left_kc512_s702,744,incoming_l1,role_shuffled,permuted_bptt,90,2.3605141102556306,0.19095477386934673,2.3605141102556306
flywire_783_mb_left_kc512_s702,744,incoming_l1,role_shuffled,permuted_bptt,91,2.3577989164373494,0.19095477386934673,2.3577989164373494
flywire_783_mb_left_kc512_s702,744,incoming_l1,role_shuffled,permuted_bptt,92,2.35511389129521,0.19095477386934673,2.35511389129521
flywire_783_mb_left_kc512_s702,744,incoming_l1,role_shuffled,permuted_bptt,93,2.3524601491048776,0.19095477386934673,2.3524601491048776
flywire_783_mb_left_kc512_s702,744,incoming_l1,role_shuffled,permuted_bptt,94,2.3498350022316417,0.19597989949748743,2.3498350022316417
flywire_783_mb_left_kc512_s702,744,incoming_l1,role_shuffled,permuted_bptt,95,2.3472400822515076,0.19597989949748743,2.3472400822515076
flywire_783_mb_left_kc512_s702,744,incoming_l1,role_shuffled,permuted_bptt,96,2.3446721789034726,0.19597989949748743,2.3446721789034726
flywire_783_mb_left_kc512_s702,744,incoming_l1,role_shuffled,permuted_bptt,97,2.3421331237172414,0.19597989949748743,2.3421331237172414
flywire_783_mb_left_kc512_s702,744,incoming_l1,role_shuffled,permuted_bptt,98,2.3396201031934662,0.19597989949748743,2.3396201031934662
flywire_783_mb_left_kc512_s702,744,incoming_l1,role_shuffled,permuted_bptt,99,2.337134377675498,0.19597989949748743,2.337134377675498
flywire_783_mb_left_kc512_s702,744,incoming_l1,role_shuffled,permuted_bptt,100,2.3346736494030966,0.19597989949748743,2.3346736494030966
