cohort,seed,circuit_seed,level,kind,strength,mode,artifact,reused_clean,pi_memory_score,exact_prefix_bits,first_error_position,accuracy,prefix32,censored,effective_rank,active_neurons_mean,activity_sparsity,mbon_mean_abs,mbon_sparsity,temporal_cosine,standardized_clean_mse,mean_target_probability,mean_confidence,clipped_coordinates,accuracy_1_32,accuracy_33_64,accuracy_65_128,accuracy_129_197,runtime_seconds,clean_prefix,uncapped_retention,retention
discovery,7142,701,legacy5,pulse,1e-06,autonomous,pulse_0_autonomous.npz,False,35,116.26748332105768,36,0.2639593908629442,True,False,15.487757433833842,648.8578680203045,0.0541430495330838,0.0129367091982064,0.0,0.9717969053784372,3.228552958369305e-09,0.2615060768931805,0.8210883845547762,0,1.0,0.15625,0.15625,0.072463768115942,0.0419257999999445,35,1.0,1.0
discovery,7142,701,legacy5,pulse,0.0001,autonomous,pulse_1_autonomous.npz,False,35,116.26748332105768,36,0.2639593908629442,True,False,15.490900789104543,649.8375634517766,0.0527149220819582,0.0129368256211336,0.0,0.97179898444873,3.228552927449219e-05,0.2614237351595327,0.8210060426068201,0,1.0,0.15625,0.15625,0.072463768115942,0.0496350999999322,35,1.0,1.0
discovery,7142,701,legacy5,pulse,0.001,autonomous,pulse_2_autonomous.npz,False,1,3.321928094887362,2,0.0812182741116751,False,False,15.183234480639738,650.3096446700507,0.0520267570407424,0.0128141739593947,0.0,0.9714180733005662,1.853253887143284,0.0884998336493737,0.7856349078289224,0,0.0625,0.0625,0.0625,0.1159420289855072,0.0457091999999192,35,0.02857142857142857,0.02857142857142857
discovery,7142,701,legacy5,ongoing,1e-06,autonomous,ongoing_0_autonomous.npz,False,35,116.26748332105768,36,0.2639593908629442,True,False,15.594192016996647,685.730964467005,0.0003921800772521,0.0127044625402096,0.0,0.9717291146146244,1.477366962164553,0.2610527243989001,0.8087174211796984,0,1.0,0.15625,0.078125,0.144927536231884,0.455955700000004,35,1.0,1.0
discovery,7142,701,legacy5,ongoing,0.0001,autonomous,ongoing_1_autonomous.npz,False,3,9.965784284662089,4,0.065989847715736,False,False,15.781562235735128,686.0,0.0,0.0130119499969449,0.0,0.9719224044701038,1.9227795211371703,0.0665119175393115,0.8084542110895107,0,0.21875,0.0,0.09375,0.0,0.4640574000000015,35,0.08571428571428572,0.08571428571428572
discovery,7142,701,legacy5,ongoing,0.001,autonomous,ongoing_2_autonomous.npz,False,1,3.321928094887362,2,0.1015228426395939,False,False,27.21304721561775,686.0,0.0,0.0129422343704808,0.0,0.968756701308186,2.407634407488832,0.1055712723805255,0.7942437409182068,0,0.09375,0.125,0.140625,0.0579710144927536,0.4531117999999878,35,0.02857142857142857,0.02857142857142857
discovery,7142,701,legacy5,edge_dropout,0.001,autonomous,edge_dropout_0_autonomous.npz,False,35,116.26748332105768,36,0.2538071065989847,True,False,15.386461577396204,647.9390862944163,0.05548238149502,0.012777964468873,0.0002115059221658,0.9710690984334432,1.4625074852722864,0.2508384580875592,0.8314452485640514,0,1.0,0.125,0.046875,0.1594202898550724,0.0338306999999531,35,1.0,1.0
discovery,7142,701,legacy5,edge_dropout,0.005,autonomous,edge_dropout_1_autonomous.npz,False,1,3.321928094887362,2,0.0964467005076142,False,False,5.428362287204148,644.9340101522843,0.0598629589616848,0.0128939435460986,0.0002115059221658,0.9715196934065312,1.8551990655027184,0.1013592754229996,0.8958168867504608,0,0.09375,0.125,0.078125,0.1014492753623188,0.0393248999998832,35,0.02857142857142857,0.02857142857142857
discovery,7142,701,legacy5,edge_dropout,0.01,autonomous,edge_dropout_2_autonomous.npz,False,2,6.643856189774724,3,0.116751269035533,False,False,14.473435219525586,641.9289340101523,0.0642435364283494,0.0120575174633826,0.0002115059221658,0.9724678902645209,2.0548157448297424,0.1159780703050827,0.8522176883539596,0,0.15625,0.15625,0.078125,0.1159420289855072,0.031349099999943,35,0.05714285714285714,0.05714285714285714
discovery,7142,701,legacy5,neuron_dropout,0.001,autonomous,neuron_dropout_0_autonomous.npz,False,35,116.26748332105768,36,0.2639593908629442,True,False,15.487744794398608,647.9390862944163,0.05548238149502,0.0129367080222106,0.0002115059221658,0.971796883944972,0.0,0.2615063511735074,0.8210886588372668,0,1.0,0.15625,0.15625,0.072463768115942,0.0396407000000635,35,1.0,1.0
discovery,7142,701,legacy5,neuron_dropout,0.005,autonomous,neuron_dropout_1_autonomous.npz,False,8,26.575424759098897,9,0.1370558375634517,False,False,14.406579135709976,645.9390862944163,0.0583978333900637,0.0130017112198725,0.0002115059221658,0.9721209957978008,1.7651125971591222,0.143701150351285,0.83604530160022,0,0.3125,0.15625,0.0625,0.1159420289855072,0.0448407000001225,35,0.22857142857142856,0.22857142857142856
discovery,7142,701,legacy5,neuron_dropout,0.01,autonomous,neuron_dropout_2_autonomous.npz,False,8,26.575424759098897,9,0.1269035532994923,False,False,15.399116249624194,643.9390862944163,0.0613132852851074,0.0127745440833508,0.0002115059221658,0.9713946893655208,1.8326738588909823,0.1193548261665789,0.798377328483261,0,0.28125,0.0625,0.09375,0.1159420289855072,0.0451196999999865,35,0.22857142857142856,0.22857142857142856
discovery,7142,701,legacy5,weight_noise,0.001,autonomous,weight_noise_0_autonomous.npz,False,35,116.26748332105768,36,0.2639593908629442,True,False,15.42320663487096,647.9390862944163,0.05548238149502,0.0128640217872284,0.0002115059221658,0.9715084114484994,1.3447367896991853,0.254695935960444,0.8120597390097163,0,1.0,0.21875,0.109375,0.0869565217391304,0.0349366999998892,35,1.0,1.0
discovery,7142,701,legacy5,weight_noise,0.01,autonomous,weight_noise_1_autonomous.npz,False,3,9.965784284662089,4,0.1065989847715736,False,False,14.926935886588696,647.9390862944163,0.05548238149502,0.0127220051277548,0.0002115059221658,0.970840272892854,1.8210424011026511,0.119458674040349,0.7797284501613468,0,0.125,0.15625,0.0625,0.1159420289855072,0.0419051999999737,35,0.08571428571428572,0.08571428571428572
discovery,7142,701,legacy5,weight_noise,0.05,autonomous,weight_noise_2_autonomous.npz,False,3,9.965784284662089,4,0.1116751269035533,False,False,15.203692344073293,647.9390862944163,0.05548238149502,0.0126581040184862,0.0002115059221658,0.971697319142874,1.8426591609991976,0.0944206414301476,0.7997348941261795,0,0.09375,0.09375,0.15625,0.0869565217391304,0.0453084000000671,35,0.08571428571428572,0.08571428571428572
discovery,7142,701,brain5,pulse,1e-06,autonomous,pulse_0_autonomous.npz,False,34,112.94555522617031,35,0.2538071065989847,True,False,8.343792538774487,87981.25888324874,0.3653931513986055,0.0025219573137518,0.0,0.9833223546710822,4.992157243207585e-06,0.2396912636942443,0.7148506635471131,0,1.0,0.15625,0.03125,0.1594202898550724,3.6391625000001113,34,1.0,1.0
discovery,7142,701,brain5,pulse,0.0001,autonomous,pulse_1_autonomous.npz,False,0,0.0,1,0.1319796954314721,False,False,9.491333297899816,90296.63451776648,0.348692398836067,0.0024182646971454,0.0,0.980890214256252,1.600443504673215,0.1340183901658051,0.752308953876304,0,0.0625,0.125,0.140625,0.1594202898550724,3.765833300000168,34,0.0,0.0
discovery,7142,701,brain5,pulse,0.001,autonomous,pulse_2_autonomous.npz,False,0,0.0,1,0.1015228426395939,False,False,9.36223024375076,91803.9847715736,0.3378199152361629,0.0024795987159917,0.0,0.9823082625454012,6.555587811670158,0.1198901346786235,0.7205574933835069,0,0.09375,0.0625,0.109375,0.1159420289855072,3.274202900000091,34,0.0,0.0
discovery,7142,701,brain5,ongoing,1e-06,autonomous,ongoing_0_autonomous.npz,False,19,63.11663380285988,20,0.1928934010152284,False,False,10.076170525037991,137813.9187817259,0.0059512923367458,0.0023070300557743,0.0,0.9779505407638556,2.029855631133394,0.1848137566147823,0.8225144671228908,0,0.65625,0.125,0.09375,0.1014492753623188,4.614487199999985,34,0.5588235294117647,0.5588235294117647
discovery,7142,701,brain5,ongoing,0.0001,autonomous,ongoing_1_autonomous.npz,False,0,0.0,1,0.1065989847715736,False,False,17.918648590128473,138629.58883248732,6.788254035783314e-05,0.0022884570082487,0.0,0.9844376110193368,12.04924453811194,0.1197638142418517,0.8726504419876688,0,0.09375,0.0625,0.140625,0.1014492753623188,4.402896399999918,34,0.0,0.0
discovery,7142,701,brain5,ongoing,0.001,autonomous,ongoing_2_autonomous.npz,False,0,0.0,1,0.0964467005076142,False,False,42.433857624109066,138637.97969543148,7.359433986997565e-06,0.0026478765957267,0.0002115059221658,0.9330704930911304,958.098670987722,0.100146743964802,0.8802600759022285,0,0.09375,0.0625,0.09375,0.1159420289855072,4.515796799999862,34,0.0,0.0
discovery,7142,701,brain5,edge_dropout,0.001,autonomous,edge_dropout_0_autonomous.npz,False,34,112.94555522617031,35,0.2538071065989847,True,False,8.343530047417541,84983.13705583756,0.3870185369496494,0.0025235616340976,0.0,0.9833399342749696,0.000174148787527,0.2394642005694343,0.7141367759340479,0,1.0,0.15625,0.03125,0.1594202898550724,3.585600099999965,34,1.0,1.0
discovery,7142,701,brain5,edge_dropout,0.005,autonomous,edge_dropout_1_autonomous.npz,False,0,0.0,1,0.1065989847715736,False,False,10.162101932054853,84271.76649746193,0.3921496368448854,0.0022819426189282,0.0,0.9783906370647306,2.2682819021700915,0.1074758785676675,0.7980083768109246,0,0.09375,0.0625,0.125,0.1159420289855072,3.610659299999952,34,0.0,0.0
discovery,7142,701,brain5,edge_dropout,0.01,autonomous,edge_dropout_2_autonomous.npz,False,0,0.0,1,0.0406091370558375,False,False,9.766262443631382,82463.86802030457,0.4051899680443124,0.0022367954427655,0.0,0.9779300586202624,2.2343477259277003,0.0503625102094783,0.7963685734824449,0,0.03125,0.03125,0.03125,0.0579710144927536,3.576541700000007,34,0.0,0.0
discovery,7142,701,brain5,neuron_dropout,0.001,autonomous,neuron_dropout_0_autonomous.npz,False,34,112.94555522617031,35,0.2538071065989847,True,False,8.343670035056443,84907.05076142131,0.387567345686125,0.0025220314371876,0.0,0.9833233887979872,3.397155400864944e-07,0.2397589457729524,0.7147133999579169,0,1.0,0.15625,0.03125,0.1594202898550724,3.433354300000019,34,1.0,1.0
discovery,7142,701,brain5,neuron_dropout,0.005,autonomous,neuron_dropout_1_autonomous.npz,False,6,19.93156856932417,7,0.1065989847715736,False,False,9.12404460052143,86127.27411167513,0.3787659020068298,0.0023078225654418,0.0,0.9772663092240452,1.992186073924964,0.1033806987715856,0.8468932771080627,0,0.28125,0.09375,0.0625,0.072463768115942,3.2956689000000097,34,0.17647058823529413,0.17647058823529413
discovery,7142,701,brain5,neuron_dropout,0.01,autonomous,neuron_dropout_2_autonomous.npz,False,6,19.93156856932417,7,0.1015228426395939,False,False,4.600978445463113,76893.07614213198,0.4453719650161067,0.0021990996814081,0.0,0.998437553406102,5.93681838564681,0.104165708145857,0.9759909266113114,0,0.25,0.03125,0.140625,0.0289855072463768,3.403233599999794,34,0.17647058823529413,0.17647058823529413
discovery,7142,701,brain5,weight_noise,0.001,autonomous,weight_noise_0_autonomous.npz,False,34,112.94555522617031,35,0.2538071065989847,True,False,8.340631525031723,84988.37563451777,0.3869807511990294,0.0025223686716303,0.0,0.9833174753651251,3.3624625921873273e-05,0.239306120437674,0.7231372142030604,0,1.0,0.15625,0.03125,0.1594202898550724,3.3642222999999376,34,1.0,1.0
discovery,7142,701,brain5,weight_noise,0.01,autonomous,weight_noise_1_autonomous.npz,False,4,13.287712379549449,5,0.1065989847715736,False,False,9.714292468468669,86181.91370558375,0.3783717878404796,0.0023079615420972,0.0,0.977331772027759,2.1508603716387364,0.1062143677045066,0.7761712292582365,0,0.125,0.09375,0.109375,0.1014492753623188,3.433746599999949,34,0.11764705882352941,0.11764705882352941
discovery,7142,701,brain5,weight_noise,0.05,autonomous,weight_noise_2_autonomous.npz,False,1,3.321928094887362,2,0.1116751269035533,False,False,7.162236752249261,86993.86802030457,0.3725151795648802,0.0023490798477787,0.0,0.9761273585009274,2.0543023410036536,0.1069887077810657,0.8380145238288924,0,0.21875,0.03125,0.125,0.0869565217391304,3.2471742000000177,34,0.029411764705882353,0.029411764705882353
discovery,7142,701,brain1,pulse,1e-06,autonomous,pulse_0_autonomous.npz,False,36,119.58941141594504,37,0.2538071065989847,True,False,10.890287256135869,114665.5076142132,0.1729202633154221,0.0058779477598781,0.0,0.9969925531326518,1.701942386541883e-06,0.2410113417355368,0.7967214015959733,0,1.0,0.21875,0.09375,0.072463768115942,8.510078799999974,36,1.0,1.0
discovery,7142,701,brain1,pulse,0.0001,autonomous,pulse_1_autonomous.npz,False,0,0.0,1,0.1065989847715736,False,False,11.028306559262877,116261.92893401015,0.16140531211268,0.0058650998795152,0.0,0.9969394678850412,1.3755891442041854,0.1111122194905221,0.792398815352792,0,0.21875,0.09375,0.09375,0.072463768115942,8.97607640000001,36,0.0,0.0
discovery,7142,701,brain1,pulse,0.001,autonomous,pulse_2_autonomous.npz,False,0,0.0,1,0.1015228426395939,False,False,11.105578504204503,116602.51776649746,0.1589486524967904,0.0058606228442829,0.0,0.9969158068396978,3.2165958848449034,0.1059304326542558,0.777057959797502,0,0.125,0.03125,0.078125,0.144927536231884,8.740467299999864,36,0.0,0.0
discovery,7142,701,brain1,ongoing,1e-06,autonomous,ongoing_0_autonomous.npz,False,13,43.18506523353571,14,0.1776649746192893,False,False,11.098135611882714,137836.37563451775,0.0057893115608324,0.0058537405076142,0.0,0.9969347769018716,1.4140616754131017,0.1737805784244696,0.8282258843140989,0,0.5,0.1875,0.125,0.072463768115942,9.640737700000043,36,0.3611111111111111,0.3611111111111111
discovery,7142,701,brain1,ongoing,0.0001,autonomous,ongoing_1_autonomous.npz,False,0,0.0,1,0.0964467005076142,False,False,18.41549002581889,138629.3045685279,6.993292992663047e-05,0.0058229889805087,0.0,0.9968268130687256,4.562408299120886,0.0950269585713921,0.7745363481369768,0,0.125,0.125,0.09375,0.072463768115942,8.915246799999977,36,0.0,0.0
discovery,7142,701,brain1,ongoing,0.001,autonomous,ongoing_2_autonomous.npz,False,0,0.0,1,0.1573604060913705,False,False,41.421920002037375,138638.03045685278,6.993292992696354e-06,0.0059659026805154,0.0,0.983432883907102,278.622024056282,0.1357781304585164,0.7762143710779273,0,0.1875,0.0625,0.140625,0.2028985507246377,9.333800399999973,36,0.0,0.0
discovery,7142,701,brain1,edge_dropout,0.001,autonomous,edge_dropout_0_autonomous.npz,False,19,63.11663380285988,20,0.182741116751269,False,False,10.168963549230156,113665.86294416244,0.18013067791774,0.0057846805087858,0.0,0.997173482612578,1.0609669088710996,0.1655102045029327,0.7840511965977648,0,0.625,0.125,0.078125,0.1014492753623188,8.405103800000006,36,0.5277777777777778,0.5277777777777778
discovery,7142,701,brain1,edge_dropout,0.005,autonomous,edge_dropout_1_autonomous.npz,False,5,16.609640474436812,6,0.1421319796954314,False,False,10.995010083145797,113189.70558375634,0.1835651902873193,0.0058450826484593,0.0,0.9969631124638568,1.5668721974809166,0.1275347946024124,0.7898028650931512,0,0.28125,0.03125,0.15625,0.1159420289855072,8.456977600000073,36,0.1388888888888889,0.1388888888888889
discovery,7142,701,brain1,edge_dropout,0.01,autonomous,edge_dropout_2_autonomous.npz,False,1,3.321928094887362,2,0.0812182741116751,False,False,11.06875431178477,111126.2081218274,0.198449151235746,0.0057821281252594,0.0,0.9970161410995346,1.4148872749195434,0.0924095592139292,0.7622801449583946,0,0.03125,0.03125,0.078125,0.1304347826086956,8.380392999999913,36,0.027777777777777776,0.027777777777777776
discovery,7142,701,brain1,neuron_dropout,0.001,autonomous,neuron_dropout_0_autonomous.npz,False,36,119.58941141594504,37,0.2893401015228426,True,False,11.038975113086924,112444.7461928934,0.1889385656785362,0.0058900114331073,0.0,0.9970243204477788,1.0683852559193303,0.2733533840492876,0.8080373703983449,0,1.0,0.25,0.09375,0.1594202898550724,8.45314170000006,36,1.0,1.0
discovery,7142,701,brain1,neuron_dropout,0.005,autonomous,neuron_dropout_1_autonomous.npz,False,4,13.287712379549449,5,0.1370558375634517,False,False,10.429800789922709,112966.0609137056,0.185178334280357,0.005885025490601,0.0,0.9969675785440582,1.554663413504826,0.1292959437053777,0.7736344203484817,0,0.25,0.125,0.078125,0.144927536231884,8.518327200000158,36,0.1111111111111111,0.1111111111111111
discovery,7142,701,brain1,neuron_dropout,0.01,autonomous,neuron_dropout_2_autonomous.npz,False,4,13.287712379549449,5,0.1218274111675127,False,False,10.217597961938855,112722.5076142132,0.1869350787713904,0.0058454994036191,0.0,0.9969126911799218,1.2375303374015918,0.1185722493049104,0.7520101762481056,0,0.21875,0.0625,0.0625,0.1594202898550724,9.378223799999889,36,0.1111111111111111,0.1111111111111111
discovery,7142,701,brain1,weight_noise,0.001,autonomous,weight_noise_0_autonomous.npz,False,36,119.58941141594504,37,0.2436548223350254,True,False,10.956903448825525,112886.730964467,0.1857505394263735,0.0058747077181696,0.0,0.9969194012103632,1.2618433729860716,0.2364259565009186,0.8013249362808086,0,1.0,0.25,0.046875,0.072463768115942,9.471157900000208,36,1.0,1.0
discovery,7142,701,brain1,weight_noise,0.01,autonomous,weight_noise_1_autonomous.npz,False,36,119.58941141594504,37,0.2436548223350254,True,False,10.642331600202716,111580.5532994924,0.1951719696514516,0.0058032343678846,0.0,0.9970968452639924,1.358492335305163,0.2327344599381161,0.8184101988335426,0,1.0,0.15625,0.078125,0.0869565217391304,8.921289200000047,36,1.0,1.0
discovery,7142,701,brain1,weight_noise,0.05,autonomous,weight_noise_2_autonomous.npz,False,11,36.541209043760986,12,0.1624365482233502,False,False,10.326298377479167,114661.0,0.1729527766357229,0.0059636470841142,0.0,0.99692476443157,1.4322186039582248,0.1520914026605381,0.7918967823246721,0,0.375,0.09375,0.125,0.1304347826086956,8.890282200000001,36,0.3055555555555556,0.3055555555555556
discovery,7142,702,legacy5,pulse,1e-06,autonomous,pulse_0_autonomous.npz,False,38,126.23326760571976,39,0.2791878172588832,True,False,14.996836744184646,646.9441624365483,0.0569327078184427,0.0119203630282535,0.0,0.9681225029279368,1.9573195923975553e-09,0.2601486087439267,0.7797669616900078,0,1.0,0.28125,0.109375,0.1014492753623188,0.015289500000108,38,1.0,1.0
discovery,7142,702,legacy5,pulse,0.0001,autonomous,pulse_1_autonomous.npz,False,38,126.23326760571976,39,0.2791878172588832,True,False,14.998860043050884,647.9644670050761,0.0554453833745245,0.0119200015585414,0.0,0.9681200365541182,1.9573200643059903e-05,0.2591083405813218,0.7787266935710462,0,1.0,0.28125,0.109375,0.1014492753623188,0.015903999999864,38,1.0,1.0
discovery,7142,702,legacy5,pulse,0.001,autonomous,pulse_2_autonomous.npz,False,0,0.0,1,0.0710659898477157,False,False,14.938940257518023,648.4517766497462,0.0547350194610113,0.0119261005651538,0.0,0.9682683155284514,1.6730909632438238,0.0765208197942021,0.7671193342174915,0,0.09375,0.0,0.15625,0.0144927536231884,0.0156982999999399,38,0.0,0.0
discovery,7142,702,legacy5,ongoing,1e-06,autonomous,ongoing_0_autonomous.npz,False,38,126.23326760571976,39,0.2639593908629442,True,False,15.154315585610178,685.6903553299493,0.0004513770700447,0.0119887011142625,0.0,0.9670065581888372,1.171658993045295,0.2436821164403467,0.7911922121737686,0,1.0,0.28125,0.0625,0.1014492753623188,0.3674050000001898,38,1.0,1.0
discovery,7142,702,legacy5,ongoing,0.0001,autonomous,ongoing_1_autonomous.npz,False,2,6.643856189774724,3,0.1675126903553299,False,False,15.738970890918734,685.994923857868,7.399624099124757e-06,0.0122357551482422,0.0,0.9673987583996724,1.845222075014796,0.1479599195098268,0.8029275786785735,0,0.15625,0.21875,0.171875,0.144927536231884,0.4822297000000617,38,0.05263157894736842,0.05263157894736842
discovery,7142,702,legacy5,ongoing,0.001,autonomous,ongoing_2_autonomous.npz,False,0,0.0,1,0.0913705583756345,False,False,27.05686084081848,686.0,0.0,0.0120290748225208,0.0,0.9671428443282474,2.5189410574037674,0.0849326567792891,0.7979596838797638,0,0.0625,0.15625,0.078125,0.0869565217391304,0.4697481000000607,38,0.0,0.0
discovery,7142,702,legacy5,edge_dropout,0.001,autonomous,edge_dropout_0_autonomous.npz,False,24,79.7262742772967,25,0.2131979695431472,False,False,14.585002235957267,645.9543147208121,0.0583756345177666,0.0117652135306048,0.0002115059221658,0.9672606197018132,1.546289197182132,0.196562362253247,0.787371206165596,0,0.8125,0.125,0.078125,0.1014492753623188,0.0512797999999747,38,0.631578947368421,0.631578947368421
discovery,7142,702,legacy5,edge_dropout,0.005,autonomous,edge_dropout_1_autonomous.npz,False,3,9.965784284662089,4,0.1218274111675127,False,False,15.640684085003256,644.9441624365483,0.0598481597134865,0.0117119122779977,0.0002115059221658,0.9711709519767168,1.9897503125491176,0.1259847871471692,0.7852419989093542,0,0.15625,0.1875,0.078125,0.1159420289855072,0.033171399999901,38,0.07894736842105263,0.07894736842105263
discovery,7142,702,legacy5,edge_dropout,0.01,autonomous,edge_dropout_2_autonomous.npz,False,3,9.965784284662089,4,0.1472081218274111,False,False,15.049206019802474,644.8934010152284,0.0599221559544775,0.0116574964761205,0.0002115059221658,0.9711131470653782,1.972318530567418,0.1203224816968649,0.749746116466724,0,0.21875,0.1875,0.125,0.1159420289855072,0.0447772999998505,38,0.07894736842105263,0.07894736842105263
discovery,7142,702,legacy5,neuron_dropout,0.001,autonomous,neuron_dropout_0_autonomous.npz,False,38,126.23326760571976,39,0.2791878172588832,True,False,14.996826759846272,645.9543147208121,0.0583756345177666,0.0119203667108412,0.0002115059221658,0.968122527268553,0.0,0.2601482479653783,0.7797666009110183,0,1.0,0.28125,0.109375,0.1014492753623188,0.0480772000000797,38,1.0,1.0
discovery,7142,702,legacy5,neuron_dropout,0.005,autonomous,neuron_dropout_1_autonomous.npz,False,32,106.3016990363956,33,0.233502538071066,True,False,14.648336006382156,644.9543147208121,0.0598333604652884,0.0119564508470353,0.0002115059221658,0.9664941188909004,1.3520214157269228,0.2291874121491374,0.7870414445588536,0,1.0,0.03125,0.0625,0.1304347826086956,0.0508235999998305,38,0.8421052631578947,0.8421052631578947
discovery,7142,702,legacy5,neuron_dropout,0.01,autonomous,neuron_dropout_2_autonomous.npz,False,7,23.253496664211536,8,0.116751269035533,False,False,14.67002825127249,640.9543147208121,0.0656642642553758,0.0120392520585447,0.0002115059221658,0.9670451909669548,1.9620053882391024,0.1060062104711387,0.8133530968777728,0,0.25,0.15625,0.09375,0.0579710144927536,0.0382587999999941,38,0.18421052631578946,0.18421052631578946
discovery,7142,702,legacy5,weight_noise,0.001,autonomous,weight_noise_0_autonomous.npz,False,38,126.23326760571976,39,0.2538071065989847,True,False,13.140324186010226,645.9543147208121,0.0583756345177666,0.0123542099444945,0.0002115059221658,0.967859983084467,1.5102269043651522,0.2394431823483506,0.7976921182288255,0,1.0,0.28125,0.0625,0.072463768115942,0.0339652000000114,38,1.0,1.0
discovery,7142,702,legacy5,weight_noise,0.01,autonomous,weight_noise_1_autonomous.npz,False,8,26.575424759098897,9,0.1472081218274111,False,False,12.910372834768545,645.9543147208121,0.0583756345177666,0.0118983544135085,0.0002115059221658,0.967719681942096,1.441409996051095,0.1360715411422896,0.8049174296524435,0,0.34375,0.09375,0.125,0.1014492753623188,0.0447767999999086,38,0.21052631578947367,0.21052631578947367
discovery,7142,702,legacy5,weight_noise,0.05,autonomous,weight_noise_2_autonomous.npz,False,2,6.643856189774724,3,0.0964467005076142,False,False,14.584811307962251,645.9543147208121,0.0583756345177666,0.0120752331200197,0.0002115059221658,0.9693031170569938,2.045792503034142,0.0974785200471657,0.7547344690450135,0,0.125,0.0625,0.109375,0.0869565217391304,0.0258061000001816,38,0.05263157894736842,0.05263157894736842
discovery,7142,702,brain5,pulse,1e-06,autonomous,pulse_0_autonomous.npz,False,33,109.62362713128296,34,0.2284263959390862,True,False,10.201253321902248,79637.52284263959,0.4255763324703756,0.0021557994485775,0.0,0.9831651586852838,4.199453718141302e-06,0.231511720078639,0.8297665443684877,0,1.0,0.0625,0.109375,0.0579710144927536,3.3846975999999813,33,1.0,1.0
discovery,7142,702,brain5,pulse,0.0001,autonomous,pulse_1_autonomous.npz,False,0,0.0,1,0.1269035532994923,False,False,8.815929243922103,83375.58375634518,0.3986137828724588,0.0021503703252887,0.0,0.9801115668445192,1.8029162517464847,0.1247793181870803,0.7769241546560839,0,0.0625,0.125,0.15625,0.1304347826086956,3.499729000000116,33,0.0,0.0
discovery,7142,702,brain5,pulse,0.001,autonomous,pulse_2_autonomous.npz,False,0,0.0,1,0.1116751269035533,False,False,11.052151173764717,84041.17258883249,0.3938129055400537,0.0021408650444621,0.0001057529610829,0.9831491429230445,6.0539599436542,0.1008555455698046,0.800429884046186,0,0.125,0.125,0.109375,0.1014492753623188,3.3886155000000144,33,0.0,0.0
discovery,7142,702,brain5,ongoing,1e-06,autonomous,ongoing_0_autonomous.npz,False,2,6.643856189774724,3,0.1370558375634517,False,False,10.41974526007725,137810.51776649748,0.0059758237833692,0.0021641072912069,0.0003172588832487,0.9848079862636572,1.5977744250777792,0.1269249523678367,0.8040183457833558,0,0.125,0.1875,0.078125,0.1739130434782608,4.388762400000132,33,0.06060606060606061,0.06060606060606061
discovery,7142,702,brain5,ongoing,0.0001,autonomous,ongoing_1_autonomous.npz,False,0,0.0,1,0.1319796954314721,False,False,17.667540055317733,138629.65989847717,6.736994296574483e-05,0.0021778786519724,0.0,0.9828121407477034,12.132665297811068,0.1307673353073712,0.8569928421490733,0,0.125,0.09375,0.21875,0.072463768115942,4.539893299999903,33,0.0,0.0
discovery,7142,702,brain5,ongoing,0.001,autonomous,ongoing_2_autonomous.npz,False,0,0.0,1,0.1370558375634517,False,False,42.32211886334539,138638.2385786802,5.492114915739421e-06,0.0025286118234419,0.0,0.9259562248487164,1011.3675503444038,0.1337698637115764,0.8547079171332728,0,0.09375,0.09375,0.203125,0.1159420289855072,4.332298600000058,33,0.0,0.0
discovery,7142,702,brain5,edge_dropout,0.001,autonomous,edge_dropout_0_autonomous.npz,False,1,3.321928094887362,2,0.1065989847715736,False,False,10.558172722504654,76669.76649746193,0.4469826924785816,0.0021445829216279,0.0002115059221658,0.9844251017988632,1.915343127735072,0.1065225306100513,0.7633059060159585,0,0.15625,0.03125,0.125,0.1014492753623188,3.567551999999978,33,0.030303030303030304,0.030303030303030304
discovery,7142,702,brain5,edge_dropout,0.005,autonomous,edge_dropout_1_autonomous.npz,False,1,3.321928094887362,2,0.1015228426395939,False,False,10.059586320246051,76513.65482233503,0.4481087224926966,0.0021074554853038,0.0,0.9872409964027232,1.6131333095364493,0.1013344465972514,0.7870000948284892,0,0.125,0.09375,0.078125,0.1159420289855072,3.5009491000000708,33,0.030303030303030304,0.030303030303030304
discovery,7142,702,brain5,edge_dropout,0.01,autonomous,edge_dropout_2_autonomous.npz,False,0,0.0,1,0.0710659898477157,False,False,9.36379886177247,77297.84771573605,0.4424523567269235,0.0020990149279011,0.0001057529610829,0.9879889072918364,1.717526460333778,0.0752779041815009,0.847262434854473,0,0.03125,0.0625,0.09375,0.072463768115942,3.355795700000044,33,0.0,0.0
discovery,7142,702,brain5,neuron_dropout,0.001,autonomous,neuron_dropout_0_autonomous.npz,False,33,109.62362713128296,34,0.2284263959390862,True,False,10.201269584906926,76184.34517766497,0.4504840255796351,0.0021559140657837,0.0,0.9831662189207276,1.7788314287964634e-05,0.2307891619687098,0.8296396399286808,0,1.0,0.0625,0.109375,0.0579710144927536,3.393098999999893,33,1.0,1.0
discovery,7142,702,brain5,neuron_dropout,0.005,autonomous,neuron_dropout_1_autonomous.npz,False,33,109.62362713128296,34,0.2538071065989847,True,False,9.309460476664212,76090.78680203046,0.4511588600463762,0.0021922588521225,0.0001057529610829,0.983869938521212,1.1026347750513144,0.2501842836457074,0.8383934643402473,0,1.0,0.0625,0.171875,0.072463768115942,3.382782700000007,33,1.0,1.0
discovery,7142,702,brain5,neuron_dropout,0.01,autonomous,neuron_dropout_2_autonomous.npz,False,1,3.321928094887362,2,0.0964467005076142,False,False,6.562315581645836,75004.37563451777,0.4589951194503872,0.0022249452834778,0.0,0.9860910571571688,1.6254068798207668,0.0951558983094283,0.8271777905127088,0,0.1875,0.0625,0.125,0.0434782608695652,3.4181346000000303,33,0.030303030303030304,0.030303030303030304
discovery,7142,702,brain5,weight_noise,0.001,autonomous,weight_noise_0_autonomous.npz,False,33,109.62362713128296,34,0.2284263959390862,True,False,10.204131643174426,76493.57868020305,0.4482535312559738,0.0021555651161312,0.0,0.9831718481322402,1.0653763471412716e-05,0.2309292902292902,0.8289280774932029,0,1.0,0.0625,0.109375,0.0579710144927536,3.716157300000077,33,1.0,1.0
discovery,7142,702,brain5,weight_noise,0.01,autonomous,weight_noise_1_autonomous.npz,False,1,3.321928094887362,2,0.1065989847715736,False,False,10.323102041689202,76577.67512690356,0.447646945470585,0.0021728777940266,0.0,0.9836656741558292,1.7455293698434786,0.1100657915380793,0.7917378916170034,0,0.21875,0.03125,0.125,0.072463768115942,3.585625899999968,33,0.030303030303030304,0.030303030303030304
discovery,7142,702,brain5,weight_noise,0.05,autonomous,weight_noise_2_autonomous.npz,False,1,3.321928094887362,2,0.1116751269035533,False,False,10.601310840056254,76906.53299492385,0.4452749010384967,0.002124522333422,0.0,0.9870897574777268,1.80848636597502,0.1229788738982102,0.7545038655791693,0,0.09375,0.09375,0.109375,0.1304347826086956,3.56497760000002,33,0.030303030303030304,0.030303030303030304
discovery,7142,702,brain1,pulse,1e-06,autonomous,pulse_0_autonomous.npz,False,34,112.94555522617031,35,0.2690355329949238,True,False,10.168092487755542,110291.59390862944,0.2044692048512364,0.0057831027235032,0.0,0.9982236833686168,2.5988426855396444e-06,0.2631479621507346,0.7591685662617438,0,1.0,0.09375,0.203125,0.072463768115942,8.539501499999915,34,1.0,1.0
discovery,7142,702,brain1,pulse,0.0001,autonomous,pulse_1_autonomous.npz,False,0,0.0,1,0.1319796954314721,False,False,10.892513661728142,114402.16751269036,0.1748197295660647,0.0056368977028791,0.0,0.9973304784604544,1.7316550979439518,0.1248513511494166,0.763094956892409,0,0.21875,0.03125,0.09375,0.1739130434782608,8.120737199999894,34,0.0,0.0
discovery,7142,702,brain1,pulse,0.001,autonomous,pulse_2_autonomous.npz,False,0,0.0,1,0.0964467005076142,False,False,10.32781896191852,112313.02030456852,0.1898887015589514,0.005787473135054,0.0,0.9982461806595748,3.10743048665494,0.1000863599742343,0.7203579171380087,0,0.09375,0.09375,0.09375,0.1014492753623188,8.284374099999923,34,0.0,0.0
discovery,7142,702,brain1,ongoing,1e-06,autonomous,ongoing_0_autonomous.npz,False,34,112.94555522617031,35,0.233502538071066,True,False,11.272249785053688,137844.86294416245,0.0057280927865719,0.0056965995515366,0.0,0.997372214851194,1.2847924334147482,0.2261900741405898,0.8236096860937627,0,1.0,0.09375,0.0625,0.1014492753623188,9.318016700000044,34,1.0,1.0
discovery,7142,702,brain1,ongoing,0.0001,autonomous,ongoing_1_autonomous.npz,False,0,0.0,1,0.1269035532994923,False,False,19.64791376446809,138629.72588832487,6.689395967318656e-05,0.0055629151719604,0.0,0.997155524794446,3.988170753148225,0.1264292320859724,0.8633586748680131,0,0.125,0.09375,0.125,0.144927536231884,9.166524799999934,34,0.0,0.0
discovery,7142,702,brain1,ongoing,0.001,autonomous,ongoing_2_autonomous.npz,False,0,0.0,1,0.0913705583756345,False,False,42.428860877593344,138637.9187817259,7.798803180247837e-06,0.0056848643800559,0.0,0.982758347429554,198.48314129616944,0.090296063697269,0.8984183207500523,0,0.09375,0.09375,0.109375,0.072463768115942,9.167554899999914,34,0.0,0.0
discovery,7142,702,brain1,edge_dropout,0.001,autonomous,edge_dropout_0_autonomous.npz,False,5,16.609640474436812,6,0.1522842639593908,False,False,11.498375180801917,112236.1269035533,0.1904433319372377,0.0057097055379936,0.0,0.9975117896691696,1.251476928523143,0.1446750703397432,0.7679425275979683,0,0.34375,0.09375,0.125,0.1159420289855072,8.289646600000196,34,0.14705882352941177,0.14705882352941177
discovery,7142,702,brain1,edge_dropout,0.005,autonomous,edge_dropout_1_autonomous.npz,False,1,3.321928094887362,2,0.0812182741116751,False,False,10.2904364352888,107245.8578680203,0.2264380306550083,0.0057324471915465,0.0,0.998113341353978,0.9072216908523408,0.100237593436076,0.7499811982269866,0,0.0625,0.125,0.0625,0.0869565217391304,8.50834830000008,34,0.029411764705882353,0.029411764705882353
discovery,7142,702,brain1,edge_dropout,0.01,autonomous,edge_dropout_2_autonomous.npz,False,1,3.321928094887362,2,0.116751269035533,False,False,9.494171939500143,111531.35532994923,0.1955268335032044,0.0053233838020685,0.0001057529610829,0.997400803502654,2.192170670002083,0.1160287500359886,0.8140863886244402,0,0.125,0.1875,0.078125,0.1159420289855072,8.193671600000016,34,0.029411764705882353,0.029411764705882353
discovery,7142,702,brain1,neuron_dropout,0.001,autonomous,neuron_dropout_0_autonomous.npz,False,34,112.94555522617031,35,0.2436548223350254,True,False,11.3573320380481,111552.36040609136,0.1953753243597301,0.0056845664480198,0.0,0.9974478001535136,1.252723915203,0.2374432489934353,0.7857024310775506,0,1.0,0.09375,0.078125,0.1159420289855072,9.039894100000083,34,1.0,1.0
discovery,7142,702,brain1,neuron_dropout,0.005,autonomous,neuron_dropout_1_autonomous.npz,False,34,112.94555522617031,35,0.2741116751269035,True,False,11.31606654646124,110502.8426395939,0.2029454724890261,0.0056510418143885,0.0,0.9973153347953722,1.450097695790812,0.2439878539849212,0.7803626148471056,0,1.0,0.09375,0.15625,0.1304347826086956,8.740831000000071,34,1.0,1.0
discovery,7142,702,brain1,neuron_dropout,0.01,autonomous,neuron_dropout_2_autonomous.npz,False,1,3.321928094887362,2,0.1065989847715736,False,False,9.929932172732084,104587.10152284264,0.2456155805881271,0.005716253103443,0.0,0.9981627207328866,0.7811845285504039,0.1215222488102069,0.7596676489713003,0,0.09375,0.125,0.078125,0.1304347826086956,8.8631455000002,34,0.029411764705882353,0.029411764705882353
discovery,7142,702,brain1,weight_noise,0.001,autonomous,weight_noise_0_autonomous.npz,False,34,112.94555522617031,35,0.2842639593908629,True,False,10.168558837395796,108227.32994923858,0.2193586945286781,0.0057775949627791,0.0,0.9982178323861748,0.0919607749730571,0.2739463255604967,0.7664648303859531,0,1.0,0.09375,0.203125,0.1159420289855072,8.867064300000038,34,1.0,1.0
discovery,7142,702,brain1,weight_noise,0.01,autonomous,weight_noise_1_autonomous.npz,False,32,106.3016990363956,33,0.2741116751269035,True,False,10.426269510735334,108596.63451776648,0.2166949089522681,0.0057418942237389,0.0,0.9980421199620988,0.5823693051651264,0.2673494961838819,0.7918796169868708,0,1.0,0.1875,0.203125,0.0434782608695652,9.025410599999988,34,0.9411764705882353,0.9411764705882353
discovery,7142,702,brain1,weight_noise,0.05,autonomous,weight_noise_2_autonomous.npz,False,1,3.321928094887362,2,0.1065989847715736,False,False,10.017863359650836,111629.60406091373,0.1948181676085826,0.0056350529432559,0.0004230118443316,0.9974192532723972,1.580999986136049,0.1088176655609391,0.7938951232822931,0,0.125,0.09375,0.078125,0.1304347826086956,8.873580299999958,34,0.029411764705882353,0.029411764705882353
discovery,7143,701,legacy5,pulse,1e-06,autonomous,pulse_0_autonomous.npz,False,35,116.26748332105768,36,0.2588832487309644,True,False,14.266017113534136,648.8984771573604,0.054083852540291,0.0124078059130003,0.0,0.9667683522152156,1.477476659545762e-09,0.2369164343614518,0.8014687800033758,0,1.0,0.15625,0.09375,0.1159420289855072,0.0147142000000712,35,1.0,1.0
discovery,7143,701,legacy5,pulse,0.0001,autonomous,pulse_1_autonomous.npz,False,35,116.26748332105768,36,0.2588832487309644,True,False,14.267356448713146,649.8781725888325,0.0526557250891653,0.0124082048746992,0.0,0.9667688377634696,1.4774765684994706e-05,0.2367851898413265,0.8013375354777186,0,1.0,0.15625,0.09375,0.1159420289855072,0.0157779999999547,35,1.0,1.0
discovery,7143,701,legacy5,pulse,0.001,autonomous,pulse_2_autonomous.npz,False,2,6.643856189774724,3,0.116751269035533,False,False,14.864484449565154,650.3705583756346,0.051937961551553,0.0123321060015278,0.0,0.965155370632141,1.66741717749151,0.1194241271306344,0.8097585037432827,0,0.15625,0.09375,0.09375,0.1304347826086956,0.0152206999998725,35,0.05714285714285714,0.05714285714285714
discovery,7143,701,legacy5,ongoing,1e-06,autonomous,ongoing_0_autonomous.npz,False,35,116.26748332105768,36,0.2588832487309644,True,False,14.272054171690144,685.7715736040609,0.0003329830844592,0.0124077750372021,0.0,0.9667681141675406,5.261376831733033e-07,0.2369356729377996,0.8014713726593832,0,1.0,0.15625,0.09375,0.1159420289855072,0.3851188000001002,35,1.0,1.0
discovery,7143,701,legacy5,ongoing,0.0001,autonomous,ongoing_1_autonomous.npz,False,4,13.287712379549449,5,0.0862944162436548,False,False,16.086139558386353,686.0,0.0,0.0123414985104802,0.0,0.9644416114494988,1.928210975853465,0.0899714153451155,0.808884080652477,0,0.25,0.0625,0.015625,0.0869565217391304,0.4833291999998437,35,0.11428571428571428,0.11428571428571428
discovery,7143,701,legacy5,ongoing,0.001,autonomous,ongoing_2_autonomous.npz,False,1,3.321928094887362,2,0.1218274111675127,False,False,25.709674957226408,686.0,0.0,0.0131317036826563,0.0,0.9611022220731428,2.534684741603745,0.1153864420464421,0.8141233390575282,0,0.3125,0.09375,0.09375,0.072463768115942,0.4632862000000841,35,0.02857142857142857,0.02857142857142857
discovery,7143,701,legacy5,edge_dropout,0.001,autonomous,edge_dropout_0_autonomous.npz,False,19,63.11663380285988,20,0.2081218274111675,False,False,14.150564944979216,647.9441624365483,0.0554749818709209,0.0126814478581024,0.0002115059221658,0.9645837660111156,1.58796046318903,0.200235828975286,0.7886138282059141,0,0.6875,0.125,0.15625,0.072463768115942,0.0443726000000879,35,0.5428571428571428,0.5428571428571428
discovery,7143,701,legacy5,edge_dropout,0.005,autonomous,edge_dropout_1_autonomous.npz,False,4,13.287712379549449,5,0.1116751269035533,False,False,12.446632016610833,645.9796954314721,0.0583386363972709,0.0133724073163322,0.0002115059221658,0.9637570176423708,2.251380141377624,0.1153994567902722,0.8251348480607916,0,0.1875,0.15625,0.078125,0.0869565217391304,0.0522358000000622,35,0.11428571428571428,0.11428571428571428
discovery,7143,701,legacy5,edge_dropout,0.01,autonomous,edge_dropout_2_autonomous.npz,False,0,0.0,1,0.0964467005076142,False,False,2.391050014394173,643.0406091370559,0.0626230187506474,0.0125257286846952,0.0002115059221658,0.999661889209212,4.64912194958219,0.0984146814207374,0.9207583514327456,0,0.1875,0.09375,0.078125,0.072463768115942,0.0460355000000163,35,0.0,0.0
discovery,7143,701,legacy5,neuron_dropout,0.001,autonomous,neuron_dropout_0_autonomous.npz,False,19,63.11663380285988,20,0.2131979695431472,False,False,14.39151174959742,646.9441624365483,0.0569327078184427,0.0124022471079213,0.0002115059221658,0.9674183746582524,1.501992115805082,0.1948344507327422,0.8096768194214546,0,0.78125,0.21875,0.078125,0.072463768115942,0.0477170000001478,35,0.5428571428571428,0.5428571428571428
discovery,7143,701,legacy5,neuron_dropout,0.005,autonomous,neuron_dropout_1_autonomous.npz,False,10,33.219280948873624,11,0.1573604060913705,False,False,14.352374035003749,643.9441624365483,0.0613058856610083,0.0131053544497029,0.0002115059221658,0.9611858407619158,1.839360824606873,0.1460092755848037,0.8186462386996478,0,0.34375,0.15625,0.15625,0.072463768115942,0.0473480000000563,35,0.2857142857142857,0.2857142857142857
discovery,7143,701,legacy5,neuron_dropout,0.01,autonomous,neuron_dropout_2_autonomous.npz,False,1,3.321928094887362,2,0.1269035532994923,False,False,13.554005881792566,641.9441624365483,0.064221337556052,0.0132261302262988,0.0210448392554991,0.9651394769952496,1.872963414985722,0.1221133473156333,0.843455020926777,0,0.1875,0.0625,0.125,0.1304347826086956,0.0363552999999683,35,0.02857142857142857,0.02857142857142857
discovery,7143,701,legacy5,weight_noise,0.001,autonomous,weight_noise_0_autonomous.npz,False,35,116.26748332105768,36,0.2284263959390862,True,False,14.923515819469118,647.9441624365483,0.0554749818709209,0.0124952655422088,0.0002115059221658,0.9666905455784052,1.5771353802937096,0.220106267638492,0.8195740066457107,0,1.0,0.15625,0.0625,0.0579710144927536,0.0343681999997897,35,1.0,1.0
discovery,7143,701,legacy5,weight_noise,0.01,autonomous,weight_noise_1_autonomous.npz,False,4,13.287712379549449,5,0.1472081218274111,False,False,14.568677055647983,647.9441624365483,0.0554749818709209,0.0129079067211106,0.0002115059221658,0.962384268903682,1.7476606983552994,0.1380190498817037,0.8050819814743634,0,0.25,0.0625,0.171875,0.1159420289855072,0.0418254999999589,35,0.11428571428571428,0.11428571428571428
discovery,7143,701,legacy5,weight_noise,0.05,autonomous,weight_noise_2_autonomous.npz,False,2,6.643856189774724,3,0.1218274111675127,False,False,14.35738422967378,647.9441624365483,0.0554749818709209,0.0130242047468672,0.0002115059221658,0.9633469846688704,1.811309496150642,0.127102780941079,0.8234092797298218,0,0.09375,0.125,0.0625,0.1884057971014492,0.0465356999998221,35,0.05714285714285714,0.05714285714285714
discovery,7143,701,brain5,pulse,1e-06,autonomous,pulse_0_autonomous.npz,False,33,109.62362713128296,34,0.2436548223350254,True,False,9.861748963409436,88386.81218274112,0.3624679045381088,0.002095609813153,0.0,0.984218242945038,3.2740061860398136e-06,0.2363035428025011,0.770874458556408,0,1.0,0.125,0.0625,0.1159420289855072,3.3273198000001685,33,1.0,1.0
discovery,7143,701,brain5,pulse,0.0001,autonomous,pulse_1_autonomous.npz,False,0,0.0,1,0.0710659898477157,False,False,10.584020054390791,90852.68527918782,0.3446816171554338,0.002086618082325,0.0,0.981349143972908,1.2135606984039644,0.0696845867291294,0.7494330414854738,0,0.0625,0.0,0.09375,0.0869565217391304,3.524310499999956,33,0.0,0.0
discovery,7143,701,brain5,pulse,0.001,autonomous,pulse_2_autonomous.npz,False,0,0.0,1,0.1116751269035533,False,False,10.419744233429755,91747.44162436549,0.3382277596898024,0.002104416397527,0.0,0.9868677097803096,4.121914399656462,0.1114749855358238,0.7246319951368084,0,0.03125,0.1875,0.109375,0.1159420289855072,3.280737699999918,33,0.0,0.0
discovery,7143,701,brain5,ongoing,1e-06,autonomous,ongoing_0_autonomous.npz,False,2,6.643856189774724,3,0.0862944162436548,False,False,10.840316403882658,137816.5076142132,0.0059326191460326,0.0021268363649617,0.0,0.9768409670452294,1.620735079992711,0.0896125891418506,0.7924053341748689,0,0.125,0.09375,0.0625,0.0869565217391304,4.279335599999968,33,0.06060606060606061,0.06060606060606061
discovery,7143,701,brain5,ongoing,0.0001,autonomous,ongoing_1_autonomous.npz,False,0,0.0,1,0.1319796954314721,False,False,18.2925282504343,138629.94416243656,6.531955339728057e-05,0.0021423429824788,0.0,0.9783290551198168,10.50514204121355,0.1232605251403743,0.7961356706860184,0,0.125,0.125,0.125,0.144927536231884,4.18059419999986,33,0.0,0.0
discovery,7143,701,brain5,ongoing,0.001,autonomous,ongoing_2_autonomous.npz,False,0,0.0,1,0.1269035532994923,False,False,42.423521865817314,138638.0812182741,6.62715199828412e-06,0.0025298561459681,0.0,0.920546177972616,853.3934335790879,0.1208099958975214,0.8096262413172894,0,0.15625,0.09375,0.09375,0.1594202898550724,4.165469900000062,33,0.0,0.0
discovery,7143,701,brain5,edge_dropout,0.001,autonomous,edge_dropout_0_autonomous.npz,False,2,6.643856189774724,3,0.0913705583756345,False,False,9.68441523290272,85131.59898477157,0.3859476843833873,0.002132807155005,0.0,0.9715695170106408,1.670877368045511,0.0932780440123194,0.8000576333975951,0,0.1875,0.03125,0.078125,0.0869565217391304,3.278023200000007,33,0.06060606060606061,0.06060606060606061
discovery,7143,701,brain5,edge_dropout,0.005,autonomous,edge_dropout_1_autonomous.npz,False,2,6.643856189774724,3,0.0913705583756345,False,False,10.045700306164775,84560.80203045685,0.3900648300228878,0.002111062258727,0.0,0.9802199787182674,1.255188933452034,0.0922379753352186,0.7674961544715478,0,0.125,0.03125,0.078125,0.1159420289855072,3.2882983999998032,33,0.06060606060606061,0.06060606060606061
discovery,7143,701,brain5,edge_dropout,0.01,autonomous,edge_dropout_2_autonomous.npz,False,1,3.321928094887362,2,0.0964467005076142,False,False,10.614058376096306,86460.85279187818,0.3763598064622641,0.0021679888022977,0.0,0.979937120775082,1.7815648600727652,0.1041809545617137,0.7869508423567584,0,0.09375,0.0625,0.109375,0.1014492753623188,3.2881386999999904,33,0.030303030303030304,0.030303030303030304
discovery,7143,701,brain5,neuron_dropout,0.001,autonomous,neuron_dropout_0_autonomous.npz,False,12,39.86313713864835,13,0.1421319796954314,False,False,10.374857028581989,86586.1269035533,0.3754562071022346,0.0021461150127879,0.0,0.975500309649517,1.7508053582992442,0.1327886538627691,0.8135338214467419,0,0.5,0.0625,0.046875,0.1014492753623188,3.2708926999998766,33,0.36363636363636365,0.36363636363636365
discovery,7143,701,brain5,neuron_dropout,0.005,autonomous,neuron_dropout_1_autonomous.npz,False,1,3.321928094887362,2,0.1116751269035533,False,False,10.269609651450487,82983.13197969543,0.4014445287423061,0.0021072331084628,0.0,0.9737902429573224,1.9962391233120496,0.1265773313755831,0.7911041165126595,0,0.15625,0.15625,0.09375,0.0869565217391304,3.3305769000000964,33,0.030303030303030304,0.030303030303030304
discovery,7143,701,brain5,neuron_dropout,0.01,autonomous,neuron_dropout_2_autonomous.npz,False,1,3.321928094887362,2,0.1116751269035533,False,False,10.01536711784112,82506.96446700508,0.4048791143400841,0.002079728985196,0.0208333333333333,0.977303700434023,2.0800379776673346,0.106950708809198,0.7966632348141108,0,0.1875,0.09375,0.0625,0.1304347826086956,3.31270910000012,33,0.030303030303030304,0.030303030303030304
discovery,7143,701,brain5,weight_noise,0.001,autonomous,weight_noise_0_autonomous.npz,False,33,109.62362713128296,34,0.2436548223350254,True,False,9.860871596981433,85453.35532994923,0.3836268630764126,0.0020956683859921,0.0,0.984219359989556,2.491314722633908e-05,0.236137547496904,0.768255345803105,0,1.0,0.125,0.0625,0.1159420289855072,3.390461100000038,33,1.0,1.0
discovery,7143,701,brain5,weight_noise,0.01,autonomous,weight_noise_1_autonomous.npz,False,4,13.287712379549449,5,0.1065989847715736,False,False,8.179953967567075,84879.54314720813,0.3877657574909793,0.0021038947680744,0.0,0.9913197979329208,1.0513431698029974,0.1145542687046335,0.6762371080374983,0,0.15625,0.15625,0.0625,0.1014492753623188,3.552640899999915,33,0.12121212121212122,0.12121212121212122
discovery,7143,701,brain5,weight_noise,0.05,autonomous,weight_noise_2_autonomous.npz,False,0,0.0,1,0.1065989847715736,False,False,9.976149184774766,86777.40101522843,0.3740765512213126,0.0021460347965849,0.0,0.9753903509238604,1.6652501388197734,0.1089224800254233,0.8807520153587889,0,0.15625,0.0,0.09375,0.144927536231884,3.448823100000027,33,0.0,0.0
discovery,7143,701,brain1,pulse,1e-06,autonomous,pulse_0_autonomous.npz,False,32,106.3016990363956,33,0.2284263959390862,True,False,11.175859687972116,119664.57360406092,0.1368621123633254,0.005639351778097,0.0,0.9968642171321972,1.9046954884336992e-06,0.2287145548069572,0.8139360679362297,0,1.0,0.03125,0.109375,0.072463768115942,8.782357100000127,32,1.0,1.0
discovery,7143,701,brain1,pulse,0.0001,autonomous,pulse_1_autonomous.npz,False,1,3.321928094887362,2,0.0964467005076142,False,False,10.870620336343595,120444.27411167511,0.131238150075555,0.0056762791578737,0.0,0.9967275361079988,1.6277363330627352,0.103301980852243,0.7929661022887639,0,0.0625,0.0625,0.171875,0.0579710144927536,8.963684199999989,32,0.03125,0.03125
discovery,7143,701,brain1,pulse,0.001,autonomous,pulse_2_autonomous.npz,False,0,0.0,1,0.1065989847715736,False,False,11.511829888666922,120780.97461928934,0.1288095368598349,0.0056546464615225,0.0,0.99670888531405,2.348617258736016,0.1069257247597069,0.7835140291657225,0,0.15625,0.125,0.109375,0.072463768115942,9.037870099999964,32,0.0,0.0
discovery,7143,701,brain1,ongoing,1e-06,autonomous,ongoing_0_autonomous.npz,False,2,6.643856189774724,3,0.1725888324873096,False,False,10.978733508018443,137850.91370558375,0.005684448780042,0.0056057438455613,0.0,0.9967627806960954,1.2092312819357331,0.16540017348091,0.7821248574315408,0,0.25,0.09375,0.171875,0.1739130434782608,9.758476299999984,32,0.0625,0.0625
discovery,7143,701,brain1,ongoing,0.0001,autonomous,ongoing_1_autonomous.npz,False,1,3.321928094887362,2,0.1015228426395939,False,False,18.480576960931185,138629.75634517765,6.667427507667245e-05,0.0055920428102003,0.0,0.9968634167220312,5.185977719741072,0.1047370465565566,0.901473551917716,0,0.1875,0.0,0.078125,0.1304347826086956,9.248758700000051,32,0.03125,0.03125
discovery,7143,701,brain1,ongoing,0.001,autonomous,ongoing_2_autonomous.npz,False,0,0.0,1,0.1269035532994923,False,False,43.26483744083679,138637.95939086293,7.505890384895686e-06,0.0055757016203098,0.0,0.9808752931881846,352.8488156653078,0.1255421135908502,0.922610479703871,0,0.125,0.09375,0.125,0.144927536231884,9.024607199999991,32,0.0,0.0
discovery,7143,701,brain1,edge_dropout,0.001,autonomous,edge_dropout_0_autonomous.npz,False,9,29.89735285398626,10,0.1065989847715736,False,False,9.303777405907972,116733.4467005076,0.1580042650299871,0.0058201788975172,0.0,0.9965339553901752,1.7098274370443065,0.1121949398847556,0.7592947429475267,0,0.3125,0.15625,0.0625,0.0289855072463768,5.704652500000066,32,0.28125,0.28125
discovery,7143,701,brain1,edge_dropout,0.005,autonomous,edge_dropout_1_autonomous.npz,False,2,6.643856189774724,3,0.1116751269035533,False,False,10.19173162364844,118855.86294416244,0.1426953242293839,0.0057545821925443,0.0,0.9966764931811236,1.6271099335071295,0.1114598007639208,0.8131705967229363,0,0.15625,0.0625,0.078125,0.144927536231884,7.158928999999944,32,0.0625,0.0625
discovery,7143,701,brain1,edge_dropout,0.01,autonomous,edge_dropout_2_autonomous.npz,False,1,3.321928094887362,2,0.0761421319796954,False,False,3.3124000079798472,104512.48223350254,0.2461538078498651,0.0050877048270432,0.0,0.9998813007863688,4.9914649223563465,0.076922414624841,0.9896625316923584,0,0.09375,0.03125,0.140625,0.0289855072463768,6.764948999999888,32,0.03125,0.03125
discovery,7143,701,brain1,neuron_dropout,0.001,autonomous,neuron_dropout_0_autonomous.npz,False,2,6.643856189774724,3,0.1116751269035533,False,False,8.220273859175046,114153.2081218274,0.1766154680729995,0.0051799715023461,0.0,0.9980742987156196,2.520031248184408,0.1100686770231412,0.8199484577043351,0,0.3125,0.09375,0.09375,0.0434782608695652,6.83628839999983,32,0.0625,0.0625
discovery,7143,701,brain1,neuron_dropout,0.005,autonomous,neuron_dropout_1_autonomous.npz,False,2,6.643856189774724,3,0.0761421319796954,False,False,7.506185076255986,120437.13705583756,0.1312896294993648,0.0056705964894277,0.0015862944162436,0.9976045866672316,1.4509282923908753,0.0787695968411834,0.8075794446306003,0,0.15625,0.0625,0.0625,0.0579710144927536,7.106085699999994,32,0.0625,0.0625
discovery,7143,701,brain1,neuron_dropout,0.01,autonomous,neuron_dropout_2_autonomous.npz,False,1,3.321928094887362,2,0.0964467005076142,False,False,5.437884703080089,119014.36040609136,0.141552085588533,0.0054141330888538,0.0208333333333333,0.9979603643768789,2.765810420101101,0.0932770399524008,0.9687922036762542,0,0.15625,0.125,0.109375,0.0434782608695652,7.16068580000001,32,0.03125,0.03125
discovery,7143,701,brain1,weight_noise,0.001,autonomous,weight_noise_0_autonomous.npz,False,32,106.3016990363956,33,0.2741116751269035,True,False,10.32413288913278,117948.07614213198,0.1492431700882726,0.0055654669147725,0.0,0.9973388972857952,0.9312627519682108,0.2622130814222126,0.8943943535023497,0,1.0,0.0625,0.140625,0.1594202898550724,7.499903099999983,32,1.0,1.0
discovery,7143,701,brain1,weight_noise,0.01,autonomous,weight_noise_1_autonomous.npz,False,6,19.93156856932417,7,0.1472081218274111,False,False,10.186500997713171,118128.48223350254,0.1479419049942474,0.0057016976375069,0.0,0.99682333585146,1.2666005195742505,0.1484123956123585,0.8372477973822293,0,0.28125,0.125,0.109375,0.1304347826086956,10.031514399999878,32,0.1875,0.1875
discovery,7143,701,brain1,weight_noise,0.05,autonomous,weight_noise_2_autonomous.npz,False,1,3.321928094887362,2,0.1015228426395939,False,False,9.353732601591537,117069.4923857868,0.1555803750330946,0.0057108984173183,0.0,0.9970597823562356,1.2442304991334794,0.1008301345425135,0.8591188964018741,0,0.03125,0.03125,0.140625,0.1304347826086956,9.402340900000128,32,0.03125,0.03125
discovery,7143,702,legacy5,pulse,1e-06,autonomous,pulse_0_autonomous.npz,False,32,106.3016990363956,33,0.2639593908629442,True,False,12.871645077321224,646.989847715736,0.056866111201551,0.0141324093757437,0.0,0.9723765575297572,2.48246877128235e-09,0.2549842877351936,0.8979078300501915,0,1.0,0.1875,0.046875,0.1594202898550724,0.0155637000000297,32,1.0,1.0
discovery,7143,702,legacy5,pulse,0.0001,autonomous,pulse_1_autonomous.npz,False,32,106.3016990363956,33,0.2639593908629442,True,False,12.873129557910143,648.005076142132,0.0553861863817317,0.014132746242857,0.0,0.972378083852294,2.4824685432697544e-05,0.2545238990316059,0.8974474409884339,0,1.0,0.1875,0.046875,0.1594202898550724,0.0151140000000395,32,1.0,1.0
discovery,7143,702,legacy5,pulse,0.001,autonomous,pulse_2_autonomous.npz,False,0,0.0,1,0.1065989847715736,False,False,13.374842543234218,648.5329949238578,0.0546166254754258,0.0145119052118256,0.0,0.966912000334538,2.2559179855656453,0.1017353990308864,0.8227852064913227,0,0.0625,0.125,0.1875,0.0434782608695652,0.014869100000169,32,0.0,0.0
discovery,7143,702,legacy5,ongoing,1e-06,autonomous,ongoing_0_autonomous.npz,False,32,106.3016990363956,33,0.2639593908629442,True,False,12.87644102029581,685.7005076142132,0.0004365778218466,0.0141324399587296,0.0,0.9723763637605012,1.3166500698838446e-06,0.2552441917577,0.8978165962117418,0,1.0,0.1875,0.046875,0.1594202898550724,0.3463544999999612,32,1.0,1.0
discovery,7143,702,legacy5,ongoing,0.0001,autonomous,ongoing_1_autonomous.npz,False,3,9.965784284662089,4,0.1370558375634517,False,False,14.99343851376619,686.0,0.0,0.0138727017342327,0.0,0.9696609775738944,2.3363371272082727,0.139532375333744,0.8211400068853842,0,0.21875,0.09375,0.078125,0.1739130434782608,0.4615057999999408,32,0.09375,0.09375
discovery,7143,702,legacy5,ongoing,0.001,autonomous,ongoing_2_autonomous.npz,False,0,0.0,1,0.1116751269035533,False,False,24.149903899491857,686.0,0.0,0.0139107497502372,0.0,0.9642985368963192,3.51836229234883,0.1026467701138795,0.8553803079183244,0,0.125,0.25,0.0625,0.0869565217391304,0.4698115999999572,32,0.0,0.0
discovery,7143,702,legacy5,edge_dropout,0.001,autonomous,edge_dropout_0_autonomous.npz,False,32,106.3016990363956,33,0.2639593908629442,True,False,12.8718573916335,645.9543147208121,0.0583756345177666,0.0141253386125187,0.0002115059221658,0.9723528594823388,5.393989874199745e-06,0.2556424937955174,0.8974036707093669,0,1.0,0.1875,0.046875,0.1594202898550724,0.0214559000000917,32,1.0,1.0
discovery,7143,702,legacy5,edge_dropout,0.005,autonomous,edge_dropout_1_autonomous.npz,False,3,9.965784284662089,4,0.1015228426395939,False,False,9.9230443509361,645.9543147208121,0.0583756345177666,0.0137879930837261,0.0002115059221658,0.9795319171058868,2.8251008702263,0.1022703504623353,0.97563165563808,0,0.09375,0.1875,0.078125,0.0869565217391304,0.0309396000000106,32,0.09375,0.09375
discovery,7143,702,legacy5,edge_dropout,0.01,autonomous,edge_dropout_2_autonomous.npz,False,4,13.287712379549449,5,0.1116751269035533,False,False,13.098573264046744,645.5939086294417,0.0589010078288022,0.0145822461130332,0.0002115059221658,0.9690462715126448,1.8118632953521063,0.1146291729173497,0.8541743651881224,0,0.25,0.03125,0.03125,0.1594202898550724,0.0450645000000804,32,0.125,0.125
discovery,7143,702,legacy5,neuron_dropout,0.001,autonomous,neuron_dropout_0_autonomous.npz,False,32,106.3016990363956,33,0.2639593908629442,True,False,12.871644925277154,645.9543147208121,0.0583756345177666,0.0141324061022659,0.0002115059221658,0.9723765416153975,0.0,0.2549842830190236,0.8979078253376395,0,1.0,0.1875,0.046875,0.1594202898550724,0.0443777999998928,32,1.0,1.0
discovery,7143,702,legacy5,neuron_dropout,0.005,autonomous,neuron_dropout_1_autonomous.npz,False,32,106.3016990363956,33,0.2639593908629442,True,False,12.871644925277154,645.9543147208121,0.0583756345177666,0.0141324061022659,0.0002115059221658,0.9723765416153975,0.0,0.2549842830190236,0.8979078253376395,0,1.0,0.1875,0.046875,0.1594202898550724,0.0391965999999683,32,1.0,1.0
discovery,7143,702,legacy5,neuron_dropout,0.01,autonomous,neuron_dropout_2_autonomous.npz,False,1,3.321928094887362,2,0.1116751269035533,False,False,12.306970771797568,644.9543147208121,0.0598333604652884,0.0127679420748819,0.0210448392554991,0.9847562502719228,3.700824161930236,0.1114132547165541,0.8979390477161214,0,0.15625,0.09375,0.0625,0.144927536231884,0.0473183999999946,32,0.03125,0.03125
discovery,7143,702,legacy5,weight_noise,0.001,autonomous,weight_noise_0_autonomous.npz,False,35,116.26748332105768,36,0.2436548223350254,True,False,11.66264143801899,645.9543147208121,0.0583756345177666,0.0139038042415874,0.0002115059221658,0.9763700559457278,1.9428613853749173,0.2293093675302038,0.9590774557320954,0,1.0,0.1875,0.0625,0.0869565217391304,0.0393581000000722,32,1.09375,1.0
discovery,7143,702,legacy5,weight_noise,0.01,autonomous,weight_noise_1_autonomous.npz,False,9,29.89735285398626,10,0.1675126903553299,False,False,13.16223527773409,645.9543147208121,0.0583756345177666,0.0141933443299565,0.0002115059221658,0.969982374721181,2.4610803249134627,0.1636843630806199,0.8457555475204422,0,0.375,0.0,0.09375,0.217391304347826,0.045089100000041,32,0.28125,0.28125
discovery,7143,702,legacy5,weight_noise,0.05,autonomous,weight_noise_2_autonomous.npz,False,0,0.0,1,0.1116751269035533,False,False,14.28626359374712,645.9543147208121,0.0583756345177666,0.014232326447532,0.0002115059221658,0.9674271980015684,2.000523452699137,0.1112377749918047,0.8506574464476927,0,0.09375,0.125,0.109375,0.1159420289855072,0.0302859000000808,32,0.0,0.0
discovery,7143,702,brain5,pulse,1e-06,autonomous,pulse_0_autonomous.npz,False,37,122.9113395108324,38,0.2639593908629442,True,False,9.019840551481384,84773.34010152284,0.3885317976794203,0.0023329898443852,0.0003172588832487,0.9749656551996267,2.8521534587627688e-06,0.2518992891168637,0.7480401595619983,0,1.0,0.28125,0.109375,0.0579710144927536,1.839551799999981,37,1.0,1.0
discovery,7143,702,brain5,pulse,0.0001,autonomous,pulse_1_autonomous.npz,False,0,0.0,1,0.1624365482233502,False,False,8.71833724883168,87159.93401015228,0.3713173493017673,0.0023353100150058,0.0002115059221658,0.9750673668057668,1.9874100261631331,0.1440483660321021,0.6974236727114543,0,0.15625,0.1875,0.171875,0.144927536231884,2.2767926999999872,37,0.0,0.0
discovery,7143,702,brain5,pulse,0.001,autonomous,pulse_2_autonomous.npz,False,0,0.0,1,0.0609137055837563,False,False,9.127425223968434,88689.1116751269,0.3602874250742799,0.0023579205489805,0.0002115059221658,0.975335011805754,4.858132449564502,0.067983222385797,0.7139778344054123,0,0.0625,0.03125,0.0625,0.072463768115942,2.0627635999999256,37,0.0,0.0
discovery,7143,702,brain5,ongoing,1e-06,autonomous,ongoing_0_autonomous.npz,False,7,23.253496664211536,8,0.1472081218274111,False,False,9.18446159050777,137815.9847715736,0.0059363903982746,0.0023441801739199,0.0001057529610829,0.9744605065127132,1.7820363079156545,0.1471703577354745,0.7350684077345676,0,0.28125,0.1875,0.109375,0.1014492753623188,3.443226999999979,37,0.1891891891891892,0.1891891891891892
discovery,7143,702,brain5,ongoing,0.0001,autonomous,ongoing_1_autonomous.npz,False,0,0.0,1,0.1269035532994923,False,False,14.924881672609017,138629.42131979697,6.90908056393269e-05,0.0024083736895459,0.0001057529610829,0.9760648820210666,14.47713510863016,0.113947714406092,0.8790821662497301,0,0.125,0.09375,0.125,0.144927536231884,3.628204699999969,37,0.0,0.0
discovery,7143,702,brain5,ongoing,0.001,autonomous,ongoing_2_autonomous.npz,False,0,0.0,1,0.1269035532994923,False,False,41.172814785436174,138637.96954314722,7.4326621858356035e-06,0.0027506258586528,0.0,0.9293003637877442,1230.9805128629991,0.1159717510541618,0.8950799910186171,0,0.0625,0.15625,0.125,0.144927536231884,3.5493031999999403,37,0.0,0.0
discovery,7143,702,brain5,edge_dropout,0.001,autonomous,edge_dropout_0_autonomous.npz,False,37,122.9113395108324,38,0.2639593908629442,True,False,9.020181846739495,81667.98984771574,0.4109306194669917,0.0023332393066053,0.0,0.9749695309482984,1.6525533994867234e-05,0.251096738678741,0.7469917381401315,0,1.0,0.28125,0.109375,0.0579710144927536,2.701787400000057,37,1.0,1.0
discovery,7143,702,brain5,edge_dropout,0.005,autonomous,edge_dropout_1_autonomous.npz,False,1,3.321928094887362,2,0.0913705583756345,False,False,7.69206901050067,80670.8730964467,0.4181228002477896,0.0023134334241031,0.0001057529610829,0.9780753273328818,1.8448201048470907,0.0979114466544304,0.7521584470896896,0,0.15625,0.09375,0.046875,0.1014492753623188,2.6807992999999897,37,0.02702702702702703,0.02702702702702703
discovery,7143,702,brain5,edge_dropout,0.01,autonomous,edge_dropout_2_autonomous.npz,False,1,3.321928094887362,2,0.1015228426395939,False,False,8.181513252647262,80954.39086294416,0.4160777929518811,0.0023614607537795,0.0001057529610829,0.9724846122309734,1.7900790698864144,0.0931018130344916,0.7859497338849492,0,0.15625,0.0,0.140625,0.0869565217391304,2.624830799999927,37,0.02702702702702703,0.02702702702702703
discovery,7143,702,brain5,neuron_dropout,0.001,autonomous,neuron_dropout_0_autonomous.npz,False,37,122.9113395108324,38,0.2639593908629442,True,False,9.019500465975316,81661.82233502538,0.4109751055978088,0.0023332769394618,0.0,0.9749733739606762,2.8103406437502884e-06,0.2525023312249396,0.7497078830811506,0,1.0,0.28125,0.109375,0.0579710144927536,2.5104983999999604,37,1.0,1.0
discovery,7143,702,brain5,neuron_dropout,0.005,autonomous,neuron_dropout_1_autonomous.npz,False,37,122.9113395108324,38,0.2690355329949238,True,False,8.705321773811573,82446.81218274112,0.4053129914184239,0.0023528321820799,0.0,0.9747514209787468,1.3124100173794413,0.2541839098160128,0.8197521115441717,0,1.0,0.25,0.046875,0.144927536231884,2.7536746999999195,37,1.0,1.0
discovery,7143,702,brain5,neuron_dropout,0.01,autonomous,neuron_dropout_2_autonomous.npz,False,0,0.0,1,0.0609137055837563,False,False,7.1797021180163245,80685.94923857869,0.4180140563724588,0.002328547365892,0.0208333333333333,0.972749497726934,2.0850417112483006,0.0738781663785745,0.8160163731070422,0,0.0625,0.09375,0.078125,0.0289855072463768,2.5983216000001903,37,0.0,0.0
discovery,7143,702,brain5,weight_noise,0.001,autonomous,weight_noise_0_autonomous.npz,False,37,122.9113395108324,38,0.2639593908629442,True,False,9.0272640598617,81527.94923857869,0.4119407292422862,0.00230641666049,0.0,0.9751423658976592,0.9290161135519212,0.2473583707286946,0.7363963155513102,0,1.0,0.28125,0.078125,0.0869565217391304,2.625112799999897,37,1.0,1.0
discovery,7143,702,brain5,weight_noise,0.01,autonomous,weight_noise_1_autonomous.npz,False,3,9.965784284662089,4,0.1472081218274111,False,False,8.792797259461416,80225.82741116751,0.4213329048019135,0.002287504411841,0.0,0.97713853099188,1.6544960244267308,0.1246186933383964,0.7518128330647263,0,0.1875,0.03125,0.125,0.2028985507246377,2.8336103999999978,37,0.08108108108108109,0.08108108108108109
discovery,7143,702,brain5,weight_noise,0.05,autonomous,weight_noise_2_autonomous.npz,False,1,3.321928094887362,2,0.1065989847715736,False,False,7.808378767542387,83742.11675126903,0.3959699885943419,0.0023875639632019,0.0,0.978004276170432,2.3516529289223222,0.1127380677143301,0.7553498398444506,0,0.125,0.09375,0.15625,0.0579710144927536,2.6124569999999494,37,0.02702702702702703,0.02702702702702703
discovery,7143,702,brain1,pulse,1e-06,autonomous,pulse_0_autonomous.npz,False,32,106.3016990363956,33,0.2588832487309644,True,False,9.07840797482188,113728.34010152284,0.1796800315818576,0.0059752103620988,0.0,0.9965063407521658,3.978286818878749e-07,0.2227292923213537,0.7063815579571602,0,1.0,0.15625,0.15625,0.0579710144927536,9.162081999999828,32,1.0,1.0
discovery,7143,702,brain1,pulse,0.0001,autonomous,pulse_1_autonomous.npz,False,0,0.0,1,0.1624365482233502,False,False,9.19078430331405,114374.19289340102,0.1750215098680673,0.0058844136072166,0.0,0.9965446762012908,1.821114611096248,0.138072711002603,0.6916636108343809,0,0.125,0.15625,0.171875,0.1739130434782608,7.93863680000004,32,0.0,0.0
discovery,7143,702,brain1,pulse,0.001,autonomous,pulse_2_autonomous.npz,False,0,0.0,1,0.0812182741116751,False,False,9.501698692249944,113771.82233502538,0.179366395206072,0.0059288474610473,0.0,0.9962431157399882,2.2821812046380585,0.0903914553723365,0.6921799807892837,0,0.03125,0.09375,0.046875,0.1304347826086956,9.59208190000004,32,0.0,0.0
discovery,7143,702,brain1,ongoing,1e-06,autonomous,ongoing_0_autonomous.npz,False,17,56.47277761308516,18,0.1675126903553299,False,False,9.02043447278132,137847.52791878174,0.005708870384367,0.0059559156205514,0.0,0.99634911412586,1.8206361572263297,0.1674573569969905,0.6781388207606759,0,0.5625,0.0625,0.078125,0.1159420289855072,9.357997999999952,32,0.53125,0.53125
discovery,7143,702,brain1,ongoing,0.0001,autonomous,ongoing_1_autonomous.npz,False,0,0.0,1,0.1370558375634517,False,False,16.007572733185917,138629.1624365482,7.095812471080709e-05,0.0058336063820959,0.0,0.9965223448509648,4.50006131499462,0.1350426718025549,0.7768249724879739,0,0.1875,0.125,0.15625,0.1014492753623188,9.446442400000024,32,0.0,0.0
discovery,7143,702,brain1,ongoing,0.001,autonomous,ongoing_2_autonomous.npz,False,0,0.0,1,0.1573604060913705,False,False,39.68469666486191,138638.10152284263,6.480695600608044e-06,0.0061000550513594,0.0,0.9843824847096656,225.10537206355124,0.1477022688684122,0.7899283182844284,0,0.15625,0.15625,0.15625,0.1594202898550724,9.802231500000062,32,0.0,0.0
discovery,7143,702,brain1,edge_dropout,0.001,autonomous,edge_dropout_0_autonomous.npz,False,14,46.50699332842307,15,0.2081218274111675,False,False,9.788695371572304,109631.37055837564,0.2092313810805355,0.0058620865867688,0.0,0.9962915286317864,1.4565467983557476,0.1924480531417426,0.7348311616913176,0,0.53125,0.09375,0.140625,0.1739130434782608,8.555931799999826,32,0.4375,0.4375
discovery,7143,702,brain1,edge_dropout,0.005,autonomous,edge_dropout_1_autonomous.npz,False,6,19.93156856932417,7,0.1269035532994923,False,False,6.2649664897370485,110109.9187817259,0.205779623470121,0.0062583393055798,0.0,0.9972121180214096,1.8713985998673208,0.1055488521187492,0.4759725830913175,0,0.21875,0.0625,0.125,0.1159420289855072,8.89214579999998,32,0.1875,0.1875
discovery,7143,702,brain1,edge_dropout,0.01,autonomous,edge_dropout_2_autonomous.npz,False,3,9.965784284662089,4,0.1370558375634517,False,False,8.903448040218944,108126.71065989848,0.2200844592077374,0.0055535964004872,0.0,0.99662740308344,2.137227630670005,0.1267164867398864,0.7510142763914148,0,0.125,0.09375,0.140625,0.1594202898550724,8.707279999999855,32,0.09375,0.09375
discovery,7143,702,brain1,neuron_dropout,0.001,autonomous,neuron_dropout_0_autonomous.npz,False,32,106.3016990363956,33,0.2284263959390862,True,False,9.407853711838635,110886.29441624366,0.2001796434174824,0.0058077586104171,0.0,0.9964001242022272,1.6845321502687922,0.2084238026060628,0.7275099571995104,0,1.0,0.0625,0.0625,0.1014492753623188,12.476109199999884,32,1.0,1.0
discovery,7143,702,brain1,neuron_dropout,0.005,autonomous,neuron_dropout_1_autonomous.npz,False,8,26.575424759098897,9,0.1573604060913705,False,False,9.800238675456924,111022.95939086296,0.1991938820183141,0.0056622900239035,0.0,0.996401570095745,1.8363608865814325,0.1379790655537614,0.753326186239489,0,0.3125,0.21875,0.09375,0.1159420289855072,11.629058299999995,32,0.25,0.25
discovery,7143,702,brain1,neuron_dropout,0.01,autonomous,neuron_dropout_2_autonomous.npz,False,1,3.321928094887362,2,0.1218274111675127,False,False,4.180687985189917,98888.47208121828,0.286719667040167,0.0054951222399857,0.0208333333333333,0.998743897628296,3.8020040307507337,0.1163637913721262,0.8197494164376394,0,0.15625,0.1875,0.0625,0.1304347826086956,9.683925600000066,32,0.03125,0.03125
discovery,7143,702,brain1,weight_noise,0.001,autonomous,weight_noise_0_autonomous.npz,False,32,106.3016990363956,33,0.2741116751269035,True,False,9.39261928443041,113150.54314720813,0.1838476680644831,0.0059286164432795,0.0001057529610829,0.996394094261134,0.9778130677289144,0.2376563219994223,0.7281414422398004,0,1.0,0.15625,0.203125,0.0579710144927536,8.961139799999955,32,1.0,1.0
discovery,7143,702,brain1,weight_noise,0.01,autonomous,weight_noise_1_autonomous.npz,False,8,26.575424759098897,9,0.1319796954314721,False,False,10.305729207886433,109798.21827411168,0.2080279122461091,0.0057351451910347,0.0,0.9962088448606996,1.4497657530161496,0.1150425148113476,0.7644937725932757,0,0.375,0.09375,0.09375,0.072463768115942,10.136940400000183,32,0.25,0.25
discovery,7143,702,brain1,weight_noise,0.05,autonomous,weight_noise_2_autonomous.npz,False,8,26.575424759098897,9,0.1421319796954314,False,False,5.390577840317261,113403.61421319796,0.1820222721370035,0.0063074924415142,0.0,0.9972310634364002,1.9038834984899904,0.1350032216025968,0.4699637200013306,0,0.375,0.0625,0.09375,0.1159420289855072,9.707578199999944,32,0.25,0.25
discovery,7144,701,legacy5,pulse,1e-06,autonomous,pulse_0_autonomous.npz,False,37,122.9113395108324,38,0.2690355329949238,True,False,14.551677284267862,648.9746192893401,0.0539728581788044,0.0115538940969517,0.0,0.9590622955385992,1.659786327325668e-09,0.2705231908060239,0.8755483013801362,0,1.0,0.28125,0.09375,0.0869565217391304,0.015075200000183,37,1.0,1.0
discovery,7144,701,legacy5,pulse,0.0001,autonomous,pulse_1_autonomous.npz,False,37,122.9113395108324,38,0.2690355329949238,True,False,14.55861116046842,649.9390862944163,0.0525669295999763,0.0115540398126922,0.0,0.9590616637926638,1.6597863844830392e-05,0.2699199193807015,0.8749450299534055,0,1.0,0.28125,0.09375,0.0869565217391304,0.0154419999998935,37,1.0,1.0
discovery,7144,701,legacy5,pulse,0.001,autonomous,pulse_2_autonomous.npz,False,0,0.0,1,0.0710659898477157,False,False,14.635742328525277,650.4416243654822,0.0518343668141658,0.0114941319613034,0.0,0.9590401695541766,1.5389015405093869,0.0722768857372179,0.8340026221130372,0,0.03125,0.09375,0.09375,0.0579710144927536,0.0148171999999249,37,0.0,0.0
discovery,7144,701,legacy5,ongoing,1e-06,autonomous,ongoing_0_autonomous.npz,False,37,122.9113395108324,38,0.2690355329949238,True,False,14.55727869301585,685.736040609137,0.000384780453153,0.0115538869801644,0.0,0.9590619233477802,6.414663942836457e-07,0.2704317620464612,0.8754655216055135,0,1.0,0.28125,0.09375,0.0869565217391304,0.3545988999999281,37,1.0,1.0
discovery,7144,701,legacy5,ongoing,0.0001,autonomous,ongoing_1_autonomous.npz,False,3,9.965784284662089,4,0.1319796954314721,False,False,14.90709348598677,685.994923857868,7.399624099124757e-06,0.0116530942729363,0.0,0.9611152921488562,1.831948359922491,0.137215660114549,0.8457793841462826,0,0.3125,0.09375,0.09375,0.1014492753623188,0.4630211999999574,37,0.08108108108108109,0.08108108108108109
discovery,7144,701,legacy5,ongoing,0.001,autonomous,ongoing_2_autonomous.npz,False,0,0.0,1,0.1269035532994923,False,False,26.064030036769463,686.0,0.0,0.0110661346344657,0.0,0.9564320323538404,2.380583592291272,0.1267339462400735,0.8515003050399738,0,0.15625,0.09375,0.109375,0.144927536231884,0.4749014000001352,37,0.0,0.0
discovery,7144,701,legacy5,edge_dropout,0.001,autonomous,edge_dropout_0_autonomous.npz,False,1,3.321928094887362,2,0.1116751269035533,False,False,13.354812318123754,647.9289340101523,0.0554971807432183,0.0108309308134292,0.0002115059221658,0.9520373449913648,2.0044341612718246,0.1164203148553961,0.8319897311970134,0,0.15625,0.125,0.078125,0.1159420289855072,0.0276911999999356,37,0.02702702702702703,0.02702702702702703
discovery,7144,701,legacy5,edge_dropout,0.005,autonomous,edge_dropout_1_autonomous.npz,False,1,3.321928094887362,2,0.0913705583756345,False,False,13.96525641942681,647.9187817258884,0.0555119799914163,0.0115314146845808,0.0002115059221658,0.9593611655454216,1.598308164534188,0.086876149669119,0.8370956358579754,0,0.09375,0.15625,0.09375,0.0579710144927536,0.0414336000001185,37,0.02702702702702703,0.02702702702702703
discovery,7144,701,legacy5,edge_dropout,0.01,autonomous,edge_dropout_2_autonomous.npz,False,1,3.321928094887362,2,0.1472081218274111,False,False,13.749825449880465,645.3807106598985,0.0592117920409643,0.0117171485878164,0.0002115059221658,0.9622448676112278,1.679999068375289,0.1376056697561685,0.837560553267694,0,0.15625,0.0625,0.203125,0.1304347826086956,0.0323146000000633,37,0.02702702702702703,0.02702702702702703
discovery,7144,701,legacy5,neuron_dropout,0.001,autonomous,neuron_dropout_0_autonomous.npz,False,0,0.0,1,0.1015228426395939,False,False,13.97447194144288,646.9289340101523,0.0569549066907401,0.0112457838606572,0.0002115059221658,0.960598755816064,1.6109555291782895,0.0976323354748055,0.869189000233768,0,0.1875,0.125,0.078125,0.072463768115942,0.040186100000028,37,0.0,0.0
discovery,7144,701,legacy5,neuron_dropout,0.005,autonomous,neuron_dropout_1_autonomous.npz,False,0,0.0,1,0.0862944162436548,False,False,6.047921463272459,639.9289340101523,0.0671589883233931,0.0115643553362244,0.0835448392554991,0.968104341903774,5.583030864773503,0.0907498664861511,0.874088708976805,0,0.0,0.0,0.203125,0.0579710144927536,0.0452087000001029,37,0.0,0.0
discovery,7144,701,legacy5,neuron_dropout,0.01,autonomous,neuron_dropout_2_autonomous.npz,False,0,0.0,1,0.0862944162436548,False,False,6.047921463272459,639.9289340101523,0.0671589883233931,0.0115643553362244,0.0835448392554991,0.968104341903774,5.583030864773503,0.0907498664861511,0.874088708976805,0,0.0,0.0,0.203125,0.0579710144927536,0.0494449000000258,37,0.0,0.0
discovery,7144,701,legacy5,weight_noise,0.001,autonomous,weight_noise_0_autonomous.npz,False,37,122.9113395108324,38,0.2791878172588832,True,False,14.690809892348,647.9289340101523,0.0554971807432183,0.0114529018336447,0.0002115059221658,0.9590946911372488,0.1599674650697546,0.2795588958617068,0.870606858153247,0,1.0,0.28125,0.09375,0.1159420289855072,0.0391996999999264,37,1.0,1.0
discovery,7144,701,legacy5,weight_noise,0.01,autonomous,weight_noise_1_autonomous.npz,False,37,122.9113395108324,38,0.3045685279187817,True,False,14.424401619789274,647.9289340101523,0.0554971807432183,0.0114636703719813,0.0002115059221658,0.9570704690189648,0.9837023913721946,0.29335531917897,0.8550414043448377,0,1.0,0.28125,0.109375,0.1739130434782608,0.0352471999999579,37,1.0,1.0
discovery,7144,701,legacy5,weight_noise,0.05,autonomous,weight_noise_2_autonomous.npz,False,0,0.0,1,0.1065989847715736,False,False,14.651240507310096,647.9289340101523,0.0554971807432183,0.0113257588080261,0.0002115059221658,0.960364930325893,1.579733807726908,0.108867797951226,0.8463465413251926,0,0.125,0.1875,0.0625,0.1014492753623188,0.0340871999999308,37,0.0,0.0
discovery,7144,701,brain5,pulse,1e-06,autonomous,pulse_0_autonomous.npz,False,35,116.26748332105768,36,0.2588832487309644,True,False,9.270261371705512,84838.50253807107,0.3880617824849351,0.002175718474847,0.0,0.9740195276240458,2.0419861574027927e-06,0.2483031136843272,0.8017009493577497,0,1.0,0.1875,0.0625,0.1304347826086956,3.458961399999908,35,1.0,1.0
discovery,7144,701,brain5,pulse,0.0001,autonomous,pulse_1_autonomous.npz,False,0,0.0,1,0.0761421319796954,False,False,9.631801737755632,86890.16243654823,0.3732632056163978,0.0020875486562832,0.0,0.9685370638896424,1.414869600136207,0.0913567024677665,0.7305572464733312,0,0.125,0.0625,0.09375,0.0434782608695652,3.324458699999923,35,0.0,0.0
discovery,7144,701,brain5,pulse,0.001,autonomous,pulse_2_autonomous.npz,False,0,0.0,1,0.116751269035533,False,False,9.762899486211737,88797.06598984772,0.3595087530215327,0.0021820431787347,0.0,0.9729881845099012,3.3894052434765545,0.1105678328538629,0.75026169069664,0,0.21875,0.09375,0.140625,0.0579710144927536,3.3738184000001183,35,0.0,0.0
discovery,7144,701,brain5,ongoing,1e-06,autonomous,ongoing_0_autonomous.npz,False,14,46.50699332842307,15,0.1878172588832487,False,False,9.886711430892342,137810.54822335026,0.0059756040987726,0.0021284675744411,0.0,0.9709289195836236,1.2569448709328284,0.1715591833708522,0.7660378486138079,0,0.53125,0.09375,0.046875,0.2028985507246377,4.252170500000148,35,0.4,0.4
discovery,7144,701,brain5,ongoing,0.0001,autonomous,ongoing_1_autonomous.npz,False,0,0.0,1,0.1421319796954314,False,False,15.983073033259409,138629.43654822334,6.898096334118087e-05,0.0021544692106872,0.0,0.9713653275461556,10.415060531552877,0.1351864095656971,0.8300467328609963,0,0.125,0.1875,0.109375,0.1594202898550724,4.211252099999911,35,0.0,0.0
discovery,7144,701,brain5,ongoing,0.001,autonomous,ongoing_2_autonomous.npz,False,0,0.0,1,0.116751269035533,False,False,40.592346733164,138638.1269035533,6.297625103401927e-06,0.0024674907192811,0.0,0.9160416452765344,879.4860238907232,0.109679227534765,0.8655426220844917,0,0.15625,0.15625,0.09375,0.1014492753623188,4.516485699999976,35,0.0,0.0
discovery,7144,701,brain5,edge_dropout,0.001,autonomous,edge_dropout_0_autonomous.npz,False,35,116.26748332105768,36,0.2639593908629442,True,False,9.870470941485236,82343.05076142131,0.4060614202250354,0.0021727198557893,0.0,0.9715376908549512,1.195477684596193,0.2381642952222277,0.7639945612452445,0,1.0,0.15625,0.140625,0.0869565217391304,3.364006199999949,35,1.0,1.0
discovery,7144,701,brain5,edge_dropout,0.005,autonomous,edge_dropout_1_autonomous.npz,False,3,9.965784284662089,4,0.1370558375634517,False,False,8.895645428639437,82036.61421319797,0.4082717401799063,0.0021200328079592,0.0,0.9684007365317088,1.6518771067052886,0.1309159269710018,0.7332236482130117,0,0.21875,0.125,0.09375,0.144927536231884,3.443563900000072,35,0.08571428571428572,0.08571428571428572
discovery,7144,701,brain5,edge_dropout,0.01,autonomous,edge_dropout_2_autonomous.npz,False,3,9.965784284662089,4,0.1116751269035533,False,False,9.61138931621096,81759.0812182741,0.4102735794525775,0.0021549838106803,0.0,0.9734197663305308,1.5654057008863398,0.1012311723359147,0.7422746313541996,0,0.28125,0.0,0.0625,0.1304347826086956,3.3798518000000968,35,0.08571428571428572,0.08571428571428572
discovery,7144,701,brain5,neuron_dropout,0.001,autonomous,neuron_dropout_0_autonomous.npz,False,0,0.0,1,0.1370558375634517,False,False,9.445979362880722,82542.1573604061,0.4046252687886806,0.0021375119327857,0.0,0.970950520578156,1.5758857469570309,0.1370635132998812,0.7224760252791896,0,0.21875,0.21875,0.125,0.072463768115942,3.4109674999999697,35,0.0,0.0
discovery,7144,701,brain5,neuron_dropout,0.005,autonomous,neuron_dropout_1_autonomous.npz,False,0,0.0,1,0.1218274111675127,False,False,6.166751540898852,79022.64467005077,0.4300114349493954,0.0016750246614676,0.0416666666666666,0.9684539910623096,7.326235768858448,0.1220246333464857,0.8404189368858281,0,0.125,0.1875,0.125,0.0869565217391304,3.3368345999999747,35,0.0,0.0
discovery,7144,701,brain5,neuron_dropout,0.01,autonomous,neuron_dropout_2_autonomous.npz,False,0,0.0,1,0.1218274111675127,False,False,6.166587575110808,78417.93908629441,0.4343731627731416,0.0016765294615312,0.0416666666666666,0.9685064524360704,7.322706824669289,0.1195635890953022,0.85244751620909,0,0.125,0.1875,0.125,0.0869565217391304,3.2920838000000003,35,0.0,0.0
discovery,7144,701,brain5,weight_noise,0.001,autonomous,weight_noise_0_autonomous.npz,False,35,116.26748332105768,36,0.2690355329949238,True,False,9.870836886816928,82347.73604060913,0.4060276254112541,0.0021303381215781,0.0,0.9706116477910152,0.8039219385314944,0.2489114764185681,0.7595834562352656,0,1.0,0.1875,0.078125,0.144927536231884,3.7723682999999255,35,1.0,1.0
discovery,7144,701,brain5,weight_noise,0.01,autonomous,weight_noise_1_autonomous.npz,False,21,69.7604899926346,22,0.1979695431472081,False,False,9.59634947018276,83105.30456852792,0.4005633005970331,0.0022090827189886,0.0,0.9701272263155862,1.282011133515338,0.1833295059450235,0.7394308777672383,0,0.65625,0.0625,0.109375,0.1304347826086956,3.4415674000001677,35,0.6,0.6
discovery,7144,701,brain5,weight_noise,0.05,autonomous,weight_noise_2_autonomous.npz,False,6,19.93156856932417,7,0.182741116751269,False,False,9.223961892326702,81629.72588832487,0.411206616548555,0.0021628402767994,0.0,0.9717802811661084,1.382633856867109,0.1621818732476883,0.7740253558240926,0,0.25,0.09375,0.21875,0.1594202898550724,3.497440000000097,35,0.17142857142857143,0.17142857142857143
discovery,7144,701,brain1,pulse,1e-06,autonomous,pulse_0_autonomous.npz,False,35,116.26748332105768,36,0.2791878172588832,True,False,9.507931044064389,117366.45177664974,0.1534384136018743,0.0060369414929225,0.0,0.9969541435135276,1.935494002748405e-06,0.2652616573501886,0.6428497724028206,0,1.0,0.15625,0.125,0.144927536231884,9.028882300000078,35,1.0,1.0
discovery,7144,701,brain1,pulse,0.0001,autonomous,pulse_1_autonomous.npz,False,0,0.0,1,0.1421319796954314,False,False,8.346363308600534,118265.40101522845,0.1469543128901071,0.0061121574423273,0.0,0.9971511495401196,1.3195566964697494,0.1128188584740616,0.5654696744870694,0,0.125,0.1875,0.15625,0.1159420289855072,9.057238100000175,35,0.0,0.0
discovery,7144,701,brain1,pulse,0.001,autonomous,pulse_2_autonomous.npz,False,0,0.0,1,0.1472081218274111,False,False,9.431363256791574,119771.36040609136,0.1360918615534491,0.005865908974133,0.0,0.996557295568828,3.581443771172533,0.1146685071938083,0.638688226400512,0,0.125,0.15625,0.1875,0.1159420289855072,9.964115199999924,35,0.0,0.0
discovery,7144,701,brain1,ongoing,1e-06,autonomous,ongoing_0_autonomous.npz,False,17,56.47277761308516,18,0.1979695431472081,False,False,9.42503954033868,137845.43654822334,0.0057239553933355,0.0058702606554959,0.0,0.9967659197991584,1.484990265509491,0.1852133803302213,0.6736363802972559,0,0.65625,0.0625,0.171875,0.072463768115942,10.940131199999996,35,0.4857142857142857,0.4857142857142857
discovery,7144,701,brain1,ongoing,0.0001,autonomous,ongoing_1_autonomous.npz,False,0,0.0,1,0.1116751269035533,False,False,15.185290008386554,138629.48223350252,6.865143644629867e-05,0.0058655518668576,0.0,0.9957481276080796,6.054184869236896,0.1120873864210552,0.8384019074982244,0,0.1875,0.09375,0.078125,0.1159420289855072,10.638412300000027,35,0.0,0.0
discovery,7144,701,brain1,ongoing,0.001,autonomous,ongoing_2_autonomous.npz,False,0,0.0,1,0.0862944162436548,False,False,38.559941476300295,138638.0152284264,7.103135290953411e-06,0.005946854757524,0.0,0.982131831455774,424.1935098519933,0.0926610265563166,0.859474806039368,0,0.125,0.0625,0.09375,0.072463768115942,10.452846099999988,35,0.0,0.0
discovery,7144,701,brain1,edge_dropout,0.001,autonomous,edge_dropout_0_autonomous.npz,False,35,116.26748332105768,36,0.2588832487309644,True,False,9.891379933178564,116466.42639593908,0.1599302765027223,0.005827002159251,0.0,0.9965463083853754,1.2041935563071364,0.2451662898074242,0.7238689137488724,0,1.0,0.15625,0.125,0.0869565217391304,9.136940900000354,35,1.0,1.0
discovery,7144,701,brain1,edge_dropout,0.005,autonomous,edge_dropout_1_autonomous.npz,False,4,13.287712379549449,5,0.1269035532994923,False,False,8.995744289062149,114747.9695431472,0.1723254672700523,0.0061031937774208,0.0,0.9972599653292868,0.8659432133762444,0.1287560064519693,0.5374230734967926,0,0.25,0.125,0.109375,0.0869565217391304,8.91845020000028,35,0.11428571428571428,0.11428571428571428
discovery,7144,701,brain1,edge_dropout,0.01,autonomous,edge_dropout_2_autonomous.npz,False,4,13.287712379549449,5,0.1116751269035533,False,False,7.350126338276451,114067.20304568528,0.1772358207597769,0.0060513742014494,0.0,0.9973269285399016,1.5294503351525932,0.1067589375015151,0.5994656674805067,0,0.25,0.09375,0.0625,0.1014492753623188,8.87118240000018,35,0.11428571428571428,0.11428571428571428
discovery,7144,701,brain1,neuron_dropout,0.001,autonomous,neuron_dropout_0_autonomous.npz,False,11,36.541209043760986,12,0.1776649746192893,False,False,9.380468725582832,116144.68527918782,0.1622509879673986,0.0058715732990071,0.0,0.9962838716508744,1.677731859794536,0.149262351065784,0.7028108991241427,0,0.375,0.09375,0.15625,0.144927536231884,9.936788200000136,35,0.3142857142857143,0.3142857142857143
discovery,7144,701,brain1,neuron_dropout,0.005,autonomous,neuron_dropout_1_autonomous.npz,False,0,0.0,1,0.1370558375634517,False,False,2.2670987319196434,104473.7766497462,0.2464329903580796,0.0064989613811933,0.0416666666666666,0.999836608591413,9.917441884438016,0.1354758684811431,0.9838493595611684,0,0.1875,0.0625,0.171875,0.1159420289855072,9.141136300000198,35,0.0,0.0
discovery,7144,701,brain1,neuron_dropout,0.01,autonomous,neuron_dropout_2_autonomous.npz,False,0,0.0,1,0.1370558375634517,False,False,2.2660399008630687,103878.05583756346,0.2507299112258205,0.0064808124643843,0.0416666666666666,0.9998355509949924,9.861231106274252,0.1355206936023913,0.983751074961423,0,0.1875,0.0625,0.171875,0.1159420289855072,8.767935000000307,35,0.0,0.0
discovery,7144,701,brain1,weight_noise,0.001,autonomous,weight_noise_0_autonomous.npz,False,35,116.26748332105768,36,0.248730964467005,True,False,9.492795713120143,115462.02538071066,0.1671749985162136,0.0060508310545833,0.0,0.9970270076956698,0.2731265670632656,0.2611196667327016,0.6425503934183832,0,1.0,0.15625,0.125,0.0579710144927536,9.255803099999866,35,1.0,1.0
discovery,7144,701,brain1,weight_noise,0.01,autonomous,weight_noise_1_autonomous.npz,False,6,19.93156856932417,7,0.1269035532994923,False,False,9.185003800537956,116483.19289340102,0.1598093401322786,0.0058895045876549,0.0,0.9967031195758418,1.8287912928344168,0.124263690830605,0.6835848102910455,0,0.3125,0.15625,0.078125,0.072463768115942,9.866475100000116,35,0.17142857142857143,0.17142857142857143
discovery,7144,701,brain1,weight_noise,0.05,autonomous,weight_noise_2_autonomous.npz,False,1,3.321928094887362,2,0.1065989847715736,False,False,9.78330172268745,116509.96446700508,0.1596162373718428,0.0058150439681948,0.0,0.9967358648161871,1.5984669860686913,0.0993226282704405,0.6977529523763049,0,0.15625,0.0,0.09375,0.144927536231884,9.71008559999973,35,0.02857142857142857,0.02857142857142857
discovery,7144,702,legacy5,pulse,1e-06,autonomous,pulse_0_autonomous.npz,False,38,126.23326760571976,39,0.2842639593908629,True,False,14.766583922072442,646.9340101522843,0.0569475070666409,0.012935396625485,0.0,0.9762985408034528,4.207736775042161e-09,0.2752526492610313,0.8879382913273118,0,1.0,0.25,0.171875,0.072463768115942,0.0149145000000316,38,1.0,1.0
discovery,7144,702,legacy5,pulse,0.0001,autonomous,pulse_1_autonomous.npz,False,38,126.23326760571976,39,0.2842639593908629,True,False,14.769736285110554,647.9492385786803,0.0554675822468218,0.0129354573135156,0.0,0.9762974877479308,4.207736756259616e-05,0.2752842234184881,0.8879698654637025,0,1.0,0.25,0.171875,0.072463768115942,0.0358146999999462,38,1.0,1.0
discovery,7144,702,legacy5,pulse,0.001,autonomous,pulse_2_autonomous.npz,False,0,0.0,1,0.065989847715736,False,False,12.432801257302105,648.4720812182741,0.054705420964615,0.0127964797460361,0.0,0.9755713016798424,1.3431355924644095,0.069740817295803,0.9043670628028296,0,0.03125,0.09375,0.0625,0.072463768115942,0.0526772000000619,38,0.0,0.0
discovery,7144,702,legacy5,ongoing,1e-06,autonomous,ongoing_0_autonomous.npz,False,38,126.23326760571976,39,0.2842639593908629,True,False,14.773908961332854,685.7055837563452,0.0004291781977475,0.0129354015092359,0.0,0.9762985840758364,8.013097452693038e-07,0.2752119122720822,0.8880833548135865,0,1.0,0.25,0.171875,0.072463768115942,0.5191651000000093,38,1.0,1.0
discovery,7144,702,legacy5,ongoing,0.0001,autonomous,ongoing_1_autonomous.npz,False,1,3.321928094887362,2,0.0964467005076142,False,False,16.432756797170068,686.0,0.0,0.0127777684296694,0.0,0.9772397999347096,1.983457406656256,0.1046363706175061,0.8493071708878412,0,0.09375,0.0,0.109375,0.1304347826086956,0.4914760000001479,38,0.02631578947368421,0.02631578947368421
discovery,7144,702,legacy5,ongoing,0.001,autonomous,ongoing_2_autonomous.npz,False,0,0.0,1,0.1065989847715736,False,False,28.16028619977365,686.0,0.0,0.0122822789840542,0.0,0.9729894164938228,2.6450942581589896,0.1047511150971148,0.864217006389668,0,0.0,0.125,0.078125,0.1739130434782608,0.5056406999999581,38,0.0,0.0
discovery,7144,702,legacy5,edge_dropout,0.001,autonomous,edge_dropout_0_autonomous.npz,False,4,13.287712379549449,5,0.1370558375634517,False,False,15.712090083847574,645.725888324873,0.0587086176022259,0.0126873867718107,0.0002115059221658,0.976447260913296,1.8273650700900408,0.1304523625868227,0.8813106529886962,0,0.28125,0.15625,0.109375,0.0869565217391304,0.054573800000071,38,0.10526315789473684,0.10526315789473684
discovery,7144,702,legacy5,edge_dropout,0.005,autonomous,edge_dropout_1_autonomous.npz,False,4,13.287712379549449,5,0.1421319796954314,False,False,15.80410355420678,645.8578680203045,0.0585162273756494,0.0126495763311322,0.0002115059221658,0.9759993594945456,1.5400413907533292,0.1483499353316498,0.8560978055775316,0,0.25,0.125,0.140625,0.1014492753623188,0.0480520000000979,38,0.10526315789473684,0.10526315789473684
discovery,7144,702,legacy5,edge_dropout,0.01,autonomous,edge_dropout_2_autonomous.npz,False,4,13.287712379549449,5,0.1065989847715736,False,False,14.362140771745402,645.3604060913706,0.0592413905373606,0.0123455973896035,0.0002115059221658,0.9761551487348996,1.4687276823249056,0.1128545159551197,0.9152670854628993,0,0.21875,0.09375,0.125,0.0434782608695652,0.0481054000001677,38,0.10526315789473684,0.10526315789473684
discovery,7144,702,legacy5,neuron_dropout,0.001,autonomous,neuron_dropout_0_autonomous.npz,False,38,126.23326760571976,39,0.2842639593908629,True,False,14.76656654617176,645.9441624365483,0.0583904337659646,0.012935396012468,0.0002115059221658,0.9762985509733244,0.0,0.2752519936352323,0.8879376357017258,0,1.0,0.25,0.171875,0.072463768115942,0.0418303999999807,38,1.0,1.0
discovery,7144,702,legacy5,neuron_dropout,0.005,autonomous,neuron_dropout_1_autonomous.npz,False,38,126.23326760571976,39,0.3045685279187817,True,False,15.071571372391118,644.9441624365483,0.0598481597134865,0.013016036787105,0.0002115059221658,0.9765790227203528,0.8748520571894609,0.3028373175734277,0.8488632239776486,0,1.0,0.25,0.203125,0.1014492753623188,0.045940900000005,38,1.0,1.0
discovery,7144,702,legacy5,neuron_dropout,0.01,autonomous,neuron_dropout_2_autonomous.npz,False,5,16.609640474436812,6,0.1472081218274111,False,False,15.151960798916926,643.9441624365483,0.0613058856610083,0.0129169945585425,0.0002115059221658,0.9773022922919736,1.8634306820196973,0.1419834007244674,0.8881179064993144,0,0.15625,0.09375,0.140625,0.1739130434782608,0.0467825999999149,38,0.13157894736842105,0.13157894736842105
discovery,7144,702,legacy5,weight_noise,0.001,autonomous,weight_noise_0_autonomous.npz,False,38,126.23326760571976,39,0.2690355329949238,True,False,15.29269914290661,645.9441624365483,0.0583904337659646,0.0128865130389238,0.0002115059221658,0.975893545353022,0.942715635732186,0.2643159868671167,0.859561983681649,0,1.0,0.25,0.125,0.072463768115942,0.0420854999999846,38,1.0,1.0
discovery,7144,702,legacy5,weight_noise,0.01,autonomous,weight_noise_1_autonomous.npz,False,7,23.253496664211536,8,0.1624365482233502,False,False,14.525372213617093,645.9441624365483,0.0583904337659646,0.0125901837501353,0.0002115059221658,0.9774227428248656,2.15482275388025,0.1613986958103173,0.8617037718838958,0,0.34375,0.0,0.1875,0.1304347826086956,0.0489050000001043,38,0.18421052631578946,0.18421052631578946
discovery,7144,702,legacy5,weight_noise,0.05,autonomous,weight_noise_2_autonomous.npz,False,5,16.609640474436812,6,0.1116751269035533,False,False,14.722692736204763,645.9441624365483,0.0583904337659646,0.0122069367702099,0.0002115059221658,0.9754296373006957,2.024681238172126,0.1089808283365312,0.8508262972443286,0,0.25,0.09375,0.078125,0.0869565217391304,0.0438025000000834,38,0.13157894736842105,0.13157894736842105
discovery,7144,702,brain5,pulse,1e-06,autonomous,pulse_0_autonomous.npz,False,35,116.26748332105768,36,0.2538071065989847,True,False,9.944930134112557,84088.18781725888,0.3934737857510594,0.0020713563476473,0.0,0.9809152725108868,8.667718228929066e-06,0.2386563132606733,0.8285941593511278,0,1.0,0.21875,0.0625,0.1014492753623188,3.4802016000001004,35,1.0,1.0
discovery,7144,702,brain5,pulse,0.0001,autonomous,pulse_1_autonomous.npz,False,0,0.0,1,0.116751269035533,False,False,9.770538355884044,86779.55329949239,0.374061026843151,0.002084689843182,0.0,0.981110619398392,1.469338580815996,0.1090506544548623,0.815637297778307,0,0.09375,0.15625,0.09375,0.1304347826086956,3.728100999999924,35,0.0,0.0
discovery,7144,702,brain5,pulse,0.001,autonomous,pulse_2_autonomous.npz,False,0,0.0,1,0.0964467005076142,False,False,10.29378576253115,88179.78172588833,0.3639612105836862,0.0020862350844233,0.0001057529610829,0.9813360688243942,9.944809133714442,0.0954727010104402,0.8131333787528439,0,0.125,0.0625,0.109375,0.0869565217391304,3.586260500000208,35,0.0,0.0
discovery,7144,702,brain5,ongoing,1e-06,autonomous,ongoing_0_autonomous.npz,False,1,3.321928094887362,2,0.1421319796954314,False,False,10.472650991305333,137811.5431472081,0.0059684277352829,0.0020704735639333,0.0,0.9817014014702242,1.4019542049388034,0.1463097219447961,0.7861497648410939,0,0.125,0.125,0.125,0.1739130434782608,4.5964713999997,35,0.02857142857142857,0.02857142857142857
discovery,7144,702,brain5,ongoing,0.0001,autonomous,ongoing_1_autonomous.npz,False,0,0.0,1,0.1218274111675127,False,False,17.70534495851691,138629.41116751268,6.916403383838698e-05,0.0021549060084006,0.0,0.981852968279551,14.24323766498914,0.1119652975511185,0.8921715864051283,0,0.1875,0.15625,0.109375,0.0869565217391304,4.660859600000094,35,0.0,0.0
discovery,7144,702,brain5,ongoing,0.001,autonomous,ongoing_2_autonomous.npz,False,0,0.0,1,0.1116751269035533,False,False,42.25573612898254,138637.97969543148,7.359433986997565e-06,0.0025154246618885,0.0,0.9273225851135904,1258.1674497591948,0.1109319869461955,0.9132767268804594,0,0.1875,0.15625,0.09375,0.072463768115942,4.563939399999981,35,0.0,0.0
discovery,7144,702,brain5,edge_dropout,0.001,autonomous,edge_dropout_0_autonomous.npz,False,4,13.287712379549449,5,0.1015228426395939,False,False,10.47173181669013,79399.9187817259,0.4272901652368677,0.0020657433957136,0.0,0.9822970627992852,1.3231616605223409,0.1022246282095309,0.7943304429174256,0,0.28125,0.09375,0.09375,0.0289855072463768,3.747686299999714,35,0.11428571428571428,0.11428571428571428
discovery,7144,702,brain5,edge_dropout,0.005,autonomous,edge_dropout_1_autonomous.npz,False,4,13.287712379549449,5,0.0964467005076142,False,False,10.110450343616858,79588.39086294416,0.4259307203388357,0.0020444781785027,0.0,0.982689686350022,1.4509881660888428,0.0979652814561335,0.7936973067604335,0,0.15625,0.03125,0.09375,0.1014492753623188,3.653574899999967,35,0.11428571428571428,0.11428571428571428
discovery,7144,702,brain5,edge_dropout,0.01,autonomous,edge_dropout_2_autonomous.npz,False,2,6.643856189774724,3,0.0913705583756345,False,False,10.134276105984783,79989.10152284264,0.4230404033292029,0.0020333775451362,0.0,0.981597349006535,1.5303123811411037,0.0955564963054316,0.8157276020967335,0,0.09375,0.0,0.078125,0.144927536231884,3.6503844999997455,35,0.05714285714285714,0.05714285714285714
discovery,7144,702,brain5,neuron_dropout,0.001,autonomous,neuron_dropout_0_autonomous.npz,False,35,116.26748332105768,36,0.2538071065989847,True,False,9.946506304517952,80934.32487309644,0.4162225284869594,0.0020716002338007,0.0,0.9809206937952082,1.6709402513838584e-06,0.2386566548391021,0.8288183292593819,0,1.0,0.21875,0.0625,0.1014492753623188,3.881954399999813,35,1.0,1.0
discovery,7144,702,brain5,neuron_dropout,0.005,autonomous,neuron_dropout_1_autonomous.npz,False,35,116.26748332105768,36,0.2538071065989847,True,False,9.945016830620668,80080.79695431472,0.4223790062369555,0.0020717534188779,0.0,0.9809231699447952,0.000426882335604,0.2355980838654117,0.8263001576700979,0,1.0,0.21875,0.0625,0.1014492753623188,3.66389079999999,35,1.0,1.0
discovery,7144,702,brain5,neuron_dropout,0.01,autonomous,neuron_dropout_2_autonomous.npz,False,6,19.93156856932417,7,0.1675126903553299,False,False,9.885012660097829,80354.07614213198,0.4204078495796134,0.0020600566516886,0.0,0.9799185890076018,1.5987323949564196,0.1558016654363994,0.8153543932943124,0,0.25,0.0625,0.21875,0.1304347826086956,3.5514420000004066,35,0.17142857142857143,0.17142857142857143
discovery,7144,702,brain5,weight_noise,0.001,autonomous,weight_noise_0_autonomous.npz,False,35,116.26748332105768,36,0.2538071065989847,True,False,9.946207971156888,81060.73604060913,0.4153107275686557,0.002071350775885,0.0001057529610829,0.9809192594596172,5.881941930645713e-05,0.2396959867026451,0.8296561254633877,0,1.0,0.21875,0.0625,0.1014492753623188,3.4830463999996937,35,1.0,1.0
discovery,7144,702,brain5,weight_noise,0.01,autonomous,weight_noise_1_autonomous.npz,False,6,19.93156856932417,7,0.1573604060913705,False,False,10.374968269119076,80447.32994923858,0.4197352119588385,0.0020633555237165,0.0,0.9810214651755528,1.3680428100648852,0.1477483341035386,0.8142180892389653,0,0.28125,0.0625,0.1875,0.1159420289855072,3.585335699999632,35,0.17142857142857143,0.17142857142857143
discovery,7144,702,brain5,weight_noise,0.05,autonomous,weight_noise_2_autonomous.npz,False,1,3.321928094887362,2,0.1116751269035533,False,False,10.283988912332669,78976.35532994923,0.4303453189221703,0.0020935399646199,0.0,0.9833190623465672,1.4764521579847647,0.1174614899773962,0.8305397412743223,0,0.0625,0.0625,0.109375,0.1594202898550724,3.671379500000057,35,0.02857142857142857,0.02857142857142857
discovery,7144,702,brain1,pulse,1e-06,autonomous,pulse_0_autonomous.npz,False,35,116.26748332105768,36,0.2538071065989847,True,False,7.743691336569743,107978.2385786802,0.2211553850021984,0.0054658499040941,0.0,0.9990913651492572,1.5245369016319216e-06,0.2486725404891661,0.9450295101685766,0,1.0,0.1875,0.078125,0.1014492753623188,10.165755699999863,35,1.0,1.0
discovery,7144,702,brain1,pulse,0.0001,autonomous,pulse_1_autonomous.npz,False,0,0.0,1,0.0964467005076142,False,False,8.03697987334587,109684.60913705584,0.2088473724056301,0.0055279309928277,0.0,0.998706522766994,0.8420309249394975,0.0999216041465893,0.8834171556226126,0,0.15625,0.0,0.109375,0.1014492753623188,8.551181799999995,35,0.0,0.0
discovery,7144,702,brain1,pulse,0.001,autonomous,pulse_2_autonomous.npz,False,0,0.0,1,0.116751269035533,False,False,5.339366119273837,109488.7614213198,0.2102600175901456,0.0053608339400657,0.0,0.9997438882117712,2.566071508140142,0.1219632104942444,0.9723874664676576,0,0.125,0.21875,0.078125,0.1014492753623188,9.022289699999874,35,0.0,0.0
discovery,7144,702,brain1,ongoing,1e-06,autonomous,ongoing_0_autonomous.npz,False,6,19.93156856932417,7,0.1370558375634517,False,False,7.90956546584317,137837.72588832487,0.0057795722103818,0.0055710216171544,0.0,0.9985947356273616,1.2828056597249278,0.1307351441706432,0.8863441417058391,0,0.3125,0.09375,0.109375,0.1014492753623188,10.483243700000004,35,0.17142857142857143,0.17142857142857143
discovery,7144,702,brain1,ongoing,0.0001,autonomous,ongoing_1_autonomous.npz,False,0,0.0,1,0.0913705583756345,False,False,19.324764901161053,138628.96446700508,7.238607458881496e-05,0.0056749454596653,0.0,0.9971437515406936,6.074596448419207,0.0792520754215801,0.8682959650229086,0,0.03125,0.09375,0.125,0.0869565217391304,10.235313900000165,35,0.0,0.0
discovery,7144,702,brain1,ongoing,0.001,autonomous,ongoing_2_autonomous.npz,False,0,0.0,1,0.1065989847715736,False,False,42.95090678052034,138638.00507614214,7.1763634897914486e-06,0.005789743378576,0.0,0.9827412207720364,329.16783350660586,0.0983573150229903,0.8698382159264434,0,0.03125,0.125,0.09375,0.144927536231884,10.376542999999856,35,0.0,0.0
discovery,7144,702,brain1,edge_dropout,0.001,autonomous,edge_dropout_0_autonomous.npz,False,2,6.643856189774724,3,0.1065989847715736,False,False,6.915439068537301,105155.70558375634,0.2415142522395837,0.005355501548361,0.0,0.9994154382789286,0.8438729636699672,0.1005469383249092,0.9393399066847884,0,0.09375,0.1875,0.078125,0.1014492753623188,9.074953899999857,35,0.05714285714285714,0.05714285714285714
discovery,7144,702,brain1,edge_dropout,0.005,autonomous,edge_dropout_1_autonomous.npz,False,2,6.643856189774724,3,0.1269035532994923,False,False,6.3453942451798175,104586.42639593908,0.2456204502633524,0.0052367344067434,0.0,0.9996793180465532,1.0967690649564372,0.1225444808682403,0.9546925998249652,0,0.1875,0.21875,0.078125,0.1014492753623188,9.067338599999855,35,0.05714285714285714,0.05714285714285714
discovery,7144,702,brain1,edge_dropout,0.01,autonomous,edge_dropout_2_autonomous.npz,False,1,3.321928094887362,2,0.1218274111675127,False,False,4.33267656621846,104210.61421319796,0.2483311751152419,0.0052000774053268,0.0,0.9997877671712566,1.3283877742161934,0.1237574662309094,0.962618382856804,0,0.15625,0.21875,0.078125,0.1014492753623188,9.838296700000228,35,0.02857142857142857,0.02857142857142857
discovery,7144,702,brain1,neuron_dropout,0.001,autonomous,neuron_dropout_0_autonomous.npz,False,35,116.26748332105768,36,0.2588832487309644,True,False,7.600753409340423,105932.75126903554,0.2359094391258193,0.0054629519465912,0.0,0.9991358394810074,0.0505385575803569,0.2498812100458341,0.9495799506490152,0,1.0,0.21875,0.078125,0.1014492753623188,7.328554100000019,35,1.0,1.0
discovery,7144,702,brain1,neuron_dropout,0.005,autonomous,neuron_dropout_1_autonomous.npz,False,6,19.93156856932417,7,0.1421319796954314,False,False,5.908977437562077,103864.67512690356,0.250826425991939,0.0053878197247446,0.0,0.999653744568642,0.9642471889634736,0.1353944726609273,0.9437538588700336,0,0.28125,0.21875,0.078125,0.1014492753623188,10.107748899999931,35,0.17142857142857143,0.17142857142857143
discovery,7144,702,brain1,neuron_dropout,0.01,autonomous,neuron_dropout_2_autonomous.npz,False,2,6.643856189774724,3,0.1015228426395939,False,False,6.2324566343936985,101950.7157360406,0.2646317721850229,0.0053206571251007,0.0,0.9992501476374416,0.684390453855893,0.1002002860967658,0.9403272056573644,0,0.125,0.125,0.078125,0.1014492753623188,10.237225899999885,35,0.05714285714285714,0.05714285714285714
discovery,7144,702,brain1,weight_noise,0.001,autonomous,weight_noise_0_autonomous.npz,False,35,116.26748332105768,36,0.2538071065989847,True,False,7.743687991680818,106107.2233502538,0.2346509759140371,0.0054657995207017,0.0,0.999091359762624,1.2069936235855278e-05,0.2486287868336152,0.9446718850239604,0,1.0,0.1875,0.078125,0.1014492753623188,9.257657699999982,35,1.0,1.0
discovery,7144,702,brain1,weight_noise,0.01,autonomous,weight_noise_1_autonomous.npz,False,6,19.93156856932417,7,0.1421319796954314,False,False,6.109754749167522,105604.69543147208,0.2382756985301966,0.0053806158114117,0.0,0.9996851344442064,0.9196067978050176,0.1345877396341509,0.964103723567486,0,0.28125,0.21875,0.078125,0.1014492753623188,9.19193949999999,35,0.17142857142857143,0.17142857142857143
discovery,7144,702,brain1,weight_noise,0.05,autonomous,weight_noise_2_autonomous.npz,False,1,3.321928094887362,2,0.1218274111675127,False,False,3.976624298595121,104960.8426395939,0.2429197942888082,0.0053763464376033,0.0,0.9998270792523328,1.1253576178406692,0.1167099983724071,0.9592299720320282,0,0.15625,0.21875,0.078125,0.1014492753623188,9.274187800000163,35,0.02857142857142857,0.02857142857142857
discovery,7145,701,legacy5,pulse,1e-06,autonomous,pulse_0_autonomous.npz,False,32,106.3016990363956,33,0.2284263959390862,True,False,14.151169649405166,648.9543147208121,0.0540024566752009,0.0129698855956003,0.0,0.9669494296397873,1.489484767371573e-09,0.2314509089581091,0.8298791307914639,0,1.0,0.125,0.046875,0.0869565217391304,0.0159920000000965,32,1.0,1.0
discovery,7145,701,legacy5,pulse,0.0001,autonomous,pulse_1_autonomous.npz,False,32,106.3016990363956,33,0.2284263959390862,True,False,14.15092216282394,649.9238578680203,0.0525891284722737,0.0129694893065286,0.0,0.9669479862003912,1.4894855827980915e-05,0.2311542422086465,0.8295824648840255,0,1.0,0.125,0.046875,0.0869565217391304,0.0159802999996827,32,1.0,1.0
discovery,7145,701,legacy5,pulse,0.001,autonomous,pulse_2_autonomous.npz,False,0,0.0,1,0.0862944162436548,False,False,12.90572243787681,650.4060913705583,0.0518861641828596,0.0123956030143584,0.0,0.9647339942411212,2.001721152349781,0.0959234791860674,0.7796059818071605,0,0.09375,0.03125,0.109375,0.0869565217391304,0.0176363000000492,32,0.0,0.0
discovery,7145,701,legacy5,ongoing,1e-06,autonomous,ongoing_0_autonomous.npz,False,32,106.3016990363956,33,0.2538071065989847,True,False,14.16007630009956,685.7005076142132,0.0004365778218466,0.0128159907956278,0.0,0.9667805720908672,1.5030720367445014,0.2530910972284427,0.8285762490756398,0,1.0,0.125,0.09375,0.1159420289855072,0.4588386999998874,32,1.0,1.0
discovery,7145,701,legacy5,ongoing,0.0001,autonomous,ongoing_1_autonomous.npz,False,4,13.287712379549449,5,0.1421319796954314,False,False,14.459352040594723,686.0,0.0,0.0124402393209951,0.0,0.9660553840832742,2.165302070325548,0.1430951736374043,0.8180137589784894,0,0.21875,0.09375,0.140625,0.1304347826086956,0.4838698999997177,32,0.125,0.125
discovery,7145,701,legacy5,ongoing,0.001,autonomous,ongoing_2_autonomous.npz,False,0,0.0,1,0.1218274111675127,False,False,24.009528625543457,686.0,0.0,0.0128695532042112,0.0,0.9662628759627808,3.107060413844841,0.1110054646608917,0.8647556262860184,0,0.15625,0.15625,0.109375,0.1014492753623188,0.4541911999999684,32,0.0,0.0
discovery,7145,701,legacy5,edge_dropout,0.001,autonomous,edge_dropout_0_autonomous.npz,False,14,46.50699332842307,15,0.1979695431472081,False,False,13.926081392983932,647.9340101522843,0.0554897811191191,0.0127220150056659,0.0002115059221658,0.9680002087445848,1.9342343109046811,0.1926070145111662,0.8198985938963773,0,0.5625,0.125,0.09375,0.1594202898550724,0.0462686999999277,32,0.4375,0.4375
discovery,7145,701,legacy5,edge_dropout,0.005,autonomous,edge_dropout_1_autonomous.npz,False,11,36.541209043760986,12,0.1319796954314721,False,False,14.014935603350263,647.730964467005,0.055785766083083,0.0125424003544954,0.0002115059221658,0.9678993194945316,2.0284903962173653,0.1293734388503392,0.8049344783438566,0,0.40625,0.03125,0.140625,0.0434782608695652,0.0433898999999655,32,0.34375,0.34375
discovery,7145,701,legacy5,edge_dropout,0.01,autonomous,edge_dropout_2_autonomous.npz,False,6,19.93156856932417,7,0.1370558375634517,False,False,13.926643673238823,647.4720812182741,0.0561631469121369,0.0129477609880914,0.0002115059221658,0.9682420680280984,1.918816526357284,0.1328816835181405,0.8252071379841873,0,0.25,0.03125,0.203125,0.072463768115942,0.0488617999999405,32,0.1875,0.1875
discovery,7145,701,legacy5,neuron_dropout,0.001,autonomous,neuron_dropout_0_autonomous.npz,False,32,106.3016990363956,33,0.2284263959390862,True,False,14.151178556076472,647.9340101522843,0.0554897811191191,0.0129698895984976,0.0002115059221658,0.966949443900931,0.0,0.231450690317604,0.8298789121424536,0,1.0,0.125,0.046875,0.0869565217391304,0.0468479000001025,32,1.0,1.0
discovery,7145,701,legacy5,neuron_dropout,0.005,autonomous,neuron_dropout_1_autonomous.npz,False,13,43.18506523353571,14,0.2081218274111675,False,False,13.637733901744127,643.9340101522843,0.0613206849092066,0.0134524453425753,0.0002115059221658,0.9707838904333024,2.1936397887965056,0.1817093082158797,0.779173827973834,0,0.46875,0.21875,0.0625,0.217391304347826,0.0506179000003612,32,0.40625,0.40625
discovery,7145,701,legacy5,neuron_dropout,0.01,autonomous,neuron_dropout_2_autonomous.npz,False,12,39.86313713864835,13,0.1624365482233502,False,False,14.10739147248798,639.9340101522843,0.067151588699294,0.0134129093158632,0.0002115059221658,0.9720981084422976,2.117113983107522,0.1557610700209691,0.8203748220775373,0,0.46875,0.1875,0.078125,0.0869565217391304,0.0492318999999952,32,0.375,0.375
discovery,7145,701,legacy5,weight_noise,0.001,autonomous,weight_noise_0_autonomous.npz,False,32,106.3016990363956,33,0.2385786802030456,True,False,13.993906591039314,647.9340101522843,0.0554897811191191,0.0127162682037857,0.0002115059221658,0.9653393969078502,0.5142431511609344,0.2400913776367895,0.8315862732269855,0,1.0,0.125,0.046875,0.1159420289855072,0.0525652999999692,32,1.0,1.0
discovery,7145,701,legacy5,weight_noise,0.01,autonomous,weight_noise_1_autonomous.npz,False,32,106.3016990363956,33,0.3045685279187817,True,False,12.83725847145291,647.9340101522843,0.0554897811191191,0.0121306001982145,0.0002115059221658,0.96669202431522,2.2741307095386,0.3016005062794478,0.8675891128215675,0,1.0,0.1875,0.1875,0.144927536231884,0.0437834999997903,32,1.0,1.0
discovery,7145,701,legacy5,weight_noise,0.05,autonomous,weight_noise_2_autonomous.npz,False,0,0.0,1,0.116751269035533,False,False,11.25785093480214,647.9340101522843,0.0554897811191191,0.0135016336911238,0.0002115059221658,0.9694821569434134,2.158545047182047,0.1163704063410812,0.7731176309725457,0,0.1875,0.125,0.078125,0.1159420289855072,0.0296309000000292,32,0.0,0.0
discovery,7145,701,brain5,pulse,1e-06,autonomous,pulse_0_autonomous.npz,False,32,106.3016990363956,33,0.2436548223350254,True,False,9.888600067387856,90434.91370558376,0.3476949941532775,0.0022222986358671,0.0,0.9757597367653086,1.681453690729909e-06,0.2440937343395594,0.7416901525155292,0,1.0,0.0625,0.140625,0.072463768115942,3.800521299999673,32,1.0,1.0
discovery,7145,701,brain5,pulse,0.0001,autonomous,pulse_1_autonomous.npz,False,0,0.0,1,0.1319796954314721,False,False,10.093740970669614,92668.23350253807,0.3315861085081537,0.0022453034636837,0.0,0.9766501452223232,1.9982421454268309,0.1232483428527855,0.7342505423221657,0,0.0625,0.15625,0.140625,0.144927536231884,3.530831600000056,32,0.0,0.0
discovery,7145,701,brain5,pulse,0.001,autonomous,pulse_2_autonomous.npz,False,0,0.0,1,0.0964467005076142,False,False,10.081966506993163,93840.28934010152,0.3231320960184254,0.0022188809958377,0.0,0.97547608392279,3.841553947854447,0.0951026405365264,0.7255384989836425,0,0.125,0.09375,0.140625,0.0434782608695652,3.756435799999963,32,0.0,0.0
discovery,7145,701,brain5,ongoing,1e-06,autonomous,ongoing_0_autonomous.npz,False,9,29.89735285398626,10,0.116751269035533,False,False,10.087514671929592,137813.83248730964,0.0059519147764363,0.0022573109026703,0.0,0.9777710447337998,2.071690612334812,0.1130240529442523,0.7431800452818044,0,0.3125,0.09375,0.046875,0.1014492753623188,4.909799900000053,32,0.28125,0.28125
discovery,7145,701,brain5,ongoing,0.0001,autonomous,ongoing_1_autonomous.npz,False,0,0.0,1,0.1065989847715736,False,False,16.91920696216964,138629.11675126903,7.12876516058003e-05,0.0023950849732586,0.0,0.9789409662608312,12.327735659164508,0.1107685460091822,0.8474731015363224,0,0.125,0.0625,0.078125,0.144927536231884,4.71618509999962,32,0.0,0.0
discovery,7145,701,brain5,ongoing,0.001,autonomous,ongoing_2_autonomous.npz,False,0,0.0,1,0.1116751269035533,False,False,41.11016752998553,138638.10152284263,6.480695600608044e-06,0.0027330055434883,0.0,0.9293270497443484,1023.4498479979816,0.1051154118382734,0.8641048743091216,0,0.125,0.0625,0.0625,0.1739130434782608,4.695078100000046,32,0.0,0.0
discovery,7145,701,brain5,edge_dropout,0.001,autonomous,edge_dropout_0_autonomous.npz,False,0,0.0,1,0.116751269035533,False,False,9.701453504034076,86565.73604060913,0.3756032859396769,0.0022529402689481,0.0,0.9762371282120788,1.734161910874204,0.116391958211507,0.7714474984238563,0,0.15625,0.0625,0.125,0.1159420289855072,3.709518399999979,32,0.0,0.0
discovery,7145,701,brain5,edge_dropout,0.005,autonomous,edge_dropout_1_autonomous.npz,False,0,0.0,1,0.0812182741116751,False,False,9.842923649534516,86873.05583756346,0.3733865951315037,0.0022296124949272,0.0,0.9748361911115012,2.1742263171566445,0.0914942338616573,0.7155321441978355,0,0.125,0.0,0.078125,0.1014492753623188,3.701202899999771,32,0.0,0.0
discovery,7145,701,brain5,edge_dropout,0.01,autonomous,edge_dropout_2_autonomous.npz,False,1,3.321928094887362,2,0.1776649746192893,False,False,9.788724676641811,85804.87817258883,0.3810913366903337,0.0022054563752241,0.0,0.97378376608746,2.185860431155066,0.1762288241554543,0.7524613206960823,0,0.375,0.03125,0.15625,0.1739130434782608,3.5421079000002464,32,0.03125,0.03125
discovery,7145,701,brain5,neuron_dropout,0.001,autonomous,neuron_dropout_0_autonomous.npz,False,32,106.3016990363956,33,0.2436548223350254,True,False,9.888690306000653,87379.65482233503,0.369732508007595,0.0022225623471948,0.0,0.9757646961518112,2.083020161250805e-06,0.2443176946283751,0.7438398880814349,0,1.0,0.0625,0.140625,0.072463768115942,3.234239500000058,32,1.0,1.0
discovery,7145,701,brain5,neuron_dropout,0.005,autonomous,neuron_dropout_1_autonomous.npz,False,12,39.86313713864835,13,0.1218274111675127,False,False,10.141595679300414,86301.31472081218,0.3775105509934998,0.0022598468024048,0.0,0.9765981609523786,1.9283340928792936,0.1214119448666646,0.80425824841222,0,0.375,0.03125,0.046875,0.1159420289855072,3.476116499999989,32,0.375,0.375
discovery,7145,701,brain5,neuron_dropout,0.01,autonomous,neuron_dropout_2_autonomous.npz,False,10,33.219280948873624,11,0.1421319796954314,False,False,10.103190028694067,84942.02030456853,0.3873151111550967,0.0022529127447074,0.0,0.9772058836443966,2.212785719584416,0.1336614964488223,0.7811681350684159,0,0.375,0.1875,0.03125,0.1159420289855072,3.642087100000026,32,0.3125,0.3125
discovery,7145,701,brain5,weight_noise,0.001,autonomous,weight_noise_0_autonomous.npz,False,32,106.3016990363956,33,0.2436548223350254,True,False,9.888638273276696,87528.93908629441,0.368655723957224,0.0022223343137507,0.0,0.9757793950194036,3.638364026263992e-05,0.2431323879068812,0.7440057234966923,0,1.0,0.0625,0.140625,0.072463768115942,3.5540938999997707,32,1.0,1.0
discovery,7145,701,brain5,weight_noise,0.01,autonomous,weight_noise_1_autonomous.npz,False,3,9.965784284662089,4,0.1065989847715736,False,False,10.033152709385122,86837.70050761421,0.3736416123340892,0.0022488260624545,0.0,0.9788629659878004,2.206608102082413,0.114176778588574,0.7562639812256781,0,0.15625,0.15625,0.0625,0.1014492753623188,3.749114300000201,32,0.09375,0.09375
discovery,7145,701,brain5,weight_noise,0.05,autonomous,weight_noise_2_autonomous.npz,False,0,0.0,1,0.1573604060913705,False,False,10.479927873029816,85641.27411167513,0.3822714091152192,0.0021885816532994,0.0,0.9806377586813522,2.152195446867768,0.141586204231673,0.7712698199735777,0,0.1875,0.125,0.140625,0.1739130434782608,3.88270300000022,32,0.0,0.0
discovery,7145,701,brain1,pulse,1e-06,autonomous,pulse_0_autonomous.npz,False,35,116.26748332105768,36,0.2791878172588832,True,False,10.618382100863622,115943.5532994924,0.163701748429429,0.0058032750444023,0.0001057529610829,0.996663579485752,4.430542460957291e-07,0.2718513403774948,0.7886333996668681,0,1.0,0.1875,0.125,0.1304347826086956,9.341039399999772,35,1.0,1.0
discovery,7145,701,brain1,pulse,0.0001,autonomous,pulse_1_autonomous.npz,False,0,0.0,1,0.1065989847715736,False,False,10.664767558795592,117470.39593908627,0.1526886666876832,0.0057831620539366,0.0,0.9966899779290136,1.5645386418065166,0.1087370220003543,0.7475504467604477,0,0.125,0.15625,0.109375,0.072463768115942,9.15151509999987,35,0.0,0.0
discovery,7145,701,brain1,pulse,0.001,autonomous,pulse_2_autonomous.npz,False,0,0.0,1,0.0964467005076142,False,False,10.440405744462367,117867.730964467,0.1498226980541767,0.0058198508645828,0.0,0.9965939010432204,2.1275064290620924,0.0977030546572975,0.7295872998757266,0,0.03125,0.15625,0.125,0.072463768115942,9.137818600000172,35,0.0,0.0
discovery,7145,701,brain1,ongoing,1e-06,autonomous,ongoing_0_autonomous.npz,False,12,39.86313713864835,13,0.1928934010152284,False,False,10.89024101045587,137841.40609137056,0.0057530269882892,0.0058847598508083,0.0,0.9968950690916168,1.2914149768824146,0.1827459102684241,0.7832417093927981,0,0.5,0.09375,0.203125,0.0869565217391304,10.633993800000098,35,0.34285714285714286,0.34285714285714286
discovery,7145,701,brain1,ongoing,0.0001,autonomous,ongoing_1_autonomous.npz,False,0,0.0,1,0.116751269035533,False,False,16.74333056909223,138629.6954314721,6.711364426970068e-05,0.0058341445977375,0.0,0.9963855187551578,4.67463007742228,0.1124377263023238,0.8569860740920764,0,0.1875,0.21875,0.09375,0.0579710144927536,9.42375660000016,35,0.0,0.0
discovery,7145,701,brain1,ongoing,0.001,autonomous,ongoing_2_autonomous.npz,False,0,0.0,1,0.0913705583756345,False,False,41.52291409138233,138638.08629441625,6.590537898754079e-06,0.0059926562245654,0.0,0.9824202292921428,309.1637564349874,0.0913895309791814,0.9052251225655448,0,0.09375,0.125,0.125,0.0434782608695652,9.708149999999932,35,0.0,0.0
discovery,7145,701,brain1,edge_dropout,0.001,autonomous,edge_dropout_0_autonomous.npz,False,5,16.609640474436812,6,0.0964467005076142,False,False,10.476689948979626,113748.47208121828,0.1795348200634866,0.0058505862663833,0.0,0.9966386962452294,1.4783946711050036,0.0996808682106351,0.7769576529814114,0,0.21875,0.09375,0.0625,0.072463768115942,10.409158399999797,35,0.14285714285714285,0.14285714285714285
discovery,7145,701,brain1,edge_dropout,0.005,autonomous,edge_dropout_1_autonomous.npz,False,2,6.643856189774724,3,0.1269035532994923,False,False,9.780003891925308,111404.97461928934,0.1964384147369114,0.0058884088121482,0.0,0.9965471381933636,1.6122988391931343,0.1097238881512338,0.7678310559240384,0,0.15625,0.125,0.09375,0.144927536231884,10.246549399999822,35,0.05714285714285714,0.05714285714285714
discovery,7145,701,brain1,edge_dropout,0.01,autonomous,edge_dropout_2_autonomous.npz,False,5,16.609640474436812,6,0.1472081218274111,False,False,8.358031625779292,110529.13705583756,0.2027558114539375,0.005870700206726,0.0,0.9961884390360024,1.710896815375934,0.1380321178573199,0.7267564566100301,0,0.28125,0.1875,0.140625,0.072463768115942,9.625393299999814,35,0.14285714285714285,0.14285714285714285
discovery,7145,701,brain1,neuron_dropout,0.001,autonomous,neuron_dropout_0_autonomous.npz,False,26,86.37013046707142,27,0.2030456852791878,False,False,10.593377193261524,113122.45685279187,0.1840502538766734,0.0058234767360508,0.0,0.9966633641382387,1.2070398540453384,0.2088102670685037,0.7788916066807478,0,0.8125,0.0625,0.109375,0.072463768115942,9.796789399999852,35,0.7428571428571429,0.7428571428571429
discovery,7145,701,brain1,neuron_dropout,0.005,autonomous,neuron_dropout_1_autonomous.npz,False,0,0.0,1,0.1065989847715736,False,False,9.700377828551558,114556.13705583756,0.1737091507019124,0.0056169828278515,0.0,0.9970095702750132,1.286006721812951,0.1150723856600896,0.7876167692974823,0,0.0625,0.03125,0.171875,0.1014492753623188,10.232305799999722,35,0.0,0.0
discovery,7145,701,brain1,neuron_dropout,0.01,autonomous,neuron_dropout_2_autonomous.npz,False,0,0.0,1,0.1065989847715736,False,False,8.593671056734431,111090.63451776648,0.1987057428446073,0.0057278322264263,0.0,0.9974370484012924,1.2830278423258623,0.1066463502360202,0.77556118942147,0,0.125,0.125,0.109375,0.0869565217391304,9.874349400000028,35,0.0,0.0
discovery,7145,701,brain1,weight_noise,0.001,autonomous,weight_noise_0_autonomous.npz,False,35,116.26748332105768,36,0.2791878172588832,True,False,10.618786497134137,113783.28934010152,0.1792836839554417,0.0058031511249389,0.0001057529610829,0.9966642784541536,1.7527128850874869e-06,0.2719443539736563,0.7882201901971512,0,1.0,0.1875,0.125,0.1304347826086956,11.270915999999945,35,1.0,1.0
discovery,7145,701,brain1,weight_noise,0.01,autonomous,weight_noise_1_autonomous.npz,False,35,116.26748332105768,36,0.248730964467005,True,False,10.659714670829628,112960.65989847716,0.185217291682159,0.0058031203465348,0.0,0.9966997388407915,0.8684404783384453,0.2514969157067862,0.8090458190754082,0,1.0,0.1875,0.0625,0.1014492753623188,11.193738699999813,35,1.0,1.0
discovery,7145,701,brain1,weight_noise,0.05,autonomous,weight_noise_2_autonomous.npz,False,1,3.321928094887362,2,0.0913705583756345,False,False,9.97205248811746,112418.72588832489,0.1891262495522553,0.0058286240130328,0.0,0.9963598737721058,1.806317959501841,0.0949708064965775,0.8139594520877251,0,0.15625,0.15625,0.046875,0.072463768115942,11.137004299999717,35,0.02857142857142857,0.02857142857142857
discovery,7145,702,legacy5,pulse,1e-06,autonomous,pulse_0_autonomous.npz,False,39,129.55519570060713,40,0.2893401015228426,True,False,13.984698552950416,647.0253807106599,0.0568143138328572,0.0120560012319323,0.0,0.9673001229603964,8.481252283495584e-09,0.2698005932695252,0.8021115353088929,0,1.0,0.28125,0.078125,0.1594202898550724,0.0159441999999216,39,1.0,1.0
discovery,7145,702,legacy5,pulse,0.0001,autonomous,pulse_1_autonomous.npz,False,39,129.55519570060713,40,0.2893401015228426,True,False,13.988968225070543,648.0456852791879,0.0553269893889389,0.0120563572847319,0.0,0.9673009337491726,8.481251888243375e-05,0.2694674368712514,0.8017783789238522,0,1.0,0.28125,0.078125,0.1594202898550724,0.0152262999999948,39,1.0,1.0
discovery,7145,702,legacy5,pulse,0.001,autonomous,pulse_2_autonomous.npz,False,1,3.321928094887362,2,0.0964467005076142,False,False,12.376624361669798,648.5380710659898,0.0546092258513267,0.012137529063242,0.0,0.9673079338529752,1.9613063269209965,0.0945023235235173,0.734687269291921,0,0.125,0.09375,0.078125,0.1014492753623188,0.0144819000001916,39,0.02564102564102564,0.02564102564102564
discovery,7145,702,legacy5,ongoing,1e-06,autonomous,ongoing_0_autonomous.npz,False,39,129.55519570060713,40,0.2842639593908629,True,False,13.79628346688312,685.751269035533,0.0003625815808556,0.0120338772013162,0.0,0.967363235084119,1.697990740764551,0.2559163907011532,0.795509453686359,0,1.0,0.21875,0.109375,0.144927536231884,0.4081534000001738,39,1.0,1.0
discovery,7145,702,legacy5,ongoing,0.0001,autonomous,ongoing_1_autonomous.npz,False,4,13.287712379549449,5,0.1370558375634517,False,False,15.302616282199256,685.994923857868,7.399624099124757e-06,0.0120841683765803,0.0,0.9662862911764648,1.7518251582901685,0.1368655483281953,0.7932250161110806,0,0.34375,0.09375,0.0625,0.1304347826086956,0.4868704999998954,39,0.10256410256410256,0.10256410256410256
discovery,7145,702,legacy5,ongoing,0.001,autonomous,ongoing_2_autonomous.npz,False,1,3.321928094887362,2,0.1421319796954314,False,False,24.665567156197,686.0,0.0,0.012247395585045,0.0,0.9635870654491636,3.3000509341382607,0.147860648777132,0.8804912284233715,0,0.21875,0.03125,0.171875,0.1304347826086956,0.5041708000003382,39,0.02564102564102564,0.02564102564102564
discovery,7145,702,legacy5,edge_dropout,0.001,autonomous,edge_dropout_0_autonomous.npz,False,7,23.253496664211536,8,0.1116751269035533,False,False,13.064557721691411,644.6294416243654,0.0603069364076305,0.0116152768685685,0.0002115059221658,0.9661742568738384,1.912756325268296,0.1097083401063373,0.806478908886625,0,0.25,0.0625,0.109375,0.072463768115942,0.0386889999999766,39,0.1794871794871795,0.1794871794871795
discovery,7145,702,legacy5,edge_dropout,0.005,autonomous,edge_dropout_1_autonomous.npz,False,0,0.0,1,0.1065989847715736,False,False,11.131982444682109,644.4314720812183,0.0605955217474951,0.0124286805760082,0.0002115059221658,0.9792235236500384,3.7529979384964585,0.0966746798632147,0.8352726955301762,0,0.09375,0.09375,0.109375,0.1159420289855072,0.0422662000000855,39,0.0,0.0
discovery,7145,702,legacy5,edge_dropout,0.01,autonomous,edge_dropout_2_autonomous.npz,False,0,0.0,1,0.116751269035533,False,False,11.169275196367105,642.8883248730964,0.0628450074736204,0.0125356674376999,0.0002115059221658,0.973014518199994,3.1583845912293835,0.1071481778260912,0.8396418768010403,0,0.15625,0.15625,0.125,0.072463768115942,0.0485079999998561,39,0.0,0.0
discovery,7145,702,legacy5,neuron_dropout,0.001,autonomous,neuron_dropout_0_autonomous.npz,False,0,0.0,1,0.1015228426395939,False,False,12.444738174191237,641.9340101522843,0.0642361368042503,0.0122864136156478,0.0210448392554991,0.9701424754669092,2.0573337899698347,0.0988857420258366,0.7290350789994602,0,0.125,0.0,0.140625,0.1014492753623188,0.0441706000001431,39,0.0,0.0
discovery,7145,702,legacy5,neuron_dropout,0.005,autonomous,neuron_dropout_1_autonomous.npz,False,0,0.0,1,0.1116751269035533,False,False,12.920232638833474,635.9340101522843,0.0729824924893816,0.0120860676358309,0.0210448392554991,0.9691933109931484,1.950102306283824,0.1152941420460026,0.7560052760863353,0,0.03125,0.09375,0.15625,0.1159420289855072,0.0294862999999168,39,0.0,0.0
discovery,7145,702,legacy5,neuron_dropout,0.01,autonomous,neuron_dropout_2_autonomous.npz,False,0,0.0,1,0.0761421319796954,False,False,13.683960112733386,631.9340101522843,0.078813396279469,0.0119021228676239,0.0210448392554991,0.9650155106247932,2.483724342384771,0.0862244422699122,0.7799852794349792,0,0.125,0.03125,0.109375,0.0434782608695652,0.046628900000087,39,0.0,0.0
discovery,7145,702,legacy5,weight_noise,0.001,autonomous,weight_noise_0_autonomous.npz,False,39,129.55519570060713,40,0.2893401015228426,True,False,13.989470585214717,645.9340101522843,0.0584052330141628,0.0120532844203333,0.0002115059221658,0.96731781449919,1.4092869581056755e-05,0.2703170924430451,0.8022240909274488,0,1.0,0.28125,0.078125,0.1594202898550724,0.0469848000002457,39,1.0,1.0
discovery,7145,702,legacy5,weight_noise,0.01,autonomous,weight_noise_1_autonomous.npz,False,15,49.82892142331043,16,0.1472081218274111,False,False,14.405170438756754,645.9340101522843,0.0584052330141628,0.0121963445424141,0.0002115059221658,0.9667401206773454,1.8499867219378,0.1527652564734691,0.7893291361473028,0,0.46875,0.03125,0.109375,0.0869565217391304,0.0494186999999328,39,0.38461538461538464,0.38461538461538464
discovery,7145,702,legacy5,weight_noise,0.05,autonomous,weight_noise_2_autonomous.npz,False,3,9.965784284662089,4,0.1065989847715736,False,False,13.893912891295786,645.9340101522843,0.0584052330141628,0.012148390576886,0.0002115059221658,0.9689231379529502,2.004839545341046,0.1168062134125187,0.8152748270791992,0,0.25,0.0625,0.09375,0.072463768115942,0.0447111999997105,39,0.07692307692307693,0.07692307692307693
discovery,7145,702,brain5,pulse,1e-06,autonomous,pulse_0_autonomous.npz,False,12,39.86313713864835,13,0.1928934010152284,False,False,8.95326584971971,79778.27411167513,0.4245610967211598,0.0020592411162258,0.0,0.980097755721744,1.196533880522198e-05,0.180004457057808,0.8724648038666718,0,0.5,0.28125,0.046875,0.144927536231884,3.4548313999998754,12,1.0,1.0
discovery,7145,702,brain5,pulse,0.0001,autonomous,pulse_1_autonomous.npz,False,0,0.0,1,0.1116751269035533,False,False,9.297502189802028,83055.8883248731,0.4009197388550617,0.0020984750723421,0.0001057529610829,0.9762467824785536,2.0629635675135507,0.1056964964312636,0.8449267458120373,0,0.09375,0.15625,0.171875,0.0434782608695652,3.765338800000336,12,0.0,0.0
discovery,7145,702,brain5,pulse,0.001,autonomous,pulse_2_autonomous.npz,False,0,0.0,1,0.1065989847715736,False,False,8.888007946691317,84177.0304568528,0.3928329657826961,0.0021622186201769,0.0,0.9746221012435324,13.87437750913462,0.113907748524424,0.8691996697953276,0,0.09375,0.125,0.0625,0.144927536231884,4.146744799999851,12,0.0,0.0
discovery,7145,702,brain5,ongoing,1e-06,autonomous,ongoing_0_autonomous.npz,False,4,13.287712379549449,5,0.1421319796954314,False,False,8.043753120388594,137795.13705583755,0.0060867645046663,0.0020215828870873,0.0002115059221658,0.9934184923245584,3.99227609506357,0.1439692949208394,0.9179289137186358,0,0.3125,0.09375,0.125,0.1014492753623188,5.07942039999989,12,0.3333333333333333,0.3333333333333333
discovery,7145,702,brain5,ongoing,0.0001,autonomous,ongoing_1_autonomous.npz,False,0,0.0,1,0.1269035532994923,False,False,16.78844206037476,138629.6040609137,6.777269805968711e-05,0.0020955644398625,0.0,0.9790624145175092,16.570971561416865,0.1218029175167021,0.9396242529044632,0,0.03125,0.28125,0.09375,0.1304347826086956,5.211217000000033,12,0.0,0.0
discovery,7145,702,brain5,ongoing,0.001,autonomous,ongoing_2_autonomous.npz,False,0,0.0,1,0.1116751269035533,False,False,41.65180156993388,138637.94923857867,7.579118583733724e-06,0.0024562291652938,0.0,0.9251396381751212,1450.4611692773683,0.1097034494921907,0.944872145629894,0,0.0,0.21875,0.09375,0.1304347826086956,5.020169800000076,12,0.0,0.0
discovery,7145,702,brain5,edge_dropout,0.001,autonomous,edge_dropout_0_autonomous.npz,False,5,16.609640474436812,6,0.1116751269035533,False,False,9.153299556194778,76924.31472081218,0.4451466418481655,0.0020832334430448,0.0,0.9792755860700464,1.8902228160242092,0.1109573247257405,0.8665188003960037,0,0.1875,0.0625,0.109375,0.1014492753623188,4.117551800000001,12,0.4166666666666667,0.4166666666666667
discovery,7145,702,brain5,edge_dropout,0.005,autonomous,edge_dropout_1_autonomous.npz,False,1,3.321928094887362,2,0.065989847715736,False,False,4.966603991712113,80536.89340101523,0.4190891927883551,0.0021659774269271,0.0,0.9747170633228428,3.13742274375724,0.062834933114571,0.9469054336177176,0,0.15625,0.03125,0.0625,0.0434782608695652,3.9620975000002554,12,0.08333333333333333,0.08333333333333333
discovery,7145,702,brain5,edge_dropout,0.01,autonomous,edge_dropout_2_autonomous.npz,False,1,3.321928094887362,2,0.1065989847715736,False,False,8.426186882674987,80189.19796954315,0.4215971121434578,0.0022583164264546,0.0,0.9751744381647764,1.8623650640664973,0.1079455613657843,0.8508548600771314,0,0.1875,0.09375,0.078125,0.1014492753623188,3.898295200000121,12,0.08333333333333333,0.08333333333333333
discovery,7145,702,brain5,neuron_dropout,0.001,autonomous,neuron_dropout_0_autonomous.npz,False,0,0.0,1,0.0964467005076142,False,False,5.328138258752534,75042.7766497462,0.4587181337881389,0.0020126280327099,0.0208333333333333,0.9733402339263032,1.5107811448345618,0.0958897189871413,0.9254890955671808,0,0.125,0.25,0.0625,0.0434782608695652,3.8784735999997793,12,0.0,0.0
discovery,7145,702,brain5,neuron_dropout,0.005,autonomous,neuron_dropout_1_autonomous.npz,False,0,0.0,1,0.1218274111675127,False,False,4.9310740906703066,70170.1421319797,0.4938643373655342,0.0021037596818954,0.0208333333333333,0.9818674518418652,2.337442215545731,0.1191684468042675,0.9137601845603558,0,0.15625,0.09375,0.125,0.1159420289855072,3.936883899999884,12,0.0,0.0
discovery,7145,702,brain5,neuron_dropout,0.01,autonomous,neuron_dropout_2_autonomous.npz,False,0,0.0,1,0.1269035532994923,False,False,8.489321864895356,74386.62944162436,0.4634509088955895,0.0020739519747126,0.0208333333333333,0.9756908610166776,2.0308859077413577,0.134240172395553,0.828814970836154,0,0.15625,0.1875,0.09375,0.1159420289855072,3.939677500000016,12,0.0,0.0
discovery,7145,702,brain5,weight_noise,0.001,autonomous,weight_noise_0_autonomous.npz,False,12,39.86313713864835,13,0.1675126903553299,False,False,7.419042762964752,75942.1573604061,0.4522309208779196,0.0020023776298644,0.0,0.9964276363811242,4.226208670978463,0.1663858108750527,0.93156306483948,0,0.46875,0.09375,0.125,0.1014492753623188,4.007554099999652,12,1.0,1.0
discovery,7145,702,brain5,weight_noise,0.01,autonomous,weight_noise_1_autonomous.npz,False,5,16.609640474436812,6,0.1015228426395939,False,False,10.10789662789267,76660.08629441625,0.4470525155662097,0.0021279969313074,0.0003172588832487,0.9781082272023824,1.667030819590969,0.1026312676468773,0.8767825897615048,0,0.1875,0.0625,0.109375,0.072463768115942,3.8182569000000512,12,0.4166666666666667,0.4166666666666667
discovery,7145,702,brain5,weight_noise,0.05,autonomous,weight_noise_2_autonomous.npz,False,1,3.321928094887362,2,0.1319796954314721,False,False,8.29041767200305,77634.47208121828,0.440024292722695,0.0021986615929448,0.0,0.9818697274150788,1.8051353129506824,0.1302903146394074,0.8428763459611649,0,0.1875,0.15625,0.0625,0.1594202898550724,3.7665133999998943,12,0.08333333333333333,0.08333333333333333
discovery,7145,702,brain1,pulse,1e-06,autonomous,pulse_0_autonomous.npz,False,33,109.62362713128296,34,0.2284263959390862,True,False,11.237281154791097,109038.28934010152,0.2135092626165687,0.0057144875202078,0.0,0.9975501962991804,2.0752785938857733e-06,0.2291086686915452,0.7369348127808415,0,1.0,0.125,0.0625,0.072463768115942,10.838731399999688,33,1.0,1.0
discovery,7145,702,brain1,pulse,0.0001,autonomous,pulse_1_autonomous.npz,False,0,0.0,1,0.0862944162436548,False,False,11.284320341094292,111025.72081218274,0.1991739639482198,0.0057702035590069,0.0,0.9976133823421692,1.1763626068254722,0.0912785239526079,0.7077736145094217,0,0.0625,0.1875,0.09375,0.0434782608695652,8.358866900000066,33,0.0,0.0
discovery,7145,702,brain1,pulse,0.001,autonomous,pulse_2_autonomous.npz,False,0,0.0,1,0.1218274111675127,False,False,11.491459077983729,111431.03553299492,0.1962504379503968,0.0057547249144872,0.0,0.9975350177422764,3.2521562781360367,0.1257025088548009,0.7444912982993744,0,0.125,0.1875,0.125,0.0869565217391304,10.130612300000394,33,0.0,0.0
discovery,7145,702,brain1,ongoing,1e-06,autonomous,ongoing_0_autonomous.npz,False,8,26.575424759098897,9,0.1573604060913705,False,False,11.090934320226316,137836.27411167513,0.0057900438428211,0.0057257186495622,0.0,0.9976422534385316,1.1822729861220014,0.1645117811809214,0.7277403196806469,0,0.3125,0.03125,0.109375,0.1884057971014492,10.4710527000002,33,0.24242424242424243,0.24242424242424243
discovery,7145,702,brain1,ongoing,0.0001,autonomous,ongoing_1_autonomous.npz,False,0,0.0,1,0.1065989847715736,False,False,20.710631368344423,138629.0609137056,7.169040669952054e-05,0.0056353865857426,0.0,0.9973562517070764,3.663069789989241,0.09936608247865,0.812198746847046,0,0.25,0.09375,0.03125,0.1159420289855072,10.457223400000204,33,0.0,0.0
discovery,7145,702,brain1,ongoing,0.001,autonomous,ongoing_2_autonomous.npz,False,0,0.0,1,0.0862944162436548,False,False,43.47296670981862,138637.9390862944,7.652346782571762e-06,0.0057703142260283,0.0,0.9835850756129288,238.50213100653735,0.0780567916223112,0.7618061574729138,0,0.21875,0.125,0.03125,0.0579710144927536,10.331961500000034,33,0.0,0.0
discovery,7145,702,brain1,edge_dropout,0.001,autonomous,edge_dropout_0_autonomous.npz,False,24,79.7262742772967,25,0.2284263959390862,False,False,11.341870284391796,107160.22842639594,0.2270556738984273,0.0056897113499217,0.0,0.9974855814852608,0.9739951393353098,0.2181602148083584,0.7765530308079794,0,0.75,0.09375,0.078125,0.1884057971014492,9.07262979999996,33,0.7272727272727273,0.7272727272727273
discovery,7145,702,brain1,edge_dropout,0.005,autonomous,edge_dropout_1_autonomous.npz,False,1,3.321928094887362,2,0.1116751269035533,False,False,10.604260625123468,107927.92385786802,0.2215183039558276,0.005633467690539,0.0,0.9976867010652164,1.25446324337686,0.1068201425160857,0.7469892299547001,0,0.21875,0.1875,0.0625,0.072463768115942,9.255405299999891,33,0.030303030303030304,0.030303030303030304
discovery,7145,702,brain1,edge_dropout,0.01,autonomous,edge_dropout_2_autonomous.npz,False,1,3.321928094887362,2,0.1065989847715736,False,False,8.749211994629663,106498.3502538071,0.2318297863241432,0.0055515238379129,0.0,0.9981541132046132,1.812565655182121,0.1131753883131566,0.7668509411330833,0,0.03125,0.0625,0.1875,0.0869565217391304,9.726417599999875,33,0.030303030303030304,0.030303030303030304
discovery,7145,702,brain1,neuron_dropout,0.001,autonomous,neuron_dropout_0_autonomous.npz,False,1,3.321928094887362,2,0.1116751269035533,False,False,9.870885339091696,111104.60913705584,0.1986049442288544,0.005410486508632,0.0208333333333333,0.9973420189646758,3.153672317877705,0.1059841620255026,0.7068350500703379,0,0.125,0.09375,0.125,0.1014492753623188,10.963413700000274,33,0.030303030303030304,0.030303030303030304
discovery,7145,702,brain1,neuron_dropout,0.005,autonomous,neuron_dropout_1_autonomous.npz,False,1,3.321928094887362,2,0.0761421319796954,False,False,9.575840121333483,109554.2842639594,0.2097874027946005,0.0053182662926276,0.0208333333333333,0.9974508965513732,3.25421431768778,0.0775690020379303,0.7238218622120278,0,0.09375,0.0,0.046875,0.1304347826086956,10.71207000000004,33,0.030303030303030304,0.030303030303030304
discovery,7145,702,brain1,neuron_dropout,0.01,autonomous,neuron_dropout_2_autonomous.npz,False,1,3.321928094887362,2,0.1218274111675127,False,False,7.364790746154401,111426.89340101524,0.1962803150555382,0.0053964852320585,0.0208333333333333,0.9974747088778396,3.332257230215284,0.1198385143753432,0.7869470013760128,0,0.125,0.09375,0.0625,0.1884057971014492,11.336723800000073,33,0.030303030303030304,0.030303030303030304
discovery,7145,702,brain1,weight_noise,0.001,autonomous,weight_noise_0_autonomous.npz,False,33,109.62362713128296,34,0.2284263959390862,True,False,11.269945436832748,107731.83756345176,0.2229326700030166,0.0057441299020379,0.0,0.9975727479035588,0.8846245552464769,0.2223206830756356,0.7509220341084462,0,1.0,0.125,0.046875,0.0869565217391304,10.689847099999952,33,1.0,1.0
discovery,7145,702,brain1,weight_noise,0.01,autonomous,weight_noise_1_autonomous.npz,False,24,79.7262742772967,25,0.2081218274111675,False,False,11.340929065287195,107087.81725888324,0.2275779740269098,0.005730558992152,0.0,0.9975056364540366,0.9184944664595952,0.2043942945584898,0.7317296339911646,0,0.75,0.15625,0.109375,0.072463768115942,10.315483999999742,33,0.7272727272727273,0.7272727272727273
discovery,7145,702,brain1,weight_noise,0.05,autonomous,weight_noise_2_autonomous.npz,False,0,0.0,1,0.0913705583756345,False,False,10.895021535519785,108150.57360406092,0.2199123363262796,0.0057388838531974,0.0,0.9976046683005776,1.087739114460699,0.1013321607327846,0.7193433327729692,0,0.09375,0.125,0.078125,0.0869565217391304,10.347956999999951,33,0.0,0.0
discovery,7146,701,legacy5,pulse,1e-06,autonomous,pulse_0_autonomous.npz,False,32,106.3016990363956,33,0.2284263959390862,True,False,13.8083776245266,648.8680203045685,0.0541282502848855,0.0120300114219189,0.0,0.961927192291254,4.948175837831793e-09,0.2131793246027351,0.7963726960362396,0,1.0,0.09375,0.09375,0.0579710144927536,0.0146432000001368,32,1.0,1.0
discovery,7146,701,legacy5,pulse,0.0001,autonomous,pulse_1_autonomous.npz,False,32,106.3016990363956,33,0.2284263959390862,True,False,13.81499853341172,649.8426395939086,0.0527075224578591,0.0120299073221485,0.0,0.96192771772642,4.9481761218471865e-05,0.2131733889577501,0.7963667603938185,0,1.0,0.09375,0.09375,0.0579710144927536,0.0154143999998268,32,1.0,1.0
discovery,7146,701,legacy5,pulse,0.001,autonomous,pulse_2_autonomous.npz,False,2,6.643856189774724,3,0.1218274111675127,False,False,14.415016319178005,650.3147208121827,0.0520193574166433,0.0120410383353543,0.0,0.9628384900550264,1.1120735974960905,0.1135362011754831,0.7599231183176353,0,0.15625,0.09375,0.125,0.1159420289855072,0.0154937000002064,32,0.0625,0.0625
discovery,7146,701,legacy5,ongoing,1e-06,autonomous,ongoing_0_autonomous.npz,False,32,106.3016990363956,33,0.2284263959390862,True,False,13.815861845594137,685.6903553299493,0.0004513770700447,0.0120299287263445,0.0,0.9619265290257276,6.507498854323648e-07,0.213097502011696,0.7967355802618679,0,1.0,0.09375,0.09375,0.0579710144927536,0.4383632000003672,32,1.0,1.0
discovery,7146,701,legacy5,ongoing,0.0001,autonomous,ongoing_1_autonomous.npz,False,3,9.965784284662089,4,0.0761421319796954,False,False,15.942593921885736,686.0,0.0,0.0120842420348609,0.0,0.9651318683376214,2.0143992617555773,0.0917246263891372,0.7314938206685528,0,0.125,0.125,0.03125,0.072463768115942,0.4911827000000812,32,0.09375,0.09375
discovery,7146,701,legacy5,ongoing,0.001,autonomous,ongoing_2_autonomous.npz,False,3,9.965784284662089,4,0.1065989847715736,False,False,25.74728341948028,686.0,0.0,0.0120601772872552,0.0,0.9605302822420791,2.690152948267394,0.0997066519524974,0.7820348868572266,0,0.1875,0.09375,0.109375,0.072463768115942,0.4883505000002515,32,0.09375,0.09375
discovery,7146,701,legacy5,edge_dropout,0.001,autonomous,edge_dropout_0_autonomous.npz,False,32,106.3016990363956,33,0.2385786802030456,True,False,14.148990273944136,647.9492385786803,0.0554675822468218,0.0119978408974554,0.0002115059221658,0.9649106359110292,1.4393828250898817,0.2205065259993381,0.7739793284690206,0,1.0,0.0625,0.109375,0.0869565217391304,0.03573920000008,32,1.0,1.0
discovery,7146,701,legacy5,edge_dropout,0.005,autonomous,edge_dropout_1_autonomous.npz,False,3,9.965784284662089,4,0.1269035532994923,False,False,15.011212176186808,647.6446700507614,0.0559115596927676,0.0120655473322688,0.0002115059221658,0.965382302986978,1.796855947842867,0.1239505590140234,0.7422239301625174,0,0.15625,0.125,0.15625,0.0869565217391304,0.0472383999999692,32,0.09375,0.09375
discovery,7146,701,legacy5,edge_dropout,0.01,autonomous,edge_dropout_2_autonomous.npz,False,5,16.609640474436812,6,0.1370558375634517,False,False,13.8907913493318,645.7106598984772,0.058730816474523,0.011589409291135,0.0002115059221658,0.9678738600533828,2.0203379200332745,0.1319538231098446,0.6709360809999962,0,0.25,0.09375,0.125,0.1159420289855072,0.0455956000000696,32,0.15625,0.15625
discovery,7146,701,legacy5,neuron_dropout,0.001,autonomous,neuron_dropout_0_autonomous.npz,False,7,23.253496664211536,8,0.1472081218274111,False,False,11.682938560058442,646.9492385786803,0.0569253081943436,0.0122108005640553,0.0002115059221658,0.9611435202109212,1.390643595984148,0.1439736947491706,0.8336237624885879,0,0.46875,0.15625,0.078125,0.0579710144927536,0.0513889999997445,32,0.21875,0.21875
discovery,7146,701,legacy5,neuron_dropout,0.005,autonomous,neuron_dropout_1_autonomous.npz,False,7,23.253496664211536,8,0.1472081218274111,False,False,14.266828066590516,643.9492385786803,0.0612984860369092,0.0121709413287663,0.0002115059221658,0.9664426144216992,2.11108134794793,0.1392960009364925,0.7587855833419461,0,0.3125,0.09375,0.15625,0.0869565217391304,0.0360829999999623,32,0.21875,0.21875
discovery,7146,701,legacy5,neuron_dropout,0.01,autonomous,neuron_dropout_2_autonomous.npz,False,7,23.253496664211536,8,0.1472081218274111,False,False,14.044563058505746,641.9492385786803,0.0642139379319529,0.0123334290481986,0.0002115059221658,0.96519088554804,2.096412804099216,0.1243494556642393,0.7395675607667882,0,0.40625,0.03125,0.125,0.1014492753623188,0.0344206999998277,32,0.21875,0.21875
discovery,7146,701,legacy5,weight_noise,0.001,autonomous,weight_noise_0_autonomous.npz,False,32,106.3016990363956,33,0.248730964467005,True,False,15.086730642337876,647.9492385786803,0.0554675822468218,0.0120258708633518,0.0002115059221658,0.9633899115285034,1.2020563116608198,0.2348903466583975,0.7749158140293855,0,1.0,0.09375,0.109375,0.1014492753623188,0.0480152999998608,32,1.0,1.0
discovery,7146,701,legacy5,weight_noise,0.01,autonomous,weight_noise_1_autonomous.npz,False,23,76.40434618240933,24,0.1928934010152284,False,False,13.279554770444356,647.9492385786803,0.0554675822468218,0.0117879215648946,0.0002115059221658,0.966779128759172,1.7893027407270414,0.1955033118394768,0.7307831989343112,0,0.71875,0.125,0.09375,0.072463768115942,0.019490599999699,32,0.71875,0.71875
discovery,7146,701,legacy5,weight_noise,0.05,autonomous,weight_noise_2_autonomous.npz,False,0,0.0,1,0.0862944162436548,False,False,11.200930268677393,647.9492385786803,0.0554675822468218,0.0130576182400013,0.0002115059221658,0.9663306461820924,2.16345685277881,0.0884932011002599,0.7640635542302738,0,0.09375,0.03125,0.09375,0.1014492753623188,0.0479417999999896,32,0.0,0.0
discovery,7146,701,brain5,pulse,1e-06,autonomous,pulse_0_autonomous.npz,False,32,106.3016990363956,33,0.2385786802030456,True,False,7.527327045151683,88162.30964467005,0.3640872363139517,0.0022300787937891,0.0,0.9879078956763822,7.647224260394094e-06,0.2256367806426491,0.9078983915731768,0,1.0,0.0625,0.125,0.072463768115942,3.90350989999979,32,1.0,1.0
discovery,7146,701,brain5,pulse,0.0001,autonomous,pulse_1_autonomous.npz,False,0,0.0,1,0.0862944162436548,False,False,6.921659721505313,91108.97969543148,0.342832971274811,0.0023041452979172,0.0,0.992140776539476,1.2446071872020117,0.0842429819394669,0.9164052471357504,0,0.125,0.09375,0.078125,0.072463768115942,3.9149843999998666,32,0.0,0.0
discovery,7146,701,brain5,pulse,0.001,autonomous,pulse_2_autonomous.npz,False,0,0.0,1,0.0710659898477157,False,False,5.44328175353806,80134.59898477157,0.4219909333970126,0.0024629827991739,0.0,0.9967486119243356,14.03315714294184,0.0728286513670609,0.9754497318122344,0,0.0625,0.03125,0.140625,0.0289855072463768,3.745106400000168,32,0.0,0.0
discovery,7146,701,brain5,ongoing,1e-06,autonomous,ongoing_0_autonomous.npz,False,17,56.47277761308516,18,0.1522842639593908,False,False,6.050194852079124,137810.71065989847,0.0059744324475907,0.002404429995436,0.0,0.9936049981727968,5.799551309271318,0.1440948817076866,0.958590297258291,0,0.5625,0.03125,0.140625,0.0289855072463768,4.700890199999776,32,0.53125,0.53125
discovery,7146,701,brain5,ongoing,0.0001,autonomous,ongoing_1_autonomous.npz,False,0,0.0,1,0.1065989847715736,False,False,15.853931115164514,138629.61421319796,6.769946986084907e-05,0.0021547409976685,0.0,0.971721687747818,12.44757576768802,0.1013646143821294,0.7871186578815419,0,0.125,0.21875,0.046875,0.1014492753623188,4.706570800000009,32,0.0,0.0
discovery,7146,701,brain5,ongoing,0.001,autonomous,ongoing_2_autonomous.npz,False,0,0.0,1,0.1116751269035533,False,False,40.7940041919617,138638.04060913707,6.920064793636271e-06,0.0024934886208174,0.0,0.913199581368478,953.8701674988002,0.1113554365404448,0.7800491538840729,0,0.15625,0.125,0.0625,0.1304347826086956,4.629241399999955,32,0.0,0.0
discovery,7146,701,brain5,edge_dropout,0.001,autonomous,edge_dropout_0_autonomous.npz,False,32,106.3016990363956,33,0.2233502538071066,True,False,6.594277675996849,85586.28426395939,0.3826680496544307,0.0023229672384926,0.0,0.9941023617844692,0.9933982651740184,0.2127435699882496,0.9539079241034832,0,1.0,0.0625,0.078125,0.072463768115942,3.73126289999982,32,1.0,1.0
discovery,7146,701,brain5,edge_dropout,0.005,autonomous,edge_dropout_1_autonomous.npz,False,1,3.321928094887362,2,0.0862944162436548,False,False,6.910306123348284,85561.55837563451,0.382846396932793,0.0022945033268767,0.0,0.9928980000404256,1.1455771782255952,0.0870511361522448,0.9277598077509726,0,0.1875,0.03125,0.078125,0.072463768115942,3.68391150000025,32,0.03125,0.03125
discovery,7146,701,brain5,edge_dropout,0.01,autonomous,edge_dropout_2_autonomous.npz,False,2,6.643856189774724,3,0.0812182741116751,False,False,6.326487248851159,77132.34010152284,0.4436461594390983,0.002351301634562,0.0,0.991698862873892,5.153394548781533,0.0885592352306423,0.9257837600224014,0,0.09375,0.0625,0.140625,0.0289855072463768,3.562274200000047,32,0.0625,0.0625
discovery,7146,701,brain5,neuron_dropout,0.001,autonomous,neuron_dropout_0_autonomous.npz,False,6,19.93156856932417,7,0.1218274111675127,False,False,3.840496904227786,85541.22842639594,0.382993036401042,0.0023843570576261,0.0,0.9984638917978932,1.588959982663403,0.1175095663923345,0.9674709280381052,0,0.34375,0.09375,0.078125,0.072463768115942,3.5483807999999044,32,0.1875,0.1875
discovery,7146,701,brain5,neuron_dropout,0.005,autonomous,neuron_dropout_1_autonomous.npz,False,8,26.575424759098897,9,0.1065989847715736,False,False,6.61258614839015,76003.25888324874,0.4517901969629848,0.0022984647164719,0.0,0.9881586456833584,4.713529582162506,0.0981137802081025,0.9549771341167876,0,0.3125,0.03125,0.125,0.0289855072463768,3.583249700000124,32,0.25,0.25
discovery,7146,701,brain5,neuron_dropout,0.01,autonomous,neuron_dropout_2_autonomous.npz,False,6,19.93156856932417,7,0.1218274111675127,False,False,3.834156564005813,84115.42131979695,0.3932773511075746,0.002387012907795,0.0,0.9984621447627974,1.5911256678751942,0.1173273317441519,0.96713321129795,0,0.34375,0.09375,0.078125,0.072463768115942,3.565449299999728,32,0.1875,0.1875
discovery,7146,701,brain5,weight_noise,0.001,autonomous,weight_noise_0_autonomous.npz,False,32,106.3016990363956,33,0.2385786802030456,True,False,7.525277479457927,85199.58883248731,0.3854572751355152,0.0022298946207315,0.0,0.9879054978985374,6.168379595402862e-05,0.2251368808293191,0.9080986898279858,0,1.0,0.0625,0.125,0.072463768115942,3.70633719999978,32,1.0,1.0
discovery,7146,701,brain5,weight_noise,0.01,autonomous,weight_noise_1_autonomous.npz,False,4,13.287712379549449,5,0.1015228426395939,False,False,6.14176939835113,75208.93401015228,0.4575196444712361,0.0024033137975068,0.0,0.9948582161838648,5.933131189143428,0.0990401673429996,0.9530914092108114,0,0.21875,0.0625,0.140625,0.0289855072463768,3.715290300000106,32,0.125,0.125
discovery,7146,701,brain5,weight_noise,0.05,autonomous,weight_noise_2_autonomous.npz,False,1,3.321928094887362,2,0.1015228426395939,False,False,6.809127668831844,85644.1573604061,0.3822506123067384,0.0019145925343607,0.0,0.977328641972955,3.892076008433005,0.0872030272288512,0.7824270097010145,0,0.125,0.15625,0.078125,0.0869565217391304,3.865907200000038,32,0.03125,0.03125
discovery,7146,701,brain1,pulse,1e-06,autonomous,pulse_0_autonomous.npz,False,37,122.9113395108324,38,0.2690355329949238,True,False,11.148261035497631,115254.6192893401,0.1686710140051492,0.0055977433093122,0.0,0.9970028237277838,5.009976734970439e-07,0.2485545575953225,0.728138592843783,0,1.0,0.28125,0.109375,0.072463768115942,11.645555699999932,37,1.0,1.0
discovery,7146,701,brain1,pulse,0.0001,autonomous,pulse_1_autonomous.npz,False,0,0.0,1,0.0964467005076142,False,False,10.947962776505864,115847.76649746193,0.1643926564858234,0.0056130201898198,0.0,0.9970201702072612,1.2084401353872891,0.1069611422956706,0.6797524745405069,0,0.09375,0.09375,0.09375,0.1014492753623188,10.346500000000106,37,0.0,0.0
discovery,7146,701,brain1,pulse,0.001,autonomous,pulse_2_autonomous.npz,False,0,0.0,1,0.1015228426395939,False,False,11.431340880027369,116535.36548223352,0.1594330204182552,0.0056110431400566,0.0,0.9969694649644828,1.6901155640294347,0.1149839799082275,0.717210737629485,0,0.15625,0.0625,0.09375,0.1014492753623188,10.29393200000004,37,0.0,0.0
discovery,7146,701,brain1,ongoing,1e-06,autonomous,ongoing_0_autonomous.npz,False,37,122.9113395108324,38,0.3197969543147208,True,False,11.439065215631524,137849.35532994923,0.0056956893085694,0.0056249556660245,0.0001057529610829,0.99685224333835,0.941573662302142,0.2752440404375034,0.7554283434105976,0,1.0,0.28125,0.171875,0.1594202898550724,11.094904100000347,37,1.0,1.0
discovery,7146,701,brain1,ongoing,0.0001,autonomous,ongoing_1_autonomous.npz,False,0,0.0,1,0.1269035532994923,False,False,20.563529949414207,138629.55837563451,6.810222495468032e-05,0.0055341847812417,0.0,0.9965438885837394,3.5616560473136936,0.1231806799384146,0.8199716495441066,0,0.15625,0.1875,0.09375,0.1159420289855072,9.281087200000002,37,0.0,0.0
discovery,7146,701,brain1,ongoing,0.001,autonomous,ongoing_2_autonomous.npz,False,0,0.0,1,0.1269035532994923,False,False,42.79035154173897,138637.99492385786,7.249591688851531e-06,0.0054677838684381,0.0,0.9791716301741558,238.9899059942693,0.1271952685779953,0.8733885693226497,0,0.0625,0.0625,0.125,0.1884057971014492,9.557625700000244,37,0.0,0.0
discovery,7146,701,brain1,edge_dropout,0.001,autonomous,edge_dropout_0_autonomous.npz,False,1,3.321928094887362,2,0.0812182741116751,False,False,11.710579540294214,114056.00507614212,0.1773165914631371,0.0056488635724186,0.0,0.9971015555835128,1.1199732107178428,0.0841110148058578,0.7246151107710931,0,0.03125,0.03125,0.109375,0.1014492753623188,7.309967700000016,37,0.02702702702702703,0.02702702702702703
discovery,7146,701,brain1,edge_dropout,0.005,autonomous,edge_dropout_1_autonomous.npz,False,1,3.321928094887362,2,0.0710659898477157,False,False,10.91623890561214,114520.1573604061,0.1739686714387286,0.0057071648198251,0.0,0.9971244943157191,1.270365670998301,0.0778448978655425,0.6951999134472892,0,0.0625,0.0,0.140625,0.0434782608695652,10.131779800000004,37,0.02702702702702703,0.02702702702702703
discovery,7146,701,brain1,edge_dropout,0.01,autonomous,edge_dropout_2_autonomous.npz,False,0,0.0,1,0.0913705583756345,False,False,10.345816429407204,114030.15228426395,0.1775030670715747,0.0055653329316204,0.0,0.9968335831575678,1.339281245578455,0.0899754361810585,0.7477923454396813,0,0.03125,0.125,0.0625,0.1304347826086956,9.93915990000005,37,0.0,0.0
discovery,7146,701,brain1,neuron_dropout,0.001,autonomous,neuron_dropout_0_autonomous.npz,False,5,16.609640474436812,6,0.1065989847715736,False,False,10.868769650845246,113387.9187817259,0.1821354829324656,0.0056201464703165,0.0,0.9970315561035354,1.3050595190975616,0.1090526754348963,0.6881960267389489,0,0.28125,0.0625,0.046875,0.1014492753623188,9.272953900000177,37,0.13513513513513514,0.13513513513513514
discovery,7146,701,brain1,neuron_dropout,0.005,autonomous,neuron_dropout_1_autonomous.npz,False,5,16.609640474436812,6,0.1370558375634517,False,False,11.024112787520624,111975.08629441624,0.1923262120008348,0.0054361857250516,0.0,0.9965234263714704,1.1174613477545716,0.132023790397194,0.7552844351211667,0,0.1875,0.1875,0.0625,0.1594202898550724,9.164788500000212,37,0.13513513513513514,0.13513513513513514
discovery,7146,701,brain1,neuron_dropout,0.01,autonomous,neuron_dropout_2_autonomous.npz,False,1,3.321928094887362,2,0.0609137055837563,False,False,10.78666887695808,111912.33502538071,0.192778835498087,0.0054713904544591,0.0,0.9965961404758564,1.3998477053956786,0.0656614882612477,0.7463360085345737,0,0.125,0.09375,0.03125,0.0434782608695652,9.314726600000084,37,0.02702702702702703,0.02702702702702703
discovery,7146,701,brain1,weight_noise,0.001,autonomous,weight_noise_0_autonomous.npz,False,37,122.9113395108324,38,0.2741116751269035,True,False,11.353930116971458,113978.67005076142,0.1778744072680745,0.0056502905711847,0.0,0.9970226521951582,0.6947161557175756,0.2508653425284503,0.7379547965681277,0,1.0,0.28125,0.125,0.072463768115942,9.915517799999634,37,1.0,1.0
discovery,7146,701,brain1,weight_noise,0.01,autonomous,weight_noise_1_autonomous.npz,False,37,122.9113395108324,38,0.3096446700507614,True,False,11.124833673357392,113531.57868020303,0.1810992673042719,0.0055895108004126,0.0,0.9969120398949046,0.8218265591309118,0.2834038726120487,0.7756206076581119,0,1.0,0.3125,0.140625,0.144927536231884,10.31143689999999,37,1.0,1.0
discovery,7146,701,brain1,weight_noise,0.05,autonomous,weight_noise_2_autonomous.npz,False,1,3.321928094887362,2,0.0456852791878172,False,False,10.970285050834178,114887.97461928934,0.1713156137934539,0.0057635095583976,0.0,0.9970906084191388,1.5226363010659605,0.0712462269514337,0.7064802993523455,0,0.0625,0.0,0.0625,0.0434782608695652,10.947581700000228,37,0.02702702702702703,0.02702702702702703
discovery,7146,702,legacy5,pulse,1e-06,autonomous,pulse_0_autonomous.npz,False,32,106.3016990363956,33,0.233502538071066,True,False,13.928954098211989,646.989847715736,0.056866111201551,0.0128909566641721,0.0,0.969495826683414,2.711114965499982e-09,0.2327287522435286,0.7281957743209779,0,1.0,0.0625,0.03125,0.144927536231884,0.0146138000000064,32,1.0,1.0
discovery,7146,702,legacy5,pulse,0.0001,autonomous,pulse_1_autonomous.npz,False,32,106.3016990363956,33,0.233502538071066,True,False,13.931693897735778,648.010152284264,0.0553787867576326,0.012890655063299,0.0,0.9694925524395004,2.711114965122549e-05,0.2327399082943448,0.7282069303407498,0,1.0,0.0625,0.03125,0.144927536231884,0.0172970999997232,32,1.0,1.0
discovery,7146,702,legacy5,pulse,0.001,autonomous,pulse_2_autonomous.npz,False,1,3.321928094887362,2,0.1015228426395939,False,False,14.53660121857521,648.5228426395939,0.054631424723624,0.013121556225652,0.0,0.9703775182972556,1.6575757459191531,0.1117450560480924,0.7219204079533672,0,0.15625,0.0625,0.09375,0.1014492753623188,0.0158163000000968,32,0.03125,0.03125
discovery,7146,702,legacy5,ongoing,1e-06,autonomous,ongoing_0_autonomous.npz,False,32,106.3016990363956,33,0.233502538071066,True,False,13.93599967820582,685.7106598984772,0.0004217785736484,0.0128909836406231,0.0,0.9694957842429844,6.982948158311677e-07,0.2328215889547739,0.7286580328925644,0,1.0,0.0625,0.03125,0.144927536231884,0.4095178000002306,32,1.0,1.0
discovery,7146,702,legacy5,ongoing,0.0001,autonomous,ongoing_1_autonomous.npz,False,2,6.643856189774724,3,0.116751269035533,False,False,14.145826843079586,686.0,0.0,0.012993281461329,0.0,0.9750455104600204,2.207470518320348,0.1173743948498152,0.7774815708225794,0,0.125,0.125,0.0625,0.1594202898550724,0.4979468000001361,32,0.0625,0.0625
discovery,7146,702,legacy5,ongoing,0.001,autonomous,ongoing_2_autonomous.npz,False,2,6.643856189774724,3,0.1015228426395939,False,False,25.628755702739248,686.0,0.0,0.0128679693822035,0.0,0.9674694566745918,2.45577286112455,0.106790420748781,0.7806775650860606,0,0.09375,0.09375,0.0625,0.144927536231884,0.4859390999999959,32,0.0625,0.0625
discovery,7146,702,legacy5,edge_dropout,0.001,autonomous,edge_dropout_0_autonomous.npz,False,16,53.1508495181978,17,0.1522842639593908,False,False,12.315169754042625,645.6142131979695,0.0588714093324058,0.0133376804280683,0.0002115059221658,0.9789937886029944,2.312491402346617,0.1562956470919915,0.8417114865389624,0,0.5,0.0,0.0625,0.144927536231884,0.0299325999999382,32,0.5,0.5
discovery,7146,702,legacy5,edge_dropout,0.005,autonomous,edge_dropout_1_autonomous.npz,False,3,9.965784284662089,4,0.1015228426395939,False,False,14.572930427832976,642.9441624365483,0.0627636116085302,0.0124699305312126,0.0002115059221658,0.9717751035515632,1.6587827603725376,0.1130918034904816,0.7305608338268297,0,0.15625,0.09375,0.09375,0.0869565217391304,0.0381806000000324,32,0.09375,0.09375
discovery,7146,702,legacy5,edge_dropout,0.01,autonomous,edge_dropout_2_autonomous.npz,False,2,6.643856189774724,3,0.1421319796954314,False,False,14.76299060774862,642.8274111675127,0.0629338029628095,0.0124284054910758,0.0002115059221658,0.9734220468279976,1.6984928574142022,0.1387254860023286,0.716921462091882,0,0.0625,0.09375,0.125,0.217391304347826,0.0442987000001267,32,0.0625,0.0625
discovery,7146,702,legacy5,neuron_dropout,0.001,autonomous,neuron_dropout_0_autonomous.npz,False,32,106.3016990363956,33,0.233502538071066,True,False,13.928934989444004,645.9441624365483,0.0583904337659646,0.0128909597106427,0.0002115059221658,0.9694958593399814,0.0,0.2327285035523751,0.7281955256301379,0,1.0,0.0625,0.03125,0.144927536231884,0.0455465999998523,32,1.0,1.0
discovery,7146,702,legacy5,neuron_dropout,0.005,autonomous,neuron_dropout_1_autonomous.npz,False,5,16.609640474436812,6,0.0812182741116751,False,False,13.924682389791364,641.9441624365483,0.064221337556052,0.0130608019943038,0.0002115059221658,0.9687437630717436,1.8268687554379688,0.103650899986183,0.7094921736786716,0,0.21875,0.0,0.046875,0.0869565217391304,0.0509570000003805,32,0.15625,0.15625
discovery,7146,702,legacy5,neuron_dropout,0.01,autonomous,neuron_dropout_2_autonomous.npz,False,20,66.43856189774725,21,0.1776649746192893,False,False,10.41676253172782,639.9492385786803,0.0671293898269966,0.0134865673232943,0.0002115059221658,0.9708319517502966,1.5084225585780953,0.1813919641236864,0.8195906540878712,0,0.78125,0.0625,0.03125,0.0869565217391304,0.0483461999997416,32,0.625,0.625
discovery,7146,702,legacy5,weight_noise,0.001,autonomous,weight_noise_0_autonomous.npz,False,32,106.3016990363956,33,0.2436548223350254,True,False,11.117084821641278,645.9441624365483,0.0583904337659646,0.0134049207107326,0.0002115059221658,0.9870405032559753,2.424383705586116,0.24266155165146,0.9050700227708024,0,1.0,0.0625,0.09375,0.1159420289855072,0.0470699000002241,32,1.0,1.0
discovery,7146,702,legacy5,weight_noise,0.01,autonomous,weight_noise_1_autonomous.npz,False,32,106.3016990363956,33,0.233502538071066,True,False,14.17740395849312,645.9441624365483,0.0583904337659646,0.0131117363891425,0.0002115059221658,0.9714101125429708,1.3888717085150022,0.2212182453638312,0.7552616519211017,0,1.0,0.125,0.09375,0.0579710144927536,0.0478429999998297,32,1.0,1.0
discovery,7146,702,legacy5,weight_noise,0.05,autonomous,weight_noise_2_autonomous.npz,False,2,6.643856189774724,3,0.0812182741116751,False,False,12.454658662061652,645.9441624365483,0.0583904337659646,0.012743170206954,0.0002115059221658,0.9674139043568842,1.7067988413585635,0.0894572372758563,0.7919329395745677,0,0.15625,0.03125,0.046875,0.1014492753623188,0.0406160000002273,32,0.0625,0.0625
discovery,7146,702,brain5,pulse,1e-06,autonomous,pulse_0_autonomous.npz,False,35,116.26748332105768,36,0.2741116751269035,True,False,9.90539138816295,85296.80203045685,0.3847560785171787,0.0021534741427388,0.0001057529610829,0.9797664863775624,2.7691050332195397e-06,0.2506716929517738,0.759355840904747,0,1.0,0.21875,0.0625,0.1594202898550724,3.69879949999995,35,1.0,1.0
discovery,7146,702,brain5,pulse,0.0001,autonomous,pulse_1_autonomous.npz,False,0,0.0,1,0.1065989847715736,False,False,8.784652370599904,88479.59898477157,0.3617986354144824,0.0022512389534181,0.0,0.9740537159280398,2.0155642741940474,0.1020381860960635,0.8059106326406841,0,0.21875,0.125,0.0625,0.0869565217391304,3.1422982999997657,35,0.0,0.0
discovery,7146,702,brain5,pulse,0.001,autonomous,pulse_2_autonomous.npz,False,0,0.0,1,0.0964467005076142,False,False,5.5866803998517,91105.7461928934,0.3428562944561529,0.0023422615670169,0.0,0.969933242511199,5.271135129516323,0.1074300045792317,0.8639323306375369,0,0.09375,0.15625,0.125,0.0434782608695652,2.43750080000018,35,0.0,0.0
discovery,7146,702,brain5,ongoing,1e-06,autonomous,ongoing_0_autonomous.npz,False,19,63.11663380285988,20,0.1878172588832487,False,False,9.719489390174354,137810.4568527919,0.0059762631525625,0.0021870718431111,0.0001057529610829,0.9771609752882984,1.7062096665941806,0.1966893652716097,0.8281184131979789,0,0.625,0.03125,0.109375,0.1304347826086956,5.09729470000002,35,0.5428571428571428,0.5428571428571428
discovery,7146,702,brain5,ongoing,0.0001,autonomous,ongoing_1_autonomous.npz,False,0,0.0,1,0.1116751269035533,False,False,15.86174884461474,138629.70558375635,6.704041607086264e-05,0.0021355061300642,0.0,0.9760746894342818,13.601463684648357,0.1082759397639963,0.8503517340344962,0,0.21875,0.09375,0.046875,0.1304347826086956,4.9892243999997845,35,0.0,0.0
discovery,7146,702,brain5,ongoing,0.001,autonomous,ongoing_2_autonomous.npz,False,0,0.0,1,0.1269035532994923,False,False,42.36574750263107,138638.0659898477,6.736994296652199e-06,0.002421894939496,0.0,0.9206348449941438,1124.5723446513507,0.1323782334113026,0.8324523399224779,0,0.21875,0.15625,0.046875,0.144927536231884,4.94885609999983,35,0.0,0.0
discovery,7146,702,brain5,edge_dropout,0.001,autonomous,edge_dropout_0_autonomous.npz,False,2,6.643856189774724,3,0.0812182741116751,False,False,8.999375843608737,81888.01522842639,0.4093435813268532,0.0022300711670316,0.0,0.9766777535226984,2.1485334297455494,0.0971528936375074,0.7608563088402309,0,0.09375,0.0625,0.109375,0.0579710144927536,3.888801699999931,35,0.05714285714285714,0.05714285714285714
discovery,7146,702,brain5,edge_dropout,0.005,autonomous,edge_dropout_1_autonomous.npz,False,1,3.321928094887362,2,0.0964467005076142,False,False,8.835536535139498,82231.68020304569,0.4068647335667043,0.002221143839094,0.0,0.9759261343289944,2.021016524552097,0.08862183811253,0.7776146135411066,0,0.125,0.15625,0.078125,0.072463768115942,3.727749700000004,35,0.02857142857142857,0.02857142857142857
discovery,7146,702,brain5,edge_dropout,0.01,autonomous,edge_dropout_2_autonomous.npz,False,1,3.321928094887362,2,0.0964467005076142,False,False,9.47916627858882,81498.49746192893,0.4121531642472253,0.0021490816457387,0.0,0.9770144672709744,1.98963869546816,0.0788240645614878,0.7775690481974747,0,0.1875,0.0625,0.0625,0.1014492753623188,3.7010895999997047,35,0.02857142857142857,0.02857142857142857
discovery,7146,702,brain5,neuron_dropout,0.001,autonomous,neuron_dropout_0_autonomous.npz,False,35,116.26748332105768,36,0.248730964467005,True,False,9.208252130601307,82823.20812182741,0.4025980559450991,0.0022347393437968,0.0,0.9730365037609574,1.4191341236914394,0.2369170515570231,0.8275990626087665,0,1.0,0.21875,0.0625,0.0869565217391304,3.620841499999642,35,1.0,1.0
discovery,7146,702,brain5,neuron_dropout,0.005,autonomous,neuron_dropout_1_autonomous.npz,False,1,3.321928094887362,2,0.1370558375634517,False,False,5.713998818773328,85356.43147208123,0.3843259726910809,0.0023916469789625,0.0,0.967768374128144,2.7809206673254865,0.1261342109922183,0.7897476916007605,0,0.25,0.0625,0.140625,0.1159420289855072,3.6236957000000976,35,0.02857142857142857,0.02857142857142857
discovery,7146,702,brain5,neuron_dropout,0.01,autonomous,neuron_dropout_2_autonomous.npz,False,1,3.321928094887362,2,0.1269035532994923,False,False,9.06179564604413,78495.15228426395,0.4338162257065908,0.0021768893035083,0.0006345177664974,0.9814625776850642,2.3045131874460485,0.1175487356743188,0.6801683126357999,0,0.125,0.15625,0.125,0.1159420289855072,3.636061700000028,35,0.02857142857142857,0.02857142857142857
discovery,7146,702,brain5,weight_noise,0.001,autonomous,weight_noise_0_autonomous.npz,False,35,116.26748332105768,36,0.2791878172588832,True,False,9.235692276488392,82863.8883248731,0.4023046305522032,0.0022047831052042,0.0,0.9772462596734068,1.363805913171487,0.2651306159258249,0.7938414631021319,0,1.0,0.21875,0.171875,0.072463768115942,3.651667999999973,35,1.0,1.0
discovery,7146,702,brain5,weight_noise,0.01,autonomous,weight_noise_1_autonomous.npz,False,7,23.253496664211536,8,0.1269035532994923,False,False,9.149384730950006,82260.71065989848,0.4066553375320185,0.0022017260098718,0.0,0.977613164366358,2.095975287977107,0.1315488863102566,0.80222314947844,0,0.3125,0.0625,0.09375,0.1014492753623188,3.590987399999904,35,0.2,0.2
discovery,7146,702,brain5,weight_noise,0.05,autonomous,weight_noise_2_autonomous.npz,False,1,3.321928094887362,2,0.1319796954314721,False,False,9.18132064069148,80120.2538071066,0.4220944048420243,0.0021645292348538,0.0001057529610829,0.9751800721443912,1.8401054871510345,0.1208831257994301,0.8080560937215027,0,0.1875,0.0625,0.109375,0.1594202898550724,3.745108600000094,35,0.02857142857142857,0.02857142857142857
discovery,7146,702,brain1,pulse,1e-06,autonomous,pulse_0_autonomous.npz,False,32,106.3016990363956,33,0.2538071065989847,True,False,9.954366118939127,109813.36548223352,0.2079186557733862,0.0057922607748672,0.0,0.99702023443175,4.950435997876225e-07,0.2342631392331803,0.7447543884401824,0,1.0,0.09375,0.109375,0.1159420289855072,10.604118199999904,32,1.0,1.0
discovery,7146,702,brain1,pulse,0.0001,autonomous,pulse_1_autonomous.npz,False,0,0.0,1,0.1015228426395939,False,False,9.11889733599564,111211.32994923858,0.1978351694022707,0.0058191895060911,0.0,0.9969901654771506,0.7170610049266527,0.1183857362996541,0.712787921834609,0,0.09375,0.0625,0.109375,0.1159420289855072,8.32274869999992,32,0.0,0.0
discovery,7146,702,brain1,pulse,0.001,autonomous,pulse_2_autonomous.npz,False,0,0.0,1,0.1065989847715736,False,False,9.53674993950927,111975.12182741116,0.1923259557021388,0.0058018646038617,0.0,0.9969713339020478,1.7562027467189405,0.1027901080722963,0.7107077185314739,0,0.125,0.09375,0.140625,0.072463768115942,9.46588440000005,32,0.0,0.0
discovery,7146,702,brain1,ongoing,1e-06,autonomous,ongoing_0_autonomous.npz,False,7,23.253496664211536,8,0.1624365482233502,False,False,10.063672650406184,137837.67512690354,0.0057799383513762,0.0058434876566714,0.0,0.9970664747233178,1.063923102746546,0.1437985239086568,0.7374971948656581,0,0.34375,0.1875,0.078125,0.144927536231884,12.171880899999906,32,0.21875,0.21875
discovery,7146,702,brain1,ongoing,0.0001,autonomous,ongoing_1_autonomous.npz,False,0,0.0,1,0.0862944162436548,False,False,18.50685816288765,138629.70558375635,6.704041607086264e-05,0.0059481411380003,0.0,0.997333012837294,4.109903950032189,0.0920247887955674,0.8861917214431742,0,0.0625,0.21875,0.046875,0.072463768115942,10.9447811,32,0.0,0.0
discovery,7146,702,brain1,ongoing,0.001,autonomous,ongoing_2_autonomous.npz,False,0,0.0,1,0.116751269035533,False,False,42.71461709332058,138638.0,7.21297758932149e-06,0.0060255427853804,0.0,0.9843534191639668,248.52072212727185,0.1116751024823806,0.89025570866437,0,0.15625,0.15625,0.109375,0.0869565217391304,10.714637499999752,32,0.0,0.0
discovery,7146,702,brain1,edge_dropout,0.001,autonomous,edge_dropout_0_autonomous.npz,False,7,23.253496664211536,8,0.1319796954314721,False,False,8.070288289960029,108123.21827411168,0.2201096497081508,0.0057935257733309,0.0,0.996968320500714,0.7253171710664266,0.1370224390299326,0.7184005297794462,0,0.34375,0.0625,0.109375,0.0869565217391304,10.13549550000016,32,0.21875,0.21875
discovery,7146,702,brain1,edge_dropout,0.005,autonomous,edge_dropout_1_autonomous.npz,False,1,3.321928094887362,2,0.1319796954314721,False,False,7.465328350210255,104694.0,0.2448445242680631,0.0059822112848327,0.0,0.9971040538936612,1.406104936267262,0.1280155000613536,0.8837282935295279,0,0.125,0.15625,0.140625,0.1159420289855072,10.355636700000105,32,0.03125,0.03125
discovery,7146,702,brain1,edge_dropout,0.01,autonomous,edge_dropout_2_autonomous.npz,False,2,6.643856189774724,3,0.1269035532994923,False,False,8.690355339340496,105196.78172588832,0.2412179709469317,0.0058753793174976,0.0,0.9970925816425804,1.341448185303651,0.1171214700053792,0.8604083515693361,0,0.15625,0.15625,0.109375,0.1159420289855072,10.545657500000289,32,0.0625,0.0625
discovery,7146,702,brain1,neuron_dropout,0.001,autonomous,neuron_dropout_0_autonomous.npz,False,7,23.253496664211536,8,0.1725888324873096,False,False,9.957953234669064,107675.54822335026,0.2233386837516842,0.0058041681570915,0.0,0.997044924650986,1.1837839241946573,0.1578498133056861,0.7012719460815402,0,0.28125,0.1875,0.171875,0.1159420289855072,11.15747999999985,32,0.21875,0.21875
discovery,7146,702,brain1,neuron_dropout,0.005,autonomous,neuron_dropout_1_autonomous.npz,False,3,9.965784284662089,4,0.0964467005076142,False,False,9.284094728244074,104862.8578680203,0.2436265562502593,0.0059241071598811,0.0,0.9971486348801284,1.1456029345008567,0.1003776730096058,0.80673951119791,0,0.125,0.03125,0.140625,0.072463768115942,11.85533200000009,32,0.09375,0.09375
discovery,7146,702,brain1,neuron_dropout,0.01,autonomous,neuron_dropout_2_autonomous.npz,False,2,6.643856189774724,3,0.1065989847715736,False,False,3.919170479070438,110859.97969543148,0.2003694509089688,0.0052781134716314,0.0,0.9984930495491592,2.341968688645256,0.1030289845865923,0.8400860851881672,0,0.15625,0.21875,0.046875,0.0869565217391304,10.0225918000001,32,0.0625,0.0625
discovery,7146,702,brain1,weight_noise,0.001,autonomous,weight_noise_0_autonomous.npz,False,32,106.3016990363956,33,0.2538071065989847,True,False,9.95498657381254,107708.27918781726,0.2231025960385082,0.005792070354345,0.0,0.9970211741862351,2.7172146477215407e-06,0.2347059031066778,0.7453748380808461,0,1.0,0.09375,0.109375,0.1159420289855072,12.380387100000007,32,1.0,1.0
discovery,7146,702,brain1,weight_noise,0.01,autonomous,weight_noise_1_autonomous.npz,False,32,106.3016990363956,33,0.2588832487309644,True,False,10.06650954869438,107477.72588832489,0.224765571820881,0.0058031035023237,0.0001057529610829,0.9970320969062916,0.8644535861093191,0.2389827392814646,0.7545606981356674,0,1.0,0.0625,0.15625,0.1014492753623188,12.507423000000015,32,1.0,1.0
discovery,7146,702,brain1,weight_noise,0.05,autonomous,weight_noise_2_autonomous.npz,False,1,3.321928094887362,2,0.1015228426395939,False,False,10.772857925612554,107332.8578680203,0.225810501604741,0.0057263446849398,0.0,0.9971027800670118,1.3220187806269552,0.1006213324741334,0.7111929320486269,0,0.09375,0.09375,0.15625,0.0579710144927536,12.351656599999842,32,0.03125,0.03125
confirmation,371142,701,legacy5,pulse,1e-06,autonomous,pulse_0_autonomous.npz,False,42,139.5209799852692,43,0.2944162436548223,True,False,14.070495808748234,648.9340101522843,0.0540320551715972,0.0145833146454355,0.0,0.971776765403706,9.47158994794501e-10,0.2760582736150749,0.8531018505383939,0,1.0,0.4375,0.078125,0.1014492753623188,0.0424371999997674,42,1.0,1.0
confirmation,371142,701,legacy5,pulse,0.0001,autonomous,pulse_1_autonomous.npz,False,42,139.5209799852692,43,0.2944162436548223,True,False,14.074174943496804,649.8984771573604,0.0526261265927691,0.0145834539109597,0.0,0.9717768380390206,9.471590402491398e-06,0.2760424534314833,0.8530860303547549,0,1.0,0.4375,0.078125,0.1014492753623188,0.0442522000003009,42,1.0,1.0
confirmation,371142,701,legacy5,pulse,0.001,autonomous,pulse_2_autonomous.npz,False,2,6.643856189774724,3,0.1015228426395939,False,False,14.28765424485693,650.4111675126903,0.0518787645587605,0.0145534273702227,0.0,0.971059082989164,1.6307150399068682,0.1098983439163787,0.8493473612435497,0,0.0625,0.0625,0.0625,0.1739130434782608,0.0303322999998272,42,0.047619047619047616,0.047619047619047616
confirmation,371142,701,legacy5,ongoing,1e-06,autonomous,ongoing_0_autonomous.npz,False,42,139.5209799852692,43,0.2944162436548223,True,False,14.076055740395496,685.746192893401,0.0003699812049547,0.0145833450710825,0.0,0.971777239938598,5.241779940495836e-07,0.2760199286186557,0.8529029108593635,0,1.0,0.4375,0.078125,0.1014492753623188,0.4963357000001451,42,1.0,1.0
confirmation,371142,701,legacy5,ongoing,0.0001,autonomous,ongoing_1_autonomous.npz,False,4,13.287712379549449,5,0.1319796954314721,False,False,15.023505899352577,685.994923857868,7.399624099124757e-06,0.0141049400146936,0.0,0.9699537341799874,1.8230776679096912,0.1213896539253148,0.8321955801231772,0,0.15625,0.09375,0.109375,0.1594202898550724,0.4773433000000295,42,0.09523809523809523,0.09523809523809523
confirmation,371142,701,legacy5,ongoing,0.001,autonomous,ongoing_2_autonomous.npz,False,1,3.321928094887362,2,0.0964467005076142,False,False,24.20772285501819,686.0,0.0,0.0141142153213942,0.0,0.9695755877687352,2.3197942327583165,0.1030915326207034,0.8298847984487466,0,0.1875,0.09375,0.0625,0.0869565217391304,0.4707358999999087,42,0.023809523809523808,0.023809523809523808
confirmation,371142,701,legacy5,edge_dropout,0.001,autonomous,edge_dropout_0_autonomous.npz,False,7,23.253496664211536,8,0.1319796954314721,False,False,14.150829960581849,647.8984771573604,0.0555415784878128,0.0145071736247343,0.0002115059221658,0.9705773673816708,1.523822813196686,0.1333596095955856,0.8293539810026912,0,0.28125,0.09375,0.09375,0.1159420289855072,0.0502830999998877,42,0.16666666666666666,0.16666666666666666
confirmation,371142,701,legacy5,edge_dropout,0.005,autonomous,edge_dropout_1_autonomous.npz,False,0,0.0,1,0.1015228426395939,False,False,13.860036529282835,647.5685279187817,0.0560225540542541,0.0134487354779829,0.0002115059221658,0.9705846800752582,1.4807939977451952,0.1082635625071213,0.8360687147935604,0,0.03125,0.15625,0.125,0.0869565217391304,0.0468424999999115,42,0.0,0.0
confirmation,371142,701,legacy5,edge_dropout,0.01,autonomous,edge_dropout_2_autonomous.npz,False,1,3.321928094887362,2,0.1218274111675127,False,False,12.647740998281122,646.6243654822335,0.0573988841366858,0.013850278098904,0.0002115059221658,0.9705611034884972,2.211065922895768,0.1170196263817866,0.8502223705066974,0,0.0625,0.125,0.109375,0.1594202898550724,0.0462545999998837,42,0.023809523809523808,0.023809523809523808
confirmation,371142,701,legacy5,neuron_dropout,0.001,autonomous,neuron_dropout_0_autonomous.npz,False,5,16.609640474436812,6,0.0913705583756345,False,False,13.33328120616106,646.9390862944163,0.0569401074425418,0.0137081151308037,0.0002115059221658,0.9710890574826644,1.8543841645161452,0.094502858893853,0.8472144378596089,0,0.21875,0.03125,0.09375,0.0579710144927536,0.0498864999999568,42,0.11904761904761904,0.11904761904761904
confirmation,371142,701,legacy5,neuron_dropout,0.005,autonomous,neuron_dropout_1_autonomous.npz,False,3,9.965784284662089,4,0.0964467005076142,False,False,12.390787783640192,643.9390862944163,0.0613132852851074,0.0141358364590535,0.0002115059221658,0.9738044290476244,1.7643266120677663,0.1029888077595734,0.8576272254196584,0,0.15625,0.125,0.03125,0.1159420289855072,0.044789099999889,42,0.07142857142857142,0.07142857142857142
confirmation,371142,701,legacy5,neuron_dropout,0.01,autonomous,neuron_dropout_2_autonomous.npz,False,1,3.321928094887362,2,0.1015228426395939,False,False,13.024402893215202,642.9390862944163,0.0627710112326294,0.0136355572373974,0.0002115059221658,0.9758329305720927,2.219772178161405,0.1087366081327093,0.8509512820589605,0,0.0625,0.1875,0.09375,0.0869565217391304,0.0513766999997642,42,0.023809523809523808,0.023809523809523808
confirmation,371142,701,legacy5,weight_noise,0.001,autonomous,weight_noise_0_autonomous.npz,False,42,139.5209799852692,43,0.3248730964467005,True,False,13.842386144042072,647.9390862944163,0.05548238149502,0.0140699297054221,0.0002115059221658,0.9722978197525668,1.3072855110850776,0.2980065834611546,0.849113634713923,0,1.0,0.4375,0.15625,0.1159420289855072,0.0526331000000936,42,1.0,1.0
confirmation,371142,701,legacy5,weight_noise,0.01,autonomous,weight_noise_1_autonomous.npz,False,7,23.253496664211536,8,0.1725888324873096,False,False,13.964118438338918,647.9390862944163,0.05548238149502,0.0138006694941554,0.0002115059221658,0.9707337294175096,1.6327083706296268,0.1570460891426842,0.8474591544194429,0,0.28125,0.09375,0.1875,0.144927536231884,0.0500228000000788,42,0.16666666666666666,0.16666666666666666
confirmation,371142,701,legacy5,weight_noise,0.05,autonomous,weight_noise_2_autonomous.npz,False,5,16.609640474436812,6,0.1370558375634517,False,False,12.775103035381582,647.9390862944163,0.05548238149502,0.0131613492715784,0.0002115059221658,0.9755697690713684,1.375493533952958,0.1385290288772452,0.8339935159004446,0,0.34375,0.09375,0.140625,0.0579710144927536,0.0498929999998836,42,0.11904761904761904,0.11904761904761904
confirmation,371142,701,brain5,pulse,1e-06,autonomous,pulse_0_autonomous.npz,False,35,116.26748332105768,36,0.2131979695431472,True,False,10.152542479109687,89030.11675126903,0.3578277631022365,0.002380635482743,0.0,0.9739115626306544,1.4797999948569134e-06,0.2189889027862811,0.8321891132571396,0,1.0,0.15625,0.046875,0.0289855072463768,4.543091699999877,35,1.0,1.0
confirmation,371142,701,brain5,pulse,0.0001,autonomous,pulse_1_autonomous.npz,False,0,0.0,1,0.0862944162436548,False,False,10.051603299465365,91276.2081218274,0.3416267563829268,0.0023713793822436,0.0,0.973371751993732,1.6886887279217933,0.0961352947298838,0.8115129795453722,0,0.125,0.09375,0.0625,0.0869565217391304,4.016652299999805,35,0.0,0.0
confirmation,371142,701,brain5,pulse,0.001,autonomous,pulse_2_autonomous.npz,False,0,0.0,1,0.0964467005076142,False,False,9.84774256496808,92963.95431472082,0.3294530809171964,0.0024575042608712,0.0,0.9760048368296068,3.102594181661432,0.1003207193679704,0.7737567123609566,0,0.09375,0.03125,0.1875,0.0434782608695652,3.730757299999823,35,0.0,0.0
confirmation,371142,701,brain5,ongoing,1e-06,autonomous,ongoing_0_autonomous.npz,False,9,29.89735285398626,10,0.1370558375634517,False,False,10.077859843040375,137823.64974619288,0.0058811031081233,0.0024106114262394,0.0,0.975135952876454,1.4335635835767764,0.1387262346509853,0.7888332895342643,0,0.40625,0.0625,0.09375,0.0869565217391304,5.080565100000058,35,0.2571428571428571,0.2571428571428571
confirmation,371142,701,brain5,ongoing,0.0001,autonomous,ongoing_1_autonomous.npz,False,0,0.0,1,0.0964467005076142,False,False,15.69176919673892,138629.40609137056,6.920064793769498e-05,0.0024191844712001,0.0,0.9782908230900408,11.451125866327478,0.0900491339034558,0.8300229177461584,0,0.03125,0.0625,0.109375,0.1304347826086956,4.947790999999597,35,0.0,0.0
confirmation,371142,701,brain5,ongoing,0.001,autonomous,ongoing_2_autonomous.npz,False,0,0.0,1,0.0913705583756345,False,False,41.22695650819781,138638.0659898477,6.736994296652199e-06,0.0026795159828952,0.0,0.9229577095759192,955.898800571026,0.0917141460064668,0.8347359936943827,0,0.0,0.03125,0.140625,0.1159420289855072,4.914542699999856,35,0.0,0.0
confirmation,371142,701,brain5,edge_dropout,0.001,autonomous,edge_dropout_0_autonomous.npz,False,9,29.89735285398626,10,0.1472081218274111,False,False,9.665125945271582,85256.20812182741,0.3850488814703842,0.0023441620517282,0.0,0.9750649152715832,1.363080696039874,0.1352502455886609,0.7997703352108644,0,0.4375,0.03125,0.09375,0.1159420289855072,4.042570900000101,35,0.2571428571428571,0.2571428571428571
confirmation,371142,701,brain5,edge_dropout,0.005,autonomous,edge_dropout_1_autonomous.npz,False,0,0.0,1,0.0913705583756345,False,False,5.227270136952474,83505.41624365482,0.3976773040511341,0.0024349906010107,0.0,0.9782822635354388,2.6112283162783023,0.0940192909406756,0.9491109478903168,0,0.09375,0.03125,0.140625,0.072463768115942,4.399067699999705,35,0.0,0.0
confirmation,371142,701,brain5,edge_dropout,0.01,autonomous,edge_dropout_2_autonomous.npz,False,0,0.0,1,0.116751269035533,False,False,6.201949118209671,83260.81218274112,0.3994416276607511,0.0023771270615482,0.0,0.9782656754601968,2.5455979221004776,0.1172211542342894,0.9246514932977112,0,0.21875,0.0625,0.109375,0.1014492753623188,4.264165300000059,35,0.0,0.0
confirmation,371142,701,brain5,neuron_dropout,0.001,autonomous,neuron_dropout_0_autonomous.npz,False,3,9.965784284662089,4,0.1472081218274111,False,False,9.719905382285448,86873.57360406092,0.373382860493361,0.002270577948636,0.0,0.9797333371142471,1.4786228534387578,0.142586565306336,0.7827676942412598,0,0.1875,0.15625,0.171875,0.1014492753623188,3.960744500000146,35,0.08571428571428572,0.08571428571428572
confirmation,371142,701,brain5,neuron_dropout,0.005,autonomous,neuron_dropout_1_autonomous.npz,False,3,9.965784284662089,4,0.1269035532994923,False,False,9.146950215871996,87070.4923857868,0.3719624897338642,0.0022809040778193,0.0,0.9830878737923944,1.9292125741320607,0.1325794999063812,0.7542909764511634,0,0.09375,0.15625,0.078125,0.1739130434782608,4.095907699999771,35,0.08571428571428572,0.08571428571428572
confirmation,371142,701,brain5,neuron_dropout,0.01,autonomous,neuron_dropout_2_autonomous.npz,False,3,9.965784284662089,4,0.0913705583756345,False,False,9.06044420975904,85806.86294416244,0.3810770205774534,0.0022471658078619,0.0,0.9860673445767096,2.032432700389908,0.0921963852040552,0.7436910783263894,0,0.09375,0.0625,0.109375,0.0869565217391304,3.949630999999954,35,0.08571428571428572,0.08571428571428572
confirmation,371142,701,brain5,weight_noise,0.001,autonomous,weight_noise_0_autonomous.npz,False,35,116.26748332105768,36,0.248730964467005,True,False,9.990233002640316,86154.22842639594,0.3785714811388141,0.0023729479938348,0.0,0.9741347131078268,1.1703119794686274,0.2432170420476033,0.8282928109006136,0,1.0,0.1875,0.125,0.0434782608695652,4.370081300000038,35,1.0,1.0
confirmation,371142,701,brain5,weight_noise,0.01,autonomous,weight_noise_1_autonomous.npz,False,6,19.93156856932417,7,0.1269035532994923,False,False,8.954834504191869,88439.65989847716,0.3620867151488602,0.0025322161453169,0.0,0.976126541732754,1.6197517646489394,0.1114398047551668,0.8096664152805061,0,0.25,0.125,0.125,0.072463768115942,4.447100800000044,35,0.17142857142857143,0.17142857142857143
confirmation,371142,701,brain5,weight_noise,0.05,autonomous,weight_noise_2_autonomous.npz,False,0,0.0,1,0.0964467005076142,False,False,9.552387682482456,88165.8426395939,0.3640617529007429,0.0024649419649375,0.0001057529610829,0.9756835498037332,1.6300609490115194,0.0988713092210819,0.7978216438921918,0,0.15625,0.0,0.140625,0.072463768115942,4.337792799999988,35,0.0,0.0
confirmation,371142,701,brain1,pulse,1e-06,autonomous,pulse_0_autonomous.npz,False,32,106.3016990363956,33,0.2741116751269035,True,False,11.025834616760129,115225.77157360406,0.1688790919322553,0.0060604664397127,0.0,0.9976301003689936,2.369762466016323e-07,0.2262486166924507,0.7365922406862796,0,1.0,0.0625,0.125,0.1739130434782608,11.450055399999655,32,1.0,1.0
confirmation,371142,701,brain1,pulse,0.0001,autonomous,pulse_1_autonomous.npz,False,0,0.0,1,0.1015228426395939,False,False,10.379891617202953,118615.2081218274,0.1444311620696383,0.005783364800218,0.0,0.9973252867005798,1.4234902875760544,0.0946972594756212,0.7348607238479627,0,0.28125,0.09375,0.0625,0.0579710144927536,14.05358679999972,32,0.0,0.0
confirmation,371142,701,brain1,pulse,0.001,autonomous,pulse_2_autonomous.npz,False,0,0.0,1,0.2538071065989847,False,False,11.18406035743422,116930.1573604061,0.1565853954485672,0.0060685649366504,0.0,0.9976089913573404,0.2634923694276984,0.1952889395455551,0.7191140323240814,0,0.875,0.0625,0.125,0.1739130434782608,11.87998030000017,32,0.0,0.0
confirmation,371142,701,brain1,ongoing,1e-06,autonomous,ongoing_0_autonomous.npz,False,24,79.7262742772967,25,0.1928934010152284,False,False,11.062961585018554,137848.21827411168,0.0057038908668435,0.0060955853316127,0.0,0.997686589629598,0.9241060393209692,0.1752157454398925,0.7065186219230957,0,0.75,0.09375,0.09375,0.072463768115942,10.12692019999986,32,0.75,0.75
confirmation,371142,701,brain1,ongoing,0.0001,autonomous,ongoing_1_autonomous.npz,False,0,0.0,1,0.116751269035533,False,False,19.126195920801745,138629.11675126903,7.12876516058003e-05,0.0060658476501309,0.0,0.9974776334499948,3.5210542127407063,0.1146258655295358,0.7674245476901114,0,0.125,0.09375,0.109375,0.1304347826086956,9.481496500000048,32,0.0,0.0
confirmation,371142,701,brain1,ongoing,0.001,autonomous,ongoing_2_autonomous.npz,False,0,0.0,1,0.1319796954314721,False,False,43.26443176050575,138638.02030456852,7.066521191534392e-06,0.006074354213193,0.0,0.9837373963707708,211.46060644521972,0.1191280837371404,0.7619098832915265,0,0.15625,0.09375,0.140625,0.1304347826086956,10.017561600000136,32,0.0,0.0
confirmation,371142,701,brain1,edge_dropout,0.001,autonomous,edge_dropout_0_autonomous.npz,False,3,9.965784284662089,4,0.1065989847715736,False,False,9.968090927954565,113918.90862944162,0.1783054650607576,0.0061578909768118,0.0,0.997625126347027,0.9625507364226328,0.1102775110992109,0.6262778889535761,0,0.125,0.125,0.109375,0.0869565217391304,9.307221000000029,32,0.09375,0.09375
confirmation,371142,701,brain1,edge_dropout,0.005,autonomous,edge_dropout_1_autonomous.npz,False,3,9.965784284662089,4,0.0913705583756345,False,False,9.286927695962046,113710.3502538071,0.1798097919502658,0.0062461307328195,0.0,0.9983228162095412,1.386848944187442,0.0963770175597335,0.8667296700219753,0,0.125,0.09375,0.0625,0.1014492753623188,9.118665500000134,32,0.09375,0.09375
confirmation,371142,701,brain1,edge_dropout,0.01,autonomous,edge_dropout_2_autonomous.npz,False,2,6.643856189774724,3,0.0913705583756345,False,False,8.713550891632323,110768.05076142131,0.2010325322497903,0.0061170935960634,0.0,0.9979782557082948,1.464557175859999,0.0944632614007945,0.8094803582523519,0,0.1875,0.0,0.078125,0.1014492753623188,9.92345290000003,32,0.0625,0.0625
confirmation,371142,701,brain1,neuron_dropout,0.001,autonomous,neuron_dropout_0_autonomous.npz,False,3,9.965784284662089,4,0.1319796954314721,False,False,11.063658520613089,112218.05583756346,0.1905736781312368,0.0059870285791181,0.0,0.997289770381958,1.1110300873377503,0.1329381297594446,0.7585452150129419,0,0.21875,0.09375,0.109375,0.1304347826086956,8.90768849999995,32,0.09375,0.09375
confirmation,371142,701,brain1,neuron_dropout,0.005,autonomous,neuron_dropout_1_autonomous.npz,False,3,9.965784284662089,4,0.0862944162436548,False,False,10.637687743535942,109673.26395939088,0.208929204917874,0.0060179376162313,0.0,0.9976492044156804,1.1117008132103725,0.0925594155803326,0.7096276680071466,0,0.25,0.0625,0.046875,0.0579710144927536,9.48567379999986,32,0.09375,0.09375
confirmation,371142,701,brain1,neuron_dropout,0.01,autonomous,neuron_dropout_2_autonomous.npz,False,3,9.965784284662089,4,0.116751269035533,False,False,10.960958464731698,107244.7005076142,0.2264463786696802,0.0059839282084087,0.0,0.997598224787192,1.2952995493186672,0.110484307828258,0.6966891130716357,0,0.1875,0.125,0.046875,0.144927536231884,9.139101400000072,32,0.09375,0.09375
confirmation,371142,701,brain1,weight_noise,0.001,autonomous,weight_noise_0_autonomous.npz,False,32,106.3016990363956,33,0.2436548223350254,True,False,11.053028355799272,114305.16243654824,0.1755194250063241,0.005895842735075,0.0,0.99739497523324,1.1707347243942472,0.2180767739306201,0.7458001355599084,0,1.0,0.1875,0.0625,0.0869565217391304,10.026401300000089,32,1.0,1.0
confirmation,371142,701,brain1,weight_noise,0.01,autonomous,weight_noise_1_autonomous.npz,False,3,9.965784284662089,4,0.1269035532994923,False,False,11.038833030692382,113055.52791878172,0.1845330107777629,0.0060341745953376,0.0,0.9976438402384517,1.2982571705580417,0.1243069836440402,0.7113689514490078,0,0.25,0.125,0.09375,0.1014492753623188,9.368658500000038,32,0.09375,0.09375
confirmation,371142,701,brain1,weight_noise,0.05,autonomous,weight_noise_2_autonomous.npz,False,3,9.965784284662089,4,0.1319796954314721,False,False,8.671689694769954,114719.34010152284,0.1725319707908824,0.0057531428597564,0.0,0.997410922906242,1.5433020252669427,0.1153591280991265,0.7114535203127681,0,0.15625,0.125,0.171875,0.0869565217391304,9.542069499999798,32,0.09375,0.09375
confirmation,371142,702,legacy5,pulse,1e-06,autonomous,pulse_0_autonomous.npz,False,33,109.62362713128296,34,0.2538071065989847,True,False,14.961006289023166,646.989847715736,0.056866111201551,0.0132996664241188,0.0,0.9712002592726484,1.3496893399500694e-09,0.2551399542224161,0.8190946617582879,0,1.0,0.125,0.078125,0.1304347826086956,0.0533532000004015,33,1.0,1.0
confirmation,371142,702,legacy5,pulse,0.0001,autonomous,pulse_1_autonomous.npz,False,33,109.62362713128296,34,0.2538071065989847,True,False,14.965625514107131,648.010152284264,0.0553787867576326,0.013299749729728,0.0,0.9712011875881682,1.3496892381979195e-05,0.2550194355866981,0.8189741430171268,0,1.0,0.125,0.078125,0.1304347826086956,0.0502203000000918,33,1.0,1.0
confirmation,371142,702,legacy5,pulse,0.001,autonomous,pulse_2_autonomous.npz,False,0,0.0,1,0.1015228426395939,False,False,15.172298205754656,648.5025380710659,0.0546610232200205,0.0134362578816787,0.0,0.97082988648858,1.531576142239662,0.0942154666801682,0.7935356516107679,0,0.0625,0.21875,0.078125,0.0869565217391304,0.0499300999999832,33,0.0,0.0
confirmation,371142,702,legacy5,ongoing,1e-06,autonomous,ongoing_0_autonomous.npz,False,33,109.62362713128296,34,0.2538071065989847,True,False,14.96775411901258,685.6954314720812,0.0004439774459458,0.0132996908206343,0.0,0.9712000885031924,8.781696545289892e-07,0.2552151493582499,0.8189981029623332,0,1.0,0.125,0.078125,0.1304347826086956,0.496327299999848,33,1.0,1.0
confirmation,371142,702,legacy5,ongoing,0.0001,autonomous,ongoing_1_autonomous.npz,False,6,19.93156856932417,7,0.1370558375634517,False,False,16.05631125864429,685.989847715736,1.4799248198249517e-05,0.0135809037774127,0.0,0.971854366784362,1.6845877851893107,0.1355651475135535,0.7901651008115514,0,0.3125,0.0,0.078125,0.1739130434782608,0.5097786999999698,33,0.18181818181818182,0.18181818181818182
confirmation,371142,702,legacy5,ongoing,0.001,autonomous,ongoing_2_autonomous.npz,False,0,0.0,1,0.1116751269035533,False,False,26.55569851236576,686.0,0.0,0.013458682523849,0.0,0.9704855470306668,2.7149043002615474,0.1001721358645243,0.8264894057299188,0,0.0625,0.15625,0.046875,0.1739130434782608,0.4773655999997572,33,0.0,0.0
confirmation,371142,702,legacy5,edge_dropout,0.001,autonomous,edge_dropout_0_autonomous.npz,False,33,109.62362713128296,34,0.2791878172588832,True,False,14.972878806826984,644.9492385786803,0.0598407600893874,0.013415404146553,0.0002115059221658,0.97207945579488,1.0830326391701992,0.2651185119933499,0.8293137203753864,0,1.0,0.125,0.109375,0.1739130434782608,0.0474029999995764,33,1.0,1.0
confirmation,371142,702,legacy5,edge_dropout,0.005,autonomous,edge_dropout_1_autonomous.npz,False,5,16.609640474436812,6,0.1065989847715736,False,False,14.928546055560885,642.7055837563452,0.0631113939411878,0.0135382527296591,0.0002115059221658,0.9721752972762752,1.5314410892367498,0.1093006834619955,0.793606356359985,0,0.28125,0.09375,0.078125,0.0579710144927536,0.0509783999996216,33,0.15151515151515152,0.15151515151515152
confirmation,371142,702,legacy5,edge_dropout,0.01,autonomous,edge_dropout_2_autonomous.npz,False,0,0.0,1,0.1015228426395939,False,False,14.830382412848191,641.3553299492386,0.0650796939515472,0.013207325181549,0.0002115059221658,0.9720281489106772,1.9732515256149024,0.0992096369726844,0.7891829145378024,0,0.03125,0.0625,0.140625,0.1159420289855072,0.0455317000000832,33,0.0,0.0
confirmation,371142,702,legacy5,neuron_dropout,0.001,autonomous,neuron_dropout_0_autonomous.npz,False,33,109.62362713128296,34,0.2842639593908629,True,False,14.810631495477509,644.9492385786803,0.0598407600893874,0.013669937858513,0.0002115059221658,0.9719999509854944,1.590749017060903,0.2763823333560339,0.8043300959904456,0,1.0,0.1875,0.140625,0.1304347826086956,0.0533871000002363,33,1.0,1.0
confirmation,371142,702,legacy5,neuron_dropout,0.005,autonomous,neuron_dropout_1_autonomous.npz,False,11,36.541209043760986,12,0.1725888324873096,False,False,15.037246685525025,643.9492385786803,0.0612984860369092,0.0136391071809376,0.0002115059221658,0.972311670546162,1.7256107905753533,0.171472970839624,0.7892712565882203,0,0.46875,0.125,0.09375,0.1304347826086956,0.049127799999951,33,0.3333333333333333,0.3333333333333333
confirmation,371142,702,legacy5,neuron_dropout,0.01,autonomous,neuron_dropout_2_autonomous.npz,False,11,36.541209043760986,12,0.1725888324873096,False,False,15.037246685525025,643.9492385786803,0.0612984860369092,0.0136391071809376,0.0002115059221658,0.972311670546162,1.7256107905753533,0.171472970839624,0.7892712565882203,0,0.46875,0.125,0.09375,0.1304347826086956,0.0448270000001684,33,0.3333333333333333,0.3333333333333333
confirmation,371142,702,legacy5,weight_noise,0.001,autonomous,weight_noise_0_autonomous.npz,False,33,109.62362713128296,34,0.2385786802030456,True,False,14.82121401373601,645.9492385786803,0.0583830341418655,0.013429489961558,0.0002115059221658,0.9711117305607913,0.9347410979376432,0.2374910061253108,0.8113265747316407,0,1.0,0.125,0.046875,0.1159420289855072,0.0513260000002446,33,1.0,1.0
confirmation,371142,702,legacy5,weight_noise,0.01,autonomous,weight_noise_1_autonomous.npz,False,12,39.86313713864835,13,0.1370558375634517,False,False,14.353059118988028,645.9492385786803,0.0583830341418655,0.013563665719467,0.0002115059221658,0.969982716216464,1.573045119867568,0.141724605261809,0.8201789573183385,0,0.4375,0.09375,0.125,0.0289855072463768,0.0418424999998023,33,0.36363636363636365,0.36363636363636365
confirmation,371142,702,legacy5,weight_noise,0.05,autonomous,weight_noise_2_autonomous.npz,False,3,9.965784284662089,4,0.1015228426395939,False,False,14.760609298293428,645.9492385786803,0.0583830341418655,0.013377099953058,0.0002115059221658,0.9711083263524312,1.8672969317169663,0.1058925191928707,0.7816300353398824,0,0.21875,0.09375,0.078125,0.072463768115942,0.0505432999998447,33,0.09090909090909091,0.09090909090909091
confirmation,371142,702,brain5,pulse,1e-06,autonomous,pulse_0_autonomous.npz,False,38,126.23326760571976,39,0.2741116751269035,True,False,10.36567328007939,85330.21319796954,0.3845150845146781,0.0021233399693552,0.0003172588832487,0.9786651118294348,2.398899102037725e-06,0.2640744501013154,0.870468213838286,0,1.0,0.3125,0.140625,0.0434782608695652,3.786479999999756,38,1.0,1.0
confirmation,371142,702,brain5,pulse,0.0001,autonomous,pulse_1_autonomous.npz,False,0,0.0,1,0.1269035532994923,False,False,10.46223277133669,87840.87817258883,0.3664057143185624,0.0021380224889924,0.0002115059221658,0.9780033839483288,2.22328588633651,0.1133295446110334,0.8359902195690292,0,0.15625,0.03125,0.125,0.1594202898550724,3.567388999999821,38,0.0,0.0
confirmation,371142,702,brain5,pulse,0.001,autonomous,pulse_2_autonomous.npz,False,0,0.0,1,0.1116751269035533,False,False,10.648101388423424,89383.58883248731,0.3552781769019734,0.0021461137810782,0.0002115059221658,0.978108702418748,4.53829023065576,0.1118547185650534,0.859519412654762,0,0.1875,0.03125,0.09375,0.1304347826086956,3.555087800000365,38,0.0,0.0
confirmation,371142,702,brain5,ongoing,1e-06,autonomous,ongoing_0_autonomous.npz,False,3,9.965784284662089,4,0.1319796954314721,False,False,3.833569609750828,137817.65989847717,0.00592430774546,0.0020367871752938,0.0,0.9989769572236792,5.365301910807027,0.1199763597270159,0.5057836773571233,0,0.21875,0.21875,0.078125,0.1014492753623188,4.631209200000285,38,0.07894736842105263,0.07894736842105263
confirmation,371142,702,brain5,ongoing,0.0001,autonomous,ongoing_1_autonomous.npz,False,0,0.0,1,0.0812182741116751,False,False,17.755398233323255,138629.63959390862,6.751639936364295e-05,0.002149740151391,0.0,0.9805109489361692,15.99609755894969,0.0896371608075992,0.841724659072807,0,0.03125,0.125,0.0625,0.1014492753623188,4.716491700000006,38,0.0,0.0
confirmation,371142,702,brain5,ongoing,0.001,autonomous,ongoing_2_autonomous.npz,False,0,0.0,1,0.0812182741116751,False,False,41.87397795705324,138638.02030456852,7.066521191534392e-06,0.0024873912990829,0.0,0.9172542376542016,1372.9405308729229,0.0928771005665287,0.8363281556055503,0,0.03125,0.09375,0.109375,0.072463768115942,4.495923500000117,38,0.0,0.0
confirmation,371142,702,brain5,edge_dropout,0.001,autonomous,edge_dropout_0_autonomous.npz,False,0,0.0,1,0.1218274111675127,False,False,4.064625067841471,81031.80203045685,0.4155194279354521,0.0020362965408784,0.0,0.9990249836944128,4.906098461513686,0.1195122573452254,0.7488725454961569,0,0.15625,0.21875,0.078125,0.1014492753623188,4.137879599999906,38,0.0,0.0
confirmation,371142,702,brain5,edge_dropout,0.005,autonomous,edge_dropout_1_autonomous.npz,False,0,0.0,1,0.0812182741116751,False,False,7.436288722646615,82026.57868020305,0.4083441262544951,0.002159148739776,0.0,0.976566387194788,2.135045270095225,0.0880737678794826,0.819057057760149,0,0.0625,0.09375,0.0625,0.1014492753623188,3.7622495000000526,38,0.0,0.0
confirmation,371142,702,brain5,edge_dropout,0.01,autonomous,edge_dropout_2_autonomous.npz,False,0,0.0,1,0.0964467005076142,False,False,6.253902208059136,81507.24873096446,0.4120900415397942,0.0023401420847673,0.0,0.986281396072253,2.910774218622846,0.0970186696419281,0.9774344786917434,0,0.09375,0.03125,0.15625,0.072463768115942,3.6310637999999926,38,0.0,0.0
confirmation,371142,702,brain5,neuron_dropout,0.001,autonomous,neuron_dropout_0_autonomous.npz,False,24,79.7262742772967,25,0.2081218274111675,False,False,10.357727234655515,82862.89847715736,0.4023117703015936,0.0021684803512513,0.0004230118443316,0.9768556717535916,1.652347483077747,0.2116957237816085,0.8456235429159358,0,0.8125,0.0625,0.125,0.072463768115942,3.560881800000061,38,0.631578947368421,0.631578947368421
confirmation,371142,702,brain5,neuron_dropout,0.005,autonomous,neuron_dropout_1_autonomous.npz,False,38,126.23326760571976,39,0.2588832487309644,True,False,10.485659123286885,81808.1573604061,0.4099195943392112,0.0021270651547412,0.0,0.9782411508454671,1.1039561399071336,0.2460934260813577,0.8519058906745444,0,1.0,0.3125,0.109375,0.0289855072463768,3.480935600000066,38,1.0,1.0
confirmation,371142,702,brain5,neuron_dropout,0.01,autonomous,neuron_dropout_2_autonomous.npz,False,5,16.609640474436812,6,0.1370558375634517,False,False,4.874998694013248,80146.67512690356,0.4219038284544496,0.0020400483998838,0.0001057529610829,0.998793180305834,5.240657490653033,0.1242078659788066,0.5161051708282535,0,0.25,0.21875,0.078125,0.1014492753623188,3.4602162999999564,38,0.13157894736842105,0.13157894736842105
confirmation,371142,702,brain5,weight_noise,0.001,autonomous,weight_noise_0_autonomous.npz,False,38,126.23326760571976,39,0.2741116751269035,True,False,10.36677957759332,82266.32487309644,0.4066148423380402,0.0021232695441685,0.0,0.9786791019171056,1.203381056379962e-05,0.2639856059672202,0.8702216674714206,0,1.0,0.3125,0.140625,0.0434782608695652,3.917527099999916,38,1.0,1.0
confirmation,371142,702,brain5,weight_noise,0.01,autonomous,weight_noise_1_autonomous.npz,False,3,9.965784284662089,4,0.0862944162436548,False,False,8.533616322145663,82482.28934010152,0.405057095477452,0.0021773997016597,0.0001057529610829,0.9799561745855986,2.257979745481337,0.0848112213256256,0.8062950665535388,0,0.1875,0.125,0.0625,0.0434782608695652,2.8912336999997024,38,0.07894736842105263,0.07894736842105263
confirmation,371142,702,brain5,weight_noise,0.05,autonomous,weight_noise_2_autonomous.npz,False,0,0.0,1,0.116751269035533,False,False,4.079396717280757,81398.58375634518,0.4128738395664627,0.0020341132700377,0.0,0.999135766269703,5.363499652381546,0.1070920428130092,0.5115447289471526,0,0.125,0.21875,0.078125,0.1014492753623188,4.07227950000015,38,0.0,0.0
confirmation,371142,702,brain1,pulse,1e-06,autonomous,pulse_0_autonomous.npz,False,32,106.3016990363956,33,0.2081218274111675,True,False,10.52596554420673,116695.269035533,0.1582796396718599,0.0057125942674374,0.0,0.9963077068654888,4.905334570069232e-07,0.2180979096652394,0.8011958082121627,0,1.0,0.03125,0.046875,0.072463768115942,8.090237699999761,32,1.0,1.0
confirmation,371142,702,brain1,pulse,0.0001,autonomous,pulse_1_autonomous.npz,False,0,0.0,1,0.0913705583756345,False,False,9.399824078539414,118021.10659898476,0.1487164030396586,0.005633652960916,0.0,0.9962681506698784,1.237078445060017,0.0869226127483492,0.7436681636738638,0,0.09375,0.125,0.09375,0.072463768115942,8.435704900000019,32,0.0,0.0
confirmation,371142,702,brain1,pulse,0.001,autonomous,pulse_2_autonomous.npz,False,0,0.0,1,0.116751269035533,False,False,9.988661107809303,118110.9187817259,0.1480685897783027,0.0057211245817106,0.0,0.9961959043328528,1.6194282833437892,0.1270254540040411,0.7559432156354601,0,0.21875,0.125,0.125,0.0579710144927536,8.656668699999955,32,0.0,0.0
confirmation,371142,702,brain1,ongoing,1e-06,autonomous,ongoing_0_autonomous.npz,False,26,86.37013046707142,27,0.2385786802030456,False,False,10.26547930495238,137850.87817258883,0.005684705078738,0.0057227148622583,0.0,0.9964435083564614,1.134025154517805,0.2250577955618677,0.7672940768554842,0,0.8125,0.0625,0.078125,0.2028985507246377,9.65444860000025,32,0.8125,0.8125
confirmation,371142,702,brain1,ongoing,0.0001,autonomous,ongoing_1_autonomous.npz,False,0,0.0,1,0.1015228426395939,False,False,17.53255150678442,138629.6802030457,6.722348656806876e-05,0.0057171592178672,0.0,0.9961961547925212,5.499301573893197,0.1000862795061555,0.8644596027380724,0,0.09375,0.09375,0.0625,0.144927536231884,9.609475300000213,32,0.0,0.0
confirmation,371142,702,brain1,ongoing,0.001,autonomous,ongoing_2_autonomous.npz,False,0,0.0,1,0.0964467005076142,False,False,40.94617901161485,138638.0964467005,6.517309699916041e-06,0.0058959708660655,0.0,0.981730878922638,404.80253212228735,0.0911271642791525,0.8853223756341304,0,0.125,0.125,0.0625,0.1014492753623188,9.553894800000307,32,0.0,0.0
confirmation,371142,702,brain1,edge_dropout,0.001,autonomous,edge_dropout_0_autonomous.npz,False,32,106.3016990363956,33,0.2081218274111675,True,False,10.56792657791392,114278.8730964467,0.1757090494273133,0.0057455174964414,0.0003172588832487,0.9964999173817404,0.9855174105218184,0.2042230102567808,0.7564193081647814,0,1.0,0.09375,0.03125,0.0579710144927536,8.558999800000038,32,1.0,1.0
confirmation,371142,702,brain1,edge_dropout,0.005,autonomous,edge_dropout_1_autonomous.npz,False,5,16.609640474436812,6,0.1928934010152284,False,False,10.74087651532118,114313.8426395939,0.1754568148962852,0.0055438463444517,0.0,0.99628089195691,1.3343471015744843,0.1722346153186602,0.7675140553313136,0,0.3125,0.15625,0.125,0.217391304347826,8.527603099999851,32,0.15625,0.15625
confirmation,371142,702,brain1,edge_dropout,0.01,autonomous,edge_dropout_2_autonomous.npz,False,4,13.287712379549449,5,0.1015228426395939,False,False,10.220937930772177,114134.81725888324,0.1767481209552632,0.0054686781821027,0.0,0.9963748162473298,1.389915587172071,0.1052098143688373,0.7706167985184572,0,0.1875,0.0625,0.078125,0.1014492753623188,8.645412299999862,32,0.125,0.125
confirmation,371142,702,brain1,neuron_dropout,0.001,autonomous,neuron_dropout_0_autonomous.npz,False,32,106.3016990363956,33,0.2436548223350254,True,False,10.638266613220695,114570.81725888324,0.1736032627263378,0.0057240186341649,0.0,0.9963945242414294,0.8800474417629531,0.240921167068217,0.7960574099971254,0,1.0,0.03125,0.09375,0.1304347826086956,9.03851769999983,32,1.0,1.0
confirmation,371142,702,brain1,neuron_dropout,0.005,autonomous,neuron_dropout_1_autonomous.npz,False,5,16.609640474436812,6,0.1472081218274111,False,False,10.712877960665724,113508.09137055838,0.1812686807423713,0.0056929167151031,0.0,0.9962648228677258,1.184633644621355,0.1395367492423994,0.7845271997683166,0,0.3125,0.15625,0.09375,0.1159420289855072,9.320215799999914,32,0.15625,0.15625
confirmation,371142,702,brain1,neuron_dropout,0.01,autonomous,neuron_dropout_2_autonomous.npz,False,5,16.609640474436812,6,0.1218274111675127,False,False,10.596617222589911,113291.83248730964,0.1828285512207269,0.0057071670603195,0.0,0.9963897025113724,1.2172693844327949,0.1152095194593655,0.7525795067658969,0,0.25,0.21875,0.078125,0.0579710144927536,9.14630780000016,32,0.15625,0.15625
confirmation,371142,702,brain1,weight_noise,0.001,autonomous,weight_noise_0_autonomous.npz,False,32,106.3016990363956,33,0.2284263959390862,True,False,10.539945299058822,115023.1421319797,0.1703406535536198,0.0057347637168309,0.0,0.9964133766452472,0.6634836544569378,0.2295013273559279,0.8044025702411374,0,1.0,0.03125,0.109375,0.072463768115942,9.070768099999896,32,1.0,1.0
confirmation,371142,702,brain1,weight_noise,0.01,autonomous,weight_noise_1_autonomous.npz,False,15,49.82892142331043,16,0.1675126903553299,False,False,10.206619160257064,115252.61421319796,0.1686854765744273,0.0057676818458271,0.0,0.9964819163964488,1.1536947847720622,0.1742623376578611,0.790530190765603,0,0.53125,0.125,0.09375,0.0869565217391304,9.37979009999981,32,0.46875,0.46875
confirmation,371142,702,brain1,weight_noise,0.05,autonomous,weight_noise_2_autonomous.npz,False,4,13.287712379549449,5,0.1218274111675127,False,False,10.032224382901246,115806.32487309644,0.164691573993635,0.0056652401009369,0.0,0.9962145036361676,1.2956005152690993,0.1282690378471123,0.7724284816033092,0,0.15625,0.0625,0.125,0.1304347826086956,9.36202729999968,32,0.125,0.125
confirmation,371143,701,legacy5,pulse,1e-06,autonomous,pulse_0_autonomous.npz,False,41,136.19905189038184,42,0.2842639593908629,True,False,13.047648557684862,648.9796954314721,0.0539654585547053,0.0109370228298674,0.0,0.960419793782483,1.1142190256912823e-09,0.2692844799569355,0.8193719462200252,0,1.0,0.375,0.109375,0.072463768115942,0.0453832999996848,41,1.0,1.0
confirmation,371143,701,legacy5,pulse,0.0001,autonomous,pulse_1_autonomous.npz,False,41,136.19905189038184,42,0.2842639593908629,True,False,13.045425262288008,649.9492385786803,0.052552130351778,0.0109367326161497,0.0,0.9604170206099236,1.114219376660715e-05,0.2692353115172075,0.8193227777792108,0,1.0,0.375,0.109375,0.072463768115942,0.0524612999997771,41,1.0,1.0
confirmation,371143,701,legacy5,pulse,0.001,autonomous,pulse_2_autonomous.npz,False,0,0.0,1,0.0812182741116751,False,False,12.8826622928433,650.4111675126903,0.0518787645587605,0.0108691138675481,0.0,0.9697888404510489,2.673423482592143,0.0900038333894077,0.7697835556201773,0,0.0625,0.0,0.03125,0.1739130434782608,0.0542970000001332,41,0.0,0.0
confirmation,371143,701,legacy5,ongoing,1e-06,autonomous,ongoing_0_autonomous.npz,False,41,136.19905189038184,42,0.2842639593908629,True,False,13.055051621646236,685.7715736040609,0.0003329830844592,0.010937090060863,0.0,0.9604200043290144,4.456871315833514e-07,0.2693908006179411,0.8196988435370411,0,1.0,0.375,0.109375,0.072463768115942,0.4723346999999194,41,1.0,1.0
confirmation,371143,701,legacy5,ongoing,0.0001,autonomous,ongoing_1_autonomous.npz,False,16,53.1508495181978,17,0.1522842639593908,False,False,15.389763660519518,686.0,0.0,0.0108185606800059,0.0,0.9684250215631806,2.362709955972503,0.1549801535464508,0.717979520301218,0,0.59375,0.0,0.09375,0.072463768115942,0.5174649999999019,41,0.3902439024390244,0.3902439024390244
confirmation,371143,701,legacy5,ongoing,0.001,autonomous,ongoing_2_autonomous.npz,False,0,0.0,1,0.065989847715736,False,False,25.37973440270128,686.0,0.0,0.0110540183792122,0.0,0.9623412913900384,2.81427926259556,0.0777504488595363,0.8292499583913325,0,0.0625,0.03125,0.09375,0.0579710144927536,0.5036789000000681,41,0.0,0.0
confirmation,371143,701,legacy5,edge_dropout,0.001,autonomous,edge_dropout_0_autonomous.npz,False,18,59.79470570797252,19,0.2081218274111675,False,False,14.567750368409603,646.9390862944163,0.0569401074425418,0.0109862224479099,0.0002115059221658,0.967568310665836,1.9784603043014948,0.1837319716773281,0.7364962165134815,0,0.5625,0.1875,0.140625,0.1159420289855072,0.0306267000000843,41,0.43902439024390244,0.43902439024390244
confirmation,371143,701,legacy5,edge_dropout,0.005,autonomous,edge_dropout_1_autonomous.npz,False,14,46.50699332842307,15,0.2030456852791878,False,False,12.334710639106277,645.8934010152284,0.0584644300069556,0.0104179226060481,0.0002115059221658,0.9571495604857102,2.067154681966484,0.1861468307446161,0.8241978427400503,0,0.4375,0.1875,0.203125,0.1014492753623188,0.0165078999998513,41,0.34146341463414637,0.34146341463414637
confirmation,371143,701,legacy5,edge_dropout,0.01,autonomous,edge_dropout_2_autonomous.npz,False,3,9.965784284662089,4,0.0964467005076142,False,False,13.12007162636519,644.8527918781726,0.0599813529472702,0.0109987999668562,0.0002115059221658,0.9743563140617428,2.5967496419854537,0.1100795019162411,0.709020989236693,0,0.15625,0.09375,0.09375,0.072463768115942,0.0488839999998163,41,0.07317073170731707,0.07317073170731707
confirmation,371143,701,legacy5,neuron_dropout,0.001,autonomous,neuron_dropout_0_autonomous.npz,False,3,9.965784284662089,4,0.1065989847715736,False,False,12.119318854780438,646.9390862944163,0.0569401074425418,0.0107831645900055,0.0002115059221658,0.9777479791794478,2.836654482028115,0.1073862510881748,0.658151171979162,0,0.15625,0.15625,0.078125,0.0869565217391304,0.0379124000000956,41,0.07317073170731707,0.07317073170731707
confirmation,371143,701,legacy5,neuron_dropout,0.005,autonomous,neuron_dropout_1_autonomous.npz,False,3,9.965784284662089,4,0.1370558375634517,False,False,13.875057861040586,643.9390862944163,0.0613132852851074,0.0108800556913882,0.0002115059221658,0.9658263410372953,2.549640811179471,0.1474843651004029,0.7835907767980776,0,0.21875,0.1875,0.078125,0.1304347826086956,0.0334925000001931,41,0.07317073170731707,0.07317073170731707
confirmation,371143,701,legacy5,neuron_dropout,0.01,autonomous,neuron_dropout_2_autonomous.npz,False,3,9.965784284662089,4,0.1573604060913705,False,False,15.248725723172742,642.9390862944163,0.0627710112326294,0.0106066411741969,0.0002115059221658,0.9627765955656252,1.8895745581643013,0.1415694933549677,0.7728023181379883,0,0.125,0.09375,0.15625,0.2028985507246377,0.028928299999734,41,0.07317073170731707,0.07317073170731707
confirmation,371143,701,legacy5,weight_noise,0.001,autonomous,weight_noise_0_autonomous.npz,False,41,136.19905189038184,42,0.2842639593908629,True,False,13.048157527756368,647.9390862944163,0.05548238149502,0.0109398498811284,0.0002115059221658,0.9604320666463938,9.278378132988976e-06,0.26907537692931,0.8209287354654564,0,1.0,0.375,0.109375,0.072463768115942,0.0435129000002234,41,1.0,1.0
confirmation,371143,701,legacy5,weight_noise,0.01,autonomous,weight_noise_1_autonomous.npz,False,41,136.19905189038184,42,0.2842639593908629,True,False,13.05286067684659,647.9390862944163,0.05548238149502,0.0109654848527818,0.0002115059221658,0.9605407800959208,0.0009383368174932,0.2662144832305359,0.8204268878692457,0,1.0,0.375,0.109375,0.072463768115942,0.0438278999999965,41,1.0,1.0
confirmation,371143,701,legacy5,weight_noise,0.05,autonomous,weight_noise_2_autonomous.npz,False,1,3.321928094887362,2,0.0761421319796954,False,False,13.603986648246863,647.9390862944163,0.05548238149502,0.0112321872770097,0.0002115059221658,0.966853309526925,2.6391568089025865,0.0802693165324271,0.8320002072642317,0,0.15625,0.09375,0.0625,0.0434782608695652,0.0440187000003788,41,0.024390243902439025,0.024390243902439025
confirmation,371143,701,brain5,pulse,1e-06,autonomous,pulse_0_autonomous.npz,False,32,106.3016990363956,33,0.2639593908629442,True,False,9.738715864448544,89536.49746192893,0.3541752503846037,0.001913480630983,0.0,0.9778320889895514,1.4649338252602586e-06,0.2459314302483159,0.8249771673317156,0,1.0,0.125,0.171875,0.072463768115942,3.4241117000001395,32,1.0,1.0
confirmation,371143,701,brain5,pulse,0.0001,autonomous,pulse_1_autonomous.npz,False,0,0.0,1,0.0710659898477157,False,False,9.733100934121383,91961.62436548225,0.336682864378117,0.001908241068144,0.0,0.978356895592556,1.5606624529312754,0.0823415150581193,0.8007663927518646,0,0.09375,0.09375,0.078125,0.0434782608695652,3.424826899999971,32,0.0,0.0
confirmation,371143,701,brain5,pulse,0.001,autonomous,pulse_2_autonomous.npz,False,0,0.0,1,0.0761421319796954,False,False,10.090076699470622,93402.10152284264,0.3262927349242086,0.0019136039810735,0.0,0.9804158421513586,3.027914129742183,0.094954923771993,0.7892183606862353,0,0.0625,0.09375,0.046875,0.1014492753623188,3.56474470000012,32,0.0,0.0
confirmation,371143,701,brain5,ongoing,1e-06,autonomous,ongoing_0_autonomous.npz,False,2,6.643856189774724,3,0.1269035532994923,False,False,10.041834952516371,137816.65482233503,0.0059315573371487,0.0019178305343867,0.0,0.9763240512142726,1.7818705280997018,0.1281546422351375,0.7841831264764129,0,0.15625,0.15625,0.125,0.1014492753623188,4.521590000000288,32,0.0625,0.0625
confirmation,371143,701,brain5,ongoing,0.0001,autonomous,ongoing_1_autonomous.npz,False,0,0.0,1,0.0456852791878172,False,False,18.31456332286646,138629.64467005077,6.747978526411291e-05,0.0019308921908583,0.0,0.9722981101163416,11.629948471943992,0.0584041132238393,0.8493387774756599,0,0.03125,0.03125,0.015625,0.0869565217391304,4.437182600000142,32,0.0,0.0
confirmation,371143,701,brain5,ongoing,0.001,autonomous,ongoing_2_autonomous.npz,False,0,0.0,1,0.0609137055837563,False,False,42.53618343501656,138638.05583756344,6.810222495490237e-06,0.0022971311015021,0.0,0.9022164632188128,937.200439936529,0.0692405812173242,0.8556395972105181,0,0.0625,0.03125,0.015625,0.1159420289855072,4.372758700000304,32,0.0,0.0
confirmation,371143,701,brain5,edge_dropout,0.001,autonomous,edge_dropout_0_autonomous.npz,False,32,106.3016990363956,33,0.2639593908629442,True,False,9.73897818085621,86577.730964467,0.3755167668227049,0.0019138057235473,0.0,0.9778380700128492,1.3043143736614332e-05,0.2459896290061157,0.824431632648821,0,1.0,0.125,0.171875,0.072463768115942,3.495060100000046,32,1.0,1.0
confirmation,371143,701,brain5,edge_dropout,0.005,autonomous,edge_dropout_1_autonomous.npz,False,1,3.321928094887362,2,0.1065989847715736,False,False,10.338424515541222,86085.2538071066,0.3790689935219773,0.0019155787662741,0.0002115059221658,0.978619620457385,1.8340536255284428,0.095395442943705,0.7805005151762876,0,0.125,0.03125,0.125,0.1159420289855072,3.494279600000027,32,0.03125,0.03125
confirmation,371143,701,brain5,edge_dropout,0.01,autonomous,edge_dropout_2_autonomous.npz,False,2,6.643856189774724,3,0.0964467005076142,False,False,7.29706542533113,84877.28934010152,0.3877820141511298,0.0018810794746827,0.0,0.9734640472589826,1.960502283191005,0.0965348789466209,0.8527724403812169,0,0.125,0.0,0.078125,0.144927536231884,3.4228040999996665,32,0.0625,0.0625
confirmation,371143,701,brain5,neuron_dropout,0.001,autonomous,neuron_dropout_0_autonomous.npz,False,2,6.643856189774724,3,0.0964467005076142,False,False,8.821326241632049,86642.31979695431,0.3750508890214563,0.0019229618687336,0.0,0.979882954211426,2.1693815381311112,0.0986727547954644,0.7890739340783817,0,0.09375,0.0625,0.109375,0.1014492753623188,3.4873155000000224,32,0.0625,0.0625
confirmation,371143,701,brain5,neuron_dropout,0.005,autonomous,neuron_dropout_1_autonomous.npz,False,2,6.643856189774724,3,0.0913705583756345,False,False,9.582878958840896,85663.17258883249,0.3821134558902438,0.0019010773540861,0.0,0.9780517457092296,2.173262311486431,0.0929361753705398,0.7894338811331685,0,0.125,0.15625,0.015625,0.1159420289855072,3.385709099999985,32,0.0625,0.0625
confirmation,371143,701,brain5,neuron_dropout,0.01,autonomous,neuron_dropout_2_autonomous.npz,False,2,6.643856189774724,3,0.0964467005076142,False,False,8.914577932449857,85144.69035532995,0.3858532566209367,0.001915802406698,0.0,0.978923664758591,2.1259357793832794,0.0964768926814088,0.8004319293775638,0,0.09375,0.125,0.109375,0.072463768115942,3.416215199999897,32,0.0625,0.0625
confirmation,371143,701,brain5,weight_noise,0.001,autonomous,weight_noise_0_autonomous.npz,False,32,106.3016990363956,33,0.2233502538071066,True,False,9.57607647505546,86119.8578680203,0.3788193952061086,0.0018855920221133,0.0,0.9718935874167984,1.287782807208094,0.2325785948209295,0.846132057533744,0,1.0,0.03125,0.078125,0.0869565217391304,3.498544999999922,32,1.0,1.0
confirmation,371143,701,brain5,weight_noise,0.01,autonomous,weight_noise_1_autonomous.npz,False,3,9.965784284662089,4,0.0913705583756345,False,False,8.457441167139661,87039.10152284264,0.3721889113247886,0.0019195029508861,0.0,0.9766755784913664,2.07663939772156,0.0944300131026204,0.8056674769568632,0,0.15625,0.09375,0.09375,0.0579710144927536,3.522569100000055,32,0.09375,0.09375
confirmation,371143,701,brain5,weight_noise,0.05,autonomous,weight_noise_2_autonomous.npz,False,0,0.0,1,0.065989847715736,False,False,7.240715758698658,85757.58883248731,0.3814324336406977,0.0019252771257382,0.0,0.976209990099404,2.126536770199596,0.07410454566421,0.820358454846145,0,0.0,0.0625,0.078125,0.0869565217391304,3.424201400000129,32,0.0,0.0
confirmation,371143,701,brain1,pulse,1e-06,autonomous,pulse_0_autonomous.npz,False,7,23.253496664211536,8,0.1522842639593908,False,False,10.289943393165942,120802.6192893401,0.1286534143398314,0.0051774355400309,0.0,0.9963025959150072,1.3189827424343626e-06,0.1668331243929249,0.7776526591532216,0,0.28125,0.09375,0.125,0.144927536231884,9.023630900000173,7,1.0,1.0
confirmation,371143,701,brain1,pulse,0.0001,autonomous,pulse_1_autonomous.npz,False,0,0.0,1,0.1370558375634517,False,False,9.9084300823822,120795.67005076142,0.128703539041962,0.005264232597178,0.0,0.9966488227671472,1.4708929490948706,0.1364505047226473,0.7117058181706913,0,0.125,0.09375,0.15625,0.144927536231884,9.40713629999982,7,0.0,0.0
confirmation,371143,701,brain1,pulse,0.001,autonomous,pulse_2_autonomous.npz,False,0,0.0,1,0.1116751269035533,False,False,10.330631961435746,120899.04568527918,0.1279578929069079,0.0052546079819506,0.0,0.9967920479711452,2.968559369455224,0.1290866894101866,0.7112272020852749,0,0.0625,0.0,0.15625,0.144927536231884,9.06918910000013,7,0.0,0.0
confirmation,371143,701,brain1,ongoing,1e-06,autonomous,ongoing_0_autonomous.npz,False,7,23.253496664211536,8,0.1015228426395939,False,False,10.709721246773846,137849.63959390862,0.0056936389190009,0.0052141983084185,0.0,0.9966324667251396,1.38453324559291,0.1068145554246129,0.7017718754274866,0,0.3125,0.03125,0.046875,0.0869565217391304,8.859192700000222,7,1.0,1.0
confirmation,371143,701,brain1,ongoing,0.0001,autonomous,ongoing_1_autonomous.npz,False,0,0.0,1,0.1218274111675127,False,False,18.70501224876281,138629.9187817259,6.550262389448669e-05,0.005195007453802,0.0,0.9964179350656718,4.753731675174763,0.1092123173153077,0.8071454545184791,0,0.15625,0.09375,0.109375,0.1304347826086956,9.158161100000145,7,0.0,0.0
confirmation,371143,701,brain1,ongoing,0.001,autonomous,ongoing_2_autonomous.npz,False,0,0.0,1,0.0913705583756345,False,False,43.00135815291241,138638.0,7.21297758932149e-06,0.0052955928183029,0.0,0.9798224120210294,329.9495205132596,0.0895172851455114,0.8560075864623197,0,0.03125,0.0625,0.125,0.1014492753623188,10.145821100000376,7,0.0,0.0
confirmation,371143,701,brain1,edge_dropout,0.001,autonomous,edge_dropout_0_autonomous.npz,False,7,23.253496664211536,8,0.1472081218274111,False,False,10.558379738107812,117981.81725888324,0.1489997961693083,0.0052358239698394,0.0,0.9964648154957632,1.163590936384111,0.1323952464172494,0.7198532484201666,0,0.28125,0.09375,0.125,0.1304347826086956,8.990163800000118,7,1.0,1.0
confirmation,371143,701,brain1,edge_dropout,0.005,autonomous,edge_dropout_1_autonomous.npz,False,6,19.93156856932417,7,0.1269035532994923,False,False,10.20475058321279,117559.42639593908,0.1520464919976407,0.0051662035398612,0.0,0.9967007110758366,1.2252845840262492,0.1231987453918705,0.7144117151118271,0,0.3125,0.03125,0.140625,0.072463768115942,8.689906600000086,7,0.8571428571428571,0.8571428571428571
confirmation,371143,701,brain1,edge_dropout,0.01,autonomous,edge_dropout_2_autonomous.npz,False,6,19.93156856932417,7,0.0913705583756345,False,False,10.239459071604085,118100.48730964468,0.1481438317526477,0.0052361597229364,0.0,0.9963697217435324,1.6337079225081967,0.0912043387184417,0.7242792857051089,0,0.1875,0.0625,0.0625,0.0869565217391304,8.81340369999998,7,0.8571428571428571,0.8571428571428571
confirmation,371143,701,brain1,neuron_dropout,0.001,autonomous,neuron_dropout_0_autonomous.npz,False,3,9.965784284662089,4,0.1269035532994923,False,False,10.070952069047742,118072.97969543148,0.1483422435575021,0.0051988306422502,0.0001057529610829,0.9965361162429152,1.6619880516820158,0.1263799709969768,0.7409355890649216,0,0.15625,0.125,0.15625,0.0869565217391304,8.676820399999997,7,0.42857142857142855,0.42857142857142855
confirmation,371143,701,brain1,neuron_dropout,0.005,autonomous,neuron_dropout_1_autonomous.npz,False,3,9.965784284662089,4,0.1370558375634517,False,False,10.43744599903734,116807.9847715736,0.15746662359384,0.0051573544114933,0.0,0.9967231858539898,1.5664917466994,0.1262900440337824,0.7144170197418794,0,0.15625,0.09375,0.25,0.0434782608695652,8.823249799999758,7,0.42857142857142855,0.42857142857142855
confirmation,371143,701,brain1,neuron_dropout,0.01,autonomous,neuron_dropout_2_autonomous.npz,False,3,9.965784284662089,4,0.1116751269035533,False,False,9.37229089176762,115415.35532994923,0.1675116285464463,0.0050475497668139,0.0,0.9969177012774628,1.6020286382578206,0.1183723941622727,0.6609661398425576,0,0.1875,0.15625,0.09375,0.072463768115942,8.773414100000082,7,0.42857142857142855,0.42857142857142855
confirmation,371143,701,brain1,weight_noise,0.001,autonomous,weight_noise_0_autonomous.npz,False,7,23.253496664211536,8,0.1319796954314721,False,False,10.393837807055816,117883.25888324874,0.1497106955239958,0.0052406886666197,0.0,0.9966214407463512,0.9379389723478178,0.1268587487228566,0.7332625954634503,0,0.28125,0.0,0.125,0.1304347826086956,8.905897699999969,7,1.0,1.0
confirmation,371143,701,brain1,weight_noise,0.01,autonomous,weight_noise_1_autonomous.npz,False,7,23.253496664211536,8,0.1370558375634517,False,False,10.500972882904938,119062.51269035532,0.1412047642412645,0.0051268423874969,0.0,0.9966958898008303,1.3061806260619164,0.1271562136629666,0.6789669237815664,0,0.3125,0.15625,0.046875,0.1304347826086956,9.160640300000068,7,1.0,1.0
confirmation,371143,701,brain1,weight_noise,0.05,autonomous,weight_noise_2_autonomous.npz,False,6,19.93156856932417,7,0.116751269035533,False,False,10.860325173990342,118198.75634517768,0.1474350194016281,0.00519838280284,0.0,0.997339306689518,1.2894131965274924,0.1173850362874799,0.6925319207226623,0,0.1875,0.125,0.125,0.072463768115942,9.469564600000012,7,0.8571428571428571,0.8571428571428571
confirmation,371143,702,legacy5,pulse,1e-06,autonomous,pulse_0_autonomous.npz,False,42,139.5209799852692,43,0.2944162436548223,True,False,14.619799376975248,646.994923857868,0.0568587115774519,0.0127533328755713,0.0,0.9652414187866756,4.344735310466355e-09,0.2851673678566123,0.8817044894941675,0,1.0,0.46875,0.09375,0.072463768115942,0.0469588999999359,42,1.0,1.0
confirmation,371143,702,legacy5,pulse,0.0001,autonomous,pulse_1_autonomous.npz,False,42,139.5209799852692,43,0.2944162436548223,True,False,14.622782293154785,648.010152284264,0.0553787867576326,0.0127531515882026,0.0,0.9652408410087642,4.3447354452705454e-05,0.2851634132782795,0.881700534915729,0,1.0,0.46875,0.09375,0.072463768115942,0.0531641000002309,42,1.0,1.0
confirmation,371143,702,legacy5,pulse,0.001,autonomous,pulse_2_autonomous.npz,False,1,3.321928094887362,2,0.1218274111675127,False,False,11.470698238683337,648.5177664974619,0.0546388243477231,0.0134926944750289,0.0,0.9622660335386228,1.5664506791779986,0.1144763707178419,0.8656288719798101,0,0.25,0.15625,0.109375,0.0579710144927536,0.0503120999997008,42,0.023809523809523808,0.023809523809523808
confirmation,371143,702,legacy5,ongoing,1e-06,autonomous,ongoing_0_autonomous.npz,False,42,139.5209799852692,43,0.3096446700507614,True,False,14.56280182220087,685.751269035533,0.0003625815808556,0.0127601886980646,0.0,0.9654877476348293,0.8807995271022705,0.3006748561347874,0.8869753799100215,0,1.0,0.46875,0.0625,0.144927536231884,0.4733584000000519,42,1.0,1.0
confirmation,371143,702,legacy5,ongoing,0.0001,autonomous,ongoing_1_autonomous.npz,False,1,3.321928094887362,2,0.0862944162436548,False,False,16.034826670388046,686.0,0.0,0.0127006974852748,0.0,0.9661829581593824,1.7397291866528328,0.0796098300893329,0.8523450127638443,0,0.03125,0.1875,0.078125,0.072463768115942,0.488520299999891,42,0.023809523809523808,0.023809523809523808
confirmation,371143,702,legacy5,ongoing,0.001,autonomous,ongoing_2_autonomous.npz,False,1,3.321928094887362,2,0.1015228426395939,False,False,25.42068136284256,686.0,0.0,0.0127107733218735,0.0,0.9636671197159864,2.321944863796173,0.1041993462773672,0.8903379859216728,0,0.1875,0.09375,0.0625,0.1014492753623188,0.4750714000001608,42,0.023809523809523808,0.023809523809523808
confirmation,371143,702,legacy5,edge_dropout,0.001,autonomous,edge_dropout_0_autonomous.npz,False,42,139.5209799852692,43,0.3045685279187817,True,False,14.550510556277995,644.9390862944163,0.0598555593375856,0.0127693942589566,0.0002115059221658,0.9657439911227832,0.5227841296454113,0.2924164437127908,0.8760539873897906,0,1.0,0.46875,0.078125,0.1159420289855072,0.0258631000001514,42,1.0,1.0
confirmation,371143,702,legacy5,edge_dropout,0.005,autonomous,edge_dropout_1_autonomous.npz,False,2,6.643856189774724,3,0.0913705583756345,False,False,15.09945724227127,643.9390862944163,0.0613132852851074,0.0124209826678502,0.0002115059221658,0.9647541381609844,1.77775395727051,0.0836148964007667,0.8627180571901827,0,0.09375,0.09375,0.109375,0.072463768115942,0.0533218999999007,42,0.047619047619047616,0.047619047619047616
confirmation,371143,702,legacy5,edge_dropout,0.01,autonomous,edge_dropout_2_autonomous.npz,False,1,3.321928094887362,2,0.116751269035533,False,False,14.389828794443485,643.9289340101523,0.0613280845333057,0.0129804088810003,0.0002115059221658,0.9655979679812666,1.761308564019045,0.1235005772149702,0.858010214905149,0,0.09375,0.125,0.140625,0.1014492753623188,0.051496699999916,42,0.023809523809523808,0.023809523809523808
confirmation,371143,702,legacy5,neuron_dropout,0.001,autonomous,neuron_dropout_0_autonomous.npz,False,42,139.5209799852692,43,0.2944162436548223,True,False,14.61977841876362,645.9390862944163,0.0583978333900637,0.0127533347067546,0.0002115059221658,0.965241424007032,0.0,0.2851673320758853,0.8817044537134413,0,1.0,0.46875,0.09375,0.072463768115942,0.048642799999925,42,1.0,1.0
confirmation,371143,702,legacy5,neuron_dropout,0.005,autonomous,neuron_dropout_1_autonomous.npz,False,12,39.86313713864835,13,0.1878172588832487,False,False,14.58332272901223,642.9390862944163,0.0627710112326294,0.0129485416383472,0.0002115059221658,0.9655954146371748,1.8595423182081257,0.1809808663461075,0.8668050493498349,0,0.53125,0.15625,0.125,0.1014492753623188,0.044383899999957,42,0.2857142857142857,0.2857142857142857
confirmation,371143,702,legacy5,neuron_dropout,0.01,autonomous,neuron_dropout_2_autonomous.npz,False,8,26.575424759098897,9,0.1421319796954314,False,False,14.886022646989494,638.9390862944163,0.0686019150227168,0.0126133911374615,0.0002115059221658,0.9640929360804834,1.580949048242679,0.1531403140470831,0.8361821041520587,0,0.4375,0.15625,0.078125,0.0579710144927536,0.0233448000003591,42,0.19047619047619047,0.19047619047619047
confirmation,371143,702,legacy5,weight_noise,0.001,autonomous,weight_noise_0_autonomous.npz,False,42,139.5209799852692,43,0.2944162436548223,True,False,14.617170782335483,645.9390862944163,0.0583978333900637,0.0127564884242573,0.0002115059221658,0.9652248881978492,1.5316656733482578e-05,0.2849376408797215,0.8835785523415316,0,1.0,0.46875,0.09375,0.072463768115942,0.0353422000002865,42,1.0,1.0
confirmation,371143,702,legacy5,weight_noise,0.01,autonomous,weight_noise_1_autonomous.npz,False,4,13.287712379549449,5,0.1015228426395939,False,False,13.43665039660448,645.9390862944163,0.0583978333900637,0.011888594075169,0.0002115059221658,0.9739257133953818,2.559025663608029,0.1015754981676569,0.8978109986185442,0,0.15625,0.03125,0.125,0.0869565217391304,0.050531299999875,42,0.09523809523809523,0.09523809523809523
confirmation,371143,702,legacy5,weight_noise,0.05,autonomous,weight_noise_2_autonomous.npz,False,1,3.321928094887362,2,0.1218274111675127,False,False,15.059028742610357,645.9390862944163,0.0583978333900637,0.0126198588642823,0.0002115059221658,0.9646623955109804,1.825210415916223,0.1179730237205843,0.8377457176061835,0,0.09375,0.125,0.15625,0.1014492753623188,0.0392351999998936,42,0.023809523809523808,0.023809523809523808
confirmation,371143,702,brain5,pulse,1e-06,autonomous,pulse_0_autonomous.npz,False,35,116.26748332105768,36,0.2690355329949238,True,False,10.065106494102968,76342.84771573605,0.4493407503246847,0.0020178784587773,0.0,0.980710443867477,8.06303211452838e-06,0.2439902152147454,0.7918680676234193,0,1.0,0.15625,0.078125,0.1594202898550724,3.605674800000088,35,1.0,1.0
confirmation,371143,702,brain5,pulse,0.0001,autonomous,pulse_1_autonomous.npz,False,0,0.0,1,0.0558375634517766,False,False,8.13973357862674,88131.78172588833,0.3643074335079715,0.0023852753892613,0.0001057529610829,0.9860776473781706,3.214427641426624,0.0579431068162761,0.8913652336751877,0,0.0625,0.03125,0.0625,0.0579710144927536,3.473096899999746,35,0.0,0.0
confirmation,371143,702,brain5,pulse,0.001,autonomous,pulse_2_autonomous.npz,False,0,0.0,1,0.1725888324873096,False,False,11.11971142032206,83629.7461928934,0.3967805149136,0.0020651992586249,0.0,0.9773336138430184,9.82330302004019,0.1506509250133048,0.7482316048707784,0,0.25,0.03125,0.140625,0.2318840579710145,3.4169925999999577,35,0.0,0.0
confirmation,371143,702,brain5,ongoing,1e-06,autonomous,ongoing_0_autonomous.npz,False,6,19.93156856932417,7,0.1319796954314721,False,False,10.302595152393923,137810.13197969543,0.0059786064549265,0.002067430763494,0.0,0.9768239238862,1.836463564610762,0.1199064161812727,0.7591850455858465,0,0.3125,0.0625,0.0625,0.144927536231884,4.554227300000093,35,0.17142857142857143,0.17142857142857143
confirmation,371143,702,brain5,ongoing,0.0001,autonomous,ongoing_1_autonomous.npz,False,0,0.0,1,0.1421319796954314,False,False,17.2726855021996,138629.73604060913,6.682073147434853e-05,0.002053602867288,0.0001057529610829,0.9772847540303732,14.289669279341652,0.1424958336245476,0.8361045747427495,0,0.09375,0.09375,0.171875,0.1594202898550724,4.442612000000281,35,0.0,0.0
confirmation,371143,702,brain5,ongoing,0.001,autonomous,ongoing_2_autonomous.npz,False,0,0.0,1,0.1421319796954314,False,False,41.497385631524665,138638.0812182741,6.62715199828412e-06,0.0024246923693007,0.0,0.9142624425299696,1199.0410371708008,0.135196427143372,0.8348620447152437,0,0.0625,0.09375,0.203125,0.144927536231884,4.674782499999765,35,0.0,0.0
confirmation,371143,702,brain5,edge_dropout,0.001,autonomous,edge_dropout_0_autonomous.npz,False,35,116.26748332105768,36,0.2588832487309644,True,False,10.564020648699795,75382.27918781726,0.4562693095895292,0.002028476652553,0.0,0.9774685739756006,1.4026679001756732,0.2486287936237927,0.7644389863349597,0,1.0,0.1875,0.046875,0.144927536231884,3.4484348000000864,35,1.0,1.0
confirmation,371143,702,brain5,edge_dropout,0.005,autonomous,edge_dropout_1_autonomous.npz,False,2,6.643856189774724,3,0.0964467005076142,False,False,10.471969659283044,75270.09644670051,0.4570784811871081,0.0020459227133764,0.0,0.9762193324661064,1.7556471788470198,0.0953245393354266,0.7711039791101194,0,0.09375,0.09375,0.140625,0.0579710144927536,3.5668734999999288,35,0.05714285714285714,0.05714285714285714
confirmation,371143,702,brain5,edge_dropout,0.01,autonomous,edge_dropout_2_autonomous.npz,False,2,6.643856189774724,3,0.0862944162436548,False,False,5.356572846875746,85473.10659898477,0.3834843976154994,0.0025508938502784,0.0,0.9898285669894932,3.786515161571364,0.0847318029385589,0.9602703409795084,0,0.09375,0.125,0.0625,0.0869565217391304,3.449909899999966,35,0.05714285714285714,0.05714285714285714
confirmation,371143,702,brain5,neuron_dropout,0.001,autonomous,neuron_dropout_0_autonomous.npz,False,35,116.26748332105768,36,0.2690355329949238,True,False,10.0648562757323,73061.8578680203,0.473006456566909,0.0020179523848374,0.0,0.9807122753500196,1.0270580875664435e-06,0.2444011841785289,0.7916030435023615,0,1.0,0.15625,0.078125,0.1594202898550724,3.410158700000011,35,1.0,1.0
confirmation,371143,702,brain5,neuron_dropout,0.005,autonomous,neuron_dropout_1_autonomous.npz,False,10,33.219280948873624,11,0.1370558375634517,False,False,9.777755918475972,76781.7614213198,0.4461748756026817,0.0021309006803133,0.0,0.9761370375323272,1.9825069983586892,0.1271391719991802,0.7763543646338837,0,0.375,0.125,0.109375,0.0579710144927536,3.5363830000001144,35,0.2857142857142857,0.2857142857142857
confirmation,371143,702,brain5,neuron_dropout,0.01,autonomous,neuron_dropout_2_autonomous.npz,False,5,16.609640474436812,6,0.1370558375634517,False,False,10.45359034448788,74634.99492385787,0.4616594542382889,0.0019865168180359,0.0,0.978779487310478,1.7472552455583827,0.1305113715077526,0.7776697815995519,0,0.1875,0.09375,0.078125,0.1884057971014492,3.385374099999808,35,0.14285714285714285,0.14285714285714285
confirmation,371143,702,brain5,weight_noise,0.001,autonomous,weight_noise_0_autonomous.npz,False,35,116.26748332105768,36,0.2690355329949238,True,False,10.062829850622188,73165.83756345177,0.4722564533540218,0.0020180945407277,0.0,0.980693103658402,1.5420367533636905e-05,0.2445114384367936,0.7896009063415534,0,1.0,0.15625,0.078125,0.1594202898550724,3.4829930000000786,35,1.0,1.0
confirmation,371143,702,brain5,weight_noise,0.01,autonomous,weight_noise_1_autonomous.npz,False,5,16.609640474436812,6,0.1015228426395939,False,False,8.001642661693538,82630.0,0.4039916617979068,0.0024078505149826,0.0,0.9862928002606608,3.262218560175494,0.0943227119707399,0.9030595266295022,0,0.1875,0.125,0.0625,0.0869565217391304,3.442642699999851,35,0.14285714285714285,0.14285714285714285
confirmation,371143,702,brain5,weight_noise,0.05,autonomous,weight_noise_2_autonomous.npz,False,3,9.965784284662089,4,0.1065989847715736,False,False,9.608029156235313,77216.461928934,0.4430393905832125,0.002124348018212,0.0,0.9782687630688413,2.3456902383612044,0.1125684151727757,0.8013352219081095,0,0.21875,0.0625,0.09375,0.0869565217391304,3.5694186999999147,35,0.08571428571428572,0.08571428571428572
confirmation,371143,702,brain1,pulse,1e-06,autonomous,pulse_0_autonomous.npz,False,36,119.58941141594504,37,0.3299492385786802,True,False,10.167985354547064,109984.57360406092,0.2066837354275426,0.0056582419532976,0.0,0.9965995878047028,7.437403616978316e-07,0.2818290158671155,0.7452060898199528,0,1.0,0.1875,0.15625,0.2463768115942029,8.059022300000379,36,1.0,1.0
confirmation,371143,702,brain1,pulse,0.0001,autonomous,pulse_1_autonomous.npz,False,36,119.58941141594504,37,0.3299492385786802,True,False,10.180139872313037,111087.41116751268,0.1987289927977503,0.0056582476542567,0.0,0.9965983968161516,0.0074374036174468,0.2815078486743778,0.7448850185473453,0,1.0,0.1875,0.15625,0.2463768115942029,8.416533900000104,36,1.0,1.0
confirmation,371143,702,brain1,pulse,0.001,autonomous,pulse_2_autonomous.npz,False,0,0.0,1,0.0812182741116751,False,False,11.027073950847708,113459.2994923858,0.181620615466169,0.0055996908920691,0.0,0.9970093316365974,2.18771265004031,0.096677219839205,0.7291865889908692,0,0.0625,0.0625,0.0625,0.1159420289855072,8.843611199999941,36,0.0,0.0
confirmation,371143,702,brain1,ongoing,1e-06,autonomous,ongoing_0_autonomous.npz,False,4,13.287712379549449,5,0.1218274111675127,False,False,9.266797885602262,137838.43654822334,0.0057744462364606,0.0056955884431846,0.0,0.9972895221037916,1.712090661901704,0.1192968019017985,0.7024517461123333,0,0.21875,0.125,0.078125,0.1159420289855072,10.157711199999994,36,0.1111111111111111,0.1111111111111111
confirmation,371143,702,brain1,ongoing,0.0001,autonomous,ongoing_1_autonomous.npz,False,1,3.321928094887362,2,0.0761421319796954,False,False,17.928857999492173,138629.77157360406,6.656443277830437e-05,0.0056073952495539,0.0,0.9965867445265816,2.799224618853819,0.0881270887244997,0.8201213378073804,0,0.0625,0.0,0.125,0.072463768115942,9.35294070000009,36,0.027777777777777776,0.027777777777777776
confirmation,371143,702,brain1,ongoing,0.001,autonomous,ongoing_2_autonomous.npz,False,0,0.0,1,0.0761421319796954,False,False,41.7318899301121,138637.9847715736,7.322819887689569e-06,0.0055758037769769,0.0,0.9820015838748376,122.31159537048646,0.0768795115014872,0.8282416145168702,0,0.09375,0.0625,0.046875,0.1014492753623188,9.352739699999802,36,0.0,0.0
confirmation,371143,702,brain1,edge_dropout,0.001,autonomous,edge_dropout_0_autonomous.npz,False,15,49.82892142331043,16,0.1878172588832487,False,False,10.602537633389687,110711.58375634518,0.2014398274919382,0.005524701643074,0.0,0.997324849472082,1.535701148147694,0.1862068742081873,0.7176165201130836,0,0.5,0.03125,0.140625,0.1594202898550724,8.829023899999811,36,0.4166666666666667,0.4166666666666667
confirmation,371143,702,brain1,edge_dropout,0.005,autonomous,edge_dropout_1_autonomous.npz,False,5,16.609640474436812,6,0.1370558375634517,False,False,6.585662644741757,102930.26395939088,0.2575663128023797,0.0058059137470185,0.0,0.9991843507730368,3.648235417373396,0.1380719482289451,0.448222156518845,0,0.1875,0.1875,0.109375,0.1159420289855072,8.500562199999877,36,0.1388888888888889,0.1388888888888889
confirmation,371143,702,brain1,edge_dropout,0.01,autonomous,edge_dropout_2_autonomous.npz,False,2,6.643856189774724,3,0.1269035532994923,False,False,5.334546827582368,101060.09644670053,0.2710557891596122,0.0058289730898857,0.0,0.9995822942384288,4.157919684823021,0.1289099459341068,0.9483720889844636,0,0.1875,0.125,0.109375,0.1159420289855072,8.707355800000187,36,0.05555555555555555,0.05555555555555555
confirmation,371143,702,brain1,neuron_dropout,0.001,autonomous,neuron_dropout_0_autonomous.npz,False,36,119.58941141594504,37,0.2131979695431472,True,False,10.145652652591044,107307.4467005076,0.2259937917865274,0.0056598132995517,0.0,0.9965452157534463,0.6929702284343984,0.2033815814375547,0.7499357478527676,0,1.0,0.125,0.078125,0.0144927536231884,8.777706800000033,36,1.0,1.0
confirmation,371143,702,brain1,neuron_dropout,0.005,autonomous,neuron_dropout_1_autonomous.npz,False,2,6.643856189774724,3,0.1522842639593908,False,False,10.211795933204687,105786.15228426395,0.2369668543175878,0.0055635961941684,0.0,0.9970193222914314,1.6055590807647049,0.1513780854801447,0.7186339300235616,0,0.15625,0.125,0.140625,0.1739130434782608,9.467715100000078,36,0.05555555555555555,0.05555555555555555
confirmation,371143,702,brain1,neuron_dropout,0.01,autonomous,neuron_dropout_2_autonomous.npz,False,2,6.643856189774724,3,0.1218274111675127,False,False,9.555102416634837,101699.4923857868,0.2664438405803071,0.005318754289757,0.0,0.9970749925558036,1.8199739506388737,0.115052007890617,0.6477541988174804,0,0.0625,0.09375,0.125,0.1594202898550724,9.611249500000213,36,0.05555555555555555,0.05555555555555555
confirmation,371143,702,brain1,weight_noise,0.001,autonomous,weight_noise_0_autonomous.npz,False,36,119.58941141594504,37,0.2639593908629442,True,False,10.163225666202258,107605.37055837564,0.223844873676414,0.0056615470855035,0.0,0.996568474618776,0.4132407274305522,0.2377526317449587,0.7475266587331437,0,1.0,0.1875,0.125,0.0869565217391304,9.607623200000036,36,1.0,1.0
confirmation,371143,702,brain1,weight_noise,0.01,autonomous,weight_noise_1_autonomous.npz,False,16,53.1508495181978,17,0.182741116751269,False,False,8.341457944763881,103865.83248730964,0.2508180779772673,0.0058653439182086,0.0,0.9976320326614024,1.8052852037463416,0.1773748453402689,0.6798362904081063,0,0.5625,0.03125,0.140625,0.1159420289855072,9.250157299999955,36,0.4444444444444444,0.4444444444444444
confirmation,371143,702,brain1,weight_noise,0.05,autonomous,weight_noise_2_autonomous.npz,False,2,6.643856189774724,3,0.0812182741116751,False,False,9.78653644544504,111714.68527918782,0.194204478687903,0.0056999059431824,0.0,0.9970858157562914,1.84550579552632,0.0861151798193723,0.7673449499770936,0,0.1875,0.09375,0.0625,0.0434782608695652,9.399668500000187,36,0.05555555555555555,0.05555555555555555
confirmation,371144,701,legacy5,pulse,1e-06,autonomous,pulse_0_autonomous.npz,False,41,136.19905189038184,42,0.299492385786802,True,False,15.49138547816222,648.9238578680203,0.0540468544197955,0.0123932906838367,0.0,0.969854894378238,6.05452678123206e-09,0.2801954595791488,0.8235994510750521,0,1.0,0.375,0.078125,0.144927536231884,0.0307235999998738,41,1.0,1.0
confirmation,371144,701,legacy5,pulse,0.0001,autonomous,pulse_1_autonomous.npz,False,41,136.19905189038184,42,0.299492385786802,True,False,15.495705627651796,649.8883248730964,0.0526409258409673,0.0123931833677744,0.0,0.9698530865222632,6.054526800455336e-05,0.2802024641316746,0.8236064556286737,0,1.0,0.375,0.078125,0.144927536231884,0.0509736999997585,41,1.0,1.0
confirmation,371144,701,legacy5,pulse,0.001,autonomous,pulse_2_autonomous.npz,False,41,136.19905189038184,42,0.299492385786802,True,False,15.558900521235348,650.3654822335026,0.0519453611756521,0.0123925841166855,0.0,0.9698320427807228,0.0060545269582188,0.2782616024137432,0.8216655939207032,0,1.0,0.375,0.078125,0.144927536231884,0.0492824000002656,41,1.0,1.0
confirmation,371144,701,legacy5,ongoing,1e-06,autonomous,ongoing_0_autonomous.npz,False,41,136.19905189038184,42,0.3096446700507614,True,False,15.460497433504086,685.746192893401,0.0003699812049547,0.0124174285738643,0.0,0.9692251931021442,0.8972174246659518,0.2759866884201491,0.8031256895644971,0,1.0,0.375,0.171875,0.0869565217391304,0.4824232999999367,41,1.0,1.0
confirmation,371144,701,legacy5,ongoing,0.0001,autonomous,ongoing_1_autonomous.npz,False,5,16.609640474436812,6,0.1065989847715736,False,False,16.456958761891034,685.994923857868,7.399624099124757e-06,0.0124448783083127,0.0,0.968940314833125,1.4259038493287692,0.0946071934967787,0.7691797518562384,0,0.25,0.0625,0.0625,0.1014492753623188,0.4773208999999951,41,0.12195121951219512,0.12195121951219512
confirmation,371144,701,legacy5,ongoing,0.001,autonomous,ongoing_2_autonomous.npz,False,1,3.321928094887362,2,0.1116751269035533,False,False,27.30289035612533,686.0,0.0,0.0125432914432811,0.0,0.9701630144939836,2.1647325148475165,0.1111822157876022,0.8363611041386513,0,0.1875,0.15625,0.09375,0.072463768115942,0.4384731000000101,41,0.024390243902439025,0.024390243902439025
confirmation,371144,701,legacy5,edge_dropout,0.001,autonomous,edge_dropout_0_autonomous.npz,False,4,13.287712379549449,5,0.1573604060913705,False,False,14.613315221881807,647.9187817258884,0.0555119799914163,0.0126399942547725,0.0002115059221658,0.9713797763061818,1.482160485970642,0.1468115874611661,0.7565181818489547,0,0.34375,0.09375,0.203125,0.0579710144927536,0.0388450999998895,41,0.0975609756097561,0.0975609756097561
confirmation,371144,701,legacy5,edge_dropout,0.005,autonomous,edge_dropout_1_autonomous.npz,False,4,13.287712379549449,5,0.1269035532994923,False,False,13.739782021946423,646.7715736040609,0.057184295037812,0.0122913275829843,0.0002115059221658,0.9689459796336234,1.5614703556325575,0.131621067145709,0.7713640678163619,0,0.15625,0.03125,0.203125,0.0869565217391304,0.0411787999996704,41,0.0975609756097561,0.0975609756097561
confirmation,371144,701,legacy5,edge_dropout,0.01,autonomous,edge_dropout_2_autonomous.npz,False,4,13.287712379549449,5,0.1573604060913705,False,False,14.8182154231566,645.8680203045685,0.0585014281274511,0.0126221367285571,0.0002115059221658,0.9682724034904514,1.5908961453534542,0.1501244009051636,0.7834165156099838,0,0.375,0.0625,0.09375,0.1594202898550724,0.0395293999999921,41,0.0975609756097561,0.0975609756097561
confirmation,371144,701,legacy5,neuron_dropout,0.001,autonomous,neuron_dropout_0_autonomous.npz,False,41,136.19905189038184,42,0.299492385786802,True,False,15.491344474655508,647.9390862944163,0.05548238149502,0.0123932917678365,0.0002115059221658,0.9698549121196696,0.0,0.2801954375206246,0.823599429016517,0,1.0,0.375,0.078125,0.144927536231884,0.0417903000002297,41,1.0,1.0
confirmation,371144,701,legacy5,neuron_dropout,0.005,autonomous,neuron_dropout_1_autonomous.npz,False,3,9.965784284662089,4,0.0761421319796954,False,False,15.201207499827078,643.9441624365483,0.0613058856610083,0.0124009680497845,0.0002115059221658,0.9672368521924464,1.572110398410176,0.0762320320671841,0.7851501656616418,0,0.15625,0.09375,0.078125,0.0289855072463768,0.0460046000002876,41,0.07317073170731707,0.07317073170731707
confirmation,371144,701,legacy5,neuron_dropout,0.01,autonomous,neuron_dropout_2_autonomous.npz,False,2,6.643856189774724,3,0.0964467005076142,False,False,12.523593696858873,639.9441624365483,0.0671367894510958,0.0124050956810301,0.0002115059221658,0.9650299696412908,2.014101475314006,0.0961601442108871,0.858889826491049,0,0.21875,0.09375,0.078125,0.0579710144927536,0.0472383999999692,41,0.04878048780487805,0.04878048780487805
confirmation,371144,701,legacy5,weight_noise,0.001,autonomous,weight_noise_0_autonomous.npz,False,41,136.19905189038184,42,0.2893401015228426,True,False,14.206323065878786,647.9390862944163,0.05548238149502,0.0124565225738042,0.0002115059221658,0.9682064664165452,0.8754544608394621,0.2667897666548477,0.8044909757429993,0,1.0,0.375,0.140625,0.0579710144927536,0.0434497000001101,41,1.0,1.0
confirmation,371144,701,legacy5,weight_noise,0.01,autonomous,weight_noise_1_autonomous.npz,False,7,23.253496664211536,8,0.1878172588832487,False,False,14.773301158769678,647.9390862944163,0.05548238149502,0.0125150994677755,0.0002115059221658,0.9710171246014077,1.5598431563768052,0.1744393569579242,0.777727190452556,0,0.28125,0.15625,0.21875,0.1304347826086956,0.0382598000001053,41,0.17073170731707318,0.17073170731707318
confirmation,371144,701,legacy5,weight_noise,0.05,autonomous,weight_noise_2_autonomous.npz,False,4,13.287712379549449,5,0.1472081218274111,False,False,14.886300189457929,647.9390862944163,0.05548238149502,0.0125444658163842,0.0002115059221658,0.9700135860512886,1.3521496433621554,0.1422887336879201,0.7853722603881862,0,0.25,0.0625,0.171875,0.1159420289855072,0.0473880999998073,41,0.0975609756097561,0.0975609756097561
confirmation,371144,701,brain5,pulse,1e-06,autonomous,pulse_0_autonomous.npz,False,32,106.3016990363956,33,0.2588832487309644,True,False,9.260192932697072,90767.16243654824,0.3452984915027645,0.0020966405896466,0.0,0.980879008033637,1.128146356295342e-05,0.2427628154444457,0.8831224444201219,0,1.0,0.09375,0.15625,0.0869565217391304,3.6419017000002896,32,1.0,1.0
confirmation,371144,701,brain5,pulse,0.0001,autonomous,pulse_1_autonomous.npz,False,0,0.0,1,0.0913705583756345,False,False,9.438153467216054,92915.32487309644,0.3298038439898121,0.0020963055528425,0.0,0.9807260561855278,1.4110948386411823,0.0856642689829355,0.8650853171288542,0,0.25,0.0,0.09375,0.0579710144927536,4.255005099999835,32,0.0,0.0
confirmation,371144,701,brain5,pulse,0.001,autonomous,pulse_2_autonomous.npz,False,0,0.0,1,0.1015228426395939,False,False,7.208424350421096,90440.3807106599,0.3476555607681828,0.0022838782676526,0.0,0.9941006082834188,15.143268851677922,0.0998813145949353,0.6693357428795519,0,0.125,0.1875,0.0625,0.0869565217391304,3.4837855000000677,32,0.0,0.0
confirmation,371144,701,brain5,ongoing,1e-06,autonomous,ongoing_0_autonomous.npz,False,5,16.609640474436812,6,0.1370558375634517,False,False,7.751660939407839,137816.35025380712,0.005933754183115,0.002280037281669,0.0001057529610829,0.9942855139186656,3.93058744803309,0.1316175062493682,0.677917314912902,0,0.28125,0.21875,0.078125,0.0869565217391304,4.099851399999807,32,0.15625,0.15625
confirmation,371144,701,brain5,ongoing,0.0001,autonomous,ongoing_1_autonomous.npz,False,0,0.0,1,0.0964467005076142,False,False,20.71524910259597,138629.26903553298,7.018922862267463e-05,0.0021575542212233,0.0,0.9826453126434443,10.669663492632816,0.0948620703569102,0.8187993265591602,0,0.125,0.0625,0.09375,0.1014492753623188,4.263528699999824,32,0.0,0.0
confirmation,371144,701,brain5,ongoing,0.001,autonomous,ongoing_2_autonomous.npz,False,0,0.0,1,0.0862944162436548,False,False,43.34756208066822,138638.1624365482,6.041326407357772e-06,0.0025341734381262,0.0,0.9265945642852832,912.901825830864,0.0860849583554599,0.8189182216178228,0,0.15625,0.0,0.09375,0.0869565217391304,4.304297700000006,32,0.0,0.0
confirmation,371144,701,brain5,edge_dropout,0.001,autonomous,edge_dropout_0_autonomous.npz,False,5,16.609640474436812,6,0.1472081218274111,False,False,5.613389357237073,82124.18274111675,0.407640110350502,0.0023327785368662,0.0,0.9988098412455484,5.336857729676249,0.1369849334534429,0.6482394109954803,0,0.3125,0.21875,0.078125,0.1014492753623188,3.362207000000126,32,0.15625,0.15625
confirmation,371144,701,brain5,edge_dropout,0.005,autonomous,edge_dropout_1_autonomous.npz,False,5,16.609640474436812,6,0.1472081218274111,False,False,5.616245476767782,81505.2385786802,0.4121045407231717,0.0023354869134805,0.0,0.998813288522732,5.320986604956977,0.1370321689238995,0.6463333361767285,0,0.3125,0.21875,0.078125,0.1014492753623188,3.370728500000041,32,0.15625,0.15625
confirmation,371144,701,brain5,edge_dropout,0.01,autonomous,edge_dropout_2_autonomous.npz,False,4,13.287712379549449,5,0.1319796954314721,False,False,7.293625988738659,78003.48730964467,0.4373625941499529,0.0022390135193462,0.0,0.9964305326064568,5.154252282956295,0.1217551635562528,0.6759592723722556,0,0.21875,0.21875,0.078125,0.1014492753623188,3.606373900000108,32,0.125,0.125
confirmation,371144,701,brain5,neuron_dropout,0.001,autonomous,neuron_dropout_0_autonomous.npz,False,32,106.3016990363956,33,0.2588832487309644,True,False,9.260283520180415,87618.39593908629,0.3680104736828289,0.0020967645556203,0.0,0.980881049168228,3.097339374491921e-06,0.242540067716424,0.8836205087413527,0,1.0,0.09375,0.15625,0.0869565217391304,3.428945399999975,32,1.0,1.0
confirmation,371144,701,brain5,neuron_dropout,0.005,autonomous,neuron_dropout_1_autonomous.npz,False,5,16.609640474436812,6,0.1218274111675127,False,False,10.80813773540866,86724.92893401015,0.3744550311672029,0.0021623123149168,0.0,0.9786337145120068,1.7468277550595406,0.1252268928362056,0.8114926754171338,0,0.15625,0.125,0.09375,0.1304347826086956,3.3260433000000376,32,0.15625,0.15625
confirmation,371144,701,brain5,neuron_dropout,0.01,autonomous,neuron_dropout_2_autonomous.npz,False,2,6.643856189774724,3,0.1218274111675127,False,False,9.270968326518908,83320.48730964467,0.3990111923077585,0.0020127371531368,0.0,0.9845498020023912,2.944272494283967,0.1137564244472861,0.9207284866075114,0,0.09375,0.09375,0.140625,0.1304347826086956,3.320996500000092,32,0.0625,0.0625
confirmation,371144,701,brain5,weight_noise,0.001,autonomous,weight_noise_0_autonomous.npz,False,32,106.3016990363956,33,0.2588832487309644,True,False,9.258306387783222,87762.55329949239,0.3669706698728902,0.0020965820594079,0.0,0.9808804341617052,1.8067629469272047e-05,0.2416490611316612,0.8851083794907522,0,1.0,0.09375,0.15625,0.0869565217391304,3.450116500000149,32,1.0,1.0
confirmation,371144,701,brain5,weight_noise,0.01,autonomous,weight_noise_1_autonomous.npz,False,7,23.253496664211536,8,0.1218274111675127,False,False,7.946699036567251,83719.77157360406,0.3961311638600678,0.0022631319529541,0.0,0.9934302370026076,3.8841105227539936,0.1237621013878131,0.6934188035166655,0,0.34375,0.09375,0.0625,0.0869565217391304,3.53447129999995,32,0.21875,0.21875
confirmation,371144,701,brain5,weight_noise,0.05,autonomous,weight_noise_2_autonomous.npz,False,0,0.0,1,0.1218274111675127,False,False,8.471866887069266,85082.72588832487,0.3863002049327759,0.0020710393561365,0.0,0.9819188868860026,1.458268224225414,0.1126991724792195,0.871978393417976,0,0.125,0.0625,0.1875,0.0869565217391304,3.515195699999822,32,0.0,0.0
confirmation,371144,701,brain1,pulse,1e-06,autonomous,pulse_0_autonomous.npz,False,39,129.55519570060713,40,0.2588832487309644,True,False,7.9091075790487535,122650.42639593908,0.1153252230906233,0.0054696445074834,0.0,0.9992815288483038,3.697750291026102e-06,0.2587579097382876,0.6049366529973531,0,1.0,0.28125,0.078125,0.072463768115942,9.66778979999981,39,1.0,1.0
confirmation,371144,701,brain1,pulse,0.0001,autonomous,pulse_1_autonomous.npz,False,0,0.0,1,0.0710659898477157,False,False,8.226464817063786,123924.07614213198,0.1061384160147435,0.0057312087076644,0.0,0.9987536132997614,3.2031751774470654,0.067069413686181,0.7727769725152255,0,0.03125,0.15625,0.03125,0.0869565217391304,9.232592299999853,39,0.0,0.0
confirmation,371144,701,brain1,pulse,0.001,autonomous,pulse_2_autonomous.npz,False,0,0.0,1,0.0913705583756345,False,False,4.293430988386373,125308.76649746193,0.0961506755136583,0.0054237763320675,0.0,0.999766157179315,4.448670297792445,0.1005149770955028,0.5179488188072149,0,0.15625,0.09375,0.078125,0.072463768115942,9.547420599999896,39,0.0,0.0
confirmation,371144,701,brain1,ongoing,1e-06,autonomous,ongoing_0_autonomous.npz,False,3,9.965784284662089,4,0.1218274111675127,False,False,5.270838226756141,137858.1573604061,0.005632200460144,0.0054238951674553,0.0,0.9997928016967746,0.6416890677189023,0.1211031328546786,0.5133209379476802,0,0.34375,0.09375,0.078125,0.072463768115942,8.813496100000066,39,0.07692307692307693,0.07692307692307693
confirmation,371144,701,brain1,ongoing,0.0001,autonomous,ongoing_1_autonomous.npz,False,0,0.0,1,0.1319796954314721,False,False,18.7653508303684,138629.18274111676,7.081166831290897e-05,0.0056085979503331,0.0,0.997041336211779,5.563783189262466,0.1291530857768466,0.875044468825791,0,0.1875,0.1875,0.078125,0.1304347826086956,9.329573299999993,39,0.0,0.0
confirmation,371144,701,brain1,ongoing,0.001,autonomous,ongoing_2_autonomous.npz,False,0,0.0,1,0.1015228426395939,False,False,42.14006318426158,138637.96446700508,7.469276285365645e-06,0.0057278156622304,0.0,0.9822055155950908,248.87318237914764,0.1051256671091124,0.9215470189071484,0,0.15625,0.0625,0.078125,0.1159420289855072,9.506047500000022,39,0.0,0.0
confirmation,371144,701,brain1,edge_dropout,0.001,autonomous,edge_dropout_0_autonomous.npz,False,4,13.287712379549449,5,0.1218274111675127,False,False,5.785445586830057,121821.69035532996,0.1213028775789644,0.0054253705815179,0.0,0.9997678307612606,0.6107755169598804,0.1276814643916213,0.5257293767100762,0,0.34375,0.09375,0.078125,0.072463768115942,7.245247999999719,39,0.10256410256410256,0.10256410256410256
confirmation,371144,701,brain1,edge_dropout,0.005,autonomous,edge_dropout_1_autonomous.npz,False,3,9.965784284662089,4,0.1218274111675127,False,False,5.070322219656903,121850.82741116751,0.1210927126481905,0.0053922315344319,0.0,0.9997921348609268,0.6408500814617735,0.1238663193302343,0.5132153841734971,0,0.34375,0.09375,0.078125,0.072463768115942,7.395348300000023,39,0.07692307692307693,0.07692307692307693
confirmation,371144,701,brain1,edge_dropout,0.01,autonomous,edge_dropout_2_autonomous.npz,False,3,9.965784284662089,4,0.1472081218274111,False,False,10.29274352853706,119498.3807106599,0.1380608579789244,0.0054736802293634,0.0,0.9979443227453856,2.007836851421471,0.1301144985808462,0.8285085374029638,0,0.3125,0.09375,0.125,0.1159420289855072,8.487271599999985,39,0.07692307692307693,0.07692307692307693
confirmation,371144,701,brain1,neuron_dropout,0.001,autonomous,neuron_dropout_0_autonomous.npz,False,39,129.55519570060713,40,0.2588832487309644,True,False,7.908329800700657,120689.7157360406,0.1294677851395306,0.0054686310158287,0.0,0.9992814337016146,3.227852713857225e-05,0.2585452185554261,0.6057641925925955,0,1.0,0.28125,0.078125,0.072463768115942,8.387281499999972,39,1.0,1.0
confirmation,371144,701,brain1,neuron_dropout,0.005,autonomous,neuron_dropout_1_autonomous.npz,False,1,3.321928094887362,2,0.1421319796954314,False,False,9.343023653623902,113556.2081218274,0.1809216156937989,0.0055814845482809,0.0,0.9974665780170948,3.13381125855387,0.1341791305419447,0.7470203560014053,0,0.15625,0.125,0.09375,0.1884057971014492,8.36880229999997,39,0.02564102564102564,0.02564102564102564
confirmation,371144,701,brain1,neuron_dropout,0.01,autonomous,neuron_dropout_2_autonomous.npz,False,1,3.321928094887362,2,0.1218274111675127,False,False,9.29064371385639,116160.39086294416,0.1621377039437376,0.0055138280610784,0.0,0.9976987289940552,2.2837591405249533,0.1130118804895347,0.8174142527449773,0,0.25,0.09375,0.09375,0.1014492753623188,8.572096200000033,39,0.02564102564102564,0.02564102564102564
confirmation,371144,701,brain1,weight_noise,0.001,autonomous,weight_noise_0_autonomous.npz,False,39,129.55519570060713,40,0.2588832487309644,True,False,7.909591969145783,120862.27411167511,0.1282231254432365,0.0054692867265078,0.0,0.9992819197385324,5.173483336581465e-06,0.2587319447513384,0.6048066299325622,0,1.0,0.28125,0.078125,0.072463768115942,8.661333999999897,39,1.0,1.0
confirmation,371144,701,brain1,weight_noise,0.01,autonomous,weight_noise_1_autonomous.npz,False,3,9.965784284662089,4,0.0913705583756345,False,False,6.597813096024586,121495.69035532996,0.1236543082730692,0.0054323196613941,0.0,0.999582562563648,0.5431633853104189,0.105237655137109,0.5389121528538703,0,0.15625,0.09375,0.078125,0.072463768115942,9.298086899999817,39,0.07692307692307693,0.07692307692307693
confirmation,371144,701,brain1,weight_noise,0.05,autonomous,weight_noise_2_autonomous.npz,False,1,3.321928094887362,2,0.1624365482233502,False,False,9.245320032345646,120466.80710659898,0.13107562008815,0.0057189517070768,0.0,0.9987535484332368,3.113776517149596,0.131278414709801,0.7598053812484115,0,0.28125,0.21875,0.140625,0.1014492753623188,9.70436000000018,39,0.02564102564102564,0.02564102564102564
confirmation,371144,702,legacy5,pulse,1e-06,autonomous,pulse_0_autonomous.npz,False,36,119.58941141594504,37,0.3248730964467005,True,False,13.421484034321985,646.989847715736,0.056866111201551,0.0121092880670139,0.0,0.9661273766236436,6.529198768021636e-09,0.3029516798195621,0.8148974588075539,0,1.0,0.28125,0.140625,0.2028985507246377,0.0393834000001334,36,1.0,1.0
confirmation,371144,702,legacy5,pulse,0.0001,autonomous,pulse_1_autonomous.npz,False,36,119.58941141594504,37,0.3248730964467005,True,False,13.422131969081873,648.015228426396,0.0553713871335335,0.0121092917868982,0.0,0.966125976080195,6.529198508988339e-05,0.3029423386586362,0.814888117631073,0,1.0,0.28125,0.140625,0.2028985507246377,0.0483100000001286,36,1.0,1.0
confirmation,371144,702,legacy5,pulse,0.001,autonomous,pulse_2_autonomous.npz,False,0,0.0,1,0.1218274111675127,False,False,13.95791736973588,648.5126903553299,0.0546462239718222,0.0119119703824705,0.0,0.9632188288182034,1.972468763809452,0.1061579517067903,0.7544269993281607,0,0.0625,0.1875,0.140625,0.1014492753623188,0.0437501000001248,36,0.0,0.0
confirmation,371144,702,legacy5,ongoing,1e-06,autonomous,ongoing_0_autonomous.npz,False,36,119.58941141594504,37,0.3248730964467005,True,False,13.614584042897665,685.7106598984772,0.0004217785736484,0.0121419705666875,0.0,0.9659081874339728,0.0720639670689712,0.30444698444592,0.8114977414751563,0,1.0,0.28125,0.140625,0.2028985507246377,0.4764150999999401,36,1.0,1.0
confirmation,371144,702,legacy5,ongoing,0.0001,autonomous,ongoing_1_autonomous.npz,False,6,19.93156856932417,7,0.1522842639593908,False,False,14.928553763023396,686.0,0.0,0.012092234496853,0.0,0.9661688860018748,2.0836703598996564,0.1355586194445271,0.7863983590925819,0,0.28125,0.09375,0.1875,0.0869565217391304,0.4896619999999529,36,0.16666666666666666,0.16666666666666666
confirmation,371144,702,legacy5,ongoing,0.001,autonomous,ongoing_2_autonomous.npz,False,0,0.0,1,0.1015228426395939,False,False,25.048607566761696,686.0,0.0,0.0122073296870445,0.0,0.9606074586667016,3.2131247795112547,0.1024487170163552,0.8202485279648205,0,0.09375,0.0625,0.078125,0.144927536231884,0.4479212999999618,36,0.0,0.0
confirmation,371144,702,legacy5,edge_dropout,0.001,autonomous,edge_dropout_0_autonomous.npz,False,13,43.18506523353571,14,0.1624365482233502,False,False,14.06606219091134,645.6802030456853,0.0587752142191176,0.012379621950492,0.0002115059221658,0.9656317140652504,1.898949624584449,0.1647412204186682,0.8078019277309781,0,0.5,0.0625,0.109375,0.1014492753623188,0.0466771999999764,36,0.3611111111111111,0.3611111111111111
confirmation,371144,702,legacy5,edge_dropout,0.005,autonomous,edge_dropout_1_autonomous.npz,False,4,13.287712379549449,5,0.1979695431472081,False,False,13.682304830469,645.2335025380711,0.059426381139838,0.0123422362431398,0.0002115059221658,0.9658593571622583,2.1016035584365254,0.1866241789422885,0.8193671954506154,0,0.3125,0.125,0.203125,0.1739130434782608,0.0478345000001354,36,0.1111111111111111,0.1111111111111111
confirmation,371144,702,legacy5,edge_dropout,0.01,autonomous,edge_dropout_2_autonomous.npz,False,2,6.643856189774724,3,0.116751269035533,False,False,12.11044204960077,643.5126903553299,0.0619348537094315,0.012184002196046,0.0002115059221658,0.960692749240736,2.625345814830356,0.1069930611485442,0.7770203548045138,0,0.09375,0.15625,0.15625,0.072463768115942,0.04006070000014,36,0.05555555555555555,0.05555555555555555
confirmation,371144,702,legacy5,neuron_dropout,0.001,autonomous,neuron_dropout_0_autonomous.npz,False,10,33.219280948873624,11,0.1776649746192893,False,False,13.547267639549588,643.9390862944163,0.0613132852851074,0.0128019547739566,0.0002115059221658,0.9667161259154406,2.0993763804368832,0.1790720177933184,0.8007067253105656,0,0.375,0.125,0.140625,0.144927536231884,0.0471634000000449,36,0.2777777777777778,0.2777777777777778
confirmation,371144,702,legacy5,neuron_dropout,0.005,autonomous,neuron_dropout_1_autonomous.npz,False,7,23.253496664211536,8,0.116751269035533,False,False,14.398004670231886,639.9390862944163,0.0671441890751949,0.0121269527418266,0.0002115059221658,0.9630543168503484,2.362089031055988,0.1076316140179383,0.7947603180604511,0,0.3125,0.09375,0.09375,0.0579710144927536,0.0471585000000231,36,0.19444444444444445,0.19444444444444445
confirmation,371144,702,legacy5,neuron_dropout,0.01,autonomous,neuron_dropout_2_autonomous.npz,False,7,23.253496664211536,8,0.1319796954314721,False,False,14.06551841674843,636.9390862944163,0.0715173669177605,0.0120737124920282,0.0002115059221658,0.964346136075298,2.242317287799568,0.1334501901584035,0.7955309456785921,0,0.3125,0.03125,0.125,0.1014492753623188,0.0327376999998705,36,0.19444444444444445,0.19444444444444445
confirmation,371144,702,legacy5,weight_noise,0.001,autonomous,weight_noise_0_autonomous.npz,False,36,119.58941141594504,37,0.2588832487309644,True,False,14.1197071958969,645.9390862944163,0.0583978333900637,0.0121312539250494,0.0002115059221658,0.9634431778198926,1.745263060596565,0.2337783050136584,0.7893302446062064,0,1.0,0.15625,0.140625,0.072463768115942,0.0348027000000001,36,1.0,1.0
confirmation,371144,702,legacy5,weight_noise,0.01,autonomous,weight_noise_1_autonomous.npz,False,14,46.50699332842307,15,0.2182741116751269,False,False,14.631251385759738,645.9390862944163,0.0583978333900637,0.0125250256242664,0.0002115059221658,0.9667128135762776,1.9712756216760352,0.2045522333996245,0.8037344896146398,0,0.5,0.25,0.140625,0.144927536231884,0.0308100000002014,36,0.3888888888888889,0.3888888888888889
confirmation,371144,702,legacy5,weight_noise,0.05,autonomous,weight_noise_2_autonomous.npz,False,1,3.321928094887362,2,0.1370558375634517,False,False,12.866742615559946,645.9390862944163,0.0583978333900637,0.0127105720349445,0.0002115059221658,0.9677892645506164,2.141187338266029,0.1176952211884296,0.7813357742591588,0,0.15625,0.09375,0.15625,0.1304347826086956,0.0480225999999675,36,0.027777777777777776,0.027777777777777776
confirmation,371144,702,brain5,pulse,1e-06,autonomous,pulse_0_autonomous.npz,False,0,0.0,1,0.1065989847715736,False,False,9.22643698414268,85258.04568527918,0.3850356271663876,0.0019743332362382,0.0001057529610829,0.9798175692483851,1.3147125767946548,0.1112002231872114,0.8563351684402429,0,0.125,0.0625,0.09375,0.1304347826086956,3.419617200000175,34,0.0,0.0
confirmation,371144,702,brain5,pulse,0.0001,autonomous,pulse_1_autonomous.npz,False,0,0.0,1,0.1218274111675127,False,False,1.5195915865069407,85089.61421319797,0.3862505195998386,0.0017785576705519,0.0,0.9997020362607252,2.3303225563514576,0.1189886937209921,0.9656402065933116,0,0.15625,0.0625,0.125,0.1304347826086956,3.286337900000035,34,0.0,0.0
confirmation,371144,702,brain5,pulse,0.001,autonomous,pulse_2_autonomous.npz,False,0,0.0,1,0.1218274111675127,False,False,5.736130711395767,86751.79187817259,0.3742612693529772,0.0018197002122873,0.0001057529610829,0.9964849130912088,10.863314088160951,0.1170609261302418,0.943099913512316,0,0.15625,0.0625,0.125,0.1304347826086956,3.427470899999662,34,0.0,0.0
confirmation,371144,702,brain5,ongoing,1e-06,autonomous,ongoing_0_autonomous.npz,False,0,0.0,1,0.1218274111675127,False,False,8.306519447709823,137815.38578680204,0.0059407108620082,0.0018706408196001,0.0,0.9891090674490562,1.7027975461844396,0.116429422256248,0.903732679459788,0,0.125,0.15625,0.125,0.1014492753623188,3.513061999999991,34,0.0,0.0
confirmation,371144,702,brain5,ongoing,0.0001,autonomous,ongoing_1_autonomous.npz,False,0,0.0,1,0.1116751269035533,False,False,16.947615164099627,138629.7461928934,6.674750327551049e-05,0.0020161504370098,0.0,0.9672440208426476,14.905395681324526,0.1021468952276202,0.845486913880215,0,0.125,0.09375,0.09375,0.1304347826086956,2.620593199999803,34,0.0,0.0
confirmation,371144,702,brain5,ongoing,0.001,autonomous,ongoing_2_autonomous.npz,False,0,0.0,1,0.1573604060913705,False,False,41.74524156602275,138638.0609137056,6.773608395960196e-06,0.002339579855824,0.0,0.90445441719196,1229.582748134063,0.1453744456622631,0.8469171273384772,0,0.1875,0.09375,0.140625,0.1884057971014492,4.416389299999992,34,0.0,0.0
confirmation,371144,702,brain5,edge_dropout,0.001,autonomous,edge_dropout_0_autonomous.npz,False,34,112.94555522617031,35,0.2538071065989847,True,False,9.913468929647198,82703.21319796954,0.403463576641713,0.0020819367978826,0.0,0.9690390366741892,1.99602718888766,0.2323201536049297,0.8064591903141212,0,1.0,0.125,0.109375,0.1014492753623188,3.303777600000103,34,1.0,1.0
confirmation,371144,702,brain5,edge_dropout,0.005,autonomous,edge_dropout_1_autonomous.npz,False,2,6.643856189774724,3,0.1319796954314721,False,False,4.596892570718811,77072.3807106599,0.4440786451816596,0.002035646023015,0.0,0.9591700804560154,3.4970600559845564,0.1241171410628369,0.807202199440566,0,0.125,0.125,0.15625,0.1159420289855072,3.423971299999721,34,0.058823529411764705,0.058823529411764705
confirmation,371144,702,brain5,edge_dropout,0.01,autonomous,edge_dropout_2_autonomous.npz,False,1,3.321928094887362,2,0.1015228426395939,False,False,6.229994616778943,76082.55329949239,0.4512182481156646,0.0017915755710211,0.0,0.989639922300824,1.9472049103907425,0.1041792971744317,0.8575065113326059,0,0.09375,0.09375,0.09375,0.1159420289855072,3.536794700000428,34,0.029411764705882353,0.029411764705882353
confirmation,371144,702,brain5,neuron_dropout,0.001,autonomous,neuron_dropout_0_autonomous.npz,False,11,36.541209043760986,12,0.1573604060913705,False,False,6.451973118812339,84132.6497461929,0.3931530828540822,0.0020911977200539,0.0,0.9697356040111615,2.459910127264416,0.1580858201352613,0.7414259197894376,0,0.4375,0.125,0.109375,0.0869565217391304,3.372394399999848,34,0.3235294117647059,0.3235294117647059
confirmation,371144,702,brain5,neuron_dropout,0.005,autonomous,neuron_dropout_1_autonomous.npz,False,7,23.253496664211536,8,0.1269035532994923,False,False,7.370202699471102,83801.48223350254,0.3955417867014149,0.0020189130543733,0.0002115059221658,0.9740179564693296,2.4640397201167348,0.1334371263614274,0.8562499700832987,0,0.3125,0.15625,0.078125,0.072463768115942,3.407391400000052,34,0.20588235294117646,0.20588235294117646
confirmation,371144,702,brain5,neuron_dropout,0.01,autonomous,neuron_dropout_2_autonomous.npz,False,7,23.253496664211536,8,0.1065989847715736,False,False,8.510717152723892,81964.31472081218,0.4087932347982012,0.0020605213037189,0.0,0.9718231406210076,2.463302331624205,0.1033162573728323,0.8459488010831404,0,0.28125,0.0625,0.109375,0.0434782608695652,3.367561300000034,34,0.20588235294117646,0.20588235294117646
confirmation,371144,702,brain5,weight_noise,0.001,autonomous,weight_noise_0_autonomous.npz,False,34,112.94555522617031,35,0.248730964467005,True,False,8.750065513962673,80870.83756345177,0.41668046102863,0.0019041110910607,0.0001057529610829,0.9855897911125844,0.5177815883469893,0.2399227059588549,0.90754821399694,0,1.0,0.125,0.0625,0.1304347826086956,3.461560300000201,34,1.0,1.0
confirmation,371144,702,brain5,weight_noise,0.01,autonomous,weight_noise_1_autonomous.npz,False,16,53.1508495181978,17,0.1573604060913705,False,False,10.049546041982396,82892.97969543147,0.4020947951483243,0.0020533440030137,0.0,0.9714462702184316,2.411297460383606,0.1510319500031871,0.7813767645998149,0,0.59375,0.0625,0.0625,0.0869565217391304,3.4757486999997127,34,0.47058823529411764,0.47058823529411764
confirmation,371144,702,brain5,weight_noise,0.05,autonomous,weight_noise_2_autonomous.npz,False,1,3.321928094887362,2,0.0964467005076142,False,False,9.538215962026396,82994.53299492385,0.4013622934749684,0.0020895787695285,0.0001057529610829,0.9696361281581216,2.8333308120945087,0.1015089397960052,0.77409001233265,0,0.15625,0.09375,0.0625,0.1014492753623188,3.419182600000113,34,0.029411764705882353,0.029411764705882353
confirmation,371144,702,brain1,pulse,1e-06,autonomous,pulse_0_autonomous.npz,False,4,13.287712379549449,5,0.1319796954314721,False,False,9.592093452308006,113614.21319796954,0.1805032263795213,0.005582096539685,0.0,0.995661655508089,2.389289626735163e-06,0.1268213260917704,0.724736276610985,0,0.28125,0.15625,0.09375,0.0869565217391304,7.539247799999885,4,1.0,1.0
confirmation,371144,702,brain1,pulse,0.0001,autonomous,pulse_1_autonomous.npz,False,0,0.0,1,0.116751269035533,False,False,10.063217248627204,114415.24365482232,0.1747254116459125,0.0056081685469758,0.0,0.9957434321918894,1.2407344715419246,0.1088182011799753,0.7272916249435776,0,0.1875,0.125,0.109375,0.0869565217391304,7.4669723000001795,4,0.0,0.0
confirmation,371144,702,brain1,pulse,0.001,autonomous,pulse_2_autonomous.npz,False,0,0.0,1,0.1015228426395939,False,False,9.187798180157984,118287.84771573605,0.1467924053423924,0.0058157013480365,0.0,0.9958352768689014,3.437290206856974,0.1150223174695605,0.7137436417748552,0,0.09375,0.09375,0.140625,0.072463768115942,7.209260900000117,4,0.0,0.0
confirmation,371144,702,brain1,ongoing,1e-06,autonomous,ongoing_0_autonomous.npz,False,2,6.643856189774724,3,0.1370558375634517,False,False,10.40068834733346,137843.00507614214,0.0057414935469662,0.0055584314492369,0.0,0.9958341504078134,1.1254207203115516,0.1318604142519305,0.7076980613455793,0,0.34375,0.09375,0.078125,0.1159420289855072,8.212019699999928,4,0.5,0.5
confirmation,371144,702,brain1,ongoing,0.0001,autonomous,ongoing_1_autonomous.npz,False,0,0.0,1,0.1116751269035533,False,False,17.86436046102742,138629.38578680204,6.934710433537106e-05,0.0058210467969224,0.0,0.9958649136307808,4.568405251987698,0.1098390685232512,0.7444918564063656,0,0.0625,0.15625,0.09375,0.1304347826086956,8.940721099999791,4,0.0,0.0
confirmation,371144,702,brain1,ongoing,0.001,autonomous,ongoing_2_autonomous.npz,False,0,0.0,1,0.1015228426395939,False,False,42.05647377152745,138638.10659898477,6.444081501078003e-06,0.0061024317105894,0.0,0.9834218755308362,325.5242518864344,0.091301576872533,0.7718578069380826,0,0.09375,0.125,0.09375,0.1014492753623188,8.87314379999998,4,0.0,0.0
confirmation,371144,702,brain1,edge_dropout,0.001,autonomous,edge_dropout_0_autonomous.npz,False,3,9.965784284662089,4,0.1522842639593908,False,False,10.384531406453656,111986.64467005077,0.1922428416964147,0.0055900841086238,0.0,0.9956512114921938,1.183269679488568,0.1242152918613611,0.7144620968392251,0,0.15625,0.09375,0.15625,0.1739130434782608,7.160623499999929,4,0.75,0.75
confirmation,371144,702,brain1,edge_dropout,0.005,autonomous,edge_dropout_1_autonomous.npz,False,3,9.965784284662089,4,0.1269035532994923,False,False,9.075320859219124,110953.3807106599,0.1996957514793103,0.0054445862308524,0.0001057529610829,0.9956437188008748,1.2431763887284304,0.1152898556327241,0.7055484158736974,0,0.1875,0.0625,0.171875,0.0869565217391304,7.130501000000095,4,0.75,0.75
confirmation,371144,702,brain1,edge_dropout,0.01,autonomous,edge_dropout_2_autonomous.npz,False,3,9.965784284662089,4,0.1065989847715736,False,False,9.84564085804926,112358.59898477155,0.1895599435600981,0.0054863273760939,0.0,0.9954640502383688,1.5942304527325497,0.097279505043666,0.6777801715117118,0,0.15625,0.0,0.171875,0.072463768115942,7.709338899999693,4,0.75,0.75
confirmation,371144,702,brain1,neuron_dropout,0.001,autonomous,neuron_dropout_0_autonomous.npz,False,4,13.287712379549449,5,0.1522842639593908,False,False,9.253050418910284,114372.34010152284,0.1750348740143621,0.0057308107144691,0.0,0.995726268170672,1.394951430550457,0.1354240230475317,0.7067220871239229,0,0.25,0.21875,0.125,0.1014492753623188,7.188974400000006,4,1.0,1.0
confirmation,371144,702,brain1,neuron_dropout,0.005,autonomous,neuron_dropout_1_autonomous.npz,False,4,13.287712379549449,5,0.1269035532994923,False,False,8.838382428410227,114637.23350253807,0.1731242038492915,0.0056495368034578,0.0,0.9962897797043518,1.0626087440808007,0.1256947516993133,0.7364653108781024,0,0.1875,0.03125,0.171875,0.1014492753623188,7.163856499999838,4,1.0,1.0
confirmation,371144,702,brain1,neuron_dropout,0.01,autonomous,neuron_dropout_2_autonomous.npz,False,4,13.287712379549449,5,0.1370558375634517,False,False,9.006002363602157,107315.58375634518,0.2259350993851284,0.0052741582458466,0.0001057529610829,0.9957449418386282,0.7881981872086162,0.1321356632510045,0.7322428781059611,0,0.21875,0.03125,0.15625,0.1304347826086956,7.299154900000303,4,1.0,1.0
confirmation,371144,702,brain1,weight_noise,0.001,autonomous,weight_noise_0_autonomous.npz,False,4,13.287712379549449,5,0.1319796954314721,False,False,9.592282397810203,111850.65482233504,0.1932237334203577,0.0055820163314887,0.0,0.995662357232104,4.48935464799929e-06,0.1266545120379121,0.7260466806334838,0,0.28125,0.15625,0.09375,0.0869565217391304,7.225717399999667,4,1.0,1.0
confirmation,371144,702,brain1,weight_noise,0.01,autonomous,weight_noise_1_autonomous.npz,False,4,13.287712379549449,5,0.1573604060913705,False,False,8.779311017938301,111540.3502538071,0.1954619533190004,0.0055404150467078,0.0,0.9955533160508993,1.0940649756241614,0.1431250168519907,0.7368671508072947,0,0.21875,0.15625,0.109375,0.1739130434782608,7.425494799999797,4,1.0,1.0
confirmation,371144,702,brain1,weight_noise,0.05,autonomous,weight_noise_2_autonomous.npz,False,0,0.0,1,0.1319796954314721,False,False,9.605640193169672,107362.48730964468,0.2255967851063216,0.005393746890695,0.0,0.9961045413676862,0.8268488190564485,0.1312256270442948,0.697979808381214,0,0.1875,0.125,0.140625,0.1014492753623188,7.466984000000139,4,0.0,0.0
