cohort,seed,dataset_seed,family,circuit_seed,level,topology,calibration,strength,noise_seed,repeated_setting,first_error_position,censored,exact_prefix_bits,clean_prefix,retention,exact_prefix_symbols,teacher_accuracy,expected_energy
discovery,9142,9242,pi,701,legacy5,intact,common,0.0003,498001,False,40,False,129.55519570060713,39,1.0,39,0.8324873096446701,6.980531771318548e-11
discovery,9142,9242,pi,701,legacy5,intact,common,0.0003,498002,False,40,False,129.55519570060713,39,1.0,39,0.8324873096446701,6.980531771318548e-11
discovery,9142,9242,pi,701,legacy5,intact,common,0.0003,498003,False,40,False,129.55519570060713,39,1.0,39,0.8324873096446701,6.980531771318548e-11
discovery,9142,9242,pi,701,legacy5,intact,own,0.0003,498001,True,40,False,129.55519570060713,39,1.0,39,0.8324873096446701,6.980531771318548e-11
discovery,9142,9242,pi,701,legacy5,intact,own,0.0003,498002,True,40,False,129.55519570060713,39,1.0,39,0.8324873096446701,6.980531771318548e-11
discovery,9142,9242,pi,701,legacy5,intact,own,0.0003,498003,True,40,False,129.55519570060713,39,1.0,39,0.8324873096446701,6.980531771318548e-11
discovery,9142,9242,pi,701,legacy5,intact,coordinate,0.0003,498001,False,40,False,129.55519570060713,39,1.0,39,0.8324873096446701,2.051758930755383e-10
discovery,9142,9242,pi,701,legacy5,intact,coordinate,0.0003,498002,False,40,False,129.55519570060713,39,1.0,39,0.8375634517766497,2.051758930755383e-10
discovery,9142,9242,pi,701,legacy5,intact,coordinate,0.0003,498003,False,40,False,129.55519570060713,39,1.0,39,0.8324873096446701,2.051758930755383e-10
discovery,9142,9242,pi,701,legacy5,intact,common,0.03,498001,False,40,False,129.55519570060713,39,1.0,39,0.7918781725888325,6.98053177131855e-07
discovery,9142,9242,pi,701,legacy5,intact,common,0.03,498002,False,17,False,53.150849518197795,39,0.41025641025641024,16,0.7614213197969543,6.98053177131855e-07
discovery,9142,9242,pi,701,legacy5,intact,common,0.03,498003,False,40,False,129.55519570060713,39,1.0,39,0.8071065989847716,6.98053177131855e-07
discovery,9142,9242,pi,701,legacy5,intact,own,0.03,498001,True,40,False,129.55519570060713,39,1.0,39,0.7918781725888325,6.98053177131855e-07
discovery,9142,9242,pi,701,legacy5,intact,own,0.03,498002,True,17,False,53.150849518197795,39,0.41025641025641024,16,0.7614213197969543,6.98053177131855e-07
discovery,9142,9242,pi,701,legacy5,intact,own,0.03,498003,True,40,False,129.55519570060713,39,1.0,39,0.8071065989847716,6.98053177131855e-07
discovery,9142,9242,pi,701,legacy5,intact,coordinate,0.03,498001,False,31,False,99.65784284662087,39,0.7692307692307693,30,0.7309644670050761,2.0517589307553834e-06
discovery,9142,9242,pi,701,legacy5,intact,coordinate,0.03,498002,False,16,False,49.82892142331043,39,0.38461538461538464,15,0.7258883248730964,2.0517589307553834e-06
discovery,9142,9242,pi,701,legacy5,intact,coordinate,0.03,498003,False,26,False,83.04820237218405,39,0.6410256410256411,25,0.7715736040609137,2.0517589307553834e-06
discovery,9142,9242,pi,701,legacy5,intact,common,0.3,498001,False,1,False,0.0,39,0.0,0,0.4517766497461929,6.980531771318549e-05
discovery,9142,9242,pi,701,legacy5,intact,common,0.3,498002,False,1,False,0.0,39,0.0,0,0.4873096446700508,6.980531771318549e-05
discovery,9142,9242,pi,701,legacy5,intact,common,0.3,498003,False,4,False,9.965784284662087,39,0.07692307692307693,3,0.4619289340101523,6.980531771318549e-05
discovery,9142,9242,pi,701,legacy5,intact,own,0.3,498001,True,1,False,0.0,39,0.0,0,0.4517766497461929,6.980531771318549e-05
discovery,9142,9242,pi,701,legacy5,intact,own,0.3,498002,True,1,False,0.0,39,0.0,0,0.4873096446700508,6.980531771318549e-05
discovery,9142,9242,pi,701,legacy5,intact,own,0.3,498003,True,4,False,9.965784284662087,39,0.07692307692307693,3,0.4619289340101523,6.980531771318549e-05
discovery,9142,9242,pi,701,legacy5,intact,coordinate,0.3,498001,False,1,False,0.0,39,0.0,0,0.34517766497461927,0.0002051758930755383
discovery,9142,9242,pi,701,legacy5,intact,coordinate,0.3,498002,False,1,False,0.0,39,0.0,0,0.350253807106599,0.0002051758930755383
discovery,9142,9242,pi,701,legacy5,intact,coordinate,0.3,498003,False,1,False,0.0,39,0.0,0,0.41624365482233505,0.0002051758930755383
discovery,9142,9242,pi,701,legacy5,degree,common,0.0003,498001,False,47,False,152.80869236481865,46,1.0,46,0.817258883248731,6.980531771318549e-11
discovery,9142,9242,pi,701,legacy5,degree,common,0.0003,498002,False,47,False,152.80869236481865,46,1.0,46,0.817258883248731,6.980531771318549e-11
discovery,9142,9242,pi,701,legacy5,degree,common,0.0003,498003,False,47,False,152.80869236481865,46,1.0,46,0.817258883248731,6.980531771318549e-11
discovery,9142,9242,pi,701,legacy5,degree,own,0.0003,498001,False,47,False,152.80869236481865,46,1.0,46,0.817258883248731,4.5468326119928525e-10
discovery,9142,9242,pi,701,legacy5,degree,own,0.0003,498002,False,47,False,152.80869236481865,46,1.0,46,0.817258883248731,4.5468326119928525e-10
discovery,9142,9242,pi,701,legacy5,degree,own,0.0003,498003,False,47,False,152.80869236481865,46,1.0,46,0.817258883248731,4.5468326119928525e-10
discovery,9142,9242,pi,701,legacy5,degree,coordinate,0.0003,498001,False,47,False,152.80869236481865,46,1.0,46,0.817258883248731,2.406990936955583e-09
discovery,9142,9242,pi,701,legacy5,degree,coordinate,0.0003,498002,False,47,False,152.80869236481865,46,1.0,46,0.817258883248731,2.406990936955583e-09
discovery,9142,9242,pi,701,legacy5,degree,coordinate,0.0003,498003,False,47,False,152.80869236481865,46,1.0,46,0.817258883248731,2.406990936955583e-09
discovery,9142,9242,pi,701,legacy5,degree,common,0.03,498001,False,47,False,152.80869236481865,46,1.0,46,0.8121827411167513,6.98053177131855e-07
discovery,9142,9242,pi,701,legacy5,degree,common,0.03,498002,False,47,False,152.80869236481865,46,1.0,46,0.8121827411167513,6.98053177131855e-07
discovery,9142,9242,pi,701,legacy5,degree,common,0.03,498003,False,47,False,152.80869236481865,46,1.0,46,0.8071065989847716,6.98053177131855e-07
discovery,9142,9242,pi,701,legacy5,degree,own,0.03,498001,False,47,False,152.80869236481865,46,1.0,46,0.7918781725888325,4.546832611992854e-06
discovery,9142,9242,pi,701,legacy5,degree,own,0.03,498002,False,47,False,152.80869236481865,46,1.0,46,0.8121827411167513,4.546832611992854e-06
discovery,9142,9242,pi,701,legacy5,degree,own,0.03,498003,False,47,False,152.80869236481865,46,1.0,46,0.7969543147208121,4.546832611992854e-06
discovery,9142,9242,pi,701,legacy5,degree,coordinate,0.03,498001,False,47,False,152.80869236481865,46,1.0,46,0.7461928934010152,2.4069909369555836e-05
discovery,9142,9242,pi,701,legacy5,degree,coordinate,0.03,498002,False,26,False,83.04820237218405,46,0.5434782608695652,25,0.7614213197969543,2.4069909369555836e-05
discovery,9142,9242,pi,701,legacy5,degree,coordinate,0.03,498003,False,9,False,26.575424759098897,46,0.17391304347826086,8,0.7411167512690355,2.4069909369555836e-05
discovery,9142,9242,pi,701,legacy5,degree,common,0.3,498001,False,5,False,13.287712379549449,46,0.08695652173913043,4,0.6852791878172588,6.980531771318549e-05
discovery,9142,9242,pi,701,legacy5,degree,common,0.3,498002,False,3,False,6.643856189774724,46,0.043478260869565216,2,0.6954314720812182,6.980531771318549e-05
discovery,9142,9242,pi,701,legacy5,degree,common,0.3,498003,False,6,False,16.609640474436812,46,0.10869565217391304,5,0.700507614213198,6.980531771318549e-05
discovery,9142,9242,pi,701,legacy5,degree,own,0.3,498001,False,3,False,6.643856189774724,46,0.043478260869565216,2,0.5431472081218274,0.0004546832611992854
discovery,9142,9242,pi,701,legacy5,degree,own,0.3,498002,False,2,False,3.321928094887362,46,0.021739130434782608,1,0.5431472081218274,0.0004546832611992854
discovery,9142,9242,pi,701,legacy5,degree,own,0.3,498003,False,3,False,6.643856189774724,46,0.043478260869565216,2,0.5279187817258884,0.0004546832611992854
discovery,9142,9242,pi,701,legacy5,degree,coordinate,0.3,498001,False,3,False,6.643856189774724,46,0.043478260869565216,2,0.4517766497461929,0.0024069909369555838
discovery,9142,9242,pi,701,legacy5,degree,coordinate,0.3,498002,False,2,False,3.321928094887362,46,0.021739130434782608,1,0.4010152284263959,0.0024069909369555838
discovery,9142,9242,pi,701,legacy5,degree,coordinate,0.3,498003,False,1,False,0.0,46,0.0,0,0.41116751269035534,0.0024069909369555838
discovery,9142,9242,pi,701,legacy5,role,common,0.0003,498001,False,25,False,79.7262742772967,24,1.0,24,0.7411167512690355,6.980531771318548e-11
discovery,9142,9242,pi,701,legacy5,role,common,0.0003,498002,False,25,False,79.7262742772967,24,1.0,24,0.7411167512690355,6.980531771318548e-11
discovery,9142,9242,pi,701,legacy5,role,common,0.0003,498003,False,25,False,79.7262742772967,24,1.0,24,0.7411167512690355,6.980531771318548e-11
discovery,9142,9242,pi,701,legacy5,role,own,0.0003,498001,False,25,False,79.7262742772967,24,1.0,24,0.7411167512690355,5.52693805785205e-11
discovery,9142,9242,pi,701,legacy5,role,own,0.0003,498002,False,25,False,79.7262742772967,24,1.0,24,0.7411167512690355,5.52693805785205e-11
discovery,9142,9242,pi,701,legacy5,role,own,0.0003,498003,False,25,False,79.7262742772967,24,1.0,24,0.7411167512690355,5.52693805785205e-11
discovery,9142,9242,pi,701,legacy5,role,coordinate,0.0003,498001,False,25,False,79.7262742772967,24,1.0,24,0.7411167512690355,1.4386038282629556e-10
discovery,9142,9242,pi,701,legacy5,role,coordinate,0.0003,498002,False,25,False,79.7262742772967,24,1.0,24,0.7411167512690355,1.4386038282629556e-10
discovery,9142,9242,pi,701,legacy5,role,coordinate,0.0003,498003,False,25,False,79.7262742772967,24,1.0,24,0.7411167512690355,1.4386038282629556e-10
discovery,9142,9242,pi,701,legacy5,role,common,0.03,498001,False,25,False,79.7262742772967,24,1.0,24,0.7258883248730964,6.980531771318549e-07
discovery,9142,9242,pi,701,legacy5,role,common,0.03,498002,False,25,False,79.7262742772967,24,1.0,24,0.7258883248730964,6.980531771318549e-07
discovery,9142,9242,pi,701,legacy5,role,common,0.03,498003,False,25,False,79.7262742772967,24,1.0,24,0.7208121827411168,6.980531771318549e-07
discovery,9142,9242,pi,701,legacy5,role,own,0.03,498001,False,25,False,79.7262742772967,24,1.0,24,0.7309644670050761,5.526938057852049e-07
discovery,9142,9242,pi,701,legacy5,role,own,0.03,498002,False,25,False,79.7262742772967,24,1.0,24,0.7309644670050761,5.526938057852049e-07
discovery,9142,9242,pi,701,legacy5,role,own,0.03,498003,False,25,False,79.7262742772967,24,1.0,24,0.7258883248730964,5.526938057852049e-07
discovery,9142,9242,pi,701,legacy5,role,coordinate,0.03,498001,False,25,False,79.7262742772967,24,1.0,24,0.7055837563451777,1.4386038282629559e-06
discovery,9142,9242,pi,701,legacy5,role,coordinate,0.03,498002,False,25,False,79.7262742772967,24,1.0,24,0.6954314720812182,1.4386038282629559e-06
discovery,9142,9242,pi,701,legacy5,role,coordinate,0.03,498003,False,25,False,79.7262742772967,24,1.0,24,0.6852791878172588,1.4386038282629559e-06
discovery,9142,9242,pi,701,legacy5,role,common,0.3,498001,False,2,False,3.321928094887362,24,0.041666666666666664,1,0.4416243654822335,6.980531771318547e-05
discovery,9142,9242,pi,701,legacy5,role,common,0.3,498002,False,3,False,6.643856189774724,24,0.08333333333333333,2,0.4467005076142132,6.980531771318547e-05
discovery,9142,9242,pi,701,legacy5,role,common,0.3,498003,False,2,False,3.321928094887362,24,0.041666666666666664,1,0.39593908629441626,6.980531771318547e-05
discovery,9142,9242,pi,701,legacy5,role,own,0.3,498001,False,2,False,3.321928094887362,24,0.041666666666666664,1,0.4517766497461929,5.52693805785205e-05
discovery,9142,9242,pi,701,legacy5,role,own,0.3,498002,False,3,False,6.643856189774724,24,0.08333333333333333,2,0.4619289340101523,5.52693805785205e-05
discovery,9142,9242,pi,701,legacy5,role,own,0.3,498003,False,2,False,3.321928094887362,24,0.041666666666666664,1,0.41624365482233505,5.52693805785205e-05
discovery,9142,9242,pi,701,legacy5,role,coordinate,0.3,498001,False,2,False,3.321928094887362,24,0.041666666666666664,1,0.36548223350253806,0.0001438603828262956
discovery,9142,9242,pi,701,legacy5,role,coordinate,0.3,498002,False,3,False,6.643856189774724,24,0.08333333333333333,2,0.36548223350253806,0.0001438603828262956
discovery,9142,9242,pi,701,legacy5,role,coordinate,0.3,498003,False,1,False,0.0,24,0.0,0,0.3401015228426396,0.0001438603828262956
discovery,9142,9242,pi,702,legacy5,intact,common,0.0003,498001,False,33,False,106.30169903639559,32,1.0,32,0.7614213197969543,4.146824917825568e-11
discovery,9142,9242,pi,702,legacy5,intact,common,0.0003,498002,False,33,False,106.30169903639559,32,1.0,32,0.7614213197969543,4.146824917825568e-11
discovery,9142,9242,pi,702,legacy5,intact,common,0.0003,498003,False,33,False,106.30169903639559,32,1.0,32,0.7614213197969543,4.146824917825568e-11
discovery,9142,9242,pi,702,legacy5,intact,own,0.0003,498001,True,33,False,106.30169903639559,32,1.0,32,0.7614213197969543,4.146824917825568e-11
discovery,9142,9242,pi,702,legacy5,intact,own,0.0003,498002,True,33,False,106.30169903639559,32,1.0,32,0.7614213197969543,4.146824917825568e-11
discovery,9142,9242,pi,702,legacy5,intact,own,0.0003,498003,True,33,False,106.30169903639559,32,1.0,32,0.7614213197969543,4.146824917825568e-11
discovery,9142,9242,pi,702,legacy5,intact,coordinate,0.0003,498001,False,33,False,106.30169903639559,32,1.0,32,0.7614213197969543,1.1500878414952894e-10
discovery,9142,9242,pi,702,legacy5,intact,coordinate,0.0003,498002,False,33,False,106.30169903639559,32,1.0,32,0.7614213197969543,1.1500878414952894e-10
discovery,9142,9242,pi,702,legacy5,intact,coordinate,0.0003,498003,False,33,False,106.30169903639559,32,1.0,32,0.7614213197969543,1.1500878414952894e-10
discovery,9142,9242,pi,702,legacy5,intact,common,0.03,498001,False,33,False,106.30169903639559,32,1.0,32,0.7258883248730964,4.1468249178255684e-07
discovery,9142,9242,pi,702,legacy5,intact,common,0.03,498002,False,33,False,106.30169903639559,32,1.0,32,0.7360406091370558,4.1468249178255684e-07
discovery,9142,9242,pi,702,legacy5,intact,common,0.03,498003,False,33,False,106.30169903639559,32,1.0,32,0.751269035532995,4.1468249178255684e-07
discovery,9142,9242,pi,702,legacy5,intact,own,0.03,498001,True,33,False,106.30169903639559,32,1.0,32,0.7258883248730964,4.1468249178255684e-07
discovery,9142,9242,pi,702,legacy5,intact,own,0.03,498002,True,33,False,106.30169903639559,32,1.0,32,0.7360406091370558,4.1468249178255684e-07
discovery,9142,9242,pi,702,legacy5,intact,own,0.03,498003,True,33,False,106.30169903639559,32,1.0,32,0.751269035532995,4.1468249178255684e-07
discovery,9142,9242,pi,702,legacy5,intact,coordinate,0.03,498001,False,33,False,106.30169903639559,32,1.0,32,0.6852791878172588,1.1500878414952894e-06
discovery,9142,9242,pi,702,legacy5,intact,coordinate,0.03,498002,False,11,False,33.219280948873624,32,0.3125,10,0.6903553299492385,1.1500878414952894e-06
discovery,9142,9242,pi,702,legacy5,intact,coordinate,0.03,498003,False,33,False,106.30169903639559,32,1.0,32,0.7157360406091371,1.1500878414952894e-06
discovery,9142,9242,pi,702,legacy5,intact,common,0.3,498001,False,3,False,6.643856189774724,32,0.0625,2,0.4010152284263959,4.146824917825568e-05
discovery,9142,9242,pi,702,legacy5,intact,common,0.3,498002,False,10,False,29.89735285398626,32,0.28125,9,0.40609137055837563,4.146824917825568e-05
discovery,9142,9242,pi,702,legacy5,intact,common,0.3,498003,False,3,False,6.643856189774724,32,0.0625,2,0.43147208121827413,4.146824917825568e-05
discovery,9142,9242,pi,702,legacy5,intact,own,0.3,498001,True,3,False,6.643856189774724,32,0.0625,2,0.4010152284263959,4.146824917825568e-05
discovery,9142,9242,pi,702,legacy5,intact,own,0.3,498002,True,10,False,29.89735285398626,32,0.28125,9,0.40609137055837563,4.146824917825568e-05
discovery,9142,9242,pi,702,legacy5,intact,own,0.3,498003,True,3,False,6.643856189774724,32,0.0625,2,0.43147208121827413,4.146824917825568e-05
discovery,9142,9242,pi,702,legacy5,intact,coordinate,0.3,498001,False,3,False,6.643856189774724,32,0.0625,2,0.36548223350253806,0.00011500878414952895
discovery,9142,9242,pi,702,legacy5,intact,coordinate,0.3,498002,False,3,False,6.643856189774724,32,0.0625,2,0.30456852791878175,0.00011500878414952895
discovery,9142,9242,pi,702,legacy5,intact,coordinate,0.3,498003,False,3,False,6.643856189774724,32,0.0625,2,0.3248730964467005,0.00011500878414952895
discovery,9142,9242,pi,702,legacy5,degree,common,0.0003,498001,False,31,False,99.65784284662087,30,1.0,30,0.7969543147208121,4.146824917825568e-11
discovery,9142,9242,pi,702,legacy5,degree,common,0.0003,498002,False,31,False,99.65784284662087,30,1.0,30,0.7969543147208121,4.146824917825568e-11
discovery,9142,9242,pi,702,legacy5,degree,common,0.0003,498003,False,31,False,99.65784284662087,30,1.0,30,0.7969543147208121,4.146824917825568e-11
discovery,9142,9242,pi,702,legacy5,degree,own,0.0003,498001,False,31,False,99.65784284662087,30,1.0,30,0.7969543147208121,4.907739874175017e-10
discovery,9142,9242,pi,702,legacy5,degree,own,0.0003,498002,False,31,False,99.65784284662087,30,1.0,30,0.7918781725888325,4.907739874175017e-10
discovery,9142,9242,pi,702,legacy5,degree,own,0.0003,498003,False,31,False,99.65784284662087,30,1.0,30,0.7969543147208121,4.907739874175017e-10
discovery,9142,9242,pi,702,legacy5,degree,coordinate,0.0003,498001,False,31,False,99.65784284662087,30,1.0,30,0.7969543147208121,2.8092971187351687e-09
discovery,9142,9242,pi,702,legacy5,degree,coordinate,0.0003,498002,False,31,False,99.65784284662087,30,1.0,30,0.7918781725888325,2.8092971187351687e-09
discovery,9142,9242,pi,702,legacy5,degree,coordinate,0.0003,498003,False,31,False,99.65784284662087,30,1.0,30,0.8020304568527918,2.8092971187351687e-09
discovery,9142,9242,pi,702,legacy5,degree,common,0.03,498001,False,31,False,99.65784284662087,30,1.0,30,0.8020304568527918,4.1468249178255684e-07
discovery,9142,9242,pi,702,legacy5,degree,common,0.03,498002,False,31,False,99.65784284662087,30,1.0,30,0.7969543147208121,4.1468249178255684e-07
discovery,9142,9242,pi,702,legacy5,degree,common,0.03,498003,False,31,False,99.65784284662087,30,1.0,30,0.7969543147208121,4.1468249178255684e-07
discovery,9142,9242,pi,702,legacy5,degree,own,0.03,498001,False,31,False,99.65784284662087,30,1.0,30,0.7868020304568528,4.907739874175017e-06
discovery,9142,9242,pi,702,legacy5,degree,own,0.03,498002,False,31,False,99.65784284662087,30,1.0,30,0.7766497461928934,4.907739874175017e-06
discovery,9142,9242,pi,702,legacy5,degree,own,0.03,498003,False,31,False,99.65784284662087,30,1.0,30,0.7817258883248731,4.907739874175017e-06
discovery,9142,9242,pi,702,legacy5,degree,coordinate,0.03,498001,False,25,False,79.7262742772967,30,0.8,24,0.7309644670050761,2.8092971187351685e-05
discovery,9142,9242,pi,702,legacy5,degree,coordinate,0.03,498002,False,23,False,73.08241808752197,30,0.7333333333333333,22,0.700507614213198,2.8092971187351685e-05
discovery,9142,9242,pi,702,legacy5,degree,coordinate,0.03,498003,False,31,False,99.65784284662087,30,1.0,30,0.7411167512690355,2.8092971187351685e-05
discovery,9142,9242,pi,702,legacy5,degree,common,0.3,498001,False,25,False,79.7262742772967,30,0.8,24,0.7055837563451777,4.1468249178255696e-05
discovery,9142,9242,pi,702,legacy5,degree,common,0.3,498002,False,2,False,3.321928094887362,30,0.03333333333333333,1,0.6802030456852792,4.1468249178255696e-05
discovery,9142,9242,pi,702,legacy5,degree,common,0.3,498003,False,20,False,63.11663380285988,30,0.6333333333333333,19,0.7157360406091371,4.1468249178255696e-05
discovery,9142,9242,pi,702,legacy5,degree,own,0.3,498001,False,2,False,3.321928094887362,30,0.03333333333333333,1,0.5532994923857868,0.0004907739874175017
discovery,9142,9242,pi,702,legacy5,degree,own,0.3,498002,False,2,False,3.321928094887362,30,0.03333333333333333,1,0.5076142131979695,0.0004907739874175017
discovery,9142,9242,pi,702,legacy5,degree,own,0.3,498003,False,3,False,6.643856189774724,30,0.06666666666666667,2,0.5482233502538071,0.0004907739874175017
discovery,9142,9242,pi,702,legacy5,degree,coordinate,0.3,498001,False,1,False,0.0,30,0.0,0,0.38071065989847713,0.0028092971187351685
discovery,9142,9242,pi,702,legacy5,degree,coordinate,0.3,498002,False,1,False,0.0,30,0.0,0,0.3604060913705584,0.0028092971187351685
discovery,9142,9242,pi,702,legacy5,degree,coordinate,0.3,498003,False,3,False,6.643856189774724,30,0.06666666666666667,2,0.41116751269035534,0.0028092971187351685
discovery,9142,9242,pi,702,legacy5,role,common,0.0003,498001,False,33,False,106.30169903639559,32,1.0,32,0.8324873096446701,4.1468249178255675e-11
discovery,9142,9242,pi,702,legacy5,role,common,0.0003,498002,False,33,False,106.30169903639559,32,1.0,32,0.8324873096446701,4.1468249178255675e-11
discovery,9142,9242,pi,702,legacy5,role,common,0.0003,498003,False,33,False,106.30169903639559,32,1.0,32,0.8324873096446701,4.1468249178255675e-11
discovery,9142,9242,pi,702,legacy5,role,own,0.0003,498001,False,33,False,106.30169903639559,32,1.0,32,0.8324873096446701,4.393979095295797e-11
discovery,9142,9242,pi,702,legacy5,role,own,0.0003,498002,False,33,False,106.30169903639559,32,1.0,32,0.8324873096446701,4.393979095295797e-11
discovery,9142,9242,pi,702,legacy5,role,own,0.0003,498003,False,33,False,106.30169903639559,32,1.0,32,0.8324873096446701,4.393979095295797e-11
discovery,9142,9242,pi,702,legacy5,role,coordinate,0.0003,498001,False,33,False,106.30169903639559,32,1.0,32,0.8324873096446701,1.1452133672690983e-10
discovery,9142,9242,pi,702,legacy5,role,coordinate,0.0003,498002,False,33,False,106.30169903639559,32,1.0,32,0.8324873096446701,1.1452133672690983e-10
discovery,9142,9242,pi,702,legacy5,role,coordinate,0.0003,498003,False,33,False,106.30169903639559,32,1.0,32,0.8324873096446701,1.1452133672690983e-10
discovery,9142,9242,pi,702,legacy5,role,common,0.03,498001,False,33,False,106.30169903639559,32,1.0,32,0.7969543147208121,4.1468249178255673e-07
discovery,9142,9242,pi,702,legacy5,role,common,0.03,498002,False,33,False,106.30169903639559,32,1.0,32,0.7969543147208121,4.1468249178255673e-07
discovery,9142,9242,pi,702,legacy5,role,common,0.03,498003,False,33,False,106.30169903639559,32,1.0,32,0.8020304568527918,4.1468249178255673e-07
discovery,9142,9242,pi,702,legacy5,role,own,0.03,498001,False,33,False,106.30169903639559,32,1.0,32,0.7969543147208121,4.393979095295796e-07
discovery,9142,9242,pi,702,legacy5,role,own,0.03,498002,False,33,False,106.30169903639559,32,1.0,32,0.7969543147208121,4.393979095295796e-07
discovery,9142,9242,pi,702,legacy5,role,own,0.03,498003,False,33,False,106.30169903639559,32,1.0,32,0.8020304568527918,4.393979095295796e-07
discovery,9142,9242,pi,702,legacy5,role,coordinate,0.03,498001,False,33,False,106.30169903639559,32,1.0,32,0.7309644670050761,1.1452133672690985e-06
discovery,9142,9242,pi,702,legacy5,role,coordinate,0.03,498002,False,33,False,106.30169903639559,32,1.0,32,0.7563451776649747,1.1452133672690985e-06
discovery,9142,9242,pi,702,legacy5,role,coordinate,0.03,498003,False,33,False,106.30169903639559,32,1.0,32,0.7208121827411168,1.1452133672690985e-06
discovery,9142,9242,pi,702,legacy5,role,common,0.3,498001,False,3,False,6.643856189774724,32,0.0625,2,0.45685279187817257,4.146824917825568e-05
discovery,9142,9242,pi,702,legacy5,role,common,0.3,498002,False,3,False,6.643856189774724,32,0.0625,2,0.4213197969543147,4.146824917825568e-05
discovery,9142,9242,pi,702,legacy5,role,common,0.3,498003,False,9,False,26.575424759098897,32,0.25,8,0.39086294416243655,4.146824917825568e-05
discovery,9142,9242,pi,702,legacy5,role,own,0.3,498001,False,3,False,6.643856189774724,32,0.0625,2,0.4517766497461929,4.393979095295796e-05
discovery,9142,9242,pi,702,legacy5,role,own,0.3,498002,False,3,False,6.643856189774724,32,0.0625,2,0.41116751269035534,4.393979095295796e-05
discovery,9142,9242,pi,702,legacy5,role,own,0.3,498003,False,9,False,26.575424759098897,32,0.25,8,0.39086294416243655,4.393979095295796e-05
discovery,9142,9242,pi,702,legacy5,role,coordinate,0.3,498001,False,2,False,3.321928094887362,32,0.03125,1,0.36548223350253806,0.00011452133672690985
discovery,9142,9242,pi,702,legacy5,role,coordinate,0.3,498002,False,3,False,6.643856189774724,32,0.0625,2,0.3197969543147208,0.00011452133672690985
discovery,9142,9242,pi,702,legacy5,role,coordinate,0.3,498003,False,3,False,6.643856189774724,32,0.0625,2,0.27411167512690354,0.00011452133672690985
discovery,9142,9242,random,701,legacy5,intact,common,0.0003,498001,False,34,False,109.62362713128296,33,1.0,33,0.7411167512690355,7.400248599698123e-11
discovery,9142,9242,random,701,legacy5,intact,common,0.0003,498002,False,34,False,109.62362713128296,33,1.0,33,0.7411167512690355,7.400248599698123e-11
discovery,9142,9242,random,701,legacy5,intact,common,0.0003,498003,False,34,False,109.62362713128296,33,1.0,33,0.7411167512690355,7.400248599698123e-11
discovery,9142,9242,random,701,legacy5,intact,own,0.0003,498001,True,34,False,109.62362713128296,33,1.0,33,0.7411167512690355,7.400248599698123e-11
discovery,9142,9242,random,701,legacy5,intact,own,0.0003,498002,True,34,False,109.62362713128296,33,1.0,33,0.7411167512690355,7.400248599698123e-11
discovery,9142,9242,random,701,legacy5,intact,own,0.0003,498003,True,34,False,109.62362713128296,33,1.0,33,0.7411167512690355,7.400248599698123e-11
discovery,9142,9242,random,701,legacy5,intact,coordinate,0.0003,498001,False,34,False,109.62362713128296,33,1.0,33,0.7411167512690355,2.0788624398960862e-10
discovery,9142,9242,random,701,legacy5,intact,coordinate,0.0003,498002,False,34,False,109.62362713128296,33,1.0,33,0.7411167512690355,2.0788624398960862e-10
discovery,9142,9242,random,701,legacy5,intact,coordinate,0.0003,498003,False,34,False,109.62362713128296,33,1.0,33,0.7411167512690355,2.0788624398960862e-10
discovery,9142,9242,random,701,legacy5,intact,common,0.03,498001,False,34,False,109.62362713128296,33,1.0,33,0.7157360406091371,7.400248599698123e-07
discovery,9142,9242,random,701,legacy5,intact,common,0.03,498002,False,4,False,9.965784284662087,33,0.09090909090909091,3,0.7258883248730964,7.400248599698123e-07
discovery,9142,9242,random,701,legacy5,intact,common,0.03,498003,False,34,False,109.62362713128296,33,1.0,33,0.7258883248730964,7.400248599698123e-07
discovery,9142,9242,random,701,legacy5,intact,own,0.03,498001,True,34,False,109.62362713128296,33,1.0,33,0.7157360406091371,7.400248599698123e-07
discovery,9142,9242,random,701,legacy5,intact,own,0.03,498002,True,4,False,9.965784284662087,33,0.09090909090909091,3,0.7258883248730964,7.400248599698123e-07
discovery,9142,9242,random,701,legacy5,intact,own,0.03,498003,True,34,False,109.62362713128296,33,1.0,33,0.7258883248730964,7.400248599698123e-07
discovery,9142,9242,random,701,legacy5,intact,coordinate,0.03,498001,False,34,False,109.62362713128296,33,1.0,33,0.6751269035532995,2.0788624398960867e-06
discovery,9142,9242,random,701,legacy5,intact,coordinate,0.03,498002,False,4,False,9.965784284662087,33,0.09090909090909091,3,0.6802030456852792,2.0788624398960867e-06
discovery,9142,9242,random,701,legacy5,intact,coordinate,0.03,498003,False,1,False,0.0,33,0.0,0,0.6903553299492385,2.0788624398960867e-06
discovery,9142,9242,random,701,legacy5,intact,common,0.3,498001,False,1,False,0.0,33,0.0,0,0.4467005076142132,7.400248599698123e-05
discovery,9142,9242,random,701,legacy5,intact,common,0.3,498002,False,2,False,3.321928094887362,33,0.030303030303030304,1,0.45685279187817257,7.400248599698123e-05
discovery,9142,9242,random,701,legacy5,intact,common,0.3,498003,False,1,False,0.0,33,0.0,0,0.4467005076142132,7.400248599698123e-05
discovery,9142,9242,random,701,legacy5,intact,own,0.3,498001,True,1,False,0.0,33,0.0,0,0.4467005076142132,7.400248599698123e-05
discovery,9142,9242,random,701,legacy5,intact,own,0.3,498002,True,2,False,3.321928094887362,33,0.030303030303030304,1,0.45685279187817257,7.400248599698123e-05
discovery,9142,9242,random,701,legacy5,intact,own,0.3,498003,True,1,False,0.0,33,0.0,0,0.4467005076142132,7.400248599698123e-05
discovery,9142,9242,random,701,legacy5,intact,coordinate,0.3,498001,False,1,False,0.0,33,0.0,0,0.350253807106599,0.00020788624398960864
discovery,9142,9242,random,701,legacy5,intact,coordinate,0.3,498002,False,2,False,3.321928094887362,33,0.030303030303030304,1,0.3553299492385787,0.00020788624398960864
discovery,9142,9242,random,701,legacy5,intact,coordinate,0.3,498003,False,1,False,0.0,33,0.0,0,0.3299492385786802,0.00020788624398960864
discovery,9142,9242,random,701,legacy5,degree,common,0.0003,498001,False,33,False,106.30169903639559,32,1.0,32,0.7817258883248731,7.400248599698123e-11
discovery,9142,9242,random,701,legacy5,degree,common,0.0003,498002,False,33,False,106.30169903639559,32,1.0,32,0.7817258883248731,7.400248599698123e-11
discovery,9142,9242,random,701,legacy5,degree,common,0.0003,498003,False,33,False,106.30169903639559,32,1.0,32,0.7817258883248731,7.400248599698123e-11
discovery,9142,9242,random,701,legacy5,degree,own,0.0003,498001,False,33,False,106.30169903639559,32,1.0,32,0.7817258883248731,4.706633207747589e-10
discovery,9142,9242,random,701,legacy5,degree,own,0.0003,498002,False,33,False,106.30169903639559,32,1.0,32,0.7817258883248731,4.706633207747589e-10
discovery,9142,9242,random,701,legacy5,degree,own,0.0003,498003,False,33,False,106.30169903639559,32,1.0,32,0.7817258883248731,4.706633207747589e-10
discovery,9142,9242,random,701,legacy5,degree,coordinate,0.0003,498001,False,33,False,106.30169903639559,32,1.0,32,0.7817258883248731,2.591056353783506e-09
discovery,9142,9242,random,701,legacy5,degree,coordinate,0.0003,498002,False,33,False,106.30169903639559,32,1.0,32,0.7817258883248731,2.591056353783506e-09
discovery,9142,9242,random,701,legacy5,degree,coordinate,0.0003,498003,False,33,False,106.30169903639559,32,1.0,32,0.7817258883248731,2.591056353783506e-09
discovery,9142,9242,random,701,legacy5,degree,common,0.03,498001,False,33,False,106.30169903639559,32,1.0,32,0.7766497461928934,7.40024859969812e-07
discovery,9142,9242,random,701,legacy5,degree,common,0.03,498002,False,33,False,106.30169903639559,32,1.0,32,0.766497461928934,7.40024859969812e-07
discovery,9142,9242,random,701,legacy5,degree,common,0.03,498003,False,33,False,106.30169903639559,32,1.0,32,0.766497461928934,7.40024859969812e-07
discovery,9142,9242,random,701,legacy5,degree,own,0.03,498001,False,33,False,106.30169903639559,32,1.0,32,0.7461928934010152,4.70663320774759e-06
discovery,9142,9242,random,701,legacy5,degree,own,0.03,498002,False,33,False,106.30169903639559,32,1.0,32,0.7258883248730964,4.70663320774759e-06
discovery,9142,9242,random,701,legacy5,degree,own,0.03,498003,False,33,False,106.30169903639559,32,1.0,32,0.7614213197969543,4.70663320774759e-06
discovery,9142,9242,random,701,legacy5,degree,coordinate,0.03,498001,False,13,False,39.86313713864835,32,0.375,12,0.6649746192893401,2.591056353783506e-05
discovery,9142,9242,random,701,legacy5,degree,coordinate,0.03,498002,False,26,False,83.04820237218405,32,0.78125,25,0.6852791878172588,2.591056353783506e-05
discovery,9142,9242,random,701,legacy5,degree,coordinate,0.03,498003,False,6,False,16.609640474436812,32,0.15625,5,0.6700507614213198,2.591056353783506e-05
discovery,9142,9242,random,701,legacy5,degree,common,0.3,498001,False,12,False,36.541209043760986,32,0.34375,11,0.6040609137055838,7.400248599698121e-05
discovery,9142,9242,random,701,legacy5,degree,common,0.3,498002,False,26,False,83.04820237218405,32,0.78125,25,0.5736040609137056,7.400248599698121e-05
discovery,9142,9242,random,701,legacy5,degree,common,0.3,498003,False,6,False,16.609640474436812,32,0.15625,5,0.5989847715736041,7.400248599698121e-05
discovery,9142,9242,random,701,legacy5,degree,own,0.3,498001,False,8,False,23.253496664211536,32,0.21875,7,0.4467005076142132,0.0004706633207747589
discovery,9142,9242,random,701,legacy5,degree,own,0.3,498002,False,3,False,6.643856189774724,32,0.0625,2,0.5025380710659898,0.0004706633207747589
discovery,9142,9242,random,701,legacy5,degree,own,0.3,498003,False,6,False,16.609640474436812,32,0.15625,5,0.4467005076142132,0.0004706633207747589
discovery,9142,9242,random,701,legacy5,degree,coordinate,0.3,498001,False,1,False,0.0,32,0.0,0,0.3299492385786802,0.0025910563537835064
discovery,9142,9242,random,701,legacy5,degree,coordinate,0.3,498002,False,3,False,6.643856189774724,32,0.0625,2,0.3401015228426396,0.0025910563537835064
discovery,9142,9242,random,701,legacy5,degree,coordinate,0.3,498003,False,2,False,3.321928094887362,32,0.03125,1,0.3096446700507614,0.0025910563537835064
discovery,9142,9242,random,701,legacy5,role,common,0.0003,498001,False,36,False,116.26748332105768,35,1.0,35,0.817258883248731,7.400248599698122e-11
discovery,9142,9242,random,701,legacy5,role,common,0.0003,498002,False,36,False,116.26748332105768,35,1.0,35,0.817258883248731,7.400248599698122e-11
discovery,9142,9242,random,701,legacy5,role,common,0.0003,498003,False,36,False,116.26748332105768,35,1.0,35,0.817258883248731,7.400248599698122e-11
discovery,9142,9242,random,701,legacy5,role,own,0.0003,498001,False,36,False,116.26748332105768,35,1.0,35,0.817258883248731,5.868818532373565e-11
discovery,9142,9242,random,701,legacy5,role,own,0.0003,498002,False,36,False,116.26748332105768,35,1.0,35,0.817258883248731,5.868818532373565e-11
discovery,9142,9242,random,701,legacy5,role,own,0.0003,498003,False,36,False,116.26748332105768,35,1.0,35,0.817258883248731,5.868818532373565e-11
discovery,9142,9242,random,701,legacy5,role,coordinate,0.0003,498001,False,36,False,116.26748332105768,35,1.0,35,0.817258883248731,1.5048110733437733e-10
discovery,9142,9242,random,701,legacy5,role,coordinate,0.0003,498002,False,36,False,116.26748332105768,35,1.0,35,0.817258883248731,1.5048110733437733e-10
discovery,9142,9242,random,701,legacy5,role,coordinate,0.0003,498003,False,36,False,116.26748332105768,35,1.0,35,0.817258883248731,1.5048110733437733e-10
discovery,9142,9242,random,701,legacy5,role,common,0.03,498001,False,22,False,69.7604899926346,35,0.6,21,0.7715736040609137,7.40024859969812e-07
discovery,9142,9242,random,701,legacy5,role,common,0.03,498002,False,24,False,76.40434618240933,35,0.6571428571428571,23,0.7715736040609137,7.40024859969812e-07
discovery,9142,9242,random,701,legacy5,role,common,0.03,498003,False,10,False,29.89735285398626,35,0.2571428571428571,9,0.7411167512690355,7.40024859969812e-07
discovery,9142,9242,random,701,legacy5,role,own,0.03,498001,False,36,False,116.26748332105768,35,1.0,35,0.7766497461928934,5.868818532373564e-07
discovery,9142,9242,random,701,legacy5,role,own,0.03,498002,False,24,False,76.40434618240933,35,0.6571428571428571,23,0.7766497461928934,5.868818532373564e-07
discovery,9142,9242,random,701,legacy5,role,own,0.03,498003,False,10,False,29.89735285398626,35,0.2571428571428571,9,0.7614213197969543,5.868818532373564e-07
discovery,9142,9242,random,701,legacy5,role,coordinate,0.03,498001,False,22,False,69.7604899926346,35,0.6,21,0.7309644670050761,1.5048110733437734e-06
discovery,9142,9242,random,701,legacy5,role,coordinate,0.03,498002,False,10,False,29.89735285398626,35,0.2571428571428571,9,0.7309644670050761,1.5048110733437734e-06
discovery,9142,9242,random,701,legacy5,role,coordinate,0.03,498003,False,10,False,29.89735285398626,35,0.2571428571428571,9,0.7157360406091371,1.5048110733437734e-06
discovery,9142,9242,random,701,legacy5,role,common,0.3,498001,False,3,False,6.643856189774724,35,0.05714285714285714,2,0.4416243654822335,7.400248599698121e-05
discovery,9142,9242,random,701,legacy5,role,common,0.3,498002,False,2,False,3.321928094887362,35,0.02857142857142857,1,0.4010152284263959,7.400248599698121e-05
discovery,9142,9242,random,701,legacy5,role,common,0.3,498003,False,3,False,6.643856189774724,35,0.05714285714285714,2,0.4365482233502538,7.400248599698121e-05
discovery,9142,9242,random,701,legacy5,role,own,0.3,498001,False,3,False,6.643856189774724,35,0.05714285714285714,2,0.4619289340101523,5.868818532373565e-05
discovery,9142,9242,random,701,legacy5,role,own,0.3,498002,False,2,False,3.321928094887362,35,0.02857142857142857,1,0.41116751269035534,5.868818532373565e-05
discovery,9142,9242,random,701,legacy5,role,own,0.3,498003,False,3,False,6.643856189774724,35,0.05714285714285714,2,0.4467005076142132,5.868818532373565e-05
discovery,9142,9242,random,701,legacy5,role,coordinate,0.3,498001,False,1,False,0.0,35,0.0,0,0.37055837563451777,0.00015048110733437733
discovery,9142,9242,random,701,legacy5,role,coordinate,0.3,498002,False,2,False,3.321928094887362,35,0.02857142857142857,1,0.34517766497461927,0.00015048110733437733
discovery,9142,9242,random,701,legacy5,role,coordinate,0.3,498003,False,1,False,0.0,35,0.0,0,0.3604060913705584,0.00015048110733437733
discovery,9142,9242,random,702,legacy5,intact,common,0.0003,498001,False,42,False,136.19905189038184,41,1.0,41,0.8527918781725888,4.684971997885372e-11
discovery,9142,9242,random,702,legacy5,intact,common,0.0003,498002,False,42,False,136.19905189038184,41,1.0,41,0.8527918781725888,4.684971997885372e-11
discovery,9142,9242,random,702,legacy5,intact,common,0.0003,498003,False,42,False,136.19905189038184,41,1.0,41,0.8527918781725888,4.684971997885372e-11
discovery,9142,9242,random,702,legacy5,intact,own,0.0003,498001,True,42,False,136.19905189038184,41,1.0,41,0.8527918781725888,4.684971997885372e-11
discovery,9142,9242,random,702,legacy5,intact,own,0.0003,498002,True,42,False,136.19905189038184,41,1.0,41,0.8527918781725888,4.684971997885372e-11
discovery,9142,9242,random,702,legacy5,intact,own,0.0003,498003,True,42,False,136.19905189038184,41,1.0,41,0.8527918781725888,4.684971997885372e-11
discovery,9142,9242,random,702,legacy5,intact,coordinate,0.0003,498001,False,42,False,136.19905189038184,41,1.0,41,0.8527918781725888,1.2323699778904368e-10
discovery,9142,9242,random,702,legacy5,intact,coordinate,0.0003,498002,False,42,False,136.19905189038184,41,1.0,41,0.8527918781725888,1.2323699778904368e-10
discovery,9142,9242,random,702,legacy5,intact,coordinate,0.0003,498003,False,42,False,136.19905189038184,41,1.0,41,0.8527918781725888,1.2323699778904368e-10
discovery,9142,9242,random,702,legacy5,intact,common,0.03,498001,False,34,False,109.62362713128296,41,0.8048780487804879,33,0.7918781725888325,4.6849719978853727e-07
discovery,9142,9242,random,702,legacy5,intact,common,0.03,498002,False,42,False,136.19905189038184,41,1.0,41,0.8121827411167513,4.6849719978853727e-07
discovery,9142,9242,random,702,legacy5,intact,common,0.03,498003,False,22,False,69.7604899926346,41,0.5121951219512195,21,0.8121827411167513,4.6849719978853727e-07
discovery,9142,9242,random,702,legacy5,intact,own,0.03,498001,True,34,False,109.62362713128296,41,0.8048780487804879,33,0.7918781725888325,4.6849719978853727e-07
discovery,9142,9242,random,702,legacy5,intact,own,0.03,498002,True,42,False,136.19905189038184,41,1.0,41,0.8121827411167513,4.6849719978853727e-07
discovery,9142,9242,random,702,legacy5,intact,own,0.03,498003,True,22,False,69.7604899926346,41,0.5121951219512195,21,0.8121827411167513,4.6849719978853727e-07
discovery,9142,9242,random,702,legacy5,intact,coordinate,0.03,498001,False,6,False,16.609640474436812,41,0.12195121951219512,5,0.7309644670050761,1.2323699778904371e-06
discovery,9142,9242,random,702,legacy5,intact,coordinate,0.03,498002,False,22,False,69.7604899926346,41,0.5121951219512195,21,0.7614213197969543,1.2323699778904371e-06
discovery,9142,9242,random,702,legacy5,intact,coordinate,0.03,498003,False,5,False,13.287712379549449,41,0.0975609756097561,4,0.7309644670050761,1.2323699778904371e-06
discovery,9142,9242,random,702,legacy5,intact,common,0.3,498001,False,2,False,3.321928094887362,41,0.024390243902439025,1,0.4416243654822335,4.684971997885373e-05
discovery,9142,9242,random,702,legacy5,intact,common,0.3,498002,False,3,False,6.643856189774724,41,0.04878048780487805,2,0.4467005076142132,4.684971997885373e-05
discovery,9142,9242,random,702,legacy5,intact,common,0.3,498003,False,4,False,9.965784284662087,41,0.07317073170731707,3,0.4263959390862944,4.684971997885373e-05
discovery,9142,9242,random,702,legacy5,intact,own,0.3,498001,True,2,False,3.321928094887362,41,0.024390243902439025,1,0.4416243654822335,4.684971997885373e-05
discovery,9142,9242,random,702,legacy5,intact,own,0.3,498002,True,3,False,6.643856189774724,41,0.04878048780487805,2,0.4467005076142132,4.684971997885373e-05
discovery,9142,9242,random,702,legacy5,intact,own,0.3,498003,True,4,False,9.965784284662087,41,0.07317073170731707,3,0.4263959390862944,4.684971997885373e-05
discovery,9142,9242,random,702,legacy5,intact,coordinate,0.3,498001,False,2,False,3.321928094887362,41,0.024390243902439025,1,0.350253807106599,0.0001232369977890437
discovery,9142,9242,random,702,legacy5,intact,coordinate,0.3,498002,False,2,False,3.321928094887362,41,0.024390243902439025,1,0.3756345177664975,0.0001232369977890437
discovery,9142,9242,random,702,legacy5,intact,coordinate,0.3,498003,False,2,False,3.321928094887362,41,0.024390243902439025,1,0.3197969543147208,0.0001232369977890437
discovery,9142,9242,random,702,legacy5,degree,common,0.0003,498001,False,36,False,116.26748332105768,35,1.0,35,0.6649746192893401,4.684971997885372e-11
discovery,9142,9242,random,702,legacy5,degree,common,0.0003,498002,False,36,False,116.26748332105768,35,1.0,35,0.6649746192893401,4.684971997885372e-11
discovery,9142,9242,random,702,legacy5,degree,common,0.0003,498003,False,36,False,116.26748332105768,35,1.0,35,0.6649746192893401,4.684971997885372e-11
discovery,9142,9242,random,702,legacy5,degree,own,0.0003,498001,False,36,False,116.26748332105768,35,1.0,35,0.6649746192893401,5.313903268768576e-10
discovery,9142,9242,random,702,legacy5,degree,own,0.0003,498002,False,36,False,116.26748332105768,35,1.0,35,0.6649746192893401,5.313903268768576e-10
discovery,9142,9242,random,702,legacy5,degree,own,0.0003,498003,False,36,False,116.26748332105768,35,1.0,35,0.6649746192893401,5.313903268768576e-10
discovery,9142,9242,random,702,legacy5,degree,coordinate,0.0003,498001,False,36,False,116.26748332105768,35,1.0,35,0.6649746192893401,3.0280829282852548e-09
discovery,9142,9242,random,702,legacy5,degree,coordinate,0.0003,498002,False,36,False,116.26748332105768,35,1.0,35,0.6649746192893401,3.0280829282852548e-09
discovery,9142,9242,random,702,legacy5,degree,coordinate,0.0003,498003,False,36,False,116.26748332105768,35,1.0,35,0.6649746192893401,3.0280829282852548e-09
discovery,9142,9242,random,702,legacy5,degree,common,0.03,498001,False,36,False,116.26748332105768,35,1.0,35,0.6649746192893401,4.684971997885373e-07
discovery,9142,9242,random,702,legacy5,degree,common,0.03,498002,False,36,False,116.26748332105768,35,1.0,35,0.6649746192893401,4.684971997885373e-07
discovery,9142,9242,random,702,legacy5,degree,common,0.03,498003,False,36,False,116.26748332105768,35,1.0,35,0.6649746192893401,4.684971997885373e-07
discovery,9142,9242,random,702,legacy5,degree,own,0.03,498001,False,36,False,116.26748332105768,35,1.0,35,0.6548223350253807,5.313903268768575e-06
discovery,9142,9242,random,702,legacy5,degree,own,0.03,498002,False,36,False,116.26748332105768,35,1.0,35,0.6598984771573604,5.313903268768575e-06
discovery,9142,9242,random,702,legacy5,degree,own,0.03,498003,False,14,False,43.18506523353571,35,0.37142857142857144,13,0.6598984771573604,5.313903268768575e-06
discovery,9142,9242,random,702,legacy5,degree,coordinate,0.03,498001,False,36,False,116.26748332105768,35,1.0,35,0.6395939086294417,3.028082928285255e-05
discovery,9142,9242,random,702,legacy5,degree,coordinate,0.03,498002,False,15,False,46.50699332842307,35,0.4,14,0.6395939086294417,3.028082928285255e-05
discovery,9142,9242,random,702,legacy5,degree,coordinate,0.03,498003,False,14,False,43.18506523353571,35,0.37142857142857144,13,0.6294416243654822,3.028082928285255e-05
discovery,9142,9242,random,702,legacy5,degree,common,0.3,498001,False,36,False,116.26748332105768,35,1.0,35,0.6294416243654822,4.6849719978853735e-05
discovery,9142,9242,random,702,legacy5,degree,common,0.3,498002,False,15,False,46.50699332842307,35,0.4,14,0.6142131979695431,4.6849719978853735e-05
discovery,9142,9242,random,702,legacy5,degree,common,0.3,498003,False,14,False,43.18506523353571,35,0.37142857142857144,13,0.6142131979695431,4.6849719978853735e-05
discovery,9142,9242,random,702,legacy5,degree,own,0.3,498001,False,2,False,3.321928094887362,35,0.02857142857142857,1,0.49238578680203043,0.0005313903268768576
discovery,9142,9242,random,702,legacy5,degree,own,0.3,498002,False,4,False,9.965784284662087,35,0.08571428571428572,3,0.43147208121827413,0.0005313903268768576
discovery,9142,9242,random,702,legacy5,degree,own,0.3,498003,False,1,False,0.0,35,0.0,0,0.467005076142132,0.0005313903268768576
discovery,9142,9242,random,702,legacy5,degree,coordinate,0.3,498001,False,1,False,0.0,35,0.0,0,0.34517766497461927,0.003028082928285255
discovery,9142,9242,random,702,legacy5,degree,coordinate,0.3,498002,False,2,False,3.321928094887362,35,0.02857142857142857,1,0.29441624365482233,0.003028082928285255
discovery,9142,9242,random,702,legacy5,degree,coordinate,0.3,498003,False,1,False,0.0,35,0.0,0,0.3401015228426396,0.003028082928285255
discovery,9142,9242,random,702,legacy5,role,common,0.0003,498001,False,35,False,112.94555522617031,34,1.0,34,0.8223350253807107,4.684971997885373e-11
discovery,9142,9242,random,702,legacy5,role,common,0.0003,498002,False,35,False,112.94555522617031,34,1.0,34,0.8223350253807107,4.684971997885373e-11
discovery,9142,9242,random,702,legacy5,role,common,0.0003,498003,False,35,False,112.94555522617031,34,1.0,34,0.8223350253807107,4.684971997885373e-11
discovery,9142,9242,random,702,legacy5,role,own,0.0003,498001,False,35,False,112.94555522617031,34,1.0,34,0.8223350253807107,4.4610946699929646e-11
discovery,9142,9242,random,702,legacy5,role,own,0.0003,498002,False,35,False,112.94555522617031,34,1.0,34,0.8223350253807107,4.4610946699929646e-11
discovery,9142,9242,random,702,legacy5,role,own,0.0003,498003,False,35,False,112.94555522617031,34,1.0,34,0.8223350253807107,4.4610946699929646e-11
discovery,9142,9242,random,702,legacy5,role,coordinate,0.0003,498001,False,35,False,112.94555522617031,34,1.0,34,0.8223350253807107,1.2302065472167727e-10
discovery,9142,9242,random,702,legacy5,role,coordinate,0.0003,498002,False,35,False,112.94555522617031,34,1.0,34,0.8223350253807107,1.2302065472167727e-10
discovery,9142,9242,random,702,legacy5,role,coordinate,0.0003,498003,False,35,False,112.94555522617031,34,1.0,34,0.8223350253807107,1.2302065472167727e-10
discovery,9142,9242,random,702,legacy5,role,common,0.03,498001,False,35,False,112.94555522617031,34,1.0,34,0.7868020304568528,4.684971997885373e-07
discovery,9142,9242,random,702,legacy5,role,common,0.03,498002,False,35,False,112.94555522617031,34,1.0,34,0.7868020304568528,4.684971997885373e-07
discovery,9142,9242,random,702,legacy5,role,common,0.03,498003,False,35,False,112.94555522617031,34,1.0,34,0.7868020304568528,4.684971997885373e-07
discovery,9142,9242,random,702,legacy5,role,own,0.03,498001,False,35,False,112.94555522617031,34,1.0,34,0.7868020304568528,4.4610946699929663e-07
discovery,9142,9242,random,702,legacy5,role,own,0.03,498002,False,35,False,112.94555522617031,34,1.0,34,0.7868020304568528,4.4610946699929663e-07
discovery,9142,9242,random,702,legacy5,role,own,0.03,498003,False,35,False,112.94555522617031,34,1.0,34,0.7868020304568528,4.4610946699929663e-07
discovery,9142,9242,random,702,legacy5,role,coordinate,0.03,498001,False,16,False,49.82892142331043,34,0.4411764705882353,15,0.7360406091370558,1.230206547216773e-06
discovery,9142,9242,random,702,legacy5,role,coordinate,0.03,498002,False,17,False,53.150849518197795,34,0.47058823529411764,16,0.7157360406091371,1.230206547216773e-06
discovery,9142,9242,random,702,legacy5,role,coordinate,0.03,498003,False,4,False,9.965784284662087,34,0.08823529411764706,3,0.7563451776649747,1.230206547216773e-06
discovery,9142,9242,random,702,legacy5,role,common,0.3,498001,False,3,False,6.643856189774724,34,0.058823529411764705,2,0.41624365482233505,4.684971997885374e-05
discovery,9142,9242,random,702,legacy5,role,common,0.3,498002,False,4,False,9.965784284662087,34,0.08823529411764706,3,0.3756345177664975,4.684971997885374e-05
discovery,9142,9242,random,702,legacy5,role,common,0.3,498003,False,1,False,0.0,34,0.0,0,0.3756345177664975,4.684971997885374e-05
discovery,9142,9242,random,702,legacy5,role,own,0.3,498001,False,3,False,6.643856189774724,34,0.058823529411764705,2,0.41624365482233505,4.461094669992965e-05
discovery,9142,9242,random,702,legacy5,role,own,0.3,498002,False,4,False,9.965784284662087,34,0.08823529411764706,3,0.38071065989847713,4.461094669992965e-05
discovery,9142,9242,random,702,legacy5,role,own,0.3,498003,False,1,False,0.0,34,0.0,0,0.3756345177664975,4.461094669992965e-05
discovery,9142,9242,random,702,legacy5,role,coordinate,0.3,498001,False,3,False,6.643856189774724,34,0.058823529411764705,2,0.34517766497461927,0.00012302065472167732
discovery,9142,9242,random,702,legacy5,role,coordinate,0.3,498002,False,5,False,13.287712379549449,34,0.11764705882352941,4,0.3096446700507614,0.00012302065472167732
discovery,9142,9242,random,702,legacy5,role,coordinate,0.3,498003,False,1,False,0.0,34,0.0,0,0.28426395939086296,0.00012302065472167732
discovery,9143,9243,pi,701,legacy5,intact,common,0.0003,498001,False,33,False,106.30169903639559,32,1.0,32,0.7969543147208121,6.791821037013991e-11
discovery,9143,9243,pi,701,legacy5,intact,common,0.0003,498002,False,33,False,106.30169903639559,32,1.0,32,0.7969543147208121,6.791821037013991e-11
discovery,9143,9243,pi,701,legacy5,intact,common,0.0003,498003,False,33,False,106.30169903639559,32,1.0,32,0.7969543147208121,6.791821037013991e-11
discovery,9143,9243,pi,701,legacy5,intact,own,0.0003,498001,True,33,False,106.30169903639559,32,1.0,32,0.7969543147208121,6.791821037013991e-11
discovery,9143,9243,pi,701,legacy5,intact,own,0.0003,498002,True,33,False,106.30169903639559,32,1.0,32,0.7969543147208121,6.791821037013991e-11
discovery,9143,9243,pi,701,legacy5,intact,own,0.0003,498003,True,33,False,106.30169903639559,32,1.0,32,0.7969543147208121,6.791821037013991e-11
discovery,9143,9243,pi,701,legacy5,intact,coordinate,0.0003,498001,False,33,False,106.30169903639559,32,1.0,32,0.7969543147208121,1.252613050404795e-10
discovery,9143,9243,pi,701,legacy5,intact,coordinate,0.0003,498002,False,33,False,106.30169903639559,32,1.0,32,0.7969543147208121,1.252613050404795e-10
discovery,9143,9243,pi,701,legacy5,intact,coordinate,0.0003,498003,False,33,False,106.30169903639559,32,1.0,32,0.7969543147208121,1.252613050404795e-10
discovery,9143,9243,pi,701,legacy5,intact,common,0.03,498001,False,33,False,106.30169903639559,32,1.0,32,0.751269035532995,6.791821037013993e-07
discovery,9143,9243,pi,701,legacy5,intact,common,0.03,498002,False,33,False,106.30169903639559,32,1.0,32,0.766497461928934,6.791821037013993e-07
discovery,9143,9243,pi,701,legacy5,intact,common,0.03,498003,False,28,False,89.69205856195877,32,0.84375,27,0.751269035532995,6.791821037013993e-07
discovery,9143,9243,pi,701,legacy5,intact,own,0.03,498001,True,33,False,106.30169903639559,32,1.0,32,0.751269035532995,6.791821037013993e-07
discovery,9143,9243,pi,701,legacy5,intact,own,0.03,498002,True,33,False,106.30169903639559,32,1.0,32,0.766497461928934,6.791821037013993e-07
discovery,9143,9243,pi,701,legacy5,intact,own,0.03,498003,True,28,False,89.69205856195877,32,0.84375,27,0.751269035532995,6.791821037013993e-07
discovery,9143,9243,pi,701,legacy5,intact,coordinate,0.03,498001,False,14,False,43.18506523353571,32,0.40625,13,0.7208121827411168,1.2526130504047947e-06
discovery,9143,9243,pi,701,legacy5,intact,coordinate,0.03,498002,False,33,False,106.30169903639559,32,1.0,32,0.751269035532995,1.2526130504047947e-06
discovery,9143,9243,pi,701,legacy5,intact,coordinate,0.03,498003,False,28,False,89.69205856195877,32,0.84375,27,0.7411167512690355,1.2526130504047947e-06
discovery,9143,9243,pi,701,legacy5,intact,common,0.3,498001,False,3,False,6.643856189774724,32,0.0625,2,0.4213197969543147,6.791821037013992e-05
discovery,9143,9243,pi,701,legacy5,intact,common,0.3,498002,False,2,False,3.321928094887362,32,0.03125,1,0.41116751269035534,6.791821037013992e-05
discovery,9143,9243,pi,701,legacy5,intact,common,0.3,498003,False,1,False,0.0,32,0.0,0,0.39086294416243655,6.791821037013992e-05
discovery,9143,9243,pi,701,legacy5,intact,own,0.3,498001,True,3,False,6.643856189774724,32,0.0625,2,0.4213197969543147,6.791821037013992e-05
discovery,9143,9243,pi,701,legacy5,intact,own,0.3,498002,True,2,False,3.321928094887362,32,0.03125,1,0.41116751269035534,6.791821037013992e-05
discovery,9143,9243,pi,701,legacy5,intact,own,0.3,498003,True,1,False,0.0,32,0.0,0,0.39086294416243655,6.791821037013992e-05
discovery,9143,9243,pi,701,legacy5,intact,coordinate,0.3,498001,False,3,False,6.643856189774724,32,0.0625,2,0.3553299492385787,0.00012526130504047947
discovery,9143,9243,pi,701,legacy5,intact,coordinate,0.3,498002,False,2,False,3.321928094887362,32,0.03125,1,0.3299492385786802,0.00012526130504047947
discovery,9143,9243,pi,701,legacy5,intact,coordinate,0.3,498003,False,1,False,0.0,32,0.0,0,0.3604060913705584,0.00012526130504047947
discovery,9143,9243,pi,701,legacy5,degree,common,0.0003,498001,False,21,False,66.43856189774725,20,1.0,20,0.7969543147208121,6.79182103701399e-11
discovery,9143,9243,pi,701,legacy5,degree,common,0.0003,498002,False,21,False,66.43856189774725,20,1.0,20,0.7969543147208121,6.79182103701399e-11
discovery,9143,9243,pi,701,legacy5,degree,common,0.0003,498003,False,21,False,66.43856189774725,20,1.0,20,0.7969543147208121,6.79182103701399e-11
discovery,9143,9243,pi,701,legacy5,degree,own,0.0003,498001,False,21,False,66.43856189774725,20,1.0,20,0.7969543147208121,2.1398477899982218e-10
discovery,9143,9243,pi,701,legacy5,degree,own,0.0003,498002,False,21,False,66.43856189774725,20,1.0,20,0.7969543147208121,2.1398477899982218e-10
discovery,9143,9243,pi,701,legacy5,degree,own,0.0003,498003,False,21,False,66.43856189774725,20,1.0,20,0.7969543147208121,2.1398477899982218e-10
discovery,9143,9243,pi,701,legacy5,degree,coordinate,0.0003,498001,False,21,False,66.43856189774725,20,1.0,20,0.7969543147208121,1.1062669391398134e-09
discovery,9143,9243,pi,701,legacy5,degree,coordinate,0.0003,498002,False,21,False,66.43856189774725,20,1.0,20,0.7969543147208121,1.1062669391398134e-09
discovery,9143,9243,pi,701,legacy5,degree,coordinate,0.0003,498003,False,21,False,66.43856189774725,20,1.0,20,0.7969543147208121,1.1062669391398134e-09
discovery,9143,9243,pi,701,legacy5,degree,common,0.03,498001,False,21,False,66.43856189774725,20,1.0,20,0.8020304568527918,6.79182103701399e-07
discovery,9143,9243,pi,701,legacy5,degree,common,0.03,498002,False,21,False,66.43856189774725,20,1.0,20,0.7868020304568528,6.79182103701399e-07
discovery,9143,9243,pi,701,legacy5,degree,common,0.03,498003,False,21,False,66.43856189774725,20,1.0,20,0.7918781725888325,6.79182103701399e-07
discovery,9143,9243,pi,701,legacy5,degree,own,0.03,498001,False,21,False,66.43856189774725,20,1.0,20,0.7969543147208121,2.139847789998222e-06
discovery,9143,9243,pi,701,legacy5,degree,own,0.03,498002,False,21,False,66.43856189774725,20,1.0,20,0.7868020304568528,2.139847789998222e-06
discovery,9143,9243,pi,701,legacy5,degree,own,0.03,498003,False,21,False,66.43856189774725,20,1.0,20,0.7817258883248731,2.139847789998222e-06
discovery,9143,9243,pi,701,legacy5,degree,coordinate,0.03,498001,False,21,False,66.43856189774725,20,1.0,20,0.751269035532995,1.1062669391398136e-05
discovery,9143,9243,pi,701,legacy5,degree,coordinate,0.03,498002,False,3,False,6.643856189774724,20,0.1,2,0.7309644670050761,1.1062669391398136e-05
discovery,9143,9243,pi,701,legacy5,degree,coordinate,0.03,498003,False,3,False,6.643856189774724,20,0.1,2,0.7360406091370558,1.1062669391398136e-05
discovery,9143,9243,pi,701,legacy5,degree,common,0.3,498001,False,5,False,13.287712379549449,20,0.2,4,0.6040609137055838,6.79182103701399e-05
discovery,9143,9243,pi,701,legacy5,degree,common,0.3,498002,False,3,False,6.643856189774724,20,0.1,2,0.6091370558375635,6.79182103701399e-05
discovery,9143,9243,pi,701,legacy5,degree,common,0.3,498003,False,2,False,3.321928094887362,20,0.05,1,0.6192893401015228,6.79182103701399e-05
discovery,9143,9243,pi,701,legacy5,degree,own,0.3,498001,False,4,False,9.965784284662087,20,0.15,3,0.5228426395939086,0.00021398477899982224
discovery,9143,9243,pi,701,legacy5,degree,own,0.3,498002,False,3,False,6.643856189774724,20,0.1,2,0.467005076142132,0.00021398477899982224
discovery,9143,9243,pi,701,legacy5,degree,own,0.3,498003,False,2,False,3.321928094887362,20,0.05,1,0.4873096446700508,0.00021398477899982224
discovery,9143,9243,pi,701,legacy5,degree,coordinate,0.3,498001,False,3,False,6.643856189774724,20,0.1,2,0.38578680203045684,0.0011062669391398135
discovery,9143,9243,pi,701,legacy5,degree,coordinate,0.3,498002,False,3,False,6.643856189774724,20,0.1,2,0.3553299492385787,0.0011062669391398135
discovery,9143,9243,pi,701,legacy5,degree,coordinate,0.3,498003,False,2,False,3.321928094887362,20,0.05,1,0.38071065989847713,0.0011062669391398135
discovery,9143,9243,pi,701,legacy5,role,common,0.0003,498001,False,36,False,116.26748332105768,35,1.0,35,0.8934010152284264,6.79182103701399e-11
discovery,9143,9243,pi,701,legacy5,role,common,0.0003,498002,False,36,False,116.26748332105768,35,1.0,35,0.8934010152284264,6.79182103701399e-11
discovery,9143,9243,pi,701,legacy5,role,common,0.0003,498003,False,36,False,116.26748332105768,35,1.0,35,0.8934010152284264,6.79182103701399e-11
discovery,9143,9243,pi,701,legacy5,role,own,0.0003,498001,False,36,False,116.26748332105768,35,1.0,35,0.8934010152284264,5.1759310246383125e-11
discovery,9143,9243,pi,701,legacy5,role,own,0.0003,498002,False,36,False,116.26748332105768,35,1.0,35,0.8934010152284264,5.1759310246383125e-11
discovery,9143,9243,pi,701,legacy5,role,own,0.0003,498003,False,36,False,116.26748332105768,35,1.0,35,0.8934010152284264,5.1759310246383125e-11
discovery,9143,9243,pi,701,legacy5,role,coordinate,0.0003,498001,False,36,False,116.26748332105768,35,1.0,35,0.8934010152284264,1.0446504558451382e-10
discovery,9143,9243,pi,701,legacy5,role,coordinate,0.0003,498002,False,36,False,116.26748332105768,35,1.0,35,0.8934010152284264,1.0446504558451382e-10
discovery,9143,9243,pi,701,legacy5,role,coordinate,0.0003,498003,False,36,False,116.26748332105768,35,1.0,35,0.8934010152284264,1.0446504558451382e-10
discovery,9143,9243,pi,701,legacy5,role,common,0.03,498001,False,36,False,116.26748332105768,35,1.0,35,0.8375634517766497,6.791821037013993e-07
discovery,9143,9243,pi,701,legacy5,role,common,0.03,498002,False,4,False,9.965784284662087,35,0.08571428571428572,3,0.8274111675126904,6.791821037013993e-07
discovery,9143,9243,pi,701,legacy5,role,common,0.03,498003,False,22,False,69.7604899926346,35,0.6,21,0.8477157360406091,6.791821037013993e-07
discovery,9143,9243,pi,701,legacy5,role,own,0.03,498001,False,36,False,116.26748332105768,35,1.0,35,0.8527918781725888,5.175931024638313e-07
discovery,9143,9243,pi,701,legacy5,role,own,0.03,498002,False,4,False,9.965784284662087,35,0.08571428571428572,3,0.8375634517766497,5.175931024638313e-07
discovery,9143,9243,pi,701,legacy5,role,own,0.03,498003,False,22,False,69.7604899926346,35,0.6,21,0.8527918781725888,5.175931024638313e-07
discovery,9143,9243,pi,701,legacy5,role,coordinate,0.03,498001,False,22,False,69.7604899926346,35,0.6,21,0.8020304568527918,1.0446504558451384e-06
discovery,9143,9243,pi,701,legacy5,role,coordinate,0.03,498002,False,4,False,9.965784284662087,35,0.08571428571428572,3,0.8121827411167513,1.0446504558451384e-06
discovery,9143,9243,pi,701,legacy5,role,coordinate,0.03,498003,False,22,False,69.7604899926346,35,0.6,21,0.8324873096446701,1.0446504558451384e-06
discovery,9143,9243,pi,701,legacy5,role,common,0.3,498001,False,2,False,3.321928094887362,35,0.02857142857142857,1,0.3756345177664975,6.791821037013992e-05
discovery,9143,9243,pi,701,legacy5,role,common,0.3,498002,False,1,False,0.0,35,0.0,0,0.467005076142132,6.791821037013992e-05
discovery,9143,9243,pi,701,legacy5,role,common,0.3,498003,False,3,False,6.643856189774724,35,0.05714285714285714,2,0.4416243654822335,6.791821037013992e-05
discovery,9143,9243,pi,701,legacy5,role,own,0.3,498001,False,2,False,3.321928094887362,35,0.02857142857142857,1,0.4010152284263959,5.1759310246383126e-05
discovery,9143,9243,pi,701,legacy5,role,own,0.3,498002,False,1,False,0.0,35,0.0,0,0.5025380710659898,5.1759310246383126e-05
discovery,9143,9243,pi,701,legacy5,role,own,0.3,498003,False,3,False,6.643856189774724,35,0.05714285714285714,2,0.4619289340101523,5.1759310246383126e-05
discovery,9143,9243,pi,701,legacy5,role,coordinate,0.3,498001,False,2,False,3.321928094887362,35,0.02857142857142857,1,0.3147208121827411,0.00010446504558451384
discovery,9143,9243,pi,701,legacy5,role,coordinate,0.3,498002,False,1,False,0.0,35,0.0,0,0.41116751269035534,0.00010446504558451384
discovery,9143,9243,pi,701,legacy5,role,coordinate,0.3,498003,False,2,False,3.321928094887362,35,0.02857142857142857,1,0.40609137055837563,0.00010446504558451384
discovery,9143,9243,pi,702,legacy5,intact,common,0.0003,498001,False,33,False,106.30169903639559,32,1.0,32,0.7766497461928934,5.720736184197481e-11
discovery,9143,9243,pi,702,legacy5,intact,common,0.0003,498002,False,33,False,106.30169903639559,32,1.0,32,0.7766497461928934,5.720736184197481e-11
discovery,9143,9243,pi,702,legacy5,intact,common,0.0003,498003,False,33,False,106.30169903639559,32,1.0,32,0.7766497461928934,5.720736184197481e-11
discovery,9143,9243,pi,702,legacy5,intact,own,0.0003,498001,True,33,False,106.30169903639559,32,1.0,32,0.7766497461928934,5.720736184197481e-11
discovery,9143,9243,pi,702,legacy5,intact,own,0.0003,498002,True,33,False,106.30169903639559,32,1.0,32,0.7766497461928934,5.720736184197481e-11
discovery,9143,9243,pi,702,legacy5,intact,own,0.0003,498003,True,33,False,106.30169903639559,32,1.0,32,0.7766497461928934,5.720736184197481e-11
discovery,9143,9243,pi,702,legacy5,intact,coordinate,0.0003,498001,False,33,False,106.30169903639559,32,1.0,32,0.7766497461928934,7.679550615678858e-11
discovery,9143,9243,pi,702,legacy5,intact,coordinate,0.0003,498002,False,33,False,106.30169903639559,32,1.0,32,0.7766497461928934,7.679550615678858e-11
discovery,9143,9243,pi,702,legacy5,intact,coordinate,0.0003,498003,False,33,False,106.30169903639559,32,1.0,32,0.7766497461928934,7.679550615678858e-11
discovery,9143,9243,pi,702,legacy5,intact,common,0.03,498001,False,33,False,106.30169903639559,32,1.0,32,0.7360406091370558,5.720736184197482e-07
discovery,9143,9243,pi,702,legacy5,intact,common,0.03,498002,False,33,False,106.30169903639559,32,1.0,32,0.7360406091370558,5.720736184197482e-07
discovery,9143,9243,pi,702,legacy5,intact,common,0.03,498003,False,33,False,106.30169903639559,32,1.0,32,0.7208121827411168,5.720736184197482e-07
discovery,9143,9243,pi,702,legacy5,intact,own,0.03,498001,True,33,False,106.30169903639559,32,1.0,32,0.7360406091370558,5.720736184197482e-07
discovery,9143,9243,pi,702,legacy5,intact,own,0.03,498002,True,33,False,106.30169903639559,32,1.0,32,0.7360406091370558,5.720736184197482e-07
discovery,9143,9243,pi,702,legacy5,intact,own,0.03,498003,True,33,False,106.30169903639559,32,1.0,32,0.7208121827411168,5.720736184197482e-07
discovery,9143,9243,pi,702,legacy5,intact,coordinate,0.03,498001,False,8,False,23.253496664211536,32,0.21875,7,0.7106598984771574,7.679550615678859e-07
discovery,9143,9243,pi,702,legacy5,intact,coordinate,0.03,498002,False,33,False,106.30169903639559,32,1.0,32,0.7258883248730964,7.679550615678859e-07
discovery,9143,9243,pi,702,legacy5,intact,coordinate,0.03,498003,False,33,False,106.30169903639559,32,1.0,32,0.7106598984771574,7.679550615678859e-07
discovery,9143,9243,pi,702,legacy5,intact,common,0.3,498001,False,2,False,3.321928094887362,32,0.03125,1,0.39593908629441626,5.720736184197483e-05
discovery,9143,9243,pi,702,legacy5,intact,common,0.3,498002,False,4,False,9.965784284662087,32,0.09375,3,0.40609137055837563,5.720736184197483e-05
discovery,9143,9243,pi,702,legacy5,intact,common,0.3,498003,False,1,False,0.0,32,0.0,0,0.4263959390862944,5.720736184197483e-05
discovery,9143,9243,pi,702,legacy5,intact,own,0.3,498001,True,2,False,3.321928094887362,32,0.03125,1,0.39593908629441626,5.720736184197483e-05
discovery,9143,9243,pi,702,legacy5,intact,own,0.3,498002,True,4,False,9.965784284662087,32,0.09375,3,0.40609137055837563,5.720736184197483e-05
discovery,9143,9243,pi,702,legacy5,intact,own,0.3,498003,True,1,False,0.0,32,0.0,0,0.4263959390862944,5.720736184197483e-05
discovery,9143,9243,pi,702,legacy5,intact,coordinate,0.3,498001,False,6,False,16.609640474436812,32,0.15625,5,0.38578680203045684,7.679550615678857e-05
discovery,9143,9243,pi,702,legacy5,intact,coordinate,0.3,498002,False,4,False,9.965784284662087,32,0.09375,3,0.39086294416243655,7.679550615678857e-05
discovery,9143,9243,pi,702,legacy5,intact,coordinate,0.3,498003,False,1,False,0.0,32,0.0,0,0.40609137055837563,7.679550615678857e-05
discovery,9143,9243,pi,702,legacy5,degree,common,0.0003,498001,False,1,False,0.0,0,,0,0.6751269035532995,5.72073618419748e-11
discovery,9143,9243,pi,702,legacy5,degree,common,0.0003,498002,False,1,False,0.0,0,,0,0.6751269035532995,5.72073618419748e-11
discovery,9143,9243,pi,702,legacy5,degree,common,0.0003,498003,False,1,False,0.0,0,,0,0.6751269035532995,5.72073618419748e-11
discovery,9143,9243,pi,702,legacy5,degree,own,0.0003,498001,False,1,False,0.0,0,,0,0.6751269035532995,4.784276536076549e-10
discovery,9143,9243,pi,702,legacy5,degree,own,0.0003,498002,False,1,False,0.0,0,,0,0.6751269035532995,4.784276536076549e-10
discovery,9143,9243,pi,702,legacy5,degree,own,0.0003,498003,False,1,False,0.0,0,,0,0.6751269035532995,4.784276536076549e-10
discovery,9143,9243,pi,702,legacy5,degree,coordinate,0.0003,498001,False,1,False,0.0,0,,0,0.6751269035532995,2.221489222089669e-09
discovery,9143,9243,pi,702,legacy5,degree,coordinate,0.0003,498002,False,1,False,0.0,0,,0,0.6751269035532995,2.221489222089669e-09
discovery,9143,9243,pi,702,legacy5,degree,coordinate,0.0003,498003,False,1,False,0.0,0,,0,0.6751269035532995,2.221489222089669e-09
discovery,9143,9243,pi,702,legacy5,degree,common,0.03,498001,False,1,False,0.0,0,,0,0.6751269035532995,5.720736184197481e-07
discovery,9143,9243,pi,702,legacy5,degree,common,0.03,498002,False,1,False,0.0,0,,0,0.6802030456852792,5.720736184197481e-07
discovery,9143,9243,pi,702,legacy5,degree,common,0.03,498003,False,1,False,0.0,0,,0,0.6700507614213198,5.720736184197481e-07
discovery,9143,9243,pi,702,legacy5,degree,own,0.03,498001,False,1,False,0.0,0,,0,0.6548223350253807,4.7842765360765494e-06
discovery,9143,9243,pi,702,legacy5,degree,own,0.03,498002,False,1,False,0.0,0,,0,0.6598984771573604,4.7842765360765494e-06
discovery,9143,9243,pi,702,legacy5,degree,own,0.03,498003,False,1,False,0.0,0,,0,0.649746192893401,4.7842765360765494e-06
discovery,9143,9243,pi,702,legacy5,degree,coordinate,0.03,498001,False,1,False,0.0,0,,0,0.6142131979695431,2.2214892220896693e-05
discovery,9143,9243,pi,702,legacy5,degree,coordinate,0.03,498002,False,1,False,0.0,0,,0,0.6040609137055838,2.2214892220896693e-05
discovery,9143,9243,pi,702,legacy5,degree,coordinate,0.03,498003,False,1,False,0.0,0,,0,0.5989847715736041,2.2214892220896693e-05
discovery,9143,9243,pi,702,legacy5,degree,common,0.3,498001,False,1,False,0.0,0,,0,0.5736040609137056,5.7207361841974816e-05
discovery,9143,9243,pi,702,legacy5,degree,common,0.3,498002,False,1,False,0.0,0,,0,0.5685279187817259,5.7207361841974816e-05
discovery,9143,9243,pi,702,legacy5,degree,common,0.3,498003,False,1,False,0.0,0,,0,0.5736040609137056,5.7207361841974816e-05
discovery,9143,9243,pi,702,legacy5,degree,own,0.3,498001,False,1,False,0.0,0,,0,0.4416243654822335,0.000478427653607655
discovery,9143,9243,pi,702,legacy5,degree,own,0.3,498002,False,1,False,0.0,0,,0,0.41116751269035534,0.000478427653607655
discovery,9143,9243,pi,702,legacy5,degree,own,0.3,498003,False,1,False,0.0,0,,0,0.4213197969543147,0.000478427653607655
discovery,9143,9243,pi,702,legacy5,degree,coordinate,0.3,498001,False,1,False,0.0,0,,0,0.27918781725888325,0.0022214892220896692
discovery,9143,9243,pi,702,legacy5,degree,coordinate,0.3,498002,False,1,False,0.0,0,,0,0.29949238578680204,0.0022214892220896692
discovery,9143,9243,pi,702,legacy5,degree,coordinate,0.3,498003,False,1,False,0.0,0,,0,0.29441624365482233,0.0022214892220896692
discovery,9143,9243,pi,702,legacy5,role,common,0.0003,498001,False,43,False,139.5209799852692,42,1.0,42,0.9289340101522843,5.72073618419748e-11
discovery,9143,9243,pi,702,legacy5,role,common,0.0003,498002,False,43,False,139.5209799852692,42,1.0,42,0.9289340101522843,5.72073618419748e-11
discovery,9143,9243,pi,702,legacy5,role,common,0.0003,498003,False,43,False,139.5209799852692,42,1.0,42,0.9289340101522843,5.72073618419748e-11
discovery,9143,9243,pi,702,legacy5,role,own,0.0003,498001,False,43,False,139.5209799852692,42,1.0,42,0.9289340101522843,5.055652403288354e-11
discovery,9143,9243,pi,702,legacy5,role,own,0.0003,498002,False,43,False,139.5209799852692,42,1.0,42,0.9289340101522843,5.055652403288354e-11
discovery,9143,9243,pi,702,legacy5,role,own,0.0003,498003,False,43,False,139.5209799852692,42,1.0,42,0.9289340101522843,5.055652403288354e-11
discovery,9143,9243,pi,702,legacy5,role,coordinate,0.0003,498001,False,43,False,139.5209799852692,42,1.0,42,0.9289340101522843,1.0877498536725834e-10
discovery,9143,9243,pi,702,legacy5,role,coordinate,0.0003,498002,False,43,False,139.5209799852692,42,1.0,42,0.9289340101522843,1.0877498536725834e-10
discovery,9143,9243,pi,702,legacy5,role,coordinate,0.0003,498003,False,43,False,139.5209799852692,42,1.0,42,0.9289340101522843,1.0877498536725834e-10
discovery,9143,9243,pi,702,legacy5,role,common,0.03,498001,False,7,False,19.931568569324174,42,0.14285714285714285,6,0.8324873096446701,5.72073618419748e-07
discovery,9143,9243,pi,702,legacy5,role,common,0.03,498002,False,6,False,16.609640474436812,42,0.11904761904761904,5,0.8477157360406091,5.72073618419748e-07
discovery,9143,9243,pi,702,legacy5,role,common,0.03,498003,False,43,False,139.5209799852692,42,1.0,42,0.8527918781725888,5.72073618419748e-07
discovery,9143,9243,pi,702,legacy5,role,own,0.03,498001,False,7,False,19.931568569324174,42,0.14285714285714285,6,0.8578680203045685,5.055652403288354e-07
discovery,9143,9243,pi,702,legacy5,role,own,0.03,498002,False,6,False,16.609640474436812,42,0.11904761904761904,5,0.8527918781725888,5.055652403288354e-07
discovery,9143,9243,pi,702,legacy5,role,own,0.03,498003,False,43,False,139.5209799852692,42,1.0,42,0.8527918781725888,5.055652403288354e-07
discovery,9143,9243,pi,702,legacy5,role,coordinate,0.03,498001,False,3,False,6.643856189774724,42,0.047619047619047616,2,0.7868020304568528,1.0877498536725834e-06
discovery,9143,9243,pi,702,legacy5,role,coordinate,0.03,498002,False,6,False,16.609640474436812,42,0.11904761904761904,5,0.8223350253807107,1.0877498536725834e-06
discovery,9143,9243,pi,702,legacy5,role,coordinate,0.03,498003,False,31,False,99.65784284662087,42,0.7142857142857143,30,0.7969543147208121,1.0877498536725834e-06
discovery,9143,9243,pi,702,legacy5,role,common,0.3,498001,False,1,False,0.0,42,0.0,0,0.4467005076142132,5.720736184197481e-05
discovery,9143,9243,pi,702,legacy5,role,common,0.3,498002,False,1,False,0.0,42,0.0,0,0.48223350253807107,5.720736184197481e-05
discovery,9143,9243,pi,702,legacy5,role,common,0.3,498003,False,1,False,0.0,42,0.0,0,0.39593908629441626,5.720736184197481e-05
discovery,9143,9243,pi,702,legacy5,role,own,0.3,498001,False,1,False,0.0,42,0.0,0,0.4619289340101523,5.055652403288354e-05
discovery,9143,9243,pi,702,legacy5,role,own,0.3,498002,False,1,False,0.0,42,0.0,0,0.47715736040609136,5.055652403288354e-05
discovery,9143,9243,pi,702,legacy5,role,own,0.3,498003,False,2,False,3.321928094887362,42,0.023809523809523808,1,0.4263959390862944,5.055652403288354e-05
discovery,9143,9243,pi,702,legacy5,role,coordinate,0.3,498001,False,1,False,0.0,42,0.0,0,0.36548223350253806,0.00010877498536725834
discovery,9143,9243,pi,702,legacy5,role,coordinate,0.3,498002,False,1,False,0.0,42,0.0,0,0.40609137055837563,0.00010877498536725834
discovery,9143,9243,pi,702,legacy5,role,coordinate,0.3,498003,False,1,False,0.0,42,0.0,0,0.3299492385786802,0.00010877498536725834
discovery,9143,9243,random,701,legacy5,intact,common,0.0003,498001,False,11,False,33.219280948873624,10,1.0,10,0.8020304568527918,6.081071909231793e-11
discovery,9143,9243,random,701,legacy5,intact,common,0.0003,498002,False,11,False,33.219280948873624,10,1.0,10,0.8020304568527918,6.081071909231793e-11
discovery,9143,9243,random,701,legacy5,intact,common,0.0003,498003,False,11,False,33.219280948873624,10,1.0,10,0.8020304568527918,6.081071909231793e-11
discovery,9143,9243,random,701,legacy5,intact,own,0.0003,498001,True,11,False,33.219280948873624,10,1.0,10,0.8020304568527918,6.081071909231793e-11
discovery,9143,9243,random,701,legacy5,intact,own,0.0003,498002,True,11,False,33.219280948873624,10,1.0,10,0.8020304568527918,6.081071909231793e-11
discovery,9143,9243,random,701,legacy5,intact,own,0.0003,498003,True,11,False,33.219280948873624,10,1.0,10,0.8020304568527918,6.081071909231793e-11
discovery,9143,9243,random,701,legacy5,intact,coordinate,0.0003,498001,False,11,False,33.219280948873624,10,1.0,10,0.8020304568527918,1.3092659301531703e-10
discovery,9143,9243,random,701,legacy5,intact,coordinate,0.0003,498002,False,11,False,33.219280948873624,10,1.0,10,0.8020304568527918,1.3092659301531703e-10
discovery,9143,9243,random,701,legacy5,intact,coordinate,0.0003,498003,False,11,False,33.219280948873624,10,1.0,10,0.8020304568527918,1.3092659301531703e-10
discovery,9143,9243,random,701,legacy5,intact,common,0.03,498001,False,7,False,19.931568569324174,10,0.6,6,0.751269035532995,6.081071909231795e-07
discovery,9143,9243,random,701,legacy5,intact,common,0.03,498002,False,8,False,23.253496664211536,10,0.7,7,0.7868020304568528,6.081071909231795e-07
discovery,9143,9243,random,701,legacy5,intact,common,0.03,498003,False,11,False,33.219280948873624,10,1.0,10,0.7614213197969543,6.081071909231795e-07
discovery,9143,9243,random,701,legacy5,intact,own,0.03,498001,True,7,False,19.931568569324174,10,0.6,6,0.751269035532995,6.081071909231795e-07
discovery,9143,9243,random,701,legacy5,intact,own,0.03,498002,True,8,False,23.253496664211536,10,0.7,7,0.7868020304568528,6.081071909231795e-07
discovery,9143,9243,random,701,legacy5,intact,own,0.03,498003,True,11,False,33.219280948873624,10,1.0,10,0.7614213197969543,6.081071909231795e-07
discovery,9143,9243,random,701,legacy5,intact,coordinate,0.03,498001,False,7,False,19.931568569324174,10,0.6,6,0.7208121827411168,1.3092659301531704e-06
discovery,9143,9243,random,701,legacy5,intact,coordinate,0.03,498002,False,8,False,23.253496664211536,10,0.7,7,0.751269035532995,1.3092659301531704e-06
discovery,9143,9243,random,701,legacy5,intact,coordinate,0.03,498003,False,11,False,33.219280948873624,10,1.0,10,0.7461928934010152,1.3092659301531704e-06
discovery,9143,9243,random,701,legacy5,intact,common,0.3,498001,False,2,False,3.321928094887362,10,0.1,1,0.43147208121827413,6.081071909231794e-05
discovery,9143,9243,random,701,legacy5,intact,common,0.3,498002,False,2,False,3.321928094887362,10,0.1,1,0.49746192893401014,6.081071909231794e-05
discovery,9143,9243,random,701,legacy5,intact,common,0.3,498003,False,2,False,3.321928094887362,10,0.1,1,0.43147208121827413,6.081071909231794e-05
discovery,9143,9243,random,701,legacy5,intact,own,0.3,498001,True,2,False,3.321928094887362,10,0.1,1,0.43147208121827413,6.081071909231794e-05
discovery,9143,9243,random,701,legacy5,intact,own,0.3,498002,True,2,False,3.321928094887362,10,0.1,1,0.49746192893401014,6.081071909231794e-05
discovery,9143,9243,random,701,legacy5,intact,own,0.3,498003,True,2,False,3.321928094887362,10,0.1,1,0.43147208121827413,6.081071909231794e-05
discovery,9143,9243,random,701,legacy5,intact,coordinate,0.3,498001,False,2,False,3.321928094887362,10,0.1,1,0.38071065989847713,0.00013092659301531704
discovery,9143,9243,random,701,legacy5,intact,coordinate,0.3,498002,False,2,False,3.321928094887362,10,0.1,1,0.41624365482233505,0.00013092659301531704
discovery,9143,9243,random,701,legacy5,intact,coordinate,0.3,498003,False,2,False,3.321928094887362,10,0.1,1,0.3553299492385787,0.00013092659301531704
discovery,9143,9243,random,701,legacy5,degree,common,0.0003,498001,False,38,False,122.9113395108324,37,1.0,37,0.751269035532995,6.081071909231795e-11
discovery,9143,9243,random,701,legacy5,degree,common,0.0003,498002,False,38,False,122.9113395108324,37,1.0,37,0.7563451776649747,6.081071909231795e-11
discovery,9143,9243,random,701,legacy5,degree,common,0.0003,498003,False,38,False,122.9113395108324,37,1.0,37,0.751269035532995,6.081071909231795e-11
discovery,9143,9243,random,701,legacy5,degree,own,0.0003,498001,False,38,False,122.9113395108324,37,1.0,37,0.751269035532995,2.291480249409074e-10
discovery,9143,9243,random,701,legacy5,degree,own,0.0003,498002,False,38,False,122.9113395108324,37,1.0,37,0.7563451776649747,2.291480249409074e-10
discovery,9143,9243,random,701,legacy5,degree,own,0.0003,498003,False,38,False,122.9113395108324,37,1.0,37,0.751269035532995,2.291480249409074e-10
discovery,9143,9243,random,701,legacy5,degree,coordinate,0.0003,498001,False,38,False,122.9113395108324,37,1.0,37,0.751269035532995,1.3779399766520123e-09
discovery,9143,9243,random,701,legacy5,degree,coordinate,0.0003,498002,False,38,False,122.9113395108324,37,1.0,37,0.7563451776649747,1.3779399766520123e-09
discovery,9143,9243,random,701,legacy5,degree,coordinate,0.0003,498003,False,38,False,122.9113395108324,37,1.0,37,0.7461928934010152,1.3779399766520123e-09
discovery,9143,9243,random,701,legacy5,degree,common,0.03,498001,False,38,False,122.9113395108324,37,1.0,37,0.7461928934010152,6.081071909231797e-07
discovery,9143,9243,random,701,legacy5,degree,common,0.03,498002,False,38,False,122.9113395108324,37,1.0,37,0.751269035532995,6.081071909231797e-07
discovery,9143,9243,random,701,legacy5,degree,common,0.03,498003,False,38,False,122.9113395108324,37,1.0,37,0.7461928934010152,6.081071909231797e-07
discovery,9143,9243,random,701,legacy5,degree,own,0.03,498001,False,38,False,122.9113395108324,37,1.0,37,0.7360406091370558,2.291480249409075e-06
discovery,9143,9243,random,701,legacy5,degree,own,0.03,498002,False,38,False,122.9113395108324,37,1.0,37,0.7411167512690355,2.291480249409075e-06
discovery,9143,9243,random,701,legacy5,degree,own,0.03,498003,False,38,False,122.9113395108324,37,1.0,37,0.7309644670050761,2.291480249409075e-06
discovery,9143,9243,random,701,legacy5,degree,coordinate,0.03,498001,False,38,False,122.9113395108324,37,1.0,37,0.700507614213198,1.3779399766520124e-05
discovery,9143,9243,random,701,legacy5,degree,coordinate,0.03,498002,False,38,False,122.9113395108324,37,1.0,37,0.6751269035532995,1.3779399766520124e-05
discovery,9143,9243,random,701,legacy5,degree,coordinate,0.03,498003,False,38,False,122.9113395108324,37,1.0,37,0.6802030456852792,1.3779399766520124e-05
discovery,9143,9243,random,701,legacy5,degree,common,0.3,498001,False,2,False,3.321928094887362,37,0.02702702702702703,1,0.5989847715736041,6.081071909231796e-05
discovery,9143,9243,random,701,legacy5,degree,common,0.3,498002,False,14,False,43.18506523353571,37,0.35135135135135137,13,0.6040609137055838,6.081071909231796e-05
discovery,9143,9243,random,701,legacy5,degree,common,0.3,498003,False,4,False,9.965784284662087,37,0.08108108108108109,3,0.6243654822335025,6.081071909231796e-05
discovery,9143,9243,random,701,legacy5,degree,own,0.3,498001,False,2,False,3.321928094887362,37,0.02702702702702703,1,0.5228426395939086,0.00022914802494090745
discovery,9143,9243,random,701,legacy5,degree,own,0.3,498002,False,9,False,26.575424759098897,37,0.21621621621621623,8,0.49238578680203043,0.00022914802494090745
discovery,9143,9243,random,701,legacy5,degree,own,0.3,498003,False,1,False,0.0,37,0.0,0,0.5126903553299492,0.00022914802494090745
discovery,9143,9243,random,701,legacy5,degree,coordinate,0.3,498001,False,2,False,3.321928094887362,37,0.02702702702702703,1,0.38071065989847713,0.0013779399766520124
discovery,9143,9243,random,701,legacy5,degree,coordinate,0.3,498002,False,3,False,6.643856189774724,37,0.05405405405405406,2,0.39593908629441626,0.0013779399766520124
discovery,9143,9243,random,701,legacy5,degree,coordinate,0.3,498003,False,1,False,0.0,37,0.0,0,0.38578680203045684,0.0013779399766520124
discovery,9143,9243,random,701,legacy5,role,common,0.0003,498001,False,44,False,142.84290808015658,43,1.0,43,0.8984771573604061,6.081071909231795e-11
discovery,9143,9243,random,701,legacy5,role,common,0.0003,498002,False,44,False,142.84290808015658,43,1.0,43,0.8984771573604061,6.081071909231795e-11
discovery,9143,9243,random,701,legacy5,role,common,0.0003,498003,False,44,False,142.84290808015658,43,1.0,43,0.9035532994923858,6.081071909231795e-11
discovery,9143,9243,random,701,legacy5,role,own,0.0003,498001,False,44,False,142.84290808015658,43,1.0,43,0.8984771573604061,5.25510896721839e-11
discovery,9143,9243,random,701,legacy5,role,own,0.0003,498002,False,44,False,142.84290808015658,43,1.0,43,0.8984771573604061,5.25510896721839e-11
discovery,9143,9243,random,701,legacy5,role,own,0.0003,498003,False,44,False,142.84290808015658,43,1.0,43,0.9035532994923858,5.25510896721839e-11
discovery,9143,9243,random,701,legacy5,role,coordinate,0.0003,498001,False,44,False,142.84290808015658,43,1.0,43,0.8984771573604061,1.0023280766613236e-10
discovery,9143,9243,random,701,legacy5,role,coordinate,0.0003,498002,False,44,False,142.84290808015658,43,1.0,43,0.8984771573604061,1.0023280766613236e-10
discovery,9143,9243,random,701,legacy5,role,coordinate,0.0003,498003,False,44,False,142.84290808015658,43,1.0,43,0.9035532994923858,1.0023280766613236e-10
discovery,9143,9243,random,701,legacy5,role,common,0.03,498001,False,3,False,6.643856189774724,43,0.046511627906976744,2,0.8426395939086294,6.081071909231796e-07
discovery,9143,9243,random,701,legacy5,role,common,0.03,498002,False,3,False,6.643856189774724,43,0.046511627906976744,2,0.8020304568527918,6.081071909231796e-07
discovery,9143,9243,random,701,legacy5,role,common,0.03,498003,False,13,False,39.86313713864835,43,0.27906976744186046,12,0.8274111675126904,6.081071909231796e-07
discovery,9143,9243,random,701,legacy5,role,own,0.03,498001,False,17,False,53.150849518197795,43,0.37209302325581395,16,0.8477157360406091,5.255108967218392e-07
discovery,9143,9243,random,701,legacy5,role,own,0.03,498002,False,3,False,6.643856189774724,43,0.046511627906976744,2,0.8121827411167513,5.255108967218392e-07
discovery,9143,9243,random,701,legacy5,role,own,0.03,498003,False,13,False,39.86313713864835,43,0.27906976744186046,12,0.8477157360406091,5.255108967218392e-07
discovery,9143,9243,random,701,legacy5,role,coordinate,0.03,498001,False,3,False,6.643856189774724,43,0.046511627906976744,2,0.8121827411167513,1.0023280766613234e-06
discovery,9143,9243,random,701,legacy5,role,coordinate,0.03,498002,False,3,False,6.643856189774724,43,0.046511627906976744,2,0.7614213197969543,1.0023280766613234e-06
discovery,9143,9243,random,701,legacy5,role,coordinate,0.03,498003,False,3,False,6.643856189774724,43,0.046511627906976744,2,0.7969543147208121,1.0023280766613234e-06
discovery,9143,9243,random,701,legacy5,role,common,0.3,498001,False,1,False,0.0,43,0.0,0,0.41624365482233505,6.0810719092317954e-05
discovery,9143,9243,random,701,legacy5,role,common,0.3,498002,False,3,False,6.643856189774724,43,0.046511627906976744,2,0.4517766497461929,6.0810719092317954e-05
discovery,9143,9243,random,701,legacy5,role,common,0.3,498003,False,3,False,6.643856189774724,43,0.046511627906976744,2,0.41116751269035534,6.0810719092317954e-05
discovery,9143,9243,random,701,legacy5,role,own,0.3,498001,False,1,False,0.0,43,0.0,0,0.4263959390862944,5.255108967218391e-05
discovery,9143,9243,random,701,legacy5,role,own,0.3,498002,False,3,False,6.643856189774724,43,0.046511627906976744,2,0.4619289340101523,5.255108967218391e-05
discovery,9143,9243,random,701,legacy5,role,own,0.3,498003,False,1,False,0.0,43,0.0,0,0.41624365482233505,5.255108967218391e-05
discovery,9143,9243,random,701,legacy5,role,coordinate,0.3,498001,False,1,False,0.0,43,0.0,0,0.3604060913705584,0.00010023280766613236
discovery,9143,9243,random,701,legacy5,role,coordinate,0.3,498002,False,3,False,6.643856189774724,43,0.046511627906976744,2,0.41116751269035534,0.00010023280766613236
discovery,9143,9243,random,701,legacy5,role,coordinate,0.3,498003,False,1,False,0.0,43,0.0,0,0.3756345177664975,0.00010023280766613236
discovery,9143,9243,random,702,legacy5,intact,common,0.0003,498001,False,41,False,132.8771237954945,40,1.0,40,0.8223350253807107,6.036171618118739e-11
discovery,9143,9243,random,702,legacy5,intact,common,0.0003,498002,False,41,False,132.8771237954945,40,1.0,40,0.8223350253807107,6.036171618118739e-11
discovery,9143,9243,random,702,legacy5,intact,common,0.0003,498003,False,41,False,132.8771237954945,40,1.0,40,0.8274111675126904,6.036171618118739e-11
discovery,9143,9243,random,702,legacy5,intact,own,0.0003,498001,True,41,False,132.8771237954945,40,1.0,40,0.8223350253807107,6.036171618118739e-11
discovery,9143,9243,random,702,legacy5,intact,own,0.0003,498002,True,41,False,132.8771237954945,40,1.0,40,0.8223350253807107,6.036171618118739e-11
discovery,9143,9243,random,702,legacy5,intact,own,0.0003,498003,True,41,False,132.8771237954945,40,1.0,40,0.8274111675126904,6.036171618118739e-11
discovery,9143,9243,random,702,legacy5,intact,coordinate,0.0003,498001,False,41,False,132.8771237954945,40,1.0,40,0.8223350253807107,7.922525177237496e-11
discovery,9143,9243,random,702,legacy5,intact,coordinate,0.0003,498002,False,41,False,132.8771237954945,40,1.0,40,0.8223350253807107,7.922525177237496e-11
discovery,9143,9243,random,702,legacy5,intact,coordinate,0.0003,498003,False,41,False,132.8771237954945,40,1.0,40,0.8274111675126904,7.922525177237496e-11
discovery,9143,9243,random,702,legacy5,intact,common,0.03,498001,False,3,False,6.643856189774724,40,0.05,2,0.7055837563451777,6.036171618118739e-07
discovery,9143,9243,random,702,legacy5,intact,common,0.03,498002,False,28,False,89.69205856195877,40,0.675,27,0.7360406091370558,6.036171618118739e-07
discovery,9143,9243,random,702,legacy5,intact,common,0.03,498003,False,3,False,6.643856189774724,40,0.05,2,0.7563451776649747,6.036171618118739e-07
discovery,9143,9243,random,702,legacy5,intact,own,0.03,498001,True,3,False,6.643856189774724,40,0.05,2,0.7055837563451777,6.036171618118739e-07
discovery,9143,9243,random,702,legacy5,intact,own,0.03,498002,True,28,False,89.69205856195877,40,0.675,27,0.7360406091370558,6.036171618118739e-07
discovery,9143,9243,random,702,legacy5,intact,own,0.03,498003,True,3,False,6.643856189774724,40,0.05,2,0.7563451776649747,6.036171618118739e-07
discovery,9143,9243,random,702,legacy5,intact,coordinate,0.03,498001,False,3,False,6.643856189774724,40,0.05,2,0.6903553299492385,7.922525177237497e-07
discovery,9143,9243,random,702,legacy5,intact,coordinate,0.03,498002,False,8,False,23.253496664211536,40,0.175,7,0.7157360406091371,7.922525177237497e-07
discovery,9143,9243,random,702,legacy5,intact,coordinate,0.03,498003,False,3,False,6.643856189774724,40,0.05,2,0.7360406091370558,7.922525177237497e-07
discovery,9143,9243,random,702,legacy5,intact,common,0.3,498001,False,3,False,6.643856189774724,40,0.05,2,0.41624365482233505,6.03617161811874e-05
discovery,9143,9243,random,702,legacy5,intact,common,0.3,498002,False,8,False,23.253496664211536,40,0.175,7,0.4365482233502538,6.03617161811874e-05
discovery,9143,9243,random,702,legacy5,intact,common,0.3,498003,False,3,False,6.643856189774724,40,0.05,2,0.3604060913705584,6.03617161811874e-05
discovery,9143,9243,random,702,legacy5,intact,own,0.3,498001,True,3,False,6.643856189774724,40,0.05,2,0.41624365482233505,6.03617161811874e-05
discovery,9143,9243,random,702,legacy5,intact,own,0.3,498002,True,8,False,23.253496664211536,40,0.175,7,0.4365482233502538,6.03617161811874e-05
discovery,9143,9243,random,702,legacy5,intact,own,0.3,498003,True,3,False,6.643856189774724,40,0.05,2,0.3604060913705584,6.03617161811874e-05
discovery,9143,9243,random,702,legacy5,intact,coordinate,0.3,498001,False,3,False,6.643856189774724,40,0.05,2,0.38071065989847713,7.922525177237496e-05
discovery,9143,9243,random,702,legacy5,intact,coordinate,0.3,498002,False,8,False,23.253496664211536,40,0.175,7,0.40609137055837563,7.922525177237496e-05
discovery,9143,9243,random,702,legacy5,intact,coordinate,0.3,498003,False,3,False,6.643856189774724,40,0.05,2,0.3350253807106599,7.922525177237496e-05
discovery,9143,9243,random,702,legacy5,degree,common,0.0003,498001,False,40,False,129.55519570060713,39,1.0,39,0.7106598984771574,6.036171618118739e-11
discovery,9143,9243,random,702,legacy5,degree,common,0.0003,498002,False,40,False,129.55519570060713,39,1.0,39,0.7106598984771574,6.036171618118739e-11
discovery,9143,9243,random,702,legacy5,degree,common,0.0003,498003,False,40,False,129.55519570060713,39,1.0,39,0.7106598984771574,6.036171618118739e-11
discovery,9143,9243,random,702,legacy5,degree,own,0.0003,498001,False,40,False,129.55519570060713,39,1.0,39,0.7106598984771574,4.4053749506891636e-10
discovery,9143,9243,random,702,legacy5,degree,own,0.0003,498002,False,40,False,129.55519570060713,39,1.0,39,0.7106598984771574,4.4053749506891636e-10
discovery,9143,9243,random,702,legacy5,degree,own,0.0003,498003,False,40,False,129.55519570060713,39,1.0,39,0.7106598984771574,4.4053749506891636e-10
discovery,9143,9243,random,702,legacy5,degree,coordinate,0.0003,498001,False,40,False,129.55519570060713,39,1.0,39,0.7106598984771574,2.2615443883439736e-09
discovery,9143,9243,random,702,legacy5,degree,coordinate,0.0003,498002,False,40,False,129.55519570060713,39,1.0,39,0.7106598984771574,2.2615443883439736e-09
discovery,9143,9243,random,702,legacy5,degree,coordinate,0.0003,498003,False,40,False,129.55519570060713,39,1.0,39,0.7106598984771574,2.2615443883439736e-09
discovery,9143,9243,random,702,legacy5,degree,common,0.03,498001,False,40,False,129.55519570060713,39,1.0,39,0.7106598984771574,6.036171618118738e-07
discovery,9143,9243,random,702,legacy5,degree,common,0.03,498002,False,26,False,83.04820237218405,39,0.6410256410256411,25,0.7055837563451777,6.036171618118738e-07
discovery,9143,9243,random,702,legacy5,degree,common,0.03,498003,False,40,False,129.55519570060713,39,1.0,39,0.7157360406091371,6.036171618118738e-07
discovery,9143,9243,random,702,legacy5,degree,own,0.03,498001,False,40,False,129.55519570060713,39,1.0,39,0.7055837563451777,4.405374950689163e-06
discovery,9143,9243,random,702,legacy5,degree,own,0.03,498002,False,26,False,83.04820237218405,39,0.6410256410256411,25,0.6751269035532995,4.405374950689163e-06
discovery,9143,9243,random,702,legacy5,degree,own,0.03,498003,False,26,False,83.04820237218405,39,0.6410256410256411,25,0.6954314720812182,4.405374950689163e-06
discovery,9143,9243,random,702,legacy5,degree,coordinate,0.03,498001,False,7,False,19.931568569324174,39,0.15384615384615385,6,0.6243654822335025,2.2615443883439736e-05
discovery,9143,9243,random,702,legacy5,degree,coordinate,0.03,498002,False,26,False,83.04820237218405,39,0.6410256410256411,25,0.6091370558375635,2.2615443883439736e-05
discovery,9143,9243,random,702,legacy5,degree,coordinate,0.03,498003,False,26,False,83.04820237218405,39,0.6410256410256411,25,0.6446700507614214,2.2615443883439736e-05
discovery,9143,9243,random,702,legacy5,degree,common,0.3,498001,False,7,False,19.931568569324174,39,0.15384615384615385,6,0.5634517766497462,6.036171618118741e-05
discovery,9143,9243,random,702,legacy5,degree,common,0.3,498002,False,11,False,33.219280948873624,39,0.2564102564102564,10,0.5329949238578681,6.036171618118741e-05
discovery,9143,9243,random,702,legacy5,degree,common,0.3,498003,False,7,False,19.931568569324174,39,0.15384615384615385,6,0.5939086294416244,6.036171618118741e-05
discovery,9143,9243,random,702,legacy5,degree,own,0.3,498001,False,1,False,0.0,39,0.0,0,0.39086294416243655,0.0004405374950689164
discovery,9143,9243,random,702,legacy5,degree,own,0.3,498002,False,2,False,3.321928094887362,39,0.02564102564102564,1,0.39086294416243655,0.0004405374950689164
discovery,9143,9243,random,702,legacy5,degree,own,0.3,498003,False,2,False,3.321928094887362,39,0.02564102564102564,1,0.467005076142132,0.0004405374950689164
discovery,9143,9243,random,702,legacy5,degree,coordinate,0.3,498001,False,1,False,0.0,39,0.0,0,0.2893401015228426,0.002261544388343974
discovery,9143,9243,random,702,legacy5,degree,coordinate,0.3,498002,False,1,False,0.0,39,0.0,0,0.3299492385786802,0.002261544388343974
discovery,9143,9243,random,702,legacy5,degree,coordinate,0.3,498003,False,1,False,0.0,39,0.0,0,0.3197969543147208,0.002261544388343974
discovery,9143,9243,random,702,legacy5,role,common,0.0003,498001,False,44,False,142.84290808015658,43,1.0,43,0.8934010152284264,6.03617161811874e-11
discovery,9143,9243,random,702,legacy5,role,common,0.0003,498002,False,44,False,142.84290808015658,43,1.0,43,0.8934010152284264,6.03617161811874e-11
discovery,9143,9243,random,702,legacy5,role,common,0.0003,498003,False,44,False,142.84290808015658,43,1.0,43,0.8934010152284264,6.03617161811874e-11
discovery,9143,9243,random,702,legacy5,role,own,0.0003,498001,False,44,False,142.84290808015658,43,1.0,43,0.8934010152284264,5.864808710975675e-11
discovery,9143,9243,random,702,legacy5,role,own,0.0003,498002,False,44,False,142.84290808015658,43,1.0,43,0.8934010152284264,5.864808710975675e-11
discovery,9143,9243,random,702,legacy5,role,own,0.0003,498003,False,44,False,142.84290808015658,43,1.0,43,0.8934010152284264,5.864808710975675e-11
discovery,9143,9243,random,702,legacy5,role,coordinate,0.0003,498001,False,44,False,142.84290808015658,43,1.0,43,0.8934010152284264,1.1581427682244794e-10
discovery,9143,9243,random,702,legacy5,role,coordinate,0.0003,498002,False,44,False,142.84290808015658,43,1.0,43,0.8934010152284264,1.1581427682244794e-10
discovery,9143,9243,random,702,legacy5,role,coordinate,0.0003,498003,False,44,False,142.84290808015658,43,1.0,43,0.8934010152284264,1.1581427682244794e-10
discovery,9143,9243,random,702,legacy5,role,common,0.03,498001,False,44,False,142.84290808015658,43,1.0,43,0.8274111675126904,6.03617161811874e-07
discovery,9143,9243,random,702,legacy5,role,common,0.03,498002,False,44,False,142.84290808015658,43,1.0,43,0.8629441624365483,6.03617161811874e-07
discovery,9143,9243,random,702,legacy5,role,common,0.03,498003,False,44,False,142.84290808015658,43,1.0,43,0.8629441624365483,6.03617161811874e-07
discovery,9143,9243,random,702,legacy5,role,own,0.03,498001,False,44,False,142.84290808015658,43,1.0,43,0.8324873096446701,5.864808710975674e-07
discovery,9143,9243,random,702,legacy5,role,own,0.03,498002,False,44,False,142.84290808015658,43,1.0,43,0.8629441624365483,5.864808710975674e-07
discovery,9143,9243,random,702,legacy5,role,own,0.03,498003,False,44,False,142.84290808015658,43,1.0,43,0.8629441624365483,5.864808710975674e-07
discovery,9143,9243,random,702,legacy5,role,coordinate,0.03,498001,False,5,False,13.287712379549449,43,0.09302325581395349,4,0.7817258883248731,1.1581427682244793e-06
discovery,9143,9243,random,702,legacy5,role,coordinate,0.03,498002,False,5,False,13.287712379549449,43,0.09302325581395349,4,0.817258883248731,1.1581427682244793e-06
discovery,9143,9243,random,702,legacy5,role,coordinate,0.03,498003,False,15,False,46.50699332842307,43,0.32558139534883723,14,0.8477157360406091,1.1581427682244793e-06
discovery,9143,9243,random,702,legacy5,role,common,0.3,498001,False,1,False,0.0,43,0.0,0,0.49746192893401014,6.036171618118741e-05
discovery,9143,9243,random,702,legacy5,role,common,0.3,498002,False,3,False,6.643856189774724,43,0.046511627906976744,2,0.47715736040609136,6.036171618118741e-05
discovery,9143,9243,random,702,legacy5,role,common,0.3,498003,False,1,False,0.0,43,0.0,0,0.49238578680203043,6.036171618118741e-05
discovery,9143,9243,random,702,legacy5,role,own,0.3,498001,False,1,False,0.0,43,0.0,0,0.49746192893401014,5.864808710975673e-05
discovery,9143,9243,random,702,legacy5,role,own,0.3,498002,False,3,False,6.643856189774724,43,0.046511627906976744,2,0.48223350253807107,5.864808710975673e-05
discovery,9143,9243,random,702,legacy5,role,own,0.3,498003,False,1,False,0.0,43,0.0,0,0.4873096446700508,5.864808710975673e-05
discovery,9143,9243,random,702,legacy5,role,coordinate,0.3,498001,False,1,False,0.0,43,0.0,0,0.39086294416243655,0.00011581427682244794
discovery,9143,9243,random,702,legacy5,role,coordinate,0.3,498002,False,3,False,6.643856189774724,43,0.046511627906976744,2,0.40609137055837563,0.00011581427682244794
discovery,9143,9243,random,702,legacy5,role,coordinate,0.3,498003,False,1,False,0.0,43,0.0,0,0.41116751269035534,0.00011581427682244794
discovery,9144,9244,pi,701,legacy5,intact,common,0.0003,498001,False,33,False,106.30169903639559,32,1.0,32,0.9035532994923858,1.004683584291791e-10
discovery,9144,9244,pi,701,legacy5,intact,common,0.0003,498002,False,33,False,106.30169903639559,32,1.0,32,0.8984771573604061,1.004683584291791e-10
discovery,9144,9244,pi,701,legacy5,intact,common,0.0003,498003,False,33,False,106.30169903639559,32,1.0,32,0.9035532994923858,1.004683584291791e-10
discovery,9144,9244,pi,701,legacy5,intact,own,0.0003,498001,True,33,False,106.30169903639559,32,1.0,32,0.9035532994923858,1.004683584291791e-10
discovery,9144,9244,pi,701,legacy5,intact,own,0.0003,498002,True,33,False,106.30169903639559,32,1.0,32,0.8984771573604061,1.004683584291791e-10
discovery,9144,9244,pi,701,legacy5,intact,own,0.0003,498003,True,33,False,106.30169903639559,32,1.0,32,0.9035532994923858,1.004683584291791e-10
discovery,9144,9244,pi,701,legacy5,intact,coordinate,0.0003,498001,False,33,False,106.30169903639559,32,1.0,32,0.9035532994923858,1.385390517654406e-10
discovery,9144,9244,pi,701,legacy5,intact,coordinate,0.0003,498002,False,33,False,106.30169903639559,32,1.0,32,0.8984771573604061,1.385390517654406e-10
discovery,9144,9244,pi,701,legacy5,intact,coordinate,0.0003,498003,False,33,False,106.30169903639559,32,1.0,32,0.9035532994923858,1.385390517654406e-10
discovery,9144,9244,pi,701,legacy5,intact,common,0.03,498001,False,16,False,49.82892142331043,32,0.46875,15,0.7969543147208121,1.0046835842917913e-06
discovery,9144,9244,pi,701,legacy5,intact,common,0.03,498002,False,7,False,19.931568569324174,32,0.1875,6,0.7918781725888325,1.0046835842917913e-06
discovery,9144,9244,pi,701,legacy5,intact,common,0.03,498003,False,33,False,106.30169903639559,32,1.0,32,0.7969543147208121,1.0046835842917913e-06
discovery,9144,9244,pi,701,legacy5,intact,own,0.03,498001,True,16,False,49.82892142331043,32,0.46875,15,0.7969543147208121,1.0046835842917913e-06
discovery,9144,9244,pi,701,legacy5,intact,own,0.03,498002,True,7,False,19.931568569324174,32,0.1875,6,0.7918781725888325,1.0046835842917913e-06
discovery,9144,9244,pi,701,legacy5,intact,own,0.03,498003,True,33,False,106.30169903639559,32,1.0,32,0.7969543147208121,1.0046835842917913e-06
discovery,9144,9244,pi,701,legacy5,intact,coordinate,0.03,498001,False,16,False,49.82892142331043,32,0.46875,15,0.766497461928934,1.3853905176544063e-06
discovery,9144,9244,pi,701,legacy5,intact,coordinate,0.03,498002,False,7,False,19.931568569324174,32,0.1875,6,0.7766497461928934,1.3853905176544063e-06
discovery,9144,9244,pi,701,legacy5,intact,coordinate,0.03,498003,False,33,False,106.30169903639559,32,1.0,32,0.7766497461928934,1.3853905176544063e-06
discovery,9144,9244,pi,701,legacy5,intact,common,0.3,498001,False,1,False,0.0,32,0.0,0,0.39593908629441626,0.00010046835842917913
discovery,9144,9244,pi,701,legacy5,intact,common,0.3,498002,False,2,False,3.321928094887362,32,0.03125,1,0.3299492385786802,0.00010046835842917913
discovery,9144,9244,pi,701,legacy5,intact,common,0.3,498003,False,3,False,6.643856189774724,32,0.0625,2,0.3401015228426396,0.00010046835842917913
discovery,9144,9244,pi,701,legacy5,intact,own,0.3,498001,True,1,False,0.0,32,0.0,0,0.39593908629441626,0.00010046835842917913
discovery,9144,9244,pi,701,legacy5,intact,own,0.3,498002,True,2,False,3.321928094887362,32,0.03125,1,0.3299492385786802,0.00010046835842917913
discovery,9144,9244,pi,701,legacy5,intact,own,0.3,498003,True,3,False,6.643856189774724,32,0.0625,2,0.3401015228426396,0.00010046835842917913
discovery,9144,9244,pi,701,legacy5,intact,coordinate,0.3,498001,False,1,False,0.0,32,0.0,0,0.3553299492385787,0.00013853905176544062
discovery,9144,9244,pi,701,legacy5,intact,coordinate,0.3,498002,False,2,False,3.321928094887362,32,0.03125,1,0.3299492385786802,0.00013853905176544062
discovery,9144,9244,pi,701,legacy5,intact,coordinate,0.3,498003,False,3,False,6.643856189774724,32,0.0625,2,0.28426395939086296,0.00013853905176544062
discovery,9144,9244,pi,701,legacy5,degree,common,0.0003,498001,False,33,False,106.30169903639559,32,1.0,32,0.7208121827411168,1.004683584291791e-10
discovery,9144,9244,pi,701,legacy5,degree,common,0.0003,498002,False,33,False,106.30169903639559,32,1.0,32,0.7208121827411168,1.004683584291791e-10
discovery,9144,9244,pi,701,legacy5,degree,common,0.0003,498003,False,33,False,106.30169903639559,32,1.0,32,0.7208121827411168,1.004683584291791e-10
discovery,9144,9244,pi,701,legacy5,degree,own,0.0003,498001,False,33,False,106.30169903639559,32,1.0,32,0.7208121827411168,4.762518978955038e-10
discovery,9144,9244,pi,701,legacy5,degree,own,0.0003,498002,False,33,False,106.30169903639559,32,1.0,32,0.7208121827411168,4.762518978955038e-10
discovery,9144,9244,pi,701,legacy5,degree,own,0.0003,498003,False,33,False,106.30169903639559,32,1.0,32,0.7208121827411168,4.762518978955038e-10
discovery,9144,9244,pi,701,legacy5,degree,coordinate,0.0003,498001,False,33,False,106.30169903639559,32,1.0,32,0.7208121827411168,2.778294631746281e-09
discovery,9144,9244,pi,701,legacy5,degree,coordinate,0.0003,498002,False,33,False,106.30169903639559,32,1.0,32,0.7208121827411168,2.778294631746281e-09
discovery,9144,9244,pi,701,legacy5,degree,coordinate,0.0003,498003,False,33,False,106.30169903639559,32,1.0,32,0.7208121827411168,2.778294631746281e-09
discovery,9144,9244,pi,701,legacy5,degree,common,0.03,498001,False,33,False,106.30169903639559,32,1.0,32,0.7208121827411168,1.004683584291791e-06
discovery,9144,9244,pi,701,legacy5,degree,common,0.03,498002,False,33,False,106.30169903639559,32,1.0,32,0.7055837563451777,1.004683584291791e-06
discovery,9144,9244,pi,701,legacy5,degree,common,0.03,498003,False,33,False,106.30169903639559,32,1.0,32,0.7208121827411168,1.004683584291791e-06
discovery,9144,9244,pi,701,legacy5,degree,own,0.03,498001,False,33,False,106.30169903639559,32,1.0,32,0.6954314720812182,4.762518978955037e-06
discovery,9144,9244,pi,701,legacy5,degree,own,0.03,498002,False,33,False,106.30169903639559,32,1.0,32,0.6903553299492385,4.762518978955037e-06
discovery,9144,9244,pi,701,legacy5,degree,own,0.03,498003,False,33,False,106.30169903639559,32,1.0,32,0.700507614213198,4.762518978955037e-06
discovery,9144,9244,pi,701,legacy5,degree,coordinate,0.03,498001,False,33,False,106.30169903639559,32,1.0,32,0.6700507614213198,2.7782946317462813e-05
discovery,9144,9244,pi,701,legacy5,degree,coordinate,0.03,498002,False,6,False,16.609640474436812,32,0.15625,5,0.6192893401015228,2.7782946317462813e-05
discovery,9144,9244,pi,701,legacy5,degree,coordinate,0.03,498003,False,33,False,106.30169903639559,32,1.0,32,0.649746192893401,2.7782946317462813e-05
discovery,9144,9244,pi,701,legacy5,degree,common,0.3,498001,False,17,False,53.150849518197795,32,0.5,16,0.5583756345177665,0.00010046835842917912
discovery,9144,9244,pi,701,legacy5,degree,common,0.3,498002,False,6,False,16.609640474436812,32,0.15625,5,0.5583756345177665,0.00010046835842917912
discovery,9144,9244,pi,701,legacy5,degree,common,0.3,498003,False,11,False,33.219280948873624,32,0.3125,10,0.5736040609137056,0.00010046835842917912
discovery,9144,9244,pi,701,legacy5,degree,own,0.3,498001,False,1,False,0.0,32,0.0,0,0.4467005076142132,0.00047625189789550395
discovery,9144,9244,pi,701,legacy5,degree,own,0.3,498002,False,6,False,16.609640474436812,32,0.15625,5,0.467005076142132,0.00047625189789550395
discovery,9144,9244,pi,701,legacy5,degree,own,0.3,498003,False,10,False,29.89735285398626,32,0.28125,9,0.4517766497461929,0.00047625189789550395
discovery,9144,9244,pi,701,legacy5,degree,coordinate,0.3,498001,False,1,False,0.0,32,0.0,0,0.2893401015228426,0.002778294631746281
discovery,9144,9244,pi,701,legacy5,degree,coordinate,0.3,498002,False,2,False,3.321928094887362,32,0.03125,1,0.29441624365482233,0.002778294631746281
discovery,9144,9244,pi,701,legacy5,degree,coordinate,0.3,498003,False,1,False,0.0,32,0.0,0,0.2893401015228426,0.002778294631746281
discovery,9144,9244,pi,701,legacy5,role,common,0.0003,498001,False,43,False,139.5209799852692,42,1.0,42,0.7918781725888325,1.0046835842917905e-10
discovery,9144,9244,pi,701,legacy5,role,common,0.0003,498002,False,43,False,139.5209799852692,42,1.0,42,0.7918781725888325,1.0046835842917905e-10
discovery,9144,9244,pi,701,legacy5,role,common,0.0003,498003,False,43,False,139.5209799852692,42,1.0,42,0.7918781725888325,1.0046835842917905e-10
discovery,9144,9244,pi,701,legacy5,role,own,0.0003,498001,False,43,False,139.5209799852692,42,1.0,42,0.7918781725888325,5.31481775772942e-11
discovery,9144,9244,pi,701,legacy5,role,own,0.0003,498002,False,43,False,139.5209799852692,42,1.0,42,0.7918781725888325,5.31481775772942e-11
discovery,9144,9244,pi,701,legacy5,role,own,0.0003,498003,False,43,False,139.5209799852692,42,1.0,42,0.7918781725888325,5.31481775772942e-11
discovery,9144,9244,pi,701,legacy5,role,coordinate,0.0003,498001,False,43,False,139.5209799852692,42,1.0,42,0.7918781725888325,1.4900585331323594e-10
discovery,9144,9244,pi,701,legacy5,role,coordinate,0.0003,498002,False,43,False,139.5209799852692,42,1.0,42,0.7918781725888325,1.4900585331323594e-10
discovery,9144,9244,pi,701,legacy5,role,coordinate,0.0003,498003,False,43,False,139.5209799852692,42,1.0,42,0.7918781725888325,1.4900585331323594e-10
discovery,9144,9244,pi,701,legacy5,role,common,0.03,498001,False,34,False,109.62362713128296,42,0.7857142857142857,33,0.766497461928934,1.0046835842917908e-06
discovery,9144,9244,pi,701,legacy5,role,common,0.03,498002,False,19,False,59.79470570797252,42,0.42857142857142855,18,0.7461928934010152,1.0046835842917908e-06
discovery,9144,9244,pi,701,legacy5,role,common,0.03,498003,False,43,False,139.5209799852692,42,1.0,42,0.7614213197969543,1.0046835842917908e-06
discovery,9144,9244,pi,701,legacy5,role,own,0.03,498001,False,34,False,109.62362713128296,42,0.7857142857142857,33,0.7766497461928934,5.314817757729421e-07
discovery,9144,9244,pi,701,legacy5,role,own,0.03,498002,False,19,False,59.79470570797252,42,0.42857142857142855,18,0.7715736040609137,5.314817757729421e-07
discovery,9144,9244,pi,701,legacy5,role,own,0.03,498003,False,43,False,139.5209799852692,42,1.0,42,0.7766497461928934,5.314817757729421e-07
discovery,9144,9244,pi,701,legacy5,role,coordinate,0.03,498001,False,34,False,109.62362713128296,42,0.7857142857142857,33,0.7461928934010152,1.4900585331323592e-06
discovery,9144,9244,pi,701,legacy5,role,coordinate,0.03,498002,False,19,False,59.79470570797252,42,0.42857142857142855,18,0.7360406091370558,1.4900585331323592e-06
discovery,9144,9244,pi,701,legacy5,role,coordinate,0.03,498003,False,34,False,109.62362713128296,42,0.7857142857142857,33,0.7309644670050761,1.4900585331323592e-06
discovery,9144,9244,pi,701,legacy5,role,common,0.3,498001,False,2,False,3.321928094887362,42,0.023809523809523808,1,0.39086294416243655,0.00010046835842917907
discovery,9144,9244,pi,701,legacy5,role,common,0.3,498002,False,1,False,0.0,42,0.0,0,0.41624365482233505,0.00010046835842917907
discovery,9144,9244,pi,701,legacy5,role,common,0.3,498003,False,4,False,9.965784284662087,42,0.07142857142857142,3,0.350253807106599,0.00010046835842917907
discovery,9144,9244,pi,701,legacy5,role,own,0.3,498001,False,5,False,13.287712379549449,42,0.09523809523809523,4,0.4416243654822335,5.314817757729421e-05
discovery,9144,9244,pi,701,legacy5,role,own,0.3,498002,False,1,False,0.0,42,0.0,0,0.47715736040609136,5.314817757729421e-05
discovery,9144,9244,pi,701,legacy5,role,own,0.3,498003,False,4,False,9.965784284662087,42,0.07142857142857142,3,0.43147208121827413,5.314817757729421e-05
discovery,9144,9244,pi,701,legacy5,role,coordinate,0.3,498001,False,2,False,3.321928094887362,42,0.023809523809523808,1,0.350253807106599,0.00014900585331323592
discovery,9144,9244,pi,701,legacy5,role,coordinate,0.3,498002,False,1,False,0.0,42,0.0,0,0.3401015228426396,0.00014900585331323592
discovery,9144,9244,pi,701,legacy5,role,coordinate,0.3,498003,False,4,False,9.965784284662087,42,0.07142857142857142,3,0.3299492385786802,0.00014900585331323592
discovery,9144,9244,pi,702,legacy5,intact,common,0.0003,498001,False,36,False,116.26748332105768,35,1.0,35,0.7157360406091371,5.317414820323275e-11
discovery,9144,9244,pi,702,legacy5,intact,common,0.0003,498002,False,36,False,116.26748332105768,35,1.0,35,0.7157360406091371,5.317414820323275e-11
discovery,9144,9244,pi,702,legacy5,intact,common,0.0003,498003,False,36,False,116.26748332105768,35,1.0,35,0.7157360406091371,5.317414820323275e-11
discovery,9144,9244,pi,702,legacy5,intact,own,0.0003,498001,True,36,False,116.26748332105768,35,1.0,35,0.7157360406091371,5.317414820323275e-11
discovery,9144,9244,pi,702,legacy5,intact,own,0.0003,498002,True,36,False,116.26748332105768,35,1.0,35,0.7157360406091371,5.317414820323275e-11
discovery,9144,9244,pi,702,legacy5,intact,own,0.0003,498003,True,36,False,116.26748332105768,35,1.0,35,0.7157360406091371,5.317414820323275e-11
discovery,9144,9244,pi,702,legacy5,intact,coordinate,0.0003,498001,False,36,False,116.26748332105768,35,1.0,35,0.7157360406091371,9.007908382271343e-11
discovery,9144,9244,pi,702,legacy5,intact,coordinate,0.0003,498002,False,36,False,116.26748332105768,35,1.0,35,0.7157360406091371,9.007908382271343e-11
discovery,9144,9244,pi,702,legacy5,intact,coordinate,0.0003,498003,False,36,False,116.26748332105768,35,1.0,35,0.7157360406091371,9.007908382271343e-11
discovery,9144,9244,pi,702,legacy5,intact,common,0.03,498001,False,36,False,116.26748332105768,35,1.0,35,0.6802030456852792,5.317414820323277e-07
discovery,9144,9244,pi,702,legacy5,intact,common,0.03,498002,False,12,False,36.541209043760986,35,0.3142857142857143,11,0.6751269035532995,5.317414820323277e-07
discovery,9144,9244,pi,702,legacy5,intact,common,0.03,498003,False,36,False,116.26748332105768,35,1.0,35,0.6903553299492385,5.317414820323277e-07
discovery,9144,9244,pi,702,legacy5,intact,own,0.03,498001,True,36,False,116.26748332105768,35,1.0,35,0.6802030456852792,5.317414820323277e-07
discovery,9144,9244,pi,702,legacy5,intact,own,0.03,498002,True,12,False,36.541209043760986,35,0.3142857142857143,11,0.6751269035532995,5.317414820323277e-07
discovery,9144,9244,pi,702,legacy5,intact,own,0.03,498003,True,36,False,116.26748332105768,35,1.0,35,0.6903553299492385,5.317414820323277e-07
discovery,9144,9244,pi,702,legacy5,intact,coordinate,0.03,498001,False,3,False,6.643856189774724,35,0.05714285714285714,2,0.6598984771573604,9.007908382271346e-07
discovery,9144,9244,pi,702,legacy5,intact,coordinate,0.03,498002,False,2,False,3.321928094887362,35,0.02857142857142857,1,0.6548223350253807,9.007908382271346e-07
discovery,9144,9244,pi,702,legacy5,intact,coordinate,0.03,498003,False,36,False,116.26748332105768,35,1.0,35,0.6548223350253807,9.007908382271346e-07
discovery,9144,9244,pi,702,legacy5,intact,common,0.3,498001,False,2,False,3.321928094887362,35,0.02857142857142857,1,0.41116751269035534,5.317414820323277e-05
discovery,9144,9244,pi,702,legacy5,intact,common,0.3,498002,False,2,False,3.321928094887362,35,0.02857142857142857,1,0.38071065989847713,5.317414820323277e-05
discovery,9144,9244,pi,702,legacy5,intact,common,0.3,498003,False,2,False,3.321928094887362,35,0.02857142857142857,1,0.3401015228426396,5.317414820323277e-05
discovery,9144,9244,pi,702,legacy5,intact,own,0.3,498001,True,2,False,3.321928094887362,35,0.02857142857142857,1,0.41116751269035534,5.317414820323277e-05
discovery,9144,9244,pi,702,legacy5,intact,own,0.3,498002,True,2,False,3.321928094887362,35,0.02857142857142857,1,0.38071065989847713,5.317414820323277e-05
discovery,9144,9244,pi,702,legacy5,intact,own,0.3,498003,True,2,False,3.321928094887362,35,0.02857142857142857,1,0.3401015228426396,5.317414820323277e-05
discovery,9144,9244,pi,702,legacy5,intact,coordinate,0.3,498001,False,2,False,3.321928094887362,35,0.02857142857142857,1,0.38071065989847713,9.007908382271346e-05
discovery,9144,9244,pi,702,legacy5,intact,coordinate,0.3,498002,False,2,False,3.321928094887362,35,0.02857142857142857,1,0.3096446700507614,9.007908382271346e-05
discovery,9144,9244,pi,702,legacy5,intact,coordinate,0.3,498003,False,2,False,3.321928094887362,35,0.02857142857142857,1,0.29949238578680204,9.007908382271346e-05
discovery,9144,9244,pi,702,legacy5,degree,common,0.0003,498001,False,8,False,23.253496664211536,7,1.0,7,0.7157360406091371,5.317414820323277e-11
discovery,9144,9244,pi,702,legacy5,degree,common,0.0003,498002,False,8,False,23.253496664211536,7,1.0,7,0.7157360406091371,5.317414820323277e-11
discovery,9144,9244,pi,702,legacy5,degree,common,0.0003,498003,False,8,False,23.253496664211536,7,1.0,7,0.7157360406091371,5.317414820323277e-11
discovery,9144,9244,pi,702,legacy5,degree,own,0.0003,498001,False,8,False,23.253496664211536,7,1.0,7,0.7157360406091371,4.26679809648302e-10
discovery,9144,9244,pi,702,legacy5,degree,own,0.0003,498002,False,8,False,23.253496664211536,7,1.0,7,0.7157360406091371,4.26679809648302e-10
discovery,9144,9244,pi,702,legacy5,degree,own,0.0003,498003,False,8,False,23.253496664211536,7,1.0,7,0.7157360406091371,4.26679809648302e-10
discovery,9144,9244,pi,702,legacy5,degree,coordinate,0.0003,498001,False,8,False,23.253496664211536,7,1.0,7,0.7157360406091371,2.16324906779263e-09
discovery,9144,9244,pi,702,legacy5,degree,coordinate,0.0003,498002,False,8,False,23.253496664211536,7,1.0,7,0.7157360406091371,2.16324906779263e-09
discovery,9144,9244,pi,702,legacy5,degree,coordinate,0.0003,498003,False,8,False,23.253496664211536,7,1.0,7,0.7157360406091371,2.16324906779263e-09
discovery,9144,9244,pi,702,legacy5,degree,common,0.03,498001,False,8,False,23.253496664211536,7,1.0,7,0.7106598984771574,5.317414820323278e-07
discovery,9144,9244,pi,702,legacy5,degree,common,0.03,498002,False,8,False,23.253496664211536,7,1.0,7,0.7208121827411168,5.317414820323278e-07
discovery,9144,9244,pi,702,legacy5,degree,common,0.03,498003,False,8,False,23.253496664211536,7,1.0,7,0.7157360406091371,5.317414820323278e-07
discovery,9144,9244,pi,702,legacy5,degree,own,0.03,498001,False,8,False,23.253496664211536,7,1.0,7,0.6903553299492385,4.266798096483022e-06
discovery,9144,9244,pi,702,legacy5,degree,own,0.03,498002,False,8,False,23.253496664211536,7,1.0,7,0.6954314720812182,4.266798096483022e-06
discovery,9144,9244,pi,702,legacy5,degree,own,0.03,498003,False,8,False,23.253496664211536,7,1.0,7,0.700507614213198,4.266798096483022e-06
discovery,9144,9244,pi,702,legacy5,degree,coordinate,0.03,498001,False,8,False,23.253496664211536,7,1.0,7,0.6802030456852792,2.16324906779263e-05
discovery,9144,9244,pi,702,legacy5,degree,coordinate,0.03,498002,False,8,False,23.253496664211536,7,1.0,7,0.6548223350253807,2.16324906779263e-05
discovery,9144,9244,pi,702,legacy5,degree,coordinate,0.03,498003,False,4,False,9.965784284662087,7,0.42857142857142855,3,0.649746192893401,2.16324906779263e-05
discovery,9144,9244,pi,702,legacy5,degree,common,0.3,498001,False,6,False,16.609640474436812,7,0.7142857142857143,5,0.6395939086294417,5.3174148203232783e-05
discovery,9144,9244,pi,702,legacy5,degree,common,0.3,498002,False,8,False,23.253496664211536,7,1.0,7,0.6142131979695431,5.3174148203232783e-05
discovery,9144,9244,pi,702,legacy5,degree,common,0.3,498003,False,2,False,3.321928094887362,7,0.14285714285714285,1,0.583756345177665,5.3174148203232783e-05
discovery,9144,9244,pi,702,legacy5,degree,own,0.3,498001,False,1,False,0.0,7,0.0,0,0.41624365482233505,0.0004266798096483021
discovery,9144,9244,pi,702,legacy5,degree,own,0.3,498002,False,4,False,9.965784284662087,7,0.42857142857142855,3,0.48223350253807107,0.0004266798096483021
discovery,9144,9244,pi,702,legacy5,degree,own,0.3,498003,False,2,False,3.321928094887362,7,0.14285714285714285,1,0.467005076142132,0.0004266798096483021
discovery,9144,9244,pi,702,legacy5,degree,coordinate,0.3,498001,False,1,False,0.0,7,0.0,0,0.2639593908629442,0.00216324906779263
discovery,9144,9244,pi,702,legacy5,degree,coordinate,0.3,498002,False,4,False,9.965784284662087,7,0.42857142857142855,3,0.40609137055837563,0.00216324906779263
discovery,9144,9244,pi,702,legacy5,degree,coordinate,0.3,498003,False,1,False,0.0,7,0.0,0,0.3299492385786802,0.00216324906779263
discovery,9144,9244,pi,702,legacy5,role,common,0.0003,498001,False,33,False,106.30169903639559,32,1.0,32,0.8730964467005076,5.317414820323276e-11
discovery,9144,9244,pi,702,legacy5,role,common,0.0003,498002,False,33,False,106.30169903639559,32,1.0,32,0.8730964467005076,5.317414820323276e-11
discovery,9144,9244,pi,702,legacy5,role,common,0.0003,498003,False,33,False,106.30169903639559,32,1.0,32,0.8730964467005076,5.317414820323276e-11
discovery,9144,9244,pi,702,legacy5,role,own,0.0003,498001,False,33,False,106.30169903639559,32,1.0,32,0.8730964467005076,4.882140936673055e-11
discovery,9144,9244,pi,702,legacy5,role,own,0.0003,498002,False,33,False,106.30169903639559,32,1.0,32,0.8730964467005076,4.882140936673055e-11
discovery,9144,9244,pi,702,legacy5,role,own,0.0003,498003,False,33,False,106.30169903639559,32,1.0,32,0.8730964467005076,4.882140936673055e-11
discovery,9144,9244,pi,702,legacy5,role,coordinate,0.0003,498001,False,33,False,106.30169903639559,32,1.0,32,0.8730964467005076,1.0382871412348311e-10
discovery,9144,9244,pi,702,legacy5,role,coordinate,0.0003,498002,False,33,False,106.30169903639559,32,1.0,32,0.8730964467005076,1.0382871412348311e-10
discovery,9144,9244,pi,702,legacy5,role,coordinate,0.0003,498003,False,33,False,106.30169903639559,32,1.0,32,0.8730964467005076,1.0382871412348311e-10
discovery,9144,9244,pi,702,legacy5,role,common,0.03,498001,False,13,False,39.86313713864835,32,0.375,12,0.8071065989847716,5.317414820323277e-07
discovery,9144,9244,pi,702,legacy5,role,common,0.03,498002,False,33,False,106.30169903639559,32,1.0,32,0.8223350253807107,5.317414820323277e-07
discovery,9144,9244,pi,702,legacy5,role,common,0.03,498003,False,33,False,106.30169903639559,32,1.0,32,0.8274111675126904,5.317414820323277e-07
discovery,9144,9244,pi,702,legacy5,role,own,0.03,498001,False,13,False,39.86313713864835,32,0.375,12,0.8071065989847716,4.882140936673055e-07
discovery,9144,9244,pi,702,legacy5,role,own,0.03,498002,False,33,False,106.30169903639559,32,1.0,32,0.8274111675126904,4.882140936673055e-07
discovery,9144,9244,pi,702,legacy5,role,own,0.03,498003,False,33,False,106.30169903639559,32,1.0,32,0.8274111675126904,4.882140936673055e-07
discovery,9144,9244,pi,702,legacy5,role,coordinate,0.03,498001,False,2,False,3.321928094887362,32,0.03125,1,0.7715736040609137,1.0382871412348311e-06
discovery,9144,9244,pi,702,legacy5,role,coordinate,0.03,498002,False,2,False,3.321928094887362,32,0.03125,1,0.7969543147208121,1.0382871412348311e-06
discovery,9144,9244,pi,702,legacy5,role,coordinate,0.03,498003,False,6,False,16.609640474436812,32,0.15625,5,0.7766497461928934,1.0382871412348311e-06
discovery,9144,9244,pi,702,legacy5,role,common,0.3,498001,False,4,False,9.965784284662087,32,0.09375,3,0.45685279187817257,5.3174148203232783e-05
discovery,9144,9244,pi,702,legacy5,role,common,0.3,498002,False,2,False,3.321928094887362,32,0.03125,1,0.39086294416243655,5.3174148203232783e-05
discovery,9144,9244,pi,702,legacy5,role,common,0.3,498003,False,2,False,3.321928094887362,32,0.03125,1,0.4467005076142132,5.3174148203232783e-05
discovery,9144,9244,pi,702,legacy5,role,own,0.3,498001,False,4,False,9.965784284662087,32,0.09375,3,0.467005076142132,4.882140936673056e-05
discovery,9144,9244,pi,702,legacy5,role,own,0.3,498002,False,2,False,3.321928094887362,32,0.03125,1,0.39086294416243655,4.882140936673056e-05
discovery,9144,9244,pi,702,legacy5,role,own,0.3,498003,False,2,False,3.321928094887362,32,0.03125,1,0.45685279187817257,4.882140936673056e-05
discovery,9144,9244,pi,702,legacy5,role,coordinate,0.3,498001,False,2,False,3.321928094887362,32,0.03125,1,0.39086294416243655,0.00010382871412348312
discovery,9144,9244,pi,702,legacy5,role,coordinate,0.3,498002,False,1,False,0.0,32,0.0,0,0.3401015228426396,0.00010382871412348312
discovery,9144,9244,pi,702,legacy5,role,coordinate,0.3,498003,False,2,False,3.321928094887362,32,0.03125,1,0.38071065989847713,0.00010382871412348312
discovery,9144,9244,random,701,legacy5,intact,common,0.0003,498001,False,5,False,13.287712379549449,4,1.0,4,0.8527918781725888,9.451451014410517e-11
discovery,9144,9244,random,701,legacy5,intact,common,0.0003,498002,False,5,False,13.287712379549449,4,1.0,4,0.8527918781725888,9.451451014410517e-11
discovery,9144,9244,random,701,legacy5,intact,common,0.0003,498003,False,5,False,13.287712379549449,4,1.0,4,0.8527918781725888,9.451451014410517e-11
discovery,9144,9244,random,701,legacy5,intact,own,0.0003,498001,True,5,False,13.287712379549449,4,1.0,4,0.8527918781725888,9.451451014410517e-11
discovery,9144,9244,random,701,legacy5,intact,own,0.0003,498002,True,5,False,13.287712379549449,4,1.0,4,0.8527918781725888,9.451451014410517e-11
discovery,9144,9244,random,701,legacy5,intact,own,0.0003,498003,True,5,False,13.287712379549449,4,1.0,4,0.8527918781725888,9.451451014410517e-11
discovery,9144,9244,random,701,legacy5,intact,coordinate,0.0003,498001,False,5,False,13.287712379549449,4,1.0,4,0.8527918781725888,1.4818942726635957e-10
discovery,9144,9244,random,701,legacy5,intact,coordinate,0.0003,498002,False,5,False,13.287712379549449,4,1.0,4,0.8527918781725888,1.4818942726635957e-10
discovery,9144,9244,random,701,legacy5,intact,coordinate,0.0003,498003,False,5,False,13.287712379549449,4,1.0,4,0.8527918781725888,1.4818942726635957e-10
discovery,9144,9244,random,701,legacy5,intact,common,0.03,498001,False,3,False,6.643856189774724,4,0.5,2,0.8274111675126904,9.451451014410519e-07
discovery,9144,9244,random,701,legacy5,intact,common,0.03,498002,False,5,False,13.287712379549449,4,1.0,4,0.8071065989847716,9.451451014410519e-07
discovery,9144,9244,random,701,legacy5,intact,common,0.03,498003,False,5,False,13.287712379549449,4,1.0,4,0.7969543147208121,9.451451014410519e-07
discovery,9144,9244,random,701,legacy5,intact,own,0.03,498001,True,3,False,6.643856189774724,4,0.5,2,0.8274111675126904,9.451451014410519e-07
discovery,9144,9244,random,701,legacy5,intact,own,0.03,498002,True,5,False,13.287712379549449,4,1.0,4,0.8071065989847716,9.451451014410519e-07
discovery,9144,9244,random,701,legacy5,intact,own,0.03,498003,True,5,False,13.287712379549449,4,1.0,4,0.7969543147208121,9.451451014410519e-07
discovery,9144,9244,random,701,legacy5,intact,coordinate,0.03,498001,False,1,False,0.0,4,0.0,0,0.7868020304568528,1.4818942726635956e-06
discovery,9144,9244,random,701,legacy5,intact,coordinate,0.03,498002,False,5,False,13.287712379549449,4,1.0,4,0.766497461928934,1.4818942726635956e-06
discovery,9144,9244,random,701,legacy5,intact,coordinate,0.03,498003,False,1,False,0.0,4,0.0,0,0.7817258883248731,1.4818942726635956e-06
discovery,9144,9244,random,701,legacy5,intact,common,0.3,498001,False,1,False,0.0,4,0.0,0,0.39593908629441626,9.451451014410518e-05
discovery,9144,9244,random,701,legacy5,intact,common,0.3,498002,False,2,False,3.321928094887362,4,0.25,1,0.39593908629441626,9.451451014410518e-05
discovery,9144,9244,random,701,legacy5,intact,common,0.3,498003,False,1,False,0.0,4,0.0,0,0.38578680203045684,9.451451014410518e-05
discovery,9144,9244,random,701,legacy5,intact,own,0.3,498001,True,1,False,0.0,4,0.0,0,0.39593908629441626,9.451451014410518e-05
discovery,9144,9244,random,701,legacy5,intact,own,0.3,498002,True,2,False,3.321928094887362,4,0.25,1,0.39593908629441626,9.451451014410518e-05
discovery,9144,9244,random,701,legacy5,intact,own,0.3,498003,True,1,False,0.0,4,0.0,0,0.38578680203045684,9.451451014410518e-05
discovery,9144,9244,random,701,legacy5,intact,coordinate,0.3,498001,False,1,False,0.0,4,0.0,0,0.36548223350253806,0.00014818942726635957
discovery,9144,9244,random,701,legacy5,intact,coordinate,0.3,498002,False,1,False,0.0,4,0.0,0,0.3350253807106599,0.00014818942726635957
discovery,9144,9244,random,701,legacy5,intact,coordinate,0.3,498003,False,1,False,0.0,4,0.0,0,0.3248730964467005,0.00014818942726635957
discovery,9144,9244,random,701,legacy5,degree,common,0.0003,498001,False,22,False,69.7604899926346,21,1.0,21,0.7258883248730964,9.451451014410515e-11
discovery,9144,9244,random,701,legacy5,degree,common,0.0003,498002,False,22,False,69.7604899926346,21,1.0,21,0.7258883248730964,9.451451014410515e-11
discovery,9144,9244,random,701,legacy5,degree,common,0.0003,498003,False,22,False,69.7604899926346,21,1.0,21,0.7258883248730964,9.451451014410515e-11
discovery,9144,9244,random,701,legacy5,degree,own,0.0003,498001,False,22,False,69.7604899926346,21,1.0,21,0.7258883248730964,5.020867477533247e-10
discovery,9144,9244,random,701,legacy5,degree,own,0.0003,498002,False,22,False,69.7604899926346,21,1.0,21,0.7258883248730964,5.020867477533247e-10
discovery,9144,9244,random,701,legacy5,degree,own,0.0003,498003,False,22,False,69.7604899926346,21,1.0,21,0.7258883248730964,5.020867477533247e-10
discovery,9144,9244,random,701,legacy5,degree,coordinate,0.0003,498001,False,22,False,69.7604899926346,21,1.0,21,0.7258883248730964,2.6528542505373825e-09
discovery,9144,9244,random,701,legacy5,degree,coordinate,0.0003,498002,False,22,False,69.7604899926346,21,1.0,21,0.7258883248730964,2.6528542505373825e-09
discovery,9144,9244,random,701,legacy5,degree,coordinate,0.0003,498003,False,22,False,69.7604899926346,21,1.0,21,0.7258883248730964,2.6528542505373825e-09
discovery,9144,9244,random,701,legacy5,degree,common,0.03,498001,False,22,False,69.7604899926346,21,1.0,21,0.7258883248730964,9.451451014410516e-07
discovery,9144,9244,random,701,legacy5,degree,common,0.03,498002,False,22,False,69.7604899926346,21,1.0,21,0.7258883248730964,9.451451014410516e-07
discovery,9144,9244,random,701,legacy5,degree,common,0.03,498003,False,22,False,69.7604899926346,21,1.0,21,0.7258883248730964,9.451451014410516e-07
discovery,9144,9244,random,701,legacy5,degree,own,0.03,498001,False,22,False,69.7604899926346,21,1.0,21,0.7055837563451777,5.020867477533246e-06
discovery,9144,9244,random,701,legacy5,degree,own,0.03,498002,False,22,False,69.7604899926346,21,1.0,21,0.7157360406091371,5.020867477533246e-06
discovery,9144,9244,random,701,legacy5,degree,own,0.03,498003,False,22,False,69.7604899926346,21,1.0,21,0.700507614213198,5.020867477533246e-06
discovery,9144,9244,random,701,legacy5,degree,coordinate,0.03,498001,False,9,False,26.575424759098897,21,0.38095238095238093,8,0.6598984771573604,2.6528542505373836e-05
discovery,9144,9244,random,701,legacy5,degree,coordinate,0.03,498002,False,22,False,69.7604899926346,21,1.0,21,0.6751269035532995,2.6528542505373836e-05
discovery,9144,9244,random,701,legacy5,degree,coordinate,0.03,498003,False,9,False,26.575424759098897,21,0.38095238095238093,8,0.649746192893401,2.6528542505373836e-05
discovery,9144,9244,random,701,legacy5,degree,common,0.3,498001,False,9,False,26.575424759098897,21,0.38095238095238093,8,0.5939086294416244,9.451451014410515e-05
discovery,9144,9244,random,701,legacy5,degree,common,0.3,498002,False,6,False,16.609640474436812,21,0.23809523809523808,5,0.5736040609137056,9.451451014410515e-05
discovery,9144,9244,random,701,legacy5,degree,common,0.3,498003,False,6,False,16.609640474436812,21,0.23809523809523808,5,0.583756345177665,9.451451014410515e-05
discovery,9144,9244,random,701,legacy5,degree,own,0.3,498001,False,3,False,6.643856189774724,21,0.09523809523809523,2,0.39593908629441626,0.0005020867477533246
discovery,9144,9244,random,701,legacy5,degree,own,0.3,498002,False,2,False,3.321928094887362,21,0.047619047619047616,1,0.4416243654822335,0.0005020867477533246
discovery,9144,9244,random,701,legacy5,degree,own,0.3,498003,False,3,False,6.643856189774724,21,0.09523809523809523,2,0.4365482233502538,0.0005020867477533246
discovery,9144,9244,random,701,legacy5,degree,coordinate,0.3,498001,False,3,False,6.643856189774724,21,0.09523809523809523,2,0.2893401015228426,0.0026528542505373834
discovery,9144,9244,random,701,legacy5,degree,coordinate,0.3,498002,False,2,False,3.321928094887362,21,0.047619047619047616,1,0.3147208121827411,0.0026528542505373834
discovery,9144,9244,random,701,legacy5,degree,coordinate,0.3,498003,False,3,False,6.643856189774724,21,0.09523809523809523,2,0.3248730964467005,0.0026528542505373834
discovery,9144,9244,random,701,legacy5,role,common,0.0003,498001,False,34,False,109.62362713128296,33,1.0,33,0.8629441624365483,9.451451014410516e-11
discovery,9144,9244,random,701,legacy5,role,common,0.0003,498002,False,34,False,109.62362713128296,33,1.0,33,0.8629441624365483,9.451451014410516e-11
discovery,9144,9244,random,701,legacy5,role,common,0.0003,498003,False,34,False,109.62362713128296,33,1.0,33,0.8629441624365483,9.451451014410516e-11
discovery,9144,9244,random,701,legacy5,role,own,0.0003,498001,False,34,False,109.62362713128296,33,1.0,33,0.8629441624365483,5.115203886917798e-11
discovery,9144,9244,random,701,legacy5,role,own,0.0003,498002,False,34,False,109.62362713128296,33,1.0,33,0.8629441624365483,5.115203886917798e-11
discovery,9144,9244,random,701,legacy5,role,own,0.0003,498003,False,34,False,109.62362713128296,33,1.0,33,0.8629441624365483,5.115203886917798e-11
discovery,9144,9244,random,701,legacy5,role,coordinate,0.0003,498001,False,34,False,109.62362713128296,33,1.0,33,0.8629441624365483,1.7450003663133822e-10
discovery,9144,9244,random,701,legacy5,role,coordinate,0.0003,498002,False,34,False,109.62362713128296,33,1.0,33,0.8629441624365483,1.7450003663133822e-10
discovery,9144,9244,random,701,legacy5,role,coordinate,0.0003,498003,False,34,False,109.62362713128296,33,1.0,33,0.8629441624365483,1.7450003663133822e-10
discovery,9144,9244,random,701,legacy5,role,common,0.03,498001,False,18,False,56.47277761308516,33,0.5151515151515151,17,0.8324873096446701,9.451451014410518e-07
discovery,9144,9244,random,701,legacy5,role,common,0.03,498002,False,7,False,19.931568569324174,33,0.18181818181818182,6,0.817258883248731,9.451451014410518e-07
discovery,9144,9244,random,701,legacy5,role,common,0.03,498003,False,22,False,69.7604899926346,33,0.6363636363636364,21,0.8324873096446701,9.451451014410518e-07
discovery,9144,9244,random,701,legacy5,role,own,0.03,498001,False,34,False,109.62362713128296,33,1.0,33,0.8477157360406091,5.115203886917798e-07
discovery,9144,9244,random,701,legacy5,role,own,0.03,498002,False,22,False,69.7604899926346,33,0.6363636363636364,21,0.8375634517766497,5.115203886917798e-07
discovery,9144,9244,random,701,legacy5,role,own,0.03,498003,False,34,False,109.62362713128296,33,1.0,33,0.8477157360406091,5.115203886917798e-07
discovery,9144,9244,random,701,legacy5,role,coordinate,0.03,498001,False,11,False,33.219280948873624,33,0.30303030303030304,10,0.7868020304568528,1.7450003663133824e-06
discovery,9144,9244,random,701,legacy5,role,coordinate,0.03,498002,False,7,False,19.931568569324174,33,0.18181818181818182,6,0.7918781725888325,1.7450003663133824e-06
discovery,9144,9244,random,701,legacy5,role,coordinate,0.03,498003,False,18,False,56.47277761308516,33,0.5151515151515151,17,0.7969543147208121,1.7450003663133824e-06
discovery,9144,9244,random,701,legacy5,role,common,0.3,498001,False,5,False,13.287712379549449,33,0.12121212121212122,4,0.4619289340101523,9.451451014410518e-05
discovery,9144,9244,random,701,legacy5,role,common,0.3,498002,False,2,False,3.321928094887362,33,0.030303030303030304,1,0.48223350253807107,9.451451014410518e-05
discovery,9144,9244,random,701,legacy5,role,common,0.3,498003,False,1,False,0.0,33,0.0,0,0.4263959390862944,9.451451014410518e-05
discovery,9144,9244,random,701,legacy5,role,own,0.3,498001,False,5,False,13.287712379549449,33,0.12121212121212122,4,0.49746192893401014,5.115203886917799e-05
discovery,9144,9244,random,701,legacy5,role,own,0.3,498002,False,2,False,3.321928094887362,33,0.030303030303030304,1,0.5329949238578681,5.115203886917799e-05
discovery,9144,9244,random,701,legacy5,role,own,0.3,498003,False,1,False,0.0,33,0.0,0,0.49746192893401014,5.115203886917799e-05
discovery,9144,9244,random,701,legacy5,role,coordinate,0.3,498001,False,3,False,6.643856189774724,33,0.06060606060606061,2,0.41624365482233505,0.00017450003663133822
discovery,9144,9244,random,701,legacy5,role,coordinate,0.3,498002,False,2,False,3.321928094887362,33,0.030303030303030304,1,0.41624365482233505,0.00017450003663133822
discovery,9144,9244,random,701,legacy5,role,coordinate,0.3,498003,False,1,False,0.0,33,0.0,0,0.3604060913705584,0.00017450003663133822
discovery,9144,9244,random,702,legacy5,intact,common,0.0003,498001,False,43,False,139.5209799852692,42,1.0,42,0.8730964467005076,5.039192657784436e-11
discovery,9144,9244,random,702,legacy5,intact,common,0.0003,498002,False,43,False,139.5209799852692,42,1.0,42,0.8730964467005076,5.039192657784436e-11
discovery,9144,9244,random,702,legacy5,intact,common,0.0003,498003,False,43,False,139.5209799852692,42,1.0,42,0.8730964467005076,5.039192657784436e-11
discovery,9144,9244,random,702,legacy5,intact,own,0.0003,498001,True,43,False,139.5209799852692,42,1.0,42,0.8730964467005076,5.039192657784436e-11
discovery,9144,9244,random,702,legacy5,intact,own,0.0003,498002,True,43,False,139.5209799852692,42,1.0,42,0.8730964467005076,5.039192657784436e-11
discovery,9144,9244,random,702,legacy5,intact,own,0.0003,498003,True,43,False,139.5209799852692,42,1.0,42,0.8730964467005076,5.039192657784436e-11
discovery,9144,9244,random,702,legacy5,intact,coordinate,0.0003,498001,False,43,False,139.5209799852692,42,1.0,42,0.8730964467005076,9.548242349207143e-11
discovery,9144,9244,random,702,legacy5,intact,coordinate,0.0003,498002,False,43,False,139.5209799852692,42,1.0,42,0.8730964467005076,9.548242349207143e-11
discovery,9144,9244,random,702,legacy5,intact,coordinate,0.0003,498003,False,43,False,139.5209799852692,42,1.0,42,0.8730964467005076,9.548242349207143e-11
discovery,9144,9244,random,702,legacy5,intact,common,0.03,498001,False,43,False,139.5209799852692,42,1.0,42,0.817258883248731,5.039192657784438e-07
discovery,9144,9244,random,702,legacy5,intact,common,0.03,498002,False,38,False,122.9113395108324,42,0.8809523809523809,37,0.7817258883248731,5.039192657784438e-07
discovery,9144,9244,random,702,legacy5,intact,common,0.03,498003,False,18,False,56.47277761308516,42,0.40476190476190477,17,0.817258883248731,5.039192657784438e-07
discovery,9144,9244,random,702,legacy5,intact,own,0.03,498001,True,43,False,139.5209799852692,42,1.0,42,0.817258883248731,5.039192657784438e-07
discovery,9144,9244,random,702,legacy5,intact,own,0.03,498002,True,38,False,122.9113395108324,42,0.8809523809523809,37,0.7817258883248731,5.039192657784438e-07
discovery,9144,9244,random,702,legacy5,intact,own,0.03,498003,True,18,False,56.47277761308516,42,0.40476190476190477,17,0.817258883248731,5.039192657784438e-07
discovery,9144,9244,random,702,legacy5,intact,coordinate,0.03,498001,False,9,False,26.575424759098897,42,0.19047619047619047,8,0.7715736040609137,9.548242349207144e-07
discovery,9144,9244,random,702,legacy5,intact,coordinate,0.03,498002,False,3,False,6.643856189774724,42,0.047619047619047616,2,0.7309644670050761,9.548242349207144e-07
discovery,9144,9244,random,702,legacy5,intact,coordinate,0.03,498003,False,18,False,56.47277761308516,42,0.40476190476190477,17,0.7715736040609137,9.548242349207144e-07
discovery,9144,9244,random,702,legacy5,intact,common,0.3,498001,False,2,False,3.321928094887362,42,0.023809523809523808,1,0.39593908629441626,5.039192657784437e-05
discovery,9144,9244,random,702,legacy5,intact,common,0.3,498002,False,1,False,0.0,42,0.0,0,0.3147208121827411,5.039192657784437e-05
discovery,9144,9244,random,702,legacy5,intact,common,0.3,498003,False,1,False,0.0,42,0.0,0,0.4263959390862944,5.039192657784437e-05
discovery,9144,9244,random,702,legacy5,intact,own,0.3,498001,True,2,False,3.321928094887362,42,0.023809523809523808,1,0.39593908629441626,5.039192657784437e-05
discovery,9144,9244,random,702,legacy5,intact,own,0.3,498002,True,1,False,0.0,42,0.0,0,0.3147208121827411,5.039192657784437e-05
discovery,9144,9244,random,702,legacy5,intact,own,0.3,498003,True,1,False,0.0,42,0.0,0,0.4263959390862944,5.039192657784437e-05
discovery,9144,9244,random,702,legacy5,intact,coordinate,0.3,498001,False,2,False,3.321928094887362,42,0.023809523809523808,1,0.3299492385786802,9.548242349207143e-05
discovery,9144,9244,random,702,legacy5,intact,coordinate,0.3,498002,False,1,False,0.0,42,0.0,0,0.25888324873096447,9.548242349207143e-05
discovery,9144,9244,random,702,legacy5,intact,coordinate,0.3,498003,False,1,False,0.0,42,0.0,0,0.3756345177664975,9.548242349207143e-05
discovery,9144,9244,random,702,legacy5,degree,common,0.0003,498001,False,33,False,106.30169903639559,32,1.0,32,0.8223350253807107,5.039192657784437e-11
discovery,9144,9244,random,702,legacy5,degree,common,0.0003,498002,False,33,False,106.30169903639559,32,1.0,32,0.8223350253807107,5.039192657784437e-11
discovery,9144,9244,random,702,legacy5,degree,common,0.0003,498003,False,33,False,106.30169903639559,32,1.0,32,0.8223350253807107,5.039192657784437e-11
discovery,9144,9244,random,702,legacy5,degree,own,0.0003,498001,False,33,False,106.30169903639559,32,1.0,32,0.8223350253807107,4.2833790547095473e-10
discovery,9144,9244,random,702,legacy5,degree,own,0.0003,498002,False,33,False,106.30169903639559,32,1.0,32,0.8223350253807107,4.2833790547095473e-10
discovery,9144,9244,random,702,legacy5,degree,own,0.0003,498003,False,33,False,106.30169903639559,32,1.0,32,0.8223350253807107,4.2833790547095473e-10
discovery,9144,9244,random,702,legacy5,degree,coordinate,0.0003,498001,False,33,False,106.30169903639559,32,1.0,32,0.8223350253807107,1.9585260398857858e-09
discovery,9144,9244,random,702,legacy5,degree,coordinate,0.0003,498002,False,33,False,106.30169903639559,32,1.0,32,0.8223350253807107,1.9585260398857858e-09
discovery,9144,9244,random,702,legacy5,degree,coordinate,0.0003,498003,False,33,False,106.30169903639559,32,1.0,32,0.8223350253807107,1.9585260398857858e-09
discovery,9144,9244,random,702,legacy5,degree,common,0.03,498001,False,33,False,106.30169903639559,32,1.0,32,0.8121827411167513,5.039192657784438e-07
discovery,9144,9244,random,702,legacy5,degree,common,0.03,498002,False,33,False,106.30169903639559,32,1.0,32,0.817258883248731,5.039192657784438e-07
discovery,9144,9244,random,702,legacy5,degree,common,0.03,498003,False,33,False,106.30169903639559,32,1.0,32,0.8223350253807107,5.039192657784438e-07
discovery,9144,9244,random,702,legacy5,degree,own,0.03,498001,False,33,False,106.30169903639559,32,1.0,32,0.7969543147208121,4.283379054709547e-06
discovery,9144,9244,random,702,legacy5,degree,own,0.03,498002,False,33,False,106.30169903639559,32,1.0,32,0.7918781725888325,4.283379054709547e-06
discovery,9144,9244,random,702,legacy5,degree,own,0.03,498003,False,33,False,106.30169903639559,32,1.0,32,0.7918781725888325,4.283379054709547e-06
discovery,9144,9244,random,702,legacy5,degree,coordinate,0.03,498001,False,33,False,106.30169903639559,32,1.0,32,0.7461928934010152,1.958526039885786e-05
discovery,9144,9244,random,702,legacy5,degree,coordinate,0.03,498002,False,33,False,106.30169903639559,32,1.0,32,0.7055837563451777,1.958526039885786e-05
discovery,9144,9244,random,702,legacy5,degree,coordinate,0.03,498003,False,21,False,66.43856189774725,32,0.625,20,0.7208121827411168,1.958526039885786e-05
discovery,9144,9244,random,702,legacy5,degree,common,0.3,498001,False,21,False,66.43856189774725,32,0.625,20,0.6954314720812182,5.039192657784437e-05
discovery,9144,9244,random,702,legacy5,degree,common,0.3,498002,False,3,False,6.643856189774724,32,0.0625,2,0.6243654822335025,5.039192657784437e-05
discovery,9144,9244,random,702,legacy5,degree,common,0.3,498003,False,1,False,0.0,32,0.0,0,0.6395939086294417,5.039192657784437e-05
discovery,9144,9244,random,702,legacy5,degree,own,0.3,498001,False,12,False,36.541209043760986,32,0.34375,11,0.5329949238578681,0.0004283379054709547
discovery,9144,9244,random,702,legacy5,degree,own,0.3,498002,False,3,False,6.643856189774724,32,0.0625,2,0.4517766497461929,0.0004283379054709547
discovery,9144,9244,random,702,legacy5,degree,own,0.3,498003,False,1,False,0.0,32,0.0,0,0.47715736040609136,0.0004283379054709547
discovery,9144,9244,random,702,legacy5,degree,coordinate,0.3,498001,False,2,False,3.321928094887362,32,0.03125,1,0.350253807106599,0.001958526039885786
discovery,9144,9244,random,702,legacy5,degree,coordinate,0.3,498002,False,3,False,6.643856189774724,32,0.0625,2,0.3553299492385787,0.001958526039885786
discovery,9144,9244,random,702,legacy5,degree,coordinate,0.3,498003,False,1,False,0.0,32,0.0,0,0.3553299492385787,0.001958526039885786
discovery,9144,9244,random,702,legacy5,role,common,0.0003,498001,False,33,False,106.30169903639559,32,1.0,32,0.868020304568528,5.0391926577844375e-11
discovery,9144,9244,random,702,legacy5,role,common,0.0003,498002,False,33,False,106.30169903639559,32,1.0,32,0.868020304568528,5.0391926577844375e-11
discovery,9144,9244,random,702,legacy5,role,common,0.0003,498003,False,33,False,106.30169903639559,32,1.0,32,0.868020304568528,5.0391926577844375e-11
discovery,9144,9244,random,702,legacy5,role,own,0.0003,498001,False,33,False,106.30169903639559,32,1.0,32,0.868020304568528,4.9030544365095765e-11
discovery,9144,9244,random,702,legacy5,role,own,0.0003,498002,False,33,False,106.30169903639559,32,1.0,32,0.868020304568528,4.9030544365095765e-11
discovery,9144,9244,random,702,legacy5,role,own,0.0003,498003,False,33,False,106.30169903639559,32,1.0,32,0.868020304568528,4.9030544365095765e-11
discovery,9144,9244,random,702,legacy5,role,coordinate,0.0003,498001,False,33,False,106.30169903639559,32,1.0,32,0.868020304568528,1.0848110291761989e-10
discovery,9144,9244,random,702,legacy5,role,coordinate,0.0003,498002,False,33,False,106.30169903639559,32,1.0,32,0.868020304568528,1.0848110291761989e-10
discovery,9144,9244,random,702,legacy5,role,coordinate,0.0003,498003,False,33,False,106.30169903639559,32,1.0,32,0.868020304568528,1.0848110291761989e-10
discovery,9144,9244,random,702,legacy5,role,common,0.03,498001,False,32,False,102.97977094150822,32,0.96875,31,0.8121827411167513,5.039192657784439e-07
discovery,9144,9244,random,702,legacy5,role,common,0.03,498002,False,33,False,106.30169903639559,32,1.0,32,0.8223350253807107,5.039192657784439e-07
discovery,9144,9244,random,702,legacy5,role,common,0.03,498003,False,32,False,102.97977094150822,32,0.96875,31,0.8274111675126904,5.039192657784439e-07
discovery,9144,9244,random,702,legacy5,role,own,0.03,498001,False,32,False,102.97977094150822,32,0.96875,31,0.8121827411167513,4.903054436509579e-07
discovery,9144,9244,random,702,legacy5,role,own,0.03,498002,False,33,False,106.30169903639559,32,1.0,32,0.8223350253807107,4.903054436509579e-07
discovery,9144,9244,random,702,legacy5,role,own,0.03,498003,False,32,False,102.97977094150822,32,0.96875,31,0.8274111675126904,4.903054436509579e-07
discovery,9144,9244,random,702,legacy5,role,coordinate,0.03,498001,False,32,False,102.97977094150822,32,0.96875,31,0.7868020304568528,1.0848110291761992e-06
discovery,9144,9244,random,702,legacy5,role,coordinate,0.03,498002,False,3,False,6.643856189774724,32,0.0625,2,0.7817258883248731,1.0848110291761992e-06
discovery,9144,9244,random,702,legacy5,role,coordinate,0.03,498003,False,14,False,43.18506523353571,32,0.40625,13,0.7918781725888325,1.0848110291761992e-06
discovery,9144,9244,random,702,legacy5,role,common,0.3,498001,False,2,False,3.321928094887362,32,0.03125,1,0.39086294416243655,5.039192657784438e-05
discovery,9144,9244,random,702,legacy5,role,common,0.3,498002,False,3,False,6.643856189774724,32,0.0625,2,0.41116751269035534,5.039192657784438e-05
discovery,9144,9244,random,702,legacy5,role,common,0.3,498003,False,2,False,3.321928094887362,32,0.03125,1,0.40609137055837563,5.039192657784438e-05
discovery,9144,9244,random,702,legacy5,role,own,0.3,498001,False,2,False,3.321928094887362,32,0.03125,1,0.39086294416243655,4.9030544365095776e-05
discovery,9144,9244,random,702,legacy5,role,own,0.3,498002,False,3,False,6.643856189774724,32,0.0625,2,0.41116751269035534,4.9030544365095776e-05
discovery,9144,9244,random,702,legacy5,role,own,0.3,498003,False,2,False,3.321928094887362,32,0.03125,1,0.41624365482233505,4.9030544365095776e-05
discovery,9144,9244,random,702,legacy5,role,coordinate,0.3,498001,False,1,False,0.0,32,0.0,0,0.29949238578680204,0.00010848110291761991
discovery,9144,9244,random,702,legacy5,role,coordinate,0.3,498002,False,1,False,0.0,32,0.0,0,0.3248730964467005,0.00010848110291761991
discovery,9144,9244,random,702,legacy5,role,coordinate,0.3,498003,False,1,False,0.0,32,0.0,0,0.3248730964467005,0.00010848110291761991
discovery,9145,9245,pi,701,legacy5,intact,common,0.0003,498001,False,36,False,116.26748332105768,35,1.0,35,0.9035532994923858,6.805457228937706e-11
discovery,9145,9245,pi,701,legacy5,intact,common,0.0003,498002,False,36,False,116.26748332105768,35,1.0,35,0.9035532994923858,6.805457228937706e-11
discovery,9145,9245,pi,701,legacy5,intact,common,0.0003,498003,False,36,False,116.26748332105768,35,1.0,35,0.9035532994923858,6.805457228937706e-11
discovery,9145,9245,pi,701,legacy5,intact,own,0.0003,498001,True,36,False,116.26748332105768,35,1.0,35,0.9035532994923858,6.805457228937706e-11
discovery,9145,9245,pi,701,legacy5,intact,own,0.0003,498002,True,36,False,116.26748332105768,35,1.0,35,0.9035532994923858,6.805457228937706e-11
discovery,9145,9245,pi,701,legacy5,intact,own,0.0003,498003,True,36,False,116.26748332105768,35,1.0,35,0.9035532994923858,6.805457228937706e-11
discovery,9145,9245,pi,701,legacy5,intact,coordinate,0.0003,498001,False,36,False,116.26748332105768,35,1.0,35,0.9035532994923858,1.3841348499788896e-10
discovery,9145,9245,pi,701,legacy5,intact,coordinate,0.0003,498002,False,36,False,116.26748332105768,35,1.0,35,0.9035532994923858,1.3841348499788896e-10
discovery,9145,9245,pi,701,legacy5,intact,coordinate,0.0003,498003,False,36,False,116.26748332105768,35,1.0,35,0.9035532994923858,1.3841348499788896e-10
discovery,9145,9245,pi,701,legacy5,intact,common,0.03,498001,False,36,False,116.26748332105768,35,1.0,35,0.8527918781725888,6.805457228937706e-07
discovery,9145,9245,pi,701,legacy5,intact,common,0.03,498002,False,36,False,116.26748332105768,35,1.0,35,0.8375634517766497,6.805457228937706e-07
discovery,9145,9245,pi,701,legacy5,intact,common,0.03,498003,False,36,False,116.26748332105768,35,1.0,35,0.8477157360406091,6.805457228937706e-07
discovery,9145,9245,pi,701,legacy5,intact,own,0.03,498001,True,36,False,116.26748332105768,35,1.0,35,0.8527918781725888,6.805457228937706e-07
discovery,9145,9245,pi,701,legacy5,intact,own,0.03,498002,True,36,False,116.26748332105768,35,1.0,35,0.8375634517766497,6.805457228937706e-07
discovery,9145,9245,pi,701,legacy5,intact,own,0.03,498003,True,36,False,116.26748332105768,35,1.0,35,0.8477157360406091,6.805457228937706e-07
discovery,9145,9245,pi,701,legacy5,intact,coordinate,0.03,498001,False,6,False,16.609640474436812,35,0.14285714285714285,5,0.7563451776649747,1.3841348499788898e-06
discovery,9145,9245,pi,701,legacy5,intact,coordinate,0.03,498002,False,19,False,59.79470570797252,35,0.5142857142857142,18,0.7868020304568528,1.3841348499788898e-06
discovery,9145,9245,pi,701,legacy5,intact,coordinate,0.03,498003,False,18,False,56.47277761308516,35,0.4857142857142857,17,0.8020304568527918,1.3841348499788898e-06
discovery,9145,9245,pi,701,legacy5,intact,common,0.3,498001,False,6,False,16.609640474436812,35,0.14285714285714285,5,0.43147208121827413,6.805457228937707e-05
discovery,9145,9245,pi,701,legacy5,intact,common,0.3,498002,False,4,False,9.965784284662087,35,0.08571428571428572,3,0.41624365482233505,6.805457228937707e-05
discovery,9145,9245,pi,701,legacy5,intact,common,0.3,498003,False,4,False,9.965784284662087,35,0.08571428571428572,3,0.39593908629441626,6.805457228937707e-05
discovery,9145,9245,pi,701,legacy5,intact,own,0.3,498001,True,6,False,16.609640474436812,35,0.14285714285714285,5,0.43147208121827413,6.805457228937707e-05
discovery,9145,9245,pi,701,legacy5,intact,own,0.3,498002,True,4,False,9.965784284662087,35,0.08571428571428572,3,0.41624365482233505,6.805457228937707e-05
discovery,9145,9245,pi,701,legacy5,intact,own,0.3,498003,True,4,False,9.965784284662087,35,0.08571428571428572,3,0.39593908629441626,6.805457228937707e-05
discovery,9145,9245,pi,701,legacy5,intact,coordinate,0.3,498001,False,6,False,16.609640474436812,35,0.14285714285714285,5,0.38578680203045684,0.00013841348499788898
discovery,9145,9245,pi,701,legacy5,intact,coordinate,0.3,498002,False,4,False,9.965784284662087,35,0.08571428571428572,3,0.350253807106599,0.00013841348499788898
discovery,9145,9245,pi,701,legacy5,intact,coordinate,0.3,498003,False,4,False,9.965784284662087,35,0.08571428571428572,3,0.34517766497461927,0.00013841348499788898
discovery,9145,9245,pi,701,legacy5,degree,common,0.0003,498001,False,33,False,106.30169903639559,32,1.0,32,0.7766497461928934,6.805457228937706e-11
discovery,9145,9245,pi,701,legacy5,degree,common,0.0003,498002,False,33,False,106.30169903639559,32,1.0,32,0.7766497461928934,6.805457228937706e-11
discovery,9145,9245,pi,701,legacy5,degree,common,0.0003,498003,False,33,False,106.30169903639559,32,1.0,32,0.7766497461928934,6.805457228937706e-11
discovery,9145,9245,pi,701,legacy5,degree,own,0.0003,498001,False,33,False,106.30169903639559,32,1.0,32,0.7766497461928934,4.683252840496172e-10
discovery,9145,9245,pi,701,legacy5,degree,own,0.0003,498002,False,33,False,106.30169903639559,32,1.0,32,0.7766497461928934,4.683252840496172e-10
discovery,9145,9245,pi,701,legacy5,degree,own,0.0003,498003,False,33,False,106.30169903639559,32,1.0,32,0.7766497461928934,4.683252840496172e-10
discovery,9145,9245,pi,701,legacy5,degree,coordinate,0.0003,498001,False,33,False,106.30169903639559,32,1.0,32,0.7766497461928934,1.8208994444015688e-09
discovery,9145,9245,pi,701,legacy5,degree,coordinate,0.0003,498002,False,33,False,106.30169903639559,32,1.0,32,0.7766497461928934,1.8208994444015688e-09
discovery,9145,9245,pi,701,legacy5,degree,coordinate,0.0003,498003,False,33,False,106.30169903639559,32,1.0,32,0.7766497461928934,1.8208994444015688e-09
discovery,9145,9245,pi,701,legacy5,degree,common,0.03,498001,False,33,False,106.30169903639559,32,1.0,32,0.7766497461928934,6.805457228937707e-07
discovery,9145,9245,pi,701,legacy5,degree,common,0.03,498002,False,33,False,106.30169903639559,32,1.0,32,0.7715736040609137,6.805457228937707e-07
discovery,9145,9245,pi,701,legacy5,degree,common,0.03,498003,False,33,False,106.30169903639559,32,1.0,32,0.7766497461928934,6.805457228937707e-07
discovery,9145,9245,pi,701,legacy5,degree,own,0.03,498001,False,13,False,39.86313713864835,32,0.375,12,0.766497461928934,4.683252840496172e-06
discovery,9145,9245,pi,701,legacy5,degree,own,0.03,498002,False,25,False,79.7262742772967,32,0.75,24,0.751269035532995,4.683252840496172e-06
discovery,9145,9245,pi,701,legacy5,degree,own,0.03,498003,False,33,False,106.30169903639559,32,1.0,32,0.7360406091370558,4.683252840496172e-06
discovery,9145,9245,pi,701,legacy5,degree,coordinate,0.03,498001,False,6,False,16.609640474436812,32,0.15625,5,0.6802030456852792,1.8208994444015686e-05
discovery,9145,9245,pi,701,legacy5,degree,coordinate,0.03,498002,False,25,False,79.7262742772967,32,0.75,24,0.7055837563451777,1.8208994444015686e-05
discovery,9145,9245,pi,701,legacy5,degree,coordinate,0.03,498003,False,33,False,106.30169903639559,32,1.0,32,0.6954314720812182,1.8208994444015686e-05
discovery,9145,9245,pi,701,legacy5,degree,common,0.3,498001,False,6,False,16.609640474436812,32,0.15625,5,0.6091370558375635,6.805457228937707e-05
discovery,9145,9245,pi,701,legacy5,degree,common,0.3,498002,False,20,False,63.11663380285988,32,0.59375,19,0.6243654822335025,6.805457228937707e-05
discovery,9145,9245,pi,701,legacy5,degree,common,0.3,498003,False,6,False,16.609640474436812,32,0.15625,5,0.5989847715736041,6.805457228937707e-05
discovery,9145,9245,pi,701,legacy5,degree,own,0.3,498001,False,2,False,3.321928094887362,32,0.03125,1,0.45685279187817257,0.00046832528404961734
discovery,9145,9245,pi,701,legacy5,degree,own,0.3,498002,False,10,False,29.89735285398626,32,0.28125,9,0.48223350253807107,0.00046832528404961734
discovery,9145,9245,pi,701,legacy5,degree,own,0.3,498003,False,3,False,6.643856189774724,32,0.0625,2,0.4619289340101523,0.00046832528404961734
discovery,9145,9245,pi,701,legacy5,degree,coordinate,0.3,498001,False,2,False,3.321928094887362,32,0.03125,1,0.3096446700507614,0.0018208994444015687
discovery,9145,9245,pi,701,legacy5,degree,coordinate,0.3,498002,False,6,False,16.609640474436812,32,0.15625,5,0.37055837563451777,0.0018208994444015687
discovery,9145,9245,pi,701,legacy5,degree,coordinate,0.3,498003,False,3,False,6.643856189774724,32,0.0625,2,0.3197969543147208,0.0018208994444015687
discovery,9145,9245,pi,701,legacy5,role,common,0.0003,498001,False,40,False,129.55519570060713,39,1.0,39,0.883248730964467,6.805457228937703e-11
discovery,9145,9245,pi,701,legacy5,role,common,0.0003,498002,False,40,False,129.55519570060713,39,1.0,39,0.883248730964467,6.805457228937703e-11
discovery,9145,9245,pi,701,legacy5,role,common,0.0003,498003,False,40,False,129.55519570060713,39,1.0,39,0.883248730964467,6.805457228937703e-11
discovery,9145,9245,pi,701,legacy5,role,own,0.0003,498001,False,40,False,129.55519570060713,39,1.0,39,0.883248730964467,4.2264070530678835e-11
discovery,9145,9245,pi,701,legacy5,role,own,0.0003,498002,False,40,False,129.55519570060713,39,1.0,39,0.883248730964467,4.2264070530678835e-11
discovery,9145,9245,pi,701,legacy5,role,own,0.0003,498003,False,40,False,129.55519570060713,39,1.0,39,0.883248730964467,4.2264070530678835e-11
discovery,9145,9245,pi,701,legacy5,role,coordinate,0.0003,498001,False,40,False,129.55519570060713,39,1.0,39,0.883248730964467,1.215446772433003e-10
discovery,9145,9245,pi,701,legacy5,role,coordinate,0.0003,498002,False,40,False,129.55519570060713,39,1.0,39,0.883248730964467,1.215446772433003e-10
discovery,9145,9245,pi,701,legacy5,role,coordinate,0.0003,498003,False,40,False,129.55519570060713,39,1.0,39,0.883248730964467,1.215446772433003e-10
discovery,9145,9245,pi,701,legacy5,role,common,0.03,498001,False,40,False,129.55519570060713,39,1.0,39,0.8223350253807107,6.805457228937705e-07
discovery,9145,9245,pi,701,legacy5,role,common,0.03,498002,False,40,False,129.55519570060713,39,1.0,39,0.8477157360406091,6.805457228937705e-07
discovery,9145,9245,pi,701,legacy5,role,common,0.03,498003,False,40,False,129.55519570060713,39,1.0,39,0.817258883248731,6.805457228937705e-07
discovery,9145,9245,pi,701,legacy5,role,own,0.03,498001,False,40,False,129.55519570060713,39,1.0,39,0.8274111675126904,4.2264070530678834e-07
discovery,9145,9245,pi,701,legacy5,role,own,0.03,498002,False,40,False,129.55519570060713,39,1.0,39,0.8578680203045685,4.2264070530678834e-07
discovery,9145,9245,pi,701,legacy5,role,own,0.03,498003,False,40,False,129.55519570060713,39,1.0,39,0.8426395939086294,4.2264070530678834e-07
discovery,9145,9245,pi,701,legacy5,role,coordinate,0.03,498001,False,23,False,73.08241808752197,39,0.5641025641025641,22,0.8121827411167513,1.215446772433003e-06
discovery,9145,9245,pi,701,legacy5,role,coordinate,0.03,498002,False,40,False,129.55519570060713,39,1.0,39,0.8223350253807107,1.215446772433003e-06
discovery,9145,9245,pi,701,legacy5,role,coordinate,0.03,498003,False,29,False,93.01398665684614,39,0.717948717948718,28,0.7766497461928934,1.215446772433003e-06
discovery,9145,9245,pi,701,legacy5,role,common,0.3,498001,False,2,False,3.321928094887362,39,0.02564102564102564,1,0.41624365482233505,6.805457228937706e-05
discovery,9145,9245,pi,701,legacy5,role,common,0.3,498002,False,3,False,6.643856189774724,39,0.05128205128205128,2,0.49746192893401014,6.805457228937706e-05
discovery,9145,9245,pi,701,legacy5,role,common,0.3,498003,False,1,False,0.0,39,0.0,0,0.4467005076142132,6.805457228937706e-05
discovery,9145,9245,pi,701,legacy5,role,own,0.3,498001,False,2,False,3.321928094887362,39,0.02564102564102564,1,0.4720812182741117,4.226407053067883e-05
discovery,9145,9245,pi,701,legacy5,role,own,0.3,498002,False,3,False,6.643856189774724,39,0.05128205128205128,2,0.5177664974619289,4.226407053067883e-05
discovery,9145,9245,pi,701,legacy5,role,own,0.3,498003,False,1,False,0.0,39,0.0,0,0.5076142131979695,4.226407053067883e-05
discovery,9145,9245,pi,701,legacy5,role,coordinate,0.3,498001,False,2,False,3.321928094887362,39,0.02564102564102564,1,0.3553299492385787,0.0001215446772433003
discovery,9145,9245,pi,701,legacy5,role,coordinate,0.3,498002,False,3,False,6.643856189774724,39,0.05128205128205128,2,0.43147208121827413,0.0001215446772433003
discovery,9145,9245,pi,701,legacy5,role,coordinate,0.3,498003,False,1,False,0.0,39,0.0,0,0.41116751269035534,0.0001215446772433003
discovery,9145,9245,pi,702,legacy5,intact,common,0.0003,498001,False,40,False,129.55519570060713,39,1.0,39,0.9035532994923858,7.054058943517051e-11
discovery,9145,9245,pi,702,legacy5,intact,common,0.0003,498002,False,40,False,129.55519570060713,39,1.0,39,0.9035532994923858,7.054058943517051e-11
discovery,9145,9245,pi,702,legacy5,intact,common,0.0003,498003,False,40,False,129.55519570060713,39,1.0,39,0.9035532994923858,7.054058943517051e-11
discovery,9145,9245,pi,702,legacy5,intact,own,0.0003,498001,True,40,False,129.55519570060713,39,1.0,39,0.9035532994923858,7.054058943517051e-11
discovery,9145,9245,pi,702,legacy5,intact,own,0.0003,498002,True,40,False,129.55519570060713,39,1.0,39,0.9035532994923858,7.054058943517051e-11
discovery,9145,9245,pi,702,legacy5,intact,own,0.0003,498003,True,40,False,129.55519570060713,39,1.0,39,0.9035532994923858,7.054058943517051e-11
discovery,9145,9245,pi,702,legacy5,intact,coordinate,0.0003,498001,False,40,False,129.55519570060713,39,1.0,39,0.9035532994923858,1.1411648551980228e-10
discovery,9145,9245,pi,702,legacy5,intact,coordinate,0.0003,498002,False,40,False,129.55519570060713,39,1.0,39,0.9035532994923858,1.1411648551980228e-10
discovery,9145,9245,pi,702,legacy5,intact,coordinate,0.0003,498003,False,40,False,129.55519570060713,39,1.0,39,0.9035532994923858,1.1411648551980228e-10
discovery,9145,9245,pi,702,legacy5,intact,common,0.03,498001,False,31,False,99.65784284662087,39,0.7692307692307693,30,0.8121827411167513,7.054058943517052e-07
discovery,9145,9245,pi,702,legacy5,intact,common,0.03,498002,False,13,False,39.86313713864835,39,0.3076923076923077,12,0.8020304568527918,7.054058943517052e-07
discovery,9145,9245,pi,702,legacy5,intact,common,0.03,498003,False,22,False,69.7604899926346,39,0.5384615384615384,21,0.8274111675126904,7.054058943517052e-07
discovery,9145,9245,pi,702,legacy5,intact,own,0.03,498001,True,31,False,99.65784284662087,39,0.7692307692307693,30,0.8121827411167513,7.054058943517052e-07
discovery,9145,9245,pi,702,legacy5,intact,own,0.03,498002,True,13,False,39.86313713864835,39,0.3076923076923077,12,0.8020304568527918,7.054058943517052e-07
discovery,9145,9245,pi,702,legacy5,intact,own,0.03,498003,True,22,False,69.7604899926346,39,0.5384615384615384,21,0.8274111675126904,7.054058943517052e-07
discovery,9145,9245,pi,702,legacy5,intact,coordinate,0.03,498001,False,7,False,19.931568569324174,39,0.15384615384615385,6,0.7918781725888325,1.141164855198023e-06
discovery,9145,9245,pi,702,legacy5,intact,coordinate,0.03,498002,False,13,False,39.86313713864835,39,0.3076923076923077,12,0.7563451776649747,1.141164855198023e-06
discovery,9145,9245,pi,702,legacy5,intact,coordinate,0.03,498003,False,14,False,43.18506523353571,39,0.3333333333333333,13,0.7817258883248731,1.141164855198023e-06
discovery,9145,9245,pi,702,legacy5,intact,common,0.3,498001,False,3,False,6.643856189774724,39,0.05128205128205128,2,0.45685279187817257,7.05405894351705e-05
discovery,9145,9245,pi,702,legacy5,intact,common,0.3,498002,False,3,False,6.643856189774724,39,0.05128205128205128,2,0.39593908629441626,7.05405894351705e-05
discovery,9145,9245,pi,702,legacy5,intact,common,0.3,498003,False,3,False,6.643856189774724,39,0.05128205128205128,2,0.41116751269035534,7.05405894351705e-05
discovery,9145,9245,pi,702,legacy5,intact,own,0.3,498001,True,3,False,6.643856189774724,39,0.05128205128205128,2,0.45685279187817257,7.05405894351705e-05
discovery,9145,9245,pi,702,legacy5,intact,own,0.3,498002,True,3,False,6.643856189774724,39,0.05128205128205128,2,0.39593908629441626,7.05405894351705e-05
discovery,9145,9245,pi,702,legacy5,intact,own,0.3,498003,True,3,False,6.643856189774724,39,0.05128205128205128,2,0.41116751269035534,7.05405894351705e-05
discovery,9145,9245,pi,702,legacy5,intact,coordinate,0.3,498001,False,3,False,6.643856189774724,39,0.05128205128205128,2,0.4467005076142132,0.00011411648551980229
discovery,9145,9245,pi,702,legacy5,intact,coordinate,0.3,498002,False,2,False,3.321928094887362,39,0.02564102564102564,1,0.3401015228426396,0.00011411648551980229
discovery,9145,9245,pi,702,legacy5,intact,coordinate,0.3,498003,False,3,False,6.643856189774724,39,0.05128205128205128,2,0.39593908629441626,0.00011411648551980229
discovery,9145,9245,pi,702,legacy5,degree,common,0.0003,498001,False,34,False,109.62362713128296,33,1.0,33,0.766497461928934,7.05405894351705e-11
discovery,9145,9245,pi,702,legacy5,degree,common,0.0003,498002,False,34,False,109.62362713128296,33,1.0,33,0.766497461928934,7.05405894351705e-11
discovery,9145,9245,pi,702,legacy5,degree,common,0.0003,498003,False,34,False,109.62362713128296,33,1.0,33,0.766497461928934,7.05405894351705e-11
discovery,9145,9245,pi,702,legacy5,degree,own,0.0003,498001,False,34,False,109.62362713128296,33,1.0,33,0.766497461928934,6.96476381973541e-10
discovery,9145,9245,pi,702,legacy5,degree,own,0.0003,498002,False,34,False,109.62362713128296,33,1.0,33,0.766497461928934,6.96476381973541e-10
discovery,9145,9245,pi,702,legacy5,degree,own,0.0003,498003,False,34,False,109.62362713128296,33,1.0,33,0.766497461928934,6.96476381973541e-10
discovery,9145,9245,pi,702,legacy5,degree,coordinate,0.0003,498001,False,34,False,109.62362713128296,33,1.0,33,0.766497461928934,2.747204127544481e-09
discovery,9145,9245,pi,702,legacy5,degree,coordinate,0.0003,498002,False,34,False,109.62362713128296,33,1.0,33,0.766497461928934,2.747204127544481e-09
discovery,9145,9245,pi,702,legacy5,degree,coordinate,0.0003,498003,False,34,False,109.62362713128296,33,1.0,33,0.766497461928934,2.747204127544481e-09
discovery,9145,9245,pi,702,legacy5,degree,common,0.03,498001,False,34,False,109.62362713128296,33,1.0,33,0.7614213197969543,7.054058943517051e-07
discovery,9145,9245,pi,702,legacy5,degree,common,0.03,498002,False,34,False,109.62362713128296,33,1.0,33,0.7563451776649747,7.054058943517051e-07
discovery,9145,9245,pi,702,legacy5,degree,common,0.03,498003,False,34,False,109.62362713128296,33,1.0,33,0.7563451776649747,7.054058943517051e-07
discovery,9145,9245,pi,702,legacy5,degree,own,0.03,498001,False,34,False,109.62362713128296,33,1.0,33,0.7309644670050761,6.964763819735412e-06
discovery,9145,9245,pi,702,legacy5,degree,own,0.03,498002,False,33,False,106.30169903639559,33,0.9696969696969697,32,0.7360406091370558,6.964763819735412e-06
discovery,9145,9245,pi,702,legacy5,degree,own,0.03,498003,False,2,False,3.321928094887362,33,0.030303030303030304,1,0.7461928934010152,6.964763819735412e-06
discovery,9145,9245,pi,702,legacy5,degree,coordinate,0.03,498001,False,18,False,56.47277761308516,33,0.5151515151515151,17,0.6802030456852792,2.747204127544481e-05
discovery,9145,9245,pi,702,legacy5,degree,coordinate,0.03,498002,False,33,False,106.30169903639559,33,0.9696969696969697,32,0.6954314720812182,2.747204127544481e-05
discovery,9145,9245,pi,702,legacy5,degree,coordinate,0.03,498003,False,2,False,3.321928094887362,33,0.030303030303030304,1,0.6852791878172588,2.747204127544481e-05
discovery,9145,9245,pi,702,legacy5,degree,common,0.3,498001,False,3,False,6.643856189774724,33,0.06060606060606061,2,0.6040609137055838,7.05405894351705e-05
discovery,9145,9245,pi,702,legacy5,degree,common,0.3,498002,False,10,False,29.89735285398626,33,0.2727272727272727,9,0.6243654822335025,7.05405894351705e-05
discovery,9145,9245,pi,702,legacy5,degree,common,0.3,498003,False,2,False,3.321928094887362,33,0.030303030303030304,1,0.649746192893401,7.05405894351705e-05
discovery,9145,9245,pi,702,legacy5,degree,own,0.3,498001,False,2,False,3.321928094887362,33,0.030303030303030304,1,0.45685279187817257,0.0006964763819735412
discovery,9145,9245,pi,702,legacy5,degree,own,0.3,498002,False,2,False,3.321928094887362,33,0.030303030303030304,1,0.4873096446700508,0.0006964763819735412
discovery,9145,9245,pi,702,legacy5,degree,own,0.3,498003,False,1,False,0.0,33,0.0,0,0.43147208121827413,0.0006964763819735412
discovery,9145,9245,pi,702,legacy5,degree,coordinate,0.3,498001,False,1,False,0.0,33,0.0,0,0.350253807106599,0.002747204127544481
discovery,9145,9245,pi,702,legacy5,degree,coordinate,0.3,498002,False,2,False,3.321928094887362,33,0.030303030303030304,1,0.3604060913705584,0.002747204127544481
discovery,9145,9245,pi,702,legacy5,degree,coordinate,0.3,498003,False,1,False,0.0,33,0.0,0,0.2893401015228426,0.002747204127544481
discovery,9145,9245,pi,702,legacy5,role,common,0.0003,498001,False,39,False,126.23326760571976,38,1.0,38,0.8730964467005076,7.054058943517051e-11
discovery,9145,9245,pi,702,legacy5,role,common,0.0003,498002,False,39,False,126.23326760571976,38,1.0,38,0.8730964467005076,7.054058943517051e-11
discovery,9145,9245,pi,702,legacy5,role,common,0.0003,498003,False,39,False,126.23326760571976,38,1.0,38,0.8730964467005076,7.054058943517051e-11
discovery,9145,9245,pi,702,legacy5,role,own,0.0003,498001,False,39,False,126.23326760571976,38,1.0,38,0.8730964467005076,4.8286065795116344e-11
discovery,9145,9245,pi,702,legacy5,role,own,0.0003,498002,False,39,False,126.23326760571976,38,1.0,38,0.8730964467005076,4.8286065795116344e-11
discovery,9145,9245,pi,702,legacy5,role,own,0.0003,498003,False,39,False,126.23326760571976,38,1.0,38,0.8730964467005076,4.8286065795116344e-11
discovery,9145,9245,pi,702,legacy5,role,coordinate,0.0003,498001,False,39,False,126.23326760571976,38,1.0,38,0.8730964467005076,1.174287374801509e-10
discovery,9145,9245,pi,702,legacy5,role,coordinate,0.0003,498002,False,39,False,126.23326760571976,38,1.0,38,0.8730964467005076,1.174287374801509e-10
discovery,9145,9245,pi,702,legacy5,role,coordinate,0.0003,498003,False,39,False,126.23326760571976,38,1.0,38,0.8730964467005076,1.174287374801509e-10
discovery,9145,9245,pi,702,legacy5,role,common,0.03,498001,False,39,False,126.23326760571976,38,1.0,38,0.8121827411167513,7.054058943517052e-07
discovery,9145,9245,pi,702,legacy5,role,common,0.03,498002,False,39,False,126.23326760571976,38,1.0,38,0.8121827411167513,7.054058943517052e-07
discovery,9145,9245,pi,702,legacy5,role,common,0.03,498003,False,7,False,19.931568569324174,38,0.15789473684210525,6,0.8121827411167513,7.054058943517052e-07
discovery,9145,9245,pi,702,legacy5,role,own,0.03,498001,False,39,False,126.23326760571976,38,1.0,38,0.8223350253807107,4.828606579511635e-07
discovery,9145,9245,pi,702,legacy5,role,own,0.03,498002,False,39,False,126.23326760571976,38,1.0,38,0.8223350253807107,4.828606579511635e-07
discovery,9145,9245,pi,702,legacy5,role,own,0.03,498003,False,10,False,29.89735285398626,38,0.23684210526315788,9,0.8223350253807107,4.828606579511635e-07
discovery,9145,9245,pi,702,legacy5,role,coordinate,0.03,498001,False,36,False,116.26748332105768,38,0.9210526315789473,35,0.7715736040609137,1.1742873748015092e-06
discovery,9145,9245,pi,702,legacy5,role,coordinate,0.03,498002,False,4,False,9.965784284662087,38,0.07894736842105263,3,0.7766497461928934,1.1742873748015092e-06
discovery,9145,9245,pi,702,legacy5,role,coordinate,0.03,498003,False,7,False,19.931568569324174,38,0.15789473684210525,6,0.8020304568527918,1.1742873748015092e-06
discovery,9145,9245,pi,702,legacy5,role,common,0.3,498001,False,2,False,3.321928094887362,38,0.02631578947368421,1,0.40609137055837563,7.05405894351705e-05
discovery,9145,9245,pi,702,legacy5,role,common,0.3,498002,False,4,False,9.965784284662087,38,0.07894736842105263,3,0.36548223350253806,7.05405894351705e-05
discovery,9145,9245,pi,702,legacy5,role,common,0.3,498003,False,3,False,6.643856189774724,38,0.05263157894736842,2,0.38578680203045684,7.05405894351705e-05
discovery,9145,9245,pi,702,legacy5,role,own,0.3,498001,False,2,False,3.321928094887362,38,0.02631578947368421,1,0.4517766497461929,4.828606579511635e-05
discovery,9145,9245,pi,702,legacy5,role,own,0.3,498002,False,4,False,9.965784284662087,38,0.07894736842105263,3,0.4010152284263959,4.828606579511635e-05
discovery,9145,9245,pi,702,legacy5,role,own,0.3,498003,False,3,False,6.643856189774724,38,0.05263157894736842,2,0.41116751269035534,4.828606579511635e-05
discovery,9145,9245,pi,702,legacy5,role,coordinate,0.3,498001,False,2,False,3.321928094887362,38,0.02631578947368421,1,0.3553299492385787,0.00011742873748015092
discovery,9145,9245,pi,702,legacy5,role,coordinate,0.3,498002,False,3,False,6.643856189774724,38,0.05263157894736842,2,0.3248730964467005,0.00011742873748015092
discovery,9145,9245,pi,702,legacy5,role,coordinate,0.3,498003,False,3,False,6.643856189774724,38,0.05263157894736842,2,0.350253807106599,0.00011742873748015092
discovery,9145,9245,random,701,legacy5,intact,common,0.0003,498001,False,21,False,66.43856189774725,20,1.0,20,0.8477157360406091,6.489304997187546e-11
discovery,9145,9245,random,701,legacy5,intact,common,0.0003,498002,False,21,False,66.43856189774725,20,1.0,20,0.8477157360406091,6.489304997187546e-11
discovery,9145,9245,random,701,legacy5,intact,common,0.0003,498003,False,21,False,66.43856189774725,20,1.0,20,0.8477157360406091,6.489304997187546e-11
discovery,9145,9245,random,701,legacy5,intact,own,0.0003,498001,True,21,False,66.43856189774725,20,1.0,20,0.8477157360406091,6.489304997187546e-11
discovery,9145,9245,random,701,legacy5,intact,own,0.0003,498002,True,21,False,66.43856189774725,20,1.0,20,0.8477157360406091,6.489304997187546e-11
discovery,9145,9245,random,701,legacy5,intact,own,0.0003,498003,True,21,False,66.43856189774725,20,1.0,20,0.8477157360406091,6.489304997187546e-11
discovery,9145,9245,random,701,legacy5,intact,coordinate,0.0003,498001,False,21,False,66.43856189774725,20,1.0,20,0.8477157360406091,1.4590195758706403e-10
discovery,9145,9245,random,701,legacy5,intact,coordinate,0.0003,498002,False,21,False,66.43856189774725,20,1.0,20,0.8477157360406091,1.4590195758706403e-10
discovery,9145,9245,random,701,legacy5,intact,coordinate,0.0003,498003,False,21,False,66.43856189774725,20,1.0,20,0.8477157360406091,1.4590195758706403e-10
discovery,9145,9245,random,701,legacy5,intact,common,0.03,498001,False,21,False,66.43856189774725,20,1.0,20,0.8020304568527918,6.489304997187547e-07
discovery,9145,9245,random,701,legacy5,intact,common,0.03,498002,False,21,False,66.43856189774725,20,1.0,20,0.8223350253807107,6.489304997187547e-07
discovery,9145,9245,random,701,legacy5,intact,common,0.03,498003,False,21,False,66.43856189774725,20,1.0,20,0.7969543147208121,6.489304997187547e-07
discovery,9145,9245,random,701,legacy5,intact,own,0.03,498001,True,21,False,66.43856189774725,20,1.0,20,0.8020304568527918,6.489304997187547e-07
discovery,9145,9245,random,701,legacy5,intact,own,0.03,498002,True,21,False,66.43856189774725,20,1.0,20,0.8223350253807107,6.489304997187547e-07
discovery,9145,9245,random,701,legacy5,intact,own,0.03,498003,True,21,False,66.43856189774725,20,1.0,20,0.7969543147208121,6.489304997187547e-07
discovery,9145,9245,random,701,legacy5,intact,coordinate,0.03,498001,False,21,False,66.43856189774725,20,1.0,20,0.7715736040609137,1.4590195758706405e-06
discovery,9145,9245,random,701,legacy5,intact,coordinate,0.03,498002,False,21,False,66.43856189774725,20,1.0,20,0.7715736040609137,1.4590195758706405e-06
discovery,9145,9245,random,701,legacy5,intact,coordinate,0.03,498003,False,21,False,66.43856189774725,20,1.0,20,0.7766497461928934,1.4590195758706405e-06
discovery,9145,9245,random,701,legacy5,intact,common,0.3,498001,False,3,False,6.643856189774724,20,0.1,2,0.4517766497461929,6.489304997187548e-05
discovery,9145,9245,random,701,legacy5,intact,common,0.3,498002,False,2,False,3.321928094887362,20,0.05,1,0.41624365482233505,6.489304997187548e-05
discovery,9145,9245,random,701,legacy5,intact,common,0.3,498003,False,9,False,26.575424759098897,20,0.4,8,0.4873096446700508,6.489304997187548e-05
discovery,9145,9245,random,701,legacy5,intact,own,0.3,498001,True,3,False,6.643856189774724,20,0.1,2,0.4517766497461929,6.489304997187548e-05
discovery,9145,9245,random,701,legacy5,intact,own,0.3,498002,True,2,False,3.321928094887362,20,0.05,1,0.41624365482233505,6.489304997187548e-05
discovery,9145,9245,random,701,legacy5,intact,own,0.3,498003,True,9,False,26.575424759098897,20,0.4,8,0.4873096446700508,6.489304997187548e-05
discovery,9145,9245,random,701,legacy5,intact,coordinate,0.3,498001,False,3,False,6.643856189774724,20,0.1,2,0.3756345177664975,0.00014590195758706404
discovery,9145,9245,random,701,legacy5,intact,coordinate,0.3,498002,False,1,False,0.0,20,0.0,0,0.30456852791878175,0.00014590195758706404
discovery,9145,9245,random,701,legacy5,intact,coordinate,0.3,498003,False,7,False,19.931568569324174,20,0.3,6,0.43147208121827413,0.00014590195758706404
discovery,9145,9245,random,701,legacy5,degree,common,0.0003,498001,False,36,False,116.26748332105768,35,1.0,35,0.8375634517766497,6.489304997187546e-11
discovery,9145,9245,random,701,legacy5,degree,common,0.0003,498002,False,36,False,116.26748332105768,35,1.0,35,0.8375634517766497,6.489304997187546e-11
discovery,9145,9245,random,701,legacy5,degree,common,0.0003,498003,False,36,False,116.26748332105768,35,1.0,35,0.8375634517766497,6.489304997187546e-11
discovery,9145,9245,random,701,legacy5,degree,own,0.0003,498001,False,36,False,116.26748332105768,35,1.0,35,0.8375634517766497,5.114740613135775e-10
discovery,9145,9245,random,701,legacy5,degree,own,0.0003,498002,False,36,False,116.26748332105768,35,1.0,35,0.8375634517766497,5.114740613135775e-10
discovery,9145,9245,random,701,legacy5,degree,own,0.0003,498003,False,36,False,116.26748332105768,35,1.0,35,0.8375634517766497,5.114740613135775e-10
discovery,9145,9245,random,701,legacy5,degree,coordinate,0.0003,498001,False,36,False,116.26748332105768,35,1.0,35,0.8375634517766497,2.2273885050069123e-09
discovery,9145,9245,random,701,legacy5,degree,coordinate,0.0003,498002,False,36,False,116.26748332105768,35,1.0,35,0.8375634517766497,2.2273885050069123e-09
discovery,9145,9245,random,701,legacy5,degree,coordinate,0.0003,498003,False,36,False,116.26748332105768,35,1.0,35,0.8375634517766497,2.2273885050069123e-09
discovery,9145,9245,random,701,legacy5,degree,common,0.03,498001,False,36,False,116.26748332105768,35,1.0,35,0.8324873096446701,6.489304997187547e-07
discovery,9145,9245,random,701,legacy5,degree,common,0.03,498002,False,36,False,116.26748332105768,35,1.0,35,0.8324873096446701,6.489304997187547e-07
discovery,9145,9245,random,701,legacy5,degree,common,0.03,498003,False,36,False,116.26748332105768,35,1.0,35,0.8223350253807107,6.489304997187547e-07
discovery,9145,9245,random,701,legacy5,degree,own,0.03,498001,False,36,False,116.26748332105768,35,1.0,35,0.817258883248731,5.114740613135777e-06
discovery,9145,9245,random,701,legacy5,degree,own,0.03,498002,False,36,False,116.26748332105768,35,1.0,35,0.8020304568527918,5.114740613135777e-06
discovery,9145,9245,random,701,legacy5,degree,own,0.03,498003,False,33,False,106.30169903639559,35,0.9142857142857143,32,0.8071065989847716,5.114740613135777e-06
discovery,9145,9245,random,701,legacy5,degree,coordinate,0.03,498001,False,8,False,23.253496664211536,35,0.2,7,0.7766497461928934,2.2273885050069123e-05
discovery,9145,9245,random,701,legacy5,degree,coordinate,0.03,498002,False,8,False,23.253496664211536,35,0.2,7,0.7258883248730964,2.2273885050069123e-05
discovery,9145,9245,random,701,legacy5,degree,coordinate,0.03,498003,False,8,False,23.253496664211536,35,0.2,7,0.7360406091370558,2.2273885050069123e-05
discovery,9145,9245,random,701,legacy5,degree,common,0.3,498001,False,7,False,19.931568569324174,35,0.17142857142857143,6,0.6852791878172588,6.489304997187549e-05
discovery,9145,9245,random,701,legacy5,degree,common,0.3,498002,False,5,False,13.287712379549449,35,0.11428571428571428,4,0.6294416243654822,6.489304997187549e-05
discovery,9145,9245,random,701,legacy5,degree,common,0.3,498003,False,8,False,23.253496664211536,35,0.2,7,0.6903553299492385,6.489304997187549e-05
discovery,9145,9245,random,701,legacy5,degree,own,0.3,498001,False,4,False,9.965784284662087,35,0.08571428571428572,3,0.467005076142132,0.0005114740613135776
discovery,9145,9245,random,701,legacy5,degree,own,0.3,498002,False,4,False,9.965784284662087,35,0.08571428571428572,3,0.4365482233502538,0.0005114740613135776
discovery,9145,9245,random,701,legacy5,degree,own,0.3,498003,False,3,False,6.643856189774724,35,0.05714285714285714,2,0.49238578680203043,0.0005114740613135776
discovery,9145,9245,random,701,legacy5,degree,coordinate,0.3,498001,False,3,False,6.643856189774724,35,0.05714285714285714,2,0.3553299492385787,0.0022273885050069124
discovery,9145,9245,random,701,legacy5,degree,coordinate,0.3,498002,False,2,False,3.321928094887362,35,0.02857142857142857,1,0.37055837563451777,0.0022273885050069124
discovery,9145,9245,random,701,legacy5,degree,coordinate,0.3,498003,False,3,False,6.643856189774724,35,0.05714285714285714,2,0.3197969543147208,0.0022273885050069124
discovery,9145,9245,random,701,legacy5,role,common,0.0003,498001,False,38,False,122.9113395108324,37,1.0,37,0.868020304568528,6.489304997187546e-11
discovery,9145,9245,random,701,legacy5,role,common,0.0003,498002,False,38,False,122.9113395108324,37,1.0,37,0.868020304568528,6.489304997187546e-11
discovery,9145,9245,random,701,legacy5,role,common,0.0003,498003,False,38,False,122.9113395108324,37,1.0,37,0.868020304568528,6.489304997187546e-11
discovery,9145,9245,random,701,legacy5,role,own,0.0003,498001,False,38,False,122.9113395108324,37,1.0,37,0.868020304568528,5.378571376119609e-11
discovery,9145,9245,random,701,legacy5,role,own,0.0003,498002,False,38,False,122.9113395108324,37,1.0,37,0.868020304568528,5.378571376119609e-11
discovery,9145,9245,random,701,legacy5,role,own,0.0003,498003,False,38,False,122.9113395108324,37,1.0,37,0.868020304568528,5.378571376119609e-11
discovery,9145,9245,random,701,legacy5,role,coordinate,0.0003,498001,False,38,False,122.9113395108324,37,1.0,37,0.868020304568528,1.3858721403766328e-10
discovery,9145,9245,random,701,legacy5,role,coordinate,0.0003,498002,False,38,False,122.9113395108324,37,1.0,37,0.868020304568528,1.3858721403766328e-10
discovery,9145,9245,random,701,legacy5,role,coordinate,0.0003,498003,False,38,False,122.9113395108324,37,1.0,37,0.868020304568528,1.3858721403766328e-10
discovery,9145,9245,random,701,legacy5,role,common,0.03,498001,False,38,False,122.9113395108324,37,1.0,37,0.8223350253807107,6.489304997187547e-07
discovery,9145,9245,random,701,legacy5,role,common,0.03,498002,False,36,False,116.26748332105768,37,0.9459459459459459,35,0.7766497461928934,6.489304997187547e-07
discovery,9145,9245,random,701,legacy5,role,common,0.03,498003,False,16,False,49.82892142331043,37,0.40540540540540543,15,0.8020304568527918,6.489304997187547e-07
discovery,9145,9245,random,701,legacy5,role,own,0.03,498001,False,38,False,122.9113395108324,37,1.0,37,0.8324873096446701,5.37857137611961e-07
discovery,9145,9245,random,701,legacy5,role,own,0.03,498002,False,36,False,116.26748332105768,37,0.9459459459459459,35,0.7817258883248731,5.37857137611961e-07
discovery,9145,9245,random,701,legacy5,role,own,0.03,498003,False,16,False,49.82892142331043,37,0.40540540540540543,15,0.8071065989847716,5.37857137611961e-07
discovery,9145,9245,random,701,legacy5,role,coordinate,0.03,498001,False,38,False,122.9113395108324,37,1.0,37,0.7817258883248731,1.385872140376633e-06
discovery,9145,9245,random,701,legacy5,role,coordinate,0.03,498002,False,11,False,33.219280948873624,37,0.2702702702702703,10,0.7461928934010152,1.385872140376633e-06
discovery,9145,9245,random,701,legacy5,role,coordinate,0.03,498003,False,16,False,49.82892142331043,37,0.40540540540540543,15,0.766497461928934,1.385872140376633e-06
discovery,9145,9245,random,701,legacy5,role,common,0.3,498001,False,3,False,6.643856189774724,37,0.05405405405405406,2,0.4263959390862944,6.489304997187549e-05
discovery,9145,9245,random,701,legacy5,role,common,0.3,498002,False,1,False,0.0,37,0.0,0,0.3604060913705584,6.489304997187549e-05
discovery,9145,9245,random,701,legacy5,role,common,0.3,498003,False,1,False,0.0,37,0.0,0,0.3756345177664975,6.489304997187549e-05
discovery,9145,9245,random,701,legacy5,role,own,0.3,498001,False,3,False,6.643856189774724,37,0.05405405405405406,2,0.4467005076142132,5.3785713761196104e-05
discovery,9145,9245,random,701,legacy5,role,own,0.3,498002,False,1,False,0.0,37,0.0,0,0.36548223350253806,5.3785713761196104e-05
discovery,9145,9245,random,701,legacy5,role,own,0.3,498003,False,1,False,0.0,37,0.0,0,0.39086294416243655,5.3785713761196104e-05
discovery,9145,9245,random,701,legacy5,role,coordinate,0.3,498001,False,3,False,6.643856189774724,37,0.05405405405405406,2,0.36548223350253806,0.00013858721403766332
discovery,9145,9245,random,701,legacy5,role,coordinate,0.3,498002,False,1,False,0.0,37,0.0,0,0.3248730964467005,0.00013858721403766332
discovery,9145,9245,random,701,legacy5,role,coordinate,0.3,498003,False,1,False,0.0,37,0.0,0,0.350253807106599,0.00013858721403766332
discovery,9145,9245,random,702,legacy5,intact,common,0.0003,498001,False,33,False,106.30169903639559,32,1.0,32,0.8324873096446701,7.231016066431996e-11
discovery,9145,9245,random,702,legacy5,intact,common,0.0003,498002,False,33,False,106.30169903639559,32,1.0,32,0.8324873096446701,7.231016066431996e-11
discovery,9145,9245,random,702,legacy5,intact,common,0.0003,498003,False,33,False,106.30169903639559,32,1.0,32,0.8324873096446701,7.231016066431996e-11
discovery,9145,9245,random,702,legacy5,intact,own,0.0003,498001,True,33,False,106.30169903639559,32,1.0,32,0.8324873096446701,7.231016066431996e-11
discovery,9145,9245,random,702,legacy5,intact,own,0.0003,498002,True,33,False,106.30169903639559,32,1.0,32,0.8324873096446701,7.231016066431996e-11
discovery,9145,9245,random,702,legacy5,intact,own,0.0003,498003,True,33,False,106.30169903639559,32,1.0,32,0.8324873096446701,7.231016066431996e-11
discovery,9145,9245,random,702,legacy5,intact,coordinate,0.0003,498001,False,33,False,106.30169903639559,32,1.0,32,0.8324873096446701,1.2045191193584842e-10
discovery,9145,9245,random,702,legacy5,intact,coordinate,0.0003,498002,False,33,False,106.30169903639559,32,1.0,32,0.8324873096446701,1.2045191193584842e-10
discovery,9145,9245,random,702,legacy5,intact,coordinate,0.0003,498003,False,33,False,106.30169903639559,32,1.0,32,0.8324873096446701,1.2045191193584842e-10
discovery,9145,9245,random,702,legacy5,intact,common,0.03,498001,False,13,False,39.86313713864835,32,0.375,12,0.7817258883248731,7.231016066431998e-07
discovery,9145,9245,random,702,legacy5,intact,common,0.03,498002,False,33,False,106.30169903639559,32,1.0,32,0.7817258883248731,7.231016066431998e-07
discovery,9145,9245,random,702,legacy5,intact,common,0.03,498003,False,33,False,106.30169903639559,32,1.0,32,0.7817258883248731,7.231016066431998e-07
discovery,9145,9245,random,702,legacy5,intact,own,0.03,498001,True,13,False,39.86313713864835,32,0.375,12,0.7817258883248731,7.231016066431998e-07
discovery,9145,9245,random,702,legacy5,intact,own,0.03,498002,True,33,False,106.30169903639559,32,1.0,32,0.7817258883248731,7.231016066431998e-07
discovery,9145,9245,random,702,legacy5,intact,own,0.03,498003,True,33,False,106.30169903639559,32,1.0,32,0.7817258883248731,7.231016066431998e-07
discovery,9145,9245,random,702,legacy5,intact,coordinate,0.03,498001,False,13,False,39.86313713864835,32,0.375,12,0.751269035532995,1.2045191193584843e-06
discovery,9145,9245,random,702,legacy5,intact,coordinate,0.03,498002,False,33,False,106.30169903639559,32,1.0,32,0.7563451776649747,1.2045191193584843e-06
discovery,9145,9245,random,702,legacy5,intact,coordinate,0.03,498003,False,33,False,106.30169903639559,32,1.0,32,0.7563451776649747,1.2045191193584843e-06
discovery,9145,9245,random,702,legacy5,intact,common,0.3,498001,False,4,False,9.965784284662087,32,0.09375,3,0.4010152284263959,7.231016066431999e-05
discovery,9145,9245,random,702,legacy5,intact,common,0.3,498002,False,1,False,0.0,32,0.0,0,0.3350253807106599,7.231016066431999e-05
discovery,9145,9245,random,702,legacy5,intact,common,0.3,498003,False,4,False,9.965784284662087,32,0.09375,3,0.41116751269035534,7.231016066431999e-05
discovery,9145,9245,random,702,legacy5,intact,own,0.3,498001,True,4,False,9.965784284662087,32,0.09375,3,0.4010152284263959,7.231016066431999e-05
discovery,9145,9245,random,702,legacy5,intact,own,0.3,498002,True,1,False,0.0,32,0.0,0,0.3350253807106599,7.231016066431999e-05
discovery,9145,9245,random,702,legacy5,intact,own,0.3,498003,True,4,False,9.965784284662087,32,0.09375,3,0.41116751269035534,7.231016066431999e-05
discovery,9145,9245,random,702,legacy5,intact,coordinate,0.3,498001,False,4,False,9.965784284662087,32,0.09375,3,0.34517766497461927,0.00012045191193584844
discovery,9145,9245,random,702,legacy5,intact,coordinate,0.3,498002,False,1,False,0.0,32,0.0,0,0.3096446700507614,0.00012045191193584844
discovery,9145,9245,random,702,legacy5,intact,coordinate,0.3,498003,False,4,False,9.965784284662087,32,0.09375,3,0.350253807106599,0.00012045191193584844
discovery,9145,9245,random,702,legacy5,degree,common,0.0003,498001,False,24,False,76.40434618240933,23,1.0,23,0.7715736040609137,7.231016066431999e-11
discovery,9145,9245,random,702,legacy5,degree,common,0.0003,498002,False,24,False,76.40434618240933,23,1.0,23,0.7715736040609137,7.231016066431999e-11
discovery,9145,9245,random,702,legacy5,degree,common,0.0003,498003,False,24,False,76.40434618240933,23,1.0,23,0.7715736040609137,7.231016066431999e-11
discovery,9145,9245,random,702,legacy5,degree,own,0.0003,498001,False,24,False,76.40434618240933,23,1.0,23,0.7715736040609137,6.800651901383637e-10
discovery,9145,9245,random,702,legacy5,degree,own,0.0003,498002,False,24,False,76.40434618240933,23,1.0,23,0.7715736040609137,6.800651901383637e-10
discovery,9145,9245,random,702,legacy5,degree,own,0.0003,498003,False,24,False,76.40434618240933,23,1.0,23,0.7715736040609137,6.800651901383637e-10
discovery,9145,9245,random,702,legacy5,degree,coordinate,0.0003,498001,False,24,False,76.40434618240933,23,1.0,23,0.7715736040609137,2.9241578510674527e-09
discovery,9145,9245,random,702,legacy5,degree,coordinate,0.0003,498002,False,24,False,76.40434618240933,23,1.0,23,0.7715736040609137,2.9241578510674527e-09
discovery,9145,9245,random,702,legacy5,degree,coordinate,0.0003,498003,False,24,False,76.40434618240933,23,1.0,23,0.7715736040609137,2.9241578510674527e-09
discovery,9145,9245,random,702,legacy5,degree,common,0.03,498001,False,24,False,76.40434618240933,23,1.0,23,0.766497461928934,7.231016066432e-07
discovery,9145,9245,random,702,legacy5,degree,common,0.03,498002,False,24,False,76.40434618240933,23,1.0,23,0.7614213197969543,7.231016066432e-07
discovery,9145,9245,random,702,legacy5,degree,common,0.03,498003,False,24,False,76.40434618240933,23,1.0,23,0.7715736040609137,7.231016066432e-07
discovery,9145,9245,random,702,legacy5,degree,own,0.03,498001,False,24,False,76.40434618240933,23,1.0,23,0.7360406091370558,6.800651901383639e-06
discovery,9145,9245,random,702,legacy5,degree,own,0.03,498002,False,24,False,76.40434618240933,23,1.0,23,0.7411167512690355,6.800651901383639e-06
discovery,9145,9245,random,702,legacy5,degree,own,0.03,498003,False,9,False,26.575424759098897,23,0.34782608695652173,8,0.7411167512690355,6.800651901383639e-06
discovery,9145,9245,random,702,legacy5,degree,coordinate,0.03,498001,False,24,False,76.40434618240933,23,1.0,23,0.700507614213198,2.9241578510674532e-05
discovery,9145,9245,random,702,legacy5,degree,coordinate,0.03,498002,False,24,False,76.40434618240933,23,1.0,23,0.6903553299492385,2.9241578510674532e-05
discovery,9145,9245,random,702,legacy5,degree,coordinate,0.03,498003,False,2,False,3.321928094887362,23,0.043478260869565216,1,0.6852791878172588,2.9241578510674532e-05
discovery,9145,9245,random,702,legacy5,degree,common,0.3,498001,False,9,False,26.575424759098897,23,0.34782608695652173,8,0.6345177664974619,7.231016066432001e-05
discovery,9145,9245,random,702,legacy5,degree,common,0.3,498002,False,2,False,3.321928094887362,23,0.043478260869565216,1,0.6345177664974619,7.231016066432001e-05
discovery,9145,9245,random,702,legacy5,degree,common,0.3,498003,False,2,False,3.321928094887362,23,0.043478260869565216,1,0.6243654822335025,7.231016066432001e-05
discovery,9145,9245,random,702,legacy5,degree,own,0.3,498001,False,3,False,6.643856189774724,23,0.08695652173913043,2,0.4416243654822335,0.0006800651901383639
discovery,9145,9245,random,702,legacy5,degree,own,0.3,498002,False,2,False,3.321928094887362,23,0.043478260869565216,1,0.4517766497461929,0.0006800651901383639
discovery,9145,9245,random,702,legacy5,degree,own,0.3,498003,False,2,False,3.321928094887362,23,0.043478260869565216,1,0.4416243654822335,0.0006800651901383639
discovery,9145,9245,random,702,legacy5,degree,coordinate,0.3,498001,False,3,False,6.643856189774724,23,0.08695652173913043,2,0.28426395939086296,0.0029241578510674536
discovery,9145,9245,random,702,legacy5,degree,coordinate,0.3,498002,False,2,False,3.321928094887362,23,0.043478260869565216,1,0.3350253807106599,0.0029241578510674536
discovery,9145,9245,random,702,legacy5,degree,coordinate,0.3,498003,False,2,False,3.321928094887362,23,0.043478260869565216,1,0.3248730964467005,0.0029241578510674536
discovery,9145,9245,random,702,legacy5,role,common,0.0003,498001,False,36,False,116.26748332105768,35,1.0,35,0.883248730964467,7.231016066431998e-11
discovery,9145,9245,random,702,legacy5,role,common,0.0003,498002,False,36,False,116.26748332105768,35,1.0,35,0.8883248730964467,7.231016066431998e-11
discovery,9145,9245,random,702,legacy5,role,common,0.0003,498003,False,36,False,116.26748332105768,35,1.0,35,0.883248730964467,7.231016066431998e-11
discovery,9145,9245,random,702,legacy5,role,own,0.0003,498001,False,36,False,116.26748332105768,35,1.0,35,0.883248730964467,5.862983632704443e-11
discovery,9145,9245,random,702,legacy5,role,own,0.0003,498002,False,36,False,116.26748332105768,35,1.0,35,0.8883248730964467,5.862983632704443e-11
discovery,9145,9245,random,702,legacy5,role,own,0.0003,498003,False,36,False,116.26748332105768,35,1.0,35,0.883248730964467,5.862983632704443e-11
discovery,9145,9245,random,702,legacy5,role,coordinate,0.0003,498001,False,36,False,116.26748332105768,35,1.0,35,0.883248730964467,1.2669524855744225e-10
discovery,9145,9245,random,702,legacy5,role,coordinate,0.0003,498002,False,36,False,116.26748332105768,35,1.0,35,0.8883248730964467,1.2669524855744225e-10
discovery,9145,9245,random,702,legacy5,role,coordinate,0.0003,498003,False,36,False,116.26748332105768,35,1.0,35,0.883248730964467,1.2669524855744225e-10
discovery,9145,9245,random,702,legacy5,role,common,0.03,498001,False,25,False,79.7262742772967,35,0.6857142857142857,24,0.8071065989847716,7.231016066431997e-07
discovery,9145,9245,random,702,legacy5,role,common,0.03,498002,False,36,False,116.26748332105768,35,1.0,35,0.7918781725888325,7.231016066431997e-07
discovery,9145,9245,random,702,legacy5,role,common,0.03,498003,False,20,False,63.11663380285988,35,0.5428571428571428,19,0.7715736040609137,7.231016066431997e-07
discovery,9145,9245,random,702,legacy5,role,own,0.03,498001,False,25,False,79.7262742772967,35,0.6857142857142857,24,0.817258883248731,5.862983632704442e-07
discovery,9145,9245,random,702,legacy5,role,own,0.03,498002,False,36,False,116.26748332105768,35,1.0,35,0.7918781725888325,5.862983632704442e-07
discovery,9145,9245,random,702,legacy5,role,own,0.03,498003,False,23,False,73.08241808752197,35,0.6285714285714286,22,0.7817258883248731,5.862983632704442e-07
discovery,9145,9245,random,702,legacy5,role,coordinate,0.03,498001,False,25,False,79.7262742772967,35,0.6857142857142857,24,0.7817258883248731,1.2669524855744224e-06
discovery,9145,9245,random,702,legacy5,role,coordinate,0.03,498002,False,1,False,0.0,35,0.0,0,0.7461928934010152,1.2669524855744224e-06
discovery,9145,9245,random,702,legacy5,role,coordinate,0.03,498003,False,1,False,0.0,35,0.0,0,0.7309644670050761,1.2669524855744224e-06
discovery,9145,9245,random,702,legacy5,role,common,0.3,498001,False,1,False,0.0,35,0.0,0,0.36548223350253806,7.231016066432e-05
discovery,9145,9245,random,702,legacy5,role,common,0.3,498002,False,1,False,0.0,35,0.0,0,0.38578680203045684,7.231016066432e-05
discovery,9145,9245,random,702,legacy5,role,common,0.3,498003,False,1,False,0.0,35,0.0,0,0.3604060913705584,7.231016066432e-05
discovery,9145,9245,random,702,legacy5,role,own,0.3,498001,False,1,False,0.0,35,0.0,0,0.38071065989847713,5.862983632704442e-05
discovery,9145,9245,random,702,legacy5,role,own,0.3,498002,False,1,False,0.0,35,0.0,0,0.39593908629441626,5.862983632704442e-05
discovery,9145,9245,random,702,legacy5,role,own,0.3,498003,False,1,False,0.0,35,0.0,0,0.37055837563451777,5.862983632704442e-05
discovery,9145,9245,random,702,legacy5,role,coordinate,0.3,498001,False,1,False,0.0,35,0.0,0,0.3401015228426396,0.00012669524855744225
discovery,9145,9245,random,702,legacy5,role,coordinate,0.3,498002,False,1,False,0.0,35,0.0,0,0.3350253807106599,0.00012669524855744225
discovery,9145,9245,random,702,legacy5,role,coordinate,0.3,498003,False,1,False,0.0,35,0.0,0,0.29949238578680204,0.00012669524855744225
discovery,9146,9246,pi,701,legacy5,intact,common,0.0003,498001,False,36,False,116.26748332105768,35,1.0,35,0.8071065989847716,4.9145841089367866e-11
discovery,9146,9246,pi,701,legacy5,intact,common,0.0003,498002,False,36,False,116.26748332105768,35,1.0,35,0.8071065989847716,4.9145841089367866e-11
discovery,9146,9246,pi,701,legacy5,intact,common,0.0003,498003,False,36,False,116.26748332105768,35,1.0,35,0.8071065989847716,4.9145841089367866e-11
discovery,9146,9246,pi,701,legacy5,intact,own,0.0003,498001,True,36,False,116.26748332105768,35,1.0,35,0.8071065989847716,4.9145841089367866e-11
discovery,9146,9246,pi,701,legacy5,intact,own,0.0003,498002,True,36,False,116.26748332105768,35,1.0,35,0.8071065989847716,4.9145841089367866e-11
discovery,9146,9246,pi,701,legacy5,intact,own,0.0003,498003,True,36,False,116.26748332105768,35,1.0,35,0.8071065989847716,4.9145841089367866e-11
discovery,9146,9246,pi,701,legacy5,intact,coordinate,0.0003,498001,False,36,False,116.26748332105768,35,1.0,35,0.8020304568527918,1.2799251645079303e-10
discovery,9146,9246,pi,701,legacy5,intact,coordinate,0.0003,498002,False,36,False,116.26748332105768,35,1.0,35,0.8071065989847716,1.2799251645079303e-10
discovery,9146,9246,pi,701,legacy5,intact,coordinate,0.0003,498003,False,36,False,116.26748332105768,35,1.0,35,0.8071065989847716,1.2799251645079303e-10
discovery,9146,9246,pi,701,legacy5,intact,common,0.03,498001,False,36,False,116.26748332105768,35,1.0,35,0.766497461928934,4.914584108936788e-07
discovery,9146,9246,pi,701,legacy5,intact,common,0.03,498002,False,36,False,116.26748332105768,35,1.0,35,0.751269035532995,4.914584108936788e-07
discovery,9146,9246,pi,701,legacy5,intact,common,0.03,498003,False,36,False,116.26748332105768,35,1.0,35,0.766497461928934,4.914584108936788e-07
discovery,9146,9246,pi,701,legacy5,intact,own,0.03,498001,True,36,False,116.26748332105768,35,1.0,35,0.766497461928934,4.914584108936788e-07
discovery,9146,9246,pi,701,legacy5,intact,own,0.03,498002,True,36,False,116.26748332105768,35,1.0,35,0.751269035532995,4.914584108936788e-07
discovery,9146,9246,pi,701,legacy5,intact,own,0.03,498003,True,36,False,116.26748332105768,35,1.0,35,0.766497461928934,4.914584108936788e-07
discovery,9146,9246,pi,701,legacy5,intact,coordinate,0.03,498001,False,8,False,23.253496664211536,35,0.2,7,0.7258883248730964,1.2799251645079305e-06
discovery,9146,9246,pi,701,legacy5,intact,coordinate,0.03,498002,False,29,False,93.01398665684614,35,0.8,28,0.6903553299492385,1.2799251645079305e-06
discovery,9146,9246,pi,701,legacy5,intact,coordinate,0.03,498003,False,36,False,116.26748332105768,35,1.0,35,0.7360406091370558,1.2799251645079305e-06
discovery,9146,9246,pi,701,legacy5,intact,common,0.3,498001,False,1,False,0.0,35,0.0,0,0.3553299492385787,4.914584108936788e-05
discovery,9146,9246,pi,701,legacy5,intact,common,0.3,498002,False,1,False,0.0,35,0.0,0,0.38578680203045684,4.914584108936788e-05
discovery,9146,9246,pi,701,legacy5,intact,common,0.3,498003,False,2,False,3.321928094887362,35,0.02857142857142857,1,0.39086294416243655,4.914584108936788e-05
discovery,9146,9246,pi,701,legacy5,intact,own,0.3,498001,True,1,False,0.0,35,0.0,0,0.3553299492385787,4.914584108936788e-05
discovery,9146,9246,pi,701,legacy5,intact,own,0.3,498002,True,1,False,0.0,35,0.0,0,0.38578680203045684,4.914584108936788e-05
discovery,9146,9246,pi,701,legacy5,intact,own,0.3,498003,True,2,False,3.321928094887362,35,0.02857142857142857,1,0.39086294416243655,4.914584108936788e-05
discovery,9146,9246,pi,701,legacy5,intact,coordinate,0.3,498001,False,1,False,0.0,35,0.0,0,0.3096446700507614,0.00012799251645079305
discovery,9146,9246,pi,701,legacy5,intact,coordinate,0.3,498002,False,1,False,0.0,35,0.0,0,0.3197969543147208,0.00012799251645079305
discovery,9146,9246,pi,701,legacy5,intact,coordinate,0.3,498003,False,2,False,3.321928094887362,35,0.02857142857142857,1,0.3096446700507614,0.00012799251645079305
discovery,9146,9246,pi,701,legacy5,degree,common,0.0003,498001,False,5,False,13.287712379549449,4,1.0,4,0.649746192893401,4.9145841089367885e-11
discovery,9146,9246,pi,701,legacy5,degree,common,0.0003,498002,False,5,False,13.287712379549449,4,1.0,4,0.649746192893401,4.9145841089367885e-11
discovery,9146,9246,pi,701,legacy5,degree,common,0.0003,498003,False,5,False,13.287712379549449,4,1.0,4,0.649746192893401,4.9145841089367885e-11
discovery,9146,9246,pi,701,legacy5,degree,own,0.0003,498001,False,5,False,13.287712379549449,4,1.0,4,0.649746192893401,6.73888170121354e-10
discovery,9146,9246,pi,701,legacy5,degree,own,0.0003,498002,False,5,False,13.287712379549449,4,1.0,4,0.649746192893401,6.73888170121354e-10
discovery,9146,9246,pi,701,legacy5,degree,own,0.0003,498003,False,5,False,13.287712379549449,4,1.0,4,0.649746192893401,6.73888170121354e-10
discovery,9146,9246,pi,701,legacy5,degree,coordinate,0.0003,498001,False,5,False,13.287712379549449,4,1.0,4,0.649746192893401,1.7915469304337717e-09
discovery,9146,9246,pi,701,legacy5,degree,coordinate,0.0003,498002,False,5,False,13.287712379549449,4,1.0,4,0.649746192893401,1.7915469304337717e-09
discovery,9146,9246,pi,701,legacy5,degree,coordinate,0.0003,498003,False,5,False,13.287712379549449,4,1.0,4,0.649746192893401,1.7915469304337717e-09
discovery,9146,9246,pi,701,legacy5,degree,common,0.03,498001,False,5,False,13.287712379549449,4,1.0,4,0.6548223350253807,4.914584108936788e-07
discovery,9146,9246,pi,701,legacy5,degree,common,0.03,498002,False,5,False,13.287712379549449,4,1.0,4,0.649746192893401,4.914584108936788e-07
discovery,9146,9246,pi,701,legacy5,degree,common,0.03,498003,False,5,False,13.287712379549449,4,1.0,4,0.6395939086294417,4.914584108936788e-07
discovery,9146,9246,pi,701,legacy5,degree,own,0.03,498001,False,5,False,13.287712379549449,4,1.0,4,0.649746192893401,6.73888170121354e-06
discovery,9146,9246,pi,701,legacy5,degree,own,0.03,498002,False,5,False,13.287712379549449,4,1.0,4,0.6345177664974619,6.73888170121354e-06
discovery,9146,9246,pi,701,legacy5,degree,own,0.03,498003,False,5,False,13.287712379549449,4,1.0,4,0.6192893401015228,6.73888170121354e-06
discovery,9146,9246,pi,701,legacy5,degree,coordinate,0.03,498001,False,5,False,13.287712379549449,4,1.0,4,0.6091370558375635,1.7915469304337718e-05
discovery,9146,9246,pi,701,legacy5,degree,coordinate,0.03,498002,False,5,False,13.287712379549449,4,1.0,4,0.6091370558375635,1.7915469304337718e-05
discovery,9146,9246,pi,701,legacy5,degree,coordinate,0.03,498003,False,5,False,13.287712379549449,4,1.0,4,0.6040609137055838,1.7915469304337718e-05
discovery,9146,9246,pi,701,legacy5,degree,common,0.3,498001,False,5,False,13.287712379549449,4,1.0,4,0.5431472081218274,4.914584108936789e-05
discovery,9146,9246,pi,701,legacy5,degree,common,0.3,498002,False,5,False,13.287712379549449,4,1.0,4,0.5482233502538071,4.914584108936789e-05
discovery,9146,9246,pi,701,legacy5,degree,common,0.3,498003,False,3,False,6.643856189774724,4,0.5,2,0.5177664974619289,4.914584108936789e-05
discovery,9146,9246,pi,701,legacy5,degree,own,0.3,498001,False,2,False,3.321928094887362,4,0.25,1,0.34517766497461927,0.0006738881701213542
discovery,9146,9246,pi,701,legacy5,degree,own,0.3,498002,False,4,False,9.965784284662087,4,0.75,3,0.36548223350253806,0.0006738881701213542
discovery,9146,9246,pi,701,legacy5,degree,own,0.3,498003,False,2,False,3.321928094887362,4,0.25,1,0.3096446700507614,0.0006738881701213542
discovery,9146,9246,pi,701,legacy5,degree,coordinate,0.3,498001,False,2,False,3.321928094887362,4,0.25,1,0.25888324873096447,0.0017915469304337721
discovery,9146,9246,pi,701,legacy5,degree,coordinate,0.3,498002,False,4,False,9.965784284662087,4,0.75,3,0.30456852791878175,0.0017915469304337721
discovery,9146,9246,pi,701,legacy5,degree,coordinate,0.3,498003,False,2,False,3.321928094887362,4,0.25,1,0.25380710659898476,0.0017915469304337721
discovery,9146,9246,pi,701,legacy5,role,common,0.0003,498001,False,14,False,43.18506523353571,13,1.0,13,0.7715736040609137,4.9145841089367866e-11
discovery,9146,9246,pi,701,legacy5,role,common,0.0003,498002,False,14,False,43.18506523353571,13,1.0,13,0.7715736040609137,4.9145841089367866e-11
discovery,9146,9246,pi,701,legacy5,role,common,0.0003,498003,False,14,False,43.18506523353571,13,1.0,13,0.7715736040609137,4.9145841089367866e-11
discovery,9146,9246,pi,701,legacy5,role,own,0.0003,498001,False,14,False,43.18506523353571,13,1.0,13,0.7715736040609137,5.534121733581756e-11
discovery,9146,9246,pi,701,legacy5,role,own,0.0003,498002,False,14,False,43.18506523353571,13,1.0,13,0.7715736040609137,5.534121733581756e-11
discovery,9146,9246,pi,701,legacy5,role,own,0.0003,498003,False,14,False,43.18506523353571,13,1.0,13,0.7715736040609137,5.534121733581756e-11
discovery,9146,9246,pi,701,legacy5,role,coordinate,0.0003,498001,False,14,False,43.18506523353571,13,1.0,13,0.7715736040609137,1.22347855794679e-10
discovery,9146,9246,pi,701,legacy5,role,coordinate,0.0003,498002,False,14,False,43.18506523353571,13,1.0,13,0.7715736040609137,1.22347855794679e-10
discovery,9146,9246,pi,701,legacy5,role,coordinate,0.0003,498003,False,14,False,43.18506523353571,13,1.0,13,0.7715736040609137,1.22347855794679e-10
discovery,9146,9246,pi,701,legacy5,role,common,0.03,498001,False,14,False,43.18506523353571,13,1.0,13,0.751269035532995,4.914584108936788e-07
discovery,9146,9246,pi,701,legacy5,role,common,0.03,498002,False,14,False,43.18506523353571,13,1.0,13,0.7715736040609137,4.914584108936788e-07
discovery,9146,9246,pi,701,legacy5,role,common,0.03,498003,False,14,False,43.18506523353571,13,1.0,13,0.7563451776649747,4.914584108936788e-07
discovery,9146,9246,pi,701,legacy5,role,own,0.03,498001,False,14,False,43.18506523353571,13,1.0,13,0.7360406091370558,5.534121733581756e-07
discovery,9146,9246,pi,701,legacy5,role,own,0.03,498002,False,14,False,43.18506523353571,13,1.0,13,0.7715736040609137,5.534121733581756e-07
discovery,9146,9246,pi,701,legacy5,role,own,0.03,498003,False,14,False,43.18506523353571,13,1.0,13,0.7563451776649747,5.534121733581756e-07
discovery,9146,9246,pi,701,legacy5,role,coordinate,0.03,498001,False,14,False,43.18506523353571,13,1.0,13,0.6954314720812182,1.2234785579467902e-06
discovery,9146,9246,pi,701,legacy5,role,coordinate,0.03,498002,False,10,False,29.89735285398626,13,0.6923076923076923,9,0.7461928934010152,1.2234785579467902e-06
discovery,9146,9246,pi,701,legacy5,role,coordinate,0.03,498003,False,10,False,29.89735285398626,13,0.6923076923076923,9,0.7258883248730964,1.2234785579467902e-06
discovery,9146,9246,pi,701,legacy5,role,common,0.3,498001,False,3,False,6.643856189774724,13,0.15384615384615385,2,0.4467005076142132,4.914584108936787e-05
discovery,9146,9246,pi,701,legacy5,role,common,0.3,498002,False,1,False,0.0,13,0.0,0,0.4619289340101523,4.914584108936787e-05
discovery,9146,9246,pi,701,legacy5,role,common,0.3,498003,False,1,False,0.0,13,0.0,0,0.45685279187817257,4.914584108936787e-05
discovery,9146,9246,pi,701,legacy5,role,own,0.3,498001,False,3,False,6.643856189774724,13,0.15384615384615385,2,0.4467005076142132,5.534121733581757e-05
discovery,9146,9246,pi,701,legacy5,role,own,0.3,498002,False,1,False,0.0,13,0.0,0,0.4517766497461929,5.534121733581757e-05
discovery,9146,9246,pi,701,legacy5,role,own,0.3,498003,False,1,False,0.0,13,0.0,0,0.4467005076142132,5.534121733581757e-05
discovery,9146,9246,pi,701,legacy5,role,coordinate,0.3,498001,False,1,False,0.0,13,0.0,0,0.38071065989847713,0.00012234785579467902
discovery,9146,9246,pi,701,legacy5,role,coordinate,0.3,498002,False,1,False,0.0,13,0.0,0,0.3756345177664975,0.00012234785579467902
discovery,9146,9246,pi,701,legacy5,role,coordinate,0.3,498003,False,1,False,0.0,13,0.0,0,0.36548223350253806,0.00012234785579467902
discovery,9146,9246,pi,702,legacy5,intact,common,0.0003,498001,False,35,False,112.94555522617031,34,1.0,34,0.9086294416243654,5.296470767223683e-11
discovery,9146,9246,pi,702,legacy5,intact,common,0.0003,498002,False,35,False,112.94555522617031,34,1.0,34,0.9086294416243654,5.296470767223683e-11
discovery,9146,9246,pi,702,legacy5,intact,common,0.0003,498003,False,35,False,112.94555522617031,34,1.0,34,0.9086294416243654,5.296470767223683e-11
discovery,9146,9246,pi,702,legacy5,intact,own,0.0003,498001,True,35,False,112.94555522617031,34,1.0,34,0.9086294416243654,5.296470767223683e-11
discovery,9146,9246,pi,702,legacy5,intact,own,0.0003,498002,True,35,False,112.94555522617031,34,1.0,34,0.9086294416243654,5.296470767223683e-11
discovery,9146,9246,pi,702,legacy5,intact,own,0.0003,498003,True,35,False,112.94555522617031,34,1.0,34,0.9086294416243654,5.296470767223683e-11
discovery,9146,9246,pi,702,legacy5,intact,coordinate,0.0003,498001,False,35,False,112.94555522617031,34,1.0,34,0.9086294416243654,1.3690375438987204e-10
discovery,9146,9246,pi,702,legacy5,intact,coordinate,0.0003,498002,False,35,False,112.94555522617031,34,1.0,34,0.9086294416243654,1.3690375438987204e-10
discovery,9146,9246,pi,702,legacy5,intact,coordinate,0.0003,498003,False,35,False,112.94555522617031,34,1.0,34,0.9086294416243654,1.3690375438987204e-10
discovery,9146,9246,pi,702,legacy5,intact,common,0.03,498001,False,35,False,112.94555522617031,34,1.0,34,0.8883248730964467,5.296470767223684e-07
discovery,9146,9246,pi,702,legacy5,intact,common,0.03,498002,False,16,False,49.82892142331043,34,0.4411764705882353,15,0.8781725888324873,5.296470767223684e-07
discovery,9146,9246,pi,702,legacy5,intact,common,0.03,498003,False,16,False,49.82892142331043,34,0.4411764705882353,15,0.8426395939086294,5.296470767223684e-07
discovery,9146,9246,pi,702,legacy5,intact,own,0.03,498001,True,35,False,112.94555522617031,34,1.0,34,0.8883248730964467,5.296470767223684e-07
discovery,9146,9246,pi,702,legacy5,intact,own,0.03,498002,True,16,False,49.82892142331043,34,0.4411764705882353,15,0.8781725888324873,5.296470767223684e-07
discovery,9146,9246,pi,702,legacy5,intact,own,0.03,498003,True,16,False,49.82892142331043,34,0.4411764705882353,15,0.8426395939086294,5.296470767223684e-07
discovery,9146,9246,pi,702,legacy5,intact,coordinate,0.03,498001,False,1,False,0.0,34,0.0,0,0.7918781725888325,1.3690375438987207e-06
discovery,9146,9246,pi,702,legacy5,intact,coordinate,0.03,498002,False,16,False,49.82892142331043,34,0.4411764705882353,15,0.8274111675126904,1.3690375438987207e-06
discovery,9146,9246,pi,702,legacy5,intact,coordinate,0.03,498003,False,16,False,49.82892142331043,34,0.4411764705882353,15,0.7918781725888325,1.3690375438987207e-06
discovery,9146,9246,pi,702,legacy5,intact,common,0.3,498001,False,1,False,0.0,34,0.0,0,0.4619289340101523,5.296470767223684e-05
discovery,9146,9246,pi,702,legacy5,intact,common,0.3,498002,False,2,False,3.321928094887362,34,0.029411764705882353,1,0.4263959390862944,5.296470767223684e-05
discovery,9146,9246,pi,702,legacy5,intact,common,0.3,498003,False,5,False,13.287712379549449,34,0.11764705882352941,4,0.4720812182741117,5.296470767223684e-05
discovery,9146,9246,pi,702,legacy5,intact,own,0.3,498001,True,1,False,0.0,34,0.0,0,0.4619289340101523,5.296470767223684e-05
discovery,9146,9246,pi,702,legacy5,intact,own,0.3,498002,True,2,False,3.321928094887362,34,0.029411764705882353,1,0.4263959390862944,5.296470767223684e-05
discovery,9146,9246,pi,702,legacy5,intact,own,0.3,498003,True,5,False,13.287712379549449,34,0.11764705882352941,4,0.4720812182741117,5.296470767223684e-05
discovery,9146,9246,pi,702,legacy5,intact,coordinate,0.3,498001,False,1,False,0.0,34,0.0,0,0.34517766497461927,0.00013690375438987204
discovery,9146,9246,pi,702,legacy5,intact,coordinate,0.3,498002,False,1,False,0.0,34,0.0,0,0.350253807106599,0.00013690375438987204
discovery,9146,9246,pi,702,legacy5,intact,coordinate,0.3,498003,False,1,False,0.0,34,0.0,0,0.36548223350253806,0.00013690375438987204
discovery,9146,9246,pi,702,legacy5,degree,common,0.0003,498001,False,35,False,112.94555522617031,34,1.0,34,0.817258883248731,5.296470767223682e-11
discovery,9146,9246,pi,702,legacy5,degree,common,0.0003,498002,False,35,False,112.94555522617031,34,1.0,34,0.817258883248731,5.296470767223682e-11
discovery,9146,9246,pi,702,legacy5,degree,common,0.0003,498003,False,35,False,112.94555522617031,34,1.0,34,0.817258883248731,5.296470767223682e-11
discovery,9146,9246,pi,702,legacy5,degree,own,0.0003,498001,False,35,False,112.94555522617031,34,1.0,34,0.817258883248731,3.427953949306551e-10
discovery,9146,9246,pi,702,legacy5,degree,own,0.0003,498002,False,35,False,112.94555522617031,34,1.0,34,0.817258883248731,3.427953949306551e-10
discovery,9146,9246,pi,702,legacy5,degree,own,0.0003,498003,False,35,False,112.94555522617031,34,1.0,34,0.817258883248731,3.427953949306551e-10
discovery,9146,9246,pi,702,legacy5,degree,coordinate,0.0003,498001,False,35,False,112.94555522617031,34,1.0,34,0.817258883248731,1.5643052089181782e-09
discovery,9146,9246,pi,702,legacy5,degree,coordinate,0.0003,498002,False,35,False,112.94555522617031,34,1.0,34,0.817258883248731,1.5643052089181782e-09
discovery,9146,9246,pi,702,legacy5,degree,coordinate,0.0003,498003,False,35,False,112.94555522617031,34,1.0,34,0.817258883248731,1.5643052089181782e-09
discovery,9146,9246,pi,702,legacy5,degree,common,0.03,498001,False,35,False,112.94555522617031,34,1.0,34,0.8223350253807107,5.296470767223684e-07
discovery,9146,9246,pi,702,legacy5,degree,common,0.03,498002,False,35,False,112.94555522617031,34,1.0,34,0.817258883248731,5.296470767223684e-07
discovery,9146,9246,pi,702,legacy5,degree,common,0.03,498003,False,35,False,112.94555522617031,34,1.0,34,0.8223350253807107,5.296470767223684e-07
discovery,9146,9246,pi,702,legacy5,degree,own,0.03,498001,False,35,False,112.94555522617031,34,1.0,34,0.8121827411167513,3.4279539493065507e-06
discovery,9146,9246,pi,702,legacy5,degree,own,0.03,498002,False,35,False,112.94555522617031,34,1.0,34,0.8020304568527918,3.4279539493065507e-06
discovery,9146,9246,pi,702,legacy5,degree,own,0.03,498003,False,35,False,112.94555522617031,34,1.0,34,0.7969543147208121,3.4279539493065507e-06
discovery,9146,9246,pi,702,legacy5,degree,coordinate,0.03,498001,False,10,False,29.89735285398626,34,0.2647058823529412,9,0.7106598984771574,1.5643052089181783e-05
discovery,9146,9246,pi,702,legacy5,degree,coordinate,0.03,498002,False,4,False,9.965784284662087,34,0.08823529411764706,3,0.7411167512690355,1.5643052089181783e-05
discovery,9146,9246,pi,702,legacy5,degree,coordinate,0.03,498003,False,4,False,9.965784284662087,34,0.08823529411764706,3,0.7411167512690355,1.5643052089181783e-05
discovery,9146,9246,pi,702,legacy5,degree,common,0.3,498001,False,4,False,9.965784284662087,34,0.08823529411764706,3,0.649746192893401,5.296470767223684e-05
discovery,9146,9246,pi,702,legacy5,degree,common,0.3,498002,False,4,False,9.965784284662087,34,0.08823529411764706,3,0.6395939086294417,5.296470767223684e-05
discovery,9146,9246,pi,702,legacy5,degree,common,0.3,498003,False,4,False,9.965784284662087,34,0.08823529411764706,3,0.649746192893401,5.296470767223684e-05
discovery,9146,9246,pi,702,legacy5,degree,own,0.3,498001,False,4,False,9.965784284662087,34,0.08823529411764706,3,0.4720812182741117,0.00034279539493065503
discovery,9146,9246,pi,702,legacy5,degree,own,0.3,498002,False,3,False,6.643856189774724,34,0.058823529411764705,2,0.49238578680203043,0.00034279539493065503
discovery,9146,9246,pi,702,legacy5,degree,own,0.3,498003,False,4,False,9.965784284662087,34,0.08823529411764706,3,0.47715736040609136,0.00034279539493065503
discovery,9146,9246,pi,702,legacy5,degree,coordinate,0.3,498001,False,4,False,9.965784284662087,34,0.08823529411764706,3,0.3299492385786802,0.0015643052089181785
discovery,9146,9246,pi,702,legacy5,degree,coordinate,0.3,498002,False,3,False,6.643856189774724,34,0.058823529411764705,2,0.3553299492385787,0.0015643052089181785
discovery,9146,9246,pi,702,legacy5,degree,coordinate,0.3,498003,False,3,False,6.643856189774724,34,0.058823529411764705,2,0.3604060913705584,0.0015643052089181785
discovery,9146,9246,pi,702,legacy5,role,common,0.0003,498001,False,36,False,116.26748332105768,35,1.0,35,0.751269035532995,5.2964707672236824e-11
discovery,9146,9246,pi,702,legacy5,role,common,0.0003,498002,False,36,False,116.26748332105768,35,1.0,35,0.751269035532995,5.2964707672236824e-11
discovery,9146,9246,pi,702,legacy5,role,common,0.0003,498003,False,36,False,116.26748332105768,35,1.0,35,0.751269035532995,5.2964707672236824e-11
discovery,9146,9246,pi,702,legacy5,role,own,0.0003,498001,False,36,False,116.26748332105768,35,1.0,35,0.751269035532995,3.617840499451697e-11
discovery,9146,9246,pi,702,legacy5,role,own,0.0003,498002,False,36,False,116.26748332105768,35,1.0,35,0.751269035532995,3.617840499451697e-11
discovery,9146,9246,pi,702,legacy5,role,own,0.0003,498003,False,36,False,116.26748332105768,35,1.0,35,0.751269035532995,3.617840499451697e-11
discovery,9146,9246,pi,702,legacy5,role,coordinate,0.0003,498001,False,36,False,116.26748332105768,35,1.0,35,0.751269035532995,8.995784485045047e-11
discovery,9146,9246,pi,702,legacy5,role,coordinate,0.0003,498002,False,36,False,116.26748332105768,35,1.0,35,0.751269035532995,8.995784485045047e-11
discovery,9146,9246,pi,702,legacy5,role,coordinate,0.0003,498003,False,36,False,116.26748332105768,35,1.0,35,0.751269035532995,8.995784485045047e-11
discovery,9146,9246,pi,702,legacy5,role,common,0.03,498001,False,30,False,96.3359147517335,35,0.8285714285714286,29,0.7258883248730964,5.296470767223684e-07
discovery,9146,9246,pi,702,legacy5,role,common,0.03,498002,False,36,False,116.26748332105768,35,1.0,35,0.7258883248730964,5.296470767223684e-07
discovery,9146,9246,pi,702,legacy5,role,common,0.03,498003,False,36,False,116.26748332105768,35,1.0,35,0.7309644670050761,5.296470767223684e-07
discovery,9146,9246,pi,702,legacy5,role,own,0.03,498001,False,30,False,96.3359147517335,35,0.8285714285714286,29,0.7360406091370558,3.617840499451697e-07
discovery,9146,9246,pi,702,legacy5,role,own,0.03,498002,False,36,False,116.26748332105768,35,1.0,35,0.7360406091370558,3.617840499451697e-07
discovery,9146,9246,pi,702,legacy5,role,own,0.03,498003,False,36,False,116.26748332105768,35,1.0,35,0.7360406091370558,3.617840499451697e-07
discovery,9146,9246,pi,702,legacy5,role,coordinate,0.03,498001,False,30,False,96.3359147517335,35,0.8285714285714286,29,0.7157360406091371,8.995784485045048e-07
discovery,9146,9246,pi,702,legacy5,role,coordinate,0.03,498002,False,36,False,116.26748332105768,35,1.0,35,0.7106598984771574,8.995784485045048e-07
discovery,9146,9246,pi,702,legacy5,role,coordinate,0.03,498003,False,36,False,116.26748332105768,35,1.0,35,0.7208121827411168,8.995784485045048e-07
discovery,9146,9246,pi,702,legacy5,role,common,0.3,498001,False,5,False,13.287712379549449,35,0.11428571428571428,4,0.4010152284263959,5.296470767223684e-05
discovery,9146,9246,pi,702,legacy5,role,common,0.3,498002,False,1,False,0.0,35,0.0,0,0.39593908629441626,5.296470767223684e-05
discovery,9146,9246,pi,702,legacy5,role,common,0.3,498003,False,4,False,9.965784284662087,35,0.08571428571428572,3,0.45685279187817257,5.296470767223684e-05
discovery,9146,9246,pi,702,legacy5,role,own,0.3,498001,False,5,False,13.287712379549449,35,0.11428571428571428,4,0.4263959390862944,3.617840499451697e-05
discovery,9146,9246,pi,702,legacy5,role,own,0.3,498002,False,1,False,0.0,35,0.0,0,0.4416243654822335,3.617840499451697e-05
discovery,9146,9246,pi,702,legacy5,role,own,0.3,498003,False,4,False,9.965784284662087,35,0.08571428571428572,3,0.49238578680203043,3.617840499451697e-05
discovery,9146,9246,pi,702,legacy5,role,coordinate,0.3,498001,False,1,False,0.0,35,0.0,0,0.3401015228426396,8.995784485045047e-05
discovery,9146,9246,pi,702,legacy5,role,coordinate,0.3,498002,False,1,False,0.0,35,0.0,0,0.3604060913705584,8.995784485045047e-05
discovery,9146,9246,pi,702,legacy5,role,coordinate,0.3,498003,False,4,False,9.965784284662087,35,0.08571428571428572,3,0.38578680203045684,8.995784485045047e-05
discovery,9146,9246,random,701,legacy5,intact,common,0.0003,498001,False,35,False,112.94555522617031,34,1.0,34,0.7969543147208121,6.55844209467045e-11
discovery,9146,9246,random,701,legacy5,intact,common,0.0003,498002,False,35,False,112.94555522617031,34,1.0,34,0.7969543147208121,6.55844209467045e-11
discovery,9146,9246,random,701,legacy5,intact,common,0.0003,498003,False,35,False,112.94555522617031,34,1.0,34,0.7969543147208121,6.55844209467045e-11
discovery,9146,9246,random,701,legacy5,intact,own,0.0003,498001,True,35,False,112.94555522617031,34,1.0,34,0.7969543147208121,6.55844209467045e-11
discovery,9146,9246,random,701,legacy5,intact,own,0.0003,498002,True,35,False,112.94555522617031,34,1.0,34,0.7969543147208121,6.55844209467045e-11
discovery,9146,9246,random,701,legacy5,intact,own,0.0003,498003,True,35,False,112.94555522617031,34,1.0,34,0.7969543147208121,6.55844209467045e-11
discovery,9146,9246,random,701,legacy5,intact,coordinate,0.0003,498001,False,35,False,112.94555522617031,34,1.0,34,0.7969543147208121,1.356888898114668e-10
discovery,9146,9246,random,701,legacy5,intact,coordinate,0.0003,498002,False,35,False,112.94555522617031,34,1.0,34,0.7969543147208121,1.356888898114668e-10
discovery,9146,9246,random,701,legacy5,intact,coordinate,0.0003,498003,False,35,False,112.94555522617031,34,1.0,34,0.7969543147208121,1.356888898114668e-10
discovery,9146,9246,random,701,legacy5,intact,common,0.03,498001,False,35,False,112.94555522617031,34,1.0,34,0.7461928934010152,6.558442094670452e-07
discovery,9146,9246,random,701,legacy5,intact,common,0.03,498002,False,35,False,112.94555522617031,34,1.0,34,0.7766497461928934,6.558442094670452e-07
discovery,9146,9246,random,701,legacy5,intact,common,0.03,498003,False,35,False,112.94555522617031,34,1.0,34,0.7309644670050761,6.558442094670452e-07
discovery,9146,9246,random,701,legacy5,intact,own,0.03,498001,True,35,False,112.94555522617031,34,1.0,34,0.7461928934010152,6.558442094670452e-07
discovery,9146,9246,random,701,legacy5,intact,own,0.03,498002,True,35,False,112.94555522617031,34,1.0,34,0.7766497461928934,6.558442094670452e-07
discovery,9146,9246,random,701,legacy5,intact,own,0.03,498003,True,35,False,112.94555522617031,34,1.0,34,0.7309644670050761,6.558442094670452e-07
discovery,9146,9246,random,701,legacy5,intact,coordinate,0.03,498001,False,35,False,112.94555522617031,34,1.0,34,0.7157360406091371,1.356888898114668e-06
discovery,9146,9246,random,701,legacy5,intact,coordinate,0.03,498002,False,33,False,106.30169903639559,34,0.9411764705882353,32,0.7208121827411168,1.356888898114668e-06
discovery,9146,9246,random,701,legacy5,intact,coordinate,0.03,498003,False,28,False,89.69205856195877,34,0.7941176470588235,27,0.7157360406091371,1.356888898114668e-06
discovery,9146,9246,random,701,legacy5,intact,common,0.3,498001,False,5,False,13.287712379549449,34,0.11764705882352941,4,0.4263959390862944,6.558442094670451e-05
discovery,9146,9246,random,701,legacy5,intact,common,0.3,498002,False,4,False,9.965784284662087,34,0.08823529411764706,3,0.4010152284263959,6.558442094670451e-05
discovery,9146,9246,random,701,legacy5,intact,common,0.3,498003,False,6,False,16.609640474436812,34,0.14705882352941177,5,0.4263959390862944,6.558442094670451e-05
discovery,9146,9246,random,701,legacy5,intact,own,0.3,498001,True,5,False,13.287712379549449,34,0.11764705882352941,4,0.4263959390862944,6.558442094670451e-05
discovery,9146,9246,random,701,legacy5,intact,own,0.3,498002,True,4,False,9.965784284662087,34,0.08823529411764706,3,0.4010152284263959,6.558442094670451e-05
discovery,9146,9246,random,701,legacy5,intact,own,0.3,498003,True,6,False,16.609640474436812,34,0.14705882352941177,5,0.4263959390862944,6.558442094670451e-05
discovery,9146,9246,random,701,legacy5,intact,coordinate,0.3,498001,False,4,False,9.965784284662087,34,0.08823529411764706,3,0.3604060913705584,0.0001356888898114668
discovery,9146,9246,random,701,legacy5,intact,coordinate,0.3,498002,False,1,False,0.0,34,0.0,0,0.3350253807106599,0.0001356888898114668
discovery,9146,9246,random,701,legacy5,intact,coordinate,0.3,498003,False,6,False,16.609640474436812,34,0.14705882352941177,5,0.3756345177664975,0.0001356888898114668
discovery,9146,9246,random,701,legacy5,degree,common,0.0003,498001,False,21,False,66.43856189774725,20,1.0,20,0.7157360406091371,6.558442094670449e-11
discovery,9146,9246,random,701,legacy5,degree,common,0.0003,498002,False,21,False,66.43856189774725,20,1.0,20,0.7157360406091371,6.558442094670449e-11
discovery,9146,9246,random,701,legacy5,degree,common,0.0003,498003,False,21,False,66.43856189774725,20,1.0,20,0.7157360406091371,6.558442094670449e-11
discovery,9146,9246,random,701,legacy5,degree,own,0.0003,498001,False,21,False,66.43856189774725,20,1.0,20,0.7157360406091371,8.21645672820511e-10
discovery,9146,9246,random,701,legacy5,degree,own,0.0003,498002,False,21,False,66.43856189774725,20,1.0,20,0.7157360406091371,8.21645672820511e-10
discovery,9146,9246,random,701,legacy5,degree,own,0.0003,498003,False,21,False,66.43856189774725,20,1.0,20,0.7157360406091371,8.21645672820511e-10
discovery,9146,9246,random,701,legacy5,degree,coordinate,0.0003,498001,False,21,False,66.43856189774725,20,1.0,20,0.7157360406091371,1.942341401249742e-09
discovery,9146,9246,random,701,legacy5,degree,coordinate,0.0003,498002,False,21,False,66.43856189774725,20,1.0,20,0.7157360406091371,1.942341401249742e-09
discovery,9146,9246,random,701,legacy5,degree,coordinate,0.0003,498003,False,21,False,66.43856189774725,20,1.0,20,0.7157360406091371,1.942341401249742e-09
discovery,9146,9246,random,701,legacy5,degree,common,0.03,498001,False,21,False,66.43856189774725,20,1.0,20,0.7157360406091371,6.558442094670452e-07
discovery,9146,9246,random,701,legacy5,degree,common,0.03,498002,False,21,False,66.43856189774725,20,1.0,20,0.7106598984771574,6.558442094670452e-07
discovery,9146,9246,random,701,legacy5,degree,common,0.03,498003,False,21,False,66.43856189774725,20,1.0,20,0.7106598984771574,6.558442094670452e-07
discovery,9146,9246,random,701,legacy5,degree,own,0.03,498001,False,21,False,66.43856189774725,20,1.0,20,0.6548223350253807,8.216456728205112e-06
discovery,9146,9246,random,701,legacy5,degree,own,0.03,498002,False,17,False,53.150849518197795,20,0.8,16,0.6548223350253807,8.216456728205112e-06
discovery,9146,9246,random,701,legacy5,degree,own,0.03,498003,False,21,False,66.43856189774725,20,1.0,20,0.6598984771573604,8.216456728205112e-06
discovery,9146,9246,random,701,legacy5,degree,coordinate,0.03,498001,False,21,False,66.43856189774725,20,1.0,20,0.6243654822335025,1.942341401249742e-05
discovery,9146,9246,random,701,legacy5,degree,coordinate,0.03,498002,False,17,False,53.150849518197795,20,0.8,16,0.6345177664974619,1.942341401249742e-05
discovery,9146,9246,random,701,legacy5,degree,coordinate,0.03,498003,False,4,False,9.965784284662087,20,0.15,3,0.5989847715736041,1.942341401249742e-05
discovery,9146,9246,random,701,legacy5,degree,common,0.3,498001,False,21,False,66.43856189774725,20,1.0,20,0.5482233502538071,6.558442094670451e-05
discovery,9146,9246,random,701,legacy5,degree,common,0.3,498002,False,8,False,23.253496664211536,20,0.35,7,0.5380710659898477,6.558442094670451e-05
discovery,9146,9246,random,701,legacy5,degree,common,0.3,498003,False,4,False,9.965784284662087,20,0.15,3,0.5380710659898477,6.558442094670451e-05
discovery,9146,9246,random,701,legacy5,degree,own,0.3,498001,False,5,False,13.287712379549449,20,0.2,4,0.39086294416243655,0.0008216456728205113
discovery,9146,9246,random,701,legacy5,degree,own,0.3,498002,False,1,False,0.0,20,0.0,0,0.3756345177664975,0.0008216456728205113
discovery,9146,9246,random,701,legacy5,degree,own,0.3,498003,False,3,False,6.643856189774724,20,0.1,2,0.38071065989847713,0.0008216456728205113
discovery,9146,9246,random,701,legacy5,degree,coordinate,0.3,498001,False,4,False,9.965784284662087,20,0.15,3,0.34517766497461927,0.0019423414012497422
discovery,9146,9246,random,701,legacy5,degree,coordinate,0.3,498002,False,1,False,0.0,20,0.0,0,0.3299492385786802,0.0019423414012497422
discovery,9146,9246,random,701,legacy5,degree,coordinate,0.3,498003,False,3,False,6.643856189774724,20,0.1,2,0.3248730964467005,0.0019423414012497422
discovery,9146,9246,random,701,legacy5,role,common,0.0003,498001,False,17,False,53.150849518197795,16,1.0,16,0.7817258883248731,6.55844209467045e-11
discovery,9146,9246,random,701,legacy5,role,common,0.0003,498002,False,17,False,53.150849518197795,16,1.0,16,0.7817258883248731,6.55844209467045e-11
discovery,9146,9246,random,701,legacy5,role,common,0.0003,498003,False,17,False,53.150849518197795,16,1.0,16,0.7817258883248731,6.55844209467045e-11
discovery,9146,9246,random,701,legacy5,role,own,0.0003,498001,False,17,False,53.150849518197795,16,1.0,16,0.7817258883248731,7.082218522006669e-11
discovery,9146,9246,random,701,legacy5,role,own,0.0003,498002,False,17,False,53.150849518197795,16,1.0,16,0.7817258883248731,7.082218522006669e-11
discovery,9146,9246,random,701,legacy5,role,own,0.0003,498003,False,17,False,53.150849518197795,16,1.0,16,0.7817258883248731,7.082218522006669e-11
discovery,9146,9246,random,701,legacy5,role,coordinate,0.0003,498001,False,17,False,53.150849518197795,16,1.0,16,0.7817258883248731,1.282583410453775e-10
discovery,9146,9246,random,701,legacy5,role,coordinate,0.0003,498002,False,17,False,53.150849518197795,16,1.0,16,0.7817258883248731,1.282583410453775e-10
discovery,9146,9246,random,701,legacy5,role,coordinate,0.0003,498003,False,17,False,53.150849518197795,16,1.0,16,0.7817258883248731,1.282583410453775e-10
discovery,9146,9246,random,701,legacy5,role,common,0.03,498001,False,17,False,53.150849518197795,16,1.0,16,0.7461928934010152,6.558442094670452e-07
discovery,9146,9246,random,701,legacy5,role,common,0.03,498002,False,15,False,46.50699332842307,16,0.875,14,0.7461928934010152,6.558442094670452e-07
discovery,9146,9246,random,701,legacy5,role,common,0.03,498003,False,17,False,53.150849518197795,16,1.0,16,0.7411167512690355,6.558442094670452e-07
discovery,9146,9246,random,701,legacy5,role,own,0.03,498001,False,17,False,53.150849518197795,16,1.0,16,0.7360406091370558,7.082218522006669e-07
discovery,9146,9246,random,701,legacy5,role,own,0.03,498002,False,15,False,46.50699332842307,16,0.875,14,0.7411167512690355,7.082218522006669e-07
discovery,9146,9246,random,701,legacy5,role,own,0.03,498003,False,17,False,53.150849518197795,16,1.0,16,0.7411167512690355,7.082218522006669e-07
discovery,9146,9246,random,701,legacy5,role,coordinate,0.03,498001,False,17,False,53.150849518197795,16,1.0,16,0.7157360406091371,1.282583410453775e-06
discovery,9146,9246,random,701,legacy5,role,coordinate,0.03,498002,False,15,False,46.50699332842307,16,0.875,14,0.7208121827411168,1.282583410453775e-06
discovery,9146,9246,random,701,legacy5,role,coordinate,0.03,498003,False,17,False,53.150849518197795,16,1.0,16,0.700507614213198,1.282583410453775e-06
discovery,9146,9246,random,701,legacy5,role,common,0.3,498001,False,2,False,3.321928094887362,16,0.0625,1,0.41624365482233505,6.558442094670452e-05
discovery,9146,9246,random,701,legacy5,role,common,0.3,498002,False,1,False,0.0,16,0.0,0,0.37055837563451777,6.558442094670452e-05
discovery,9146,9246,random,701,legacy5,role,common,0.3,498003,False,3,False,6.643856189774724,16,0.125,2,0.4010152284263959,6.558442094670452e-05
discovery,9146,9246,random,701,legacy5,role,own,0.3,498001,False,2,False,3.321928094887362,16,0.0625,1,0.40609137055837563,7.082218522006671e-05
discovery,9146,9246,random,701,legacy5,role,own,0.3,498002,False,1,False,0.0,16,0.0,0,0.36548223350253806,7.082218522006671e-05
discovery,9146,9246,random,701,legacy5,role,own,0.3,498003,False,3,False,6.643856189774724,16,0.125,2,0.39593908629441626,7.082218522006671e-05
discovery,9146,9246,random,701,legacy5,role,coordinate,0.3,498001,False,2,False,3.321928094887362,16,0.0625,1,0.34517766497461927,0.0001282583410453775
discovery,9146,9246,random,701,legacy5,role,coordinate,0.3,498002,False,1,False,0.0,16,0.0,0,0.3197969543147208,0.0001282583410453775
discovery,9146,9246,random,701,legacy5,role,coordinate,0.3,498003,False,3,False,6.643856189774724,16,0.125,2,0.350253807106599,0.0001282583410453775
discovery,9146,9246,random,702,legacy5,intact,common,0.0003,498001,False,5,False,13.287712379549449,4,1.0,4,0.8883248730964467,5.611923308695898e-11
discovery,9146,9246,random,702,legacy5,intact,common,0.0003,498002,False,5,False,13.287712379549449,4,1.0,4,0.8883248730964467,5.611923308695898e-11
discovery,9146,9246,random,702,legacy5,intact,common,0.0003,498003,False,5,False,13.287712379549449,4,1.0,4,0.8883248730964467,5.611923308695898e-11
discovery,9146,9246,random,702,legacy5,intact,own,0.0003,498001,True,5,False,13.287712379549449,4,1.0,4,0.8883248730964467,5.611923308695898e-11
discovery,9146,9246,random,702,legacy5,intact,own,0.0003,498002,True,5,False,13.287712379549449,4,1.0,4,0.8883248730964467,5.611923308695898e-11
discovery,9146,9246,random,702,legacy5,intact,own,0.0003,498003,True,5,False,13.287712379549449,4,1.0,4,0.8883248730964467,5.611923308695898e-11
discovery,9146,9246,random,702,legacy5,intact,coordinate,0.0003,498001,False,5,False,13.287712379549449,4,1.0,4,0.8883248730964467,1.3138930831656777e-10
discovery,9146,9246,random,702,legacy5,intact,coordinate,0.0003,498002,False,5,False,13.287712379549449,4,1.0,4,0.8883248730964467,1.3138930831656777e-10
discovery,9146,9246,random,702,legacy5,intact,coordinate,0.0003,498003,False,5,False,13.287712379549449,4,1.0,4,0.8883248730964467,1.3138930831656777e-10
discovery,9146,9246,random,702,legacy5,intact,common,0.03,498001,False,5,False,13.287712379549449,4,1.0,4,0.8477157360406091,5.611923308695898e-07
discovery,9146,9246,random,702,legacy5,intact,common,0.03,498002,False,5,False,13.287712379549449,4,1.0,4,0.8629441624365483,5.611923308695898e-07
discovery,9146,9246,random,702,legacy5,intact,common,0.03,498003,False,5,False,13.287712379549449,4,1.0,4,0.8578680203045685,5.611923308695898e-07
discovery,9146,9246,random,702,legacy5,intact,own,0.03,498001,True,5,False,13.287712379549449,4,1.0,4,0.8477157360406091,5.611923308695898e-07
discovery,9146,9246,random,702,legacy5,intact,own,0.03,498002,True,5,False,13.287712379549449,4,1.0,4,0.8629441624365483,5.611923308695898e-07
discovery,9146,9246,random,702,legacy5,intact,own,0.03,498003,True,5,False,13.287712379549449,4,1.0,4,0.8578680203045685,5.611923308695898e-07
discovery,9146,9246,random,702,legacy5,intact,coordinate,0.03,498001,False,5,False,13.287712379549449,4,1.0,4,0.8071065989847716,1.3138930831656778e-06
discovery,9146,9246,random,702,legacy5,intact,coordinate,0.03,498002,False,5,False,13.287712379549449,4,1.0,4,0.8375634517766497,1.3138930831656778e-06
discovery,9146,9246,random,702,legacy5,intact,coordinate,0.03,498003,False,5,False,13.287712379549449,4,1.0,4,0.8477157360406091,1.3138930831656778e-06
discovery,9146,9246,random,702,legacy5,intact,common,0.3,498001,False,1,False,0.0,4,0.0,0,0.4365482233502538,5.611923308695898e-05
discovery,9146,9246,random,702,legacy5,intact,common,0.3,498002,False,1,False,0.0,4,0.0,0,0.49238578680203043,5.611923308695898e-05
discovery,9146,9246,random,702,legacy5,intact,common,0.3,498003,False,1,False,0.0,4,0.0,0,0.49746192893401014,5.611923308695898e-05
discovery,9146,9246,random,702,legacy5,intact,own,0.3,498001,True,1,False,0.0,4,0.0,0,0.4365482233502538,5.611923308695898e-05
discovery,9146,9246,random,702,legacy5,intact,own,0.3,498002,True,1,False,0.0,4,0.0,0,0.49238578680203043,5.611923308695898e-05
discovery,9146,9246,random,702,legacy5,intact,own,0.3,498003,True,1,False,0.0,4,0.0,0,0.49746192893401014,5.611923308695898e-05
discovery,9146,9246,random,702,legacy5,intact,coordinate,0.3,498001,False,1,False,0.0,4,0.0,0,0.3553299492385787,0.0001313893083165678
discovery,9146,9246,random,702,legacy5,intact,coordinate,0.3,498002,False,1,False,0.0,4,0.0,0,0.4517766497461929,0.0001313893083165678
discovery,9146,9246,random,702,legacy5,intact,coordinate,0.3,498003,False,1,False,0.0,4,0.0,0,0.39086294416243655,0.0001313893083165678
discovery,9146,9246,random,702,legacy5,degree,common,0.0003,498001,False,38,False,122.9113395108324,37,1.0,37,0.7817258883248731,5.611923308695898e-11
discovery,9146,9246,random,702,legacy5,degree,common,0.0003,498002,False,38,False,122.9113395108324,37,1.0,37,0.7766497461928934,5.611923308695898e-11
discovery,9146,9246,random,702,legacy5,degree,common,0.0003,498003,False,38,False,122.9113395108324,37,1.0,37,0.7766497461928934,5.611923308695898e-11
discovery,9146,9246,random,702,legacy5,degree,own,0.0003,498001,False,38,False,122.9113395108324,37,1.0,37,0.7817258883248731,3.430225000684276e-10
discovery,9146,9246,random,702,legacy5,degree,own,0.0003,498002,False,38,False,122.9113395108324,37,1.0,37,0.7817258883248731,3.430225000684276e-10
discovery,9146,9246,random,702,legacy5,degree,own,0.0003,498003,False,38,False,122.9113395108324,37,1.0,37,0.7817258883248731,3.430225000684276e-10
discovery,9146,9246,random,702,legacy5,degree,coordinate,0.0003,498001,False,38,False,122.9113395108324,37,1.0,37,0.7817258883248731,1.6937012657971666e-09
discovery,9146,9246,random,702,legacy5,degree,coordinate,0.0003,498002,False,38,False,122.9113395108324,37,1.0,37,0.7817258883248731,1.6937012657971666e-09
discovery,9146,9246,random,702,legacy5,degree,coordinate,0.0003,498003,False,38,False,122.9113395108324,37,1.0,37,0.7817258883248731,1.6937012657971666e-09
discovery,9146,9246,random,702,legacy5,degree,common,0.03,498001,False,38,False,122.9113395108324,37,1.0,37,0.766497461928934,5.611923308695898e-07
discovery,9146,9246,random,702,legacy5,degree,common,0.03,498002,False,38,False,122.9113395108324,37,1.0,37,0.7766497461928934,5.611923308695898e-07
discovery,9146,9246,random,702,legacy5,degree,common,0.03,498003,False,38,False,122.9113395108324,37,1.0,37,0.7817258883248731,5.611923308695898e-07
discovery,9146,9246,random,702,legacy5,degree,own,0.03,498001,False,38,False,122.9113395108324,37,1.0,37,0.7411167512690355,3.4302250006842763e-06
discovery,9146,9246,random,702,legacy5,degree,own,0.03,498002,False,38,False,122.9113395108324,37,1.0,37,0.7563451776649747,3.4302250006842763e-06
discovery,9146,9246,random,702,legacy5,degree,own,0.03,498003,False,38,False,122.9113395108324,37,1.0,37,0.7614213197969543,3.4302250006842763e-06
discovery,9146,9246,random,702,legacy5,degree,coordinate,0.03,498001,False,20,False,63.11663380285988,37,0.5135135135135135,19,0.6751269035532995,1.6937012657971667e-05
discovery,9146,9246,random,702,legacy5,degree,coordinate,0.03,498002,False,23,False,73.08241808752197,37,0.5945945945945946,22,0.7055837563451777,1.6937012657971667e-05
discovery,9146,9246,random,702,legacy5,degree,coordinate,0.03,498003,False,15,False,46.50699332842307,37,0.3783783783783784,14,0.6852791878172588,1.6937012657971667e-05
discovery,9146,9246,random,702,legacy5,degree,common,0.3,498001,False,9,False,26.575424759098897,37,0.21621621621621623,8,0.6040609137055838,5.611923308695898e-05
discovery,9146,9246,random,702,legacy5,degree,common,0.3,498002,False,6,False,16.609640474436812,37,0.13513513513513514,5,0.6040609137055838,5.611923308695898e-05
discovery,9146,9246,random,702,legacy5,degree,common,0.3,498003,False,15,False,46.50699332842307,37,0.3783783783783784,14,0.5989847715736041,5.611923308695898e-05
discovery,9146,9246,random,702,legacy5,degree,own,0.3,498001,False,2,False,3.321928094887362,37,0.02702702702702703,1,0.4416243654822335,0.0003430225000684276
discovery,9146,9246,random,702,legacy5,degree,own,0.3,498002,False,5,False,13.287712379549449,37,0.10810810810810811,4,0.4619289340101523,0.0003430225000684276
discovery,9146,9246,random,702,legacy5,degree,own,0.3,498003,False,7,False,19.931568569324174,37,0.16216216216216217,6,0.4365482233502538,0.0003430225000684276
discovery,9146,9246,random,702,legacy5,degree,coordinate,0.3,498001,False,2,False,3.321928094887362,37,0.02702702702702703,1,0.3197969543147208,0.001693701265797167
discovery,9146,9246,random,702,legacy5,degree,coordinate,0.3,498002,False,3,False,6.643856189774724,37,0.05405405405405406,2,0.29949238578680204,0.001693701265797167
discovery,9146,9246,random,702,legacy5,degree,coordinate,0.3,498003,False,4,False,9.965784284662087,37,0.08108108108108109,3,0.30456852791878175,0.001693701265797167
discovery,9146,9246,random,702,legacy5,role,common,0.0003,498001,False,39,False,126.23326760571976,38,1.0,38,0.9086294416243654,5.611923308695899e-11
discovery,9146,9246,random,702,legacy5,role,common,0.0003,498002,False,39,False,126.23326760571976,38,1.0,38,0.9035532994923858,5.611923308695899e-11
discovery,9146,9246,random,702,legacy5,role,common,0.0003,498003,False,39,False,126.23326760571976,38,1.0,38,0.9035532994923858,5.611923308695899e-11
discovery,9146,9246,random,702,legacy5,role,own,0.0003,498001,False,39,False,126.23326760571976,38,1.0,38,0.9086294416243654,4.384958691505749e-11
discovery,9146,9246,random,702,legacy5,role,own,0.0003,498002,False,39,False,126.23326760571976,38,1.0,38,0.9035532994923858,4.384958691505749e-11
discovery,9146,9246,random,702,legacy5,role,own,0.0003,498003,False,39,False,126.23326760571976,38,1.0,38,0.9035532994923858,4.384958691505749e-11
discovery,9146,9246,random,702,legacy5,role,coordinate,0.0003,498001,False,39,False,126.23326760571976,38,1.0,38,0.9086294416243654,9.762193175279904e-11
discovery,9146,9246,random,702,legacy5,role,coordinate,0.0003,498002,False,39,False,126.23326760571976,38,1.0,38,0.9035532994923858,9.762193175279904e-11
discovery,9146,9246,random,702,legacy5,role,coordinate,0.0003,498003,False,39,False,126.23326760571976,38,1.0,38,0.9035532994923858,9.762193175279904e-11
discovery,9146,9246,random,702,legacy5,role,common,0.03,498001,False,6,False,16.609640474436812,38,0.13157894736842105,5,0.8071065989847716,5.611923308695898e-07
discovery,9146,9246,random,702,legacy5,role,common,0.03,498002,False,10,False,29.89735285398626,38,0.23684210526315788,9,0.8071065989847716,5.611923308695898e-07
discovery,9146,9246,random,702,legacy5,role,common,0.03,498003,False,32,False,102.97977094150822,38,0.8157894736842105,31,0.8121827411167513,5.611923308695898e-07
discovery,9146,9246,random,702,legacy5,role,own,0.03,498001,False,6,False,16.609640474436812,38,0.13157894736842105,5,0.8324873096446701,4.384958691505749e-07
discovery,9146,9246,random,702,legacy5,role,own,0.03,498002,False,10,False,29.89735285398626,38,0.23684210526315788,9,0.8223350253807107,4.384958691505749e-07
discovery,9146,9246,random,702,legacy5,role,own,0.03,498003,False,39,False,126.23326760571976,38,1.0,38,0.8578680203045685,4.384958691505749e-07
discovery,9146,9246,random,702,legacy5,role,coordinate,0.03,498001,False,6,False,16.609640474436812,38,0.13157894736842105,5,0.7766497461928934,9.762193175279905e-07
discovery,9146,9246,random,702,legacy5,role,coordinate,0.03,498002,False,10,False,29.89735285398626,38,0.23684210526315788,9,0.7969543147208121,9.762193175279905e-07
discovery,9146,9246,random,702,legacy5,role,coordinate,0.03,498003,False,20,False,63.11663380285988,38,0.5,19,0.7614213197969543,9.762193175279905e-07
discovery,9146,9246,random,702,legacy5,role,common,0.3,498001,False,4,False,9.965784284662087,38,0.07894736842105263,3,0.38071065989847713,5.611923308695898e-05
discovery,9146,9246,random,702,legacy5,role,common,0.3,498002,False,6,False,16.609640474436812,38,0.13157894736842105,5,0.4010152284263959,5.611923308695898e-05
discovery,9146,9246,random,702,legacy5,role,common,0.3,498003,False,1,False,0.0,38,0.0,0,0.4365482233502538,5.611923308695898e-05
discovery,9146,9246,random,702,legacy5,role,own,0.3,498001,False,4,False,9.965784284662087,38,0.07894736842105263,3,0.41116751269035534,4.3849586915057495e-05
discovery,9146,9246,random,702,legacy5,role,own,0.3,498002,False,6,False,16.609640474436812,38,0.13157894736842105,5,0.4213197969543147,4.3849586915057495e-05
discovery,9146,9246,random,702,legacy5,role,own,0.3,498003,False,1,False,0.0,38,0.0,0,0.4517766497461929,4.3849586915057495e-05
discovery,9146,9246,random,702,legacy5,role,coordinate,0.3,498001,False,1,False,0.0,38,0.0,0,0.3299492385786802,9.762193175279903e-05
discovery,9146,9246,random,702,legacy5,role,coordinate,0.3,498002,False,3,False,6.643856189774724,38,0.05263157894736842,2,0.29441624365482233,9.762193175279903e-05
discovery,9146,9246,random,702,legacy5,role,coordinate,0.3,498003,False,1,False,0.0,38,0.0,0,0.3604060913705584,9.762193175279903e-05
confirmation,440142,440242,pi,701,legacy5,intact,common,0.0003,498001,False,36,False,116.26748332105768,35,1.0,35,0.8223350253807107,6.551072623241649e-11
confirmation,440142,440242,pi,701,legacy5,intact,common,0.0003,498002,False,36,False,116.26748332105768,35,1.0,35,0.8223350253807107,6.551072623241649e-11
confirmation,440142,440242,pi,701,legacy5,intact,common,0.0003,498003,False,36,False,116.26748332105768,35,1.0,35,0.8223350253807107,6.551072623241649e-11
confirmation,440142,440242,pi,701,legacy5,intact,own,0.0003,498001,True,36,False,116.26748332105768,35,1.0,35,0.8223350253807107,6.551072623241649e-11
confirmation,440142,440242,pi,701,legacy5,intact,own,0.0003,498002,True,36,False,116.26748332105768,35,1.0,35,0.8223350253807107,6.551072623241649e-11
confirmation,440142,440242,pi,701,legacy5,intact,own,0.0003,498003,True,36,False,116.26748332105768,35,1.0,35,0.8223350253807107,6.551072623241649e-11
confirmation,440142,440242,pi,701,legacy5,intact,coordinate,0.0003,498001,False,36,False,116.26748332105768,35,1.0,35,0.8223350253807107,1.1682042765491755e-10
confirmation,440142,440242,pi,701,legacy5,intact,coordinate,0.0003,498002,False,36,False,116.26748332105768,35,1.0,35,0.8223350253807107,1.1682042765491755e-10
confirmation,440142,440242,pi,701,legacy5,intact,coordinate,0.0003,498003,False,36,False,116.26748332105768,35,1.0,35,0.8223350253807107,1.1682042765491755e-10
confirmation,440142,440242,pi,701,legacy5,intact,common,0.03,498001,False,31,False,99.65784284662087,35,0.8571428571428571,30,0.7461928934010152,6.551072623241651e-07
confirmation,440142,440242,pi,701,legacy5,intact,common,0.03,498002,False,36,False,116.26748332105768,35,1.0,35,0.7309644670050761,6.551072623241651e-07
confirmation,440142,440242,pi,701,legacy5,intact,common,0.03,498003,False,29,False,93.01398665684614,35,0.8,28,0.7461928934010152,6.551072623241651e-07
confirmation,440142,440242,pi,701,legacy5,intact,own,0.03,498001,True,31,False,99.65784284662087,35,0.8571428571428571,30,0.7461928934010152,6.551072623241651e-07
confirmation,440142,440242,pi,701,legacy5,intact,own,0.03,498002,True,36,False,116.26748332105768,35,1.0,35,0.7309644670050761,6.551072623241651e-07
confirmation,440142,440242,pi,701,legacy5,intact,own,0.03,498003,True,29,False,93.01398665684614,35,0.8,28,0.7461928934010152,6.551072623241651e-07
confirmation,440142,440242,pi,701,legacy5,intact,coordinate,0.03,498001,False,4,False,9.965784284662087,35,0.08571428571428572,3,0.7258883248730964,1.1682042765491757e-06
confirmation,440142,440242,pi,701,legacy5,intact,coordinate,0.03,498002,False,36,False,116.26748332105768,35,1.0,35,0.7157360406091371,1.1682042765491757e-06
confirmation,440142,440242,pi,701,legacy5,intact,coordinate,0.03,498003,False,29,False,93.01398665684614,35,0.8,28,0.6954314720812182,1.1682042765491757e-06
confirmation,440142,440242,pi,701,legacy5,intact,common,0.3,498001,False,1,False,0.0,35,0.0,0,0.41116751269035534,6.55107262324165e-05
confirmation,440142,440242,pi,701,legacy5,intact,common,0.3,498002,False,1,False,0.0,35,0.0,0,0.39593908629441626,6.55107262324165e-05
confirmation,440142,440242,pi,701,legacy5,intact,common,0.3,498003,False,1,False,0.0,35,0.0,0,0.3401015228426396,6.55107262324165e-05
confirmation,440142,440242,pi,701,legacy5,intact,own,0.3,498001,True,1,False,0.0,35,0.0,0,0.41116751269035534,6.55107262324165e-05
confirmation,440142,440242,pi,701,legacy5,intact,own,0.3,498002,True,1,False,0.0,35,0.0,0,0.39593908629441626,6.55107262324165e-05
confirmation,440142,440242,pi,701,legacy5,intact,own,0.3,498003,True,1,False,0.0,35,0.0,0,0.3401015228426396,6.55107262324165e-05
confirmation,440142,440242,pi,701,legacy5,intact,coordinate,0.3,498001,False,1,False,0.0,35,0.0,0,0.3401015228426396,0.00011682042765491758
confirmation,440142,440242,pi,701,legacy5,intact,coordinate,0.3,498002,False,1,False,0.0,35,0.0,0,0.37055837563451777,0.00011682042765491758
confirmation,440142,440242,pi,701,legacy5,intact,coordinate,0.3,498003,False,1,False,0.0,35,0.0,0,0.28426395939086296,0.00011682042765491758
confirmation,440142,440242,pi,701,legacy5,degree,common,0.0003,498001,False,36,False,116.26748332105768,35,1.0,35,0.7614213197969543,6.55107262324165e-11
confirmation,440142,440242,pi,701,legacy5,degree,common,0.0003,498002,False,36,False,116.26748332105768,35,1.0,35,0.7614213197969543,6.55107262324165e-11
confirmation,440142,440242,pi,701,legacy5,degree,common,0.0003,498003,False,36,False,116.26748332105768,35,1.0,35,0.7614213197969543,6.55107262324165e-11
confirmation,440142,440242,pi,701,legacy5,degree,own,0.0003,498001,False,36,False,116.26748332105768,35,1.0,35,0.7614213197969543,4.0340439756538746e-10
confirmation,440142,440242,pi,701,legacy5,degree,own,0.0003,498002,False,36,False,116.26748332105768,35,1.0,35,0.7614213197969543,4.0340439756538746e-10
confirmation,440142,440242,pi,701,legacy5,degree,own,0.0003,498003,False,36,False,116.26748332105768,35,1.0,35,0.7614213197969543,4.0340439756538746e-10
confirmation,440142,440242,pi,701,legacy5,degree,coordinate,0.0003,498001,False,36,False,116.26748332105768,35,1.0,35,0.7614213197969543,2.631387432782894e-09
confirmation,440142,440242,pi,701,legacy5,degree,coordinate,0.0003,498002,False,36,False,116.26748332105768,35,1.0,35,0.7614213197969543,2.631387432782894e-09
confirmation,440142,440242,pi,701,legacy5,degree,coordinate,0.0003,498003,False,36,False,116.26748332105768,35,1.0,35,0.7614213197969543,2.631387432782894e-09
confirmation,440142,440242,pi,701,legacy5,degree,common,0.03,498001,False,36,False,116.26748332105768,35,1.0,35,0.7563451776649747,6.551072623241651e-07
confirmation,440142,440242,pi,701,legacy5,degree,common,0.03,498002,False,36,False,116.26748332105768,35,1.0,35,0.7614213197969543,6.551072623241651e-07
confirmation,440142,440242,pi,701,legacy5,degree,common,0.03,498003,False,36,False,116.26748332105768,35,1.0,35,0.7614213197969543,6.551072623241651e-07
confirmation,440142,440242,pi,701,legacy5,degree,own,0.03,498001,False,36,False,116.26748332105768,35,1.0,35,0.7360406091370558,4.034043975653875e-06
confirmation,440142,440242,pi,701,legacy5,degree,own,0.03,498002,False,36,False,116.26748332105768,35,1.0,35,0.751269035532995,4.034043975653875e-06
confirmation,440142,440242,pi,701,legacy5,degree,own,0.03,498003,False,36,False,116.26748332105768,35,1.0,35,0.7461928934010152,4.034043975653875e-06
confirmation,440142,440242,pi,701,legacy5,degree,coordinate,0.03,498001,False,25,False,79.7262742772967,35,0.6857142857142857,24,0.6700507614213198,2.6313874327828945e-05
confirmation,440142,440242,pi,701,legacy5,degree,coordinate,0.03,498002,False,5,False,13.287712379549449,35,0.11428571428571428,4,0.6751269035532995,2.6313874327828945e-05
confirmation,440142,440242,pi,701,legacy5,degree,coordinate,0.03,498003,False,36,False,116.26748332105768,35,1.0,35,0.7055837563451777,2.6313874327828945e-05
confirmation,440142,440242,pi,701,legacy5,degree,common,0.3,498001,False,5,False,13.287712379549449,35,0.11428571428571428,4,0.6091370558375635,6.55107262324165e-05
confirmation,440142,440242,pi,701,legacy5,degree,common,0.3,498002,False,5,False,13.287712379549449,35,0.11428571428571428,4,0.5939086294416244,6.55107262324165e-05
confirmation,440142,440242,pi,701,legacy5,degree,common,0.3,498003,False,8,False,23.253496664211536,35,0.2,7,0.6345177664974619,6.55107262324165e-05
confirmation,440142,440242,pi,701,legacy5,degree,own,0.3,498001,False,5,False,13.287712379549449,35,0.11428571428571428,4,0.48223350253807107,0.00040340439756538746
confirmation,440142,440242,pi,701,legacy5,degree,own,0.3,498002,False,5,False,13.287712379549449,35,0.11428571428571428,4,0.467005076142132,0.00040340439756538746
confirmation,440142,440242,pi,701,legacy5,degree,own,0.3,498003,False,4,False,9.965784284662087,35,0.08571428571428572,3,0.4873096446700508,0.00040340439756538746
confirmation,440142,440242,pi,701,legacy5,degree,coordinate,0.3,498001,False,3,False,6.643856189774724,35,0.05714285714285714,2,0.3248730964467005,0.0026313874327828944
confirmation,440142,440242,pi,701,legacy5,degree,coordinate,0.3,498002,False,4,False,9.965784284662087,35,0.08571428571428572,3,0.34517766497461927,0.0026313874327828944
confirmation,440142,440242,pi,701,legacy5,degree,coordinate,0.3,498003,False,4,False,9.965784284662087,35,0.08571428571428572,3,0.3553299492385787,0.0026313874327828944
confirmation,440142,440242,pi,701,legacy5,role,common,0.0003,498001,False,41,False,132.8771237954945,40,1.0,40,0.9137055837563451,6.551072623241649e-11
confirmation,440142,440242,pi,701,legacy5,role,common,0.0003,498002,False,41,False,132.8771237954945,40,1.0,40,0.9137055837563451,6.551072623241649e-11
confirmation,440142,440242,pi,701,legacy5,role,common,0.0003,498003,False,41,False,132.8771237954945,40,1.0,40,0.9137055837563451,6.551072623241649e-11
confirmation,440142,440242,pi,701,legacy5,role,own,0.0003,498001,False,41,False,132.8771237954945,40,1.0,40,0.9137055837563451,7.309042456833687e-11
confirmation,440142,440242,pi,701,legacy5,role,own,0.0003,498002,False,41,False,132.8771237954945,40,1.0,40,0.9137055837563451,7.309042456833687e-11
confirmation,440142,440242,pi,701,legacy5,role,own,0.0003,498003,False,41,False,132.8771237954945,40,1.0,40,0.9137055837563451,7.309042456833687e-11
confirmation,440142,440242,pi,701,legacy5,role,coordinate,0.0003,498001,False,41,False,132.8771237954945,40,1.0,40,0.9137055837563451,1.217193476823881e-10
confirmation,440142,440242,pi,701,legacy5,role,coordinate,0.0003,498002,False,41,False,132.8771237954945,40,1.0,40,0.9137055837563451,1.217193476823881e-10
confirmation,440142,440242,pi,701,legacy5,role,coordinate,0.0003,498003,False,41,False,132.8771237954945,40,1.0,40,0.9137055837563451,1.217193476823881e-10
confirmation,440142,440242,pi,701,legacy5,role,common,0.03,498001,False,27,False,86.37013046707142,40,0.65,26,0.8781725888324873,6.55107262324165e-07
confirmation,440142,440242,pi,701,legacy5,role,common,0.03,498002,False,36,False,116.26748332105768,40,0.875,35,0.8781725888324873,6.55107262324165e-07
confirmation,440142,440242,pi,701,legacy5,role,common,0.03,498003,False,36,False,116.26748332105768,40,0.875,35,0.8730964467005076,6.55107262324165e-07
confirmation,440142,440242,pi,701,legacy5,role,own,0.03,498001,False,27,False,86.37013046707142,40,0.65,26,0.868020304568528,7.309042456833687e-07
confirmation,440142,440242,pi,701,legacy5,role,own,0.03,498002,False,18,False,56.47277761308516,40,0.425,17,0.8629441624365483,7.309042456833687e-07
confirmation,440142,440242,pi,701,legacy5,role,own,0.03,498003,False,36,False,116.26748332105768,40,0.875,35,0.8730964467005076,7.309042456833687e-07
confirmation,440142,440242,pi,701,legacy5,role,coordinate,0.03,498001,False,27,False,86.37013046707142,40,0.65,26,0.8477157360406091,1.217193476823881e-06
confirmation,440142,440242,pi,701,legacy5,role,coordinate,0.03,498002,False,10,False,29.89735285398626,40,0.225,9,0.817258883248731,1.217193476823881e-06
confirmation,440142,440242,pi,701,legacy5,role,coordinate,0.03,498003,False,31,False,99.65784284662087,40,0.75,30,0.8578680203045685,1.217193476823881e-06
confirmation,440142,440242,pi,701,legacy5,role,common,0.3,498001,False,1,False,0.0,40,0.0,0,0.39593908629441626,6.55107262324165e-05
confirmation,440142,440242,pi,701,legacy5,role,common,0.3,498002,False,1,False,0.0,40,0.0,0,0.4416243654822335,6.55107262324165e-05
confirmation,440142,440242,pi,701,legacy5,role,common,0.3,498003,False,1,False,0.0,40,0.0,0,0.36548223350253806,6.55107262324165e-05
confirmation,440142,440242,pi,701,legacy5,role,own,0.3,498001,False,1,False,0.0,40,0.0,0,0.39086294416243655,7.309042456833686e-05
confirmation,440142,440242,pi,701,legacy5,role,own,0.3,498002,False,1,False,0.0,40,0.0,0,0.43147208121827413,7.309042456833686e-05
confirmation,440142,440242,pi,701,legacy5,role,own,0.3,498003,False,1,False,0.0,40,0.0,0,0.3604060913705584,7.309042456833686e-05
confirmation,440142,440242,pi,701,legacy5,role,coordinate,0.3,498001,False,1,False,0.0,40,0.0,0,0.34517766497461927,0.0001217193476823881
confirmation,440142,440242,pi,701,legacy5,role,coordinate,0.3,498002,False,1,False,0.0,40,0.0,0,0.37055837563451777,0.0001217193476823881
confirmation,440142,440242,pi,701,legacy5,role,coordinate,0.3,498003,False,1,False,0.0,40,0.0,0,0.29949238578680204,0.0001217193476823881
confirmation,440142,440242,pi,702,legacy5,intact,common,0.0003,498001,False,57,False,186.02797331369229,56,1.0,56,0.9086294416243654,8.141406064846046e-11
confirmation,440142,440242,pi,702,legacy5,intact,common,0.0003,498002,False,57,False,186.02797331369229,56,1.0,56,0.9086294416243654,8.141406064846046e-11
confirmation,440142,440242,pi,702,legacy5,intact,common,0.0003,498003,False,57,False,186.02797331369229,56,1.0,56,0.9086294416243654,8.141406064846046e-11
confirmation,440142,440242,pi,702,legacy5,intact,own,0.0003,498001,True,57,False,186.02797331369229,56,1.0,56,0.9086294416243654,8.141406064846046e-11
confirmation,440142,440242,pi,702,legacy5,intact,own,0.0003,498002,True,57,False,186.02797331369229,56,1.0,56,0.9086294416243654,8.141406064846046e-11
confirmation,440142,440242,pi,702,legacy5,intact,own,0.0003,498003,True,57,False,186.02797331369229,56,1.0,56,0.9086294416243654,8.141406064846046e-11
confirmation,440142,440242,pi,702,legacy5,intact,coordinate,0.0003,498001,False,57,False,186.02797331369229,56,1.0,56,0.9086294416243654,1.0359263424692171e-10
confirmation,440142,440242,pi,702,legacy5,intact,coordinate,0.0003,498002,False,57,False,186.02797331369229,56,1.0,56,0.9086294416243654,1.0359263424692171e-10
confirmation,440142,440242,pi,702,legacy5,intact,coordinate,0.0003,498003,False,57,False,186.02797331369229,56,1.0,56,0.9086294416243654,1.0359263424692171e-10
confirmation,440142,440242,pi,702,legacy5,intact,common,0.03,498001,False,45,False,146.16483617504394,56,0.7857142857142857,44,0.8121827411167513,8.141406064846048e-07
confirmation,440142,440242,pi,702,legacy5,intact,common,0.03,498002,False,3,False,6.643856189774724,56,0.03571428571428571,2,0.8375634517766497,8.141406064846048e-07
confirmation,440142,440242,pi,702,legacy5,intact,common,0.03,498003,False,6,False,16.609640474436812,56,0.08928571428571429,5,0.817258883248731,8.141406064846048e-07
confirmation,440142,440242,pi,702,legacy5,intact,own,0.03,498001,True,45,False,146.16483617504394,56,0.7857142857142857,44,0.8121827411167513,8.141406064846048e-07
confirmation,440142,440242,pi,702,legacy5,intact,own,0.03,498002,True,3,False,6.643856189774724,56,0.03571428571428571,2,0.8375634517766497,8.141406064846048e-07
confirmation,440142,440242,pi,702,legacy5,intact,own,0.03,498003,True,6,False,16.609640474436812,56,0.08928571428571429,5,0.817258883248731,8.141406064846048e-07
confirmation,440142,440242,pi,702,legacy5,intact,coordinate,0.03,498001,False,6,False,16.609640474436812,56,0.08928571428571429,5,0.8020304568527918,1.035926342469217e-06
confirmation,440142,440242,pi,702,legacy5,intact,coordinate,0.03,498002,False,3,False,6.643856189774724,56,0.03571428571428571,2,0.8274111675126904,1.035926342469217e-06
confirmation,440142,440242,pi,702,legacy5,intact,coordinate,0.03,498003,False,6,False,16.609640474436812,56,0.08928571428571429,5,0.8071065989847716,1.035926342469217e-06
confirmation,440142,440242,pi,702,legacy5,intact,common,0.3,498001,False,2,False,3.321928094887362,56,0.017857142857142856,1,0.350253807106599,8.141406064846046e-05
confirmation,440142,440242,pi,702,legacy5,intact,common,0.3,498002,False,3,False,6.643856189774724,56,0.03571428571428571,2,0.4213197969543147,8.141406064846046e-05
confirmation,440142,440242,pi,702,legacy5,intact,common,0.3,498003,False,3,False,6.643856189774724,56,0.03571428571428571,2,0.3248730964467005,8.141406064846046e-05
confirmation,440142,440242,pi,702,legacy5,intact,own,0.3,498001,True,2,False,3.321928094887362,56,0.017857142857142856,1,0.350253807106599,8.141406064846046e-05
confirmation,440142,440242,pi,702,legacy5,intact,own,0.3,498002,True,3,False,6.643856189774724,56,0.03571428571428571,2,0.4213197969543147,8.141406064846046e-05
confirmation,440142,440242,pi,702,legacy5,intact,own,0.3,498003,True,3,False,6.643856189774724,56,0.03571428571428571,2,0.3248730964467005,8.141406064846046e-05
confirmation,440142,440242,pi,702,legacy5,intact,coordinate,0.3,498001,False,2,False,3.321928094887362,56,0.017857142857142856,1,0.3147208121827411,0.00010359263424692173
confirmation,440142,440242,pi,702,legacy5,intact,coordinate,0.3,498002,False,3,False,6.643856189774724,56,0.03571428571428571,2,0.39593908629441626,0.00010359263424692173
confirmation,440142,440242,pi,702,legacy5,intact,coordinate,0.3,498003,False,3,False,6.643856189774724,56,0.03571428571428571,2,0.30456852791878175,0.00010359263424692173
confirmation,440142,440242,pi,702,legacy5,degree,common,0.0003,498001,False,8,False,23.253496664211536,7,1.0,7,0.7461928934010152,8.141406064846046e-11
confirmation,440142,440242,pi,702,legacy5,degree,common,0.0003,498002,False,8,False,23.253496664211536,7,1.0,7,0.7461928934010152,8.141406064846046e-11
confirmation,440142,440242,pi,702,legacy5,degree,common,0.0003,498003,False,8,False,23.253496664211536,7,1.0,7,0.7461928934010152,8.141406064846046e-11
confirmation,440142,440242,pi,702,legacy5,degree,own,0.0003,498001,False,8,False,23.253496664211536,7,1.0,7,0.7461928934010152,5.651758822997385e-10
confirmation,440142,440242,pi,702,legacy5,degree,own,0.0003,498002,False,8,False,23.253496664211536,7,1.0,7,0.7461928934010152,5.651758822997385e-10
confirmation,440142,440242,pi,702,legacy5,degree,own,0.0003,498003,False,8,False,23.253496664211536,7,1.0,7,0.7461928934010152,5.651758822997385e-10
confirmation,440142,440242,pi,702,legacy5,degree,coordinate,0.0003,498001,False,8,False,23.253496664211536,7,1.0,7,0.7461928934010152,2.6654578859045683e-09
confirmation,440142,440242,pi,702,legacy5,degree,coordinate,0.0003,498002,False,8,False,23.253496664211536,7,1.0,7,0.7461928934010152,2.6654578859045683e-09
confirmation,440142,440242,pi,702,legacy5,degree,coordinate,0.0003,498003,False,8,False,23.253496664211536,7,1.0,7,0.7461928934010152,2.6654578859045683e-09
confirmation,440142,440242,pi,702,legacy5,degree,common,0.03,498001,False,8,False,23.253496664211536,7,1.0,7,0.7360406091370558,8.141406064846049e-07
confirmation,440142,440242,pi,702,legacy5,degree,common,0.03,498002,False,8,False,23.253496664211536,7,1.0,7,0.7411167512690355,8.141406064846049e-07
confirmation,440142,440242,pi,702,legacy5,degree,common,0.03,498003,False,8,False,23.253496664211536,7,1.0,7,0.7360406091370558,8.141406064846049e-07
confirmation,440142,440242,pi,702,legacy5,degree,own,0.03,498001,False,8,False,23.253496664211536,7,1.0,7,0.7208121827411168,5.651758822997384e-06
confirmation,440142,440242,pi,702,legacy5,degree,own,0.03,498002,False,8,False,23.253496664211536,7,1.0,7,0.7309644670050761,5.651758822997384e-06
confirmation,440142,440242,pi,702,legacy5,degree,own,0.03,498003,False,8,False,23.253496664211536,7,1.0,7,0.7106598984771574,5.651758822997384e-06
confirmation,440142,440242,pi,702,legacy5,degree,coordinate,0.03,498001,False,8,False,23.253496664211536,7,1.0,7,0.6954314720812182,2.665457885904568e-05
confirmation,440142,440242,pi,702,legacy5,degree,coordinate,0.03,498002,False,8,False,23.253496664211536,7,1.0,7,0.6548223350253807,2.665457885904568e-05
confirmation,440142,440242,pi,702,legacy5,degree,coordinate,0.03,498003,False,4,False,9.965784284662087,7,0.42857142857142855,3,0.6751269035532995,2.665457885904568e-05
confirmation,440142,440242,pi,702,legacy5,degree,common,0.3,498001,False,4,False,9.965784284662087,7,0.42857142857142855,3,0.6395939086294417,8.141406064846046e-05
confirmation,440142,440242,pi,702,legacy5,degree,common,0.3,498002,False,8,False,23.253496664211536,7,1.0,7,0.5736040609137056,8.141406064846046e-05
confirmation,440142,440242,pi,702,legacy5,degree,common,0.3,498003,False,1,False,0.0,7,0.0,0,0.6446700507614214,8.141406064846046e-05
confirmation,440142,440242,pi,702,legacy5,degree,own,0.3,498001,False,1,False,0.0,7,0.0,0,0.467005076142132,0.0005651758822997386
confirmation,440142,440242,pi,702,legacy5,degree,own,0.3,498002,False,2,False,3.321928094887362,7,0.14285714285714285,1,0.4619289340101523,0.0005651758822997386
confirmation,440142,440242,pi,702,legacy5,degree,own,0.3,498003,False,1,False,0.0,7,0.0,0,0.5177664974619289,0.0005651758822997386
confirmation,440142,440242,pi,702,legacy5,degree,coordinate,0.3,498001,False,1,False,0.0,7,0.0,0,0.36548223350253806,0.0026654578859045684
confirmation,440142,440242,pi,702,legacy5,degree,coordinate,0.3,498002,False,1,False,0.0,7,0.0,0,0.350253807106599,0.0026654578859045684
confirmation,440142,440242,pi,702,legacy5,degree,coordinate,0.3,498003,False,1,False,0.0,7,0.0,0,0.39593908629441626,0.0026654578859045684
confirmation,440142,440242,pi,702,legacy5,role,common,0.0003,498001,False,36,False,116.26748332105768,35,1.0,35,0.9086294416243654,8.141406064846046e-11
confirmation,440142,440242,pi,702,legacy5,role,common,0.0003,498002,False,36,False,116.26748332105768,35,1.0,35,0.9086294416243654,8.141406064846046e-11
confirmation,440142,440242,pi,702,legacy5,role,common,0.0003,498003,False,36,False,116.26748332105768,35,1.0,35,0.9086294416243654,8.141406064846046e-11
confirmation,440142,440242,pi,702,legacy5,role,own,0.0003,498001,False,36,False,116.26748332105768,35,1.0,35,0.9086294416243654,6.212340448479263e-11
confirmation,440142,440242,pi,702,legacy5,role,own,0.0003,498002,False,36,False,116.26748332105768,35,1.0,35,0.9086294416243654,6.212340448479263e-11
confirmation,440142,440242,pi,702,legacy5,role,own,0.0003,498003,False,36,False,116.26748332105768,35,1.0,35,0.9086294416243654,6.212340448479263e-11
confirmation,440142,440242,pi,702,legacy5,role,coordinate,0.0003,498001,False,36,False,116.26748332105768,35,1.0,35,0.9086294416243654,1.220465398814364e-10
confirmation,440142,440242,pi,702,legacy5,role,coordinate,0.0003,498002,False,36,False,116.26748332105768,35,1.0,35,0.9086294416243654,1.220465398814364e-10
confirmation,440142,440242,pi,702,legacy5,role,coordinate,0.0003,498003,False,36,False,116.26748332105768,35,1.0,35,0.9086294416243654,1.220465398814364e-10
confirmation,440142,440242,pi,702,legacy5,role,common,0.03,498001,False,11,False,33.219280948873624,35,0.2857142857142857,10,0.8426395939086294,8.141406064846048e-07
confirmation,440142,440242,pi,702,legacy5,role,common,0.03,498002,False,5,False,13.287712379549449,35,0.11428571428571428,4,0.817258883248731,8.141406064846048e-07
confirmation,440142,440242,pi,702,legacy5,role,common,0.03,498003,False,5,False,13.287712379549449,35,0.11428571428571428,4,0.8426395939086294,8.141406064846048e-07
confirmation,440142,440242,pi,702,legacy5,role,own,0.03,498001,False,11,False,33.219280948873624,35,0.2857142857142857,10,0.868020304568528,6.212340448479265e-07
confirmation,440142,440242,pi,702,legacy5,role,own,0.03,498002,False,5,False,13.287712379549449,35,0.11428571428571428,4,0.8375634517766497,6.212340448479265e-07
confirmation,440142,440242,pi,702,legacy5,role,own,0.03,498003,False,5,False,13.287712379549449,35,0.11428571428571428,4,0.8527918781725888,6.212340448479265e-07
confirmation,440142,440242,pi,702,legacy5,role,coordinate,0.03,498001,False,5,False,13.287712379549449,35,0.11428571428571428,4,0.8020304568527918,1.2204653988143642e-06
confirmation,440142,440242,pi,702,legacy5,role,coordinate,0.03,498002,False,5,False,13.287712379549449,35,0.11428571428571428,4,0.7918781725888325,1.2204653988143642e-06
confirmation,440142,440242,pi,702,legacy5,role,coordinate,0.03,498003,False,5,False,13.287712379549449,35,0.11428571428571428,4,0.8324873096446701,1.2204653988143642e-06
confirmation,440142,440242,pi,702,legacy5,role,common,0.3,498001,False,1,False,0.0,35,0.0,0,0.34517766497461927,8.141406064846046e-05
confirmation,440142,440242,pi,702,legacy5,role,common,0.3,498002,False,4,False,9.965784284662087,35,0.08571428571428572,3,0.3553299492385787,8.141406064846046e-05
confirmation,440142,440242,pi,702,legacy5,role,common,0.3,498003,False,1,False,0.0,35,0.0,0,0.39086294416243655,8.141406064846046e-05
confirmation,440142,440242,pi,702,legacy5,role,own,0.3,498001,False,1,False,0.0,35,0.0,0,0.38578680203045684,6.212340448479264e-05
confirmation,440142,440242,pi,702,legacy5,role,own,0.3,498002,False,4,False,9.965784284662087,35,0.08571428571428572,3,0.38578680203045684,6.212340448479264e-05
confirmation,440142,440242,pi,702,legacy5,role,own,0.3,498003,False,1,False,0.0,35,0.0,0,0.4263959390862944,6.212340448479264e-05
confirmation,440142,440242,pi,702,legacy5,role,coordinate,0.3,498001,False,1,False,0.0,35,0.0,0,0.30456852791878175,0.00012204653988143642
confirmation,440142,440242,pi,702,legacy5,role,coordinate,0.3,498002,False,2,False,3.321928094887362,35,0.02857142857142857,1,0.3096446700507614,0.00012204653988143642
confirmation,440142,440242,pi,702,legacy5,role,coordinate,0.3,498003,False,1,False,0.0,35,0.0,0,0.3197969543147208,0.00012204653988143642
confirmation,440142,440242,random,701,legacy5,intact,common,0.0003,498001,False,35,False,112.94555522617031,34,1.0,34,0.8578680203045685,7.099774670625031e-11
confirmation,440142,440242,random,701,legacy5,intact,common,0.0003,498002,False,35,False,112.94555522617031,34,1.0,34,0.8578680203045685,7.099774670625031e-11
confirmation,440142,440242,random,701,legacy5,intact,common,0.0003,498003,False,35,False,112.94555522617031,34,1.0,34,0.8578680203045685,7.099774670625031e-11
confirmation,440142,440242,random,701,legacy5,intact,own,0.0003,498001,True,35,False,112.94555522617031,34,1.0,34,0.8578680203045685,7.099774670625031e-11
confirmation,440142,440242,random,701,legacy5,intact,own,0.0003,498002,True,35,False,112.94555522617031,34,1.0,34,0.8578680203045685,7.099774670625031e-11
confirmation,440142,440242,random,701,legacy5,intact,own,0.0003,498003,True,35,False,112.94555522617031,34,1.0,34,0.8578680203045685,7.099774670625031e-11
confirmation,440142,440242,random,701,legacy5,intact,coordinate,0.0003,498001,False,35,False,112.94555522617031,34,1.0,34,0.8578680203045685,1.24893482301114e-10
confirmation,440142,440242,random,701,legacy5,intact,coordinate,0.0003,498002,False,35,False,112.94555522617031,34,1.0,34,0.8578680203045685,1.24893482301114e-10
confirmation,440142,440242,random,701,legacy5,intact,coordinate,0.0003,498003,False,35,False,112.94555522617031,34,1.0,34,0.8578680203045685,1.24893482301114e-10
confirmation,440142,440242,random,701,legacy5,intact,common,0.03,498001,False,9,False,26.575424759098897,34,0.23529411764705882,8,0.7969543147208121,7.099774670625033e-07
confirmation,440142,440242,random,701,legacy5,intact,common,0.03,498002,False,16,False,49.82892142331043,34,0.4411764705882353,15,0.8020304568527918,7.099774670625033e-07
confirmation,440142,440242,random,701,legacy5,intact,common,0.03,498003,False,32,False,102.97977094150822,34,0.9117647058823529,31,0.8071065989847716,7.099774670625033e-07
confirmation,440142,440242,random,701,legacy5,intact,own,0.03,498001,True,9,False,26.575424759098897,34,0.23529411764705882,8,0.7969543147208121,7.099774670625033e-07
confirmation,440142,440242,random,701,legacy5,intact,own,0.03,498002,True,16,False,49.82892142331043,34,0.4411764705882353,15,0.8020304568527918,7.099774670625033e-07
confirmation,440142,440242,random,701,legacy5,intact,own,0.03,498003,True,32,False,102.97977094150822,34,0.9117647058823529,31,0.8071065989847716,7.099774670625033e-07
confirmation,440142,440242,random,701,legacy5,intact,coordinate,0.03,498001,False,9,False,26.575424759098897,34,0.23529411764705882,8,0.7614213197969543,1.2489348230111404e-06
confirmation,440142,440242,random,701,legacy5,intact,coordinate,0.03,498002,False,8,False,23.253496664211536,34,0.20588235294117646,7,0.7309644670050761,1.2489348230111404e-06
confirmation,440142,440242,random,701,legacy5,intact,coordinate,0.03,498003,False,32,False,102.97977094150822,34,0.9117647058823529,31,0.7461928934010152,1.2489348230111404e-06
confirmation,440142,440242,random,701,legacy5,intact,common,0.3,498001,False,2,False,3.321928094887362,34,0.029411764705882353,1,0.39593908629441626,7.099774670625032e-05
confirmation,440142,440242,random,701,legacy5,intact,common,0.3,498002,False,2,False,3.321928094887362,34,0.029411764705882353,1,0.3553299492385787,7.099774670625032e-05
confirmation,440142,440242,random,701,legacy5,intact,common,0.3,498003,False,2,False,3.321928094887362,34,0.029411764705882353,1,0.4263959390862944,7.099774670625032e-05
confirmation,440142,440242,random,701,legacy5,intact,own,0.3,498001,True,2,False,3.321928094887362,34,0.029411764705882353,1,0.39593908629441626,7.099774670625032e-05
confirmation,440142,440242,random,701,legacy5,intact,own,0.3,498002,True,2,False,3.321928094887362,34,0.029411764705882353,1,0.3553299492385787,7.099774670625032e-05
confirmation,440142,440242,random,701,legacy5,intact,own,0.3,498003,True,2,False,3.321928094887362,34,0.029411764705882353,1,0.4263959390862944,7.099774670625032e-05
confirmation,440142,440242,random,701,legacy5,intact,coordinate,0.3,498001,False,2,False,3.321928094887362,34,0.029411764705882353,1,0.34517766497461927,0.00012489348230111403
confirmation,440142,440242,random,701,legacy5,intact,coordinate,0.3,498002,False,2,False,3.321928094887362,34,0.029411764705882353,1,0.3147208121827411,0.00012489348230111403
confirmation,440142,440242,random,701,legacy5,intact,coordinate,0.3,498003,False,2,False,3.321928094887362,34,0.029411764705882353,1,0.3553299492385787,0.00012489348230111403
confirmation,440142,440242,random,701,legacy5,degree,common,0.0003,498001,False,33,False,106.30169903639559,32,1.0,32,0.7918781725888325,7.099774670625031e-11
confirmation,440142,440242,random,701,legacy5,degree,common,0.0003,498002,False,33,False,106.30169903639559,32,1.0,32,0.7918781725888325,7.099774670625031e-11
confirmation,440142,440242,random,701,legacy5,degree,common,0.0003,498003,False,33,False,106.30169903639559,32,1.0,32,0.7918781725888325,7.099774670625031e-11
confirmation,440142,440242,random,701,legacy5,degree,own,0.0003,498001,False,33,False,106.30169903639559,32,1.0,32,0.7918781725888325,3.2113678018438954e-10
confirmation,440142,440242,random,701,legacy5,degree,own,0.0003,498002,False,33,False,106.30169903639559,32,1.0,32,0.7918781725888325,3.2113678018438954e-10
confirmation,440142,440242,random,701,legacy5,degree,own,0.0003,498003,False,33,False,106.30169903639559,32,1.0,32,0.7918781725888325,3.2113678018438954e-10
confirmation,440142,440242,random,701,legacy5,degree,coordinate,0.0003,498001,False,33,False,106.30169903639559,32,1.0,32,0.7918781725888325,2.379955421990338e-09
confirmation,440142,440242,random,701,legacy5,degree,coordinate,0.0003,498002,False,33,False,106.30169903639559,32,1.0,32,0.7918781725888325,2.379955421990338e-09
confirmation,440142,440242,random,701,legacy5,degree,coordinate,0.0003,498003,False,33,False,106.30169903639559,32,1.0,32,0.7918781725888325,2.379955421990338e-09
confirmation,440142,440242,random,701,legacy5,degree,common,0.03,498001,False,33,False,106.30169903639559,32,1.0,32,0.7868020304568528,7.099774670625034e-07
confirmation,440142,440242,random,701,legacy5,degree,common,0.03,498002,False,33,False,106.30169903639559,32,1.0,32,0.7868020304568528,7.099774670625034e-07
confirmation,440142,440242,random,701,legacy5,degree,common,0.03,498003,False,33,False,106.30169903639559,32,1.0,32,0.7868020304568528,7.099774670625034e-07
confirmation,440142,440242,random,701,legacy5,degree,own,0.03,498001,False,33,False,106.30169903639559,32,1.0,32,0.766497461928934,3.211367801843897e-06
confirmation,440142,440242,random,701,legacy5,degree,own,0.03,498002,False,33,False,106.30169903639559,32,1.0,32,0.7715736040609137,3.211367801843897e-06
confirmation,440142,440242,random,701,legacy5,degree,own,0.03,498003,False,33,False,106.30169903639559,32,1.0,32,0.7817258883248731,3.211367801843897e-06
confirmation,440142,440242,random,701,legacy5,degree,coordinate,0.03,498001,False,33,False,106.30169903639559,32,1.0,32,0.700507614213198,2.3799554219903383e-05
confirmation,440142,440242,random,701,legacy5,degree,coordinate,0.03,498002,False,3,False,6.643856189774724,32,0.0625,2,0.6903553299492385,2.3799554219903383e-05
confirmation,440142,440242,random,701,legacy5,degree,coordinate,0.03,498003,False,33,False,106.30169903639559,32,1.0,32,0.7157360406091371,2.3799554219903383e-05
confirmation,440142,440242,random,701,legacy5,degree,common,0.3,498001,False,7,False,19.931568569324174,32,0.1875,6,0.6243654822335025,7.099774670625034e-05
confirmation,440142,440242,random,701,legacy5,degree,common,0.3,498002,False,3,False,6.643856189774724,32,0.0625,2,0.6142131979695431,7.099774670625034e-05
confirmation,440142,440242,random,701,legacy5,degree,common,0.3,498003,False,17,False,53.150849518197795,32,0.5,16,0.6294416243654822,7.099774670625034e-05
confirmation,440142,440242,random,701,legacy5,degree,own,0.3,498001,False,3,False,6.643856189774724,32,0.0625,2,0.48223350253807107,0.0003211367801843895
confirmation,440142,440242,random,701,legacy5,degree,own,0.3,498002,False,3,False,6.643856189774724,32,0.0625,2,0.49238578680203043,0.0003211367801843895
confirmation,440142,440242,random,701,legacy5,degree,own,0.3,498003,False,10,False,29.89735285398626,32,0.28125,9,0.5025380710659898,0.0003211367801843895
confirmation,440142,440242,random,701,legacy5,degree,coordinate,0.3,498001,False,1,False,0.0,32,0.0,0,0.30456852791878175,0.002379955421990338
confirmation,440142,440242,random,701,legacy5,degree,coordinate,0.3,498002,False,2,False,3.321928094887362,32,0.03125,1,0.350253807106599,0.002379955421990338
confirmation,440142,440242,random,701,legacy5,degree,coordinate,0.3,498003,False,1,False,0.0,32,0.0,0,0.2893401015228426,0.002379955421990338
confirmation,440142,440242,random,701,legacy5,role,common,0.0003,498001,False,17,False,53.150849518197795,16,1.0,16,0.8629441624365483,7.099774670625033e-11
confirmation,440142,440242,random,701,legacy5,role,common,0.0003,498002,False,17,False,53.150849518197795,16,1.0,16,0.8629441624365483,7.099774670625033e-11
confirmation,440142,440242,random,701,legacy5,role,common,0.0003,498003,False,17,False,53.150849518197795,16,1.0,16,0.8629441624365483,7.099774670625033e-11
confirmation,440142,440242,random,701,legacy5,role,own,0.0003,498001,False,17,False,53.150849518197795,16,1.0,16,0.8629441624365483,6.688104631636873e-11
confirmation,440142,440242,random,701,legacy5,role,own,0.0003,498002,False,17,False,53.150849518197795,16,1.0,16,0.8629441624365483,6.688104631636873e-11
confirmation,440142,440242,random,701,legacy5,role,own,0.0003,498003,False,17,False,53.150849518197795,16,1.0,16,0.8629441624365483,6.688104631636873e-11
confirmation,440142,440242,random,701,legacy5,role,coordinate,0.0003,498001,False,17,False,53.150849518197795,16,1.0,16,0.8629441624365483,1.1710341857467012e-10
confirmation,440142,440242,random,701,legacy5,role,coordinate,0.0003,498002,False,17,False,53.150849518197795,16,1.0,16,0.8629441624365483,1.1710341857467012e-10
confirmation,440142,440242,random,701,legacy5,role,coordinate,0.0003,498003,False,17,False,53.150849518197795,16,1.0,16,0.8629441624365483,1.1710341857467012e-10
confirmation,440142,440242,random,701,legacy5,role,common,0.03,498001,False,17,False,53.150849518197795,16,1.0,16,0.8223350253807107,7.099774670625035e-07
confirmation,440142,440242,random,701,legacy5,role,common,0.03,498002,False,17,False,53.150849518197795,16,1.0,16,0.8071065989847716,7.099774670625035e-07
confirmation,440142,440242,random,701,legacy5,role,common,0.03,498003,False,17,False,53.150849518197795,16,1.0,16,0.8020304568527918,7.099774670625035e-07
confirmation,440142,440242,random,701,legacy5,role,own,0.03,498001,False,17,False,53.150849518197795,16,1.0,16,0.8223350253807107,6.688104631636872e-07
confirmation,440142,440242,random,701,legacy5,role,own,0.03,498002,False,17,False,53.150849518197795,16,1.0,16,0.8121827411167513,6.688104631636872e-07
confirmation,440142,440242,random,701,legacy5,role,own,0.03,498003,False,17,False,53.150849518197795,16,1.0,16,0.8020304568527918,6.688104631636872e-07
confirmation,440142,440242,random,701,legacy5,role,coordinate,0.03,498001,False,2,False,3.321928094887362,16,0.0625,1,0.7817258883248731,1.1710341857467012e-06
confirmation,440142,440242,random,701,legacy5,role,coordinate,0.03,498002,False,3,False,6.643856189774724,16,0.125,2,0.7868020304568528,1.1710341857467012e-06
confirmation,440142,440242,random,701,legacy5,role,coordinate,0.03,498003,False,2,False,3.321928094887362,16,0.0625,1,0.7614213197969543,1.1710341857467012e-06
confirmation,440142,440242,random,701,legacy5,role,common,0.3,498001,False,1,False,0.0,16,0.0,0,0.36548223350253806,7.099774670625035e-05
confirmation,440142,440242,random,701,legacy5,role,common,0.3,498002,False,1,False,0.0,16,0.0,0,0.39086294416243655,7.099774670625035e-05
confirmation,440142,440242,random,701,legacy5,role,common,0.3,498003,False,2,False,3.321928094887362,16,0.0625,1,0.38578680203045684,7.099774670625035e-05
confirmation,440142,440242,random,701,legacy5,role,own,0.3,498001,False,1,False,0.0,16,0.0,0,0.37055837563451777,6.688104631636872e-05
confirmation,440142,440242,random,701,legacy5,role,own,0.3,498002,False,1,False,0.0,16,0.0,0,0.41116751269035534,6.688104631636872e-05
confirmation,440142,440242,random,701,legacy5,role,own,0.3,498003,False,2,False,3.321928094887362,16,0.0625,1,0.38578680203045684,6.688104631636872e-05
confirmation,440142,440242,random,701,legacy5,role,coordinate,0.3,498001,False,1,False,0.0,16,0.0,0,0.3248730964467005,0.00011710341857467012
confirmation,440142,440242,random,701,legacy5,role,coordinate,0.3,498002,False,1,False,0.0,16,0.0,0,0.3604060913705584,0.00011710341857467012
confirmation,440142,440242,random,701,legacy5,role,coordinate,0.3,498003,False,2,False,3.321928094887362,16,0.0625,1,0.3299492385786802,0.00011710341857467012
confirmation,440142,440242,random,702,legacy5,intact,common,0.0003,498001,False,33,False,106.30169903639559,32,1.0,32,0.7918781725888325,8.324900764649476e-11
confirmation,440142,440242,random,702,legacy5,intact,common,0.0003,498002,False,33,False,106.30169903639559,32,1.0,32,0.7918781725888325,8.324900764649476e-11
confirmation,440142,440242,random,702,legacy5,intact,common,0.0003,498003,False,33,False,106.30169903639559,32,1.0,32,0.7918781725888325,8.324900764649476e-11
confirmation,440142,440242,random,702,legacy5,intact,own,0.0003,498001,True,33,False,106.30169903639559,32,1.0,32,0.7918781725888325,8.324900764649476e-11
confirmation,440142,440242,random,702,legacy5,intact,own,0.0003,498002,True,33,False,106.30169903639559,32,1.0,32,0.7918781725888325,8.324900764649476e-11
confirmation,440142,440242,random,702,legacy5,intact,own,0.0003,498003,True,33,False,106.30169903639559,32,1.0,32,0.7918781725888325,8.324900764649476e-11
confirmation,440142,440242,random,702,legacy5,intact,coordinate,0.0003,498001,False,33,False,106.30169903639559,32,1.0,32,0.7918781725888325,1.0237308329945014e-10
confirmation,440142,440242,random,702,legacy5,intact,coordinate,0.0003,498002,False,33,False,106.30169903639559,32,1.0,32,0.7918781725888325,1.0237308329945014e-10
confirmation,440142,440242,random,702,legacy5,intact,coordinate,0.0003,498003,False,33,False,106.30169903639559,32,1.0,32,0.7918781725888325,1.0237308329945014e-10
confirmation,440142,440242,random,702,legacy5,intact,common,0.03,498001,False,29,False,93.01398665684614,32,0.875,28,0.7563451776649747,8.324900764649473e-07
confirmation,440142,440242,random,702,legacy5,intact,common,0.03,498002,False,33,False,106.30169903639559,32,1.0,32,0.7563451776649747,8.324900764649473e-07
confirmation,440142,440242,random,702,legacy5,intact,common,0.03,498003,False,33,False,106.30169903639559,32,1.0,32,0.751269035532995,8.324900764649473e-07
confirmation,440142,440242,random,702,legacy5,intact,own,0.03,498001,True,29,False,93.01398665684614,32,0.875,28,0.7563451776649747,8.324900764649473e-07
confirmation,440142,440242,random,702,legacy5,intact,own,0.03,498002,True,33,False,106.30169903639559,32,1.0,32,0.7563451776649747,8.324900764649473e-07
confirmation,440142,440242,random,702,legacy5,intact,own,0.03,498003,True,33,False,106.30169903639559,32,1.0,32,0.751269035532995,8.324900764649473e-07
confirmation,440142,440242,random,702,legacy5,intact,coordinate,0.03,498001,False,29,False,93.01398665684614,32,0.875,28,0.7461928934010152,1.0237308329945015e-06
confirmation,440142,440242,random,702,legacy5,intact,coordinate,0.03,498002,False,33,False,106.30169903639559,32,1.0,32,0.751269035532995,1.0237308329945015e-06
confirmation,440142,440242,random,702,legacy5,intact,coordinate,0.03,498003,False,33,False,106.30169903639559,32,1.0,32,0.751269035532995,1.0237308329945015e-06
confirmation,440142,440242,random,702,legacy5,intact,common,0.3,498001,False,5,False,13.287712379549449,32,0.125,4,0.41116751269035534,8.324900764649477e-05
confirmation,440142,440242,random,702,legacy5,intact,common,0.3,498002,False,1,False,0.0,32,0.0,0,0.36548223350253806,8.324900764649477e-05
confirmation,440142,440242,random,702,legacy5,intact,common,0.3,498003,False,1,False,0.0,32,0.0,0,0.41116751269035534,8.324900764649477e-05
confirmation,440142,440242,random,702,legacy5,intact,own,0.3,498001,True,5,False,13.287712379549449,32,0.125,4,0.41116751269035534,8.324900764649477e-05
confirmation,440142,440242,random,702,legacy5,intact,own,0.3,498002,True,1,False,0.0,32,0.0,0,0.36548223350253806,8.324900764649477e-05
confirmation,440142,440242,random,702,legacy5,intact,own,0.3,498003,True,1,False,0.0,32,0.0,0,0.41116751269035534,8.324900764649477e-05
confirmation,440142,440242,random,702,legacy5,intact,coordinate,0.3,498001,False,4,False,9.965784284662087,32,0.09375,3,0.38578680203045684,0.00010237308329945013
confirmation,440142,440242,random,702,legacy5,intact,coordinate,0.3,498002,False,1,False,0.0,32,0.0,0,0.3401015228426396,0.00010237308329945013
confirmation,440142,440242,random,702,legacy5,intact,coordinate,0.3,498003,False,1,False,0.0,32,0.0,0,0.40609137055837563,0.00010237308329945013
confirmation,440142,440242,random,702,legacy5,degree,common,0.0003,498001,False,34,False,109.62362713128296,33,1.0,33,0.766497461928934,8.324900764649477e-11
confirmation,440142,440242,random,702,legacy5,degree,common,0.0003,498002,False,34,False,109.62362713128296,33,1.0,33,0.766497461928934,8.324900764649477e-11
confirmation,440142,440242,random,702,legacy5,degree,common,0.0003,498003,False,34,False,109.62362713128296,33,1.0,33,0.766497461928934,8.324900764649477e-11
confirmation,440142,440242,random,702,legacy5,degree,own,0.0003,498001,False,34,False,109.62362713128296,33,1.0,33,0.766497461928934,5.959892565977372e-10
confirmation,440142,440242,random,702,legacy5,degree,own,0.0003,498002,False,34,False,109.62362713128296,33,1.0,33,0.766497461928934,5.959892565977372e-10
confirmation,440142,440242,random,702,legacy5,degree,own,0.0003,498003,False,34,False,109.62362713128296,33,1.0,33,0.766497461928934,5.959892565977372e-10
confirmation,440142,440242,random,702,legacy5,degree,coordinate,0.0003,498001,False,34,False,109.62362713128296,33,1.0,33,0.766497461928934,2.771525696139876e-09
confirmation,440142,440242,random,702,legacy5,degree,coordinate,0.0003,498002,False,34,False,109.62362713128296,33,1.0,33,0.766497461928934,2.771525696139876e-09
confirmation,440142,440242,random,702,legacy5,degree,coordinate,0.0003,498003,False,34,False,109.62362713128296,33,1.0,33,0.766497461928934,2.771525696139876e-09
confirmation,440142,440242,random,702,legacy5,degree,common,0.03,498001,False,34,False,109.62362713128296,33,1.0,33,0.766497461928934,8.324900764649476e-07
confirmation,440142,440242,random,702,legacy5,degree,common,0.03,498002,False,34,False,109.62362713128296,33,1.0,33,0.7563451776649747,8.324900764649476e-07
confirmation,440142,440242,random,702,legacy5,degree,common,0.03,498003,False,34,False,109.62362713128296,33,1.0,33,0.7614213197969543,8.324900764649476e-07
confirmation,440142,440242,random,702,legacy5,degree,own,0.03,498001,False,34,False,109.62362713128296,33,1.0,33,0.7208121827411168,5.959892565977371e-06
confirmation,440142,440242,random,702,legacy5,degree,own,0.03,498002,False,4,False,9.965784284662087,33,0.09090909090909091,3,0.700507614213198,5.959892565977371e-06
confirmation,440142,440242,random,702,legacy5,degree,own,0.03,498003,False,34,False,109.62362713128296,33,1.0,33,0.751269035532995,5.959892565977371e-06
confirmation,440142,440242,random,702,legacy5,degree,coordinate,0.03,498001,False,11,False,33.219280948873624,33,0.30303030303030304,10,0.6649746192893401,2.771525696139877e-05
confirmation,440142,440242,random,702,legacy5,degree,coordinate,0.03,498002,False,4,False,9.965784284662087,33,0.09090909090909091,3,0.6598984771573604,2.771525696139877e-05
confirmation,440142,440242,random,702,legacy5,degree,coordinate,0.03,498003,False,3,False,6.643856189774724,33,0.06060606060606061,2,0.7157360406091371,2.771525696139877e-05
confirmation,440142,440242,random,702,legacy5,degree,common,0.3,498001,False,11,False,33.219280948873624,33,0.30303030303030304,10,0.5989847715736041,8.324900764649477e-05
confirmation,440142,440242,random,702,legacy5,degree,common,0.3,498002,False,3,False,6.643856189774724,33,0.06060606060606061,2,0.5583756345177665,8.324900764649477e-05
confirmation,440142,440242,random,702,legacy5,degree,common,0.3,498003,False,3,False,6.643856189774724,33,0.06060606060606061,2,0.5736040609137056,8.324900764649477e-05
confirmation,440142,440242,random,702,legacy5,degree,own,0.3,498001,False,3,False,6.643856189774724,33,0.06060606060606061,2,0.41116751269035534,0.0005959892565977373
confirmation,440142,440242,random,702,legacy5,degree,own,0.3,498002,False,3,False,6.643856189774724,33,0.06060606060606061,2,0.41624365482233505,0.0005959892565977373
confirmation,440142,440242,random,702,legacy5,degree,own,0.3,498003,False,3,False,6.643856189774724,33,0.06060606060606061,2,0.38578680203045684,0.0005959892565977373
confirmation,440142,440242,random,702,legacy5,degree,coordinate,0.3,498001,False,2,False,3.321928094887362,33,0.030303030303030304,1,0.29441624365482233,0.002771525696139877
confirmation,440142,440242,random,702,legacy5,degree,coordinate,0.3,498002,False,2,False,3.321928094887362,33,0.030303030303030304,1,0.25888324873096447,0.002771525696139877
confirmation,440142,440242,random,702,legacy5,degree,coordinate,0.3,498003,False,3,False,6.643856189774724,33,0.06060606060606061,2,0.27411167512690354,0.002771525696139877
confirmation,440142,440242,random,702,legacy5,role,common,0.0003,498001,False,50,False,162.77447664948076,49,1.0,49,0.8984771573604061,8.324900764649476e-11
confirmation,440142,440242,random,702,legacy5,role,common,0.0003,498002,False,50,False,162.77447664948076,49,1.0,49,0.8984771573604061,8.324900764649476e-11
confirmation,440142,440242,random,702,legacy5,role,common,0.0003,498003,False,50,False,162.77447664948076,49,1.0,49,0.8984771573604061,8.324900764649476e-11
confirmation,440142,440242,random,702,legacy5,role,own,0.0003,498001,False,50,False,162.77447664948076,49,1.0,49,0.8984771573604061,6.612116846034027e-11
confirmation,440142,440242,random,702,legacy5,role,own,0.0003,498002,False,50,False,162.77447664948076,49,1.0,49,0.8984771573604061,6.612116846034027e-11
confirmation,440142,440242,random,702,legacy5,role,own,0.0003,498003,False,50,False,162.77447664948076,49,1.0,49,0.8984771573604061,6.612116846034027e-11
confirmation,440142,440242,random,702,legacy5,role,coordinate,0.0003,498001,False,50,False,162.77447664948076,49,1.0,49,0.8984771573604061,1.285088753741717e-10
confirmation,440142,440242,random,702,legacy5,role,coordinate,0.0003,498002,False,50,False,162.77447664948076,49,1.0,49,0.8984771573604061,1.285088753741717e-10
confirmation,440142,440242,random,702,legacy5,role,coordinate,0.0003,498003,False,50,False,162.77447664948076,49,1.0,49,0.8984771573604061,1.285088753741717e-10
confirmation,440142,440242,random,702,legacy5,role,common,0.03,498001,False,5,False,13.287712379549449,49,0.08163265306122448,4,0.8375634517766497,8.324900764649474e-07
confirmation,440142,440242,random,702,legacy5,role,common,0.03,498002,False,32,False,102.97977094150822,49,0.6326530612244898,31,0.8274111675126904,8.324900764649474e-07
confirmation,440142,440242,random,702,legacy5,role,common,0.03,498003,False,5,False,13.287712379549449,49,0.08163265306122448,4,0.8426395939086294,8.324900764649474e-07
confirmation,440142,440242,random,702,legacy5,role,own,0.03,498001,False,5,False,13.287712379549449,49,0.08163265306122448,4,0.8477157360406091,6.612116846034027e-07
confirmation,440142,440242,random,702,legacy5,role,own,0.03,498002,False,36,False,116.26748332105768,49,0.7142857142857143,35,0.8477157360406091,6.612116846034027e-07
confirmation,440142,440242,random,702,legacy5,role,own,0.03,498003,False,5,False,13.287712379549449,49,0.08163265306122448,4,0.8426395939086294,6.612116846034027e-07
confirmation,440142,440242,random,702,legacy5,role,coordinate,0.03,498001,False,5,False,13.287712379549449,49,0.08163265306122448,4,0.8274111675126904,1.285088753741717e-06
confirmation,440142,440242,random,702,legacy5,role,coordinate,0.03,498002,False,32,False,102.97977094150822,49,0.6326530612244898,31,0.8071065989847716,1.285088753741717e-06
confirmation,440142,440242,random,702,legacy5,role,coordinate,0.03,498003,False,5,False,13.287712379549449,49,0.08163265306122448,4,0.8324873096446701,1.285088753741717e-06
confirmation,440142,440242,random,702,legacy5,role,common,0.3,498001,False,2,False,3.321928094887362,49,0.02040816326530612,1,0.41624365482233505,8.324900764649477e-05
confirmation,440142,440242,random,702,legacy5,role,common,0.3,498002,False,2,False,3.321928094887362,49,0.02040816326530612,1,0.40609137055837563,8.324900764649477e-05
confirmation,440142,440242,random,702,legacy5,role,common,0.3,498003,False,2,False,3.321928094887362,49,0.02040816326530612,1,0.4365482233502538,8.324900764649477e-05
confirmation,440142,440242,random,702,legacy5,role,own,0.3,498001,False,2,False,3.321928094887362,49,0.02040816326530612,1,0.41624365482233505,6.612116846034027e-05
confirmation,440142,440242,random,702,legacy5,role,own,0.3,498002,False,2,False,3.321928094887362,49,0.02040816326530612,1,0.41624365482233505,6.612116846034027e-05
confirmation,440142,440242,random,702,legacy5,role,own,0.3,498003,False,2,False,3.321928094887362,49,0.02040816326530612,1,0.4365482233502538,6.612116846034027e-05
confirmation,440142,440242,random,702,legacy5,role,coordinate,0.3,498001,False,2,False,3.321928094887362,49,0.02040816326530612,1,0.39593908629441626,0.00012850887537417172
confirmation,440142,440242,random,702,legacy5,role,coordinate,0.3,498002,False,2,False,3.321928094887362,49,0.02040816326530612,1,0.3756345177664975,0.00012850887537417172
confirmation,440142,440242,random,702,legacy5,role,coordinate,0.3,498003,False,2,False,3.321928094887362,49,0.02040816326530612,1,0.38071065989847713,0.00012850887537417172
confirmation,440143,440243,pi,701,legacy5,intact,common,0.0003,498001,False,33,False,106.30169903639559,32,1.0,32,0.8274111675126904,7.048406695466993e-11
confirmation,440143,440243,pi,701,legacy5,intact,common,0.0003,498002,False,33,False,106.30169903639559,32,1.0,32,0.8274111675126904,7.048406695466993e-11
confirmation,440143,440243,pi,701,legacy5,intact,common,0.0003,498003,False,33,False,106.30169903639559,32,1.0,32,0.8274111675126904,7.048406695466993e-11
confirmation,440143,440243,pi,701,legacy5,intact,own,0.0003,498001,True,33,False,106.30169903639559,32,1.0,32,0.8274111675126904,7.048406695466993e-11
confirmation,440143,440243,pi,701,legacy5,intact,own,0.0003,498002,True,33,False,106.30169903639559,32,1.0,32,0.8274111675126904,7.048406695466993e-11
confirmation,440143,440243,pi,701,legacy5,intact,own,0.0003,498003,True,33,False,106.30169903639559,32,1.0,32,0.8274111675126904,7.048406695466993e-11
confirmation,440143,440243,pi,701,legacy5,intact,coordinate,0.0003,498001,False,33,False,106.30169903639559,32,1.0,32,0.8274111675126904,1.7239235236728388e-10
confirmation,440143,440243,pi,701,legacy5,intact,coordinate,0.0003,498002,False,33,False,106.30169903639559,32,1.0,32,0.8274111675126904,1.7239235236728388e-10
confirmation,440143,440243,pi,701,legacy5,intact,coordinate,0.0003,498003,False,33,False,106.30169903639559,32,1.0,32,0.8274111675126904,1.7239235236728388e-10
confirmation,440143,440243,pi,701,legacy5,intact,common,0.03,498001,False,33,False,106.30169903639559,32,1.0,32,0.7918781725888325,7.048406695466995e-07
confirmation,440143,440243,pi,701,legacy5,intact,common,0.03,498002,False,33,False,106.30169903639559,32,1.0,32,0.7969543147208121,7.048406695466995e-07
confirmation,440143,440243,pi,701,legacy5,intact,common,0.03,498003,False,2,False,3.321928094887362,32,0.03125,1,0.7715736040609137,7.048406695466995e-07
confirmation,440143,440243,pi,701,legacy5,intact,own,0.03,498001,True,33,False,106.30169903639559,32,1.0,32,0.7918781725888325,7.048406695466995e-07
confirmation,440143,440243,pi,701,legacy5,intact,own,0.03,498002,True,33,False,106.30169903639559,32,1.0,32,0.7969543147208121,7.048406695466995e-07
confirmation,440143,440243,pi,701,legacy5,intact,own,0.03,498003,True,2,False,3.321928094887362,32,0.03125,1,0.7715736040609137,7.048406695466995e-07
confirmation,440143,440243,pi,701,legacy5,intact,coordinate,0.03,498001,False,33,False,106.30169903639559,32,1.0,32,0.766497461928934,1.7239235236728392e-06
confirmation,440143,440243,pi,701,legacy5,intact,coordinate,0.03,498002,False,1,False,0.0,32,0.0,0,0.7766497461928934,1.7239235236728392e-06
confirmation,440143,440243,pi,701,legacy5,intact,coordinate,0.03,498003,False,2,False,3.321928094887362,32,0.03125,1,0.7157360406091371,1.7239235236728392e-06
confirmation,440143,440243,pi,701,legacy5,intact,common,0.3,498001,False,2,False,3.321928094887362,32,0.03125,1,0.4365482233502538,7.048406695466994e-05
confirmation,440143,440243,pi,701,legacy5,intact,common,0.3,498002,False,1,False,0.0,32,0.0,0,0.39086294416243655,7.048406695466994e-05
confirmation,440143,440243,pi,701,legacy5,intact,common,0.3,498003,False,2,False,3.321928094887362,32,0.03125,1,0.4416243654822335,7.048406695466994e-05
confirmation,440143,440243,pi,701,legacy5,intact,own,0.3,498001,True,2,False,3.321928094887362,32,0.03125,1,0.4365482233502538,7.048406695466994e-05
confirmation,440143,440243,pi,701,legacy5,intact,own,0.3,498002,True,1,False,0.0,32,0.0,0,0.39086294416243655,7.048406695466994e-05
confirmation,440143,440243,pi,701,legacy5,intact,own,0.3,498003,True,2,False,3.321928094887362,32,0.03125,1,0.4416243654822335,7.048406695466994e-05
confirmation,440143,440243,pi,701,legacy5,intact,coordinate,0.3,498001,False,2,False,3.321928094887362,32,0.03125,1,0.3299492385786802,0.0001723923523672839
confirmation,440143,440243,pi,701,legacy5,intact,coordinate,0.3,498002,False,1,False,0.0,32,0.0,0,0.3401015228426396,0.0001723923523672839
confirmation,440143,440243,pi,701,legacy5,intact,coordinate,0.3,498003,False,2,False,3.321928094887362,32,0.03125,1,0.3401015228426396,0.0001723923523672839
confirmation,440143,440243,pi,701,legacy5,degree,common,0.0003,498001,False,38,False,122.9113395108324,37,1.0,37,0.8020304568527918,7.048406695466993e-11
confirmation,440143,440243,pi,701,legacy5,degree,common,0.0003,498002,False,38,False,122.9113395108324,37,1.0,37,0.8020304568527918,7.048406695466993e-11
confirmation,440143,440243,pi,701,legacy5,degree,common,0.0003,498003,False,38,False,122.9113395108324,37,1.0,37,0.8020304568527918,7.048406695466993e-11
confirmation,440143,440243,pi,701,legacy5,degree,own,0.0003,498001,False,38,False,122.9113395108324,37,1.0,37,0.8020304568527918,5.147138497760993e-10
confirmation,440143,440243,pi,701,legacy5,degree,own,0.0003,498002,False,38,False,122.9113395108324,37,1.0,37,0.8020304568527918,5.147138497760993e-10
confirmation,440143,440243,pi,701,legacy5,degree,own,0.0003,498003,False,38,False,122.9113395108324,37,1.0,37,0.8020304568527918,5.147138497760993e-10
confirmation,440143,440243,pi,701,legacy5,degree,coordinate,0.0003,498001,False,38,False,122.9113395108324,37,1.0,37,0.8020304568527918,2.4506923646200313e-09
confirmation,440143,440243,pi,701,legacy5,degree,coordinate,0.0003,498002,False,38,False,122.9113395108324,37,1.0,37,0.8020304568527918,2.4506923646200313e-09
confirmation,440143,440243,pi,701,legacy5,degree,coordinate,0.0003,498003,False,38,False,122.9113395108324,37,1.0,37,0.8020304568527918,2.4506923646200313e-09
confirmation,440143,440243,pi,701,legacy5,degree,common,0.03,498001,False,38,False,122.9113395108324,37,1.0,37,0.8121827411167513,7.048406695466995e-07
confirmation,440143,440243,pi,701,legacy5,degree,common,0.03,498002,False,38,False,122.9113395108324,37,1.0,37,0.8020304568527918,7.048406695466995e-07
confirmation,440143,440243,pi,701,legacy5,degree,common,0.03,498003,False,38,False,122.9113395108324,37,1.0,37,0.8020304568527918,7.048406695466995e-07
confirmation,440143,440243,pi,701,legacy5,degree,own,0.03,498001,False,38,False,122.9113395108324,37,1.0,37,0.7918781725888325,5.147138497760994e-06
confirmation,440143,440243,pi,701,legacy5,degree,own,0.03,498002,False,29,False,93.01398665684614,37,0.7567567567567568,28,0.7715736040609137,5.147138497760994e-06
confirmation,440143,440243,pi,701,legacy5,degree,own,0.03,498003,False,34,False,109.62362713128296,37,0.8918918918918919,33,0.7715736040609137,5.147138497760994e-06
confirmation,440143,440243,pi,701,legacy5,degree,coordinate,0.03,498001,False,1,False,0.0,37,0.0,0,0.7106598984771574,2.4506923646200318e-05
confirmation,440143,440243,pi,701,legacy5,degree,coordinate,0.03,498002,False,4,False,9.965784284662087,37,0.08108108108108109,3,0.7106598984771574,2.4506923646200318e-05
confirmation,440143,440243,pi,701,legacy5,degree,coordinate,0.03,498003,False,1,False,0.0,37,0.0,0,0.7055837563451777,2.4506923646200318e-05
confirmation,440143,440243,pi,701,legacy5,degree,common,0.3,498001,False,1,False,0.0,37,0.0,0,0.6446700507614214,7.048406695466994e-05
confirmation,440143,440243,pi,701,legacy5,degree,common,0.3,498002,False,2,False,3.321928094887362,37,0.02702702702702703,1,0.6243654822335025,7.048406695466994e-05
confirmation,440143,440243,pi,701,legacy5,degree,common,0.3,498003,False,1,False,0.0,37,0.0,0,0.6395939086294417,7.048406695466994e-05
confirmation,440143,440243,pi,701,legacy5,degree,own,0.3,498001,False,1,False,0.0,37,0.0,0,0.49746192893401014,0.0005147138497760994
confirmation,440143,440243,pi,701,legacy5,degree,own,0.3,498002,False,1,False,0.0,37,0.0,0,0.4619289340101523,0.0005147138497760994
confirmation,440143,440243,pi,701,legacy5,degree,own,0.3,498003,False,1,False,0.0,37,0.0,0,0.4619289340101523,0.0005147138497760994
confirmation,440143,440243,pi,701,legacy5,degree,coordinate,0.3,498001,False,1,False,0.0,37,0.0,0,0.350253807106599,0.0024506923646200316
confirmation,440143,440243,pi,701,legacy5,degree,coordinate,0.3,498002,False,1,False,0.0,37,0.0,0,0.2893401015228426,0.0024506923646200316
confirmation,440143,440243,pi,701,legacy5,degree,coordinate,0.3,498003,False,1,False,0.0,37,0.0,0,0.34517766497461927,0.0024506923646200316
confirmation,440143,440243,pi,701,legacy5,role,common,0.0003,498001,False,37,False,119.58941141594504,36,1.0,36,0.868020304568528,7.048406695466993e-11
confirmation,440143,440243,pi,701,legacy5,role,common,0.0003,498002,False,37,False,119.58941141594504,36,1.0,36,0.868020304568528,7.048406695466993e-11
confirmation,440143,440243,pi,701,legacy5,role,common,0.0003,498003,False,37,False,119.58941141594504,36,1.0,36,0.868020304568528,7.048406695466993e-11
confirmation,440143,440243,pi,701,legacy5,role,own,0.0003,498001,False,37,False,119.58941141594504,36,1.0,36,0.868020304568528,4.691628933258733e-11
confirmation,440143,440243,pi,701,legacy5,role,own,0.0003,498002,False,37,False,119.58941141594504,36,1.0,36,0.868020304568528,4.691628933258733e-11
confirmation,440143,440243,pi,701,legacy5,role,own,0.0003,498003,False,37,False,119.58941141594504,36,1.0,36,0.868020304568528,4.691628933258733e-11
confirmation,440143,440243,pi,701,legacy5,role,coordinate,0.0003,498001,False,37,False,119.58941141594504,36,1.0,36,0.868020304568528,1.4053059050988806e-10
confirmation,440143,440243,pi,701,legacy5,role,coordinate,0.0003,498002,False,37,False,119.58941141594504,36,1.0,36,0.868020304568528,1.4053059050988806e-10
confirmation,440143,440243,pi,701,legacy5,role,coordinate,0.0003,498003,False,37,False,119.58941141594504,36,1.0,36,0.868020304568528,1.4053059050988806e-10
confirmation,440143,440243,pi,701,legacy5,role,common,0.03,498001,False,37,False,119.58941141594504,36,1.0,36,0.8375634517766497,7.048406695466995e-07
confirmation,440143,440243,pi,701,legacy5,role,common,0.03,498002,False,1,False,0.0,36,0.0,0,0.8375634517766497,7.048406695466995e-07
confirmation,440143,440243,pi,701,legacy5,role,common,0.03,498003,False,3,False,6.643856189774724,36,0.05555555555555555,2,0.8324873096446701,7.048406695466995e-07
confirmation,440143,440243,pi,701,legacy5,role,own,0.03,498001,False,37,False,119.58941141594504,36,1.0,36,0.8426395939086294,4.691628933258733e-07
confirmation,440143,440243,pi,701,legacy5,role,own,0.03,498002,False,37,False,119.58941141594504,36,1.0,36,0.8527918781725888,4.691628933258733e-07
confirmation,440143,440243,pi,701,legacy5,role,own,0.03,498003,False,3,False,6.643856189774724,36,0.05555555555555555,2,0.8375634517766497,4.691628933258733e-07
confirmation,440143,440243,pi,701,legacy5,role,coordinate,0.03,498001,False,9,False,26.575424759098897,36,0.2222222222222222,8,0.8223350253807107,1.405305905098881e-06
confirmation,440143,440243,pi,701,legacy5,role,coordinate,0.03,498002,False,1,False,0.0,36,0.0,0,0.7715736040609137,1.405305905098881e-06
confirmation,440143,440243,pi,701,legacy5,role,coordinate,0.03,498003,False,3,False,6.643856189774724,36,0.05555555555555555,2,0.7918781725888325,1.405305905098881e-06
confirmation,440143,440243,pi,701,legacy5,role,common,0.3,498001,False,1,False,0.0,36,0.0,0,0.45685279187817257,7.048406695466994e-05
confirmation,440143,440243,pi,701,legacy5,role,common,0.3,498002,False,1,False,0.0,36,0.0,0,0.4010152284263959,7.048406695466994e-05
confirmation,440143,440243,pi,701,legacy5,role,common,0.3,498003,False,2,False,3.321928094887362,36,0.027777777777777776,1,0.43147208121827413,7.048406695466994e-05
confirmation,440143,440243,pi,701,legacy5,role,own,0.3,498001,False,1,False,0.0,36,0.0,0,0.4720812182741117,4.691628933258732e-05
confirmation,440143,440243,pi,701,legacy5,role,own,0.3,498002,False,1,False,0.0,36,0.0,0,0.4416243654822335,4.691628933258732e-05
confirmation,440143,440243,pi,701,legacy5,role,own,0.3,498003,False,2,False,3.321928094887362,36,0.027777777777777776,1,0.47715736040609136,4.691628933258732e-05
confirmation,440143,440243,pi,701,legacy5,role,coordinate,0.3,498001,False,1,False,0.0,36,0.0,0,0.39593908629441626,0.0001405305905098881
confirmation,440143,440243,pi,701,legacy5,role,coordinate,0.3,498002,False,1,False,0.0,36,0.0,0,0.3299492385786802,0.0001405305905098881
confirmation,440143,440243,pi,701,legacy5,role,coordinate,0.3,498003,False,2,False,3.321928094887362,36,0.027777777777777776,1,0.37055837563451777,0.0001405305905098881
confirmation,440143,440243,pi,702,legacy5,intact,common,0.0003,498001,False,36,False,116.26748332105768,35,1.0,35,0.8730964467005076,4.6935471961776066e-11
confirmation,440143,440243,pi,702,legacy5,intact,common,0.0003,498002,False,36,False,116.26748332105768,35,1.0,35,0.8730964467005076,4.6935471961776066e-11
confirmation,440143,440243,pi,702,legacy5,intact,common,0.0003,498003,False,36,False,116.26748332105768,35,1.0,35,0.8730964467005076,4.6935471961776066e-11
confirmation,440143,440243,pi,702,legacy5,intact,own,0.0003,498001,True,36,False,116.26748332105768,35,1.0,35,0.8730964467005076,4.6935471961776066e-11
confirmation,440143,440243,pi,702,legacy5,intact,own,0.0003,498002,True,36,False,116.26748332105768,35,1.0,35,0.8730964467005076,4.6935471961776066e-11
confirmation,440143,440243,pi,702,legacy5,intact,own,0.0003,498003,True,36,False,116.26748332105768,35,1.0,35,0.8730964467005076,4.6935471961776066e-11
confirmation,440143,440243,pi,702,legacy5,intact,coordinate,0.0003,498001,False,36,False,116.26748332105768,35,1.0,35,0.8730964467005076,1.4633451020964725e-10
confirmation,440143,440243,pi,702,legacy5,intact,coordinate,0.0003,498002,False,36,False,116.26748332105768,35,1.0,35,0.8730964467005076,1.4633451020964725e-10
confirmation,440143,440243,pi,702,legacy5,intact,coordinate,0.0003,498003,False,36,False,116.26748332105768,35,1.0,35,0.8730964467005076,1.4633451020964725e-10
confirmation,440143,440243,pi,702,legacy5,intact,common,0.03,498001,False,36,False,116.26748332105768,35,1.0,35,0.8324873096446701,4.6935471961776084e-07
confirmation,440143,440243,pi,702,legacy5,intact,common,0.03,498002,False,36,False,116.26748332105768,35,1.0,35,0.8426395939086294,4.6935471961776084e-07
confirmation,440143,440243,pi,702,legacy5,intact,common,0.03,498003,False,36,False,116.26748332105768,35,1.0,35,0.817258883248731,4.6935471961776084e-07
confirmation,440143,440243,pi,702,legacy5,intact,own,0.03,498001,True,36,False,116.26748332105768,35,1.0,35,0.8324873096446701,4.6935471961776084e-07
confirmation,440143,440243,pi,702,legacy5,intact,own,0.03,498002,True,36,False,116.26748332105768,35,1.0,35,0.8426395939086294,4.6935471961776084e-07
confirmation,440143,440243,pi,702,legacy5,intact,own,0.03,498003,True,36,False,116.26748332105768,35,1.0,35,0.817258883248731,4.6935471961776084e-07
confirmation,440143,440243,pi,702,legacy5,intact,coordinate,0.03,498001,False,8,False,23.253496664211536,35,0.2,7,0.766497461928934,1.4633451020964728e-06
confirmation,440143,440243,pi,702,legacy5,intact,coordinate,0.03,498002,False,1,False,0.0,35,0.0,0,0.7461928934010152,1.4633451020964728e-06
confirmation,440143,440243,pi,702,legacy5,intact,coordinate,0.03,498003,False,1,False,0.0,35,0.0,0,0.7360406091370558,1.4633451020964728e-06
confirmation,440143,440243,pi,702,legacy5,intact,common,0.3,498001,False,1,False,0.0,35,0.0,0,0.45685279187817257,4.693547196177608e-05
confirmation,440143,440243,pi,702,legacy5,intact,common,0.3,498002,False,1,False,0.0,35,0.0,0,0.4263959390862944,4.693547196177608e-05
confirmation,440143,440243,pi,702,legacy5,intact,common,0.3,498003,False,1,False,0.0,35,0.0,0,0.36548223350253806,4.693547196177608e-05
confirmation,440143,440243,pi,702,legacy5,intact,own,0.3,498001,True,1,False,0.0,35,0.0,0,0.45685279187817257,4.693547196177608e-05
confirmation,440143,440243,pi,702,legacy5,intact,own,0.3,498002,True,1,False,0.0,35,0.0,0,0.4263959390862944,4.693547196177608e-05
confirmation,440143,440243,pi,702,legacy5,intact,own,0.3,498003,True,1,False,0.0,35,0.0,0,0.36548223350253806,4.693547196177608e-05
confirmation,440143,440243,pi,702,legacy5,intact,coordinate,0.3,498001,False,1,False,0.0,35,0.0,0,0.3197969543147208,0.0001463345102096473
confirmation,440143,440243,pi,702,legacy5,intact,coordinate,0.3,498002,False,1,False,0.0,35,0.0,0,0.3248730964467005,0.0001463345102096473
confirmation,440143,440243,pi,702,legacy5,intact,coordinate,0.3,498003,False,1,False,0.0,35,0.0,0,0.25888324873096447,0.0001463345102096473
confirmation,440143,440243,pi,702,legacy5,degree,common,0.0003,498001,False,36,False,116.26748332105768,35,1.0,35,0.700507614213198,4.693547196177608e-11
confirmation,440143,440243,pi,702,legacy5,degree,common,0.0003,498002,False,36,False,116.26748332105768,35,1.0,35,0.700507614213198,4.693547196177608e-11
confirmation,440143,440243,pi,702,legacy5,degree,common,0.0003,498003,False,36,False,116.26748332105768,35,1.0,35,0.700507614213198,4.693547196177608e-11
confirmation,440143,440243,pi,702,legacy5,degree,own,0.0003,498001,False,36,False,116.26748332105768,35,1.0,35,0.700507614213198,4.031364193897672e-10
confirmation,440143,440243,pi,702,legacy5,degree,own,0.0003,498002,False,36,False,116.26748332105768,35,1.0,35,0.700507614213198,4.031364193897672e-10
confirmation,440143,440243,pi,702,legacy5,degree,own,0.0003,498003,False,36,False,116.26748332105768,35,1.0,35,0.700507614213198,4.031364193897672e-10
confirmation,440143,440243,pi,702,legacy5,degree,coordinate,0.0003,498001,False,36,False,116.26748332105768,35,1.0,35,0.700507614213198,1.6067855664933352e-09
confirmation,440143,440243,pi,702,legacy5,degree,coordinate,0.0003,498002,False,36,False,116.26748332105768,35,1.0,35,0.700507614213198,1.6067855664933352e-09
confirmation,440143,440243,pi,702,legacy5,degree,coordinate,0.0003,498003,False,36,False,116.26748332105768,35,1.0,35,0.700507614213198,1.6067855664933352e-09
confirmation,440143,440243,pi,702,legacy5,degree,common,0.03,498001,False,36,False,116.26748332105768,35,1.0,35,0.700507614213198,4.6935471961776084e-07
confirmation,440143,440243,pi,702,legacy5,degree,common,0.03,498002,False,36,False,116.26748332105768,35,1.0,35,0.700507614213198,4.6935471961776084e-07
confirmation,440143,440243,pi,702,legacy5,degree,common,0.03,498003,False,36,False,116.26748332105768,35,1.0,35,0.700507614213198,4.6935471961776084e-07
confirmation,440143,440243,pi,702,legacy5,degree,own,0.03,498001,False,36,False,116.26748332105768,35,1.0,35,0.6598984771573604,4.031364193897673e-06
confirmation,440143,440243,pi,702,legacy5,degree,own,0.03,498002,False,36,False,116.26748332105768,35,1.0,35,0.700507614213198,4.031364193897673e-06
confirmation,440143,440243,pi,702,legacy5,degree,own,0.03,498003,False,36,False,116.26748332105768,35,1.0,35,0.6954314720812182,4.031364193897673e-06
confirmation,440143,440243,pi,702,legacy5,degree,coordinate,0.03,498001,False,36,False,116.26748332105768,35,1.0,35,0.6446700507614214,1.6067855664933355e-05
confirmation,440143,440243,pi,702,legacy5,degree,coordinate,0.03,498002,False,36,False,116.26748332105768,35,1.0,35,0.6903553299492385,1.6067855664933355e-05
confirmation,440143,440243,pi,702,legacy5,degree,coordinate,0.03,498003,False,21,False,66.43856189774725,35,0.5714285714285714,20,0.6700507614213198,1.6067855664933355e-05
confirmation,440143,440243,pi,702,legacy5,degree,common,0.3,498001,False,16,False,49.82892142331043,35,0.42857142857142855,15,0.6142131979695431,4.6935471961776095e-05
confirmation,440143,440243,pi,702,legacy5,degree,common,0.3,498002,False,34,False,109.62362713128296,35,0.9428571428571428,33,0.6192893401015228,4.6935471961776095e-05
confirmation,440143,440243,pi,702,legacy5,degree,common,0.3,498003,False,5,False,13.287712379549449,35,0.11428571428571428,4,0.5989847715736041,4.6935471961776095e-05
confirmation,440143,440243,pi,702,legacy5,degree,own,0.3,498001,False,4,False,9.965784284662087,35,0.08571428571428572,3,0.4720812182741117,0.0004031364193897672
confirmation,440143,440243,pi,702,legacy5,degree,own,0.3,498002,False,8,False,23.253496664211536,35,0.2,7,0.45685279187817257,0.0004031364193897672
confirmation,440143,440243,pi,702,legacy5,degree,own,0.3,498003,False,5,False,13.287712379549449,35,0.11428571428571428,4,0.43147208121827413,0.0004031364193897672
confirmation,440143,440243,pi,702,legacy5,degree,coordinate,0.3,498001,False,4,False,9.965784284662087,35,0.08571428571428572,3,0.38071065989847713,0.0016067855664933352
confirmation,440143,440243,pi,702,legacy5,degree,coordinate,0.3,498002,False,2,False,3.321928094887362,35,0.02857142857142857,1,0.39086294416243655,0.0016067855664933352
confirmation,440143,440243,pi,702,legacy5,degree,coordinate,0.3,498003,False,4,False,9.965784284662087,35,0.08571428571428572,3,0.3147208121827411,0.0016067855664933352
confirmation,440143,440243,pi,702,legacy5,role,common,0.0003,498001,False,40,False,129.55519570060713,39,1.0,39,0.8629441624365483,4.6935471961776066e-11
confirmation,440143,440243,pi,702,legacy5,role,common,0.0003,498002,False,40,False,129.55519570060713,39,1.0,39,0.8629441624365483,4.6935471961776066e-11
confirmation,440143,440243,pi,702,legacy5,role,common,0.0003,498003,False,40,False,129.55519570060713,39,1.0,39,0.8629441624365483,4.6935471961776066e-11
confirmation,440143,440243,pi,702,legacy5,role,own,0.0003,498001,False,40,False,129.55519570060713,39,1.0,39,0.8629441624365483,5.5211988216983065e-11
confirmation,440143,440243,pi,702,legacy5,role,own,0.0003,498002,False,40,False,129.55519570060713,39,1.0,39,0.8629441624365483,5.5211988216983065e-11
confirmation,440143,440243,pi,702,legacy5,role,own,0.0003,498003,False,40,False,129.55519570060713,39,1.0,39,0.8629441624365483,5.5211988216983065e-11
confirmation,440143,440243,pi,702,legacy5,role,coordinate,0.0003,498001,False,40,False,129.55519570060713,39,1.0,39,0.8629441624365483,1.4081744580651987e-10
confirmation,440143,440243,pi,702,legacy5,role,coordinate,0.0003,498002,False,40,False,129.55519570060713,39,1.0,39,0.8629441624365483,1.4081744580651987e-10
confirmation,440143,440243,pi,702,legacy5,role,coordinate,0.0003,498003,False,40,False,129.55519570060713,39,1.0,39,0.8629441624365483,1.4081744580651987e-10
confirmation,440143,440243,pi,702,legacy5,role,common,0.03,498001,False,40,False,129.55519570060713,39,1.0,39,0.8324873096446701,4.693547196177608e-07
confirmation,440143,440243,pi,702,legacy5,role,common,0.03,498002,False,40,False,129.55519570060713,39,1.0,39,0.8274111675126904,4.693547196177608e-07
confirmation,440143,440243,pi,702,legacy5,role,common,0.03,498003,False,40,False,129.55519570060713,39,1.0,39,0.8426395939086294,4.693547196177608e-07
confirmation,440143,440243,pi,702,legacy5,role,own,0.03,498001,False,40,False,129.55519570060713,39,1.0,39,0.817258883248731,5.521198821698305e-07
confirmation,440143,440243,pi,702,legacy5,role,own,0.03,498002,False,40,False,129.55519570060713,39,1.0,39,0.8274111675126904,5.521198821698305e-07
confirmation,440143,440243,pi,702,legacy5,role,own,0.03,498003,False,38,False,122.9113395108324,39,0.9487179487179487,37,0.8274111675126904,5.521198821698305e-07
confirmation,440143,440243,pi,702,legacy5,role,coordinate,0.03,498001,False,13,False,39.86313713864835,39,0.3076923076923077,12,0.7766497461928934,1.4081744580651989e-06
confirmation,440143,440243,pi,702,legacy5,role,coordinate,0.03,498002,False,8,False,23.253496664211536,39,0.1794871794871795,7,0.7918781725888325,1.4081744580651989e-06
confirmation,440143,440243,pi,702,legacy5,role,coordinate,0.03,498003,False,15,False,46.50699332842307,39,0.358974358974359,14,0.8071065989847716,1.4081744580651989e-06
confirmation,440143,440243,pi,702,legacy5,role,common,0.3,498001,False,4,False,9.965784284662087,39,0.07692307692307693,3,0.5126903553299492,4.693547196177608e-05
confirmation,440143,440243,pi,702,legacy5,role,common,0.3,498002,False,2,False,3.321928094887362,39,0.02564102564102564,1,0.47715736040609136,4.693547196177608e-05
confirmation,440143,440243,pi,702,legacy5,role,common,0.3,498003,False,2,False,3.321928094887362,39,0.02564102564102564,1,0.49238578680203043,4.693547196177608e-05
confirmation,440143,440243,pi,702,legacy5,role,own,0.3,498001,False,4,False,9.965784284662087,39,0.07692307692307693,3,0.4873096446700508,5.521198821698306e-05
confirmation,440143,440243,pi,702,legacy5,role,own,0.3,498002,False,2,False,3.321928094887362,39,0.02564102564102564,1,0.4619289340101523,5.521198821698306e-05
confirmation,440143,440243,pi,702,legacy5,role,own,0.3,498003,False,2,False,3.321928094887362,39,0.02564102564102564,1,0.4720812182741117,5.521198821698306e-05
confirmation,440143,440243,pi,702,legacy5,role,coordinate,0.3,498001,False,4,False,9.965784284662087,39,0.07692307692307693,3,0.4213197969543147,0.00014081744580651988
confirmation,440143,440243,pi,702,legacy5,role,coordinate,0.3,498002,False,2,False,3.321928094887362,39,0.02564102564102564,1,0.38578680203045684,0.00014081744580651988
confirmation,440143,440243,pi,702,legacy5,role,coordinate,0.3,498003,False,2,False,3.321928094887362,39,0.02564102564102564,1,0.38578680203045684,0.00014081744580651988
confirmation,440143,440243,random,701,legacy5,intact,common,0.0003,498001,False,33,False,106.30169903639559,32,1.0,32,0.8121827411167513,7.689619312353484e-11
confirmation,440143,440243,random,701,legacy5,intact,common,0.0003,498002,False,33,False,106.30169903639559,32,1.0,32,0.8121827411167513,7.689619312353484e-11
confirmation,440143,440243,random,701,legacy5,intact,common,0.0003,498003,False,33,False,106.30169903639559,32,1.0,32,0.8121827411167513,7.689619312353484e-11
confirmation,440143,440243,random,701,legacy5,intact,own,0.0003,498001,True,33,False,106.30169903639559,32,1.0,32,0.8121827411167513,7.689619312353484e-11
confirmation,440143,440243,random,701,legacy5,intact,own,0.0003,498002,True,33,False,106.30169903639559,32,1.0,32,0.8121827411167513,7.689619312353484e-11
confirmation,440143,440243,random,701,legacy5,intact,own,0.0003,498003,True,33,False,106.30169903639559,32,1.0,32,0.8121827411167513,7.689619312353484e-11
confirmation,440143,440243,random,701,legacy5,intact,coordinate,0.0003,498001,False,33,False,106.30169903639559,32,1.0,32,0.8121827411167513,1.768119075194037e-10
confirmation,440143,440243,random,701,legacy5,intact,coordinate,0.0003,498002,False,33,False,106.30169903639559,32,1.0,32,0.8121827411167513,1.768119075194037e-10
confirmation,440143,440243,random,701,legacy5,intact,coordinate,0.0003,498003,False,33,False,106.30169903639559,32,1.0,32,0.8121827411167513,1.768119075194037e-10
confirmation,440143,440243,random,701,legacy5,intact,common,0.03,498001,False,33,False,106.30169903639559,32,1.0,32,0.7868020304568528,7.689619312353485e-07
confirmation,440143,440243,random,701,legacy5,intact,common,0.03,498002,False,33,False,106.30169903639559,32,1.0,32,0.7715736040609137,7.689619312353485e-07
confirmation,440143,440243,random,701,legacy5,intact,common,0.03,498003,False,20,False,63.11663380285988,32,0.59375,19,0.766497461928934,7.689619312353485e-07
confirmation,440143,440243,random,701,legacy5,intact,own,0.03,498001,True,33,False,106.30169903639559,32,1.0,32,0.7868020304568528,7.689619312353485e-07
confirmation,440143,440243,random,701,legacy5,intact,own,0.03,498002,True,33,False,106.30169903639559,32,1.0,32,0.7715736040609137,7.689619312353485e-07
confirmation,440143,440243,random,701,legacy5,intact,own,0.03,498003,True,20,False,63.11663380285988,32,0.59375,19,0.766497461928934,7.689619312353485e-07
confirmation,440143,440243,random,701,legacy5,intact,coordinate,0.03,498001,False,33,False,106.30169903639559,32,1.0,32,0.7614213197969543,1.7681190751940372e-06
confirmation,440143,440243,random,701,legacy5,intact,coordinate,0.03,498002,False,14,False,43.18506523353571,32,0.40625,13,0.7208121827411168,1.7681190751940372e-06
confirmation,440143,440243,random,701,legacy5,intact,coordinate,0.03,498003,False,14,False,43.18506523353571,32,0.40625,13,0.7309644670050761,1.7681190751940372e-06
confirmation,440143,440243,random,701,legacy5,intact,common,0.3,498001,False,4,False,9.965784284662087,32,0.09375,3,0.4720812182741117,7.689619312353484e-05
confirmation,440143,440243,random,701,legacy5,intact,common,0.3,498002,False,2,False,3.321928094887362,32,0.03125,1,0.45685279187817257,7.689619312353484e-05
confirmation,440143,440243,random,701,legacy5,intact,common,0.3,498003,False,2,False,3.321928094887362,32,0.03125,1,0.41116751269035534,7.689619312353484e-05
confirmation,440143,440243,random,701,legacy5,intact,own,0.3,498001,True,4,False,9.965784284662087,32,0.09375,3,0.4720812182741117,7.689619312353484e-05
confirmation,440143,440243,random,701,legacy5,intact,own,0.3,498002,True,2,False,3.321928094887362,32,0.03125,1,0.45685279187817257,7.689619312353484e-05
confirmation,440143,440243,random,701,legacy5,intact,own,0.3,498003,True,2,False,3.321928094887362,32,0.03125,1,0.41116751269035534,7.689619312353484e-05
confirmation,440143,440243,random,701,legacy5,intact,coordinate,0.3,498001,False,4,False,9.965784284662087,32,0.09375,3,0.38071065989847713,0.00017681190751940373
confirmation,440143,440243,random,701,legacy5,intact,coordinate,0.3,498002,False,2,False,3.321928094887362,32,0.03125,1,0.350253807106599,0.00017681190751940373
confirmation,440143,440243,random,701,legacy5,intact,coordinate,0.3,498003,False,2,False,3.321928094887362,32,0.03125,1,0.34517766497461927,0.00017681190751940373
confirmation,440143,440243,random,701,legacy5,degree,common,0.0003,498001,False,4,False,9.965784284662087,3,1.0,3,0.6446700507614214,7.689619312353486e-11
confirmation,440143,440243,random,701,legacy5,degree,common,0.0003,498002,False,4,False,9.965784284662087,3,1.0,3,0.6446700507614214,7.689619312353486e-11
confirmation,440143,440243,random,701,legacy5,degree,common,0.0003,498003,False,4,False,9.965784284662087,3,1.0,3,0.6446700507614214,7.689619312353486e-11
confirmation,440143,440243,random,701,legacy5,degree,own,0.0003,498001,False,4,False,9.965784284662087,3,1.0,3,0.6446700507614214,4.3668242050017364e-10
confirmation,440143,440243,random,701,legacy5,degree,own,0.0003,498002,False,4,False,9.965784284662087,3,1.0,3,0.6446700507614214,4.3668242050017364e-10
confirmation,440143,440243,random,701,legacy5,degree,own,0.0003,498003,False,4,False,9.965784284662087,3,1.0,3,0.6446700507614214,4.3668242050017364e-10
confirmation,440143,440243,random,701,legacy5,degree,coordinate,0.0003,498001,False,4,False,9.965784284662087,3,1.0,3,0.6446700507614214,2.238849551147565e-09
confirmation,440143,440243,random,701,legacy5,degree,coordinate,0.0003,498002,False,4,False,9.965784284662087,3,1.0,3,0.6446700507614214,2.238849551147565e-09
confirmation,440143,440243,random,701,legacy5,degree,coordinate,0.0003,498003,False,4,False,9.965784284662087,3,1.0,3,0.6446700507614214,2.238849551147565e-09
confirmation,440143,440243,random,701,legacy5,degree,common,0.03,498001,False,4,False,9.965784284662087,3,1.0,3,0.6548223350253807,7.689619312353486e-07
confirmation,440143,440243,random,701,legacy5,degree,common,0.03,498002,False,4,False,9.965784284662087,3,1.0,3,0.6395939086294417,7.689619312353486e-07
confirmation,440143,440243,random,701,legacy5,degree,common,0.03,498003,False,4,False,9.965784284662087,3,1.0,3,0.6446700507614214,7.689619312353486e-07
confirmation,440143,440243,random,701,legacy5,degree,own,0.03,498001,False,4,False,9.965784284662087,3,1.0,3,0.6345177664974619,4.366824205001737e-06
confirmation,440143,440243,random,701,legacy5,degree,own,0.03,498002,False,4,False,9.965784284662087,3,1.0,3,0.6294416243654822,4.366824205001737e-06
confirmation,440143,440243,random,701,legacy5,degree,own,0.03,498003,False,4,False,9.965784284662087,3,1.0,3,0.6446700507614214,4.366824205001737e-06
confirmation,440143,440243,random,701,legacy5,degree,coordinate,0.03,498001,False,4,False,9.965784284662087,3,1.0,3,0.5989847715736041,2.2388495511475652e-05
confirmation,440143,440243,random,701,legacy5,degree,coordinate,0.03,498002,False,4,False,9.965784284662087,3,1.0,3,0.6040609137055838,2.2388495511475652e-05
confirmation,440143,440243,random,701,legacy5,degree,coordinate,0.03,498003,False,4,False,9.965784284662087,3,1.0,3,0.6091370558375635,2.2388495511475652e-05
confirmation,440143,440243,random,701,legacy5,degree,common,0.3,498001,False,4,False,9.965784284662087,3,1.0,3,0.5736040609137056,7.689619312353487e-05
confirmation,440143,440243,random,701,legacy5,degree,common,0.3,498002,False,4,False,9.965784284662087,3,1.0,3,0.5431472081218274,7.689619312353487e-05
confirmation,440143,440243,random,701,legacy5,degree,common,0.3,498003,False,4,False,9.965784284662087,3,1.0,3,0.5532994923857868,7.689619312353487e-05
confirmation,440143,440243,random,701,legacy5,degree,own,0.3,498001,False,4,False,9.965784284662087,3,1.0,3,0.4416243654822335,0.0004366824205001736
confirmation,440143,440243,random,701,legacy5,degree,own,0.3,498002,False,4,False,9.965784284662087,3,1.0,3,0.43147208121827413,0.0004366824205001736
confirmation,440143,440243,random,701,legacy5,degree,own,0.3,498003,False,2,False,3.321928094887362,3,0.3333333333333333,1,0.43147208121827413,0.0004366824205001736
confirmation,440143,440243,random,701,legacy5,degree,coordinate,0.3,498001,False,1,False,0.0,3,0.0,0,0.28426395939086296,0.0022388495511475653
confirmation,440143,440243,random,701,legacy5,degree,coordinate,0.3,498002,False,2,False,3.321928094887362,3,0.3333333333333333,1,0.3299492385786802,0.0022388495511475653
confirmation,440143,440243,random,701,legacy5,degree,coordinate,0.3,498003,False,2,False,3.321928094887362,3,0.3333333333333333,1,0.3350253807106599,0.0022388495511475653
confirmation,440143,440243,random,701,legacy5,role,common,0.0003,498001,False,46,False,149.48676426993129,45,1.0,45,0.9289340101522843,7.689619312353484e-11
confirmation,440143,440243,random,701,legacy5,role,common,0.0003,498002,False,46,False,149.48676426993129,45,1.0,45,0.9289340101522843,7.689619312353484e-11
confirmation,440143,440243,random,701,legacy5,role,common,0.0003,498003,False,46,False,149.48676426993129,45,1.0,45,0.9289340101522843,7.689619312353484e-11
confirmation,440143,440243,random,701,legacy5,role,own,0.0003,498001,False,46,False,149.48676426993129,45,1.0,45,0.9289340101522843,4.8464811712961366e-11
confirmation,440143,440243,random,701,legacy5,role,own,0.0003,498002,False,46,False,149.48676426993129,45,1.0,45,0.9289340101522843,4.8464811712961366e-11
confirmation,440143,440243,random,701,legacy5,role,own,0.0003,498003,False,46,False,149.48676426993129,45,1.0,45,0.9289340101522843,4.8464811712961366e-11
confirmation,440143,440243,random,701,legacy5,role,coordinate,0.0003,498001,False,46,False,149.48676426993129,45,1.0,45,0.9289340101522843,1.3591786112580958e-10
confirmation,440143,440243,random,701,legacy5,role,coordinate,0.0003,498002,False,46,False,149.48676426993129,45,1.0,45,0.9289340101522843,1.3591786112580958e-10
confirmation,440143,440243,random,701,legacy5,role,coordinate,0.0003,498003,False,46,False,149.48676426993129,45,1.0,45,0.9289340101522843,1.3591786112580958e-10
confirmation,440143,440243,random,701,legacy5,role,common,0.03,498001,False,10,False,29.89735285398626,45,0.2,9,0.8527918781725888,7.689619312353484e-07
confirmation,440143,440243,random,701,legacy5,role,common,0.03,498002,False,2,False,3.321928094887362,45,0.022222222222222223,1,0.868020304568528,7.689619312353484e-07
confirmation,440143,440243,random,701,legacy5,role,common,0.03,498003,False,37,False,119.58941141594504,45,0.8,36,0.8527918781725888,7.689619312353484e-07
confirmation,440143,440243,random,701,legacy5,role,own,0.03,498001,False,10,False,29.89735285398626,45,0.2,9,0.868020304568528,4.846481171296138e-07
confirmation,440143,440243,random,701,legacy5,role,own,0.03,498002,False,10,False,29.89735285398626,45,0.2,9,0.9035532994923858,4.846481171296138e-07
confirmation,440143,440243,random,701,legacy5,role,own,0.03,498003,False,37,False,119.58941141594504,45,0.8,36,0.8883248730964467,4.846481171296138e-07
confirmation,440143,440243,random,701,legacy5,role,coordinate,0.03,498001,False,10,False,29.89735285398626,45,0.2,9,0.8223350253807107,1.3591786112580957e-06
confirmation,440143,440243,random,701,legacy5,role,coordinate,0.03,498002,False,2,False,3.321928094887362,45,0.022222222222222223,1,0.8324873096446701,1.3591786112580957e-06
confirmation,440143,440243,random,701,legacy5,role,coordinate,0.03,498003,False,33,False,106.30169903639559,45,0.7111111111111111,32,0.8223350253807107,1.3591786112580957e-06
confirmation,440143,440243,random,701,legacy5,role,common,0.3,498001,False,2,False,3.321928094887362,45,0.022222222222222223,1,0.4213197969543147,7.689619312353485e-05
confirmation,440143,440243,random,701,legacy5,role,common,0.3,498002,False,2,False,3.321928094887362,45,0.022222222222222223,1,0.39593908629441626,7.689619312353485e-05
confirmation,440143,440243,random,701,legacy5,role,common,0.3,498003,False,2,False,3.321928094887362,45,0.022222222222222223,1,0.39086294416243655,7.689619312353485e-05
confirmation,440143,440243,random,701,legacy5,role,own,0.3,498001,False,2,False,3.321928094887362,45,0.022222222222222223,1,0.48223350253807107,4.846481171296136e-05
confirmation,440143,440243,random,701,legacy5,role,own,0.3,498002,False,2,False,3.321928094887362,45,0.022222222222222223,1,0.4416243654822335,4.846481171296136e-05
confirmation,440143,440243,random,701,legacy5,role,own,0.3,498003,False,2,False,3.321928094887362,45,0.022222222222222223,1,0.4720812182741117,4.846481171296136e-05
confirmation,440143,440243,random,701,legacy5,role,coordinate,0.3,498001,False,2,False,3.321928094887362,45,0.022222222222222223,1,0.36548223350253806,0.0001359178611258096
confirmation,440143,440243,random,701,legacy5,role,coordinate,0.3,498002,False,2,False,3.321928094887362,45,0.022222222222222223,1,0.36548223350253806,0.0001359178611258096
confirmation,440143,440243,random,701,legacy5,role,coordinate,0.3,498003,False,1,False,0.0,45,0.0,0,0.3756345177664975,0.0001359178611258096
confirmation,440143,440243,random,702,legacy5,intact,common,0.0003,498001,False,33,False,106.30169903639559,32,1.0,32,0.883248730964467,4.719908330304622e-11
confirmation,440143,440243,random,702,legacy5,intact,common,0.0003,498002,False,33,False,106.30169903639559,32,1.0,32,0.883248730964467,4.719908330304622e-11
confirmation,440143,440243,random,702,legacy5,intact,common,0.0003,498003,False,33,False,106.30169903639559,32,1.0,32,0.883248730964467,4.719908330304622e-11
confirmation,440143,440243,random,702,legacy5,intact,own,0.0003,498001,True,33,False,106.30169903639559,32,1.0,32,0.883248730964467,4.719908330304622e-11
confirmation,440143,440243,random,702,legacy5,intact,own,0.0003,498002,True,33,False,106.30169903639559,32,1.0,32,0.883248730964467,4.719908330304622e-11
confirmation,440143,440243,random,702,legacy5,intact,own,0.0003,498003,True,33,False,106.30169903639559,32,1.0,32,0.883248730964467,4.719908330304622e-11
confirmation,440143,440243,random,702,legacy5,intact,coordinate,0.0003,498001,False,33,False,106.30169903639559,32,1.0,32,0.883248730964467,1.3949144093100711e-10
confirmation,440143,440243,random,702,legacy5,intact,coordinate,0.0003,498002,False,33,False,106.30169903639559,32,1.0,32,0.883248730964467,1.3949144093100711e-10
confirmation,440143,440243,random,702,legacy5,intact,coordinate,0.0003,498003,False,33,False,106.30169903639559,32,1.0,32,0.883248730964467,1.3949144093100711e-10
confirmation,440143,440243,random,702,legacy5,intact,common,0.03,498001,False,24,False,76.40434618240933,32,0.71875,23,0.8578680203045685,4.7199083303046225e-07
confirmation,440143,440243,random,702,legacy5,intact,common,0.03,498002,False,7,False,19.931568569324174,32,0.1875,6,0.8426395939086294,4.7199083303046225e-07
confirmation,440143,440243,random,702,legacy5,intact,common,0.03,498003,False,26,False,83.04820237218405,32,0.78125,25,0.8477157360406091,4.7199083303046225e-07
confirmation,440143,440243,random,702,legacy5,intact,own,0.03,498001,True,24,False,76.40434618240933,32,0.71875,23,0.8578680203045685,4.7199083303046225e-07
confirmation,440143,440243,random,702,legacy5,intact,own,0.03,498002,True,7,False,19.931568569324174,32,0.1875,6,0.8426395939086294,4.7199083303046225e-07
confirmation,440143,440243,random,702,legacy5,intact,own,0.03,498003,True,26,False,83.04820237218405,32,0.78125,25,0.8477157360406091,4.7199083303046225e-07
confirmation,440143,440243,random,702,legacy5,intact,coordinate,0.03,498001,False,24,False,76.40434618240933,32,0.71875,23,0.7868020304568528,1.3949144093100715e-06
confirmation,440143,440243,random,702,legacy5,intact,coordinate,0.03,498002,False,7,False,19.931568569324174,32,0.1875,6,0.7969543147208121,1.3949144093100715e-06
confirmation,440143,440243,random,702,legacy5,intact,coordinate,0.03,498003,False,24,False,76.40434618240933,32,0.71875,23,0.8071065989847716,1.3949144093100715e-06
confirmation,440143,440243,random,702,legacy5,intact,common,0.3,498001,False,1,False,0.0,32,0.0,0,0.43147208121827413,4.719908330304623e-05
confirmation,440143,440243,random,702,legacy5,intact,common,0.3,498002,False,3,False,6.643856189774724,32,0.0625,2,0.4365482233502538,4.719908330304623e-05
confirmation,440143,440243,random,702,legacy5,intact,common,0.3,498003,False,1,False,0.0,32,0.0,0,0.4365482233502538,4.719908330304623e-05
confirmation,440143,440243,random,702,legacy5,intact,own,0.3,498001,True,1,False,0.0,32,0.0,0,0.43147208121827413,4.719908330304623e-05
confirmation,440143,440243,random,702,legacy5,intact,own,0.3,498002,True,3,False,6.643856189774724,32,0.0625,2,0.4365482233502538,4.719908330304623e-05
confirmation,440143,440243,random,702,legacy5,intact,own,0.3,498003,True,1,False,0.0,32,0.0,0,0.4365482233502538,4.719908330304623e-05
confirmation,440143,440243,random,702,legacy5,intact,coordinate,0.3,498001,False,1,False,0.0,32,0.0,0,0.3248730964467005,0.00013949144093100714
confirmation,440143,440243,random,702,legacy5,intact,coordinate,0.3,498002,False,2,False,3.321928094887362,32,0.03125,1,0.3604060913705584,0.00013949144093100714
confirmation,440143,440243,random,702,legacy5,intact,coordinate,0.3,498003,False,1,False,0.0,32,0.0,0,0.3350253807106599,0.00013949144093100714
confirmation,440143,440243,random,702,legacy5,degree,common,0.0003,498001,False,18,False,56.47277761308516,17,1.0,17,0.7969543147208121,4.719908330304622e-11
confirmation,440143,440243,random,702,legacy5,degree,common,0.0003,498002,False,18,False,56.47277761308516,17,1.0,17,0.7969543147208121,4.719908330304622e-11
confirmation,440143,440243,random,702,legacy5,degree,common,0.0003,498003,False,18,False,56.47277761308516,17,1.0,17,0.7969543147208121,4.719908330304622e-11
confirmation,440143,440243,random,702,legacy5,degree,own,0.0003,498001,False,18,False,56.47277761308516,17,1.0,17,0.7969543147208121,3.115180023051594e-10
confirmation,440143,440243,random,702,legacy5,degree,own,0.0003,498002,False,18,False,56.47277761308516,17,1.0,17,0.7969543147208121,3.115180023051594e-10
confirmation,440143,440243,random,702,legacy5,degree,own,0.0003,498003,False,18,False,56.47277761308516,17,1.0,17,0.7969543147208121,3.115180023051594e-10
confirmation,440143,440243,random,702,legacy5,degree,coordinate,0.0003,498001,False,18,False,56.47277761308516,17,1.0,17,0.7969543147208121,1.3922829478614765e-09
confirmation,440143,440243,random,702,legacy5,degree,coordinate,0.0003,498002,False,18,False,56.47277761308516,17,1.0,17,0.7969543147208121,1.3922829478614765e-09
confirmation,440143,440243,random,702,legacy5,degree,coordinate,0.0003,498003,False,18,False,56.47277761308516,17,1.0,17,0.7969543147208121,1.3922829478614765e-09
confirmation,440143,440243,random,702,legacy5,degree,common,0.03,498001,False,18,False,56.47277761308516,17,1.0,17,0.7918781725888325,4.719908330304623e-07
confirmation,440143,440243,random,702,legacy5,degree,common,0.03,498002,False,18,False,56.47277761308516,17,1.0,17,0.7868020304568528,4.719908330304623e-07
confirmation,440143,440243,random,702,legacy5,degree,common,0.03,498003,False,18,False,56.47277761308516,17,1.0,17,0.7969543147208121,4.719908330304623e-07
confirmation,440143,440243,random,702,legacy5,degree,own,0.03,498001,False,18,False,56.47277761308516,17,1.0,17,0.7817258883248731,3.115180023051595e-06
confirmation,440143,440243,random,702,legacy5,degree,own,0.03,498002,False,18,False,56.47277761308516,17,1.0,17,0.7766497461928934,3.115180023051595e-06
confirmation,440143,440243,random,702,legacy5,degree,own,0.03,498003,False,18,False,56.47277761308516,17,1.0,17,0.7868020304568528,3.115180023051595e-06
confirmation,440143,440243,random,702,legacy5,degree,coordinate,0.03,498001,False,18,False,56.47277761308516,17,1.0,17,0.7157360406091371,1.3922829478614767e-05
confirmation,440143,440243,random,702,legacy5,degree,coordinate,0.03,498002,False,18,False,56.47277761308516,17,1.0,17,0.7309644670050761,1.3922829478614767e-05
confirmation,440143,440243,random,702,legacy5,degree,coordinate,0.03,498003,False,18,False,56.47277761308516,17,1.0,17,0.7360406091370558,1.3922829478614767e-05
confirmation,440143,440243,random,702,legacy5,degree,common,0.3,498001,False,8,False,23.253496664211536,17,0.4117647058823529,7,0.6192893401015228,4.719908330304623e-05
confirmation,440143,440243,random,702,legacy5,degree,common,0.3,498002,False,18,False,56.47277761308516,17,1.0,17,0.6192893401015228,4.719908330304623e-05
confirmation,440143,440243,random,702,legacy5,degree,common,0.3,498003,False,15,False,46.50699332842307,17,0.8235294117647058,14,0.6192893401015228,4.719908330304623e-05
confirmation,440143,440243,random,702,legacy5,degree,own,0.3,498001,False,4,False,9.965784284662087,17,0.17647058823529413,3,0.4365482233502538,0.0003115180023051595
confirmation,440143,440243,random,702,legacy5,degree,own,0.3,498002,False,9,False,26.575424759098897,17,0.47058823529411764,8,0.4416243654822335,0.0003115180023051595
confirmation,440143,440243,random,702,legacy5,degree,own,0.3,498003,False,3,False,6.643856189774724,17,0.11764705882352941,2,0.40609137055837563,0.0003115180023051595
confirmation,440143,440243,random,702,legacy5,degree,coordinate,0.3,498001,False,3,False,6.643856189774724,17,0.11764705882352941,2,0.3248730964467005,0.0013922829478614767
confirmation,440143,440243,random,702,legacy5,degree,coordinate,0.3,498002,False,2,False,3.321928094887362,17,0.058823529411764705,1,0.3096446700507614,0.0013922829478614767
confirmation,440143,440243,random,702,legacy5,degree,coordinate,0.3,498003,False,2,False,3.321928094887362,17,0.058823529411764705,1,0.24873096446700507,0.0013922829478614767
confirmation,440143,440243,random,702,legacy5,role,common,0.0003,498001,False,52,False,169.41833283925547,51,1.0,51,0.8730964467005076,4.719908330304622e-11
confirmation,440143,440243,random,702,legacy5,role,common,0.0003,498002,False,52,False,169.41833283925547,51,1.0,51,0.868020304568528,4.719908330304622e-11
confirmation,440143,440243,random,702,legacy5,role,common,0.0003,498003,False,52,False,169.41833283925547,51,1.0,51,0.868020304568528,4.719908330304622e-11
confirmation,440143,440243,random,702,legacy5,role,own,0.0003,498001,False,52,False,169.41833283925547,51,1.0,51,0.8730964467005076,5.133743737118744e-11
confirmation,440143,440243,random,702,legacy5,role,own,0.0003,498002,False,52,False,169.41833283925547,51,1.0,51,0.868020304568528,5.133743737118744e-11
confirmation,440143,440243,random,702,legacy5,role,own,0.0003,498003,False,52,False,169.41833283925547,51,1.0,51,0.868020304568528,5.133743737118744e-11
confirmation,440143,440243,random,702,legacy5,role,coordinate,0.0003,498001,False,52,False,169.41833283925547,51,1.0,51,0.868020304568528,1.3626313337984004e-10
confirmation,440143,440243,random,702,legacy5,role,coordinate,0.0003,498002,False,52,False,169.41833283925547,51,1.0,51,0.868020304568528,1.3626313337984004e-10
confirmation,440143,440243,random,702,legacy5,role,coordinate,0.0003,498003,False,52,False,169.41833283925547,51,1.0,51,0.868020304568528,1.3626313337984004e-10
confirmation,440143,440243,random,702,legacy5,role,common,0.03,498001,False,47,False,152.80869236481865,51,0.9019607843137255,46,0.8527918781725888,4.7199083303046225e-07
confirmation,440143,440243,random,702,legacy5,role,common,0.03,498002,False,9,False,26.575424759098897,51,0.1568627450980392,8,0.817258883248731,4.7199083303046225e-07
confirmation,440143,440243,random,702,legacy5,role,common,0.03,498003,False,52,False,169.41833283925547,51,1.0,51,0.8324873096446701,4.7199083303046225e-07
confirmation,440143,440243,random,702,legacy5,role,own,0.03,498001,False,47,False,152.80869236481865,51,0.9019607843137255,46,0.8527918781725888,5.133743737118744e-07
confirmation,440143,440243,random,702,legacy5,role,own,0.03,498002,False,9,False,26.575424759098897,51,0.1568627450980392,8,0.8121827411167513,5.133743737118744e-07
confirmation,440143,440243,random,702,legacy5,role,own,0.03,498003,False,52,False,169.41833283925547,51,1.0,51,0.8324873096446701,5.133743737118744e-07
confirmation,440143,440243,random,702,legacy5,role,coordinate,0.03,498001,False,47,False,152.80869236481865,51,0.9019607843137255,46,0.817258883248731,1.3626313337984005e-06
confirmation,440143,440243,random,702,legacy5,role,coordinate,0.03,498002,False,9,False,26.575424759098897,51,0.1568627450980392,8,0.7766497461928934,1.3626313337984005e-06
confirmation,440143,440243,random,702,legacy5,role,coordinate,0.03,498003,False,32,False,102.97977094150822,51,0.6078431372549019,31,0.7868020304568528,1.3626313337984005e-06
confirmation,440143,440243,random,702,legacy5,role,common,0.3,498001,False,1,False,0.0,51,0.0,0,0.48223350253807107,4.719908330304623e-05
confirmation,440143,440243,random,702,legacy5,role,common,0.3,498002,False,4,False,9.965784284662087,51,0.058823529411764705,3,0.4517766497461929,4.719908330304623e-05
confirmation,440143,440243,random,702,legacy5,role,common,0.3,498003,False,3,False,6.643856189774724,51,0.0392156862745098,2,0.4619289340101523,4.719908330304623e-05
confirmation,440143,440243,random,702,legacy5,role,own,0.3,498001,False,1,False,0.0,51,0.0,0,0.467005076142132,5.133743737118743e-05
confirmation,440143,440243,random,702,legacy5,role,own,0.3,498002,False,4,False,9.965784284662087,51,0.058823529411764705,3,0.4365482233502538,5.133743737118743e-05
confirmation,440143,440243,random,702,legacy5,role,own,0.3,498003,False,3,False,6.643856189774724,51,0.0392156862745098,2,0.45685279187817257,5.133743737118743e-05
confirmation,440143,440243,random,702,legacy5,role,coordinate,0.3,498001,False,1,False,0.0,51,0.0,0,0.38578680203045684,0.00013626313337984007
confirmation,440143,440243,random,702,legacy5,role,coordinate,0.3,498002,False,3,False,6.643856189774724,51,0.0392156862745098,2,0.3350253807106599,0.00013626313337984007
confirmation,440143,440243,random,702,legacy5,role,coordinate,0.3,498003,False,3,False,6.643856189774724,51,0.0392156862745098,2,0.350253807106599,0.00013626313337984007
confirmation,440144,440244,pi,701,legacy5,intact,common,0.0003,498001,False,11,False,33.219280948873624,10,1.0,10,0.7868020304568528,7.350419350817014e-11
confirmation,440144,440244,pi,701,legacy5,intact,common,0.0003,498002,False,11,False,33.219280948873624,10,1.0,10,0.7868020304568528,7.350419350817014e-11
confirmation,440144,440244,pi,701,legacy5,intact,common,0.0003,498003,False,11,False,33.219280948873624,10,1.0,10,0.7868020304568528,7.350419350817014e-11
confirmation,440144,440244,pi,701,legacy5,intact,own,0.0003,498001,True,11,False,33.219280948873624,10,1.0,10,0.7868020304568528,7.350419350817014e-11
confirmation,440144,440244,pi,701,legacy5,intact,own,0.0003,498002,True,11,False,33.219280948873624,10,1.0,10,0.7868020304568528,7.350419350817014e-11
confirmation,440144,440244,pi,701,legacy5,intact,own,0.0003,498003,True,11,False,33.219280948873624,10,1.0,10,0.7868020304568528,7.350419350817014e-11
confirmation,440144,440244,pi,701,legacy5,intact,coordinate,0.0003,498001,False,11,False,33.219280948873624,10,1.0,10,0.7868020304568528,1.7398322762158734e-10
confirmation,440144,440244,pi,701,legacy5,intact,coordinate,0.0003,498002,False,11,False,33.219280948873624,10,1.0,10,0.7868020304568528,1.7398322762158734e-10
confirmation,440144,440244,pi,701,legacy5,intact,coordinate,0.0003,498003,False,11,False,33.219280948873624,10,1.0,10,0.7868020304568528,1.7398322762158734e-10
confirmation,440144,440244,pi,701,legacy5,intact,common,0.03,498001,False,11,False,33.219280948873624,10,1.0,10,0.751269035532995,7.350419350817015e-07
confirmation,440144,440244,pi,701,legacy5,intact,common,0.03,498002,False,38,False,122.9113395108324,10,1.0,37,0.766497461928934,7.350419350817015e-07
confirmation,440144,440244,pi,701,legacy5,intact,common,0.03,498003,False,11,False,33.219280948873624,10,1.0,10,0.766497461928934,7.350419350817015e-07
confirmation,440144,440244,pi,701,legacy5,intact,own,0.03,498001,True,11,False,33.219280948873624,10,1.0,10,0.751269035532995,7.350419350817015e-07
confirmation,440144,440244,pi,701,legacy5,intact,own,0.03,498002,True,38,False,122.9113395108324,10,1.0,37,0.766497461928934,7.350419350817015e-07
confirmation,440144,440244,pi,701,legacy5,intact,own,0.03,498003,True,11,False,33.219280948873624,10,1.0,10,0.766497461928934,7.350419350817015e-07
confirmation,440144,440244,pi,701,legacy5,intact,coordinate,0.03,498001,False,11,False,33.219280948873624,10,1.0,10,0.7106598984771574,1.7398322762158734e-06
confirmation,440144,440244,pi,701,legacy5,intact,coordinate,0.03,498002,False,38,False,122.9113395108324,10,1.0,37,0.7309644670050761,1.7398322762158734e-06
confirmation,440144,440244,pi,701,legacy5,intact,coordinate,0.03,498003,False,38,False,122.9113395108324,10,1.0,37,0.751269035532995,1.7398322762158734e-06
confirmation,440144,440244,pi,701,legacy5,intact,common,0.3,498001,False,3,False,6.643856189774724,10,0.2,2,0.4010152284263959,7.350419350817016e-05
confirmation,440144,440244,pi,701,legacy5,intact,common,0.3,498002,False,9,False,26.575424759098897,10,0.8,8,0.41624365482233505,7.350419350817016e-05
confirmation,440144,440244,pi,701,legacy5,intact,common,0.3,498003,False,1,False,0.0,10,0.0,0,0.40609137055837563,7.350419350817016e-05
confirmation,440144,440244,pi,701,legacy5,intact,own,0.3,498001,True,3,False,6.643856189774724,10,0.2,2,0.4010152284263959,7.350419350817016e-05
confirmation,440144,440244,pi,701,legacy5,intact,own,0.3,498002,True,9,False,26.575424759098897,10,0.8,8,0.41624365482233505,7.350419350817016e-05
confirmation,440144,440244,pi,701,legacy5,intact,own,0.3,498003,True,1,False,0.0,10,0.0,0,0.40609137055837563,7.350419350817016e-05
confirmation,440144,440244,pi,701,legacy5,intact,coordinate,0.3,498001,False,3,False,6.643856189774724,10,0.2,2,0.3350253807106599,0.00017398322762158733
confirmation,440144,440244,pi,701,legacy5,intact,coordinate,0.3,498002,False,9,False,26.575424759098897,10,0.8,8,0.3350253807106599,0.00017398322762158733
confirmation,440144,440244,pi,701,legacy5,intact,coordinate,0.3,498003,False,1,False,0.0,10,0.0,0,0.3248730964467005,0.00017398322762158733
confirmation,440144,440244,pi,701,legacy5,degree,common,0.0003,498001,False,36,False,116.26748332105768,35,1.0,35,0.8477157360406091,7.350419350817013e-11
confirmation,440144,440244,pi,701,legacy5,degree,common,0.0003,498002,False,36,False,116.26748332105768,35,1.0,35,0.8477157360406091,7.350419350817013e-11
confirmation,440144,440244,pi,701,legacy5,degree,common,0.0003,498003,False,36,False,116.26748332105768,35,1.0,35,0.8477157360406091,7.350419350817013e-11
confirmation,440144,440244,pi,701,legacy5,degree,own,0.0003,498001,False,36,False,116.26748332105768,35,1.0,35,0.8477157360406091,4.466147154023135e-10
confirmation,440144,440244,pi,701,legacy5,degree,own,0.0003,498002,False,36,False,116.26748332105768,35,1.0,35,0.8477157360406091,4.466147154023135e-10
confirmation,440144,440244,pi,701,legacy5,degree,own,0.0003,498003,False,36,False,116.26748332105768,35,1.0,35,0.8477157360406091,4.466147154023135e-10
confirmation,440144,440244,pi,701,legacy5,degree,coordinate,0.0003,498001,False,36,False,116.26748332105768,35,1.0,35,0.8477157360406091,2.485605863984899e-09
confirmation,440144,440244,pi,701,legacy5,degree,coordinate,0.0003,498002,False,36,False,116.26748332105768,35,1.0,35,0.8477157360406091,2.485605863984899e-09
confirmation,440144,440244,pi,701,legacy5,degree,coordinate,0.0003,498003,False,36,False,116.26748332105768,35,1.0,35,0.8477157360406091,2.485605863984899e-09
confirmation,440144,440244,pi,701,legacy5,degree,common,0.03,498001,False,36,False,116.26748332105768,35,1.0,35,0.8324873096446701,7.350419350817013e-07
confirmation,440144,440244,pi,701,legacy5,degree,common,0.03,498002,False,36,False,116.26748332105768,35,1.0,35,0.8375634517766497,7.350419350817013e-07
confirmation,440144,440244,pi,701,legacy5,degree,common,0.03,498003,False,36,False,116.26748332105768,35,1.0,35,0.8477157360406091,7.350419350817013e-07
confirmation,440144,440244,pi,701,legacy5,degree,own,0.03,498001,False,36,False,116.26748332105768,35,1.0,35,0.8121827411167513,4.466147154023136e-06
confirmation,440144,440244,pi,701,legacy5,degree,own,0.03,498002,False,33,False,106.30169903639559,35,0.9142857142857143,32,0.8020304568527918,4.466147154023136e-06
confirmation,440144,440244,pi,701,legacy5,degree,own,0.03,498003,False,36,False,116.26748332105768,35,1.0,35,0.8121827411167513,4.466147154023136e-06
confirmation,440144,440244,pi,701,legacy5,degree,coordinate,0.03,498001,False,24,False,76.40434618240933,35,0.6571428571428571,23,0.7461928934010152,2.4856058639848992e-05
confirmation,440144,440244,pi,701,legacy5,degree,coordinate,0.03,498002,False,33,False,106.30169903639559,35,0.9142857142857143,32,0.751269035532995,2.4856058639848992e-05
confirmation,440144,440244,pi,701,legacy5,degree,coordinate,0.03,498003,False,33,False,106.30169903639559,35,0.9142857142857143,32,0.7411167512690355,2.4856058639848992e-05
confirmation,440144,440244,pi,701,legacy5,degree,common,0.3,498001,False,1,False,0.0,35,0.0,0,0.6649746192893401,7.350419350817015e-05
confirmation,440144,440244,pi,701,legacy5,degree,common,0.3,498002,False,24,False,76.40434618240933,35,0.6571428571428571,23,0.6852791878172588,7.350419350817015e-05
confirmation,440144,440244,pi,701,legacy5,degree,common,0.3,498003,False,15,False,46.50699332842307,35,0.4,14,0.6751269035532995,7.350419350817015e-05
confirmation,440144,440244,pi,701,legacy5,degree,own,0.3,498001,False,1,False,0.0,35,0.0,0,0.5228426395939086,0.0004466147154023137
confirmation,440144,440244,pi,701,legacy5,degree,own,0.3,498002,False,12,False,36.541209043760986,35,0.3142857142857143,11,0.467005076142132,0.0004466147154023137
confirmation,440144,440244,pi,701,legacy5,degree,own,0.3,498003,False,1,False,0.0,35,0.0,0,0.5177664974619289,0.0004466147154023137
confirmation,440144,440244,pi,701,legacy5,degree,coordinate,0.3,498001,False,1,False,0.0,35,0.0,0,0.3553299492385787,0.0024856058639848994
confirmation,440144,440244,pi,701,legacy5,degree,coordinate,0.3,498002,False,8,False,23.253496664211536,35,0.2,7,0.3096446700507614,0.0024856058639848994
confirmation,440144,440244,pi,701,legacy5,degree,coordinate,0.3,498003,False,1,False,0.0,35,0.0,0,0.3604060913705584,0.0024856058639848994
confirmation,440144,440244,pi,701,legacy5,role,common,0.0003,498001,False,40,False,129.55519570060713,39,1.0,39,0.7614213197969543,7.350419350817013e-11
confirmation,440144,440244,pi,701,legacy5,role,common,0.0003,498002,False,40,False,129.55519570060713,39,1.0,39,0.7614213197969543,7.350419350817013e-11
confirmation,440144,440244,pi,701,legacy5,role,common,0.0003,498003,False,40,False,129.55519570060713,39,1.0,39,0.7614213197969543,7.350419350817013e-11
confirmation,440144,440244,pi,701,legacy5,role,own,0.0003,498001,False,40,False,129.55519570060713,39,1.0,39,0.7614213197969543,5.523150114801166e-11
confirmation,440144,440244,pi,701,legacy5,role,own,0.0003,498002,False,40,False,129.55519570060713,39,1.0,39,0.7614213197969543,5.523150114801166e-11
confirmation,440144,440244,pi,701,legacy5,role,own,0.0003,498003,False,40,False,129.55519570060713,39,1.0,39,0.7614213197969543,5.523150114801166e-11
confirmation,440144,440244,pi,701,legacy5,role,coordinate,0.0003,498001,False,40,False,129.55519570060713,39,1.0,39,0.7614213197969543,1.2370393218278964e-10
confirmation,440144,440244,pi,701,legacy5,role,coordinate,0.0003,498002,False,40,False,129.55519570060713,39,1.0,39,0.7614213197969543,1.2370393218278964e-10
confirmation,440144,440244,pi,701,legacy5,role,coordinate,0.0003,498003,False,40,False,129.55519570060713,39,1.0,39,0.7614213197969543,1.2370393218278964e-10
confirmation,440144,440244,pi,701,legacy5,role,common,0.03,498001,False,40,False,129.55519570060713,39,1.0,39,0.7360406091370558,7.350419350817013e-07
confirmation,440144,440244,pi,701,legacy5,role,common,0.03,498002,False,40,False,129.55519570060713,39,1.0,39,0.7055837563451777,7.350419350817013e-07
confirmation,440144,440244,pi,701,legacy5,role,common,0.03,498003,False,29,False,93.01398665684614,39,0.717948717948718,28,0.7055837563451777,7.350419350817013e-07
confirmation,440144,440244,pi,701,legacy5,role,own,0.03,498001,False,40,False,129.55519570060713,39,1.0,39,0.7360406091370558,5.523150114801167e-07
confirmation,440144,440244,pi,701,legacy5,role,own,0.03,498002,False,40,False,129.55519570060713,39,1.0,39,0.7157360406091371,5.523150114801167e-07
confirmation,440144,440244,pi,701,legacy5,role,own,0.03,498003,False,40,False,129.55519570060713,39,1.0,39,0.7309644670050761,5.523150114801167e-07
confirmation,440144,440244,pi,701,legacy5,role,coordinate,0.03,498001,False,40,False,129.55519570060713,39,1.0,39,0.7157360406091371,1.2370393218278966e-06
confirmation,440144,440244,pi,701,legacy5,role,coordinate,0.03,498002,False,29,False,93.01398665684614,39,0.717948717948718,28,0.6852791878172588,1.2370393218278966e-06
confirmation,440144,440244,pi,701,legacy5,role,coordinate,0.03,498003,False,29,False,93.01398665684614,39,0.717948717948718,28,0.6954314720812182,1.2370393218278966e-06
confirmation,440144,440244,pi,701,legacy5,role,common,0.3,498001,False,6,False,16.609640474436812,39,0.1282051282051282,5,0.43147208121827413,7.350419350817015e-05
confirmation,440144,440244,pi,701,legacy5,role,common,0.3,498002,False,1,False,0.0,39,0.0,0,0.37055837563451777,7.350419350817015e-05
confirmation,440144,440244,pi,701,legacy5,role,common,0.3,498003,False,4,False,9.965784284662087,39,0.07692307692307693,3,0.38578680203045684,7.350419350817015e-05
confirmation,440144,440244,pi,701,legacy5,role,own,0.3,498001,False,6,False,16.609640474436812,39,0.1282051282051282,5,0.4517766497461929,5.523150114801166e-05
confirmation,440144,440244,pi,701,legacy5,role,own,0.3,498002,False,2,False,3.321928094887362,39,0.02564102564102564,1,0.39086294416243655,5.523150114801166e-05
confirmation,440144,440244,pi,701,legacy5,role,own,0.3,498003,False,4,False,9.965784284662087,39,0.07692307692307693,3,0.41624365482233505,5.523150114801166e-05
confirmation,440144,440244,pi,701,legacy5,role,coordinate,0.3,498001,False,6,False,16.609640474436812,39,0.1282051282051282,5,0.39593908629441626,0.00012370393218278966
confirmation,440144,440244,pi,701,legacy5,role,coordinate,0.3,498002,False,1,False,0.0,39,0.0,0,0.3197969543147208,0.00012370393218278966
confirmation,440144,440244,pi,701,legacy5,role,coordinate,0.3,498003,False,1,False,0.0,39,0.0,0,0.3553299492385787,0.00012370393218278966
confirmation,440144,440244,pi,702,legacy5,intact,common,0.0003,498001,False,39,False,126.23326760571976,38,1.0,38,0.8629441624365483,7.381290668408313e-11
confirmation,440144,440244,pi,702,legacy5,intact,common,0.0003,498002,False,39,False,126.23326760571976,38,1.0,38,0.8629441624365483,7.381290668408313e-11
confirmation,440144,440244,pi,702,legacy5,intact,common,0.0003,498003,False,39,False,126.23326760571976,38,1.0,38,0.8629441624365483,7.381290668408313e-11
confirmation,440144,440244,pi,702,legacy5,intact,own,0.0003,498001,True,39,False,126.23326760571976,38,1.0,38,0.8629441624365483,7.381290668408313e-11
confirmation,440144,440244,pi,702,legacy5,intact,own,0.0003,498002,True,39,False,126.23326760571976,38,1.0,38,0.8629441624365483,7.381290668408313e-11
confirmation,440144,440244,pi,702,legacy5,intact,own,0.0003,498003,True,39,False,126.23326760571976,38,1.0,38,0.8629441624365483,7.381290668408313e-11
confirmation,440144,440244,pi,702,legacy5,intact,coordinate,0.0003,498001,False,39,False,126.23326760571976,38,1.0,38,0.8629441624365483,1.4251319555736967e-10
confirmation,440144,440244,pi,702,legacy5,intact,coordinate,0.0003,498002,False,39,False,126.23326760571976,38,1.0,38,0.8629441624365483,1.4251319555736967e-10
confirmation,440144,440244,pi,702,legacy5,intact,coordinate,0.0003,498003,False,39,False,126.23326760571976,38,1.0,38,0.8629441624365483,1.4251319555736967e-10
confirmation,440144,440244,pi,702,legacy5,intact,common,0.03,498001,False,26,False,83.04820237218405,38,0.6578947368421053,25,0.8223350253807107,7.381290668408313e-07
confirmation,440144,440244,pi,702,legacy5,intact,common,0.03,498002,False,26,False,83.04820237218405,38,0.6578947368421053,25,0.8274111675126904,7.381290668408313e-07
confirmation,440144,440244,pi,702,legacy5,intact,common,0.03,498003,False,26,False,83.04820237218405,38,0.6578947368421053,25,0.8223350253807107,7.381290668408313e-07
confirmation,440144,440244,pi,702,legacy5,intact,own,0.03,498001,True,26,False,83.04820237218405,38,0.6578947368421053,25,0.8223350253807107,7.381290668408313e-07
confirmation,440144,440244,pi,702,legacy5,intact,own,0.03,498002,True,26,False,83.04820237218405,38,0.6578947368421053,25,0.8274111675126904,7.381290668408313e-07
confirmation,440144,440244,pi,702,legacy5,intact,own,0.03,498003,True,26,False,83.04820237218405,38,0.6578947368421053,25,0.8223350253807107,7.381290668408313e-07
confirmation,440144,440244,pi,702,legacy5,intact,coordinate,0.03,498001,False,26,False,83.04820237218405,38,0.6578947368421053,25,0.7969543147208121,1.4251319555736968e-06
confirmation,440144,440244,pi,702,legacy5,intact,coordinate,0.03,498002,False,26,False,83.04820237218405,38,0.6578947368421053,25,0.7918781725888325,1.4251319555736968e-06
confirmation,440144,440244,pi,702,legacy5,intact,coordinate,0.03,498003,False,26,False,83.04820237218405,38,0.6578947368421053,25,0.7969543147208121,1.4251319555736968e-06
confirmation,440144,440244,pi,702,legacy5,intact,common,0.3,498001,False,2,False,3.321928094887362,38,0.02631578947368421,1,0.5279187817258884,7.381290668408315e-05
confirmation,440144,440244,pi,702,legacy5,intact,common,0.3,498002,False,4,False,9.965784284662087,38,0.07894736842105263,3,0.4010152284263959,7.381290668408315e-05
confirmation,440144,440244,pi,702,legacy5,intact,common,0.3,498003,False,1,False,0.0,38,0.0,0,0.4873096446700508,7.381290668408315e-05
confirmation,440144,440244,pi,702,legacy5,intact,own,0.3,498001,True,2,False,3.321928094887362,38,0.02631578947368421,1,0.5279187817258884,7.381290668408315e-05
confirmation,440144,440244,pi,702,legacy5,intact,own,0.3,498002,True,4,False,9.965784284662087,38,0.07894736842105263,3,0.4010152284263959,7.381290668408315e-05
confirmation,440144,440244,pi,702,legacy5,intact,own,0.3,498003,True,1,False,0.0,38,0.0,0,0.4873096446700508,7.381290668408315e-05
confirmation,440144,440244,pi,702,legacy5,intact,coordinate,0.3,498001,False,2,False,3.321928094887362,38,0.02631578947368421,1,0.43147208121827413,0.0001425131955573697
confirmation,440144,440244,pi,702,legacy5,intact,coordinate,0.3,498002,False,4,False,9.965784284662087,38,0.07894736842105263,3,0.350253807106599,0.0001425131955573697
confirmation,440144,440244,pi,702,legacy5,intact,coordinate,0.3,498003,False,1,False,0.0,38,0.0,0,0.4467005076142132,0.0001425131955573697
confirmation,440144,440244,pi,702,legacy5,degree,common,0.0003,498001,False,36,False,116.26748332105768,35,1.0,35,0.700507614213198,7.381290668408315e-11
confirmation,440144,440244,pi,702,legacy5,degree,common,0.0003,498002,False,36,False,116.26748332105768,35,1.0,35,0.700507614213198,7.381290668408315e-11
confirmation,440144,440244,pi,702,legacy5,degree,common,0.0003,498003,False,36,False,116.26748332105768,35,1.0,35,0.700507614213198,7.381290668408315e-11
confirmation,440144,440244,pi,702,legacy5,degree,own,0.0003,498001,False,36,False,116.26748332105768,35,1.0,35,0.700507614213198,4.728562507499994e-10
confirmation,440144,440244,pi,702,legacy5,degree,own,0.0003,498002,False,36,False,116.26748332105768,35,1.0,35,0.700507614213198,4.728562507499994e-10
confirmation,440144,440244,pi,702,legacy5,degree,own,0.0003,498003,False,36,False,116.26748332105768,35,1.0,35,0.700507614213198,4.728562507499994e-10
confirmation,440144,440244,pi,702,legacy5,degree,coordinate,0.0003,498001,False,36,False,116.26748332105768,35,1.0,35,0.700507614213198,2.2559579555989758e-09
confirmation,440144,440244,pi,702,legacy5,degree,coordinate,0.0003,498002,False,36,False,116.26748332105768,35,1.0,35,0.700507614213198,2.2559579555989758e-09
confirmation,440144,440244,pi,702,legacy5,degree,coordinate,0.0003,498003,False,36,False,116.26748332105768,35,1.0,35,0.700507614213198,2.2559579555989758e-09
confirmation,440144,440244,pi,702,legacy5,degree,common,0.03,498001,False,36,False,116.26748332105768,35,1.0,35,0.700507614213198,7.381290668408313e-07
confirmation,440144,440244,pi,702,legacy5,degree,common,0.03,498002,False,36,False,116.26748332105768,35,1.0,35,0.6954314720812182,7.381290668408313e-07
confirmation,440144,440244,pi,702,legacy5,degree,common,0.03,498003,False,36,False,116.26748332105768,35,1.0,35,0.700507614213198,7.381290668408313e-07
confirmation,440144,440244,pi,702,legacy5,degree,own,0.03,498001,False,36,False,116.26748332105768,35,1.0,35,0.6954314720812182,4.728562507499993e-06
confirmation,440144,440244,pi,702,legacy5,degree,own,0.03,498002,False,36,False,116.26748332105768,35,1.0,35,0.6903553299492385,4.728562507499993e-06
confirmation,440144,440244,pi,702,legacy5,degree,own,0.03,498003,False,36,False,116.26748332105768,35,1.0,35,0.6954314720812182,4.728562507499993e-06
confirmation,440144,440244,pi,702,legacy5,degree,coordinate,0.03,498001,False,36,False,116.26748332105768,35,1.0,35,0.6649746192893401,2.2559579555989763e-05
confirmation,440144,440244,pi,702,legacy5,degree,coordinate,0.03,498002,False,36,False,116.26748332105768,35,1.0,35,0.6294416243654822,2.2559579555989763e-05
confirmation,440144,440244,pi,702,legacy5,degree,coordinate,0.03,498003,False,36,False,116.26748332105768,35,1.0,35,0.6649746192893401,2.2559579555989763e-05
confirmation,440144,440244,pi,702,legacy5,degree,common,0.3,498001,False,11,False,33.219280948873624,35,0.2857142857142857,10,0.5888324873096447,7.381290668408314e-05
confirmation,440144,440244,pi,702,legacy5,degree,common,0.3,498002,False,7,False,19.931568569324174,35,0.17142857142857143,6,0.5532994923857868,7.381290668408314e-05
confirmation,440144,440244,pi,702,legacy5,degree,common,0.3,498003,False,5,False,13.287712379549449,35,0.11428571428571428,4,0.5888324873096447,7.381290668408314e-05
confirmation,440144,440244,pi,702,legacy5,degree,own,0.3,498001,False,1,False,0.0,35,0.0,0,0.4365482233502538,0.0004728562507499993
confirmation,440144,440244,pi,702,legacy5,degree,own,0.3,498002,False,5,False,13.287712379549449,35,0.11428571428571428,4,0.4467005076142132,0.0004728562507499993
confirmation,440144,440244,pi,702,legacy5,degree,own,0.3,498003,False,5,False,13.287712379549449,35,0.11428571428571428,4,0.43147208121827413,0.0004728562507499993
confirmation,440144,440244,pi,702,legacy5,degree,coordinate,0.3,498001,False,1,False,0.0,35,0.0,0,0.36548223350253806,0.002255957955598976
confirmation,440144,440244,pi,702,legacy5,degree,coordinate,0.3,498002,False,1,False,0.0,35,0.0,0,0.3350253807106599,0.002255957955598976
confirmation,440144,440244,pi,702,legacy5,degree,coordinate,0.3,498003,False,3,False,6.643856189774724,35,0.05714285714285714,2,0.34517766497461927,0.002255957955598976
confirmation,440144,440244,pi,702,legacy5,role,common,0.0003,498001,False,59,False,192.671829503467,58,1.0,58,0.9238578680203046,7.381290668408316e-11
confirmation,440144,440244,pi,702,legacy5,role,common,0.0003,498002,False,59,False,192.671829503467,58,1.0,58,0.9238578680203046,7.381290668408316e-11
confirmation,440144,440244,pi,702,legacy5,role,common,0.0003,498003,False,59,False,192.671829503467,58,1.0,58,0.9238578680203046,7.381290668408316e-11
confirmation,440144,440244,pi,702,legacy5,role,own,0.0003,498001,False,59,False,192.671829503467,58,1.0,58,0.9238578680203046,4.481446210468345e-11
confirmation,440144,440244,pi,702,legacy5,role,own,0.0003,498002,False,59,False,192.671829503467,58,1.0,58,0.9238578680203046,4.481446210468345e-11
confirmation,440144,440244,pi,702,legacy5,role,own,0.0003,498003,False,59,False,192.671829503467,58,1.0,58,0.9238578680203046,4.481446210468345e-11
confirmation,440144,440244,pi,702,legacy5,role,coordinate,0.0003,498001,False,59,False,192.671829503467,58,1.0,58,0.9238578680203046,1.168126038467177e-10
confirmation,440144,440244,pi,702,legacy5,role,coordinate,0.0003,498002,False,59,False,192.671829503467,58,1.0,58,0.9238578680203046,1.168126038467177e-10
confirmation,440144,440244,pi,702,legacy5,role,coordinate,0.0003,498003,False,59,False,192.671829503467,58,1.0,58,0.9238578680203046,1.168126038467177e-10
confirmation,440144,440244,pi,702,legacy5,role,common,0.03,498001,False,5,False,13.287712379549449,58,0.06896551724137931,4,0.8477157360406091,7.381290668408315e-07
confirmation,440144,440244,pi,702,legacy5,role,common,0.03,498002,False,1,False,0.0,58,0.0,0,0.8426395939086294,7.381290668408315e-07
confirmation,440144,440244,pi,702,legacy5,role,common,0.03,498003,False,8,False,23.253496664211536,58,0.1206896551724138,7,0.8375634517766497,7.381290668408315e-07
confirmation,440144,440244,pi,702,legacy5,role,own,0.03,498001,False,59,False,192.671829503467,58,1.0,58,0.8781725888324873,4.481446210468344e-07
confirmation,440144,440244,pi,702,legacy5,role,own,0.03,498002,False,8,False,23.253496664211536,58,0.1206896551724138,7,0.8527918781725888,4.481446210468344e-07
confirmation,440144,440244,pi,702,legacy5,role,own,0.03,498003,False,33,False,106.30169903639559,58,0.5517241379310345,32,0.8426395939086294,4.481446210468344e-07
confirmation,440144,440244,pi,702,legacy5,role,coordinate,0.03,498001,False,5,False,13.287712379549449,58,0.06896551724137931,4,0.8477157360406091,1.168126038467177e-06
confirmation,440144,440244,pi,702,legacy5,role,coordinate,0.03,498002,False,1,False,0.0,58,0.0,0,0.8223350253807107,1.168126038467177e-06
confirmation,440144,440244,pi,702,legacy5,role,coordinate,0.03,498003,False,5,False,13.287712379549449,58,0.06896551724137931,4,0.8121827411167513,1.168126038467177e-06
confirmation,440144,440244,pi,702,legacy5,role,common,0.3,498001,False,4,False,9.965784284662087,58,0.05172413793103448,3,0.4213197969543147,7.381290668408315e-05
confirmation,440144,440244,pi,702,legacy5,role,common,0.3,498002,False,1,False,0.0,58,0.0,0,0.3756345177664975,7.381290668408315e-05
confirmation,440144,440244,pi,702,legacy5,role,common,0.3,498003,False,1,False,0.0,58,0.0,0,0.41624365482233505,7.381290668408315e-05
confirmation,440144,440244,pi,702,legacy5,role,own,0.3,498001,False,5,False,13.287712379549449,58,0.06896551724137931,4,0.4720812182741117,4.481446210468344e-05
confirmation,440144,440244,pi,702,legacy5,role,own,0.3,498002,False,1,False,0.0,58,0.0,0,0.41624365482233505,4.481446210468344e-05
confirmation,440144,440244,pi,702,legacy5,role,own,0.3,498003,False,1,False,0.0,58,0.0,0,0.4619289340101523,4.481446210468344e-05
confirmation,440144,440244,pi,702,legacy5,role,coordinate,0.3,498001,False,4,False,9.965784284662087,58,0.05172413793103448,3,0.39593908629441626,0.0001168126038467177
confirmation,440144,440244,pi,702,legacy5,role,coordinate,0.3,498002,False,1,False,0.0,58,0.0,0,0.3197969543147208,0.0001168126038467177
confirmation,440144,440244,pi,702,legacy5,role,coordinate,0.3,498003,False,1,False,0.0,58,0.0,0,0.38071065989847713,0.0001168126038467177
confirmation,440144,440244,random,701,legacy5,intact,common,0.0003,498001,False,26,False,83.04820237218405,25,1.0,25,0.7868020304568528,7.652869061685718e-11
confirmation,440144,440244,random,701,legacy5,intact,common,0.0003,498002,False,26,False,83.04820237218405,25,1.0,25,0.7868020304568528,7.652869061685718e-11
confirmation,440144,440244,random,701,legacy5,intact,common,0.0003,498003,False,26,False,83.04820237218405,25,1.0,25,0.7868020304568528,7.652869061685718e-11
confirmation,440144,440244,random,701,legacy5,intact,own,0.0003,498001,True,26,False,83.04820237218405,25,1.0,25,0.7868020304568528,7.652869061685718e-11
confirmation,440144,440244,random,701,legacy5,intact,own,0.0003,498002,True,26,False,83.04820237218405,25,1.0,25,0.7868020304568528,7.652869061685718e-11
confirmation,440144,440244,random,701,legacy5,intact,own,0.0003,498003,True,26,False,83.04820237218405,25,1.0,25,0.7868020304568528,7.652869061685718e-11
confirmation,440144,440244,random,701,legacy5,intact,coordinate,0.0003,498001,False,26,False,83.04820237218405,25,1.0,25,0.7868020304568528,1.7781974014015062e-10
confirmation,440144,440244,random,701,legacy5,intact,coordinate,0.0003,498002,False,26,False,83.04820237218405,25,1.0,25,0.7868020304568528,1.7781974014015062e-10
confirmation,440144,440244,random,701,legacy5,intact,coordinate,0.0003,498003,False,26,False,83.04820237218405,25,1.0,25,0.7868020304568528,1.7781974014015062e-10
confirmation,440144,440244,random,701,legacy5,intact,common,0.03,498001,False,26,False,83.04820237218405,25,1.0,25,0.7461928934010152,7.652869061685721e-07
confirmation,440144,440244,random,701,legacy5,intact,common,0.03,498002,False,26,False,83.04820237218405,25,1.0,25,0.7360406091370558,7.652869061685721e-07
confirmation,440144,440244,random,701,legacy5,intact,common,0.03,498003,False,3,False,6.643856189774724,25,0.08,2,0.7461928934010152,7.652869061685721e-07
confirmation,440144,440244,random,701,legacy5,intact,own,0.03,498001,True,26,False,83.04820237218405,25,1.0,25,0.7461928934010152,7.652869061685721e-07
confirmation,440144,440244,random,701,legacy5,intact,own,0.03,498002,True,26,False,83.04820237218405,25,1.0,25,0.7360406091370558,7.652869061685721e-07
confirmation,440144,440244,random,701,legacy5,intact,own,0.03,498003,True,3,False,6.643856189774724,25,0.08,2,0.7461928934010152,7.652869061685721e-07
confirmation,440144,440244,random,701,legacy5,intact,coordinate,0.03,498001,False,26,False,83.04820237218405,25,1.0,25,0.7208121827411168,1.7781974014015063e-06
confirmation,440144,440244,random,701,legacy5,intact,coordinate,0.03,498002,False,25,False,79.7262742772967,25,0.96,24,0.7055837563451777,1.7781974014015063e-06
confirmation,440144,440244,random,701,legacy5,intact,coordinate,0.03,498003,False,3,False,6.643856189774724,25,0.08,2,0.7106598984771574,1.7781974014015063e-06
confirmation,440144,440244,random,701,legacy5,intact,common,0.3,498001,False,10,False,29.89735285398626,25,0.36,9,0.39086294416243655,7.652869061685718e-05
confirmation,440144,440244,random,701,legacy5,intact,common,0.3,498002,False,1,False,0.0,25,0.0,0,0.43147208121827413,7.652869061685718e-05
confirmation,440144,440244,random,701,legacy5,intact,common,0.3,498003,False,1,False,0.0,25,0.0,0,0.41624365482233505,7.652869061685718e-05
confirmation,440144,440244,random,701,legacy5,intact,own,0.3,498001,True,10,False,29.89735285398626,25,0.36,9,0.39086294416243655,7.652869061685718e-05
confirmation,440144,440244,random,701,legacy5,intact,own,0.3,498002,True,1,False,0.0,25,0.0,0,0.43147208121827413,7.652869061685718e-05
confirmation,440144,440244,random,701,legacy5,intact,own,0.3,498003,True,1,False,0.0,25,0.0,0,0.41624365482233505,7.652869061685718e-05
confirmation,440144,440244,random,701,legacy5,intact,coordinate,0.3,498001,False,9,False,26.575424759098897,25,0.32,8,0.3350253807106599,0.00017781974014015062
confirmation,440144,440244,random,701,legacy5,intact,coordinate,0.3,498002,False,1,False,0.0,25,0.0,0,0.36548223350253806,0.00017781974014015062
confirmation,440144,440244,random,701,legacy5,intact,coordinate,0.3,498003,False,1,False,0.0,25,0.0,0,0.38071065989847713,0.00017781974014015062
confirmation,440144,440244,random,701,legacy5,degree,common,0.0003,498001,False,33,False,106.30169903639559,32,1.0,32,0.7715736040609137,7.65286906168572e-11
confirmation,440144,440244,random,701,legacy5,degree,common,0.0003,498002,False,33,False,106.30169903639559,32,1.0,32,0.7715736040609137,7.65286906168572e-11
confirmation,440144,440244,random,701,legacy5,degree,common,0.0003,498003,False,33,False,106.30169903639559,32,1.0,32,0.7715736040609137,7.65286906168572e-11
confirmation,440144,440244,random,701,legacy5,degree,own,0.0003,498001,False,33,False,106.30169903639559,32,1.0,32,0.7715736040609137,4.555040526067329e-10
confirmation,440144,440244,random,701,legacy5,degree,own,0.0003,498002,False,33,False,106.30169903639559,32,1.0,32,0.7715736040609137,4.555040526067329e-10
confirmation,440144,440244,random,701,legacy5,degree,own,0.0003,498003,False,33,False,106.30169903639559,32,1.0,32,0.7715736040609137,4.555040526067329e-10
confirmation,440144,440244,random,701,legacy5,degree,coordinate,0.0003,498001,False,33,False,106.30169903639559,32,1.0,32,0.7715736040609137,2.534506086954809e-09
confirmation,440144,440244,random,701,legacy5,degree,coordinate,0.0003,498002,False,33,False,106.30169903639559,32,1.0,32,0.7715736040609137,2.534506086954809e-09
confirmation,440144,440244,random,701,legacy5,degree,coordinate,0.0003,498003,False,33,False,106.30169903639559,32,1.0,32,0.7715736040609137,2.534506086954809e-09
confirmation,440144,440244,random,701,legacy5,degree,common,0.03,498001,False,33,False,106.30169903639559,32,1.0,32,0.7715736040609137,7.652869061685723e-07
confirmation,440144,440244,random,701,legacy5,degree,common,0.03,498002,False,33,False,106.30169903639559,32,1.0,32,0.7766497461928934,7.652869061685723e-07
confirmation,440144,440244,random,701,legacy5,degree,common,0.03,498003,False,33,False,106.30169903639559,32,1.0,32,0.7817258883248731,7.652869061685723e-07
confirmation,440144,440244,random,701,legacy5,degree,own,0.03,498001,False,33,False,106.30169903639559,32,1.0,32,0.7411167512690355,4.55504052606733e-06
confirmation,440144,440244,random,701,legacy5,degree,own,0.03,498002,False,33,False,106.30169903639559,32,1.0,32,0.7461928934010152,4.55504052606733e-06
confirmation,440144,440244,random,701,legacy5,degree,own,0.03,498003,False,33,False,106.30169903639559,32,1.0,32,0.7715736040609137,4.55504052606733e-06
confirmation,440144,440244,random,701,legacy5,degree,coordinate,0.03,498001,False,4,False,9.965784284662087,32,0.09375,3,0.6395939086294417,2.5345060869548092e-05
confirmation,440144,440244,random,701,legacy5,degree,coordinate,0.03,498002,False,1,False,0.0,32,0.0,0,0.700507614213198,2.5345060869548092e-05
confirmation,440144,440244,random,701,legacy5,degree,coordinate,0.03,498003,False,33,False,106.30169903639559,32,1.0,32,0.6802030456852792,2.5345060869548092e-05
confirmation,440144,440244,random,701,legacy5,degree,common,0.3,498001,False,1,False,0.0,32,0.0,0,0.5888324873096447,7.652869061685721e-05
confirmation,440144,440244,random,701,legacy5,degree,common,0.3,498002,False,1,False,0.0,32,0.0,0,0.6446700507614214,7.652869061685721e-05
confirmation,440144,440244,random,701,legacy5,degree,common,0.3,498003,False,4,False,9.965784284662087,32,0.09375,3,0.6192893401015228,7.652869061685721e-05
confirmation,440144,440244,random,701,legacy5,degree,own,0.3,498001,False,1,False,0.0,32,0.0,0,0.4213197969543147,0.0004555040526067329
confirmation,440144,440244,random,701,legacy5,degree,own,0.3,498002,False,1,False,0.0,32,0.0,0,0.4720812182741117,0.0004555040526067329
confirmation,440144,440244,random,701,legacy5,degree,own,0.3,498003,False,4,False,9.965784284662087,32,0.09375,3,0.4467005076142132,0.0004555040526067329
confirmation,440144,440244,random,701,legacy5,degree,coordinate,0.3,498001,False,1,False,0.0,32,0.0,0,0.25888324873096447,0.0025345060869548094
confirmation,440144,440244,random,701,legacy5,degree,coordinate,0.3,498002,False,1,False,0.0,32,0.0,0,0.3401015228426396,0.0025345060869548094
confirmation,440144,440244,random,701,legacy5,degree,coordinate,0.3,498003,False,3,False,6.643856189774724,32,0.0625,2,0.28426395939086296,0.0025345060869548094
confirmation,440144,440244,random,701,legacy5,role,common,0.0003,498001,False,33,False,106.30169903639559,32,1.0,32,0.8121827411167513,7.652869061685721e-11
confirmation,440144,440244,random,701,legacy5,role,common,0.0003,498002,False,33,False,106.30169903639559,32,1.0,32,0.8121827411167513,7.652869061685721e-11
confirmation,440144,440244,random,701,legacy5,role,common,0.0003,498003,False,33,False,106.30169903639559,32,1.0,32,0.8121827411167513,7.652869061685721e-11
confirmation,440144,440244,random,701,legacy5,role,own,0.0003,498001,False,33,False,106.30169903639559,32,1.0,32,0.8121827411167513,5.5908859360445966e-11
confirmation,440144,440244,random,701,legacy5,role,own,0.0003,498002,False,33,False,106.30169903639559,32,1.0,32,0.8121827411167513,5.5908859360445966e-11
confirmation,440144,440244,random,701,legacy5,role,own,0.0003,498003,False,33,False,106.30169903639559,32,1.0,32,0.8121827411167513,5.5908859360445966e-11
confirmation,440144,440244,random,701,legacy5,role,coordinate,0.0003,498001,False,33,False,106.30169903639559,32,1.0,32,0.8121827411167513,1.2489157366016516e-10
confirmation,440144,440244,random,701,legacy5,role,coordinate,0.0003,498002,False,33,False,106.30169903639559,32,1.0,32,0.8121827411167513,1.2489157366016516e-10
confirmation,440144,440244,random,701,legacy5,role,coordinate,0.0003,498003,False,33,False,106.30169903639559,32,1.0,32,0.8121827411167513,1.2489157366016516e-10
confirmation,440144,440244,random,701,legacy5,role,common,0.03,498001,False,6,False,16.609640474436812,32,0.15625,5,0.7614213197969543,7.652869061685721e-07
confirmation,440144,440244,random,701,legacy5,role,common,0.03,498002,False,27,False,86.37013046707142,32,0.8125,26,0.7614213197969543,7.652869061685721e-07
confirmation,440144,440244,random,701,legacy5,role,common,0.03,498003,False,6,False,16.609640474436812,32,0.15625,5,0.7614213197969543,7.652869061685721e-07
confirmation,440144,440244,random,701,legacy5,role,own,0.03,498001,False,6,False,16.609640474436812,32,0.15625,5,0.7614213197969543,5.590885936044595e-07
confirmation,440144,440244,random,701,legacy5,role,own,0.03,498002,False,33,False,106.30169903639559,32,1.0,32,0.7766497461928934,5.590885936044595e-07
confirmation,440144,440244,random,701,legacy5,role,own,0.03,498003,False,6,False,16.609640474436812,32,0.15625,5,0.7766497461928934,5.590885936044595e-07
confirmation,440144,440244,random,701,legacy5,role,coordinate,0.03,498001,False,1,False,0.0,32,0.0,0,0.751269035532995,1.2489157366016517e-06
confirmation,440144,440244,random,701,legacy5,role,coordinate,0.03,498002,False,27,False,86.37013046707142,32,0.8125,26,0.7258883248730964,1.2489157366016517e-06
confirmation,440144,440244,random,701,legacy5,role,coordinate,0.03,498003,False,6,False,16.609640474436812,32,0.15625,5,0.751269035532995,1.2489157366016517e-06
confirmation,440144,440244,random,701,legacy5,role,common,0.3,498001,False,1,False,0.0,32,0.0,0,0.43147208121827413,7.652869061685721e-05
confirmation,440144,440244,random,701,legacy5,role,common,0.3,498002,False,4,False,9.965784284662087,32,0.09375,3,0.41116751269035534,7.652869061685721e-05
confirmation,440144,440244,random,701,legacy5,role,common,0.3,498003,False,6,False,16.609640474436812,32,0.15625,5,0.4619289340101523,7.652869061685721e-05
confirmation,440144,440244,random,701,legacy5,role,own,0.3,498001,False,1,False,0.0,32,0.0,0,0.4517766497461929,5.590885936044597e-05
confirmation,440144,440244,random,701,legacy5,role,own,0.3,498002,False,4,False,9.965784284662087,32,0.09375,3,0.4467005076142132,5.590885936044597e-05
confirmation,440144,440244,random,701,legacy5,role,own,0.3,498003,False,6,False,16.609640474436812,32,0.15625,5,0.4720812182741117,5.590885936044597e-05
confirmation,440144,440244,random,701,legacy5,role,coordinate,0.3,498001,False,1,False,0.0,32,0.0,0,0.39086294416243655,0.00012489157366016518
confirmation,440144,440244,random,701,legacy5,role,coordinate,0.3,498002,False,2,False,3.321928094887362,32,0.03125,1,0.38071065989847713,0.00012489157366016518
confirmation,440144,440244,random,701,legacy5,role,coordinate,0.3,498003,False,4,False,9.965784284662087,32,0.09375,3,0.38578680203045684,0.00012489157366016518
confirmation,440144,440244,random,702,legacy5,intact,common,0.0003,498001,False,33,False,106.30169903639559,32,1.0,32,0.868020304568528,8.372407225367677e-11
confirmation,440144,440244,random,702,legacy5,intact,common,0.0003,498002,False,33,False,106.30169903639559,32,1.0,32,0.868020304568528,8.372407225367677e-11
confirmation,440144,440244,random,702,legacy5,intact,common,0.0003,498003,False,33,False,106.30169903639559,32,1.0,32,0.868020304568528,8.372407225367677e-11
confirmation,440144,440244,random,702,legacy5,intact,own,0.0003,498001,True,33,False,106.30169903639559,32,1.0,32,0.868020304568528,8.372407225367677e-11
confirmation,440144,440244,random,702,legacy5,intact,own,0.0003,498002,True,33,False,106.30169903639559,32,1.0,32,0.868020304568528,8.372407225367677e-11
confirmation,440144,440244,random,702,legacy5,intact,own,0.0003,498003,True,33,False,106.30169903639559,32,1.0,32,0.868020304568528,8.372407225367677e-11
confirmation,440144,440244,random,702,legacy5,intact,coordinate,0.0003,498001,False,33,False,106.30169903639559,32,1.0,32,0.868020304568528,1.4722711099052073e-10
confirmation,440144,440244,random,702,legacy5,intact,coordinate,0.0003,498002,False,33,False,106.30169903639559,32,1.0,32,0.868020304568528,1.4722711099052073e-10
confirmation,440144,440244,random,702,legacy5,intact,coordinate,0.0003,498003,False,33,False,106.30169903639559,32,1.0,32,0.868020304568528,1.4722711099052073e-10
confirmation,440144,440244,random,702,legacy5,intact,common,0.03,498001,False,5,False,13.287712379549449,32,0.125,4,0.7918781725888325,8.372407225367679e-07
confirmation,440144,440244,random,702,legacy5,intact,common,0.03,498002,False,15,False,46.50699332842307,32,0.4375,14,0.7817258883248731,8.372407225367679e-07
confirmation,440144,440244,random,702,legacy5,intact,common,0.03,498003,False,6,False,16.609640474436812,32,0.15625,5,0.7817258883248731,8.372407225367679e-07
confirmation,440144,440244,random,702,legacy5,intact,own,0.03,498001,True,5,False,13.287712379549449,32,0.125,4,0.7918781725888325,8.372407225367679e-07
confirmation,440144,440244,random,702,legacy5,intact,own,0.03,498002,True,15,False,46.50699332842307,32,0.4375,14,0.7817258883248731,8.372407225367679e-07
confirmation,440144,440244,random,702,legacy5,intact,own,0.03,498003,True,6,False,16.609640474436812,32,0.15625,5,0.7817258883248731,8.372407225367679e-07
confirmation,440144,440244,random,702,legacy5,intact,coordinate,0.03,498001,False,5,False,13.287712379549449,32,0.125,4,0.7563451776649747,1.4722711099052072e-06
confirmation,440144,440244,random,702,legacy5,intact,coordinate,0.03,498002,False,15,False,46.50699332842307,32,0.4375,14,0.766497461928934,1.4722711099052072e-06
confirmation,440144,440244,random,702,legacy5,intact,coordinate,0.03,498003,False,6,False,16.609640474436812,32,0.15625,5,0.7411167512690355,1.4722711099052072e-06
confirmation,440144,440244,random,702,legacy5,intact,common,0.3,498001,False,1,False,0.0,32,0.0,0,0.3197969543147208,8.372407225367678e-05
confirmation,440144,440244,random,702,legacy5,intact,common,0.3,498002,False,1,False,0.0,32,0.0,0,0.39086294416243655,8.372407225367678e-05
confirmation,440144,440244,random,702,legacy5,intact,common,0.3,498003,False,2,False,3.321928094887362,32,0.03125,1,0.3756345177664975,8.372407225367678e-05
confirmation,440144,440244,random,702,legacy5,intact,own,0.3,498001,True,1,False,0.0,32,0.0,0,0.3197969543147208,8.372407225367678e-05
confirmation,440144,440244,random,702,legacy5,intact,own,0.3,498002,True,1,False,0.0,32,0.0,0,0.39086294416243655,8.372407225367678e-05
confirmation,440144,440244,random,702,legacy5,intact,own,0.3,498003,True,2,False,3.321928094887362,32,0.03125,1,0.3756345177664975,8.372407225367678e-05
confirmation,440144,440244,random,702,legacy5,intact,coordinate,0.3,498001,False,1,False,0.0,32,0.0,0,0.2893401015228426,0.00014722711099052072
confirmation,440144,440244,random,702,legacy5,intact,coordinate,0.3,498002,False,1,False,0.0,32,0.0,0,0.3350253807106599,0.00014722711099052072
confirmation,440144,440244,random,702,legacy5,intact,coordinate,0.3,498003,False,2,False,3.321928094887362,32,0.03125,1,0.3401015228426396,0.00014722711099052072
confirmation,440144,440244,random,702,legacy5,degree,common,0.0003,498001,False,33,False,106.30169903639559,32,1.0,32,0.7360406091370558,8.372407225367676e-11
confirmation,440144,440244,random,702,legacy5,degree,common,0.0003,498002,False,33,False,106.30169903639559,32,1.0,32,0.7360406091370558,8.372407225367676e-11
confirmation,440144,440244,random,702,legacy5,degree,common,0.0003,498003,False,33,False,106.30169903639559,32,1.0,32,0.7360406091370558,8.372407225367676e-11
confirmation,440144,440244,random,702,legacy5,degree,own,0.0003,498001,False,33,False,106.30169903639559,32,1.0,32,0.7360406091370558,3.9746523916017476e-10
confirmation,440144,440244,random,702,legacy5,degree,own,0.0003,498002,False,33,False,106.30169903639559,32,1.0,32,0.7360406091370558,3.9746523916017476e-10
confirmation,440144,440244,random,702,legacy5,degree,own,0.0003,498003,False,33,False,106.30169903639559,32,1.0,32,0.7360406091370558,3.9746523916017476e-10
confirmation,440144,440244,random,702,legacy5,degree,coordinate,0.0003,498001,False,33,False,106.30169903639559,32,1.0,32,0.7360406091370558,2.272806231222051e-09
confirmation,440144,440244,random,702,legacy5,degree,coordinate,0.0003,498002,False,33,False,106.30169903639559,32,1.0,32,0.7360406091370558,2.272806231222051e-09
confirmation,440144,440244,random,702,legacy5,degree,coordinate,0.0003,498003,False,33,False,106.30169903639559,32,1.0,32,0.7360406091370558,2.272806231222051e-09
confirmation,440144,440244,random,702,legacy5,degree,common,0.03,498001,False,33,False,106.30169903639559,32,1.0,32,0.7411167512690355,8.372407225367679e-07
confirmation,440144,440244,random,702,legacy5,degree,common,0.03,498002,False,33,False,106.30169903639559,32,1.0,32,0.7411167512690355,8.372407225367679e-07
confirmation,440144,440244,random,702,legacy5,degree,common,0.03,498003,False,33,False,106.30169903639559,32,1.0,32,0.7360406091370558,8.372407225367679e-07
confirmation,440144,440244,random,702,legacy5,degree,own,0.03,498001,False,33,False,106.30169903639559,32,1.0,32,0.7309644670050761,3.974652391601748e-06
confirmation,440144,440244,random,702,legacy5,degree,own,0.03,498002,False,33,False,106.30169903639559,32,1.0,32,0.7360406091370558,3.974652391601748e-06
confirmation,440144,440244,random,702,legacy5,degree,own,0.03,498003,False,33,False,106.30169903639559,32,1.0,32,0.7208121827411168,3.974652391601748e-06
confirmation,440144,440244,random,702,legacy5,degree,coordinate,0.03,498001,False,15,False,46.50699332842307,32,0.4375,14,0.6649746192893401,2.272806231222051e-05
confirmation,440144,440244,random,702,legacy5,degree,coordinate,0.03,498002,False,15,False,46.50699332842307,32,0.4375,14,0.6700507614213198,2.272806231222051e-05
confirmation,440144,440244,random,702,legacy5,degree,coordinate,0.03,498003,False,21,False,66.43856189774725,32,0.625,20,0.6751269035532995,2.272806231222051e-05
confirmation,440144,440244,random,702,legacy5,degree,common,0.3,498001,False,2,False,3.321928094887362,32,0.03125,1,0.5634517766497462,8.372407225367678e-05
confirmation,440144,440244,random,702,legacy5,degree,common,0.3,498002,False,5,False,13.287712379549449,32,0.125,4,0.6142131979695431,8.372407225367678e-05
confirmation,440144,440244,random,702,legacy5,degree,common,0.3,498003,False,15,False,46.50699332842307,32,0.4375,14,0.5888324873096447,8.372407225367678e-05
confirmation,440144,440244,random,702,legacy5,degree,own,0.3,498001,False,1,False,0.0,32,0.0,0,0.49238578680203043,0.0003974652391601748
confirmation,440144,440244,random,702,legacy5,degree,own,0.3,498002,False,1,False,0.0,32,0.0,0,0.4720812182741117,0.0003974652391601748
confirmation,440144,440244,random,702,legacy5,degree,own,0.3,498003,False,2,False,3.321928094887362,32,0.03125,1,0.47715736040609136,0.0003974652391601748
confirmation,440144,440244,random,702,legacy5,degree,coordinate,0.3,498001,False,1,False,0.0,32,0.0,0,0.37055837563451777,0.002272806231222051
confirmation,440144,440244,random,702,legacy5,degree,coordinate,0.3,498002,False,1,False,0.0,32,0.0,0,0.26903553299492383,0.002272806231222051
confirmation,440144,440244,random,702,legacy5,degree,coordinate,0.3,498003,False,1,False,0.0,32,0.0,0,0.3147208121827411,0.002272806231222051
confirmation,440144,440244,random,702,legacy5,role,common,0.0003,498001,False,48,False,156.13062045970602,47,1.0,47,0.8934010152284264,8.372407225367675e-11
confirmation,440144,440244,random,702,legacy5,role,common,0.0003,498002,False,48,False,156.13062045970602,47,1.0,47,0.8934010152284264,8.372407225367675e-11
confirmation,440144,440244,random,702,legacy5,role,common,0.0003,498003,False,48,False,156.13062045970602,47,1.0,47,0.8934010152284264,8.372407225367675e-11
confirmation,440144,440244,random,702,legacy5,role,own,0.0003,498001,False,48,False,156.13062045970602,47,1.0,47,0.8934010152284264,5.034347480063657e-11
confirmation,440144,440244,random,702,legacy5,role,own,0.0003,498002,False,48,False,156.13062045970602,47,1.0,47,0.8934010152284264,5.034347480063657e-11
confirmation,440144,440244,random,702,legacy5,role,own,0.0003,498003,False,48,False,156.13062045970602,47,1.0,47,0.8934010152284264,5.034347480063657e-11
confirmation,440144,440244,random,702,legacy5,role,coordinate,0.0003,498001,False,48,False,156.13062045970602,47,1.0,47,0.8934010152284264,1.1270363058915864e-10
confirmation,440144,440244,random,702,legacy5,role,coordinate,0.0003,498002,False,48,False,156.13062045970602,47,1.0,47,0.8934010152284264,1.1270363058915864e-10
confirmation,440144,440244,random,702,legacy5,role,coordinate,0.0003,498003,False,48,False,156.13062045970602,47,1.0,47,0.8934010152284264,1.1270363058915864e-10
confirmation,440144,440244,random,702,legacy5,role,common,0.03,498001,False,12,False,36.541209043760986,47,0.23404255319148937,11,0.7868020304568528,8.372407225367677e-07
confirmation,440144,440244,random,702,legacy5,role,common,0.03,498002,False,4,False,9.965784284662087,47,0.06382978723404255,3,0.8223350253807107,8.372407225367677e-07
confirmation,440144,440244,random,702,legacy5,role,common,0.03,498003,False,36,False,116.26748332105768,47,0.7446808510638298,35,0.817258883248731,8.372407225367677e-07
confirmation,440144,440244,random,702,legacy5,role,own,0.03,498001,False,12,False,36.541209043760986,47,0.23404255319148937,11,0.8223350253807107,5.034347480063656e-07
confirmation,440144,440244,random,702,legacy5,role,own,0.03,498002,False,40,False,129.55519570060713,47,0.8297872340425532,39,0.8426395939086294,5.034347480063656e-07
confirmation,440144,440244,random,702,legacy5,role,own,0.03,498003,False,48,False,156.13062045970602,47,1.0,47,0.8324873096446701,5.034347480063656e-07
confirmation,440144,440244,random,702,legacy5,role,coordinate,0.03,498001,False,12,False,36.541209043760986,47,0.23404255319148937,11,0.7766497461928934,1.1270363058915863e-06
confirmation,440144,440244,random,702,legacy5,role,coordinate,0.03,498002,False,4,False,9.965784284662087,47,0.06382978723404255,3,0.7969543147208121,1.1270363058915863e-06
confirmation,440144,440244,random,702,legacy5,role,coordinate,0.03,498003,False,1,False,0.0,47,0.0,0,0.7817258883248731,1.1270363058915863e-06
confirmation,440144,440244,random,702,legacy5,role,common,0.3,498001,False,4,False,9.965784284662087,47,0.06382978723404255,3,0.39593908629441626,8.372407225367676e-05
confirmation,440144,440244,random,702,legacy5,role,common,0.3,498002,False,1,False,0.0,47,0.0,0,0.36548223350253806,8.372407225367676e-05
confirmation,440144,440244,random,702,legacy5,role,common,0.3,498003,False,1,False,0.0,47,0.0,0,0.34517766497461927,8.372407225367676e-05
confirmation,440144,440244,random,702,legacy5,role,own,0.3,498001,False,4,False,9.965784284662087,47,0.06382978723404255,3,0.467005076142132,5.034347480063656e-05
confirmation,440144,440244,random,702,legacy5,role,own,0.3,498002,False,1,False,0.0,47,0.0,0,0.41624365482233505,5.034347480063656e-05
confirmation,440144,440244,random,702,legacy5,role,own,0.3,498003,False,1,False,0.0,47,0.0,0,0.38578680203045684,5.034347480063656e-05
confirmation,440144,440244,random,702,legacy5,role,coordinate,0.3,498001,False,4,False,9.965784284662087,47,0.06382978723404255,3,0.3604060913705584,0.00011270363058915866
confirmation,440144,440244,random,702,legacy5,role,coordinate,0.3,498002,False,1,False,0.0,47,0.0,0,0.3096446700507614,0.00011270363058915866
confirmation,440144,440244,random,702,legacy5,role,coordinate,0.3,498003,False,1,False,0.0,47,0.0,0,0.30456852791878175,0.00011270363058915866
